seq,time_us,ax,ay,az,gx,gy,gz,mx,my,mz,drop_flag
0,0,0.048470016568899155,0.06247691437602043,-1.0108152627944946,-0.14881426095962524,-0.2704303562641144,0.09076892584562302,31.240646362304688,-9.667862892150879,40.4671516418457,0
1,10070,0.03970886394381523,-0.04225146770477295,-1.00968337059021,-0.3225497305393219,0.1113678365945816,-0.6704160571098328,30.010528564453125,-10.08318042755127,40.375247955322266,0
2,19778,-0.0010113418102264404,-0.003584203775972128,-1.008615493774414,0.07540924847126007,-0.14948327839374542,0.6436640024185181,29.31275749206543,-10.237804412841797,40.85844039916992,0
3,30081,-0.0842498242855072,0.0008862921386025846,-1.0257595777511597,0.35385793447494507,1.5523689985275269,0.12314315885305405,29.987619400024414,-10.735651969909668,40.097660064697266,0
4,40129,-0.0032148808240890503,-0.007464369758963585,-1.0191811323165894,-0.2792435586452484,0.3325665295124054,-0.31295570731163025,29.610546112060547,-9.642922401428223,41.55067825317383,0
5,50040,0.05775560066103935,0.0612696148455143,-0.9717418551445007,-0.4157401919364929,-0.5470442771911621,0.4521697759628296,30.07151222229004,-11.665623664855957,40.8663330078125,0
6,60024,-0.039340853691101074,-0.02736455760896206,-1.0018951892852783,-0.24900925159454346,-0.4076356589794159,-0.46305379271507263,29.114118576049805,-8.853263854980469,39.85781478881836,0
7,70196,-0.005424319300800562,0.07004882395267487,-1.0143392086029053,-0.9008085131645203,0.09439210593700409,0.3693510591983795,30.862796783447266,-8.419865608215332,39.361610412597656,0
8,79923,-0.01461599487811327,-0.035822056233882904,-0.9819431900978088,1.2209057807922363,-0.6086772680282593,0.3330632746219635,29.761035919189453,-7.9701619148254395,41.14449691772461,0
9,89833,0.019177507609128952,-0.06358922272920609,-0.9874176383018494,0.34262382984161377,-0.9552896022796631,-0.36372482776641846,30.011524200439453,-7.506730556488037,40.81959915161133,0
10,100068,-0.00020816476899199188,-0.07959583401679993,-0.9742593765258789,0.43494856357574463,0.4785413146018982,-0.24496708810329437,31.630823135375977,-12.743834495544434,38.433204650878906,0
11,110270,0.015794387087225914,0.054171402007341385,-0.9906595349311829,-0.671083927154541,0.013853614218533039,-0.27570992708206177,29.748641967773438,-9.223684310913086,40.36942672729492,0
12,120228,0.005224097054451704,-0.046960365027189255,-0.9617114067077637,0.03675555810332298,0.2321881800889969,0.7456713318824768,30.511524200439453,-11.262474060058594,41.563262939453125,0
13,130369,0.001126189366914332,0.04686511307954788,-1.0038596391677856,-1.177932620048523,-0.19910839200019836,0.605091392993927,30.90428352355957,-9.08678150177002,41.32170867919922,0
14,140127,-0.004942817613482475,-0.04948461428284645,-0.9886079430580139,0.12294066697359085,0.10372035205364227,0.6521400213241577,28.459190368652344,-9.968220710754395,41.82124710083008,0
15,149938,0.00020445830887183547,0.027860114350914955,-0.9856715202331543,0.6549798250198364,0.11013816297054291,0.16169050335884094,30.792449951171875,-11.074995040893555,38.92460632324219,0
16,160109,0.022736553102731705,-0.07631056010723114,-0.9703588485717773,-0.0510876290500164,-0.271729052066803,0.025949623435735703,28.904340744018555,-8.968114852905273,38.776859283447266,0
17,170138,-0.029028169810771942,-0.015372244641184807,-0.974588930606842,-0.004597874358296394,-0.11731278151273727,0.36302411556243896,32.05769729614258,-9.96893310546875,37.742454528808594,0
18,180170,-0.041564784944057465,-0.02024669386446476,-1.0064198970794678,0.2610577642917633,0.29689821600914,-0.7617427706718445,29.083776473999023,-10.624168395996094,41.492271423339844,0
19,190141,0.04341160133481026,-0.00460819574072957,-1.0202653408050537,0.12014903128147125,0.025223903357982635,0.5343847274780273,30.723276138305664,-10.865157127380371,38.87629318237305,0
20,200001,-0.014010580256581306,-0.05360031500458717,-0.9963033199310303,0.7689141631126404,-0.01936277002096176,-0.009505914524197578,30.460500717163086,-8.877365112304688,39.29691696166992,0
21,210016,0.10681124031543732,0.01565106399357319,-1.032981514930725,-0.06780882924795151,-0.2116030901670456,0.7177141308784485,30.402578353881836,-11.390780448913574,39.20370101928711,0
22,220260,0.011481714434921741,-0.01008401159197092,-0.976940929889679,0.11799639463424683,-0.15894225239753723,-0.008538087829947472,30.407405853271484,-10.81994342803955,39.528038024902344,0
23,229765,-0.05713590607047081,-0.034290652722120285,-0.9897926449775696,0.02419976331293583,0.10499194264411926,-0.5537451505661011,31.492374420166016,-8.258729934692383,40.013916015625,0
24,239876,-0.045805174857378006,-0.0007209341274574399,-1.0158257484436035,-0.3018357455730438,-0.5815633535385132,-0.555411696434021,30.067262649536133,-11.232626914978027,39.423828125,0
25,249835,-0.018397467210888863,0.05394734814763069,-1.0331727266311646,-0.6678445339202881,0.37242498993873596,0.4666925370693207,28.16193962097168,-8.840967178344727,38.24295425415039,0
26,259869,-0.0236403439193964,-0.03767440840601921,-0.9909517168998718,0.06149829179048538,-0.10417160391807556,1.0764633417129517,29.203662872314453,-11.55040168762207,40.39458465576172,0
27,269941,-0.018596043810248375,0.0471404530107975,-1.022495150566101,-1.0784709453582764,-0.2325352430343628,0.00495666079223156,29.685991287231445,-11.20694637298584,40.34842300415039,0
28,279919,0.054103005677461624,-0.09067440778017044,-0.9761667251586914,0.5662863254547119,0.049892012029886246,-0.0062125991098582745,29.31312370300293,-9.533950805664062,38.8735237121582,0
29,290125,-0.015081309713423252,0.04886845499277115,-0.9799382090568542,-0.34753644466400146,-0.6177934408187866,-0.4905758500099182,30.91542625427246,-10.184035301208496,40.68246841430664,0
30,300039,-0.04373858869075775,-0.0014771282440051436,-1.0091849565505981,0.49393635988235474,0.3943282663822174,-0.6243144869804382,30.087736129760742,-9.816825866699219,39.61054611206055,0
31,309824,0.0955425500869751,0.09864312410354614,-0.9837271571159363,-0.24284978210926056,0.8472347259521484,0.6748715043067932,29.719213485717773,-9.76427173614502,40.21379470825195,0
32,320102,-0.01114443689584732,0.0033211514819413424,-0.9768786430358887,0.5776556730270386,-0.948919951915741,-0.3393309414386749,28.859092712402344,-11.978041648864746,41.047420501708984,0
33,329968,-0.05030332878232002,-0.06474555283784866,-1.007506251335144,-1.4277641773223877,-0.1950765699148178,-0.23089852929115295,32.71402359008789,-9.353796005249023,40.85043716430664,0
34,339915,-0.07494483143091202,-0.1584577113389969,-0.9829599857330322,-0.17252835631370544,-0.3222225606441498,0.7765116095542908,31.038606643676758,-10.344182968139648,40.72519302368164,0
35,349997,0.04855048283934593,-0.025393513962626457,-1.0018866062164307,0.19988270103931427,-0.20329123735427856,-0.581285297870636,29.1000919342041,-9.03520393371582,39.172149658203125,0
36,360043,0.10419675707817078,-0.02095872350037098,-0.9930166602134705,0.4750487804412842,0.21983636915683746,-0.15584643185138702,30.237770080566406,-9.13861083984375,39.61612319946289,0
37,369906,0.018746327608823776,-0.024335365742444992,-1.0154657363891602,0.22357313334941864,0.4571751356124878,0.7072617411613464,29.65937042236328,-9.724534034729004,37.970149993896484,0
38,380061,0.07180524617433548,0.0402643159031868,-1.0398880243301392,0.48185795545578003,-0.5068091750144958,-0.2614443004131317,32.003501892089844,-9.323631286621094,40.85581970214844,0
39,390239,0.009923324920237064,0.0657646656036377,-0.9857063889503479,0.4151964485645294,0.4617815613746643,-0.6069821119308472,28.48130226135254,-9.079499244689941,39.82981872558594,0
40,400143,-0.051660843193531036,0.025257844477891922,-0.9737439751625061,0.03152841702103615,-0.32797056436538696,-0.6252715587615967,30.802114486694336,-9.222569465637207,40.619625091552734,0
41,410271,-0.1212124228477478,-0.02665744535624981,-0.9850327968597412,1.0008044242858887,-0.15992452204227448,-0.3493962585926056,31.43962287902832,-9.184625625610352,40.38279342651367,0
42,419736,0.06945596635341644,-0.07415977120399475,-1.0137673616409302,0.527065634727478,0.5020871758460999,-0.09217975288629532,30.376285552978516,-9.030515670776367,40.86766052246094,0
43,430110,0.07471916079521179,-0.04552138224244118,-0.9767083525657654,-1.1443023681640625,-0.1906949132680893,-0.2946261167526245,31.337907791137695,-10.136088371276855,41.87845230102539,0
44,439846,0.0469827763736248,-0.008614081889390945,-1.0291427373886108,0.09905239194631577,-0.24508753418922424,0.08262505382299423,30.243335723876953,-9.715300559997559,40.912994384765625,0
45,449780,-0.01551376935094595,-0.0659814178943634,-0.9656670689582825,0.39356571435928345,-0.03713839128613472,-0.30569350719451904,31.148462295532227,-8.821120262145996,41.11350631713867,0
46,459880,0.00386910536326468,-0.1195378303527832,-1.0175845623016357,0.5354520082473755,-0.5832526087760925,0.56862473487854,32.19194412231445,-9.160355567932129,39.67839050292969,0
47,469849,-0.026578305289149284,-0.02704976312816143,-1.0177068710327148,0.5063652992248535,0.42087098956108093,0.9890009760856628,30.142536163330078,-9.217997550964355,42.58128356933594,0
48,479965,0.02011791057884693,0.01929490640759468,-0.9978976249694824,0.45202821493148804,-0.380833238363266,-0.4251306354999542,29.38233184814453,-9.187760353088379,40.34294128417969,0
49,489891,-0.029180260375142097,-0.02320050448179245,-0.9996212124824524,-0.1661774069070816,-0.02231074683368206,0.9389181733131409,30.104839324951172,-9.620562553405762,38.325233459472656,0
50,499660,-0.0007206934969872236,-0.06911628693342209,-0.9937617778778076,-0.09100327640771866,-0.06503740698099136,-0.46923691034317017,31.06502342224121,-11.947665214538574,41.56431198120117,0
51,510110,0.05866675078868866,0.05994270741939545,-1.0223578214645386,-0.15932387113571167,-0.20148253440856934,0.15412572026252747,29.403959274291992,-10.31709098815918,40.1876220703125,0
52,520091,-0.03492210432887077,-0.08171463757753372,-1.0234981775283813,-0.5758410692214966,0.556898295879364,-0.641010582447052,29.23509979248047,-10.147344589233398,39.78395080566406,0
53,529986,0.032364167273044586,-0.1918061077594757,-0.9916279911994934,-0.37963369488716125,0.881904661655426,-0.7557355761528015,30.085683822631836,-10.067574501037598,39.249305725097656,0
54,540035,0.05521216243505478,-0.033123914152383804,-1.0286437273025513,0.1536489874124527,-0.10705944895744324,-0.7691500782966614,29.884506225585938,-10.769624710083008,40.11211395263672,0
55,550242,-0.030641473829746246,-0.03269430249929428,-0.990977942943573,0.11217240989208221,-0.4747433066368103,0.3270784914493561,30.6619930267334,-10.76988410949707,40.155853271484375,0
56,560105,0.05334709584712982,0.0460716150701046,-1.0364165306091309,0.9897885918617249,0.9575616121292114,-0.35590311884880066,30.986059188842773,-9.688531875610352,41.6767578125,0
57,570165,0.017564069479703903,-0.013880805112421513,-0.9904800653457642,-0.4772537052631378,0.3175985515117645,-0.1576184183359146,29.60418701171875,-10.898496627807617,40.7629280090332,0
58,580110,0.044548675417900085,0.014732594601809978,-0.9620277881622314,0.6363168954849243,0.09558222442865372,-0.32238462567329407,30.327369689941406,-10.858656883239746,40.52848434448242,0
59,590001,-0.04827485233545303,0.04392180219292641,-1.031687617301941,0.6291263699531555,-0.10405828803777695,-0.536117434501648,31.367631912231445,-9.959567070007324,40.5948486328125,0
60,599524,-0.09195774048566818,0.027149954810738564,-0.9970980286598206,-0.7407247424125671,0.04375166818499565,1.1632333993911743,28.548295974731445,-8.344198226928711,38.48675537109375,0
61,610153,-0.043312087655067444,-0.041919123381376266,-1.0031341314315796,0.03582019358873367,-0.5090577602386475,-0.6167835593223572,30.488697052001953,-9.276955604553223,39.62467575073242,0
62,620056,0.04349047690629959,0.045295193791389465,-1.0212717056274414,0.34800785779953003,-0.5675613284111023,0.194780632853508,30.407102584838867,-10.634261131286621,41.3946418762207,0
63,629924,-0.005389467813074589,0.021181287243962288,-0.9895832538604736,-0.3079616129398346,0.34039267897605896,0.062003057450056076,29.753820419311523,-10.772546768188477,40.359344482421875,0
64,640120,0.005309777799993753,-0.0075766099616885185,-1.0323278903961182,0.9177960157394409,0.8126011490821838,-0.28127849102020264,30.483192443847656,-11.105276107788086,40.480323791503906,0
65,649870,-0.09044799208641052,0.020428188145160675,-1.0178229808807373,0.40156877040863037,-0.344179630279541,0.07557635009288788,32.72041702270508,-11.106287956237793,39.714080810546875,0
66,659705,0.059305477887392044,-0.04755527153611183,-1.0264922380447388,-0.08896122872829437,0.3003288209438324,0.23391969501972198,32.407379150390625,-11.008245468139648,40.9844970703125,0
67,670135,0.02122349850833416,-0.013179883360862732,-1.0215187072753906,0.41150805354118347,0.03215213119983673,0.7798646688461304,30.33980941772461,-10.579182624816895,39.412418365478516,0
68,680293,0.041845738887786865,0.023280367255210876,-1.0192341804504395,0.07580907642841339,-0.552769660949707,0.5014978647232056,29.40692138671875,-8.004096031188965,38.126258850097656,0
69,689966,0.01844264753162861,0.02317521721124649,-0.9746984243392944,-1.4270718097686768,0.5681527256965637,-0.5861496925354004,29.422588348388672,-10.023324966430664,40.30172348022461,0
70,699853,0.026241157203912735,0.05970033258199692,-0.9806813597679138,-0.9882692694664001,0.26665908098220825,-0.23903200030326843,29.632293701171875,-10.6675386428833,39.3953971862793,0
71,710095,0.06060757488012314,-0.09023583680391312,-1.0008047819137573,-0.13014937937259674,0.13665689527988434,0.9012603759765625,29.560720443725586,-8.151789665222168,39.59112548828125,0
72,719942,-0.09362353384494781,0.11239197850227356,-1.0031139850616455,0.8047338724136353,0.06646887212991714,0.3558286130428314,30.17905616760254,-9.555299758911133,39.65011215209961,0
73,730005,0.056268204003572464,-0.050433941185474396,-1.0002636909484863,0.11998672783374786,0.29273322224617004,0.17959603667259216,30.683774948120117,-10.730073928833008,38.91694641113281,0
74,740162,-0.019637415185570717,-0.0716196820139885,-1.0253653526306152,0.1500120609998703,0.38686898350715637,0.984167754650116,28.165895462036133,-11.361473083496094,40.358070373535156,0
75,749913,0.03732734173536301,-0.0014902971452102065,-1.0146489143371582,0.04212893918156624,0.5779183506965637,0.233348086476326,30.54853057861328,-9.847746849060059,38.36325454711914,0
76,760239,-0.007056595291942358,0.019458679482340813,-0.9997121691703796,-1.0128921270370483,-0.31315550208091736,0.4111975431442261,30.785476684570312,-10.29884147644043,39.233543395996094,0
77,770111,-0.015174380503594875,-0.02285471372306347,-0.9729673862457275,-0.011447842232882977,-0.23549433052539825,0.0499611496925354,30.05060577392578,-9.671220779418945,40.680931091308594,0
78,780075,0.04345880076289177,-0.035250063985586166,-0.9985163807868958,0.588118851184845,-0.6002926230430603,0.15461967885494232,27.887483596801758,-10.541206359863281,39.50076675415039,0
79,789927,-0.007290954701602459,0.10293460637331009,-0.9940555095672607,0.49861013889312744,-0.0832831934094429,1.252382755279541,28.761432647705078,-11.019773483276367,41.46446228027344,0
80,799841,-0.004365469794720411,0.04102662578225136,-0.9781736731529236,0.01893119141459465,0.21962758898735046,0.5145580172538757,29.60956382751465,-11.118110656738281,40.72196578979492,0
81,810251,0.07284436374902725,0.037641506642103195,-1.027858018875122,0.48024415969848633,-0.19447794556617737,-0.21994410455226898,30.422170639038086,-8.062517166137695,38.42496109008789,0
82,819857,0.005736022721976042,0.035060591995716095,-1.0118048191070557,0.4016546308994293,0.879421055316925,0.03362199291586876,28.963558197021484,-8.981663703918457,40.1375846862793,0
83,830203,0.06408587843179703,0.05722229555249214,-0.99632328748703,-0.10803364962339401,0.6964473724365234,0.011466759257018566,30.284658432006836,-10.1542387008667,40.45924377441406,0
84,839999,-0.015418344177305698,0.018453586846590042,-0.9941957592964172,-0.34027501940727234,0.4912012815475464,0.5315450429916382,31.473745346069336,-8.523776054382324,39.52366638183594,0
85,849923,0.0737968236207962,0.04280750826001167,-0.9755228757858276,0.9665588736534119,-0.16694429516792297,-0.05578989535570145,31.541852951049805,-8.11365032196045,41.21588134765625,0
86,859847,-0.04914725571870804,0.06128142774105072,-1.0000693798065186,0.22055618464946747,0.3024561405181885,0.23677851259708405,29.130882263183594,-11.004545211791992,38.697601318359375,0
87,870315,-0.08483662456274033,0.032970134168863297,-1.004282832145691,-0.5478582382202148,-0.3900734782218933,0.5540558099746704,31.32892608642578,-10.697704315185547,40.0451774597168,0
88,879690,0.03502937778830528,-0.033767782151699066,-0.9868959188461304,-0.337354451417923,0.4368710219860077,0.12053343653678894,29.993038177490234,-9.872576713562012,38.86497116088867,0
89,889924,-0.06155293807387352,-0.04572218656539917,-0.9922422766685486,-0.5584018230438232,-0.34762126207351685,-0.22791814804077148,30.721187591552734,-9.189255714416504,37.83940124511719,0
90,900013,-0.06303426623344421,-0.0190596804022789,-0.98385089635849,0.46440282464027405,-0.12735199928283691,-0.7463915348052979,29.624723434448242,-10.731839179992676,39.7301025390625,0
91,910149,0.014005366712808609,-0.007837848737835884,-1.0018723011016846,0.6104837656021118,-0.3356286287307739,0.06512611359357834,29.24064064025879,-9.134028434753418,38.31583786010742,0
92,919902,-0.05870228260755539,-0.02885803021490574,-1.028055191040039,0.7399052977561951,-0.40429165959358215,-0.9966837167739868,28.662874221801758,-10.152240753173828,39.75297927856445,0
93,930020,-0.03816259652376175,-0.08694100379943848,-0.9753995537757874,-0.710783839225769,0.4883698523044586,0.25728797912597656,31.01311683654785,-9.854899406433105,40.03449630737305,0
94,939829,0.011453719809651375,-0.03884114697575569,-0.9642245769500732,-0.5519682168960571,0.7365584969520569,-0.22207550704479218,29.90049171447754,-10.709490776062012,39.89879608154297,0
95,949910,-0.0475112684071064,-0.00039686544914729893,-0.9829243421554565,0.0704323872923851,0.16380883753299713,-0.5395680069923401,27.770523071289062,-9.897989273071289,40.21562957763672,0
96,959881,-0.09961774945259094,0.04716555401682854,-0.9739605188369751,-0.7442636489868164,0.6505182981491089,0.09693993628025055,30.912574768066406,-10.300745010375977,40.985897064208984,0
97,969963,0.008498786948621273,-0.017187492921948433,-0.987891435623169,-0.13483862578868866,0.08540921658277512,-0.10392804443836212,30.608278274536133,-10.621795654296875,41.49123764038086,0
98,980062,0.011092882603406906,0.08378079533576965,-1.0143706798553467,0.04457516223192215,-0.9724937081336975,-0.23869550228118896,28.695619583129883,-9.052282333374023,39.47737121582031,0
99,990083,0.021944986656308174,-0.05300555378198624,-1.0351591110229492,-0.7082495093345642,-0.2756001055240631,-0.045750945806503296,28.604978561401367,-10.56938362121582,39.40320587158203,0
100,1000061,0.009000657126307487,-0.009900054894387722,-0.9811864495277405,0.35612404346466064,1.1156978607177734,-0.16892941296100616,31.272764205932617,-10.945208549499512,38.82645797729492,0
101,1010076,0.03525461629033089,-0.02041960321366787,-1.0018689632415771,0.07302425056695938,-0.2900494933128357,0.3696863353252411,30.99840545654297,-10.701545715332031,38.945247650146484,0
102,1019880,-0.05087161436676979,-0.09203851222991943,-1.0251260995864868,0.20265606045722961,0.20615361630916595,-0.006620332133024931,31.358692169189453,-9.876309394836426,38.69876480102539,0
103,1030091,-0.00431102653965354,-0.0659392699599266,-0.9955517649650574,-0.02086031436920166,0.35889342427253723,1.1794449090957642,29.74482536315918,-11.424899101257324,38.799861907958984,0
104,1039930,0.08142588287591934,-0.04224014654755592,-0.9718492031097412,-0.8182882070541382,-0.4711509943008423,0.18114954233169556,28.317893981933594,-11.080140113830566,41.958560943603516,0
105,1050179,-0.11836133897304535,0.09424304962158203,-0.9972724914550781,-0.6077231168746948,-0.11968794465065002,0.8536880016326904,30.750728607177734,-10.40158462524414,39.21576690673828,0
106,1060234,-0.009352833032608032,-0.009396575391292572,-0.9929595589637756,-0.20857343077659607,-0.40371760725975037,-0.2194359451532364,29.305461883544922,-10.873163223266602,40.4785041809082,0
107,1070073,0.002371196635067463,0.004552967380732298,-0.9985983371734619,-0.18654386699199677,0.18038976192474365,0.20572622120380402,30.078901290893555,-9.649886131286621,39.45869827270508,0
108,1079901,-0.0825534537434578,-0.013118083588778973,-0.9972484111785889,-1.1400243043899536,0.30071502923965454,-0.41458094120025635,30.425954818725586,-9.913592338562012,40.4833869934082,0
109,1089899,-0.09474359452724457,0.009033863432705402,-0.9873260855674744,0.39936646819114685,-0.9030559062957764,0.46328556537628174,30.20699119567871,-9.308870315551758,39.82667922973633,0
110,1100284,0.017630573362112045,0.019450850784778595,-0.999679684638977,0.4911273717880249,0.4799974858760834,-0.14024004340171814,30.22414779663086,-11.4740629196167,41.26137161254883,0
111,1110060,0.061820339411497116,-0.012891150079667568,-0.9796769618988037,0.32533738017082214,0.4294290542602539,-0.5323129296302795,29.501523971557617,-10.146190643310547,39.358211517333984,0
112,1119843,-0.004968374036252499,-0.023864228278398514,-0.9875593185424805,-0.009589293040335178,-0.6767467260360718,0.22792060673236847,29.102495193481445,-10.287753105163574,41.1569709777832,0
113,1129788,-0.020814379677176476,0.04822075366973877,-0.9942829012870789,-0.33553725481033325,0.18591444194316864,-0.5710365176200867,31.673297882080078,-9.16892147064209,40.09748840332031,0
114,1140211,0.04256941378116608,0.0169492457062006,-1.0176993608474731,-0.9640350937843323,0.1780208796262741,0.31976082921028137,32.55386734008789,-10.583283424377441,41.22887420654297,0
115,1150003,-0.012837272137403488,-0.07909378409385681,-0.9936597943305969,-0.062157824635505676,0.29593324661254883,-0.39011675119400024,30.494915008544922,-10.0393648147583,40.2537841796875,0
116,1160125,0.03451190143823624,-0.055275555700063705,-0.9776199460029602,-0.37183916568756104,0.9003157615661621,-0.294802188873291,30.57805633544922,-10.952347755432129,39.22184371948242,0
117,1169788,-0.05105465650558472,-0.02896437793970108,-1.006507396697998,0.12225175648927689,-0.11057586967945099,-0.47206389904022217,28.964277267456055,-8.918540000915527,40.5347900390625,0
118,1180008,0.04766776040196419,0.0656333863735199,-1.028921127319336,1.5894516706466675,-0.2733065187931061,0.001438296283595264,30.59061050415039,-8.438356399536133,39.85048294067383,0
119,1189900,-0.004994126036763191,-0.00631962763145566,-1.0086332559585571,0.6289282441139221,0.49199700355529785,0.9129523634910583,30.226682662963867,-9.789510726928711,39.58760070800781,0
120,1200247,-0.005232562776654959,0.10647742450237274,-0.9855095148086548,0.23353350162506104,-0.5307522416114807,0.5804082751274109,30.832523345947266,-10.53187084197998,39.38204574584961,0
121,1210027,-0.012804933823645115,-0.060778431594371796,-0.9986404776573181,0.5305892825126648,0.07194233685731888,0.3408673405647278,31.375877380371094,-9.292097091674805,40.37830352783203,0
122,1219845,-0.04719441384077072,0.032846253365278244,-1.0127586126327515,-0.3741426467895508,0.5080434083938599,0.3483932316303253,31.00224494934082,-9.58311939239502,39.57260513305664,0
123,1229906,-0.13591070473194122,-0.01645878329873085,-1.002606987953186,0.18562471866607666,0.15506388247013092,-0.3796168565750122,32.16828918457031,-8.930031776428223,40.0399284362793,0
124,1240154,-0.0958266481757164,0.008538889698684216,-1.0104790925979614,0.34834736585617065,-0.6870980858802795,0.2351812720298767,30.243017196655273,-11.58487606048584,40.307281494140625,0
125,1250027,-0.002024735091254115,0.07933113723993301,-1.018593668937683,-0.24322235584259033,-0.688687801361084,0.3941642940044403,29.071197509765625,-10.376419067382812,40.49488830566406,0
126,1259856,-0.06411384791135788,0.012382233515381813,-1.0330272912979126,1.7492003440856934,0.15110011398792267,0.8701722621917725,30.17219352722168,-10.370516777038574,39.822784423828125,0
127,1270005,0.04466908052563667,-0.00333743030205369,-0.9867350459098816,-0.6248420476913452,0.33351632952690125,-0.03190700709819794,30.07975196838379,-10.66757869720459,39.341426849365234,0
128,1280294,0.01030197273939848,0.011843170039355755,-1.0145007371902466,0.3568692207336426,-0.6016259789466858,-0.008740286342799664,29.49629020690918,-8.979466438293457,40.22950744628906,0
129,1290107,0.06148994714021683,0.03495948389172554,-0.9789511561393738,0.21467599272727966,-0.36074578762054443,0.060464076697826385,32.24022674560547,-10.5875825881958,41.55512619018555,0
130,1300068,0.006280174478888512,0.10896172374486923,-0.9888055920600891,0.4656336009502411,-0.5363785624504089,-0.40503382682800293,32.00484085083008,-9.529081344604492,40.19104766845703,0
131,1310043,0.08318562805652618,0.020065803080797195,-0.9625406265258789,-0.06704165041446686,-0.12880460917949677,0.11907189339399338,29.278961181640625,-8.77064037322998,40.73611831665039,0
132,1320080,-0.04014169052243233,-0.07642009854316711,-1.0015435218811035,-0.3135249614715576,0.757632851600647,-0.031940244138240814,29.931211471557617,-7.32963228225708,40.88199234008789,0
133,1329605,-0.14990535378456116,0.023699212819337845,-0.9908899068832397,-0.08188480138778687,-1.1564617156982422,0.13222038745880127,30.997344970703125,-9.272064208984375,41.12763214111328,0
134,1340117,-0.01145150139927864,-0.03082420863211155,-1.030208706855774,0.0034678541123867035,0.36882394552230835,0.013120579533278942,30.691368103027344,-12.15673542022705,39.87056350708008,0
135,1349738,0.06615353375673294,-0.03247169405221939,-1.0033090114593506,0.07247783988714218,-0.2435545176267624,-0.1548275351524353,30.497987747192383,-10.009126663208008,40.38583755493164,0
136,1360007,-0.077165387570858,-0.10064508765935898,-0.9966211915016174,0.43716296553611755,0.1835634410381317,-0.7203875184059143,28.97259521484375,-7.988056659698486,40.38251495361328,0
137,1370195,-0.041186027228832245,-0.1706145703792572,-1.023184061050415,0.1981661468744278,-0.016855189576745033,-0.5541065335273743,28.9909610748291,-10.804913520812988,40.62730407714844,0
138,1380155,-0.06540174037218094,0.021693134680390358,-0.969580352306366,0.048026006668806076,0.3905225396156311,-0.09477148205041885,29.750078201293945,-10.815922737121582,39.56486511230469,0
139,1390059,-0.0676926001906395,-0.05838849022984505,-1.0321437120437622,-0.2511773109436035,-0.2258548140525818,0.2935328185558319,29.331106185913086,-10.136226654052734,41.80788040161133,0
140,1400184,-0.013866059482097626,0.041698236018419266,-1.0382084846496582,-0.1196151077747345,0.05304931849241257,0.09909132122993469,30.057270050048828,-10.463810920715332,40.845420837402344,0
141,1410155,0.033200547099113464,0.053672827780246735,-0.9797647595405579,-0.24300524592399597,0.5982062220573425,-0.030616307631134987,29.917949676513672,-11.00421142578125,40.520015716552734,0
142,1419755,0.05932952091097832,0.10664556920528412,-0.9948447942733765,0.41345104575157166,-0.1465764045715332,-0.45087385177612305,30.235984802246094,-10.328827857971191,39.24932098388672,0
143,1430217,-0.056670963764190674,-0.009252969175577164,-1.0110217332839966,-0.4110288918018341,0.5376786589622498,0.6543375849723816,29.128765106201172,-8.914193153381348,37.52858352661133,0
144,1440277,-0.03562404587864876,0.0747496709227562,-0.9920194149017334,-0.3760397434234619,1.0336848497390747,-1.2197778224945068,30.97760581970215,-10.324649810791016,39.609954833984375,0
145,1449966,0.031025420874357224,0.020746782422065735,-0.9463582634925842,-0.6932067275047302,-0.2749752700328827,-0.31284964084625244,29.447551727294922,-10.089936256408691,39.71500015258789,0
146,1459959,0.015312150120735168,-0.04294531047344208,-1.0143711566925049,0.06272672861814499,0.24559645354747772,0.8571111559867859,31.701534271240234,-11.33776569366455,41.26438522338867,0
147,1469990,0.029838545247912407,0.0984654575586319,-1.0159122943878174,0.9093977212905884,-0.5090633630752563,0.12112024426460266,31.002233505249023,-10.876797676086426,40.52869415283203,0
148,1479703,-0.003229571506381035,0.016915032640099525,-1.0171597003936768,-0.8515275120735168,-0.9228105545043945,-0.35769984126091003,29.328706741333008,-9.583516120910645,39.93620300292969,0
149,1489970,0.0020934799686074257,0.025021789595484734,-0.9999423027038574,-0.06187361478805542,-0.29801037907600403,-0.35373902320861816,29.95341682434082,-10.022369384765625,40.46672058105469,0
150,1499887,0.017034942284226418,-0.002934421179816127,-1.0159519910812378,-0.6465634107589722,-0.21261243522167206,0.3762509226799011,28.8531436920166,-11.127243041992188,39.060646057128906,0
151,1509934,0.008532794192433357,-0.011635101400315762,-1.005511999130249,-0.41321733593940735,0.39632388949394226,0.7964034676551819,32.38835144042969,-9.31612777709961,39.02418899536133,0
152,1520119,-0.0037830460350960493,-0.0546104721724987,-1.0129404067993164,-0.4365788996219635,-0.10785429924726486,-0.23407188057899475,31.181381225585938,-10.535758972167969,40.875694274902344,0
153,1530154,0.0024114688858389854,-0.03689810633659363,-0.9872828125953674,0.357770711183548,0.326831191778183,-0.1882893443107605,30.337190628051758,-9.031637191772461,39.79810333251953,0
154,1539941,-0.11647960543632507,-0.03200177103281021,-0.9947451949119568,0.19106425344944,0.25575459003448486,0.4376901686191559,29.8512020111084,-8.979422569274902,40.20154571533203,0
155,1549763,-0.024231957271695137,-0.020551273599267006,-1.0124942064285278,-0.6835956573486328,-0.09558931738138199,0.5398974418640137,29.57416343688965,-10.012089729309082,39.16477966308594,0
156,1560052,-0.031193271279335022,-0.018966922536492348,-1.0006786584854126,-0.016478322446346283,1.0076613426208496,-0.22523517906665802,31.330541610717773,-9.97925090789795,38.8836784362793,0
157,1569856,0.03758879005908966,0.02532184310257435,-0.9855462312698364,-0.4255746901035309,-1.4091765880584717,1.5376369953155518,31.089962005615234,-9.503884315490723,39.508331298828125,0
158,1580243,0.08514026552438736,0.09084993600845337,-0.9784110188484192,0.541340708732605,0.8331451416015625,-0.6247979998588562,30.698497772216797,-11.574100494384766,39.561031341552734,0
159,1590381,0.0402207188308239,-0.007857167162001133,-0.9917138814926147,-0.13391095399856567,0.46495673060417175,0.06501113623380661,30.639827728271484,-10.28116226196289,40.295433044433594,0
160,1599865,-0.026611343026161194,0.03995108976960182,-1.0189229249954224,-0.17155782878398895,-0.32029736042022705,-0.3748420476913452,30.629819869995117,-8.973211288452148,40.50415802001953,0
161,1610024,0.07836844772100449,0.03070155717432499,-0.9643513560295105,0.16635508835315704,0.8013232350349426,0.10089430212974548,28.090246200561523,-10.302836418151855,41.45609664916992,0
162,1619981,0.029843326658010483,0.03358946368098259,-1.0142532587051392,-0.2896311581134796,0.10505475848913193,0.016285168007016182,31.100175857543945,-11.585884094238281,41.29130554199219,0
163,1630005,-0.06644341349601746,-0.012088276445865631,-1.0141488313674927,-0.6103017330169678,-1.269445538520813,-0.8550178408622742,30.02890396118164,-10.31075668334961,37.6041374206543,0
164,1639822,0.037558067589998245,-0.009212205186486244,-1.0132219791412354,-0.7123580574989319,0.17173561453819275,0.4540671706199646,29.70958709716797,-11.179872512817383,39.606834411621094,0
165,1649908,-0.04331134632229805,-0.03554171696305275,-1.0181224346160889,0.9401513934135437,0.4433841109275818,-0.3128111660480499,30.540889739990234,-9.867749214172363,38.842384338378906,0
166,1659812,-0.01272763591259718,0.060550790280103683,-0.9732494950294495,-0.6543986201286316,-0.6577652096748352,0.12959198653697968,30.91499137878418,-10.681818008422852,39.567142486572266,0
167,1669766,-0.027859864756464958,0.08516727387905121,-1.0056698322296143,-0.25423532724380493,0.2159181386232376,-1.193910002708435,29.810989379882812,-10.647114753723145,41.44742965698242,0
168,1679802,-0.04706756770610809,-0.0320594422519207,-1.0252087116241455,-0.27040472626686096,-0.8915873169898987,-0.782474160194397,29.622005462646484,-11.510714530944824,39.938201904296875,0
169,1690154,-0.05384651944041252,0.08705799281597137,-0.9784600138664246,0.7342628240585327,0.2021445482969284,0.19987450540065765,30.16657829284668,-8.967448234558105,42.939788818359375,0
170,1699902,-0.131000816822052,0.011312661692500114,-0.9455606937408447,0.06121167913079262,9.697474160930142e-05,0.16608190536499023,30.030427932739258,-8.88001823425293,40.07474136352539,0
171,1710059,0.05821206793189049,0.05656711384654045,-0.9954167008399963,0.31620559096336365,0.13830165565013885,0.5287799835205078,30.69753074645996,-9.200826644897461,40.6988410949707,0
172,1719836,0.07565773278474808,-0.01432854775339365,-0.9893845319747925,-0.12388718873262405,0.2965503931045532,-0.4050123989582062,29.569847106933594,-10.250866889953613,39.099815368652344,0
173,1730125,0.004611256066709757,-0.003025552025064826,-1.0048091411590576,-0.39614829421043396,0.32051166892051697,-0.0815008357167244,29.5476131439209,-10.258228302001953,40.725040435791016,0
174,1739961,0.035024840384721756,-0.01976999081671238,-1.0052976608276367,-0.624602198600769,-0.4062817394733429,-0.1529352366924286,31.454092025756836,-10.049304962158203,39.15399169921875,0
175,1749981,-0.09455528855323792,-0.0005489167524501681,-0.9962870478630066,-0.2204427272081375,-0.5801524519920349,-0.2975033223628998,30.329296112060547,-10.520508766174316,40.45881652832031,0
176,1759865,-0.10283804684877396,0.03326916694641113,-0.9999904632568359,0.26330727338790894,-0.28998297452926636,1.148953914642334,29.74254035949707,-10.806119918823242,40.804508209228516,0
177,1770264,0.017280450090765953,0.0695774182677269,-1.0269458293914795,-0.4743306040763855,-0.6538345813751221,0.5676631331443787,31.899137496948242,-9.941177368164062,40.41017150878906,0
178,1779891,-0.010064088739454746,0.02626607194542885,-1.0341581106185913,0.08898653835058212,-0.24631021916866302,-0.38380202651023865,29.238630294799805,-10.92124080657959,39.031246185302734,0
179,1789968,-0.10781097412109375,-0.0019575906917452812,-1.0069106817245483,-0.5758281350135803,0.15155845880508423,0.3225475549697876,29.497116088867188,-9.397978782653809,38.95496368408203,0
180,1800255,0.05145467072725296,-0.04182472825050354,-1.0209808349609375,-0.6056473255157471,0.11567823588848114,0.5061177015304565,31.313608169555664,-10.541024208068848,40.43854522705078,0
181,1809963,0.038247622549533844,0.06896108388900757,-0.9797908067703247,-0.09481828659772873,-0.12257786840200424,0.014049834571778774,33.392921447753906,-8.570173263549805,37.88363265991211,0
182,1820192,0.0510985441505909,-0.024367770180106163,-1.011826753616333,-0.0037658573128283024,-0.04776070639491081,0.28480371832847595,30.048982620239258,-11.226580619812012,39.263301849365234,0
183,1830049,-0.0017363798106089234,0.04617699980735779,-0.9816003441810608,-0.4629584550857544,-1.4568287134170532,0.9254832863807678,28.983840942382812,-10.341079711914062,39.59059524536133,0
184,1839806,-0.04014826565980911,-0.11888265609741211,-0.9868433475494385,0.26445209980010986,-0.06553010642528534,-0.11524216830730438,30.535356521606445,-10.061537742614746,40.330787658691406,0
185,1850084,-0.045033812522888184,-0.060793425887823105,-1.0276985168457031,0.19350214302539825,0.5600730180740356,-0.2878779470920563,27.89305305480957,-9.841930389404297,40.79689407348633,0
186,1860367,-0.003124780021607876,0.027943260967731476,-0.9977958798408508,-0.5460152626037598,0.3864724040031433,1.3168742656707764,29.34470558166504,-10.095101356506348,39.36248016357422,0
187,1869812,-0.06054193899035454,0.0915815606713295,-0.9812389016151428,-0.16865064203739166,0.24199840426445007,0.0798351988196373,31.427244186401367,-9.599857330322266,39.08493423461914,0
188,1880102,-0.0562264546751976,-0.0858980044722557,-0.999069333076477,-0.14053605496883392,0.42147624492645264,-0.5060878396034241,28.554399490356445,-9.601788520812988,40.20293045043945,0
189,1890118,0.0271198358386755,0.055546071380376816,-0.9949843883514404,0.3274776041507721,-0.4345201849937439,-0.03854432329535484,30.135677337646484,-8.36670207977295,39.77350616455078,0
190,1899977,-0.0050625912845134735,-0.006845722906291485,-0.9758576154708862,0.5663426518440247,-0.5110568404197693,-0.04147749021649361,30.66958999633789,-9.919090270996094,40.24326705932617,0
191,1909856,-0.0923982560634613,0.008580745197832584,-1.0192004442214966,-0.4306022822856903,0.24693861603736877,1.118356466293335,30.8284969329834,-9.797677040100098,40.347957611083984,0
192,1920085,-0.01511735375970602,0.0867248922586441,-1.0139291286468506,-0.5539461374282837,-0.5651919841766357,0.342631071805954,30.912439346313477,-9.549175262451172,40.511993408203125,0
193,1930018,-0.08011649549007416,-0.020249290391802788,-1.030460238456726,-0.4565408229827881,-0.03847670555114746,0.10871943086385727,29.347444534301758,-10.181103706359863,41.1987419128418,0
194,1940206,-0.005615188740193844,0.05363399535417557,-0.9968265891075134,0.3876771032810211,-0.004191327374428511,-0.1684272289276123,29.94890594482422,-9.805546760559082,40.319766998291016,0
195,1950149,-0.03183210641145706,-0.03267969563603401,-1.0400266647338867,0.2190944105386734,0.055181097239255905,-0.23279441893100739,27.702177047729492,-9.47422981262207,41.099430084228516,0
196,1960153,0.043619100004434586,-0.018477223813533783,-0.976244330406189,0.06731043010950089,-0.0077580600045621395,0.3452749252319336,29.27588653564453,-11.49453067779541,40.91999435424805,0
197,1969981,0.009820091538131237,0.06072189286351204,-1.0255615711212158,0.32673022150993347,0.09848012775182724,0.2910623550415039,29.624303817749023,-11.301304817199707,40.66712951660156,0
198,1980363,-0.05262194573879242,0.038289155811071396,-0.9858328104019165,0.548359215259552,-0.7361816167831421,0.018012402579188347,30.22787857055664,-11.325468063354492,39.15141296386719,0
199,1990040,0.022530557587742805,0.1052854061126709,-1.0335204601287842,-0.07832461595535278,0.6735745668411255,-0.8350963592529297,30.233272552490234,-10.008666038513184,39.384334564208984,0
200,2000129,0.02047421596944332,0.05598488822579384,-0.9991233348846436,0.5386022925376892,0.14003095030784607,0.7235507369041443,30.28226089477539,-8.898116111755371,39.67037582397461,0
201,2009994,0.03780147060751915,-0.0009529353701509535,-0.972458004951477,0.5705162286758423,-0.57716965675354,0.524065375328064,30.21626853942871,-10.333039283752441,38.540348052978516,0
202,2020002,0.07392678409814835,0.023918502032756805,-1.018683671951294,0.6144601702690125,-0.1026969701051712,0.642893373966217,29.958023071289062,-11.551752090454102,40.59235382080078,0
203,2029643,0.09623803943395615,-0.03115488961338997,-0.9822535514831543,0.8907478451728821,-0.43104761838912964,-1.4804844856262207,30.116573333740234,-9.62697982788086,38.900787353515625,0
204,2039988,-0.05667171999812126,-0.038156908005476,-0.9987781643867493,-1.283152461051941,0.18792809545993805,0.22543489933013916,31.04074478149414,-9.288844108581543,38.36623764038086,0
205,2049894,0.09190312027931213,-0.006785132922232151,-0.9941852688789368,-1.290143609046936,0.6100053787231445,-0.34440556168556213,29.25973129272461,-8.308778762817383,39.03082275390625,0
206,2060079,0.019054414704442024,-0.023487135767936707,-0.9884418845176697,0.29359495639801025,0.45462551712989807,0.6917832493782043,29.166088104248047,-8.549853324890137,41.43574142456055,0
207,2070097,0.0752573013305664,0.06398125737905502,-0.9956745505332947,0.362067848443985,-0.35493943095207214,0.33370980620384216,30.59524917602539,-11.436399459838867,39.69779586791992,0
208,2080008,-0.024240806698799133,-0.0505901463329792,-1.004906177520752,-0.3897865414619446,0.7710816860198975,0.33736124634742737,29.156848907470703,-9.94343376159668,40.99726104736328,0
209,2089964,0.014132129959762096,0.039373479783535004,-1.0167945623397827,0.12734556198120117,-0.026021108031272888,-0.41722214221954346,31.313220977783203,-11.118382453918457,40.40577697753906,0
210,2100187,0.06692703813314438,0.07245706766843796,-1.0365067720413208,0.6098629832267761,-0.12096987664699554,-0.2913235127925873,29.37156867980957,-9.555109024047852,40.62793731689453,0
211,2110058,0.025127314031124115,0.01622183807194233,-0.9523339867591858,-0.04788593575358391,0.029697317630052567,0.31354591250419617,29.71709632873535,-8.044937133789062,41.59158706665039,0
212,2120023,-0.06321664154529572,-0.03940015286207199,-1.0317007303237915,0.056000009179115295,0.02897287718951702,0.4057435691356659,29.401960372924805,-7.658463478088379,38.54226303100586,0
213,2130002,0.01934264414012432,-0.006779293995350599,-1.0228009223937988,-0.3063682019710541,-0.1718459576368332,0.4647304117679596,29.529293060302734,-10.318257331848145,39.424747467041016,0
214,2139889,0.03273462876677513,0.003789889393374324,-0.9643991589546204,0.22059166431427002,-0.14618119597434998,-0.2390873283147812,30.53806495666504,-10.369542121887207,40.11933898925781,0
215,2150050,0.001444441033527255,0.07805846631526947,-0.9757899045944214,0.39903441071510315,0.6388793587684631,-0.7422178983688354,29.86017417907715,-9.642646789550781,40.69002151489258,0
216,2160076,-0.015709834173321724,-0.009283475577831268,-0.9673643112182617,0.3225560188293457,-0.04149897024035454,0.30581387877464294,29.162492752075195,-10.791202545166016,40.63408279418945,0
217,2169901,-0.02612062357366085,-0.0007579342345707119,-1.006507396697998,0.7743865847587585,-0.6307987570762634,-0.2698988616466522,29.325485229492188,-10.130999565124512,38.98000717163086,0
218,2180112,-0.006039820611476898,-0.021699661388993263,-0.9737162590026855,-0.05300641804933548,0.6921398043632507,-0.24225406348705292,29.29802703857422,-8.869022369384766,40.259010314941406,0
219,2190054,0.04947911202907562,-0.078880175948143,-0.9933379292488098,-0.4811787009239197,-0.16738517582416534,-0.3702690005302429,31.82272720336914,-9.711055755615234,40.00385284423828,0
220,2199715,0.051618143916130066,0.038379132747650146,-0.9966034889221191,0.36149832606315613,0.9264423251152039,-1.1018779277801514,30.722583770751953,-9.454861640930176,37.576480865478516,0
221,2209739,0.07566316425800323,-0.028080973774194717,-1.021666169166565,0.07413128018379211,0.19628694653511047,0.17990347743034363,27.938213348388672,-8.530374526977539,40.779563903808594,0
222,2219966,0.04669111222028732,0.06839344650506973,-0.9867458343505859,-0.3026488423347473,-0.609142541885376,0.8842504024505615,28.954389572143555,-10.419413566589355,38.67447280883789,0
223,2230087,0.01168670691549778,-0.043100856244564056,-1.0234661102294922,-0.04375991225242615,-0.670146107673645,-0.6621965765953064,29.90984344482422,-8.435425758361816,40.07810592651367,0
224,2240163,0.009312033653259277,-0.052996233105659485,-1.016703724861145,-0.21015535295009613,-0.5734879374504089,-0.5062721967697144,29.734569549560547,-12.1434907913208,39.572513580322266,0
225,2249979,0.0477306954562664,0.031381234526634216,-1.0046859979629517,0.40922853350639343,-0.5755262970924377,-0.6668922901153564,29.52387046813965,-11.180684089660645,39.49666213989258,0
226,2259939,0.005963275674730539,0.02314927987754345,-1.0447075366973877,-0.45864975452423096,0.3963460326194763,0.122813381254673,29.106250762939453,-9.151654243469238,38.79429244995117,0
227,2270177,-0.0038497280329465866,-0.03283978998661041,-1.008558988571167,-0.6094020009040833,0.18896889686584473,-0.3014787435531616,30.813514709472656,-10.274538040161133,40.658714294433594,0
228,2280155,-0.031401973217725754,-0.005815853364765644,-0.9731612205505371,-0.06475303322076797,-0.7068386077880859,0.49850189685821533,30.484607696533203,-9.256080627441406,39.620811462402344,0
229,2289935,0.0912330150604248,0.004016130231320858,-0.9746776223182678,-0.6824629306793213,0.2659022808074951,0.3085610866546631,30.31902313232422,-8.761712074279785,39.41055679321289,0
230,2300091,0.051010046154260635,0.0562470518052578,-1.0307165384292603,0.5152631998062134,0.45982781052589417,0.07495524734258652,30.31245231628418,-9.421146392822266,41.735836029052734,0
231,2310075,0.005058653187006712,0.010347042232751846,-0.9951362013816833,0.6116572022438049,0.19310244917869568,0.8597953915596008,32.70576095581055,-10.822853088378906,38.84335708618164,0
232,2320211,0.08272571116685867,0.04177301377058029,-1.0046600103378296,-0.5349427461624146,-0.13553398847579956,0.17885801196098328,30.50574493408203,-11.409099578857422,39.84638977050781,0
233,2329939,0.01828855648636818,-0.02029835619032383,-0.9663363099098206,-0.4404667317867279,-0.070337675511837,0.4066641330718994,29.498790740966797,-9.56877326965332,39.82602310180664,0
234,2340063,-0.000981551012955606,-0.07819449156522751,-0.9768238663673401,-0.13502554595470428,-0.298269659280777,-0.7907724976539612,28.305294036865234,-10.434171676635742,40.99074172973633,0
235,2349771,0.030583519488573074,0.06020126864314079,-1.00977623462677,0.007529187016189098,0.2306901514530182,0.43838971853256226,29.832416534423828,-10.71384334564209,40.26749038696289,0
236,2360241,-0.02080710418522358,-0.020818112418055534,-0.9885616898536682,0.8578264117240906,-1.191107153892517,-0.2844982147216797,29.730224609375,-8.332348823547363,40.19565200805664,0
237,2369867,0.03298606723546982,-0.03912869840860367,-1.0054949522018433,-0.6856943964958191,-0.8566979765892029,0.5694417953491211,30.644699096679688,-10.347372055053711,38.5478515625,0
238,2380026,-0.1114640161395073,0.10452830046415329,-0.9762160181999207,0.3420250117778778,-0.1941825896501541,-0.60325688123703,30.02632713317871,-10.094855308532715,40.8853759765625,0
239,2390116,0.012762149795889854,0.03852951154112816,-1.0066415071487427,-0.4463321566581726,0.4725266098976135,-1.0205198526382446,28.738178253173828,-9.680015563964844,38.4801139831543,0
240,2399987,0.07579083740711212,0.009408785961568356,-1.0179507732391357,0.18737544119358063,0.031165828928351402,-0.04293164610862732,29.84023094177246,-12.22214126586914,39.656883239746094,0
241,2410193,-0.025783807039260864,0.021500714123249054,-0.9760894775390625,-0.038918547332286835,0.6817111372947693,-0.44458886981010437,30.147321701049805,-11.412335395812988,41.93473815917969,0
242,2419700,-0.007726533338427544,-0.06300187855958939,-0.9890055060386658,-0.973673403263092,-0.42775121331214905,0.39839163422584534,30.525714874267578,-10.195625305175781,40.6264533996582,0
243,2429949,0.056862253695726395,0.01584751345217228,-1.0174697637557983,0.2715319097042084,-0.7665150165557861,-0.5213623046875,31.232240676879883,-8.572845458984375,39.52938461303711,0
244,2440156,-0.09841950237751007,0.08148901164531708,-0.9929390549659729,0.22811995446681976,-0.20906995236873627,0.5736518502235413,29.182817459106445,-11.167886734008789,41.295711517333984,0
245,2450335,-0.05540188029408455,0.0015389046166092157,-1.0093345642089844,-0.44752591848373413,0.3223513662815094,-1.0232926607131958,29.367176055908203,-9.332324028015137,38.49323272705078,0
246,2459970,-0.042798083275556564,-0.07859361916780472,-0.978751003742218,1.4894181489944458,0.3162679374217987,0.6150346398353577,30.734085083007812,-8.613849639892578,41.84642791748047,0
247,2470058,-0.058818645775318146,0.06139737367630005,-0.9972313642501831,0.4584144353866577,-0.22539149224758148,0.6922480463981628,29.577768325805664,-10.157870292663574,41.37581253051758,0
248,2480192,-0.06024209037423134,0.04503258690237999,-0.9824197292327881,-0.26186108589172363,0.5572843551635742,0.47408077120780945,28.85561180114746,-9.616732597351074,38.0506591796875,0
249,2489899,0.002380776684731245,-0.002511156490072608,-1.0120512247085571,-0.1020788848400116,0.7578920722007751,-0.5070371627807617,28.357942581176758,-9.885133743286133,41.57560348510742,0
250,2499888,0.024727122858166695,0.002233335515484214,-1.019646167755127,-0.5134474635124207,-0.3751285672187805,-0.0871463194489479,29.46224021911621,-9.5683012008667,40.83954620361328,0
251,2510208,-0.02393149957060814,-0.016148163005709648,-1.0135351419448853,0.05859246850013733,-0.6337953805923462,0.3465965986251831,30.26495933532715,-10.677238464355469,39.813446044921875,0
252,2519989,0.023897571489214897,-0.05430164188146591,-0.9607695937156677,-0.1316649168729782,0.5145407319068909,0.17876863479614258,28.821914672851562,-8.167150497436523,38.33382797241211,0
253,2530012,0.005335786379873753,0.00016482308274134994,-1.0114846229553223,-0.5750651359558105,0.3968212306499481,-0.29745957255363464,29.975255966186523,-9.609728813171387,40.94268798828125,0
254,2539958,0.008131545037031174,-0.0376618467271328,-0.9899719953536987,-0.5937474966049194,0.3910669684410095,-0.5545519590377808,30.85881996154785,-9.884173393249512,39.723114013671875,0
255,2549855,-0.05928985774517059,-0.05381583422422409,-1.0126980543136597,0.35022619366645813,-0.6526688933372498,0.3074508607387543,29.57137680053711,-9.581527709960938,39.58367156982422,0
256,2560016,-0.004495466127991676,-0.08675014972686768,-1.0077382326126099,0.4167598485946655,0.6365426182746887,-0.38869133591651917,28.84575080871582,-10.845515251159668,39.73682403564453,0
257,2570075,0.006633078679442406,0.034254781901836395,-1.0048344135284424,-0.6261969208717346,0.7601454257965088,-0.587434709072113,28.818811416625977,-11.570122718811035,39.48855972290039,0
258,2580139,0.04270998015999794,0.016617819666862488,-1.0149670839309692,-0.3187735676765442,-0.36352506279945374,0.044160597026348114,29.229286193847656,-9.023275375366211,40.80160903930664,0
259,2589852,0.1267509162425995,-0.004849099088460207,-0.9878730177879333,0.4971548914909363,0.21817274391651154,-0.6105531454086304,31.907785415649414,-8.952606201171875,39.839237213134766,0
260,2600150,0.06375101208686829,0.03790711611509323,-1.0525975227355957,0.7133941054344177,-0.3895018398761749,0.06380823999643326,30.555143356323242,-8.789280891418457,40.997230529785156,0
261,2609838,0.09278938174247742,0.08010365068912506,-1.0065743923187256,-0.5387313365936279,0.568363606929779,-0.18891261518001556,30.735380172729492,-10.670880317687988,41.28330612182617,0
262,2619920,0.025502542033791542,-0.06734535098075867,-0.9930405616760254,0.6056807637214661,-0.5920543074607849,0.8055809140205383,30.811113357543945,-10.730669975280762,40.870384216308594,0
263,2630098,0.01185531448572874,-0.0362391397356987,-1.0139639377593994,-0.41379618644714355,0.2821621298789978,0.6598479151725769,27.972347259521484,-10.10222339630127,38.8895378112793,0
264,2639797,0.0038002305664122105,0.007574790623039007,-0.9859046339988708,-0.36733368039131165,0.28766384720802307,-0.5960841774940491,28.069000244140625,-8.61538314819336,39.43626403808594,0
265,2649837,0.026844609528779984,-0.028763718903064728,-0.9963281750679016,0.8519071340560913,-1.2915749549865723,-0.033787865191698074,27.81593894958496,-9.440190315246582,40.62968063354492,0
266,2659976,0.021212132647633553,-0.005286366678774357,-0.9918282628059387,-0.012840664945542812,0.07674438506364822,0.21043024957180023,29.71030044555664,-8.607416152954102,41.54276657104492,0
267,2669905,-0.01080694142729044,-0.09315253794193268,-0.9976540803909302,0.5347729325294495,0.21039487421512604,0.08465526252985,29.451316833496094,-9.414758682250977,39.58387756347656,0
268,2679871,0.08104104548692703,-0.030241528525948524,-1.0019956827163696,-0.28019219636917114,-0.034639518707990646,-0.11379112303256989,31.03409194946289,-11.843448638916016,40.32626724243164,0
269,2689906,-0.050765510648489,0.023611735552549362,-1.0287153720855713,0.0558316633105278,0.009561347775161266,-0.4567618668079376,30.900300979614258,-10.551276206970215,39.91081237792969,0
270,2699836,-0.01786639541387558,0.02659541182219982,-0.9861376881599426,-0.8728069067001343,0.8685466647148132,0.5696579217910767,29.95525550842285,-10.570363998413086,40.832096099853516,0
271,2709945,-0.09548503160476685,-0.03712264448404312,-1.0199929475784302,-0.9954593777656555,-0.2962724268436432,-0.30745261907577515,30.437702178955078,-10.76773452758789,41.31302261352539,0
272,2720038,0.007428323850035667,-0.07752815634012222,-0.9784919619560242,0.047464240342378616,0.26670876145362854,0.22104264795780182,31.288387298583984,-10.113785743713379,40.66999435424805,0
273,2729941,0.012843995355069637,-0.054352980107069016,-1.0138720273971558,0.2058955729007721,0.2604241669178009,-0.19387869536876678,30.81795883178711,-10.409306526184082,38.827091217041016,0
274,2739897,-0.02015870250761509,0.000782543036621064,-0.983888566493988,-0.03267114236950874,-0.9523879289627075,0.24370500445365906,29.465656280517578,-9.630219459533691,39.78981018066406,0
275,2750062,0.03741020709276199,0.05481976270675659,-1.0061243772506714,0.2734137177467346,0.10454988479614258,0.3718430995941162,29.963272094726562,-10.508655548095703,40.7926025390625,0
276,2759857,-0.05940708890557289,0.03511001914739609,-1.024454116821289,-0.057377614080905914,0.6017992496490479,-0.6336313486099243,30.688859939575195,-9.283164024353027,39.43806076049805,0
277,2769860,0.016848113387823105,-0.012241874821484089,-1.0038294792175293,0.2180921882390976,0.3183269500732422,-0.010904683731496334,29.733976364135742,-8.772648811340332,39.06705093383789,0
278,2780009,-0.09915879368782043,0.0541202649474144,-1.007622241973877,0.015695873647928238,0.030497901141643524,-0.8194761276245117,30.506742477416992,-10.732772827148438,39.29916000366211,0
279,2789852,-0.03894706442952156,-0.033882949501276016,-1.0049442052841187,0.04060830548405647,-0.37937068939208984,-0.44754791259765625,31.951799392700195,-10.275691986083984,40.82884979248047,0
280,2799605,-0.025678623467683792,-0.05088585242629051,-1.0097545385360718,-0.13634291291236877,0.0016235465882346034,0.9389083385467529,28.84486198425293,-9.199515342712402,39.14786148071289,0
281,2809960,0.05162721499800682,0.02664460614323616,-1.0081825256347656,0.41225653886795044,0.521068811416626,-0.2176990658044815,28.83679962158203,-9.51902961730957,41.601043701171875,0
282,2820000,-0.07702232152223587,0.03434387966990471,-0.971938967704773,-0.32289665937423706,-0.34468594193458557,-0.6840788722038269,28.605770111083984,-10.060040473937988,40.051326751708984,0
283,2830198,0.005257141310721636,0.05646919086575508,-0.9841904640197754,-0.46352213621139526,0.3991169035434723,-0.701974093914032,30.551231384277344,-9.427619934082031,37.282989501953125,0
284,2839894,0.03198784962296486,-0.13516269624233246,-1.0093575716018677,-0.052613772451877594,0.21314233541488647,0.04310530796647072,29.66161346435547,-12.018600463867188,38.63160705566406,0
285,2849963,-0.018743891268968582,-0.013962678611278534,-0.9988390207290649,-0.19831903278827667,-0.466317355632782,-0.4525173306465149,31.338106155395508,-10.221613883972168,39.678688049316406,0
286,2860238,-0.012159853242337704,0.020584765821695328,-1.0302683115005493,-0.10480092465877533,0.3737921416759491,0.09975878149271011,29.17870330810547,-9.953204154968262,40.506202697753906,0
287,2870037,0.038839757442474365,0.07598769664764404,-0.9903244972229004,-0.18966519832611084,0.3499082922935486,1.1229935884475708,31.404827117919922,-11.6092529296875,41.42317199707031,0
288,2880103,0.023499395698308945,-0.017676793038845062,-0.9925976991653442,0.6624646186828613,-0.01708507351577282,0.3077671527862549,26.852161407470703,-11.534263610839844,41.288002014160156,0
289,2889951,0.02541951648890972,0.014910928905010223,-1.0127021074295044,0.5173282623291016,-0.3980538845062256,0.06565370410680771,29.778675079345703,-9.202232360839844,37.867435455322266,0
290,2899924,0.00036098904092796147,-0.005246153101325035,-1.0310075283050537,-0.33893463015556335,-0.056757863610982895,0.4353184998035431,31.4985408782959,-8.887979507446289,38.64556884765625,0
291,2909818,-0.0363774336874485,-0.10815153270959854,-0.9698745608329773,-0.22858314216136932,-0.5313208103179932,-0.1936059147119522,30.31459617614746,-11.481304168701172,41.022911071777344,0
292,2919978,0.009508640505373478,0.021893836557865143,-0.9389387369155884,-0.4307703375816345,-0.16957734525203705,-0.7140030264854431,28.587190628051758,-9.158084869384766,41.270347595214844,0
293,2929859,0.036762535572052,0.004802284296602011,-1.0255143642425537,0.5570189952850342,0.11410849541425705,0.26214632391929626,30.645788192749023,-10.682251930236816,40.9544677734375,0
294,2939988,-0.07777886092662811,0.05732668563723564,-0.9750098586082458,0.014166885055601597,0.36573052406311035,0.027217766270041466,28.854814529418945,-10.085960388183594,41.04179763793945,0
295,2950044,-0.022126704454421997,0.07461179792881012,-0.9831697940826416,-0.6011132597923279,0.9295142889022827,0.3192058205604553,30.607755661010742,-9.707717895507812,38.37004089355469,0
296,2960006,0.014004390686750412,-0.026788871735334396,-1.0119224786758423,-0.5069623589515686,0.09444674849510193,-0.4425082206726074,27.983081817626953,-9.485455513000488,42.07553482055664,0
297,2969927,-0.03574555367231369,0.020313821732997894,-1.0014889240264893,-0.5110309720039368,0.2737390100955963,0.5270878076553345,30.726314544677734,-9.47061824798584,39.39903259277344,0
298,2980085,0.07328248769044876,-0.049252502620220184,-1.0077064037322998,-0.40938571095466614,0.5720433592796326,-0.7527931332588196,30.69293785095215,-8.903397560119629,39.57785415649414,0
299,2989976,0.022393373772501945,0.01627187989652157,-0.9921383261680603,-0.23004062473773956,0.8188446164131165,-0.01975644938647747,28.431100845336914,-9.087499618530273,40.24200439453125,0
300,3000203,-0.07523111253976822,0.11903293430805206,-1.0228468179702759,0.3743397891521454,0.2348325103521347,-0.5160307288169861,30.564199447631836,-10.173649787902832,40.20566177368164,0
301,3010294,0.043724872171878815,0.01433163695037365,-0.9777788519859314,-0.2769746780395508,-0.37308743596076965,0.11639895290136337,29.23762321472168,-12.731228828430176,37.09561538696289,0
302,3019841,0.08915384858846664,0.08058479428291321,-1.0109013319015503,0.45587366819381714,-0.045564696192741394,-0.682068407535553,29.91652488708496,-8.39876937866211,39.97292709350586,0
303,3029859,-0.034303780645132065,0.04579894617199898,-1.0067071914672852,-0.29053425788879395,0.20988743007183075,-0.16166630387306213,30.51811408996582,-9.697001457214355,39.91541290283203,0
304,3039999,-0.04931192100048065,0.014012319967150688,-0.9924919009208679,0.1008097305893898,0.7728955745697021,-0.3392625153064728,31.569751739501953,-7.907253265380859,41.22178268432617,0
305,3050033,0.01728636771440506,0.005023568402975798,-1.024120569229126,-0.11000362783670425,-0.1848680078983307,-0.09417182207107544,27.814411163330078,-10.061294555664062,39.605857849121094,0
306,3060007,0.05073626711964607,-0.02194320224225521,-1.0243210792541504,0.5272915363311768,0.006700551602989435,-0.3023354411125183,29.64164161682129,-10.593841552734375,39.80067825317383,0
307,3069900,0.02985507622361183,0.05406956747174263,-1.0325639247894287,1.1073737144470215,-0.22215481102466583,-0.29996180534362793,29.357465744018555,-10.683792114257812,38.071990966796875,0
308,3080269,0.027844490483403206,-0.10191534459590912,-0.9760221838951111,0.01072525791823864,-0.6488750576972961,-0.5639533400535583,30.72408676147461,-10.16651439666748,39.3654670715332,0
309,3089949,-0.02189726009964943,-0.046016205102205276,-0.9985278248786926,-0.8063548803329468,-0.2323165237903595,-0.2020406424999237,29.177446365356445,-10.831278800964355,40.750823974609375,0
310,3100168,-0.0008548357873223722,0.04674294590950012,-0.9822506308555603,-0.415370374917984,-0.8042874932289124,0.7859622836112976,30.317642211914062,-11.37851619720459,38.44889450073242,0
311,3109870,-0.03397907316684723,-0.011441532522439957,-0.9928273558616638,-0.006378890946507454,0.2935768961906433,0.09372826665639877,29.80329132080078,-9.344094276428223,39.89288330078125,0
312,3120038,0.039700038731098175,-0.06681257486343384,-1.036511778831482,0.2806267738342285,-0.454600065946579,0.38389259576797485,30.981088638305664,-8.219095230102539,40.61550521850586,0
313,3129933,0.080683134496212,-0.013212744146585464,-1.006929636001587,-0.2574846148490906,0.16539864242076874,-0.533329427242279,29.580347061157227,-10.934319496154785,40.178958892822266,0
314,3139728,0.07324802130460739,0.08191806077957153,-1.014285922050476,-0.13836297392845154,-0.9456377625465393,0.5161333084106445,30.53786849975586,-10.37291145324707,39.69462203979492,0
315,3149819,0.09284079819917679,0.01990458182990551,-0.993651807308197,-0.5127745866775513,0.08618789166212082,-0.48312899470329285,29.884441375732422,-10.435530662536621,37.41345977783203,0
316,3159900,-0.00995025783777237,0.011530335992574692,-0.9883561730384827,-0.24604663252830505,-0.03495887294411659,-0.2768888473510742,28.35569190979004,-10.931211471557617,39.93205642700195,0
317,3170101,0.06996825337409973,0.042229972779750824,-0.9922124147415161,0.4678193926811218,0.07906914502382278,-0.4544457495212555,33.131038665771484,-9.381790161132812,39.876373291015625,0
318,3180202,-0.028453279286623,0.0023010303266346455,-0.9982807040214539,-0.5857855677604675,-0.6088317632675171,0.3784407675266266,28.699155807495117,-10.491823196411133,39.288326263427734,0
319,3190030,-0.0366351418197155,0.11177883297204971,-1.021178960800171,-0.053084224462509155,-0.301309734582901,-0.1903514415025711,29.30377769470215,-10.33730697631836,40.816654205322266,0
320,3199935,-0.11451412737369537,0.045235469937324524,-1.007832407951355,0.3801710903644562,0.25413480401039124,-0.11319972574710846,29.263675689697266,-11.622603416442871,39.4445686340332,0
321,3209922,-0.018797237426042557,0.011675435118377209,-1.0031274557113647,0.3477514982223511,-0.09852690249681473,0.04871980473399162,29.100488662719727,-9.87193775177002,39.42580032348633,0
322,3219999,0.023598887026309967,0.10355214774608612,-0.9985188245773315,-0.37981975078582764,-0.06680525094270706,-0.35983768105506897,29.883081436157227,-8.487241744995117,39.93888854980469,0
323,3230179,0.025171836838126183,-0.023942237719893456,-1.0104724168777466,0.2041296362876892,0.2020864635705948,0.11749475449323654,30.158161163330078,-11.697334289550781,40.59398651123047,0
324,3240146,0.06699483096599579,-0.02577463909983635,-0.9719932675361633,0.8970676064491272,0.6083275675773621,-0.5526370406150818,29.495540618896484,-11.58723258972168,41.65410232543945,0
325,3249985,0.023481225594878197,0.03886273130774498,-0.9758741855621338,0.32982513308525085,-0.309477299451828,1.0631201267242432,31.463449478149414,-10.644881248474121,39.461082458496094,0
326,3260104,-0.009959312155842781,0.06322477757930756,-0.9907990097999573,0.062045466154813766,-0.002975295763462782,-0.7045975923538208,30.549861907958984,-8.879426002502441,41.22032928466797,0
327,3269973,-0.015035982243716717,0.081009142100811,-1.0305030345916748,0.6345664858818054,0.3911871612071991,0.1363425850868225,30.60235023498535,-10.150762557983398,40.119667053222656,0
328,3279808,-0.05033525452017784,-0.06411511451005936,-1.006219506263733,0.40063321590423584,0.7553371787071228,0.42838460206985474,30.226421356201172,-7.8661699295043945,39.27824401855469,0
329,3289911,-0.00258446391671896,-0.059138111770153046,-1.0104424953460693,0.2959463596343994,-0.336783230304718,0.1441696733236313,31.651020050048828,-10.643146514892578,38.967926025390625,0
330,3299953,-0.00364566408097744,0.10092505812644958,-1.0044976472854614,-0.3459603786468506,0.8678251504898071,0.5913292169570923,29.814720153808594,-10.177557945251465,39.573204040527344,0
331,3310150,-0.027243750169873238,-0.09211275726556778,-0.9975497722625732,-0.8713505864143372,0.2706288993358612,0.5234813094139099,30.117938995361328,-9.570688247680664,42.06344223022461,0
332,3320240,-0.046142224222421646,-0.05119643360376358,-0.9711988568305969,-0.0516015887260437,-0.08039438724517822,-0.23946408927440643,29.89118194580078,-10.594046592712402,40.59343338012695,0
333,3330100,-0.10653817653656006,-0.03535007685422897,-1.02798593044281,-0.2695310115814209,0.06912169605493546,-0.5366688966751099,29.70301055908203,-13.04994010925293,41.00926971435547,0
334,3340070,-0.012674550525844097,-0.1143653616309166,-0.9673989415168762,0.035526376217603683,0.562849760055542,0.14725930988788605,31.07485008239746,-7.908017158508301,39.2689208984375,0
335,3349887,-0.002239302732050419,0.015583307482302189,-0.9942427277565002,0.7039012908935547,-0.973330557346344,0.32814398407936096,29.46467399597168,-11.745676040649414,40.92255783081055,0
336,3359873,0.05550096556544304,0.03055029734969139,-0.9900455474853516,0.4201703369617462,-0.11217329651117325,0.1387469619512558,31.011594772338867,-11.295835494995117,40.953697204589844,0
337,3370006,0.0253888126462698,0.04396672546863556,-1.0094287395477295,1.5590362548828125,-0.20916251838207245,0.009054647758603096,30.09478759765625,-10.62524127960205,39.81147003173828,0
338,3380291,-0.05820366367697716,-0.023862214758992195,-1.0194745063781738,-0.3136806786060333,-0.0890999510884285,-0.4837277829647064,30.148496627807617,-9.637079238891602,40.46773147583008,0
339,3390084,0.13612274825572968,0.01970839872956276,-1.0097479820251465,-0.7559143304824829,0.011348018422722816,-0.5648258924484253,30.0461483001709,-10.816560745239258,38.85139083862305,0
340,3399925,0.023608380928635597,-0.043405480682849884,-0.9768337607383728,0.37342369556427,0.5763214230537415,0.023917874321341515,30.90009880065918,-10.034554481506348,39.459346771240234,0
341,3410047,0.035392582416534424,-0.009560800157487392,-1.0141668319702148,-0.628618061542511,0.664154589176178,0.07178091257810593,30.406410217285156,-11.402813911437988,41.65081787109375,0
342,3419979,-0.006692948285490274,0.02886638045310974,-1.029779076576233,-0.050976742058992386,-0.43981921672821045,-0.21251919865608215,29.43376350402832,-9.329675674438477,40.280330657958984,0
343,3429677,0.02913912571966648,-0.08256090432405472,-0.9987385869026184,-0.12444807589054108,-0.678919792175293,0.10471387207508087,28.512258529663086,-10.518333435058594,39.33258056640625,0
344,3440280,-0.023130517452955246,-0.09892631322145462,-1.0060086250305176,-0.10612545162439346,0.33545222878456116,0.6573010683059692,29.735769271850586,-9.223652839660645,41.234073638916016,0
345,3450156,0.0015442762523889542,-0.05597919598221779,-0.9899259209632874,-1.010296106338501,0.7792623043060303,-0.5728085041046143,29.272581100463867,-9.261826515197754,40.20989227294922,0
346,3460240,0.06354035437107086,0.021005138754844666,-0.986458957195282,-0.015851501375436783,-0.26806190609931946,-0.312098890542984,29.257596969604492,-9.539722442626953,39.607330322265625,0
347,3469973,0.007674817927181721,-0.05323485657572746,-1.0614553689956665,0.646157443523407,-0.6489180326461792,0.5009402632713318,31.2741756439209,-10.861359596252441,39.83190155029297,0
348,3480291,0.10128075629472733,0.0869622752070427,-1.0231701135635376,-0.033543799072504044,0.6637129783630371,-0.4789285957813263,30.61935806274414,-9.122519493103027,39.061309814453125,0
349,3489901,-0.04979071021080017,-0.08614367246627808,-0.9795510768890381,-0.04982893168926239,-0.4861844480037689,-0.6968153715133667,28.92417335510254,-10.508319854736328,40.48541259765625,0
350,3500143,0.11196828633546829,0.004779295064508915,-1.0292870998382568,0.3253377079963684,0.5651292204856873,-0.20006076991558075,31.023460388183594,-8.994669914245605,39.20268249511719,0
351,3509955,0.03710078075528145,-0.015575027093291283,-1.0220084190368652,-1.114972710609436,-0.4230930507183075,0.2998203635215759,30.5908203125,-9.1904935836792,38.944095611572266,0
352,3520203,0.11062195897102356,-0.012156100012362003,-0.9497149586677551,0.5108697414398193,-0.6401211023330688,0.07256893068552017,29.799352645874023,-10.35347843170166,40.454349517822266,0
353,3529986,0.03737331181764603,0.04987303912639618,-1.0111335515975952,0.5565508604049683,-0.10548639297485352,-0.7481011748313904,30.206823348999023,-10.237642288208008,41.788124084472656,0
354,3539922,0.08301054686307907,-0.04366178810596466,-1.0409634113311768,-0.38192012906074524,0.7951340675354004,-0.10881594568490982,30.07929801940918,-9.473159790039062,40.58719253540039,0
355,3549750,0.07736478000879288,0.019693734124302864,-1.00640070438385,0.2437504529953003,0.4648723304271698,0.4613158702850342,30.69853973388672,-9.481545448303223,42.26801681518555,0
356,3559859,0.1630716174840927,-0.03327600657939911,-1.0097944736480713,-0.30208292603492737,0.8753368854522705,-0.624484658241272,30.30487823486328,-9.550724983215332,38.032169342041016,0
357,3570056,-0.030186647549271584,-0.011020892299711704,-1.0153602361679077,-0.4997999966144562,-0.4009335935115814,-0.6776755452156067,30.458742141723633,-10.588846206665039,39.85042953491211,0
358,3580058,-0.06132330745458603,0.007954436354339123,-1.0067594051361084,-0.6071179509162903,0.21533487737178802,0.5726131200790405,29.659971237182617,-10.562505722045898,43.22941207885742,0
359,3589803,0.02606298215687275,0.028188087046146393,-0.9568818211555481,0.6622341275215149,0.016890063881874084,-0.25503313541412354,31.418479919433594,-12.103407859802246,39.58805465698242,0
360,3600129,0.013088610023260117,0.030136872082948685,-0.9754512906074524,1.198089361190796,0.13068576157093048,-1.0593008995056152,30.906757354736328,-10.576395988464355,39.875606536865234,0
361,3610096,0.07195042818784714,-0.05483562871813774,-0.9787126779556274,-0.37721601128578186,0.1436060667037964,-0.2427290976047516,28.0881404876709,-10.516082763671875,40.686012268066406,0
362,3619998,-0.01631406880915165,0.008694794028997421,-1.0021415948867798,0.07756171375513077,-0.14765243232250214,1.0097861289978027,28.807804107666016,-11.11660385131836,38.49433517456055,0
363,3630090,-0.054768603295087814,-0.010606116615235806,-1.0413681268692017,-0.011130078695714474,0.23855982720851898,0.42420047521591187,27.598825454711914,-9.999387741088867,40.194068908691406,0
364,3640073,0.009106303565204144,0.037615977227687836,-0.9926511645317078,-0.11879818886518478,0.24131526052951813,0.6903354525566101,31.10886573791504,-10.835866928100586,40.93219757080078,0
365,3649972,0.035310566425323486,-0.008662430569529533,-0.9764323830604553,0.18775710463523865,-0.07503817230463028,0.37670543789863586,29.922618865966797,-8.555033683776855,41.81820297241211,0
366,3660147,0.0774632915854454,0.0737924575805664,-1.0271599292755127,-0.10931341350078583,-0.15989066660404205,0.60081946849823,27.9305362701416,-9.983329772949219,40.37763977050781,0
367,3669936,0.017435865476727486,-0.06990393996238708,-0.9788888096809387,-0.06041504815220833,0.5953930616378784,0.4483124017715454,29.575162887573242,-9.058547019958496,38.06096649169922,0
368,3680123,0.03988427668809891,-0.026708662509918213,-1.0256820917129517,-0.7234640717506409,-0.000733395863790065,-0.4258231222629547,30.10814094543457,-10.380739212036133,38.29258346557617,0
369,3690248,-0.08936675637960434,0.044267188757658005,-1.010961890220642,-0.39843884110450745,0.8404229879379272,-0.6350697875022888,30.138872146606445,-9.122318267822266,39.12348556518555,0
370,3700079,-0.0155017776414752,0.007801841013133526,-0.9975771307945251,0.026026329025626183,-0.2839621305465698,0.8420703411102295,29.136680603027344,-9.794445991516113,40.552364349365234,0
371,3710077,-0.048145901411771774,-9.10325616132468e-05,-1.0189729928970337,-0.13333173096179962,-0.16810224950313568,0.0423167385160923,29.444271087646484,-8.730741500854492,39.201087951660156,0
372,3719929,0.05972616747021675,0.05284086614847183,-1.0151432752609253,0.30280953645706177,-0.4739539623260498,0.9977130889892578,29.841079711914062,-10.607353210449219,39.722084045410156,0
373,3729783,0.025574561208486557,-0.013259964063763618,-0.9876969456672668,0.033508848398923874,-1.0340461730957031,1.3547897338867188,30.838375091552734,-9.309826850891113,39.459983825683594,0
374,3740033,-0.04407849907875061,0.010274960659444332,-1.0341168642044067,-0.25917237997055054,-0.27141493558883667,0.4481421113014221,29.824277877807617,-10.953032493591309,41.0898551940918,0
375,3749647,0.0005587789928540587,0.0431131087243557,-1.0115973949432373,-0.3006420135498047,0.07952911406755447,-0.8261221647262573,29.490907669067383,-9.884071350097656,39.477264404296875,0
376,3759843,-0.020285772159695625,0.015584317967295647,-1.0322802066802979,0.31869828701019287,-0.6768502593040466,0.38720959424972534,29.88265037536621,-10.659941673278809,40.2635612487793,0
377,3770272,-0.010207117535173893,0.06388463824987411,-1.0058313608169556,-0.8614749312400818,-0.17426316440105438,0.3181397020816803,30.606464385986328,-10.2441987991333,41.3828239440918,0
378,3779923,-0.00967993400990963,0.010608097538352013,-0.9661751389503479,0.2222902923822403,0.19943000376224518,0.7289685606956482,29.325542449951172,-11.760943412780762,40.08833694458008,0
379,3789977,-0.03371547907590866,-0.018967069685459137,-1.034829020500183,-0.38912004232406616,0.3824046850204468,0.09660381823778152,29.195375442504883,-9.737357139587402,39.995262145996094,0
380,3800130,0.04095717892050743,-0.0031067952513694763,-1.0082435607910156,-0.5711368322372437,-0.23499028384685516,0.4939952790737152,30.69351577758789,-9.089552879333496,39.38584899902344,0
381,3810055,-0.019757593050599098,-0.002463762881234288,-1.0089459419250488,-0.43072524666786194,0.16796980798244476,1.2209827899932861,29.811037063598633,-8.543368339538574,39.76752471923828,0
382,3820240,0.02187466435134411,0.03112173080444336,-0.9691812992095947,-0.32598188519477844,-0.12110871076583862,0.5990121960639954,31.1706485748291,-8.72618579864502,39.86129379272461,0
383,3829653,-0.01183943822979927,0.04005107283592224,-1.040729284286499,0.5375692844390869,0.5840491056442261,0.010582907125353813,29.642000198364258,-10.277520179748535,40.259559631347656,0
384,3840049,0.052766598761081696,0.04255823791027069,-0.9927809238433838,-0.2609013319015503,0.47460296750068665,-0.6389859914779663,29.676362991333008,-8.871883392333984,40.827518463134766,0
385,3850170,0.12416525930166245,-0.038283124566078186,-0.9947702288627625,0.27944260835647583,0.39842870831489563,-0.08623349666595459,29.4605655670166,-10.762284278869629,39.665130615234375,0
386,3860001,-0.024066541343927383,-0.02478492259979248,-1.023470163345337,0.003999017179012299,0.45456463098526,0.7190602421760559,31.546621322631836,-9.874817848205566,38.726383209228516,0
387,3869826,-0.09796983748674393,0.05167478322982788,-0.9815188646316528,0.24295581877231598,0.2809140384197235,-0.03379213809967041,30.63092041015625,-9.871299743652344,39.97247314453125,0
388,3880168,-0.0032708679791539907,-0.10702061653137207,-1.0086896419525146,-1.0301706790924072,-0.6745198369026184,0.3113396167755127,31.691265106201172,-10.218084335327148,40.51897048950195,0
389,3889813,-0.11397567391395569,0.05376589670777321,-0.9964156746864319,0.2982417047023773,-0.3947286009788513,-0.22182172536849976,29.778566360473633,-9.003475189208984,39.009376525878906,0
390,3899734,0.017918067052960396,0.02979649044573307,-1.0123193264007568,-0.6354043483734131,-0.009094114415347576,-0.2448042333126068,29.4729061126709,-10.361516952514648,41.3128776550293,0
391,3910119,0.007145555689930916,-0.005849511828273535,-0.9633598327636719,0.2645893096923828,0.5254022479057312,0.2772466838359833,27.479448318481445,-9.282258987426758,38.27228927612305,0
392,3919939,-0.004958993289619684,0.11786212772130966,-0.9855319857597351,-1.1742182970046997,-0.01136455312371254,0.44204261898994446,30.949338912963867,-9.52415657043457,39.77665328979492,0
393,3929905,-0.023545628413558006,0.010591283440589905,-1.024288535118103,-0.5695810317993164,-0.1807498335838318,-0.5123751759529114,28.90155601501465,-8.329870223999023,39.840919494628906,0
394,3940123,0.046566616743803024,-0.038159336894750595,-0.9826719164848328,0.10735367983579636,-0.7231849431991577,-1.0509142875671387,28.630529403686523,-10.463798522949219,40.281707763671875,0
395,3950193,0.09967794269323349,0.10512986034154892,-1.0097497701644897,0.500217080116272,0.7280572056770325,1.8949822187423706,30.157901763916016,-9.226310729980469,40.47808837890625,0
396,3959793,-0.02450963668525219,0.030200863257050514,-1.0301086902618408,-0.004745135083794594,0.21210114657878876,-0.4302996098995209,30.32328224182129,-9.157719612121582,41.55351257324219,0
397,3970121,0.0010162306716665626,-0.06440768390893936,-1.0452659130096436,0.8557455539703369,0.10307637602090836,-0.003166054142639041,31.05262565612793,-10.655067443847656,40.1605339050293,0
398,3980000,-0.04985706880688667,0.02020677551627159,-1.0397155284881592,0.1050412654876709,0.36088258028030396,0.38128525018692017,28.94778060913086,-10.9900484085083,40.52443313598633,0
399,3990177,0.04435130953788757,0.0034699004609137774,-1.02939772605896,0.14429029822349548,0.3300706744194031,0.6858795881271362,28.91533851623535,-10.149161338806152,40.059940338134766,0
400,4000085,0.005526318214833736,-0.010525844059884548,-1.0208481550216675,0.3115505278110504,0.35850027203559875,-0.9919174313545227,31.333345413208008,-11.435113906860352,39.57534408569336,0
401,4009929,-0.002425849437713623,-0.02974790707230568,-1.0386255979537964,-0.38207945227622986,-0.4433746039867401,0.24975064396858215,29.692134857177734,-8.649885177612305,40.466796875,0
402,4020075,0.05232641100883484,0.006448814645409584,-1.0143053531646729,0.5123063325881958,0.7264623641967773,-0.022344928234815598,31.59375762939453,-8.601912498474121,41.196407318115234,0
403,4030048,0.08295505493879318,-0.0833897516131401,-1.0239633321762085,0.3313682973384857,0.6454841494560242,0.5552917122840881,28.140838623046875,-10.950736045837402,40.290260314941406,0
404,4039957,0.06557049602270126,-0.0032340772449970245,-0.9827520847320557,0.7686323523521423,-0.9306999444961548,-0.09062374383211136,29.43548011779785,-9.493059158325195,40.94557189941406,0
405,4050081,-0.046768948435783386,-0.003968111239373684,-0.9862155318260193,0.8158270716667175,-0.10228729993104935,0.4436134099960327,31.3668270111084,-9.16080093383789,38.41135787963867,0
406,4060148,-0.026447201147675514,-0.018137428909540176,-0.9796568751335144,-0.507819652557373,0.8564630746841431,0.26415690779685974,29.422040939331055,-9.201593399047852,38.71989059448242,0
407,4070321,0.0601595938205719,0.046491023153066635,-0.9864891767501831,-0.07059099525213242,-0.32352447509765625,0.013041321188211441,29.80219268798828,-9.596799850463867,39.424766540527344,0
408,4080078,0.052060678601264954,0.09047812223434448,-0.9810818433761597,-0.05376575514674187,0.23845361173152924,0.3580113649368286,30.58607292175293,-8.610481262207031,40.12454605102539,0
409,4089982,0.0020842079538851976,-0.08494993299245834,-0.9955266118049622,-0.07162374258041382,-0.8036566972732544,0.5269768834114075,29.640989303588867,-12.908540725708008,39.0897102355957,0
410,4099874,0.019410928711295128,-0.023077305406332016,-0.9722490310668945,-0.1848982274532318,0.6166406869888306,-0.7471480965614319,30.89703369140625,-10.259352684020996,40.246490478515625,0
411,4109887,0.07617977261543274,-0.08381175994873047,-1.0073997974395752,0.5000802278518677,-0.33099108934402466,0.09537595510482788,31.367843627929688,-8.342988014221191,39.87496566772461,0
412,4120104,-0.06976895034313202,0.0027502740267664194,-0.9655185341835022,-0.22366802394390106,0.19230368733406067,0.24520175158977509,28.913150787353516,-11.56614875793457,40.422584533691406,0
413,4130070,0.09730236977338791,-0.045946016907691956,-1.0087662935256958,0.02978641912341118,0.15977759659290314,-0.7044408917427063,30.622581481933594,-9.90650463104248,40.788299560546875,0
414,4140094,0.015182271599769592,-0.078273706138134,-1.046012043952942,-0.20283229649066925,0.43444305658340454,0.9737558960914612,30.076562881469727,-8.152619361877441,37.55527114868164,0
415,4150041,-0.02426600456237793,-0.031967684626579285,-0.9697666764259338,-0.3239804208278656,1.641615390777588,0.3110429346561432,30.093664169311523,-7.874562740325928,39.25973892211914,0
416,4160003,0.018532920628786087,-0.03452335670590401,-0.9944291710853577,-0.31193825602531433,-0.704581081867218,0.28093135356903076,29.657934188842773,-9.762239456176758,39.912437438964844,0
417,4170019,0.03151659667491913,0.008181938901543617,-1.0016988515853882,-0.20460371673107147,-0.6095842123031616,0.1044197753071785,28.992908477783203,-10.207985877990723,37.919864654541016,0
418,4179840,0.03879062831401825,-0.04622916132211685,-1.0651421546936035,0.06693847477436066,0.4694156050682068,-0.8785623908042908,29.89841079711914,-8.707335472106934,42.06244659423828,0
419,4189953,0.0006323360721580684,0.007526892237365246,-1.009026050567627,0.84782874584198,0.46553847193717957,-0.5478674173355103,29.848247528076172,-11.286943435668945,39.5626220703125,0
420,4200246,-0.011646490544080734,-0.07135997712612152,-1.0114774703979492,0.40176820755004883,-0.4057801365852356,0.2919877767562866,30.6935977935791,-11.416635513305664,37.837825775146484,0
421,4209913,0.041273657232522964,0.09513966739177704,-0.9904822111129761,-0.569274365901947,0.003556059207767248,-0.5720199346542358,31.18785858154297,-9.805398941040039,42.047882080078125,0
422,4220292,-0.04078393429517746,0.04852284863591194,-1.0354089736938477,-0.1928713470697403,0.2244131863117218,-0.2246568351984024,29.81329917907715,-11.933406829833984,39.49856185913086,0
423,4229929,-0.048406779766082764,0.0017947289161384106,-0.9963250756263733,-0.35129937529563904,-0.003916011191904545,-0.462630033493042,28.994192123413086,-10.81722354888916,41.937339782714844,0
424,4239958,0.08113861083984375,-0.057185325771570206,-0.9991437792778015,0.16379673779010773,-0.21668127179145813,1.000223159790039,30.054349899291992,-9.304901123046875,39.62485885620117,0
425,4250113,0.025180572643876076,0.06488240510225296,-1.01080322265625,0.10153669863939285,-0.8503687977790833,0.6496120095252991,29.720325469970703,-9.771571159362793,38.559688568115234,0
426,4259795,0.02391466684639454,-0.008150717243552208,-0.9946491718292236,0.9287950396537781,-0.10025031864643097,-0.8608635663986206,29.736635208129883,-9.224315643310547,38.1507682800293,0
427,4270049,-0.02717791311442852,0.04454747214913368,-0.9671112895011902,0.3042058050632477,-1.0267778635025024,0.26189467310905457,30.033966064453125,-10.286312103271484,39.7971305847168,0
428,4279996,-0.028872376307845116,-0.06130396947264671,-1.004817008972168,1.2183117866516113,-0.3139018714427948,-0.4405357241630554,29.894433975219727,-11.562403678894043,41.123313903808594,0
429,4290152,-0.07553986459970474,0.029420576989650726,-0.9887732863426208,0.14351855218410492,-0.4405779540538788,0.7108250260353088,31.188108444213867,-11.005101203918457,40.74900817871094,0
430,4299997,-0.02407199889421463,-0.013886493630707264,-1.005074143409729,-0.4615512490272522,0.6912816166877747,-0.19457286596298218,29.87272071838379,-9.471118927001953,39.90589904785156,0
431,4309930,0.030330142006278038,0.008982026018202305,-1.0118848085403442,-0.5533912181854248,-0.8421898484230042,-0.9044854640960693,29.94858741760254,-10.267995834350586,39.66913986206055,0
432,4320034,0.018587572500109673,0.025361299514770508,-0.9985889196395874,-0.18574734032154083,-0.4274457097053528,-0.512283980846405,29.698549270629883,-10.671632766723633,38.719757080078125,0
433,4330037,0.029765425249934196,0.02805137075483799,-1.0066884756088257,0.049278952181339264,0.31088706851005554,0.8380284309387207,30.280792236328125,-11.43145751953125,39.940406799316406,0
434,4339861,-0.043198686093091965,-0.06932223588228226,-0.9918526411056519,0.15849986672401428,0.060543760657310486,0.5402804613113403,30.33506202697754,-8.637715339660645,42.12132263183594,0
435,4349940,-0.053633805364370346,-0.005205228924751282,-0.9926949143409729,-0.4583040475845337,0.4874597191810608,-0.12286951392889023,30.004440307617188,-8.911601066589355,42.66926956176758,0
436,4359791,-0.0168840903788805,0.027806701138615608,-1.0118777751922607,-0.7544586062431335,0.4867541491985321,-0.048835307359695435,29.311540603637695,-9.454570770263672,40.24942398071289,0
437,4369853,-0.09871822595596313,-0.11092931777238846,-1.0025322437286377,0.4704943597316742,-0.20765461027622223,0.5599574446678162,29.588396072387695,-10.655561447143555,39.93963623046875,0
438,4379979,0.08286947757005692,0.09816674143075943,-1.0073213577270508,0.354170024394989,0.6350984573364258,-0.1615818589925766,29.82923126220703,-10.35781478881836,39.97887420654297,0
439,4390010,0.010120855644345284,-0.00845975149422884,-0.9964892864227295,-0.07321121543645859,-0.08250880986452103,-0.07780066877603531,31.160545349121094,-10.157777786254883,39.3370246887207,0
440,4399952,-0.05737261101603508,0.07930880784988403,-0.9731233716011047,-0.0916999876499176,-0.38244184851646423,-0.4238881766796112,31.76670265197754,-8.679963111877441,40.71989822387695,0
441,4409900,0.027197260409593582,0.09624917060136795,-1.0458635091781616,0.8026288747787476,-0.1589215248823166,-0.44209837913513184,30.594329833984375,-11.942612648010254,39.7977294921875,0
442,4419791,-0.14372509717941284,-0.05734885856509209,-0.9841828346252441,0.2544817328453064,0.12547270953655243,0.6426748633384705,29.12459373474121,-9.790691375732422,39.9688835144043,0
443,4429930,0.006255438085645437,0.03318706154823303,-1.0699461698532104,-0.18719515204429626,-0.9908473491668701,0.063505157828331,30.097185134887695,-9.823691368103027,39.54798126220703,0
444,4440097,-0.0030783358961343765,0.0010421223705634475,-0.99530428647995,0.4285588562488556,0.10276881605386734,0.11218104511499405,31.3192195892334,-10.105342864990234,40.496768951416016,0
445,4449818,-0.007416283246129751,0.010882453061640263,-0.9753201007843018,1.3005975484848022,-0.0032213146332651377,-0.6317726373672485,29.944482803344727,-11.013766288757324,41.66637420654297,0
446,4459891,-0.002307035494595766,-0.024736113846302032,-0.9878096580505371,-0.7844621539115906,-0.0847080871462822,-0.9569615125656128,28.929304122924805,-11.050606727600098,40.11883544921875,0
447,4469678,0.01747136563062668,0.00240027136169374,-0.9969850778579712,-0.15027965605258942,-0.8143367171287537,0.7780838012695312,30.989402770996094,-9.047431945800781,41.04351043701172,0
448,4479942,0.04842209443449974,0.0038629446644335985,-1.025733470916748,0.029235856607556343,-1.0238404273986816,0.0018162253545597196,32.28822326660156,-11.418013572692871,39.063140869140625,0
449,4490104,-0.024773770943284035,-0.0012002423172816634,-1.0064195394515991,-0.292277067899704,-0.04534507542848587,-0.5998321771621704,27.745241165161133,-9.63425350189209,38.475303649902344,0
450,4500088,0.0019183404510840774,-0.045811716467142105,-1.0071170330047607,-0.1711101084947586,-0.6352207660675049,0.09243420511484146,30.61813735961914,-11.21491527557373,40.4314079284668,0
451,4509990,0.02999316342175007,0.0025471611879765987,-0.9828864336013794,-0.9773711562156677,-0.18633171916007996,-0.3994300365447998,29.068777084350586,-9.971028327941895,40.856475830078125,0
452,4520115,0.055957332253456116,-0.06986857205629349,-1.0101262331008911,-0.4732748866081238,-0.31860992312431335,0.3167400360107422,28.878414154052734,-9.69246768951416,39.5066032409668,0
453,4529948,0.019134121015667915,-0.04606328159570694,-1.0290606021881104,-0.41648203134536743,0.1194596067070961,-0.8488386869430542,29.4681396484375,-9.660279273986816,39.94668197631836,0
454,4539931,-0.016347728669643402,-0.018367677927017212,-1.0109140872955322,-0.7914369106292725,0.7800238132476807,-0.5407088398933411,29.936981201171875,-11.360576629638672,39.444297790527344,0
455,4549991,-0.06127386540174484,-0.050629664212465286,-0.9703759551048279,-0.6068521738052368,-0.12943106889724731,0.6744537353515625,29.459678649902344,-10.269294738769531,38.44453811645508,0
456,4559858,-0.030317531898617744,-0.050792332738637924,-1.0209273099899292,0.06853343546390533,-0.39654073119163513,-0.43658164143562317,30.735429763793945,-9.883150100708008,39.35807418823242,0
457,4570020,-0.16050738096237183,-0.09170658886432648,-0.9992436170578003,-0.11762446910142899,0.06957876682281494,-0.03162514790892601,29.84394073486328,-10.263554573059082,40.644962310791016,0
458,4579991,-0.018097801133990288,-0.04963580146431923,-1.0073797702789307,-0.08204519748687744,0.5273364782333374,0.5334879755973816,29.267169952392578,-9.2286376953125,40.4299201965332,0
459,4589857,0.020275555551052094,-0.045026667416095734,-0.9888144731521606,-0.04319140687584877,-0.05810224264860153,1.0410847663879395,29.657424926757812,-10.674779891967773,40.272178649902344,0
460,4600026,-0.06078832969069481,0.07424309104681015,-0.9719264507293701,-0.07051748782396317,-0.19710323214530945,0.24656109511852264,31.525897979736328,-10.313132286071777,40.79730224609375,0
461,4609915,0.013364894315600395,-0.03931298106908798,-1.030197262763977,-0.5754887461662292,-0.26309332251548767,0.5519752502441406,28.789085388183594,-9.469219207763672,39.55275344848633,0
462,4620159,0.08462562412023544,0.009933841414749622,-0.998178243637085,-0.028931736946105957,0.545436441898346,0.502604067325592,30.795780181884766,-9.196786880493164,40.51918029785156,0
463,4630141,-0.05649147927761078,-0.05725378543138504,-1.026578664779663,-0.01167373824864626,-0.26721155643463135,0.23414036631584167,30.589481353759766,-10.080159187316895,38.77687072753906,0
464,4640246,0.05495845526456833,0.026093121618032455,-1.001785397529602,-0.026368990540504456,-0.6164116263389587,1.4076862335205078,31.329343795776367,-10.835687637329102,39.94266891479492,0
465,4649895,0.11234508454799652,0.014488830231130123,-1.0094726085662842,0.25398874282836914,-0.19839349389076233,-0.5463693141937256,28.246963500976562,-10.793241500854492,39.57635498046875,0
466,4659944,0.10930948704481125,-0.02116195484995842,-0.988585889339447,0.6266965866088867,0.18300966918468475,0.5423067212104797,29.079219818115234,-10.439823150634766,39.98058319091797,0
467,4670234,0.0016108989948406816,7.869656110415235e-05,-0.9861435890197754,0.3507055342197418,-0.4105371832847595,0.38519856333732605,30.510629653930664,-11.370684623718262,41.4297981262207,0
468,4680102,0.01881902851164341,-0.0104335593059659,-0.9718741774559021,-0.15090270340442657,-0.8249309659004211,0.03078071027994156,30.196430206298828,-9.380448341369629,40.06569290161133,0
469,4689860,0.0647229477763176,0.0182674340903759,-0.963109016418457,0.2453368604183197,-0.848784327507019,0.286769837141037,32.068538665771484,-7.944523811340332,41.58748245239258,0
470,4699935,0.06363379210233688,0.04341897740960121,-1.005851149559021,-1.2302308082580566,-0.14532889425754547,0.22508716583251953,29.62978172302246,-9.047118186950684,40.96327590942383,0
471,4710008,0.06035960838198662,0.09860530495643616,-0.9675981998443604,0.15650342404842377,0.13404732942581177,0.838740885257721,29.0930233001709,-8.084030151367188,41.77109909057617,0
472,4720246,0.022634433582425117,0.012371326796710491,-1.029797911643982,-0.010621678084135056,-0.4361388385295868,-0.63823002576828,29.868623733520508,-9.856123924255371,39.47420120239258,0
473,4729922,-0.025318237021565437,-0.07891964912414551,-1.044067144393921,0.8528937101364136,0.10242200642824173,-0.2433919906616211,29.776084899902344,-8.809903144836426,41.07872009277344,0
474,4740049,-0.001700148219242692,-0.029134858399629593,-1.0018465518951416,0.05452660471200943,0.6630315184593201,-0.4600151777267456,30.438434600830078,-9.248791694641113,39.65020751953125,0
475,4749788,0.0473749004304409,-0.033393848687410355,-1.0154820680618286,0.14989963173866272,0.009966879151761532,-0.6161806583404541,29.963781356811523,-9.800244331359863,39.81536865234375,0
476,4760277,-0.02426997572183609,0.039891261607408524,-1.046002745628357,-0.2559433877468109,0.210937961935997,-0.36646220088005066,30.189367294311523,-9.053975105285645,39.88618087768555,0
477,4770106,-0.018972566351294518,-0.013862907886505127,-0.9916384220123291,-0.7477824091911316,0.4475422203540802,1.047828197479248,29.308805465698242,-9.461810111999512,40.43738555908203,0
478,4780240,0.0017764783697202802,-0.019800253212451935,-1.0199472904205322,0.43953949213027954,-0.49772536754608154,-0.37810060381889343,28.456586837768555,-10.12619400024414,39.68662643432617,0
479,4789764,9.083069016924128e-05,-0.06701366603374481,-1.0078637599945068,0.3709857761859894,-0.7913431525230408,-0.6088628768920898,29.960172653198242,-10.235237121582031,40.0072021484375,0
480,4800067,-0.013985484838485718,0.0016108985291793942,-1.0108413696289062,0.5807588696479797,0.22204925119876862,-0.5940160155296326,29.54482650756836,-9.101798057556152,38.57530212402344,0
481,4809984,0.07069762051105499,0.01570097729563713,-0.9982829093933105,0.4849780201911926,-0.5047456622123718,-0.7186552882194519,30.804306030273438,-10.667571067810059,39.15496063232422,0
482,4819923,-0.035616692155599594,-0.040747202932834625,-1.005692958831787,0.6413610577583313,0.05586659163236618,0.0238205473870039,28.33902931213379,-10.55148696899414,40.681976318359375,0
483,4830285,-0.10842378437519073,0.05357036367058754,-1.0040701627731323,-0.5359892249107361,-1.028248906135559,-0.43823128938674927,28.83729362487793,-10.586669921875,40.44105529785156,0
484,4839941,0.05732397735118866,-0.00486547127366066,-1.0129221677780151,-0.45038971304893494,-0.942291259765625,0.22525061666965485,29.659706115722656,-9.784358978271484,41.00862503051758,0
485,4850120,-0.1275831013917923,-0.01693549193441868,-0.9372941255569458,0.060091532766819,-0.3341433107852936,0.012284130789339542,28.116313934326172,-9.111771583557129,39.8243522644043,0
486,4859919,0.012791123241186142,-0.0194611344486475,-0.9842783212661743,-0.07344362139701843,0.17886726558208466,0.764037549495697,31.470861434936523,-9.375753402709961,40.734127044677734,0
487,4870073,-0.04467255622148514,-0.12096849083900452,-0.9802297949790955,-0.06881843507289886,0.1294785887002945,-0.2545735836029053,30.368131637573242,-9.990285873413086,39.763916015625,0
488,4879880,-0.016858190298080444,0.03652022406458855,-0.9868067502975464,0.46040579676628113,0.28358832001686096,0.22920706868171692,31.244977951049805,-12.024723052978516,40.38596725463867,0
489,4889945,0.08686093986034393,-0.024574685841798782,-0.9931628704071045,0.5412325263023376,-0.32927510142326355,0.9160251617431641,30.01904296875,-11.387175559997559,38.94081115722656,0
490,4899991,-0.035052355378866196,-0.10591360181570053,-0.9934712648391724,-0.044868435710668564,0.8705540895462036,0.408818781375885,30.703475952148438,-8.03288459777832,40.28587341308594,0
491,4910034,0.04362724348902702,0.03237839415669441,-1.0127099752426147,-0.697711706161499,-0.759979248046875,-0.32320085167884827,28.805572509765625,-9.973767280578613,40.63662338256836,0
492,4919813,-0.06402859836816788,0.07951232045888901,-0.996610701084137,-0.47572535276412964,0.2215566784143448,0.35303521156311035,30.961923599243164,-12.371980667114258,38.73569107055664,0
493,4929908,-0.060305237770080566,-0.051825836300849915,-1.017293095588684,0.7099313735961914,0.49480071663856506,1.0110595226287842,28.228065490722656,-9.524772644042969,39.980751037597656,0
494,4940196,0.06985819339752197,-0.028064895421266556,-0.9937876462936401,0.38194018602371216,-0.02926129288971424,0.8759832978248596,30.127025604248047,-11.287360191345215,41.891265869140625,0
495,4949760,0.04453360661864281,-0.02452065423130989,-1.030617356300354,-1.0472034215927124,-0.04364573955535889,-0.3676042854785919,31.060209274291992,-10.58903980255127,39.879119873046875,0
496,4960149,0.007069563493132591,-0.018114900216460228,-1.040680170059204,0.3754701018333435,-0.3837471008300781,0.016035256907343864,29.981679916381836,-11.71214485168457,38.476139068603516,0
497,4969971,0.07349437475204468,0.028685254976153374,-1.0102624893188477,-0.1291203647851944,0.15072016417980194,0.4201740324497223,28.259973526000977,-10.138349533081055,40.22587966918945,0
498,4980087,-0.05425836145877838,0.10232865065336227,-0.9885953664779663,-0.4899251461029053,-0.1835048794746399,0.40748101472854614,29.346586227416992,-9.972484588623047,40.79353713989258,0
499,4990076,0.08327709138393402,0.0511668361723423,-1.03086519241333,0.40607553720474243,0.1786506026983261,-0.589683473110199,29.302324295043945,-10.757564544677734,41.03854751586914,0
500,4999879,-0.10598313808441162,-0.043846674263477325,-1.0166751146316528,0.3322983980178833,0.310894638299942,0.41241759061813354,29.457517623901367,-9.703936576843262,40.414669036865234,0
501,5009635,-0.01549903117120266,0.022351721301674843,-0.9943757057189941,-0.0006247987621463835,-1.0497887134552002,-0.4740924537181854,29.565067291259766,-10.618986129760742,41.02958297729492,0
502,5019896,0.012737549841403961,0.03633558377623558,-1.0138473510742188,-0.303411066532135,0.33117055892944336,-0.5584481358528137,29.531543731689453,-10.57732105255127,39.3525276184082,0
503,5030005,0.1034141555428505,-0.07595254480838776,-0.97420334815979,0.06730709224939346,-0.0005206128116697073,0.20233485102653503,30.08221435546875,-10.016868591308594,40.90938186645508,0
504,5040190,-0.02256624773144722,-0.02741086483001709,-0.9876810312271118,0.5206100344657898,-0.4923361837863922,-0.7172948122024536,29.665353775024414,-8.085789680480957,39.58338165283203,0
505,5049703,0.04288511350750923,-0.059329159557819366,-1.0146381855010986,-0.8517842888832092,-0.25008687376976013,0.3498595356941223,30.505704879760742,-10.639036178588867,39.32231903076172,0
506,5059959,0.09483756124973297,0.049422215670347214,-1.0022693872451782,-0.0635858103632927,-0.28138962388038635,0.37748387455940247,29.30766487121582,-10.806425094604492,41.78575897216797,0
507,5070063,-0.021950457245111465,0.0073089636862277985,-1.034070611000061,0.41400888562202454,1.1522547006607056,0.15463119745254517,30.36180305480957,-9.141246795654297,39.73612976074219,0
508,5079976,0.0406138114631176,-0.029598547145724297,-0.9433807730674744,0.8091914057731628,-0.8571260571479797,-0.5579280853271484,30.66822052001953,-9.883910179138184,39.76311111450195,0
509,5090042,0.022731592878699303,-0.07249536365270615,-1.0532851219177246,-0.5414355993270874,-0.5045356750488281,-0.20047321915626526,28.476306915283203,-10.866710662841797,39.326744079589844,0
510,5099879,0.056085556745529175,0.039645157754421234,-0.950977623462677,-0.31841254234313965,-0.6482152342796326,0.396638423204422,28.982595443725586,-10.617622375488281,39.594932556152344,0
511,5110139,0.05837337300181389,-0.0281368400901556,-0.9787108302116394,0.009863208048045635,-0.11908680200576782,0.18382973968982697,31.347440719604492,-9.727056503295898,40.11787033081055,0
512,5120132,0.11453913897275925,0.01351253967732191,-0.9937228560447693,-0.5361894965171814,0.9459168314933777,-0.48296791315078735,31.945941925048828,-8.423996925354004,39.20167541503906,0
513,5130012,-0.12478510290384293,-0.0028164731338620186,-0.9651992917060852,-0.00024310400476679206,0.14248493313789368,0.6141844391822815,30.46737289428711,-11.1614351272583,40.053653717041016,0
514,5140053,0.04403044283390045,0.0090143121778965,-0.9928014278411865,-0.047339677810668945,-0.22165556252002716,-0.631581723690033,30.377626419067383,-8.854327201843262,39.766319274902344,0
515,5150043,0.003676058491691947,-0.01478012278676033,-0.9787932634353638,-0.037116143852472305,0.11184991151094437,0.6000339984893799,32.593109130859375,-11.096687316894531,38.683563232421875,0
516,5159639,-0.027442708611488342,0.014785828068852425,-0.9631693959236145,0.17185688018798828,-0.1292918473482132,0.35481148958206177,29.63964080810547,-10.099942207336426,39.93999099731445,0
517,5170181,0.016231654211878777,0.014769081026315689,-1.0177198648452759,0.3245769143104553,0.038924384862184525,-0.0637684091925621,29.882915496826172,-9.49805736541748,40.27436065673828,0
518,5179968,0.028404489159584045,0.002584792673587799,-0.9991908073425293,0.21558597683906555,-0.7415110468864441,-0.6574824452400208,28.19765281677246,-10.01612663269043,41.1007194519043,0
519,5190000,-0.05178343877196312,0.02349315583705902,-1.007245421409607,0.8608220219612122,-0.15204507112503052,0.15341423451900482,30.282838821411133,-9.599434852600098,40.47111892700195,0
520,5200253,0.02135542966425419,-0.0331057608127594,-0.9951618313789368,0.3890223503112793,0.049936749041080475,-0.12869881093502045,30.19973373413086,-11.536409378051758,40.644710540771484,0
521,5209968,0.08781471103429794,-0.13392463326454163,-0.9968937039375305,0.2282581478357315,-0.21552209556102753,0.5196529030799866,29.22466278076172,-10.540009498596191,41.6874885559082,0
522,5219676,-0.010277916677296162,-0.04349370300769806,-0.9743103981018066,-0.4875956177711487,0.24282394349575043,0.3036048412322998,27.58371353149414,-10.887977600097656,39.67300033569336,0
523,5229958,-0.02295050583779812,-0.04631800949573517,-1.0235159397125244,0.47545135021209717,-0.2204052209854126,-0.23639823496341705,30.074033737182617,-9.339552879333496,40.32240676879883,0
524,5240113,0.0200640931725502,-0.06331817060709,-0.9984018206596375,-0.21563084423542023,-0.6327800750732422,0.03661414608359337,28.408613204956055,-12.554737091064453,40.28789520263672,0
525,5250069,-0.01994733139872551,0.03121993876993656,-0.9978080987930298,0.23490984737873077,-0.6352856159210205,0.4728814363479614,30.579635620117188,-8.91234016418457,40.53215408325195,0
526,5260092,0.027065185829997063,-0.07937370985746384,-0.9964549541473389,0.40016278624534607,-1.1927616596221924,-0.21469028294086456,28.80837631225586,-9.803047180175781,39.324398040771484,0
527,5269949,-0.09080704301595688,0.01288051251322031,-0.9973747134208679,-0.4722568690776825,-0.1264210045337677,0.4334568977355957,29.04227066040039,-10.095536231994629,41.019893646240234,0
528,5279961,0.014600742608308792,-0.02230961062014103,-0.9976599216461182,-0.24835900962352753,-0.7311698198318481,-0.5693747997283936,30.05518913269043,-8.830266952514648,40.08134460449219,0
529,5290226,-0.0951174944639206,-0.033116865903139114,-0.9961724281311035,-0.2527736723423004,-0.13647879660129547,-1.2358973026275635,29.29100799560547,-10.115973472595215,39.76045227050781,0
530,5299949,-0.014986763708293438,-0.09473350644111633,-1.0303573608398438,-0.3441419303417206,0.09101180732250214,-0.6817100048065186,29.845821380615234,-9.206608772277832,41.60496139526367,0
531,5310052,0.024050146341323853,-0.0360880084335804,-1.013318657875061,0.18888972699642181,-0.5404544472694397,0.18291088938713074,29.26184844970703,-10.709346771240234,39.17289733886719,0
532,5319855,0.012944014742970467,0.08924102038145065,-1.0181125402450562,0.6323655843734741,0.02560628391802311,0.26044753193855286,28.492361068725586,-9.673100471496582,37.2100830078125,0
533,5330219,-0.015625886619091034,0.03347740322351456,-1.0132849216461182,0.10447511821985245,0.16869893670082092,0.4854591488838196,30.01677894592285,-8.906023979187012,39.304107666015625,0
534,5339878,0.021157382056117058,-0.023519588634371758,-1.0163580179214478,0.12748073041439056,-0.530104398727417,-1.5528297424316406,30.585430145263672,-9.478070259094238,40.788997650146484,0
535,5349775,-0.062300849705934525,0.01862671785056591,-1.0172358751296997,0.2299736887216568,-0.18371707201004028,-0.4458477199077606,29.88728904724121,-9.305192947387695,41.94392013549805,0
536,5360217,-0.0046125249937176704,0.006771457381546497,-0.9883891940116882,0.4740815758705139,-0.09928151965141296,-0.24211685359477997,29.877286911010742,-10.940237998962402,39.261661529541016,0
537,5369806,0.023240545764565468,0.06805529445409775,-0.9834409356117249,-0.3157813847064972,0.4098467230796814,0.3515743911266327,28.741657257080078,-10.245284080505371,38.283687591552734,0
538,5380020,0.06710591912269592,-0.004428202286362648,-0.9888107180595398,0.30779364705085754,0.2418418824672699,1.2534871101379395,29.754566192626953,-9.928744316101074,40.2763671875,0
539,5390136,-0.008475007489323616,-0.03517549857497215,-0.9880067110061646,-0.4314928948879242,0.11568339914083481,-0.1308162957429886,29.753849029541016,-9.862207412719727,39.464942932128906,0
540,5400136,-0.021291391924023628,0.010486547835171223,-0.9951710104942322,0.20237736403942108,-0.6652320623397827,-0.4169667065143585,30.527225494384766,-9.95918083190918,41.402244567871094,0
541,5410093,0.02354617230594158,0.05671690031886101,-1.0281234979629517,0.06936599314212799,-0.19115763902664185,-0.1011059433221817,29.90058708190918,-11.058012962341309,39.45209884643555,0
542,5419843,0.024919744580984116,-0.06993931531906128,-0.9951341152191162,0.3524918258190155,-0.12120626866817474,-0.4741351008415222,31.178688049316406,-10.506001472473145,39.994789123535156,0
543,5429863,-0.0081624835729599,-0.013999628834426403,-1.0184999704360962,0.27045074105262756,-0.3503117263317108,-0.2872026264667511,28.366621017456055,-8.6826753616333,40.29993438720703,0
544,5440254,-0.028340397402644157,-0.08791601657867432,-0.986459493637085,-0.6775924563407898,0.34633365273475647,0.47643038630485535,30.33310890197754,-9.860527038574219,39.46001052856445,0
545,5450132,-0.09201367199420929,0.008412552997469902,-1.0156067609786987,0.8721987009048462,-0.5964187383651733,0.02326972782611847,29.641590118408203,-12.300078392028809,41.6903076171875,0
546,5460135,-0.04310007020831108,-0.02209668979048729,-0.9959561824798584,0.7535419464111328,0.49148568511009216,0.35445505380630493,30.053388595581055,-9.136984825134277,40.06903076171875,0
547,5469977,-0.027250194922089577,0.08447577804327011,-1.0199449062347412,-0.19302378594875336,-0.41441643238067627,-0.29001331329345703,32.79912185668945,-10.572023391723633,40.087913513183594,0
548,5480294,0.034668970853090286,-0.0009836361277848482,-0.9581527709960938,-0.45965975522994995,-0.6144348978996277,0.3972698748111725,29.272634506225586,-9.484206199645996,39.550479888916016,0
549,5489983,0.03253794461488724,-0.00810927152633667,-0.9960044622421265,-0.4236944317817688,-0.019380155950784683,-1.1399027109146118,29.611034393310547,-10.006465911865234,38.37180709838867,0
550,5500133,0.07813708484172821,-0.025013068690896034,-1.015337586402893,-0.21259348094463348,0.05697351694107056,-0.2594302296638489,30.185054779052734,-11.005379676818848,38.710105895996094,0
551,5510171,0.05156403407454491,-0.011686610989272594,-1.0048609972000122,-0.4490540027618408,-0.512475848197937,0.03549478203058243,29.6534423828125,-10.96322250366211,41.248443603515625,0
552,5519936,0.012367983348667622,0.029918935149908066,-1.0108760595321655,0.12578462064266205,-0.25134846568107605,0.09480445086956024,27.80156707763672,-9.579890251159668,38.68867874145508,0
553,5529854,0.016526510939002037,0.011924571357667446,-0.994720995426178,-0.17798665165901184,0.3332340717315674,-0.4662037491798401,30.420202255249023,-9.507723808288574,40.03916549682617,0
554,5540097,-0.015113762579858303,0.000898592232260853,-0.9704698324203491,0.6938144564628601,-0.014128302223980427,-0.15532882511615753,30.92171859741211,-8.177600860595703,38.816864013671875,0
555,5549992,-0.05742036551237106,0.023490920662879944,-1.0043028593063354,0.11893000453710556,0.40061914920806885,-0.33671835064888,29.35869789123535,-11.790543556213379,39.43524169921875,0
556,5560000,-0.05634457245469093,-0.024045385420322418,-1.0114378929138184,-0.6370134949684143,0.10840428620576859,-0.3880611062049866,31.045196533203125,-11.381386756896973,40.721641540527344,0
557,5569855,0.0673450231552124,0.06795144826173782,-1.0094234943389893,0.08568941056728363,-0.22801440954208374,-0.4160903990268707,30.259334564208984,-9.98583698272705,40.43449401855469,0
558,5580221,0.021041586995124817,-0.11901824176311493,-0.9969948530197144,0.10040134191513062,0.005054187495261431,0.5681692957878113,29.336179733276367,-10.068927764892578,40.887142181396484,0
559,5589959,0.06831441074609756,-0.04753828048706055,-1.0016087293624878,-1.0247106552124023,0.6401399970054626,0.5799078345298767,29.552221298217773,-9.917914390563965,39.003875732421875,0
560,5600133,-0.0034953895956277847,-0.05948266386985779,-1.0284284353256226,-0.519119918346405,-0.5847036242485046,0.054718803614377975,30.398468017578125,-10.099961280822754,39.00661849975586,0
561,5609949,-0.013365152291953564,0.07772400975227356,-1.002274990081787,0.8110043406486511,-0.28663280606269836,-0.04831860959529877,28.450101852416992,-10.142879486083984,40.01118087768555,0
562,5620015,0.035634420812129974,-0.02894797921180725,-0.9893911480903625,-0.03322240337729454,0.1374198943376541,-0.5051770806312561,29.03531837463379,-12.497117042541504,41.577796936035156,0
563,5630133,0.022206738591194153,0.05144968256354332,-0.999382495880127,0.5619681477546692,0.8402005434036255,0.7587751746177673,28.245054244995117,-12.559744834899902,40.97940444946289,0
564,5639946,0.06160065159201622,0.05370486155152321,-0.9993012547492981,0.2793775498867035,0.8982682824134827,-0.12533453106880188,30.345430374145508,-10.573890686035156,39.011016845703125,0
565,5650054,0.07652261853218079,0.03544928506016731,-0.9925249814987183,-0.034071702510118484,-1.1476811170578003,-0.5439807772636414,31.350536346435547,-9.793612480163574,41.78382110595703,0
566,5659846,-0.045449160039424896,-0.03216947242617607,-1.0167968273162842,-0.20979471504688263,0.02713199332356453,-0.853797972202301,31.409822463989258,-8.697420120239258,38.983856201171875,0
567,5669960,0.02038075588643551,0.05684956535696983,-0.990297257900238,-0.3014501929283142,0.547011137008667,-0.22189313173294067,29.961044311523438,-10.381587028503418,39.38477325439453,0
568,5679695,-0.05591559410095215,0.046251218765974045,-1.0287662744522095,-0.7506311535835266,-0.46343716979026794,0.2769613265991211,29.395544052124023,-9.377605438232422,41.154170989990234,0
569,5690007,-0.06229942664504051,0.03872803598642349,-0.989733874797821,0.018763970583677292,0.7639853358268738,-0.31616950035095215,31.07438087463379,-8.455595970153809,41.06925582885742,0
570,5700217,-0.0495464913547039,0.07461006194353104,-1.0177572965621948,0.366079181432724,0.850895345211029,-1.146864414215088,30.434743881225586,-9.056203842163086,41.07971954345703,0
571,5710001,-0.01308878418058157,0.1047092080116272,-1.0212769508361816,-0.0991424024105072,0.056995686143636703,-0.43469807505607605,32.14693832397461,-11.155509948730469,39.3634033203125,0
572,5720007,-0.07947756350040436,-0.06082865595817566,-1.0164999961853027,-0.20830266177654266,0.6187649369239807,0.18893800675868988,29.918289184570312,-10.689441680908203,40.668540954589844,0
573,5730140,-0.06144299358129501,0.08138725161552429,-0.9670945405960083,-0.9156209826469421,-0.34685322642326355,0.04439469054341316,29.923185348510742,-9.9896879196167,38.877166748046875,0
574,5740025,0.024388179183006287,-0.0034354194067418575,-0.9865967631340027,0.6420740485191345,0.28541266918182373,0.12260536849498749,31.183130264282227,-8.17448616027832,43.32099533081055,0
575,5749715,0.03541199490427971,-0.037507038563489914,-0.9958992600440979,0.45757967233657837,-1.2654856443405151,-0.009548231959342957,28.90719223022461,-9.82168197631836,39.90201187133789,0
576,5760314,0.014281230047345161,-0.016837825998663902,-1.0025585889816284,-0.05520758032798767,0.1596849262714386,-0.3443477749824524,31.003173828125,-10.889981269836426,40.32798385620117,0
577,5769912,0.03704851493239403,-0.022105347365140915,-0.9790573120117188,-0.6537391543388367,0.4880996346473694,-0.6710236668586731,29.41957664489746,-9.452754020690918,39.421546936035156,0
578,5780072,-0.013006280176341534,-0.03470417857170105,-1.0254994630813599,0.5235313773155212,0.13320226967334747,0.9727901220321655,32.63774490356445,-8.849477767944336,40.417842864990234,0
579,5790026,0.07742573320865631,-0.01792079024016857,-0.9712998867034912,0.07459857314825058,0.44286227226257324,-0.3155856132507324,29.98797035217285,-8.771942138671875,41.03578567504883,0
580,5800009,0.045731864869594574,0.0667799711227417,-1.0369815826416016,-0.2929379940032959,-0.2690858840942383,0.11719068884849548,30.46670913696289,-9.159219741821289,41.47590255737305,0
581,5810197,0.037056680768728256,-0.038617245852947235,-0.9748170971870422,0.5552089810371399,-0.256478875875473,0.045849449932575226,30.6019229888916,-9.827486991882324,40.13990020751953,0
582,5820000,0.054190635681152344,-0.0481124110519886,-1.004238247871399,0.025700222700834274,-0.09476134181022644,-0.13004527986049652,31.66225242614746,-9.603933334350586,39.556583404541016,0
583,5829950,0.013412464410066605,-0.0006839887937530875,-0.9938036203384399,-0.9171687364578247,-0.3101663887500763,-0.6483107805252075,29.536216735839844,-10.764811515808105,39.45685958862305,0
584,5840091,0.01309729553759098,0.03480542078614235,-1.014769196510315,0.24209873378276825,-0.6481544971466064,-0.07640831917524338,30.350309371948242,-10.561295509338379,37.29715347290039,0
585,5850086,0.06720751523971558,-0.015378140844404697,-1.0094095468521118,-0.5474689602851868,0.270311564207077,1.2436046600341797,29.825773239135742,-9.204998970031738,41.19993209838867,0
586,5859752,-0.0867604911327362,0.025499556213617325,-1.0230250358581543,-0.49388375878334045,0.9900068640708923,-0.30045685172080994,31.56583595275879,-8.827949523925781,39.52973556518555,0
587,5870066,0.04362895339727402,0.02930641733109951,-0.9673819541931152,0.5719159841537476,0.46944451332092285,0.5959005951881409,29.154203414916992,-10.44471263885498,39.469757080078125,0
588,5879901,0.02721281908452511,-0.021769143640995026,-0.9785102605819702,-0.24659952521324158,0.09276928007602692,-0.9782068729400635,28.747220993041992,-10.257519721984863,39.90012741088867,0
589,5889901,-0.008492698892951012,0.06349171698093414,-0.9988418221473694,-0.08882953971624374,0.212094247341156,0.7335992455482483,29.83142852783203,-8.890095710754395,40.37708282470703,0
590,5899952,0.03759682923555374,-0.04576858878135681,-0.9860166311264038,0.43598493933677673,-0.3363545536994934,0.6501260995864868,29.719688415527344,-10.699264526367188,39.97426986694336,0
591,5910195,-0.1074758842587471,-0.0462387390434742,-0.9802736043930054,0.5852034687995911,0.1475103199481964,-0.322101891040802,31.86675262451172,-10.071035385131836,37.88707733154297,0
592,5919922,0.017698250710964203,-0.03546164929866791,-0.9827713370323181,-0.06390862166881561,0.7215421199798584,-0.1852743774652481,31.492469787597656,-10.408395767211914,41.10944366455078,0
593,5930026,0.00047896665637381375,0.0784061998128891,-1.0036418437957764,0.5864323973655701,0.5218290686607361,0.9111814498901367,31.84864616394043,-9.101630210876465,39.61361312866211,0
594,5940084,-0.00116984941996634,0.020937006920576096,-1.0013303756713867,1.129461407661438,-0.18725746870040894,0.38390639424324036,30.41190528869629,-9.896759033203125,41.87971878051758,0
595,5950092,-0.005349803250283003,0.005436121951788664,-0.9990890026092529,0.39844682812690735,-0.17908021807670593,0.008281809277832508,29.150894165039062,-8.506372451782227,40.47938919067383,0
596,5960255,0.023246318101882935,-0.05745748430490494,-0.9651488065719604,0.0063877650536596775,0.4741823077201843,-0.3178400695323944,29.211519241333008,-10.494256019592285,39.180789947509766,0
597,5970029,-0.10105376690626144,-0.008999577723443508,-0.9939576983451843,-0.2720814347267151,-0.4590272903442383,-0.01552672404795885,30.150800704956055,-10.683870315551758,40.05498504638672,0
598,5979936,-0.07130134850740433,0.012502395547926426,-0.9872615337371826,0.023325204849243164,-0.19225919246673584,-0.2761744558811188,30.60306167602539,-10.962972640991211,39.74627685546875,0
599,5990189,-0.05887915939092636,0.028808962553739548,-0.994709849357605,-0.909186601638794,0.152553528547287,-0.32230138778686523,29.0257625579834,-9.256746292114258,40.90336990356445,0
600,6000023,-0.025335120037198067,0.03224999085068703,-0.9873788952827454,0.742272138595581,0.4399842917919159,0.17775720357894897,29.9256591796875,-10.306123733520508,39.245338439941406,0
601,6009868,-0.0005836199852637947,0.03884827718138695,-1.0140225887298584,-0.8318897485733032,0.5007809996604919,0.5722138285636902,29.19831085205078,-9.608471870422363,40.487762451171875,0
602,6020111,0.019963189959526062,-0.0233147069811821,-1.01848304271698,-0.2797996401786804,0.01093884464353323,0.31218329071998596,28.18390464782715,-10.565082550048828,39.364959716796875,0
603,6030117,0.01707686111330986,0.024015013128519058,-1.0176844596862793,0.1628871113061905,0.47489288449287415,0.4400792121887207,31.227705001831055,-10.340682983398438,40.62765121459961,0
604,6040371,0.11952894926071167,0.03357262536883354,-0.9799115061759949,-0.4093587100505829,-0.5047650337219238,-0.07348456978797913,29.530712127685547,-10.377301216125488,40.128108978271484,0
605,6050170,0.0259996447712183,0.009412259794771671,-1.0048024654388428,-0.6789126396179199,-0.575838565826416,-0.11627336591482162,29.401235580444336,-10.998892784118652,41.014373779296875,0
606,6060097,0.026176737621426582,0.03825916722416878,-1.0046707391738892,0.9772666692733765,-0.38467904925346375,-0.43053051829338074,28.989274978637695,-10.043731689453125,41.44778823852539,0
607,6069781,-0.0390595942735672,0.016860125586390495,-1.015904426574707,-0.6849815249443054,1.167421817779541,0.19785454869270325,31.045320510864258,-9.305018424987793,40.429386138916016,0
608,6080029,0.0325438566505909,0.012287049554288387,-1.0091456174850464,-1.203811764717102,-0.18072102963924408,-0.17852462828159332,30.63008689880371,-11.55037784576416,41.211605072021484,0
609,6090374,0.08077897131443024,-0.009190233424305916,-1.009304165840149,0.13057275116443634,0.27888333797454834,0.5474935173988342,30.340160369873047,-10.83110237121582,40.41602325439453,0
610,6100138,-0.019501835107803345,-0.07948670536279678,-1.0306475162506104,-0.5779786109924316,0.211898073554039,0.05582033097743988,30.468517303466797,-8.081622123718262,39.726219177246094,0
611,6110016,-0.045448824763298035,0.07864104956388474,-0.9779852032661438,-0.6901952028274536,0.5304365158081055,-0.08725548535585403,28.131431579589844,-8.697428703308105,39.043514251708984,0
612,6119967,0.009910739958286285,-0.0024443906731903553,-1.008210301399231,0.24925409257411957,0.4649760127067566,0.1016167476773262,28.43832778930664,-11.83620834350586,42.95695877075195,0
613,6130071,0.037139058113098145,-0.04718751832842827,-1.011212944984436,-0.023968908935785294,-0.531674325466156,0.27948716282844543,29.634958267211914,-8.703327178955078,40.327022552490234,0
614,6139732,0.04519515484571457,0.011589144356548786,-1.0008488893508911,-0.11742604523897171,-0.2422228902578354,-0.01800447143614292,29.75591278076172,-10.184059143066406,39.93682098388672,0
615,6149799,0.013118972070515156,-0.07722283154726028,-1.0142160654067993,0.43577203154563904,0.08211588859558105,-0.8801670670509338,31.00269889831543,-9.944014549255371,41.74855041503906,0
616,6160075,-0.02586120180785656,0.05272142216563225,-1.011487364768982,-0.04144815355539322,0.36239519715309143,-1.1245198249816895,29.046812057495117,-10.56790828704834,38.9754524230957,0
617,6170202,-0.08838067948818207,0.019940750673413277,-0.9979317784309387,-0.551274836063385,-0.16344988346099854,-0.09540696442127228,29.85006332397461,-11.471963882446289,39.519466400146484,0
618,6180070,0.044975899159908295,-0.02872990258038044,-1.0253180265426636,-0.02609512396156788,0.24583552777767181,-0.5165043473243713,30.582975387573242,-9.297504425048828,38.82301712036133,0
619,6190131,-0.0012206985848024487,-0.005244669504463673,-0.9873688220977783,-0.996929943561554,-0.6401103734970093,0.0002058153913822025,29.992979049682617,-10.396559715270996,41.998573303222656,0
620,6200209,-0.04971024766564369,0.11621464043855667,-1.0124791860580444,0.2149985134601593,0.515471339225769,-0.31667640805244446,29.568099975585938,-10.226529121398926,38.65681838989258,0
621,6209986,0.04329243674874306,0.009611438028514385,-1.0085198879241943,-0.706757664680481,-0.35792115330696106,1.4839750528335571,29.41325569152832,-12.202225685119629,40.2735595703125,0
622,6220322,0.04857518523931503,-0.006935486104339361,-0.9855998754501343,0.4775792062282562,-1.0305980443954468,0.22230826318264008,30.777795791625977,-9.561666488647461,40.62478256225586,0
623,6230265,-0.01903790794312954,0.04671081155538559,-1.0060110092163086,0.22379489243030548,0.08416756987571716,-0.24399147927761078,29.696664810180664,-10.464839935302734,39.60649871826172,0
624,6239947,0.06746061146259308,0.018625259399414062,-0.9695969820022583,0.31078001856803894,0.37199845910072327,-0.16520997881889343,30.23101806640625,-10.771547317504883,39.029296875,0
625,6250167,-0.05650843307375908,0.009317325428128242,-0.9748054146766663,-0.1414462774991989,0.9404915571212769,-1.0121502876281738,31.450002670288086,-9.449458122253418,40.2509651184082,0
626,6259698,0.0134138073772192,-0.06640638411045074,-1.0304462909698486,0.15285472571849823,0.322209894657135,0.519733726978302,30.696443557739258,-8.866098403930664,38.07235336303711,0
627,6269915,0.05445025861263275,-0.0012869654456153512,-0.9823539853096008,0.40867486596107483,-0.40563836693763733,-0.4537293016910553,30.647151947021484,-13.57599925994873,40.4662971496582,0
628,6280041,-0.03711039200425148,-0.0689932256937027,-1.001421570777893,0.1736615002155304,-0.42823174595832825,-0.2631077170372009,31.546327590942383,-10.837745666503906,40.216026306152344,0
629,6289761,-0.03185142204165459,-0.005021768156439066,-1.000145673751831,0.0613689161837101,0.31409019231796265,0.05388438329100609,29.399106979370117,-10.292426109313965,40.92506790161133,0
630,6299942,0.05268222838640213,-0.045109909027814865,-1.0046436786651611,-0.6742153167724609,-0.2489282190799713,0.16982172429561615,28.329328536987305,-10.775362014770508,41.05733108520508,0
631,6310141,-0.04443387687206268,-0.004614752717316151,-0.9772369265556335,-0.03787629306316376,-0.23307710886001587,0.6069269776344299,30.356670379638672,-10.091699600219727,41.41364288330078,0
632,6320236,0.05741063505411148,-0.06984059512615204,-0.9972406625747681,-1.5292292833328247,-0.06127125769853592,0.07002529501914978,30.289575576782227,-10.120575904846191,41.846126556396484,0
633,6330098,0.022549470886588097,-0.03781375661492348,-0.9841843247413635,-0.3571890592575073,-0.6500537395477295,-0.3730959892272949,30.20747184753418,-9.553316116333008,39.51530838012695,0
634,6340110,0.08313048630952835,-0.10125910490751266,-1.000159740447998,0.42855167388916016,0.6355667114257812,0.03094448894262314,29.233549118041992,-10.001564025878906,40.08544921875,0
635,6350025,0.04172705113887787,0.026007693260908127,-0.9929561018943787,-0.34714505076408386,-0.016848543658852577,-0.15265043079853058,30.12518882751465,-10.796401977539062,41.43393325805664,0
636,6360043,-0.036549072712659836,0.010034283623099327,-0.976231038570404,0.4408333897590637,0.3318774998188019,-0.29909852147102356,30.74635887145996,-9.172666549682617,41.600990295410156,0
637,6369946,0.01088329404592514,-0.06215042993426323,-1.0055302381515503,-0.2937774956226349,0.20225690305233002,-0.5621815919876099,28.831180572509766,-11.490103721618652,38.618927001953125,0
638,6380029,-0.019062526524066925,-0.07729171216487885,-1.0137804746627808,-0.48268333077430725,-0.2808041274547577,0.3313627541065216,29.533855438232422,-10.590978622436523,38.66387176513672,0
639,6390123,0.018366781994700432,0.04063774645328522,-0.9968425631523132,-0.2552894353866577,-0.5888223648071289,0.12780538201332092,29.77638816833496,-10.411964416503906,39.78495407104492,0
640,6400112,-0.03443891555070877,0.06659118086099625,-1.0189927816390991,-0.1999441683292389,-0.1736239641904831,-0.7990431785583496,30.600597381591797,-10.472916603088379,40.79960250854492,0
641,6410260,0.05317894369363785,-0.004689971450716257,-1.0168206691741943,0.06113515421748161,0.4373754858970642,0.21493934094905853,29.3546142578125,-9.489681243896484,40.3437614440918,0
642,6419871,0.04467608034610748,-0.04449942708015442,-1.0048905611038208,0.8342922925949097,-0.4208153784275055,-0.6160485148429871,29.884994506835938,-10.508996963500977,41.20937728881836,0
643,6429921,-0.07530823349952698,0.015916820615530014,-0.9950175285339355,-0.17800214886665344,-0.06555428355932236,-0.3686425983905792,29.384960174560547,-9.872908592224121,40.17061233520508,0
644,6440133,-0.1398553103208542,0.050031404942274094,-1.0000754594802856,-0.03081376478075981,-0.5033435225486755,1.136230707168579,30.796810150146484,-10.666433334350586,41.02204513549805,0
645,6449923,0.015065300278365612,0.10976851731538773,-0.9951648116111755,-0.3550068438053131,-0.21761158108711243,0.12289682775735855,30.43865203857422,-11.03712272644043,39.30849838256836,0
646,6460103,-0.041158758103847504,-0.014517142437398434,-1.0313864946365356,0.9568014740943909,0.4382963478565216,-0.2886836528778076,30.393800735473633,-12.052535057067871,40.2363166809082,0
647,6469974,-0.007274590898305178,-0.003566564992070198,-0.9893797636032104,-0.08314865827560425,-0.2556290924549103,0.08850914239883423,28.586673736572266,-9.244142532348633,39.49751663208008,0
648,6479976,0.015983624383807182,-0.044316720217466354,-0.9698702096939087,0.18232321739196777,-0.5312987565994263,0.14671289920806885,30.31801414489746,-10.675373077392578,39.81836700439453,0
649,6490077,0.03980817645788193,0.005379943177103996,-1.0007622241973877,-0.24236001074314117,-0.561586856842041,0.5585741400718689,29.317611694335938,-8.806927680969238,40.26412582397461,0
650,6500115,-0.041517261415719986,0.09006119519472122,-1.0373046398162842,-0.35078001022338867,0.44528648257255554,0.036591995507478714,28.78883934020996,-10.324798583984375,40.65182113647461,0
651,6510105,-0.013262936845421791,-0.030832499265670776,-1.0446937084197998,1.009645938873291,-0.3342397212982178,0.03717467561364174,29.749967575073242,-9.314579010009766,38.1871337890625,0
652,6519933,0.005569573491811752,0.009171267971396446,-0.9830641150474548,-0.030057985335588455,-5.3107352869119495e-05,0.5229217410087585,30.947702407836914,-9.864701271057129,41.709556579589844,0
653,6529773,0.033374760299921036,-0.004739644005894661,-0.9886206984519958,0.8267507553100586,0.7411893010139465,0.655843198299408,31.753250122070312,-9.852950096130371,41.03232955932617,0
654,6539872,0.04209788143634796,-0.07785876840353012,-1.0201539993286133,0.4518650770187378,-0.35414737462997437,0.245198592543602,30.689956665039062,-9.758841514587402,40.14564514160156,0
655,6550203,0.09239161759614944,-0.03773036226630211,-1.009590983390808,0.1791604906320572,-0.2594040334224701,-0.5238177180290222,30.50151252746582,-10.328814506530762,39.326663970947266,0
656,6559999,-0.05351187661290169,-0.06424590945243835,-1.019663691520691,0.22832857072353363,-0.34317803382873535,0.3238292336463928,29.570878982543945,-9.774932861328125,37.883750915527344,0
657,6570157,-0.01950283907353878,-0.04680618271231651,-1.0145456790924072,0.08278864622116089,-0.45404261350631714,-0.2897976040840149,30.333484649658203,-10.775543212890625,40.21809387207031,0
658,6580120,-0.03995250537991524,0.008232029154896736,-1.0115470886230469,0.377032995223999,-0.37216389179229736,0.38175079226493835,31.361129760742188,-11.402524948120117,39.354278564453125,0
659,6590042,0.02462328039109707,0.020066382363438606,-1.0222363471984863,0.6318067312240601,0.23018601536750793,0.7850327491760254,29.186328887939453,-9.629652976989746,40.36948776245117,0
660,6599986,0.016687054187059402,0.09403423219919205,-1.0140972137451172,0.8742627501487732,0.5432672500610352,0.3503860831260681,30.109481811523438,-10.744455337524414,40.36189270019531,0
661,6610129,0.027872569859027863,-0.015543831512331963,-1.0272579193115234,-1.0330111980438232,1.3163001537322998,0.07271076738834381,31.388256072998047,-11.1895112991333,41.33319091796875,0
662,6619928,0.07940012216567993,0.0028008506633341312,-1.0073809623718262,-0.710681140422821,-0.24460087716579437,0.2639719247817993,30.62079620361328,-10.181739807128906,40.26750946044922,0
663,6629675,-0.07164780795574188,-0.0023452944587916136,-1.0437513589859009,0.6661486625671387,0.24983951449394226,-0.6877284049987793,30.556257247924805,-10.628802299499512,40.97825622558594,0
664,6640036,-0.09635688364505768,0.0033226406667381525,-0.9867603778839111,0.0673464760184288,0.31714946031570435,-0.41776242852211,30.353418350219727,-10.592613220214844,39.557289123535156,0
665,6650109,0.05502147972583771,0.03206949681043625,-0.9970272779464722,0.7757537961006165,-0.25858110189437866,0.37467044591903687,27.563138961791992,-10.545711517333984,39.66874694824219,0
666,6659976,0.04006524384021759,-0.08790811896324158,-1.008477807044983,0.3881757855415344,-0.5706983804702759,0.3041919469833374,30.244190216064453,-10.916789054870605,38.59037399291992,0
667,6670112,-0.020281337201595306,-0.07368573546409607,-0.9812752604484558,0.3788469731807709,0.07229398190975189,-0.24684612452983856,30.772220611572266,-9.667978286743164,39.3523063659668,0
668,6680055,0.0586271695792675,-0.0026049253065139055,-0.9925734996795654,0.37617364525794983,-0.04959634691476822,0.1406373232603073,30.67347526550293,-11.156420707702637,41.10763931274414,0
669,6690167,0.011566223576664925,-0.09317485988140106,-1.008256435394287,-0.073495052754879,-0.2534985840320587,-0.2126585841178894,28.756731033325195,-9.499996185302734,41.22077178955078,0
670,6699676,-0.0017590037314221263,-0.030811350792646408,-1.0236538648605347,0.30659839510917664,-0.5196585655212402,-0.10566576570272446,29.656766891479492,-11.71005630493164,39.547603607177734,0
671,6710319,0.03354847431182861,0.04304347187280655,-0.9822385907173157,1.070203423500061,-0.04858705401420593,-0.4403824210166931,28.639371871948242,-10.560685157775879,40.495174407958984,0
672,6719764,-0.00601110327988863,-0.046995796263217926,-0.9776683449745178,-0.18130537867546082,-0.1340869665145874,0.11207497119903564,30.73055076599121,-9.978252410888672,40.27731704711914,0
673,6730226,-0.0001528568536741659,-0.09734132140874863,-0.9901671409606934,-0.009576588869094849,-0.3394155204296112,0.9913219213485718,29.737794876098633,-8.553605079650879,41.31814956665039,0
674,6739945,-0.026456622406840324,-0.021845445036888123,-0.9902954697608948,-0.6505676507949829,0.010659756138920784,-0.32606253027915955,30.5346622467041,-10.915884971618652,40.08580780029297,0
675,6749948,-0.007766018155962229,0.0645226463675499,-0.9843842387199402,-0.44209563732147217,-0.08342070132493973,-0.3781105875968933,29.518491744995117,-10.123472213745117,39.578643798828125,0
676,6760271,0.048444103449583054,-0.048363011330366135,-0.9943665266036987,0.03998532146215439,-0.39167502522468567,-0.28638961911201477,29.745418548583984,-11.220254898071289,40.813697814941406,0
677,6770099,-0.05251443386077881,0.01791198179125786,-0.9812144637107849,0.10789479315280914,0.7416074872016907,-0.3030756413936615,29.59010887145996,-9.002107620239258,38.53443145751953,0
678,6780027,0.07585100829601288,-0.0774778500199318,-0.995711624622345,-0.06960364431142807,-0.6138242483139038,-0.242165669798851,28.701078414916992,-10.951605796813965,38.80390548706055,0
679,6790064,-0.048460256308317184,0.022149618715047836,-1.0325413942337036,-0.07573457062244415,-0.3244379758834839,-0.9079828858375549,28.86391258239746,-8.364635467529297,38.7864990234375,0
680,6799963,0.09305503964424133,0.04981845244765282,-1.0141959190368652,-0.47951310873031616,-0.24428203701972961,0.02533595822751522,29.379505157470703,-9.189473152160645,40.44804763793945,0
681,6809992,-0.05245514214038849,-0.04312814027070999,-0.9784308075904846,0.5121496319770813,0.5135794878005981,-0.6171870827674866,31.367849349975586,-12.830469131469727,40.41068649291992,0
682,6820282,0.06342991441488266,-0.004079978913068771,-0.9971057176589966,0.17717218399047852,0.3935662508010864,0.35986238718032837,29.029512405395508,-9.4725980758667,41.08555221557617,0
683,6829910,-0.008349142968654633,-0.08041682094335556,-0.999751091003418,0.17146962881088257,0.06739365309476852,-0.8576287031173706,28.9285888671875,-9.112672805786133,39.545413970947266,0
684,6839827,-0.01234436221420765,0.048485055565834045,-1.0050321817398071,0.5051971077919006,-0.2811201810836792,0.32605135440826416,32.19112014770508,-10.006797790527344,39.35898971557617,0
685,6850230,0.04277674853801727,-0.02123468555510044,-0.9782421588897705,-0.321891188621521,-0.5220155119895935,-0.03419335559010506,28.64350128173828,-8.116129875183105,40.316558837890625,0
686,6859996,-0.020376335829496384,0.034068766981363297,-0.994376540184021,0.44399887323379517,-0.43299469351768494,0.23412580788135529,29.347932815551758,-9.696002006530762,39.85630798339844,0
687,6870190,-0.02111128903925419,-0.001962599577382207,-1.0127060413360596,0.8579642176628113,-0.05910319834947586,0.6034864783287048,30.45768165588379,-8.87799072265625,40.18727493286133,0
688,6879894,0.01036511454731226,0.056282803416252136,-1.011109471321106,0.29457035660743713,0.2644656300544739,0.18326745927333832,29.889385223388672,-10.966803550720215,39.770416259765625,0
689,6889888,-0.01316592562943697,-0.005059747025370598,-1.0252268314361572,0.48546338081359863,-0.17700527608394623,-0.6744636297225952,30.796281814575195,-8.337519645690918,41.18754577636719,0
690,6899938,0.01893651857972145,-0.029663758352398872,-0.9869384169578552,0.40804561972618103,0.5997540354728699,-0.520114004611969,30.039186477661133,-9.488794326782227,40.34504318237305,0
691,6909958,-0.012250582687556744,0.00839102640748024,-0.9973986148834229,-0.11267731338739395,0.05766318365931511,1.0658208131790161,29.515275955200195,-9.882987022399902,40.26721954345703,0
692,6919976,-0.05639967322349548,0.05900179594755173,-1.0267794132232666,0.2654595375061035,-0.5375973582267761,1.0406478643417358,29.95471954345703,-9.445250511169434,39.09679412841797,0
693,6929954,0.06038781255483627,-0.028916258364915848,-1.0000485181808472,0.284471720457077,0.4145354628562927,-0.3593236207962036,29.331796646118164,-9.907896041870117,42.526344299316406,0
694,6940051,-0.09894149005413055,-0.04600902274250984,-0.9916355013847351,0.44644150137901306,0.16601772606372833,-0.1875743269920349,29.740577697753906,-10.405303955078125,38.81071853637695,0
695,6949998,0.09596070647239685,0.03779517114162445,-1.0261948108673096,-0.850103497505188,0.07537021487951279,0.006075497716665268,30.829805374145508,-9.773820877075195,37.60869216918945,0
696,6959860,0.006861614063382149,0.07998263090848923,-0.9806492924690247,-0.2736164927482605,-0.0835174024105072,0.5972999334335327,30.957731246948242,-10.005406379699707,39.7686882019043,0
697,6970180,0.05484006553888321,0.07940597087144852,-0.9902055263519287,0.38116228580474854,0.01683739759027958,-0.3409563899040222,30.22306251525879,-10.208172798156738,38.5052604675293,0
698,6980015,-0.01503759529441595,-0.03573203459382057,-1.0030113458633423,0.7079004645347595,0.06498681008815765,-0.3914002478122711,30.59420394897461,-9.22982406616211,38.795894622802734,0
699,6990129,0.08003542572259903,-0.041736580431461334,-1.004866361618042,0.4099803566932678,0.15290915966033936,0.39677053689956665,29.563711166381836,-9.421226501464844,39.38252258300781,0
700,7000005,0.017895596101880074,0.026999611407518387,-1.0145697593688965,-0.10289613157510757,0.4049971401691437,1.1005194187164307,29.091379165649414,-9.495368957519531,40.47762680053711,0
701,7010023,0.043552521616220474,0.045951902866363525,-0.9992551803588867,0.36281946301460266,0.09541444480419159,-0.3264099061489105,29.700584411621094,-10.029065132141113,39.66895294189453,0
702,7019962,-0.11472416669130325,-0.06035301461815834,-1.0055772066116333,-1.2973780632019043,0.07395707070827484,-0.28018638491630554,30.293550491333008,-9.406120300292969,40.1197395324707,0
703,7030055,0.03171870857477188,0.04111119732260704,-0.990409255027771,0.4272502660751343,0.558574914932251,1.3999805450439453,31.122941970825195,-10.524834632873535,40.08649826049805,0
704,7040185,0.028902532532811165,0.01757706329226494,-0.9873605966567993,0.37501540780067444,-0.7591597437858582,0.5762080550193787,29.76403045654297,-10.484501838684082,39.168758392333984,0
705,7050034,-0.005749844014644623,-0.015735402703285217,-1.0162688493728638,-0.27537453174591064,0.228560209274292,0.8978053331375122,30.91086769104004,-12.442091941833496,40.11187744140625,0
706,7060108,-0.020992517471313477,0.019437063485383987,-0.9671849608421326,-0.39688339829444885,0.2734834551811218,-0.19380539655685425,29.622953414916992,-10.090557098388672,41.17037582397461,0
707,7070346,0.032439615577459335,-0.025731772184371948,-1.0047731399536133,-0.7523356080055237,-0.5039305090904236,0.6857932209968567,27.06183624267578,-10.131386756896973,41.119354248046875,0
708,7079703,-0.09117715805768967,0.026452776044607162,-1.0309827327728271,0.5150913000106812,-0.8503869771957397,0.16952969133853912,30.960689544677734,-9.799814224243164,40.02960968017578,0
709,7090097,0.039447955787181854,-0.04856220260262489,-0.9828266501426697,-0.05896522104740143,0.2760809659957886,-0.49412548542022705,30.752063751220703,-10.01554012298584,40.85123062133789,0
710,7100072,-0.0577167272567749,0.07200966775417328,-0.9887248873710632,-0.21860067546367645,-0.2545069754123688,-0.11762484908103943,28.567779541015625,-12.28427505493164,39.075164794921875,0
711,7109823,0.01928074285387993,0.03522954136133194,-0.9982207417488098,0.522162139415741,-0.12742221355438232,0.0017873082542791963,30.092853546142578,-8.323443412780762,36.62140655517578,0
712,7119884,-0.046513818204402924,-0.002706614788621664,-1.0468268394470215,0.2402975708246231,0.21265289187431335,-0.5145331621170044,31.474123001098633,-9.799567222595215,40.951019287109375,0
713,7129883,-0.0055563971400260925,0.04079790413379669,-0.9964176416397095,0.39399880170822144,-0.623051106929779,-0.5960838198661804,30.359088897705078,-10.379100799560547,39.431915283203125,0
714,7140312,-0.0037718606181442738,-0.08283558487892151,-1.00287926197052,0.31457260251045227,0.24613673985004425,0.902448832988739,30.940462112426758,-9.647538185119629,39.943946838378906,0
715,7149888,0.06716509163379669,0.028505997732281685,-1.0073785781860352,-0.5876644849777222,-0.04118915647268295,0.5548229217529297,30.16873550415039,-9.615660667419434,39.503929138183594,0
716,7159950,-0.0014448962174355984,0.06380538642406464,-0.981690526008606,0.2577683627605438,-0.5721218585968018,-0.4366840124130249,29.14356803894043,-8.927019119262695,40.206905364990234,0
717,7169812,-0.04092840105295181,0.03996331989765167,-0.9862558841705322,0.4059922993183136,-0.2554360032081604,-0.49101948738098145,30.682161331176758,-8.315118789672852,38.83591842651367,0
718,7180057,0.026670435443520546,0.05604973062872887,-0.9572229385375977,1.000176191329956,-1.1078426837921143,0.26654279232025146,30.60736656188965,-10.052382469177246,40.16050338745117,0
719,7189944,-0.0052073341794312,0.03203589841723442,-1.0060938596725464,-0.345962792634964,-0.3090841770172119,-0.5304913520812988,30.30997657775879,-10.762063026428223,38.18385314941406,0
720,7200078,0.05357568338513374,0.012616251595318317,-0.9561964869499207,-0.22570370137691498,0.15055622160434723,-0.7161405682563782,29.276914596557617,-10.94329833984375,39.99617385864258,0
721,7210017,0.09676004946231842,-0.05900018289685249,-1.018170952796936,0.16786548495292664,0.23477181792259216,-0.01994819939136505,30.230937957763672,-10.371302604675293,40.00102233886719,0
722,7219963,-0.008490447886288166,0.05352278798818588,-0.982362687587738,0.630160391330719,-0.239203080534935,-0.23124569654464722,30.752798080444336,-10.311860084533691,39.979957580566406,0
723,7230221,0.03994560241699219,0.05941164866089821,-0.9744174480438232,0.0659181997179985,-0.6207880973815918,-0.005563036072999239,28.493837356567383,-10.128098487854004,38.76791000366211,0
724,7239877,-0.01487396564334631,0.0916476622223854,-1.0587348937988281,0.35776305198669434,-0.6662481427192688,-0.25445666909217834,29.5328426361084,-9.639479637145996,41.05601119995117,0
725,7250084,-0.028377100825309753,0.0015645689563825727,-1.038923978805542,0.28846636414527893,-0.2927093207836151,0.23736810684204102,30.43459701538086,-8.805635452270508,40.24822998046875,0
726,7259942,-0.029643604531884193,0.024415649473667145,-1.0348080396652222,-0.25935667753219604,-0.016647689044475555,-0.257081001996994,29.328794479370117,-12.076072692871094,40.41246795654297,0
727,7270039,-0.006672678980976343,0.0427473746240139,-1.0087441205978394,0.11191889643669128,-0.4616748094558716,0.05674123764038086,28.042463302612305,-9.776373863220215,39.585140228271484,0
728,7279961,-0.00806138664484024,0.05077968165278435,-1.0095218420028687,0.3500736951828003,-0.6378137469291687,0.5068745613098145,29.707902908325195,-8.932488441467285,39.69164276123047,0
729,7290156,-0.03636326640844345,-0.029101302847266197,-1.0312058925628662,0.2214546650648117,0.7104771733283997,-0.4423880875110626,29.266178131103516,-9.577314376831055,40.62796401977539,0
730,7299964,0.03185158222913742,-0.11325503140687943,-1.0106720924377441,0.4320695996284485,-0.24046455323696136,-0.6394901275634766,29.493818283081055,-8.79407024383545,41.12410354614258,0
731,7309894,0.010675188153982162,-0.0052451761439442635,-0.9816855192184448,0.5171363949775696,0.26829564571380615,0.6211546659469604,30.946197509765625,-10.541661262512207,40.92863082885742,0
732,7319701,-0.013909852132201195,0.0758993923664093,-0.9747667908668518,-0.1907927691936493,-0.8746574521064758,0.19288736581802368,30.61591339111328,-9.916345596313477,40.95159912109375,0
733,7329919,0.023122098296880722,0.0013501294888556004,-0.9977074265480042,-0.2576430141925812,-0.200713112950325,-0.2975415289402008,30.96243667602539,-9.459455490112305,40.501712799072266,0
734,7339809,0.00177345285192132,0.014017264358699322,-0.9842632412910461,-0.20193341374397278,0.24070505797863007,-0.17493465542793274,30.076950073242188,-11.007749557495117,39.62009811401367,0
735,7350104,-0.06581024825572968,0.01980629190802574,-1.034095287322998,0.3339895009994507,0.34695911407470703,0.10286973416805267,31.074825286865234,-10.379005432128906,39.05596923828125,0
736,7359750,-0.05955155938863754,0.023682748898863792,-1.0022284984588623,-0.3240272104740143,-0.30869925022125244,0.6911901831626892,29.485746383666992,-9.016155242919922,39.5415153503418,0
737,7369975,-0.013301946222782135,0.03574465587735176,-1.048848032951355,-0.7561419010162354,0.3161539137363434,-0.2524096965789795,29.32242202758789,-8.513398170471191,40.356563568115234,0
738,7380053,0.024666650220751762,0.010181673802435398,-1.004144549369812,0.9377749562263489,0.6213266849517822,-0.0501410998404026,30.546405792236328,-9.837981224060059,38.99660873413086,0
739,7390033,-0.016737356781959534,-0.05629818141460419,-0.9832409620285034,0.596331775188446,-0.7736485600471497,-0.22424302995204926,29.833602905273438,-10.266252517700195,40.078643798828125,0
740,7400213,0.04111585021018982,0.017235098406672478,-1.0156160593032837,0.9288585186004639,0.36817434430122375,-0.004636423662304878,30.159290313720703,-9.840535163879395,41.55523681640625,0
741,7410190,0.00022350433573592454,-0.002558815525844693,-0.9951313734054565,0.5212973952293396,0.39107102155685425,-0.59031081199646,29.128087997436523,-10.384452819824219,40.637046813964844,0
742,7420031,0.0026543992571532726,-0.09666761755943298,-0.9942900538444519,-0.10890112817287445,-0.1139880046248436,-0.15642859041690826,29.780078887939453,-10.81676959991455,41.471431732177734,0
743,7429831,-0.0344700962305069,0.05125141888856888,-1.011904001235962,1.5746856927871704,0.07511421293020248,0.07795192301273346,29.298255920410156,-8.619312286376953,40.445945739746094,0
744,7440168,-0.02925310656428337,0.050392162054777145,-1.0127639770507812,0.3738504946231842,0.2670632600784302,-0.03813726827502251,29.62154769897461,-8.88830852508545,40.83034896850586,0
745,7449896,0.08157815039157867,0.02720780484378338,-0.9648208022117615,0.21228036284446716,0.5107195973396301,0.1623048633337021,28.63843536376953,-9.39050006866455,40.71685028076172,0
746,7460446,0.03289575129747391,-0.03758269548416138,-0.9973927736282349,0.21407988667488098,0.9533382654190063,-0.1714409738779068,30.65083885192871,-9.687783241271973,41.71608352661133,0
747,7470089,-0.048807110637426376,0.036806583404541016,-1.015994668006897,-0.855858325958252,-0.002181688789278269,0.2576642334461212,30.973421096801758,-11.449460983276367,41.55015563964844,0
748,7479944,-0.10988868772983551,-0.10784720629453659,-0.986764669418335,-0.45566314458847046,0.5797126293182373,-0.5481248497962952,30.910085678100586,-9.425580024719238,40.8006591796875,0
749,7489920,0.06372340023517609,0.08523338288068771,-0.9754512906074524,-1.0239313840866089,0.33541563153266907,-0.48193439841270447,31.459789276123047,-11.340542793273926,39.53818130493164,0
750,7500249,0.03716164082288742,-0.03369097411632538,-1.0287257432937622,-0.07497948408126831,-0.7069270610809326,-0.22504083812236786,30.65050506591797,-9.442835807800293,38.75652313232422,0
751,7509958,-0.03297709301114082,-0.0011163301533088088,-0.9794377684593201,0.11538054049015045,-0.8538334369659424,0.15751081705093384,30.965158462524414,-11.080902099609375,41.3188591003418,0
752,7519722,0.04315800219774246,0.1243768110871315,-1.0399513244628906,-0.2939286530017853,0.07522266358137131,-1.1799235343933105,31.095535278320312,-9.902168273925781,39.89890670776367,0
753,7529934,-0.037153974175453186,0.08074738085269928,-1.0031450986862183,0.18961507081985474,-0.22309233248233795,0.23116542398929596,30.196548461914062,-11.35166072845459,41.870399475097656,0
754,7540146,0.0013162618270143867,0.014432119205594063,-1.0156171321868896,0.1292538195848465,0.4411662817001343,-0.47882819175720215,29.60646629333496,-11.233614921569824,39.27699279785156,0
755,7549876,0.02620355226099491,0.0792161077260971,-0.9982955455780029,-0.18070253729820251,0.24014046788215637,-0.562451183795929,29.337594985961914,-10.551992416381836,39.75322341918945,0
756,7560021,0.013736152090132236,-0.07782962173223495,-1.019666314125061,-0.8700946569442749,0.11429988592863083,1.0453184843063354,28.775720596313477,-10.644742012023926,41.018070220947266,0
757,7570124,0.06052539870142937,-0.023656463250517845,-1.0150128602981567,-0.8180538415908813,-0.041875630617141724,0.13179413974285126,29.75311279296875,-9.97289752960205,39.88991928100586,0
758,7579851,-0.033083681017160416,-0.11489353328943253,-0.980216920375824,0.6605191230773926,-0.06709900498390198,0.8796098232269287,28.78071403503418,-10.722933769226074,39.80583953857422,0
759,7590086,-0.03806852921843529,0.02055256813764572,-1.03754723072052,-0.4254526197910309,-0.4709479808807373,-0.04600297287106514,31.145687103271484,-10.385591506958008,39.378883361816406,0
760,7599949,0.03561590239405632,0.01315985806286335,-0.9735893607139587,-0.43701162934303284,0.8347842693328857,0.20767256617546082,29.37659454345703,-11.111777305603027,40.85853576660156,0
761,7610116,-0.017336063086986542,-0.009247984737157822,-0.9987061619758606,-0.29283708333969116,-0.38424602150917053,-0.3211601972579956,32.437801361083984,-9.80611801147461,39.09608459472656,0
762,7619918,0.05755644291639328,-0.03952862322330475,-0.98793625831604,-1.0144981145858765,-0.5491493344306946,-0.8499937653541565,30.569255828857422,-9.783555030822754,39.85626220703125,0
763,7630033,-0.010218781419098377,-0.06411529332399368,-1.0389577150344849,-0.9824262857437134,0.2428874522447586,-0.1786007434129715,30.13563346862793,-10.426850318908691,39.91469192504883,0
764,7639880,-0.0869377925992012,0.009354976937174797,-1.0366402864456177,-0.7208875417709351,-0.23481042683124542,-1.316704273223877,29.145477294921875,-8.541244506835938,39.31301498413086,0
765,7650082,-0.042031917721033096,-0.0434688925743103,-0.9910350441932678,0.32563915848731995,-0.5410996079444885,0.32848772406578064,29.74201774597168,-9.087957382202148,40.12103271484375,0
766,7660134,-0.04940688982605934,-0.1048075333237648,-1.0007210969924927,0.44104650616645813,0.6130655407905579,-0.07871628552675247,29.300264358520508,-10.50501537322998,39.39116287231445,0
767,7669821,-0.07158621400594711,0.008320063352584839,-1.003947138786316,0.8818987607955933,0.44465890526771545,-0.21216356754302979,29.30301284790039,-9.577664375305176,40.56474304199219,0
768,7680072,-0.028339605778455734,-0.0075670708902180195,-1.035545825958252,0.5035974383354187,0.23778730630874634,0.14000138640403748,29.97321128845215,-10.499307632446289,38.80010223388672,0
769,7690114,0.021643631160259247,0.04573105275630951,-0.9903664588928223,-0.3272742033004761,-0.47886982560157776,0.15501484274864197,28.403459548950195,-10.379582405090332,41.12721633911133,0
770,7700029,-0.04236545413732529,-0.046511903405189514,-1.007026195526123,0.2162352353334427,-1.277817964553833,-0.27192530035972595,30.647615432739258,-10.953828811645508,42.87081527709961,0
771,7709999,0.09239939600229263,0.044281359761953354,-0.9990642070770264,0.3745323121547699,-0.2688102722167969,-0.30675169825553894,29.375926971435547,-9.013866424560547,39.220123291015625,0
772,7720017,-0.026525601744651794,-0.10466572642326355,-1.000303864479065,0.3140096962451935,0.44959545135498047,-0.3919084668159485,31.753976821899414,-9.160569190979004,40.333595275878906,0
773,7729892,-0.03302043303847313,-0.007502504624426365,-1.0003352165222168,-0.34631243348121643,-0.23840568959712982,0.63795006275177,30.612428665161133,-11.827157020568848,41.32863235473633,0
774,7740144,0.0973670557141304,-0.040280405431985855,-0.9753082990646362,0.6994326114654541,-0.4420596957206726,-0.3607884347438812,29.938711166381836,-9.607945442199707,39.90328598022461,0
775,7749942,-0.013148019090294838,0.02063387632369995,-1.0278314352035522,0.05614268779754639,-0.6087599396705627,-0.8762230277061462,30.72592544555664,-9.406092643737793,39.07658386230469,0
776,7760175,0.0343993715941906,0.03318976238369942,-0.9965841770172119,0.3471871018409729,0.012554539367556572,0.12763789296150208,29.01924705505371,-9.73462200164795,39.54169845581055,0
777,7769864,-0.04180464893579483,0.0019520485075190663,-1.0229285955429077,-0.7491305470466614,0.22299149632453918,0.5059340596199036,32.32368850708008,-10.212494850158691,39.14413833618164,0
778,7780086,-0.09074228256940842,0.03483298793435097,-0.9824342727661133,-0.8645759224891663,0.341582328081131,-0.04301672801375389,29.135560989379883,-9.010738372802734,41.43085479736328,0
779,7790068,-0.04046773537993431,0.03267886862158775,-0.9932942986488342,0.25545230507850647,-0.8891701102256775,-0.3944525122642517,29.63283348083496,-10.767160415649414,39.80470657348633,0
780,7799961,-0.020114928483963013,-0.0174490287899971,-1.0064841508865356,0.049753736704587936,1.1609621047973633,-0.30007946491241455,28.697301864624023,-9.88524341583252,39.70785903930664,0
781,7810153,-0.04132762551307678,-0.08153287321329117,-0.9877240657806396,-0.1542983204126358,0.39839017391204834,0.4705166518688202,30.108186721801758,-10.928189277648926,39.70040512084961,0
782,7819520,0.014448380097746849,0.09640424698591232,-0.9841832518577576,-0.0843348503112793,-0.3739415109157562,-0.4856414198875427,30.48282241821289,-10.858485221862793,41.06610870361328,0
783,7830112,0.028691062703728676,-0.00679943710565567,-1.042078971862793,-0.49003100395202637,-0.47623327374458313,-0.6339285373687744,30.990554809570312,-9.22154712677002,40.41383743286133,0
784,7839980,-0.07885118573904037,-0.04307945817708969,-0.982115626335144,0.7764516472816467,-0.5040794014930725,-0.06344347447156906,29.062971115112305,-11.828120231628418,38.290279388427734,0
785,7850131,-0.03453923389315605,-0.06688867509365082,-0.9961687326431274,0.02821168303489685,-1.0803258419036865,0.021109623834490776,28.31639862060547,-10.11227798461914,39.22025680541992,0
786,7860087,-0.040546245872974396,0.08593067526817322,-0.9580373764038086,-0.977371871471405,-0.3826097548007965,-0.8436739444732666,29.305631637573242,-10.478066444396973,39.92103576660156,0
787,7869971,0.01009333971887827,-0.04248087480664253,-0.9832298755645752,0.8328787088394165,-0.05147533118724823,-0.9707680344581604,29.13190460205078,-10.50140380859375,38.20681381225586,0
788,7880165,-0.030753489583730698,0.0565837137401104,-0.9808512330055237,-1.050702691078186,-0.135968878865242,-0.15628749132156372,30.851932525634766,-10.14162826538086,38.99509811401367,0
789,7890017,-0.11654826998710632,-0.03563802316784859,-1.000359296798706,-0.6912989616394043,0.4247034788131714,0.4305749535560608,30.633554458618164,-8.732242584228516,40.72975540161133,0
790,7899810,0.03835292160511017,-0.02431647852063179,-1.0031448602676392,-0.6745834946632385,-0.1658407598733902,-0.07903961092233658,29.746612548828125,-11.354487419128418,38.970157623291016,0
791,7910120,0.07364523410797119,0.015206929296255112,-1.0035545825958252,0.24140694737434387,0.06306208670139313,-0.40226027369499207,30.494186401367188,-8.83746337890625,40.57696533203125,0
792,7920134,0.06900162249803543,0.06550872325897217,-0.999660849571228,-0.9210150241851807,-0.028670694679021835,-0.6386030912399292,29.66672706604004,-10.233719825744629,39.53968048095703,0
793,7929863,-0.07465237379074097,0.07031404972076416,-1.0119996070861816,-0.4792085289955139,-0.026130424812436104,-0.7645154595375061,27.813766479492188,-9.877828598022461,39.477054595947266,0
794,7940069,-0.01450322289019823,0.05034542456269264,-1.0123295783996582,0.23513001203536987,0.06199050322175026,-0.4250597059726715,29.854450225830078,-10.771183967590332,40.171470642089844,0
795,7950076,-0.00509491516277194,-0.005901843775063753,-0.9731905460357666,0.2934562563896179,0.363276869058609,-0.019520798698067665,31.119638442993164,-10.227795600891113,39.11662292480469,0
796,7960115,-0.015063454397022724,0.024999041110277176,-0.9728786945343018,-0.43255823850631714,0.6140103936195374,0.2487715184688568,31.37254524230957,-10.091010093688965,39.20933151245117,0
797,7970192,-0.05347079783678055,-0.023290717974305153,-1.0148006677627563,0.7131457924842834,0.8426274657249451,-0.18019455671310425,28.54107666015625,-11.048847198486328,40.464759826660156,0
798,7980266,-0.02021927945315838,0.037819378077983856,-1.0359039306640625,-0.4813727140426636,-0.13336829841136932,0.08033241331577301,30.0427188873291,-9.862412452697754,38.38927459716797,0
799,7989991,0.04907016456127167,0.027373235672712326,-0.9658665060997009,0.17386853694915771,0.053508829325437546,0.5452625155448914,29.86888313293457,-8.159395217895508,38.56782150268555,0
800,8000022,0.0059727868065238,-0.07679808139801025,-0.9759880900382996,0.12531614303588867,0.8915810585021973,-0.04791306331753731,29.374765396118164,-10.09599781036377,40.31121063232422,0
801,8010246,0.007479554042220116,0.04349517449736595,-1.0058907270431519,-0.0710117518901825,-0.08867589384317398,0.5124951004981995,28.348125457763672,-10.112062454223633,39.125,0
802,8019921,-0.014523065648972988,-0.03926558047533035,-0.9846834540367126,0.6629859209060669,-0.15982727706432343,-0.3838749825954437,30.23809242248535,-9.958941459655762,40.81190872192383,0
803,8029926,0.08819840103387833,-0.08019215613603592,-0.9861950278282166,0.9895525574684143,-0.49002891778945923,-0.20438306033611298,29.363147735595703,-11.634760856628418,40.51941680908203,0
804,8040043,-0.012396090663969517,-0.06414085626602173,-1.0129350423812866,-0.3283780813217163,-0.8180108666419983,-0.07154277712106705,29.081655502319336,-7.917726993560791,40.381168365478516,0
805,8050239,0.06992864608764648,-0.01935267262160778,-1.0105456113815308,0.5035567283630371,-0.6990524530410767,-0.9593743085861206,29.73396110534668,-10.84320068359375,38.75481414794922,0
806,8060085,0.016706010326743126,-0.051946043968200684,-1.0109739303588867,-0.12587480247020721,-0.4394240975379944,-0.027661584317684174,28.61854362487793,-9.308509826660156,40.88726043701172,0
807,8070166,0.040066152811050415,0.01901497133076191,-0.95194411277771,0.2739620506763458,0.613433301448822,-0.2596612274646759,28.941192626953125,-10.145783424377441,39.11912155151367,0
808,8080027,0.0018634004518389702,0.02053782157599926,-1.0095754861831665,0.36396998167037964,-0.522995114326477,-0.1912541538476944,29.15889549255371,-9.719831466674805,39.28585433959961,0
809,8090108,0.015296554192900658,-0.0069321137852966785,-0.986795961856842,-0.49780508875846863,0.0476793572306633,0.14726775884628296,30.65966033935547,-10.947135925292969,41.378944396972656,0
810,8100197,0.00270473537966609,0.1032947525382042,-0.9997563362121582,-0.5858849883079529,-0.8287900686264038,0.1734321415424347,29.30522346496582,-11.627799987792969,41.85725021362305,0
811,8110005,-0.024325411766767502,0.059700727462768555,-1.029977560043335,0.2363511472940445,-0.9240506887435913,-0.16775090992450714,28.746889114379883,-8.786147117614746,41.06765365600586,0
812,8120117,0.054870955646038055,-0.005891439504921436,-0.9862480759620667,-0.7592145204544067,0.11353793740272522,-0.029738709330558777,28.2686824798584,-10.49411678314209,40.91272735595703,0
813,8129984,0.06594828516244888,-0.017105823382735252,-1.0017263889312744,0.9680705666542053,-0.4449145495891571,-0.8297911286354065,30.481624603271484,-11.1029052734375,40.644683837890625,0
814,8139823,0.064530149102211,-0.05408000200986862,-1.0151094198226929,-0.1382589042186737,-0.331741064786911,-0.06135173141956329,30.802581787109375,-8.802902221679688,41.4368896484375,0
815,8149945,-0.02884090133011341,0.011086679995059967,-1.016649603843689,-0.2053009420633316,0.27098822593688965,-0.0673665851354599,29.45085906982422,-9.166437149047852,39.48592758178711,0
816,8159917,-0.07212824374437332,0.06316018104553223,-1.0109754800796509,0.6470708250999451,-0.9653447270393372,-0.5454038381576538,30.928430557250977,-10.715954780578613,39.43846130371094,0
817,8169663,0.011207501403987408,-0.028386825695633888,-0.9795212149620056,0.47239214181900024,0.43239760398864746,0.009300311096012592,30.283552169799805,-9.822365760803223,40.44118881225586,0
818,8179811,0.021907564252614975,-0.029155468568205833,-1.0304591655731201,-0.014363305643200874,0.09379126131534576,1.3892040252685547,30.197458267211914,-11.778451919555664,40.28783416748047,0
819,8189799,0.1677028387784958,0.025589264929294586,-1.0179439783096313,-0.2697109580039978,0.9123253226280212,-0.2972087562084198,29.48910140991211,-8.519033432006836,40.19844055175781,0
820,8200075,0.042005643248558044,-0.01463171374052763,-1.0015779733657837,-0.07287134975194931,-0.23809489607810974,-1.027862548828125,28.514141082763672,-7.772622108459473,39.729759216308594,0
821,8210105,0.06189176067709923,0.04411954805254936,-0.962693989276886,-0.06561611592769623,-1.1849571466445923,0.22278821468353271,30.517297744750977,-11.080650329589844,41.77302551269531,0
822,8219948,0.07311664521694183,0.06734063476324081,-0.9921611547470093,0.10102661699056625,0.5353966951370239,0.03204856440424919,30.61472511291504,-9.969905853271484,40.5020866394043,0
823,8230031,0.020287375897169113,0.04975481331348419,-1.0130572319030762,-0.9714210629463196,-0.7556343078613281,0.9451199769973755,29.504436492919922,-9.776317596435547,40.015140533447266,0
824,8239891,0.01281940471380949,-0.14939291775226593,-1.0160913467407227,0.91521155834198,-1.2014451026916504,-0.1257137805223465,29.27265739440918,-9.252555847167969,39.84808349609375,0
825,8249933,-0.014488858170807362,-0.03756957873702049,-0.9654719233512878,-0.2160225808620453,0.024767689406871796,0.6546083092689514,28.42191505432129,-9.814717292785645,40.22299575805664,0
826,8260017,-0.04060021787881851,-0.06874457001686096,-1.0132708549499512,-0.11245063692331314,-0.12876324355602264,-0.5190978050231934,29.518083572387695,-9.329363822937012,38.96480178833008,0
827,8270272,0.077855184674263,-0.05804973095655441,-0.977241575717926,0.6124096512794495,0.5681250691413879,-0.120818592607975,29.834081649780273,-10.511992454528809,38.63715362548828,0
828,8279926,-0.05514945834875107,-0.04920261725783348,-0.9843065738677979,0.3193594515323639,0.6041059494018555,-0.41939282417297363,29.439085006713867,-9.88746166229248,40.000030517578125,0
829,8290072,-0.01630500890314579,-0.005846390500664711,-0.961233913898468,0.2985991835594177,0.8672628402709961,-0.34509164094924927,30.964548110961914,-9.86629867553711,40.4357795715332,0
830,8300417,0.017454808577895164,0.016428034752607346,-0.9844749569892883,0.21616677939891815,0.29856088757514954,0.8040066957473755,29.357812881469727,-11.545990943908691,41.04257583618164,0
831,8309880,-0.05460188537836075,0.020446395501494408,-1.0114881992340088,-0.5111896991729736,0.16814911365509033,0.17445559799671173,31.881576538085938,-10.982011795043945,38.72352600097656,0
832,8320012,-0.03931678086519241,0.05359363555908203,-0.9909541606903076,-0.4605446755886078,-0.31020259857177734,-0.31101953983306885,31.24207305908203,-10.206253051757812,40.86835479736328,0
833,8329938,0.015398092567920685,-0.0402878075838089,-1.000052571296692,-0.3266615569591522,-0.21549934148788452,-0.12727372348308563,31.287616729736328,-10.08310317993164,40.96493148803711,0
834,8339968,-0.029177535325288773,-0.07070334255695343,-1.0076849460601807,-0.023273373022675514,0.2452874481678009,-0.06884471327066422,28.812557220458984,-11.175528526306152,40.81119155883789,0
835,8349895,-0.012855039909482002,-0.02721494622528553,-0.9997122883796692,-0.06199773773550987,-0.7841916680335999,0.33231088519096375,29.84222412109375,-9.75175666809082,41.425575256347656,0
836,8360165,-0.06434764713048935,-0.13300566375255585,-1.0300363302230835,0.12208998203277588,0.8910490870475769,0.7044249176979065,30.09974479675293,-10.087447166442871,39.69329071044922,0
837,8369894,0.06462272256612778,-0.06940920650959015,-0.9949332475662231,-0.7971418499946594,0.5864381194114685,0.04077893868088722,28.611143112182617,-10.750018119812012,39.62144470214844,0
838,8380036,-0.014295539818704128,-0.09270051121711731,-0.9914611577987671,0.15558257699012756,0.4297436773777008,-0.1164541020989418,28.765779495239258,-10.12015438079834,37.95293045043945,0
839,8389867,-0.0557183176279068,-0.030366437509655952,-0.9861782789230347,-0.38614898920059204,0.7019786238670349,0.4250466823577881,29.53276252746582,-9.73886775970459,38.86370086669922,0
840,8400095,0.04755990579724312,-0.02066866122186184,-0.9733412265777588,0.3302420973777771,0.6195763945579529,-0.18597780168056488,29.36780548095703,-10.063214302062988,39.207088470458984,0
841,8410070,-0.035394541919231415,-0.020254401490092278,-0.9924140572547913,-0.5720773935317993,0.4452895224094391,-0.6544154286384583,28.990930557250977,-10.0078125,39.087093353271484,0
842,8419937,-0.008936150930821896,0.03735743463039398,-0.997363805770874,0.11326560378074646,0.4900101125240326,0.34302443265914917,31.646778106689453,-9.676477432250977,40.30121612548828,0
843,8430053,-0.09421484917402267,-0.05083209648728371,-1.0133253335952759,0.5572443008422852,-0.3878364562988281,0.06529112160205841,29.127042770385742,-11.02206039428711,42.21832275390625,0
844,8440035,-0.08590693771839142,-0.02320089004933834,-1.0077569484710693,-0.3548301160335541,0.4675106108188629,-0.22405101358890533,29.873641967773438,-10.140581130981445,38.710418701171875,0
845,8449751,0.01379353180527687,0.012126294896006584,-1.0494061708450317,0.2473699301481247,-0.24633213877677917,-0.7588367462158203,30.627370834350586,-11.87679672241211,40.09851837158203,0
846,8459627,0.010715371929109097,0.028263885527849197,-0.9950846433639526,0.37047117948532104,-0.9231140613555908,-0.03643844649195671,29.67131233215332,-9.099032402038574,39.08973693847656,0
847,8470249,0.018653517588973045,-0.03940783441066742,-1.0147486925125122,0.3941822350025177,-0.5196320414543152,0.5721396207809448,29.012489318847656,-9.712102890014648,38.894718170166016,0
848,8479796,-0.025103457272052765,-0.012563148513436317,-0.9911020398139954,-0.3036925792694092,-0.24583126604557037,0.6445916295051575,29.896032333374023,-11.376587867736816,41.3652458190918,0
849,8490121,-0.05112883821129799,0.053548283874988556,-1.0026277303695679,-0.06459704786539078,0.13465173542499542,-0.45361024141311646,30.742477416992188,-8.89603328704834,40.22208786010742,0
850,8499927,-0.03881853073835373,-0.06912761926651001,-1.020124912261963,0.3028729557991028,-0.8188532590866089,0.5266841650009155,29.29401397705078,-9.14503288269043,40.25837707519531,0
851,8509684,-0.07665286213159561,-0.02198571152985096,-1.028767704963684,-0.24791747331619263,-0.3234335780143738,-0.1627264767885208,27.82207679748535,-9.60621166229248,38.30815505981445,0
852,8519858,0.007385095115751028,0.10260970145463943,-1.0379753112792969,-0.8275976181030273,-0.17647594213485718,-0.39912155270576477,30.001710891723633,-10.63831901550293,40.896270751953125,0
853,8529922,0.0132456598803401,-0.011018284596502781,-1.0041807889938354,-0.3907192349433899,-0.7548075318336487,-0.16007517278194427,30.725366592407227,-8.929508209228516,39.24808883666992,0
854,8540012,-0.013290200382471085,0.017209691926836967,-1.0146174430847168,-0.8047133088111877,0.5168948173522949,-0.3660702109336853,31.85730743408203,-10.075847625732422,41.98019790649414,0
855,8549940,-0.0415383018553257,0.05687249079346657,-1.00343918800354,0.2773868441581726,-0.1453416496515274,0.08053630590438843,31.034698486328125,-10.766670227050781,39.31415939331055,0
856,8560026,0.013152338564395905,-0.03258896619081497,-0.9698204398155212,-0.12982480227947235,0.40691569447517395,0.17049795389175415,30.919904708862305,-8.562341690063477,40.27520751953125,0
857,8570332,-0.15835358202457428,-0.01457857433706522,-1.0193419456481934,0.5058839917182922,-0.20028471946716309,-1.1520428657531738,30.40143394470215,-11.118014335632324,40.271705627441406,0
858,8579788,0.022744933143258095,-0.04900409281253815,-0.9981356263160706,0.2735326588153839,-0.2682199478149414,-0.0005766201647929847,30.5998477935791,-9.939722061157227,39.68803024291992,0
859,8589968,-0.025223340839147568,0.09460011124610901,-1.0089263916015625,-0.9568362832069397,-0.30356934666633606,0.13064315915107727,31.071353912353516,-9.3421630859375,40.65141677856445,0
860,8599987,0.058975063264369965,-0.0038418995682150126,-0.9884201288223267,-0.2911188304424286,1.4227051734924316,0.6353597044944763,30.429733276367188,-11.586852073669434,39.640174865722656,0
861,8610474,-0.04072689265012741,-0.038660984486341476,-0.992182731628418,0.7585940957069397,0.2600916028022766,0.946845293045044,30.83147621154785,-8.53947639465332,40.699073791503906,0
862,8619920,0.08488448709249496,-0.0043638297356665134,-0.9928894639015198,0.2441137731075287,-0.12447510659694672,-0.40819495916366577,30.71074676513672,-9.600120544433594,40.23249053955078,0
863,8629917,0.0608031265437603,0.026200737804174423,-0.988083004951477,-0.6495778560638428,-0.4037686586380005,1.2347283363342285,30.0460205078125,-9.879688262939453,38.788856506347656,0
864,8640176,0.011836963705718517,0.037399064749479294,-0.9755893349647522,-0.1255541741847992,-0.5602773427963257,0.29129865765571594,30.09440040588379,-10.244378089904785,41.240936279296875,0
865,8650090,-0.036932241171598434,-0.03188929706811905,-1.017442226409912,0.045183099806308746,-0.5200883746147156,-0.12279047816991806,30.78778076171875,-11.775975227355957,41.153656005859375,0
866,8660148,0.017802167683839798,0.055519863963127136,-0.9901814460754395,-0.4852617383003235,-0.38367223739624023,-0.17567545175552368,30.252349853515625,-10.144892692565918,40.12706756591797,0
867,8670274,-0.14099562168121338,-0.0021169199608266354,-0.9868194460868835,0.5018770098686218,-0.4064677953720093,-0.13461261987686157,28.180644989013672,-9.655719757080078,40.78364944458008,0
868,8680011,-0.040132198482751846,0.081510029733181,-0.9561598300933838,0.7037860155105591,0.3224080204963684,0.6035053133964539,30.195037841796875,-9.454065322875977,39.59382629394531,0
869,8690196,-0.0037740168627351522,0.034569308161735535,-0.9949999451637268,-1.098021388053894,0.3914749324321747,-0.008976387791335583,29.478607177734375,-11.474037170410156,39.413291931152344,0
870,8699851,-0.03468932956457138,-0.08241185545921326,-0.9758813381195068,-0.4418717920780182,-0.1272987574338913,0.44665518403053284,30.291479110717773,-9.783238410949707,40.81999969482422,0
871,8710290,-0.028965644538402557,0.011771323159337044,-1.012630581855774,-0.6378995180130005,0.02878599613904953,-0.4633371829986572,30.631254196166992,-8.711050987243652,41.62944412231445,0
872,8720107,-0.04490087926387787,0.0026326903607696295,-0.9384714961051941,-0.22869953513145447,0.5846254825592041,0.5328100323677063,30.813241958618164,-10.028564453125,39.481239318847656,0
873,8729972,0.0006252808379940689,0.08416177332401276,-1.018151879310608,-0.45595279335975647,0.09702925384044647,-0.31318891048431396,31.236175537109375,-9.280917167663574,40.387725830078125,0
874,8739700,-0.08823326230049133,0.06566359102725983,-0.996623694896698,-0.16257202625274658,-0.5671631693840027,-0.5687735676765442,29.051441192626953,-9.805875778198242,38.607276916503906,0
875,8750194,-0.014275682158768177,0.02487616427242756,-1.006561279296875,0.1620057225227356,-0.7111309170722961,-0.04451412707567215,29.440671920776367,-11.656908988952637,39.41347885131836,0
876,8759766,-0.035390909761190414,0.12485917657613754,-1.0363184213638306,0.9981527924537659,0.11405476927757263,-0.3624853789806366,30.11128044128418,-10.306428909301758,38.84059524536133,0
877,8770186,0.045175615698099136,-0.018078045919537544,-0.9969972372055054,0.293084055185318,0.45994871854782104,-0.734020471572876,30.085750579833984,-5.943134307861328,38.6555290222168,0
878,8780035,-0.05822574719786644,0.04295278713107109,-0.9663272500038147,-1.309267520904541,0.08490253984928131,0.26835131645202637,29.694501876831055,-8.92037582397461,40.361610412597656,0
879,8790179,-0.07740533351898193,-0.03670230880379677,-0.9956279397010803,-0.49719497561454773,0.25356990098953247,0.15951646864414215,31.42745018005371,-9.30038833618164,39.028961181640625,0
880,8800094,0.10717605799436569,0.05451158061623573,-1.002580165863037,0.2890794277191162,-0.0935404971241951,0.7994866371154785,31.386550903320312,-8.886966705322266,41.15779113769531,0
881,8810050,-0.04140274226665497,0.015303079970180988,-0.9879931807518005,0.7801792621612549,-0.5857717394828796,-0.47964802384376526,29.72080421447754,-11.229289054870605,39.6349983215332,0
882,8819671,-0.01106108445674181,0.042284589260816574,-1.0058562755584717,-0.8600354790687561,0.5665889382362366,-0.6766998767852783,30.18112564086914,-10.503494262695312,39.29539108276367,0
883,8829806,-0.10728949308395386,0.03083658590912819,-0.9782060980796814,0.3531349301338196,0.6613061428070068,-0.1399766355752945,30.69921875,-10.646561622619629,40.71805191040039,0
884,8839897,0.041550278663635254,-0.06173262745141983,-0.9780720472335815,0.8436697125434875,-0.4576348066329956,0.29112282395362854,29.61113166809082,-9.92580509185791,41.35610580444336,0
885,8849861,-0.031873833388090134,-0.1008286252617836,-1.0335657596588135,-0.16286973655223846,0.3996199667453766,-0.3594684898853302,30.402530670166016,-9.583449363708496,39.16773986816406,0
886,8860383,-0.0868963971734047,0.00535111827775836,-0.9972546100616455,-0.32719799876213074,-0.32671552896499634,0.2340575009584427,31.286598205566406,-9.825884819030762,38.137855529785156,0
887,8869972,0.0186111219227314,0.01893274299800396,-1.016638994216919,0.2672746479511261,-0.3591461777687073,-0.1563292145729065,29.724042892456055,-10.41913890838623,40.732574462890625,0
888,8880003,-0.11921674013137817,-0.034798119217157364,-1.0287299156188965,1.2339433431625366,-0.2355313003063202,0.06630077213048935,30.886825561523438,-9.07316780090332,42.10369873046875,0
889,8889966,-0.013373199850320816,-0.035066280514001846,-0.9798359274864197,-0.33050888776779175,-0.6263103485107422,0.19088678061962128,29.39006996154785,-8.601130485534668,36.92513656616211,0
890,8899883,0.06629080325365067,-0.02829071693122387,-0.9913479685783386,-0.6656779646873474,0.16531813144683838,-0.4176359474658966,30.09520149230957,-9.754677772521973,38.06837463378906,0
891,8910010,-0.030237862840294838,-1.2119779057684354e-05,-0.9948392510414124,-0.5178220272064209,-0.47016921639442444,-0.3617975413799286,31.276012420654297,-11.33380126953125,40.02526092529297,0
892,8919920,0.02333531342446804,0.08397150039672852,-0.9914113283157349,1.2531808614730835,0.28853484988212585,-0.4886288642883301,32.366214752197266,-9.636175155639648,38.521728515625,0
893,8929842,-0.021654004231095314,0.018022971227765083,-1.0049536228179932,-0.2879107892513275,-0.4960368871688843,-0.849517285823822,29.203144073486328,-11.183324813842773,40.789066314697266,0
894,8940085,0.038627248257398605,0.03679278492927551,-1.0208699703216553,0.5135752558708191,0.3715406358242035,-0.24105998873710632,30.367368698120117,-12.582103729248047,38.41832733154297,0
895,8950148,0.05616313964128494,-0.0037151516880840063,-1.0101598501205444,0.029466766864061356,0.3135237395763397,-0.3061879873275757,28.71329689025879,-8.466577529907227,41.93644714355469,0
896,8959815,-0.026562724262475967,-0.01572866551578045,-1.0173125267028809,0.8463383913040161,-0.04686187580227852,0.24057692289352417,28.783403396606445,-10.688203811645508,39.53038787841797,0
897,8970216,0.013188718818128109,-0.025270706042647362,-1.0119956731796265,0.2284667193889618,1.1188782453536987,-0.35050132870674133,31.01192283630371,-8.382634162902832,40.46767807006836,0
898,8980208,0.013207337819039822,-0.033893946558237076,-0.9973937273025513,0.06015164777636528,0.3101390302181244,-0.09263106435537338,30.51232147216797,-8.56281852722168,40.0360107421875,0
899,8989853,0.03160230815410614,-0.1082078143954277,-0.9825373888015747,0.34267255663871765,0.33405959606170654,-0.3128373324871063,30.421310424804688,-9.902122497558594,40.219093322753906,0
900,9000228,0.068525530397892,-0.011259320192039013,-1.022369623184204,-0.40377289056777954,-0.4650273621082306,0.8317345976829529,30.707355499267578,-11.170331001281738,39.464263916015625,0
901,9010253,0.056499723345041275,-0.06446823477745056,-0.9934126734733582,0.5536307692527771,0.6533805727958679,0.9441051483154297,29.344797134399414,-8.867510795593262,40.09988021850586,0
902,9019930,-0.01143624261021614,0.054059356451034546,-1.0143957138061523,0.6567355990409851,0.1345595121383667,0.2810693681240082,29.28723907470703,-10.750513076782227,41.78937911987305,0
903,9030088,0.033310454338788986,-0.003204385517165065,-1.0251766443252563,0.22806617617607117,-0.4837474226951599,0.9974824786186218,30.71278953552246,-10.395849227905273,38.49627685546875,0
904,9039901,0.08557146787643433,0.05095300450921059,-0.9883642196655273,-0.08336711674928665,-0.3915795385837555,-0.4937799572944641,30.996374130249023,-8.174413681030273,40.29582214355469,0
905,9049946,0.04177096113562584,-0.06030229106545448,-0.9935312271118164,-0.974163293838501,0.27470943331718445,0.8306347727775574,31.167980194091797,-9.40261173248291,37.38328170776367,0
906,9059997,-0.044730208814144135,0.00447199447080493,-0.9836056232452393,0.5503201484680176,0.23825578391551971,-0.6618824601173401,29.653715133666992,-9.732034683227539,41.713836669921875,0
907,9069911,-0.0025486694648861885,-0.027522722259163857,-0.9839571118354797,1.0471594333648682,1.3624296188354492,-1.5279316902160645,30.828380584716797,-10.26437759399414,40.36960220336914,0
908,9080198,-0.01991494931280613,-0.0006893022218719125,-1.0062928199768066,0.2889154553413391,-0.5355293154716492,0.03334040194749832,30.607330322265625,-8.468179702758789,40.60498046875,0
909,9090031,0.051610950380563736,-0.08283023536205292,-1.035238265991211,0.1281442642211914,-0.9820149540901184,0.14938445389270782,29.544164657592773,-8.505770683288574,40.499359130859375,0
910,9100071,-0.00839155726134777,0.012982617132365704,-0.9868313074111938,-0.17601846158504486,-0.35987624526023865,1.2465102672576904,29.746109008789062,-11.085216522216797,40.82231903076172,0
911,9109971,0.03556181117892265,-0.05654046684503555,-1.0223538875579834,0.3235245645046234,-0.27259621024131775,-0.14889855682849884,27.952550888061523,-10.560846328735352,40.3055305480957,0
912,9119931,0.04829868674278259,-0.014025256037712097,-1.0367484092712402,-0.7409799695014954,0.03775915503501892,-0.21572089195251465,29.94864845275879,-10.396997451782227,40.310096740722656,0
913,9129751,-0.006726614665240049,0.007057716604322195,-1.013169527053833,0.40263664722442627,0.41488248109817505,-0.1368333399295807,28.602249145507812,-12.243886947631836,40.083595275878906,0
914,9139653,0.014356164261698723,0.01168524008244276,-1.0439199209213257,0.8578963875770569,-0.24231941998004913,0.27375081181526184,30.133241653442383,-10.871580123901367,40.21662521362305,0
915,9149905,0.004910784773528576,-0.028615659102797508,-0.9896090030670166,0.524293065071106,1.6810123920440674,0.3505725562572479,31.295169830322266,-10.045333862304688,41.2845344543457,0
916,9159858,-0.04216812923550606,0.03721633926033974,-0.9994648694992065,-0.9877986311912537,-0.10205550491809845,0.6158751845359802,29.261341094970703,-8.73968505859375,39.3157844543457,0
917,9170129,-0.027193553745746613,-0.04387393593788147,-1.0090904235839844,-0.5769917368888855,0.36105653643608093,-1.2654986381530762,29.84881591796875,-8.016417503356934,40.25047302246094,0
918,9179938,-0.06294833868741989,-0.004627628717571497,-0.9897124171257019,-0.0884527862071991,-0.06261265277862549,0.08112290501594543,29.87005043029785,-10.901215553283691,39.601829528808594,0
919,9190015,0.014486775733530521,-0.016677333042025566,-1.0161970853805542,-0.5694974064826965,-0.2528534233570099,0.4320948123931885,30.76969337463379,-9.295541763305664,40.79341125488281,0
920,9199780,0.03984878212213516,0.05152425169944763,-1.0080780982971191,0.9631345272064209,0.09492849558591843,-0.47110530734062195,28.030616760253906,-7.564697742462158,40.06126403808594,0
921,9210078,-0.006952542345970869,0.06362776458263397,-0.9960576891899109,0.6570181846618652,0.04998336732387543,-0.18075788021087646,29.19917869567871,-8.721237182617188,40.25507736206055,0
922,9219973,0.027621472254395485,-0.0911860242486,-0.9880776405334473,-0.616364598274231,0.5762485861778259,-0.18891821801662445,29.37265968322754,-11.255821228027344,41.14274978637695,0
923,9230112,0.0701913833618164,-0.04781428724527359,-1.010513186454773,-0.8037594556808472,0.38054224848747253,0.46342945098876953,32.12415313720703,-9.666037559509277,39.584285736083984,0
924,9240045,0.061579618602991104,0.0014525840524584055,-1.046550989151001,0.3565797507762909,0.08273815363645554,-0.33273956179618835,29.472198486328125,-10.249704360961914,39.32769012451172,0
925,9250074,-0.01347535289824009,-0.0565422922372818,-0.98172527551651,0.49271485209465027,-0.002514548134058714,-0.6361569166183472,29.441715240478516,-12.567651748657227,38.81781768798828,0
926,9259731,-0.04473181441426277,0.003595600603148341,-1.0074814558029175,-0.9312086701393127,0.2403043806552887,0.26438409090042114,30.072050094604492,-11.496675491333008,40.07575988769531,0
927,9269964,0.01725338026881218,-0.030354686081409454,-0.9950975775718689,-0.7263043522834778,0.3978617489337921,-0.12152759730815887,28.8448429107666,-8.785317420959473,40.3631477355957,0
928,9280279,-0.07769734412431717,-0.06463780999183655,-0.9958986043930054,-0.9282612204551697,-0.1897202581167221,-0.7937329411506653,28.961793899536133,-9.271951675415039,41.326805114746094,0
929,9290082,-0.11929705739021301,-0.021898236125707626,-0.9869343638420105,0.6935601234436035,-0.2919865548610687,0.924533486366272,27.205556869506836,-10.356359481811523,38.21449279785156,0
930,9299834,-0.02540890872478485,-0.08342389762401581,-1.026450276374817,0.33461806178092957,-0.4071495234966278,-0.26333877444267273,30.880773544311523,-11.100768089294434,39.679344177246094,0
931,9310038,-0.03886157646775246,-0.015567767433822155,-0.9920370578765869,0.3097718060016632,0.7163970470428467,0.6070877313613892,31.12561798095703,-9.21040153503418,40.797306060791016,0
932,9319931,-0.010450663045048714,-0.014075792394578457,-0.9854698777198792,-0.4461507499217987,-0.10654951632022858,-0.555961012840271,31.332304000854492,-8.760065078735352,38.703712463378906,0
933,9329908,0.08656299114227295,-0.011956438422203064,-0.9580713510513306,-0.2538096606731415,-0.09310147911310196,1.2435036897659302,29.565675735473633,-11.05556583404541,38.33229064941406,0
934,9340207,-0.04233274981379509,0.01853703148663044,-0.9913346767425537,0.27903124690055847,0.5909072756767273,0.0693557858467102,28.31795310974121,-9.05734920501709,40.95454788208008,0
935,9349842,0.017834387719631195,-0.02160784974694252,-0.9688368439674377,0.15343809127807617,0.040309250354766846,-0.94817715883255,30.973430633544922,-8.865532875061035,40.39905548095703,0
936,9360059,0.028743989765644073,0.06096908822655678,-0.9900299310684204,0.07229107618331909,0.14606641232967377,0.5010523796081543,29.170040130615234,-10.44840145111084,39.41488265991211,0
937,9370112,0.021230606362223625,-0.0384659580886364,-0.9872980713844299,-0.4842170476913452,-0.15026792883872986,-0.6470343470573425,29.058809280395508,-9.777692794799805,40.04729461669922,0
938,9379821,0.046012647449970245,-0.0855589210987091,-0.9926576614379883,0.2712532579898834,-0.08200624585151672,-0.42373478412628174,29.269275665283203,-9.634636878967285,40.32352828979492,0
939,9390180,0.029342522844672203,-0.0204005166888237,-0.9907763600349426,0.989250898361206,0.443393349647522,0.16232411563396454,29.233043670654297,-8.88293743133545,40.10002136230469,0
940,9399927,0.06300780922174454,0.0015471713850274682,-1.0087318420410156,0.4323135316371918,-0.7377086281776428,0.6576386094093323,31.629732131958008,-9.841053009033203,41.1391716003418,0
941,9410201,0.09197834134101868,-0.05717718228697777,-1.011529803276062,-0.1981075257062912,0.16582228243350983,-0.03845768794417381,30.76861000061035,-11.032915115356445,38.626747131347656,0
942,9419983,-0.04638498276472092,0.021575188264250755,-0.999918520450592,0.7604272365570068,0.5689245462417603,0.10385610908269882,31.119342803955078,-10.397489547729492,40.24055099487305,0
943,9429905,-0.05699608102440834,0.01393945049494505,-1.0153300762176514,-0.39714086055755615,-0.7790682911872864,0.658938467502594,29.016834259033203,-10.028931617736816,42.114891052246094,0
944,9440015,0.014362688176333904,-0.02360701933503151,-0.9962093234062195,0.5379322171211243,0.3167853355407715,0.049789685755968094,30.020164489746094,-10.145033836364746,41.5367546081543,0
945,9449757,0.042034320533275604,0.05799805000424385,-1.0031400918960571,0.5482953190803528,-1.4610687494277954,0.08212602883577347,28.527936935424805,-11.931057929992676,39.669429779052734,0
946,9459938,-0.039297472685575485,-0.010614974424242973,-1.025831699371338,0.33992037177085876,-0.1863056719303131,-0.2575370669364929,29.292850494384766,-10.95944881439209,39.274383544921875,0
947,9470041,0.005107483826577663,-0.03352893888950348,-0.9696242809295654,-0.0848752036690712,0.9138180017471313,-0.23119312524795532,30.431087493896484,-10.075287818908691,40.198974609375,0
948,9480114,-0.004826724994927645,0.060920972377061844,-0.9822385907173157,0.42557230591773987,0.6591845750808716,0.13835890591144562,29.875717163085938,-9.067044258117676,39.22380447387695,0
949,9489870,-0.023729097098112106,-0.016079101711511612,-1.0262967348098755,-0.630284309387207,1.0605870485305786,0.11394419521093369,29.134376525878906,-8.303400039672852,38.82682418823242,0
950,9499871,0.06674005091190338,-0.014010385610163212,-1.0071147680282593,0.012974131852388382,0.5196877121925354,0.3155653178691864,30.024187088012695,-8.489996910095215,39.873497009277344,0
951,9509819,0.053740616887807846,-0.01608917862176895,-0.9981597661972046,-0.23747314512729645,0.25156593322753906,-0.28057658672332764,29.205135345458984,-11.371712684631348,40.16640090942383,0
952,9520126,0.019603541120886803,-0.026439780369400978,-0.9957726001739502,0.5402225852012634,0.22204279899597168,-0.6011030077934265,30.23835563659668,-9.879464149475098,41.065921783447266,0
953,9530178,0.08167169988155365,0.04889015853404999,-0.9854112267494202,-0.4716009497642517,-0.5980329513549805,-0.3422951400279999,30.810096740722656,-12.20085620880127,41.155052185058594,0
954,9540130,-0.0044912053272128105,0.052207425236701965,-0.9754196405410767,0.5346366763114929,-0.45576003193855286,0.17964351177215576,29.972517013549805,-7.426745891571045,41.07455062866211,0
955,9550094,-0.047378189861774445,-0.02360360510647297,-1.0274361371994019,1.135939121246338,-0.3322075307369232,0.1291024535894394,31.12763023376465,-10.860420227050781,38.88837814331055,0
956,9559819,-0.016557928174734116,0.00917466077953577,-0.9843207001686096,-1.0568584203720093,0.06947246193885803,0.24862924218177795,29.635986328125,-10.592778205871582,40.86406326293945,0
957,9570196,0.006578278262168169,0.026673590764403343,-1.0040148496627808,-0.18375128507614136,0.7828473448753357,-0.5774463415145874,30.085350036621094,-8.331347465515137,40.80630874633789,0
958,9580134,-0.03382633253931999,-0.05387553200125694,-1.0115814208984375,-0.03599423170089722,-0.47476664185523987,0.24550645053386688,29.51224708557129,-8.14197063446045,40.40017318725586,0
959,9590092,0.08780201524496078,-0.10093937069177628,-0.9716029167175293,-0.3607577681541443,0.6488870978355408,-0.3063707649707794,27.61628532409668,-8.046917915344238,40.45359802246094,0
960,9599914,-0.07053477317094803,0.030411111190915108,-0.9889785647392273,0.2339080423116684,0.22849100828170776,-0.12592501938343048,29.199827194213867,-12.045151710510254,39.75725555419922,0
961,9610025,-0.0974595919251442,-0.040641967207193375,-1.004582405090332,0.18416279554367065,0.26564329862594604,-0.42142587900161743,29.516956329345703,-9.69587516784668,38.98331069946289,0
962,9620022,-0.1067613884806633,-0.09098275750875473,-1.0077153444290161,0.15213845670223236,-0.7841940522193909,-0.6130440831184387,29.977951049804688,-8.719568252563477,39.95782470703125,0
963,9629799,-0.08996520936489105,-0.03327305242419243,-0.9936965107917786,-1.1121188402175903,0.5739877223968506,0.5938313007354736,30.360431671142578,-7.867485523223877,39.296142578125,0
964,9640083,0.008928820490837097,-0.0041846586391329765,-1.00775146484375,-0.02255985140800476,0.18833184242248535,0.11763885617256165,29.898805618286133,-9.486344337463379,39.894615173339844,0
965,9650217,-0.015745466575026512,0.02453196980059147,-1.0195343494415283,0.005559219978749752,0.1912052184343338,-0.22444383800029755,30.124135971069336,-9.417119979858398,39.88294219970703,0
966,9660014,0.009108652360737324,-0.06036734953522682,-0.9422317743301392,0.5929000973701477,0.10703292489051819,0.4036165773868561,31.13865089416504,-8.994728088378906,40.259979248046875,0
967,9669898,0.028035447001457214,0.020397135987877846,-1.0069395303726196,-0.21919618546962738,0.2077775001525879,0.047948550432920456,30.289382934570312,-9.969876289367676,38.46912384033203,0
968,9679970,-0.07891776412725449,0.03942765295505524,-0.9735834002494812,0.1220150962471962,0.021081477403640747,0.1353490948677063,31.365589141845703,-8.070752143859863,39.95042419433594,0
969,9690168,-0.055644020438194275,0.04809000343084335,-1.0038429498672485,-0.3015596270561218,0.07395379990339279,0.017792146652936935,29.232872009277344,-11.287407875061035,41.26600646972656,0
970,9700297,-0.02584332786500454,-0.030517255887389183,-0.9956381916999817,0.5666274428367615,0.904029130935669,0.44197607040405273,29.852914810180664,-9.299833297729492,40.75813293457031,0
971,9709906,0.021400336176156998,0.02509821206331253,-1.0069998502731323,-0.861375629901886,0.6491811275482178,0.5467857122421265,29.38492774963379,-8.988676071166992,39.04850387573242,0
972,9720011,-0.015275726094841957,-0.03746553137898445,-0.9987157583236694,0.6304454803466797,-0.5097616314888,-0.5752694606781006,30.086585998535156,-8.127110481262207,40.150978088378906,0
973,9729783,0.04845993593335152,0.08292842656373978,-0.9933581352233887,-0.25328993797302246,-0.03697112202644348,0.263849675655365,30.264240264892578,-9.720163345336914,38.902931213378906,0
974,9740040,0.03480735793709755,-0.05197615921497345,-0.9767224788665771,0.05744672566652298,-0.49090737104415894,-0.32513922452926636,29.94373893737793,-11.36629867553711,39.525936126708984,0
975,9750077,-0.08895447105169296,-0.062431465834379196,-0.9583511352539062,0.2510550320148468,-0.34721916913986206,0.5221148133277893,31.63869857788086,-9.024415969848633,41.28303909301758,0
976,9760135,-0.03370211273431778,-0.04253130778670311,-0.9813362956047058,0.06062060594558716,0.8177485466003418,-0.4465101957321167,30.11870574951172,-11.552690505981445,38.87531280517578,0
977,9769982,-0.00037062575574964285,0.050212156027555466,-0.9760241508483887,0.13726183772087097,-0.16335532069206238,0.5708925127983093,29.129348754882812,-10.965357780456543,37.56275939941406,0
978,9779838,-0.005793893244117498,0.038543950766325,-0.9717678427696228,-0.8795252442359924,0.616567850112915,-0.8205775618553162,29.651506423950195,-10.491268157958984,39.65096664428711,0
979,9789582,-0.09559468179941177,0.008004878647625446,-1.002264380455017,-0.39156413078308105,-0.5494537353515625,-0.019039278849959373,30.820072174072266,-9.481588363647461,38.296443939208984,0
980,9799666,0.07402820885181427,-0.025066956877708435,-1.0108579397201538,0.7522045969963074,-0.02583751268684864,-0.09159868210554123,29.299379348754883,-11.245062828063965,40.40287780761719,0
981,9809980,0.022638756781816483,-0.037777919322252274,-1.020843744277954,0.3031720221042633,0.9219926595687866,-0.3704673945903778,30.745115280151367,-9.363389015197754,40.8156623840332,0
982,9819847,0.000796860724221915,0.01688349060714245,-0.9571906328201294,0.4055253267288208,0.766765832901001,-0.5602714419364929,29.820606231689453,-9.846277236938477,40.17794418334961,0
983,9830121,-0.024104531854391098,-0.06345553696155548,-1.0198187828063965,0.44455498456954956,1.1240979433059692,-0.594517171382904,30.296539306640625,-10.451220512390137,38.365318298339844,0
984,9840024,0.00349646108224988,-0.016952190548181534,-0.9974595308303833,-0.35029545426368713,0.025825658813118935,0.9551838636398315,31.3430233001709,-10.660945892333984,38.661502838134766,0
985,9850119,0.03837456926703453,-0.10607589036226273,-0.9971905946731567,0.17025519907474518,1.2264678478240967,0.9014568328857422,30.227251052856445,-11.040822982788086,39.65200424194336,0
986,9860006,-0.0008598477579653263,-0.0627034530043602,-0.9753851890563965,-0.12263284623622894,-0.39133355021476746,0.08755787461996078,32.56401062011719,-10.396078109741211,39.97907638549805,0
987,9870103,0.013494003564119339,0.014672807417809963,-1.026851773262024,0.29361093044281006,-0.22559534013271332,-0.44608214497566223,29.394887924194336,-8.844767570495605,39.37301254272461,0
988,9880125,0.006499020848423243,0.007246790919452906,-0.9957939982414246,-0.39087074995040894,-0.455799400806427,-0.2464493215084076,31.318418502807617,-10.395978927612305,40.04418182373047,0
989,9890024,-0.0036311026196926832,0.0612601712346077,-0.9899038076400757,0.15052755177021027,-0.2224850207567215,0.3808821439743042,29.177722930908203,-9.310285568237305,41.21830368041992,0
990,9900304,0.013691379688680172,0.061107948422431946,-0.9913548231124878,0.5212207436561584,0.6804848313331604,0.069183848798275,28.391103744506836,-10.366392135620117,38.612823486328125,0
991,9910213,0.013889671303331852,0.02245955914258957,-0.9816559553146362,0.9054954648017883,0.8015409708023071,-0.7525475025177002,30.807037353515625,-8.06769847869873,39.98691177368164,0
992,9919909,0.04233366250991821,-0.07551508396863937,-1.0152809619903564,-0.19952036440372467,0.31402748823165894,0.5326768755912781,30.25366973876953,-9.607354164123535,38.18605041503906,0
993,9930159,-0.011163190007209778,-0.024650737643241882,-1.0098786354064941,0.04748903214931488,-0.33996427059173584,0.5239418745040894,29.6433048248291,-9.28981876373291,39.204341888427734,0
994,9940034,0.09701351076364517,-0.040913451462984085,-0.9588093757629395,-0.09406422078609467,0.14013409614562988,-0.48449772596359253,30.13935089111328,-11.472565650939941,40.93020248413086,0
995,9950000,0.10017868131399155,0.020614970475435257,-0.9910127520561218,0.028216900303959846,-0.10639598965644836,0.22659407556056976,29.55915641784668,-10.386314392089844,40.175880432128906,0
996,9960093,0.01704823412001133,0.09087701886892319,-0.9975367188453674,-0.5292847156524658,-0.2923208773136139,-0.7866283059120178,30.77058219909668,-6.635776042938232,38.99754333496094,0
997,9969828,-0.0020795294549316168,0.0046170493587851524,-1.010895013809204,-0.5786945223808289,-0.6602789163589478,-0.5007577538490295,30.706920623779297,-11.273699760437012,39.19818878173828,0
998,9980055,-0.02510926127433777,0.0018880362622439861,-0.9973434209823608,0.8864976763725281,-0.07826270163059235,0.04758477583527565,30.4151668548584,-10.669301986694336,40.2038688659668,0
999,9990099,-0.027185218408703804,-0.010191467590630054,-1.0049127340316772,0.2716856896877289,0.49272605776786804,-0.2985498905181885,29.8416690826416,-7.8905930519104,40.017696380615234,0
1000,9999995,-0.07356968522071838,-0.09106390923261642,-1.0056387186050415,0.9308795928955078,-0.412450909614563,0.8199138641357422,29.43727684020996,-11.101506233215332,40.379364013671875,0
1001,10010167,-0.03780588135123253,-0.08337081968784332,-0.9835848808288574,-0.9908052086830139,0.056740716099739075,-0.25456127524375916,30.5808048248291,-8.93979549407959,40.48613357543945,0
1002,10020090,-0.062025416642427444,-0.009190338663756847,-1.0065405368804932,0.21535347402095795,-0.9086296558380127,-0.18877077102661133,29.69882583618164,-10.067686080932617,40.058876037597656,0
1003,10030122,0.04432990401983261,-0.09125714004039764,-0.9946588277816772,-0.8735397458076477,-0.32078927755355835,-0.02199273742735386,30.491636276245117,-9.203713417053223,39.86506271362305,0
1004,10039925,0.01948000118136406,-0.04644845053553581,-1.011549711227417,-0.490570604801178,0.7486836314201355,0.46139228343963623,30.691362380981445,-10.120351791381836,40.93644332885742,0
1005,10050265,-0.051857396960258484,-0.013815734535455704,-1.0100260972976685,0.08526691049337387,0.5343409776687622,-0.5926697850227356,30.76009750366211,-9.996515274047852,39.59868621826172,0
1006,10060023,0.030920619145035744,0.031328584998846054,-0.9913713335990906,-0.31756874918937683,-0.20582903921604156,-0.2710617780685425,29.906116485595703,-9.434707641601562,40.9823112487793,0
1007,10070097,-0.04562599956989288,0.05284561216831207,-0.9887564778327942,0.494202584028244,-0.04415850341320038,0.4350080192089081,31.41364860534668,-9.239880561828613,40.46898651123047,0
1008,10079973,-0.06115118786692619,-0.012796107679605484,-1.0175613164901733,-0.08494716882705688,-1.032196044921875,-0.01270793005824089,30.417903900146484,-10.352178573608398,39.74546813964844,0
1009,10089988,-0.017410602420568466,-0.016157852485775948,-0.9573731422424316,0.2384786605834961,-0.2595866024494171,-0.12604430317878723,28.31817054748535,-9.345778465270996,40.83961868286133,0
1010,10100109,0.07268235832452774,-0.05267241224646568,-0.9886014461517334,-0.21829552948474884,-0.07073413580656052,-0.6193603873252869,30.708106994628906,-10.286349296569824,40.42790603637695,0
1011,10110179,-0.06910958886146545,0.01946282759308815,-0.9834585785865784,0.2303132861852646,-0.3289909064769745,0.6026092171669006,29.94361114501953,-10.37697982788086,39.91306686401367,0
1012,10120226,0.03813522309064865,0.004713333211839199,-1.0028197765350342,-0.7034267783164978,-0.563941478729248,-0.5410513877868652,30.351076126098633,-9.098434448242188,40.35900115966797,0
1013,10129906,0.024186035618185997,0.07581373304128647,-0.9936181902885437,0.3159196972846985,-0.5066325664520264,-0.3796716332435608,30.885986328125,-9.148030281066895,39.541709899902344,0
1014,10139974,0.080441914498806,0.014458635821938515,-0.9859822392463684,0.358979195356369,0.16035963594913483,0.17338719964027405,29.560314178466797,-8.160001754760742,42.31002426147461,0
1015,10150335,0.015573171898722649,0.10053785890340805,-0.9879924058914185,0.2213771939277649,0.2266411930322647,0.5561507940292358,30.003774642944336,-10.471972465515137,41.276405334472656,0
1016,10159980,0.04468310624361038,0.02809251844882965,-1.0131903886795044,0.2366386353969574,-0.4661027789115906,0.6274072527885437,30.797122955322266,-9.075947761535645,38.08007049560547,0
1017,10170243,0.14329279959201813,0.019040381535887718,-1.0272279977798462,0.04931717365980148,-0.5865352153778076,-0.08331917971372604,30.053159713745117,-10.417284965515137,38.19937515258789,0
1018,10179768,0.005620976444333792,-0.16891524195671082,-0.997191309928894,0.050263240933418274,-0.6345133185386658,-0.223457470536232,29.26484489440918,-9.9945650100708,38.6169319152832,0
1019,10190142,-0.026158038526773453,0.02450881525874138,-1.0127195119857788,0.39746806025505066,0.32341957092285156,0.6013809442520142,31.120203018188477,-11.694034576416016,40.15943145751953,0
1020,10200070,0.001754207769408822,0.06964076310396194,-0.9963801503181458,-0.2165985256433487,0.5290529131889343,1.1613566875457764,30.28325843811035,-10.755302429199219,40.02530288696289,0
1021,10209967,-0.07881099730730057,-0.0020456789061427116,-0.9928314685821533,0.05103900283575058,0.12112244218587875,-0.5827551484107971,29.06358528137207,-10.103821754455566,40.067264556884766,0
1022,10219877,-0.009184816852211952,-0.007954388856887817,-0.986153244972229,-0.3510567247867584,0.23680154979228973,0.10826858133077621,29.05288314819336,-9.566564559936523,40.403076171875,0
1023,10229873,-0.014030017890036106,-0.0677652508020401,-1.008759617805481,0.5202286243438721,0.7533122897148132,-0.29791563749313354,30.149444580078125,-9.340694427490234,40.01490783691406,0
1024,10239845,0.05892577022314072,0.11474981904029846,-0.9891096353530884,0.36984118819236755,-0.2875528931617737,1.2798293828964233,29.832021713256836,-9.32680606842041,39.891876220703125,0
1025,10249990,-0.09570373594760895,0.03174431622028351,-0.9915919303894043,0.8226696848869324,-0.39037081599235535,0.4652707576751709,31.211708068847656,-9.372559547424316,39.67878341674805,0
1026,10260163,0.002719556912779808,-0.06796998530626297,-1.0058342218399048,-0.22591164708137512,0.004679847043007612,1.1074950695037842,29.443376541137695,-9.392505645751953,38.65979766845703,0
1027,10270025,-0.007769670803099871,0.008544289506971836,-1.029643177986145,0.08439413458108902,-0.2426300048828125,-0.0360206738114357,30.45063591003418,-9.343247413635254,39.897918701171875,0
1028,10280013,-0.015587487258017063,0.04407249018549919,-1.0161696672439575,0.22126898169517517,0.22849461436271667,-0.012420285493135452,29.156715393066406,-9.610735893249512,39.057918548583984,0
1029,10290035,0.1268462836742401,-0.05160030722618103,-1.014534592628479,-0.2151007205247879,-0.11057960987091064,1.1315034627914429,30.31882095336914,-9.502632141113281,39.41832733154297,0
1030,10300054,0.00026836059987545013,-0.0206734761595726,-0.9982388019561768,-0.929808497428894,-0.5025084018707275,0.3003622591495514,31.54555320739746,-10.131545066833496,39.69551086425781,0
1031,10309654,-0.009288675151765347,0.01890314556658268,-1.0449132919311523,-0.18268203735351562,-0.8145917654037476,-0.25887659192085266,29.613744735717773,-7.371739864349365,41.02338790893555,0
1032,10319968,-0.025974437594413757,0.027359766885638237,-1.0021129846572876,-0.526540994644165,0.6338986754417419,-0.23244018852710724,29.73362922668457,-9.692233085632324,39.3627815246582,0
1033,10329788,-0.021262597292661667,-0.05219761282205582,-1.0220234394073486,0.9524012804031372,-0.6858245134353638,-0.958788275718689,29.368032455444336,-8.97776985168457,39.331153869628906,0
1034,10340298,0.00864141620695591,0.024798324331641197,-0.9701112508773804,-0.81577467918396,1.240904688835144,-0.07405184954404831,30.40717887878418,-10.755317687988281,40.240962982177734,0
1035,10349912,0.10812519490718842,0.07969726622104645,-1.0080499649047852,0.24208112061023712,0.11672510206699371,0.18705333769321442,29.667402267456055,-11.466730117797852,39.864315032958984,0
1036,10359815,0.036951906979084015,0.018869582563638687,-1.022367238998413,0.7321698665618896,0.011901415884494781,-0.614984393119812,29.976816177368164,-10.890277862548828,41.844276428222656,0
1037,10369917,-0.0399899035692215,-0.08773484826087952,-1.0110596418380737,0.14297065138816833,0.19665031135082245,0.2757432162761688,31.52076530456543,-9.003448486328125,42.05862045288086,0
1038,10380060,0.0277303084731102,0.01069190725684166,-0.9940264821052551,-0.40020835399627686,0.21153628826141357,-0.1100878119468689,31.981801986694336,-10.586493492126465,39.4521484375,0
1039,10390062,-0.00377259636297822,0.0026651478838175535,-1.003095269203186,-0.6203941702842712,0.09402851015329361,-0.6664226651191711,30.418230056762695,-8.670060157775879,39.864749908447266,0
1040,10399869,0.0265278909355402,-0.11604428291320801,-0.9806452989578247,-0.4782555103302002,0.17172443866729736,0.296592652797699,29.782442092895508,-10.82201862335205,39.100162506103516,0
1041,10409932,-0.011692325584590435,-0.03132868558168411,-0.9803668260574341,0.1353261023759842,0.030958758667111397,-0.8239191174507141,30.770545959472656,-9.931388854980469,39.53147888183594,0
1042,10420103,-0.056181591004133224,-0.06023905426263809,-0.9569326639175415,0.22587332129478455,0.1618831753730774,0.5172740817070007,30.654033660888672,-10.930904388427734,39.93169021606445,0
1043,10429794,0.05367730185389519,-0.003128680633381009,-0.983136773109436,0.2846631407737732,-0.742320716381073,-0.04161778464913368,32.081809997558594,-12.04464054107666,40.231300354003906,0
1044,10440163,-0.019929494708776474,0.0199416670948267,-0.9936524033546448,0.2610175907611847,1.2915403842926025,-0.3806317448616028,31.620346069335938,-10.78526496887207,40.470943450927734,0
1045,10449810,0.013345370069146156,-0.09739924967288971,-1.041114091873169,-0.17301174998283386,0.11900565028190613,0.12029871344566345,29.530838012695312,-8.338579177856445,40.86252975463867,0
1046,10460001,0.1025174930691719,-0.0036736822221428156,-1.011963963508606,-0.20955047011375427,0.39245763421058655,0.6104165315628052,31.357637405395508,-9.110444068908691,40.38505935668945,0
1047,10469828,-0.01765289716422558,0.06976421922445297,-0.9889078140258789,-0.2387661188840866,7.440812623826787e-05,-0.8058656454086304,29.36321449279785,-10.517804145812988,39.29210662841797,0
1048,10479944,0.04793243110179901,0.002233650302514434,-0.9967833161354065,-0.37696221470832825,-0.08731801062822342,0.5233395099639893,30.610036849975586,-10.498766899108887,40.23741912841797,0
1049,10490311,-0.05967853590846062,-0.0011184316826984286,-0.9999274611473083,-0.8498380184173584,-0.3056463599205017,0.06316449493169785,30.645620346069336,-11.487074851989746,38.75729751586914,0
1050,10499958,-0.05638197809457779,0.0219286922365427,-0.9914157390594482,0.8450000882148743,-0.4075262248516083,-0.2843962013721466,31.651199340820312,-10.06002426147461,39.80767059326172,0
1051,10509996,0.03018915466964245,-0.004189026076346636,-0.9928842782974243,-0.33151185512542725,0.21247674524784088,0.5967324376106262,30.482166290283203,-8.779484748840332,41.015716552734375,0
1052,10519778,-0.009516586549580097,0.04220069944858551,-0.9886288642883301,-0.28673166036605835,0.11973098665475845,-1.5475016832351685,30.789419174194336,-10.389487266540527,38.557552337646484,0
1053,10529825,-0.012811918742954731,-0.03407062590122223,-0.9955096244812012,0.18586081266403198,-1.2196284532546997,0.37486881017684937,30.06435203552246,-8.921756744384766,40.40129089355469,0
1054,10540066,-0.06711895018815994,-0.012375906109809875,-0.9951372146606445,-0.6748811602592468,-0.04848797619342804,-0.06604678183794022,29.165298461914062,-9.80884838104248,40.012630462646484,0
1055,10549946,-0.005479120183736086,-0.008353170938789845,-0.985203742980957,-0.06753502786159515,0.2924066483974457,0.09180580079555511,29.705230712890625,-9.288143157958984,38.41896057128906,0
1056,10560115,0.005845176056027412,0.010574580170214176,-0.985789954662323,0.8021173477172852,0.05664747580885887,0.23549196124076843,30.31630516052246,-10.725481033325195,40.83283996582031,0
1057,10569997,-0.03322070837020874,0.02423197403550148,-0.9823300838470459,0.23739872872829437,0.2709743082523346,0.2817285656929016,30.42162322998047,-10.091536521911621,39.49799346923828,0
1058,10579754,0.04711034521460533,0.06871020793914795,-1.0203444957733154,-0.2989656925201416,-0.8289936184883118,-0.5107825994491577,28.603191375732422,-9.398604393005371,39.229888916015625,0
1059,10589919,-0.02894437685608864,0.013474920764565468,-0.9896488189697266,1.0274076461791992,0.5842023491859436,0.1319429874420166,30.876813888549805,-8.17101764678955,39.43085479736328,0
1060,10599765,0.06134800612926483,-0.094563327729702,-0.9517773985862732,1.0931082963943481,0.09351251274347305,0.5882736444473267,30.98499870300293,-10.788047790527344,39.980018615722656,0
1061,10610296,-0.011457039974629879,-0.03626648709177971,-0.9895968437194824,-0.08109200745820999,-0.4690614938735962,0.03446290269494057,31.0300350189209,-10.210226058959961,38.7106819152832,0
1062,10620263,0.055512215942144394,-0.04824908450245857,-1.0174775123596191,0.27625468373298645,-0.8285589814186096,-0.7350437045097351,29.91621971130371,-9.934734344482422,38.561893463134766,0
1063,10630000,-0.08101742714643478,0.02598070353269577,-1.0186481475830078,-0.3932191729545593,-0.1201191321015358,-0.10399707406759262,30.06814956665039,-8.811466217041016,38.96039962768555,0
1064,10640104,-0.06013753265142441,-0.005920764058828354,-0.9882217645645142,0.22197312116622925,-0.80019611120224,0.24189333617687225,30.708452224731445,-10.651887893676758,38.335121154785156,0
1065,10649988,-0.03719748556613922,-0.05047411471605301,-0.978759765625,-0.3564116954803467,-0.8190221190452576,-0.4199597239494324,31.899194717407227,-9.515227317810059,41.93454360961914,0
1066,10660012,-0.0839284136891365,0.03737081214785576,-0.9698804020881653,0.2368772029876709,0.3450416326522827,0.6741105318069458,30.65800666809082,-10.045615196228027,39.082332611083984,0
1067,10670130,-0.08519142121076584,0.05409180000424385,-1.0182276964187622,0.02058013156056404,0.39911016821861267,0.6414485573768616,29.973039627075195,-8.343074798583984,39.39912033081055,0
1068,10680172,-0.05335588753223419,0.0958147943019867,-0.9943289756774902,-0.8561342358589172,-0.26198098063468933,0.49459612369537354,29.265106201171875,-10.557668685913086,39.083038330078125,0
1069,10689850,-0.0329759418964386,0.04887480288743973,-1.018601894378662,0.24754318594932556,-0.6723809242248535,-0.3945326805114746,30.254680633544922,-8.739985466003418,39.3117790222168,0
1070,10700079,0.05030733719468117,-0.02047385275363922,-1.0559051036834717,-0.09574645757675171,-0.30192357301712036,0.17825213074684143,30.8670711517334,-11.688604354858398,39.28441619873047,0
1071,10710136,0.029434209689497948,-0.06706773489713669,-0.9563835859298706,-1.0113989114761353,0.6618596315383911,-0.8842015266418457,30.21521759033203,-8.614824295043945,40.57365417480469,0
1072,10720161,0.006401886697858572,-0.05063415691256523,-1.029139757156372,0.8001938462257385,1.0734882354736328,0.021937595680356026,29.761856079101562,-10.688577651977539,38.7531623840332,0
1073,10729838,0.05668215453624725,0.030357401818037033,-1.0320334434509277,0.16894109547138214,0.1994294822216034,-0.5008475184440613,29.11063003540039,-10.513046264648438,40.05044174194336,0
1074,10740268,0.05594363063573837,-0.03961069881916046,-0.9962067604064941,0.6473113298416138,0.14550717175006866,-0.8288614153862,30.356033325195312,-9.865638732910156,40.412811279296875,0
1075,10749827,-0.01577158086001873,-0.030465582385659218,-1.0339876413345337,0.16936637461185455,-0.11902100592851639,-0.6777260899543762,27.905336380004883,-10.385956764221191,39.97957229614258,0
1076,10760415,0.009212156757712364,-0.01334176491945982,-0.9931999444961548,0.4894392788410187,-0.6552827954292297,-0.013720322400331497,29.37260627746582,-10.409568786621094,39.95610809326172,0
1077,10769762,0.022818846628069878,-0.05505383014678955,-0.9920608401298523,0.8313379287719727,0.8065895438194275,0.06849643588066101,29.28294563293457,-10.969156265258789,38.950714111328125,0
1078,10780214,0.018907230347394943,0.03664436936378479,-0.9830732941627502,0.15167655050754547,0.5065592527389526,-0.507089376449585,29.83578872680664,-9.40506362915039,39.962772369384766,0
1079,10790041,0.1334439367055893,0.039689384400844574,-1.0118427276611328,0.47478389739990234,-0.07420229911804199,0.4227388799190521,29.28209114074707,-9.02711009979248,38.83772277832031,0
1080,10799919,-0.03419174626469612,-0.01190818753093481,-1.0045390129089355,0.31349584460258484,0.0897604450583458,-0.818378210067749,30.510305404663086,-9.056026458740234,38.65476608276367,0
1081,10810020,-0.019222930073738098,-0.06436081975698471,-1.015805959701538,-0.5963646769523621,0.7608174085617065,-0.5463545918464661,30.588943481445312,-9.113993644714355,38.71479415893555,0
1082,10819790,-0.04372251406311989,-0.031092137098312378,-0.9716581702232361,0.38890334963798523,-1.0572081804275513,-0.05519646778702736,31.18918228149414,-9.550048828125,40.16735076904297,0
1083,10829943,0.06421754509210587,-0.02322440594434738,-1.030920386314392,-0.10355154424905777,-0.08905024081468582,0.9045908451080322,29.83404541015625,-10.690009117126465,40.552284240722656,0
1084,10840098,-0.06341969221830368,-0.01780685968697071,-0.9844098687171936,-0.5600625276565552,0.3041420578956604,0.07924293726682663,31.163198471069336,-10.015754699707031,39.81125259399414,0
1085,10849976,0.05459840968251228,0.06376867741346359,-0.9554939270019531,-0.39386579394340515,-0.4591432809829712,0.425031453371048,31.628358840942383,-9.893630981445312,39.6776123046875,0
1086,10860121,-0.0807291567325592,0.04236925393342972,-1.0244938135147095,0.97270667552948,-0.011245897971093655,0.13766732811927795,30.169233322143555,-11.385461807250977,39.40132141113281,0
1087,10869902,0.01577710546553135,0.026835739612579346,-1.005417823791504,-0.8112497925758362,-0.48661908507347107,0.15629391372203827,29.147600173950195,-10.861494064331055,37.64883041381836,0
1088,10879961,0.037567686289548874,-0.01613602787256241,-0.9644612073898315,0.1851668655872345,-0.4759463965892792,-0.016931481659412384,30.885784149169922,-9.618900299072266,39.60584259033203,0
1089,10889898,-0.09650854766368866,-0.05846482515335083,-1.0020270347595215,-0.25035080313682556,-0.14654502272605896,-0.34739360213279724,32.26784896850586,-11.926248550415039,39.568092346191406,0
1090,10899929,-0.0259854793548584,0.04744941368699074,-1.022567868232727,0.5804980397224426,-0.7005701661109924,-0.5357556939125061,29.92975616455078,-12.424017906188965,40.732452392578125,0
1091,10909937,-0.039674386382102966,-0.04379687458276749,-0.9765613675117493,0.6818451881408691,0.4086523652076721,-0.11440794914960861,28.268369674682617,-10.887845039367676,39.8841438293457,0
1092,10919905,-0.009959905408322811,0.025966333225369453,-0.9957490563392639,0.7071477770805359,-0.259884238243103,-0.13009007275104523,27.730010986328125,-10.915399551391602,40.443058013916016,0
1093,10930082,-0.001985721755772829,-0.013227910734713078,-0.9811276793479919,-0.18105195462703705,0.04748010262846947,-0.17746958136558533,29.717748641967773,-8.81230640411377,40.4465446472168,0
1094,10939979,-0.11566028743982315,-0.10468195378780365,-1.0448123216629028,-0.31109651923179626,0.2580171227455139,0.2576812207698822,28.89520263671875,-9.468591690063477,41.9256706237793,0
1095,10950155,0.010855311527848244,-0.08833938837051392,-1.0090302228927612,-0.41059693694114685,-0.127879798412323,0.42900240421295166,31.377840042114258,-9.553797721862793,38.29571533203125,0
1096,10960105,0.04247735068202019,0.028396477922797203,-1.0001269578933716,0.33847835659980774,0.034306950867176056,-0.34417393803596497,30.010156631469727,-9.90530014038086,37.95037078857422,0
1097,10970212,0.007303561549633741,0.08771592378616333,-0.9914353489875793,-0.3807559907436371,0.2553854286670685,0.3852706253528595,30.317312240600586,-7.1842875480651855,41.46375274658203,0
1098,10980157,-0.02034997008740902,-0.021608641371130943,-0.9985354542732239,-0.9420759677886963,0.018379442393779755,-0.42850565910339355,30.38420867919922,-10.055768966674805,41.624603271484375,0
1099,10990147,0.03298613801598549,0.054856203496456146,-1.0128761529922485,-0.07971671968698502,-0.4773726761341095,-0.8526189923286438,28.89267921447754,-9.943142890930176,40.29631805419922,0
1100,10999963,-0.016208091750741005,-0.010318568907678127,-1.004470705986023,0.2416553497314453,-0.2545105814933777,0.04931442812085152,31.89273452758789,-11.768534660339355,40.47536849975586,0
1101,11010089,-0.13005799055099487,0.0004374077543616295,-1.0102964639663696,0.2154313325881958,-0.4370441734790802,-0.49509397149086,33.52287292480469,-10.070781707763672,38.30576705932617,0
1102,11020030,-0.02350025065243244,0.012006064876914024,-0.9990708827972412,-0.19188037514686584,-0.4317609667778015,-0.05408162623643875,29.79578971862793,-12.699722290039062,41.13785934448242,0
1103,11030202,0.05554009974002838,0.02061796374619007,-0.9921217560768127,-0.6481488943099976,-0.36143988370895386,-0.027509035542607307,29.296913146972656,-8.272309303283691,41.132720947265625,0
1104,11039750,-0.032300516963005066,0.009640841744840145,-0.9728338718414307,-0.06834851205348969,-0.2220211625099182,-0.7586145997047424,30.767770767211914,-9.123675346374512,40.965309143066406,0
1105,11050164,0.006241152063012123,0.0037905594799667597,-1.0000957250595093,-1.139054536819458,0.7907814979553223,-0.5926017165184021,28.691591262817383,-10.753643035888672,39.49653625488281,0
1106,11059958,-0.037639494985342026,0.012310492806136608,-1.0261934995651245,-0.6425092816352844,-0.5339434146881104,0.56192946434021,29.40766143798828,-9.857531547546387,38.13027572631836,0
1107,11069933,0.00515022873878479,0.09997442364692688,-1.0204159021377563,0.7215436100959778,1.170283555984497,-0.3370276689529419,28.1167049407959,-9.719772338867188,38.52938461303711,0
1108,11079925,-0.019968558102846146,-0.006614058278501034,-1.0186338424682617,-0.8447755575180054,0.4060673117637634,0.5281757116317749,29.775028228759766,-9.050392150878906,41.194053649902344,0
1109,11090124,-0.0014663963811472058,0.10490015894174576,-0.9844822287559509,-0.3367787301540375,-0.18489328026771545,0.20381923019886017,31.150436401367188,-8.748353004455566,40.66123962402344,0
1110,11099896,-0.03488847613334656,0.07021514326334,-0.9884809255599976,-0.14068470895290375,-0.742188572883606,-0.5204911828041077,29.445335388183594,-8.887510299682617,39.92818832397461,0
1111,11110000,0.046867888420820236,0.04692378640174866,-0.9986670613288879,0.1225738450884819,-1.1757009029388428,0.2120853215456009,29.605411529541016,-10.070541381835938,40.11643981933594,0
1112,11120058,-0.09972871840000153,0.014717119745910168,-0.9922003746032715,-0.2064822018146515,-0.37271443009376526,-0.1757965087890625,29.22260856628418,-10.487689971923828,38.8355827331543,0
1113,11130029,-0.11181024461984634,-0.01629532128572464,-0.9880117774009705,-0.005084927659481764,-0.2911224365234375,0.22858111560344696,31.233877182006836,-9.970989227294922,38.72993469238281,0
1114,11140021,0.04012328013777733,0.0226278193295002,-0.9902240633964539,-0.7957268357276917,-0.7552358508110046,0.514602780342102,30.784297943115234,-9.64794921875,39.3261833190918,0
1115,11150064,-0.0009183443034999073,0.03468191996216774,-0.9912865161895752,-0.09456652402877808,-0.09978518635034561,-0.08615415543317795,31.13261604309082,-9.427830696105957,40.6141242980957,0
1116,11160002,-0.007560119032859802,-0.035299304872751236,-1.007216453552246,0.5200788974761963,0.47622451186180115,-0.017766296863555908,29.41551971435547,-11.635479927062988,39.900081634521484,0
1117,11170141,-0.0726579800248146,0.003365896176546812,-1.0324002504348755,-0.4194439649581909,-0.6631677150726318,-0.1856416016817093,29.56793785095215,-8.927571296691895,39.73815155029297,0
1118,11180242,-0.07624673843383789,-0.08008096367120743,-0.9968567490577698,0.13371703028678894,0.3915145993232727,0.8893222808837891,31.258054733276367,-9.512852668762207,41.56496810913086,0
1119,11190008,-0.036347780376672745,-0.06103309243917465,-0.9994938969612122,-0.4012161195278168,0.2430577278137207,-0.7511723637580872,30.13686752319336,-9.765377044677734,40.39790725708008,0
1120,11200000,-0.07175124436616898,0.06932695209980011,-0.9998651742935181,-0.055841803550720215,-0.16801151633262634,0.2910420298576355,30.866422653198242,-10.272159576416016,40.707679748535156,0
1121,11210168,-0.06605788320302963,-0.013615080155432224,-0.9897021651268005,0.40026459097862244,0.13801422715187073,-0.3430993854999542,30.835670471191406,-7.848792552947998,39.150840759277344,0
1122,11219985,0.058976754546165466,-0.024924278259277344,-0.9664651155471802,0.7385122776031494,-0.06679961085319519,-0.08695895969867706,31.16497230529785,-9.12350845336914,38.88457107543945,0
1123,11229974,0.06659765541553497,0.07375534623861313,-0.9990900754928589,-0.20329569280147552,-0.5193341970443726,-0.4626283049583435,29.77134132385254,-10.788125991821289,38.922264099121094,0
1124,11239786,0.01893831603229046,-0.08294129371643066,-0.989971399307251,-0.5441614985466003,-0.5907607674598694,-0.2394391894340515,29.621170043945312,-11.541624069213867,39.611083984375,0
1125,11250042,0.02324249967932701,-0.0033543722238391638,-0.9970834255218506,0.44210073351860046,-0.26950329542160034,-0.6410210132598877,32.07205581665039,-9.310589790344238,41.47037887573242,0
1126,11260011,-0.10400642454624176,0.03694777563214302,-1.002523422241211,-0.46048060059547424,-0.3723694086074829,-0.49079784750938416,30.031105041503906,-9.178196907043457,41.78081512451172,0
1127,11269855,-0.01749097742140293,-0.06367558985948563,-0.9700817465782166,0.10620591789484024,0.19375202059745789,-1.124117374420166,29.69417381286621,-10.720341682434082,39.988712310791016,0
1128,11279952,0.04217581823468208,-0.019489658996462822,-1.0361734628677368,-0.06685450673103333,-1.0689454078674316,0.4518541395664215,30.239017486572266,-11.33566665649414,38.63453674316406,0
1129,11290391,-0.03492318093776703,0.0013199333334341645,-1.0172699689865112,-0.703690230846405,0.1237853392958641,0.06779436022043228,29.00745964050293,-9.183267593383789,41.18745040893555,0
1130,11299899,0.03787847235798836,-0.1273457258939743,-1.0092464685440063,-0.18847469985485077,-0.09756399691104889,-0.5322303175926208,30.700639724731445,-8.748620986938477,39.45602798461914,0
1131,11310361,-0.004109163302928209,-0.10331977158784866,-1.0057628154754639,-0.6623342633247375,0.051132332533597946,-0.34210318326950073,28.972328186035156,-8.445001602172852,39.17909240722656,0
1132,11319990,0.03549109399318695,-0.010095853358507156,-1.0010324716567993,0.8386997580528259,0.5894768834114075,0.713930606842041,29.829483032226562,-10.183698654174805,42.172950744628906,0
1133,11330011,-0.05294925346970558,-0.012607667595148087,-0.9829612374305725,0.7015452980995178,-0.882229208946228,0.11265677958726883,28.430360794067383,-9.894454956054688,40.71110153198242,0
1134,11340036,0.04308104142546654,-0.029793281108140945,-1.0083839893341064,0.40249428153038025,0.5148163437843323,-0.10304023325443268,28.59640121459961,-11.08936595916748,40.345001220703125,0
1135,11350195,0.059025153517723083,0.040320008993148804,-1.010282039642334,0.09370636940002441,1.0163503885269165,-0.14006806910037994,30.169130325317383,-8.811752319335938,39.7849006652832,0
1136,11360033,-0.042002689093351364,0.003821213264018297,-0.9877437353134155,0.3513851761817932,0.026904627680778503,-0.10296882688999176,30.303817749023438,-9.484766006469727,41.54204177856445,0
1137,11369902,0.0428176075220108,0.026925604790449142,-0.9802057147026062,1.5043656826019287,-0.38477855920791626,1.0380688905715942,31.73737907409668,-9.590421676635742,40.848968505859375,0
1138,11379820,0.10387630760669708,0.05938668176531792,-0.9648301601409912,-0.8395032286643982,-0.13940604031085968,-0.15618392825126648,28.790382385253906,-9.231755256652832,39.73488998413086,0
1139,11389986,0.061445921659469604,-0.04895807057619095,-1.0012696981430054,0.46545305848121643,0.6034442782402039,-0.6827433705329895,29.00063133239746,-10.968907356262207,40.413692474365234,0
1140,11400070,0.002140128519386053,-0.0715060904622078,-0.9916859269142151,0.36408373713493347,0.6098968386650085,0.7685304880142212,31.07111358642578,-8.932258605957031,42.186092376708984,0
1141,11410298,0.07691160589456558,-0.04465646296739578,-0.9995152354240417,-0.7604284286499023,0.3011762201786041,0.1577690988779068,28.436859130859375,-10.023816108703613,38.84619140625,0
1142,11420177,-0.01187023427337408,0.0326569639146328,-1.0129578113555908,-0.7335877418518066,0.8001347780227661,-0.3392004668712616,30.279659271240234,-11.621416091918945,39.26291275024414,0
1143,11429996,-0.008668246679008007,0.05775658041238785,-1.0140832662582397,-0.08898893743753433,-0.2868158221244812,0.024234842509031296,30.440933227539062,-9.182160377502441,38.112144470214844,0
1144,11439890,0.0020110979676246643,-0.012750639580190182,-0.9851735234260559,0.8222726583480835,0.7175338864326477,0.2712401747703552,29.85857391357422,-10.208673477172852,39.50754165649414,0
1145,11450034,-0.08917225152254105,0.005011250264942646,-0.9874391555786133,-0.2357405424118042,0.053727105259895325,0.3059706687927246,28.996931076049805,-7.8857526779174805,41.890380859375,0
1146,11460119,-0.004961036145687103,0.043481916189193726,-1.0011636018753052,0.5398685932159424,-0.02773047238588333,0.1813431829214096,28.48435401916504,-9.892036437988281,42.5576286315918,0
1147,11469941,-0.008924921974539757,0.013010701164603233,-1.0027979612350464,0.1527431160211563,-0.10087285190820694,0.17863641679286957,30.462825775146484,-8.84218978881836,39.31060791015625,0
1148,11480104,-0.02095806412398815,0.01694609597325325,-0.9783560633659363,0.10452960431575775,-0.0482245497405529,0.21836696565151215,29.562421798706055,-7.827648162841797,38.64900588989258,0
1149,11490003,0.004562029615044594,0.04516634717583656,-1.0158205032348633,-0.3591213524341583,0.6456571221351624,-0.2566896975040436,30.307336807250977,-9.731776237487793,40.716156005859375,0
1150,11499991,-0.0006767732556909323,-0.021162739023566246,-0.9985721111297607,-0.006889675743877888,0.9229238629341125,-0.10503917187452316,29.96175193786621,-8.721795082092285,39.6976432800293,0
1151,11510136,0.03124214895069599,0.055594027042388916,-0.9886375665664673,0.0624300055205822,0.33044198155403137,0.18123218417167664,29.31918716430664,-11.237443923950195,40.31421661376953,0
1152,11519969,-0.06896001845598221,-0.09940743446350098,-0.9825941324234009,-0.024797042831778526,0.38903969526290894,-0.13148732483386993,29.52129364013672,-11.643802642822266,40.094818115234375,0
1153,11529782,-0.05165603756904602,-0.033542681485414505,-1.0010689496994019,-0.08639725297689438,-0.7961412072181702,0.5945197939872742,30.79231834411621,-10.71148681640625,38.74700164794922,0
1154,11539944,0.032802730798721313,-0.0107994694262743,-0.9720134735107422,0.5544532537460327,-0.3357325792312622,-0.14012263715267181,31.27570915222168,-8.355775833129883,39.47799301147461,0
1155,11549933,0.021537471562623978,-0.05569242686033249,-0.996242344379425,-0.05850737541913986,-0.671196699142456,0.03520999103784561,32.08495330810547,-8.722808837890625,39.75260543823242,0
1156,11560183,0.03860403969883919,-0.017116844654083252,-1.0069371461868286,0.36294496059417725,-0.20503577589988708,-0.621880054473877,31.220048904418945,-10.920158386230469,40.613651275634766,0
1157,11570054,0.039591334760189056,-0.06618312001228333,-1.0260926485061646,-0.42387574911117554,-0.8920847177505493,0.44157350063323975,28.40713119506836,-9.498944282531738,38.04509353637695,0
1158,11580010,0.030779864639043808,-0.04050976783037186,-1.000618815422058,-0.8396623730659485,0.4516824185848236,0.06184650957584381,30.6884822845459,-10.318401336669922,40.352455139160156,0
1159,11590002,0.007090695668011904,-0.00206961203366518,-0.9977209568023682,0.3245350122451782,-0.4026220738887787,-1.015967607498169,32.122528076171875,-8.972227096557617,38.993648529052734,0
1160,11600357,-0.046912066638469696,-0.00019922142382711172,-1.002448558807373,-0.6320830583572388,0.9607055187225342,0.7888874411582947,29.013723373413086,-10.158822059631348,40.45677947998047,0
1161,11610043,-0.046203289180994034,0.09482378512620926,-0.9874712228775024,-1.1890554428100586,-0.4357876777648926,0.6436550617218018,28.95558738708496,-10.129083633422852,40.23788833618164,0
1162,11619676,-0.004016252234578133,-0.03906340152025223,-1.009497880935669,-0.9794909954071045,0.05095885694026947,-0.6507001519203186,28.820201873779297,-9.75465202331543,39.12476348876953,0
1163,11630077,0.01834196224808693,-0.11979689449071884,-1.0020604133605957,-0.291652649641037,-0.25780120491981506,0.04757595807313919,30.5519962310791,-9.146111488342285,41.579044342041016,0
1164,11640023,0.07223552465438843,0.01953052170574665,-0.9703131914138794,0.722369909286499,0.2234734743833542,-0.1284734308719635,29.505760192871094,-9.346179962158203,40.2441291809082,0
1165,11650124,-0.08695129305124283,0.024031950160861015,-0.9874882698059082,-1.0395917892456055,-0.622237503528595,-0.22699737548828125,28.34391975402832,-11.717761039733887,38.57203674316406,0
1166,11659932,0.025146840140223503,0.02112748473882675,-0.9908499121665955,1.0812921524047852,-0.2469644546508789,0.6164036989212036,31.51203727722168,-10.948612213134766,42.36288833618164,0
1167,11670027,0.0020627703052014112,-0.005219465121626854,-0.9801556468009949,-0.24017050862312317,0.9642139673233032,0.06302320212125778,29.973939895629883,-9.513757705688477,40.05027389526367,0
1168,11680042,-0.012540318071842194,-0.11945096403360367,-0.9938945770263672,0.6458410620689392,-0.48896536231040955,0.07893136143684387,30.17583656311035,-7.9430251121521,40.694698333740234,0
1169,11689998,0.04464877396821976,0.10706790536642075,-0.9891693592071533,-0.41126784682273865,-0.2550058662891388,0.5502756237983704,28.698896408081055,-8.901006698608398,40.109893798828125,0
1170,11700066,0.02090585045516491,0.006859141867607832,-1.0029914379119873,-0.006827025208622217,0.8862847089767456,-0.143648162484169,28.917736053466797,-9.947449684143066,40.03266906738281,0
1171,11709940,-0.010884048417210579,-0.06307852268218994,-1.0026568174362183,-0.10830456018447876,1.1031668186187744,-0.23725567758083344,30.27973747253418,-10.50539493560791,39.723575592041016,0
1172,11720013,-0.0019533969461917877,0.01175777893513441,-1.01229727268219,0.7360812425613403,0.31509634852409363,-0.09581917524337769,30.17270851135254,-10.43322467803955,40.89453125,0
1173,11729661,-0.06338747590780258,0.10348403453826904,-1.0311334133148193,0.372784823179245,0.8064253926277161,0.4370942711830139,30.979766845703125,-10.933454513549805,40.767539978027344,0
1174,11739889,-0.01675376668572426,-0.008243600837886333,-1.0171347856521606,-0.7173877358436584,-0.26521408557891846,-0.49651843309402466,31.944013595581055,-10.37739372253418,39.546630859375,0
1175,11749949,0.12521770596504211,-0.028521034866571426,-1.007982611656189,0.40827950835227966,0.28734689950942993,-0.13381327688694,29.783708572387695,-12.052871704101562,40.46141052246094,0
1176,11760056,-0.04977080971002579,-0.03195587918162346,-0.9936338663101196,-0.7101948261260986,0.33060938119888306,-0.3175569474697113,29.18975067138672,-8.716716766357422,39.806732177734375,0
1177,11770153,-0.06550119072198868,-0.054778922349214554,-1.0135433673858643,0.6948756575584412,-0.6440459489822388,-0.020037179812788963,30.045263290405273,-10.435022354125977,40.390541076660156,0
1178,11779974,-0.03054802305996418,-0.009241771884262562,-1.0133804082870483,-0.31200456619262695,0.0742805227637291,-0.16345126926898956,31.275772094726562,-11.051432609558105,41.23062515258789,0
1179,11789841,-0.038137037307024,0.02873586304485798,-0.9958641529083252,-0.12216795235872269,0.489805668592453,-0.16008290648460388,29.391252517700195,-10.412644386291504,40.30833053588867,0
1180,11800085,-0.06387794762849808,0.012871953658759594,-1.0037552118301392,-0.13463641703128815,-0.6825277209281921,0.1681378036737442,30.470094680786133,-8.674808502197266,39.659019470214844,0
1181,11810110,0.03940092399716377,0.06069604307413101,-0.9938428997993469,-0.1223619356751442,-0.3445570170879364,0.6681932210922241,31.697002410888672,-9.041206359863281,39.90570068359375,0
1182,11820117,0.0394296832382679,-0.09349418431520462,-1.0019452571868896,0.4644966125488281,0.21240831911563873,-0.04493037611246109,31.448007583618164,-10.969788551330566,39.268070220947266,0
1183,11830174,0.015726357698440552,0.01684287190437317,-1.027525782585144,-0.25300681591033936,-0.29725998640060425,-0.30503571033477783,30.259981155395508,-10.276361465454102,39.78786087036133,0
1184,11839897,-0.062481172382831573,-0.023288117721676826,-1.036228060722351,0.14466699957847595,-0.6578953862190247,1.0272060632705688,30.366092681884766,-10.03154468536377,38.511775970458984,0
1185,11850001,0.016696417704224586,0.016903458163142204,-1.0269776582717896,0.3449830412864685,0.6806851029396057,-0.203464075922966,30.283294677734375,-9.06125259399414,41.158931732177734,0
1186,11860065,-0.018984228372573853,-0.08197719603776932,-0.9579048752784729,0.2374127358198166,-0.23995356261730194,-0.12076789140701294,31.26156997680664,-9.998224258422852,38.714054107666016,0
1187,11870001,0.03686552494764328,0.026030059903860092,-1.0435243844985962,-0.3345716595649719,0.1162806898355484,-0.7394546270370483,27.845073699951172,-10.849563598632812,40.60996627807617,0
1188,11879907,0.023497333750128746,-0.05679366737604141,-0.9834648966789246,-0.8966155648231506,-0.47524839639663696,-0.29718726873397827,31.435834884643555,-10.142351150512695,39.78499984741211,0
1189,11890009,0.007570051588118076,0.0002908304741140455,-0.9793901443481445,0.7750598192214966,-1.2535107135772705,0.08654989302158356,27.302490234375,-10.519447326660156,40.21156692504883,0
1190,11900021,0.019066693261265755,0.035127561539411545,-0.988654613494873,0.4160347580909729,-0.5937687754631042,0.09621415287256241,29.968229293823242,-10.359152793884277,39.17119216918945,0
1191,11909916,0.018532270565629005,-0.044029075652360916,-0.9698166251182556,-0.40485087037086487,0.019557779654860497,0.30204176902770996,31.9992733001709,-9.183744430541992,39.7984504699707,0
1192,11920186,-0.037369776517152786,0.1138034388422966,-0.9695227146148682,0.4323354959487915,-1.0236821174621582,-0.22823140025138855,30.29047966003418,-9.003168106079102,40.79606628417969,0
1193,11930056,-0.08913127332925797,-0.07978106290102005,-0.9747071862220764,0.12601567804813385,-0.18059903383255005,-0.2845950424671173,30.0269832611084,-10.921138763427734,40.008628845214844,0
1194,11940002,0.017337748780846596,0.0009047860512509942,-0.9782479405403137,0.08746979385614395,-0.5342147350311279,-0.9400073885917664,28.99488639831543,-8.675002098083496,40.3109016418457,0
1195,11949902,-0.060316842049360275,0.018621401861310005,-0.99880450963974,-0.34137406945228577,0.931179404258728,0.08151089400053024,29.28166389465332,-8.968857765197754,39.56544876098633,0
1196,11959938,0.04852085933089256,-0.003454117802903056,-0.9830456376075745,-0.21940761804580688,-0.49902766942977905,-0.36893096566200256,28.576669692993164,-11.331470489501953,39.591243743896484,0
1197,11970087,-0.027907319366931915,0.005898200906813145,-1.004058837890625,0.25321462750434875,0.05257941409945488,0.14076387882232666,29.621126174926758,-8.627881050109863,39.647010803222656,0
1198,11979978,0.040302831679582596,0.054078586399555206,-1.0005922317504883,-0.14329087734222412,0.3823365271091461,0.21382321417331696,30.28618812561035,-9.15509033203125,37.94831085205078,0
1199,11989862,-0.021386966109275818,-0.05325598269701004,-1.0219815969467163,0.06284791231155396,-0.4929468333721161,0.03765876591205597,30.964412689208984,-9.761618614196777,41.654273986816406,0
1200,12000084,0.03003670647740364,-0.03813948109745979,-0.9529619216918945,0.21703042089939117,0.6017752289772034,-0.21295563876628876,29.091054916381836,-6.470973968505859,39.501583099365234,0
1201,12010021,0.04525299742817879,-0.03596913442015648,-0.9929108619689941,-0.06911569088697433,-0.21094490587711334,0.11535517871379852,27.811811447143555,-10.037125587463379,40.14689254760742,0
1202,12020099,-0.05776973441243172,0.08053275942802429,-0.9568375945091248,-0.5510150194168091,0.8519791960716248,0.3708934187889099,28.422666549682617,-9.624944686889648,39.96002960205078,0
1203,12029904,0.030586376786231995,-0.02137940749526024,-0.9917206764221191,0.8429228663444519,0.2789081633090973,0.02165546454489231,28.330127716064453,-11.691258430480957,41.04000473022461,0
1204,12039802,0.07961884140968323,0.010441621765494347,-0.9980144500732422,0.999077320098877,-0.4806705117225647,-0.3525090217590332,29.29723358154297,-10.783772468566895,41.504302978515625,0
1205,12050031,0.006670396309345961,0.07121685892343521,-0.9916480779647827,-0.957478940486908,-0.3717533349990845,-0.01717541739344597,29.537626266479492,-9.248513221740723,39.34925079345703,0
1206,12059954,-0.12672801315784454,0.01659459061920643,-0.9661091566085815,-0.34465232491493225,-0.37740635871887207,-0.6251581907272339,32.097198486328125,-10.046847343444824,39.62213897705078,0
1207,12070131,0.013117975555360317,0.05135940760374069,-0.9958299398422241,0.08830390870571136,0.34227365255355835,-0.06492377072572708,30.65483856201172,-11.143550872802734,41.333805084228516,0
1208,12080184,-0.00046179056516848505,-0.08392267674207687,-0.9895036816596985,-0.466641366481781,-0.8583685159683228,0.6692793965339661,29.71237564086914,-9.800040245056152,39.35317611694336,0
1209,12090031,0.005753149278461933,-0.011892028152942657,-1.022009253501892,0.9481033086776733,0.22358468174934387,-0.41542068123817444,29.631166458129883,-10.393421173095703,40.26386642456055,0
1210,12099935,-0.08613792806863785,-0.05921640992164612,-0.9780791401863098,-0.7449994683265686,-0.38030752539634705,0.154868021607399,28.47705841064453,-10.672272682189941,38.8306770324707,0
1211,12110135,0.009797342121601105,-0.007768648210912943,-0.9964641332626343,0.045480649918317795,-0.12437296658754349,0.31774699687957764,30.55448341369629,-9.522162437438965,41.627685546875,0
1212,12120090,-0.009522664360702038,0.0022020211908966303,-0.9806891083717346,0.6371358036994934,0.44175466895103455,-0.6638697981834412,31.330991744995117,-9.932662010192871,38.93065643310547,0
1213,12130104,0.037566378712654114,-0.009538587182760239,-1.0083231925964355,-0.4168602228164673,-0.4842655062675476,0.6557770371437073,29.986169815063477,-8.85478401184082,39.6436882019043,0
1214,12140223,-0.025036828592419624,-0.014742040075361729,-0.9745584726333618,0.6804090738296509,-0.4483014643192291,0.36204901337623596,31.56106185913086,-9.16295051574707,40.7082633972168,0
1215,12150128,-0.06071207672357559,-0.014073661528527737,-0.9564372897148132,0.17142531275749207,-0.3264085054397583,-0.8757197260856628,30.33770179748535,-10.96849250793457,38.799293518066406,0
1216,12159898,0.007889579981565475,-0.019127214327454567,-0.9880449771881104,0.053596414625644684,-0.6698188781738281,-0.09884282946586609,31.421890258789062,-9.339371681213379,38.0517463684082,0
1217,12170061,0.06106320396065712,-0.014350873418152332,-0.9943040013313293,-0.7291715145111084,0.9421400427818298,-0.28863784670829773,30.619680404663086,-10.381514549255371,40.7303352355957,0
1218,12180144,-0.04459547623991966,-0.009170472621917725,-1.0077407360076904,-0.04865037277340889,0.63374924659729,-0.8890257477760315,30.03624153137207,-10.375328063964844,40.18138885498047,0
1219,12190079,0.01682066172361374,0.021786848083138466,-1.011534571647644,-0.7649016380310059,-0.5044753551483154,-0.13679158687591553,28.045291900634766,-10.702858924865723,41.58369827270508,0
1220,12200066,-0.012058851309120655,0.004268314689397812,-1.0134973526000977,-0.7736148238182068,-0.6198536157608032,0.18563120067119598,30.290922164916992,-10.137984275817871,40.88139724731445,0
1221,12210223,-0.01968977600336075,-0.07831011712551117,-0.9693191647529602,-0.3102136254310608,-0.7850828170776367,-1.0727533102035522,29.536428451538086,-10.089967727661133,40.49878692626953,0
1222,12220179,-0.03563511744141579,-0.0505179800093174,-0.9689069390296936,0.05167561396956444,0.40383467078208923,0.2647586166858673,31.290895462036133,-9.563077926635742,39.47623825073242,0
1223,12230062,-0.03572780266404152,-0.02897820807993412,-1.0142287015914917,-0.2284364402294159,-0.3847869038581848,-0.5065604448318481,30.070415496826172,-9.846419334411621,41.31722640991211,0
1224,12240049,0.008747434243559837,0.007844050414860249,-1.0249478816986084,-0.06315842270851135,0.6801484227180481,0.6219743490219116,31.1041259765625,-10.052870750427246,40.02064514160156,0
1225,12249994,0.002487663645297289,-0.017390675842761993,-0.9898402690887451,0.23745520412921906,-0.21884837746620178,-0.4801565408706665,30.637813568115234,-9.275956153869629,40.88733673095703,0
1226,12260022,0.04189751297235489,-0.03905530273914337,-1.0241204500198364,0.2125338912010193,0.2465735822916031,0.10717694461345673,30.410865783691406,-10.101924896240234,39.312862396240234,0
1227,12270276,-0.005240066442638636,0.027965622022747993,-1.014112114906311,0.7073364853858948,-0.6251100897789001,0.3742736577987671,29.237157821655273,-10.450149536132812,37.1484260559082,0
1228,12279898,-0.006095937453210354,0.029001569375395775,-1.0083279609680176,0.45599231123924255,-0.2652807831764221,0.04865013062953949,31.224529266357422,-9.723286628723145,39.729896545410156,0
1229,12290149,-0.010216979309916496,0.11024986207485199,-1.016486644744873,-0.08538489043712616,-0.11184731125831604,0.7906410694122314,29.606956481933594,-10.73999309539795,39.708736419677734,0
1230,12300239,0.024936476722359657,-0.04047534242272377,-1.0063341856002808,0.4946668744087219,0.2847613990306854,0.34014010429382324,31.964351654052734,-10.850631713867188,39.95719528198242,0
1231,12310243,-0.005551351234316826,-0.009071486070752144,-0.9794668555259705,0.5147256255149841,0.21965743601322174,-0.2385054975748062,30.6143741607666,-10.535820007324219,40.559600830078125,0
1232,12319959,0.06536887586116791,0.015189653262495995,-0.984320878982544,0.0016601965762674809,-0.14530563354492188,0.5650737285614014,29.355819702148438,-11.677199363708496,39.989540100097656,0
1233,12330006,0.029334552586078644,0.04148413985967636,-1.0095056295394897,-0.43657606840133667,0.21571233868598938,-0.09010116755962372,29.26348114013672,-10.132576942443848,39.75518798828125,0
1234,12339774,0.04201297089457512,-0.0755641832947731,-0.9915137887001038,0.5237534046173096,-0.05223295837640762,-0.25352081656455994,31.218616485595703,-8.42253589630127,39.820655822753906,0
1235,12349883,0.036275289952754974,-0.05481043457984924,-1.0071730613708496,-0.3812360167503357,0.789926290512085,0.5820332169532776,30.23488998413086,-9.70457649230957,41.213722229003906,0
1236,12360100,-0.01025481428951025,-0.019033825024962425,-1.008725643157959,0.653458833694458,0.31392449140548706,0.0038975621573626995,28.778297424316406,-10.218435287475586,40.693294525146484,0
1237,12370008,-0.07588447630405426,0.030296383425593376,-1.022606611251831,-0.5556387901306152,0.3491033613681793,0.012816174887120724,28.78533172607422,-9.382380485534668,39.137691497802734,0
1238,12379809,0.05902488902211189,0.015893911942839622,-1.0090686082839966,-0.35715252161026,-0.22869977355003357,-0.12981964647769928,29.965473175048828,-7.556881904602051,41.22285842895508,0
1239,12389760,-0.015959326177835464,0.0374608039855957,-0.9881151914596558,0.3550395965576172,-0.18804526329040527,-0.31120312213897705,30.015962600708008,-10.491999626159668,40.62293243408203,0
1240,12400038,0.008581929840147495,0.03234383463859558,-0.9883923530578613,-0.7694815397262573,-0.08393040299415588,-0.9370331168174744,30.603073120117188,-9.432851791381836,39.87837219238281,0
1241,12410214,0.023080123588442802,-0.07296795397996902,-0.9998016953468323,0.10395199805498123,0.0017096002120524645,0.6893326640129089,29.281875610351562,-9.582148551940918,40.816951751708984,0
1242,12420024,0.077103391289711,0.025794310495257378,-1.0324019193649292,-0.15341691672801971,0.5243418216705322,-0.37298280000686646,32.37269973754883,-9.932232856750488,38.72422790527344,0
1243,12430114,-0.015271426178514957,-0.1161210834980011,-1.0582855939865112,-0.8183379769325256,0.2593168318271637,-0.2736542522907257,29.057357788085938,-11.896498680114746,40.33985900878906,0
1244,12440111,0.12276627868413925,0.0427030585706234,-0.9740754961967468,-0.23179273307323456,1.03985595703125,1.2300238609313965,30.151718139648438,-6.822990894317627,41.57967758178711,0
1245,12449892,-0.07917492836713791,-0.06253167986869812,-1.0171338319778442,1.0596559047698975,0.15309648215770721,-0.08642944693565369,29.04772186279297,-10.273783683776855,39.850311279296875,0
1246,12459981,-0.012996592558920383,-0.012972574681043625,-1.0075500011444092,-0.008199991658329964,-0.20945781469345093,0.2958410978317261,29.498992919921875,-8.880067825317383,40.218936920166016,0
1247,12469630,-0.00032555373036302626,0.038644563406705856,-1.0173333883285522,-0.25304222106933594,-0.12155505269765854,0.18989711999893188,28.3289737701416,-8.52449893951416,39.67235565185547,0
1248,12480121,0.011412924155592918,0.07278776168823242,-0.9594001173973083,-0.3467833995819092,1.2140253782272339,-0.21550914645195007,30.042911529541016,-11.843085289001465,39.108829498291016,0
1249,12490093,0.021923905238509178,-0.0374368354678154,-0.9778181314468384,-0.47316601872444153,-1.2462681531906128,-0.2934844195842743,28.86779022216797,-10.393967628479004,39.76933288574219,0
1250,12500302,0.018457291647791862,-0.048771847039461136,-0.9960561990737915,0.33866459131240845,-0.023747794330120087,-0.7914891242980957,28.878326416015625,-10.464591026306152,41.55327224731445,0
1251,12509969,-0.027571890503168106,0.005485814996063709,-0.9670286774635315,0.6454401612281799,-0.6566926836967468,0.4961160719394684,30.06719970703125,-8.711252212524414,39.19455337524414,0
1252,12520087,-0.1098671481013298,-0.06264748424291611,-0.993147075176239,0.45874127745628357,-0.1895488202571869,-0.24861587584018707,30.77785873413086,-10.50308895111084,39.4977912902832,0
1253,12529773,0.06283293664455414,0.030774042010307312,-0.981251060962677,-0.08840401470661163,0.1686159074306488,-0.14600694179534912,30.83026123046875,-9.164717674255371,41.2751579284668,0
1254,12540000,-0.06550704687833786,0.008217145688831806,-0.9849227070808411,0.23129615187644958,-0.1724945604801178,-0.38621485233306885,29.003467559814453,-9.07309627532959,39.3004264831543,0
1255,12550132,0.07303167134523392,0.06759858131408691,-0.9730154871940613,-0.8600112199783325,-0.15787416696548462,0.3542178273200989,29.916744232177734,-11.168256759643555,40.26749038696289,0
1256,12559629,-0.009292199276387691,0.01220129244029522,-0.9959965348243713,-0.4046598970890045,-1.4476484060287476,-0.12612603604793549,31.056856155395508,-8.852694511413574,39.23727035522461,0
1257,12569969,0.036095235496759415,0.04243920370936394,-0.9719766974449158,0.19265569746494293,0.10048326849937439,0.3945264220237732,30.86212730407715,-9.331459045410156,38.78921127319336,0
1258,12579991,0.030809814110398293,0.02943331003189087,-0.9905182123184204,-0.4741075932979584,-0.8028233647346497,-0.09997665137052536,31.544509887695312,-10.339716911315918,41.08531188964844,0
1259,12589972,0.06372424215078354,0.04067707434296608,-1.0136899948120117,0.4914107322692871,0.41271743178367615,0.3839181661605835,29.922069549560547,-9.854290008544922,39.53235626220703,0
1260,12600113,0.05871346965432167,-0.0017929858295246959,-1.0307337045669556,-0.21089039742946625,0.935749888420105,-0.2869299650192261,29.818334579467773,-9.084420204162598,41.0755500793457,0
1261,12609837,-0.029073914512991905,-0.03228573873639107,-0.983895480632782,0.23849716782569885,0.28900209069252014,-0.0514862984418869,30.030607223510742,-9.148597717285156,41.377803802490234,0
1262,12619959,0.033399369567632675,-0.08470809459686279,-1.0006301403045654,-1.1625595092773438,0.21764124929904938,-0.10801666975021362,30.946147918701172,-9.637545585632324,40.38212585449219,0
1263,12629950,-0.01956774853169918,0.011404061689972878,-0.9980472922325134,0.5222725868225098,0.14491601288318634,0.03438817709684372,29.26151466369629,-8.663722038269043,39.85728454589844,0
1264,12640032,-0.011237633414566517,0.03775474801659584,-0.9961028695106506,0.4966842234134674,-0.20142075419425964,0.2215712070465088,30.05378532409668,-8.966983795166016,39.57405090332031,0
1265,12649766,-0.04146571084856987,-0.020214755088090897,-0.9941535592079163,-0.41574418544769287,0.17692361772060394,0.4189015328884125,31.677080154418945,-10.616289138793945,40.24598693847656,0
1266,12659957,0.019586483016610146,0.028244594112038612,-1.0077754259109497,0.1302633434534073,-0.5314087867736816,0.6534962058067322,28.730588912963867,-11.304762840270996,41.89003372192383,0
1267,12669929,-0.047967202961444855,-0.010862408205866814,-1.0165525674819946,-0.6768497824668884,-0.5061715841293335,0.648662805557251,29.934326171875,-10.869708061218262,39.040428161621094,0
1268,12679694,-0.07560539990663528,-0.0015093889087438583,-1.0167088508605957,-0.5069059729576111,-0.8369399309158325,-0.8480953574180603,29.23049545288086,-10.433066368103027,40.040096282958984,0
1269,12689686,0.0376165471971035,-0.004206168465316296,-1.0154144763946533,-0.969837486743927,-0.20572803914546967,-0.04153314605355263,29.272462844848633,-9.133155822753906,37.751251220703125,0
1270,12700094,0.00737713323906064,0.025517664849758148,-0.9772573709487915,0.5389750599861145,0.2116808295249939,0.5750131011009216,29.30267333984375,-9.943252563476562,38.83369445800781,0
1271,12709838,0.08921460062265396,0.005293700844049454,-1.0042673349380493,-0.8260190486907959,-0.5458701848983765,-0.5726962089538574,30.694538116455078,-9.355952262878418,40.49820327758789,0
1272,12719935,-0.04101947695016861,-0.023271381855010986,-1.0129408836364746,0.40746694803237915,-0.553597092628479,0.316292941570282,30.92517852783203,-11.001758575439453,39.789710998535156,0
1273,12729971,0.01297054998576641,-0.02137460932135582,-0.982344388961792,-0.20935146510601044,-0.46081724762916565,-0.3678370714187622,30.967796325683594,-9.106884002685547,41.12606430053711,0
1274,12739895,0.03413861617445946,-0.0019522863440215588,-1.0268254280090332,-0.45945632457733154,-0.24264416098594666,0.2781740427017212,29.963621139526367,-9.511190414428711,40.51756286621094,0
1275,12749751,-0.004398168530315161,0.033132992684841156,-0.9617353677749634,-0.5238924622535706,-0.0235008392482996,-0.7121003270149231,30.09855079650879,-9.473438262939453,38.106197357177734,0
1276,12759775,-0.09708917886018753,-0.06956203281879425,-1.0325521230697632,-0.19255457818508148,-0.3363494873046875,-0.42546185851097107,28.504255294799805,-9.503511428833008,40.16735076904297,0
1277,12770130,-0.005703750066459179,0.022687863558530807,-1.014446496963501,-0.8409959673881531,-0.525524377822876,-0.07732057571411133,28.981630325317383,-10.659764289855957,38.767635345458984,0
1278,12779905,-0.022103410214185715,-0.12806111574172974,-0.9919017553329468,-0.1889718919992447,0.20850339531898499,-0.06732533127069473,29.642566680908203,-8.408571243286133,41.8126220703125,0
1279,12790172,-0.0475381501019001,-0.03764815255999565,-1.010050654411316,1.1222864389419556,0.13584087789058685,-0.7300823926925659,31.141399383544922,-12.413609504699707,39.13445281982422,0
1280,12800218,-0.011331284418702126,-0.02125520631670952,-1.0292333364486694,0.9246180057525635,-0.18768757581710815,0.3379903733730316,30.066537857055664,-10.406057357788086,40.84228515625,0
1281,12809778,-0.06995750963687897,0.07375053316354752,-1.017073392868042,0.07851317524909973,0.3113464415073395,-0.13103124499320984,30.464929580688477,-10.30468463897705,40.765384674072266,0
1282,12819904,-0.07476574927568436,0.009379878640174866,-0.9919834733009338,-0.14694637060165405,-0.3817535936832428,0.5987427830696106,30.453954696655273,-9.195691108703613,40.505985260009766,0
1283,12830099,-0.01783936098217964,-0.014839899726212025,-1.0082541704177856,-0.0781068205833435,0.4192120432853699,-0.22441577911376953,30.226633071899414,-9.391136169433594,39.0222282409668,0
1284,12840050,0.06678146123886108,0.014676076360046864,-1.0080498456954956,0.4446803331375122,-0.760175883769989,1.252472996711731,29.761489868164062,-10.277604103088379,41.3206901550293,0
1285,12849699,0.037091001868247986,-0.0651039108633995,-1.0120823383331299,-0.2982531785964966,0.3172287046909332,-0.011163439601659775,30.473405838012695,-11.096328735351562,41.506752014160156,0
1286,12859920,0.1123456135392189,0.013497059233486652,-0.9985353350639343,-1.2415639162063599,0.2563574016094208,-0.03608454763889313,29.768510818481445,-9.995889663696289,38.9375114440918,0
1287,12869949,0.013079870492219925,-0.024714270606637,-0.9918302893638611,0.5987991690635681,-0.30533331632614136,-0.022391654551029205,29.802621841430664,-11.111053466796875,41.55076217651367,0
1288,12880087,0.01576238125562668,0.02845863625407219,-0.9971258044242859,-0.5431690812110901,0.2406117469072342,0.35003283619880676,29.510812759399414,-10.612441062927246,41.25843048095703,0
1289,12889954,0.04464884474873543,-0.020201563835144043,-1.0131683349609375,0.06321128457784653,-0.0004568893928080797,0.1262415498495102,28.561511993408203,-9.108888626098633,41.14133834838867,0
1290,12900018,-0.0572417676448822,0.055894240736961365,-1.0230462551116943,-0.8997108340263367,0.39868438243865967,0.28746867179870605,29.870946884155273,-11.33934497833252,40.795169830322266,0
1291,12909965,-0.0021810804028064013,0.015756798908114433,-1.0267398357391357,-0.032285481691360474,0.11167559027671814,0.6221819519996643,31.694068908691406,-8.07564926147461,40.05579376220703,0
1292,12920022,0.003292113309726119,-0.03141201287508011,-0.985447347164154,-0.31022146344184875,-0.25618088245391846,-0.29792577028274536,29.64615249633789,-10.770090103149414,38.965755462646484,0
1293,12930159,0.03354130685329437,-0.02573208697140217,-0.9749048352241516,-0.3720402717590332,-0.567760169506073,-0.7592584490776062,29.511030197143555,-10.278449058532715,39.90414810180664,0
1294,12939973,-0.11264446377754211,-0.0021803316194564104,-0.9463297724723816,0.18569447100162506,0.7664798498153687,0.7013696432113647,29.69927215576172,-11.635309219360352,39.720645904541016,0
1295,12950037,-0.08080999553203583,-0.0028536394238471985,-1.0280818939208984,-0.30222946405410767,0.10832943767309189,1.1238999366760254,29.668437957763672,-10.2939453125,41.26792907714844,0
1296,12959876,0.12338631600141525,-0.028457999229431152,-0.9943097829818726,-0.25960251688957214,0.37086594104766846,-0.4013465940952301,30.962326049804688,-10.793373107910156,39.75574493408203,0
1297,12970093,-0.050917286425828934,0.02967672608792782,-0.9878231287002563,0.05118691548705101,0.5284594893455505,-0.45534080266952515,29.04680061340332,-10.260024070739746,38.53096008300781,0
1298,12980057,0.04715336114168167,0.015499616973102093,-0.9890493750572205,-0.3493139147758484,0.22621043026447296,0.08085183799266815,29.286928176879883,-10.575296401977539,41.62869644165039,0
1299,12990302,0.03662160411477089,-0.040831878781318665,-1.010744333267212,-1.1746207475662231,0.6878606081008911,0.2132684588432312,30.932241439819336,-9.692205429077148,39.840919494628906,0
1300,12999843,-0.0973396748304367,-0.03449665382504463,-1.0243600606918335,0.4169594645500183,-0.1810886561870575,0.3132452368736267,28.95606231689453,-10.281222343444824,39.74965286254883,0
1301,13009874,-0.004805005621165037,0.04426015540957451,-1.0245177745819092,0.7830991744995117,-0.7595297694206238,-0.0037890977691859007,29.39793586730957,-10.830174446105957,39.257713317871094,0
1302,13019734,0.05688280612230301,0.010317706502974033,-1.0040831565856934,-0.3908493220806122,0.23171299695968628,0.8028287291526794,30.63343048095703,-9.789915084838867,42.13292694091797,0
1303,13029988,-0.03912033885717392,0.004903454799205065,-0.997924268245697,0.36165595054626465,0.7874494194984436,-0.21494658291339874,30.32402229309082,-9.529866218566895,41.373165130615234,0
1304,13039709,-0.058378010988235474,-0.025722887367010117,-0.9911849498748779,-0.26098617911338806,0.14470107853412628,0.6056029796600342,28.83722496032715,-7.817724227905273,39.69852066040039,0
1305,13050171,-0.12316066771745682,-0.014983137138187885,-0.9871988892555237,-0.5561147928237915,-0.5432502031326294,-1.0677757263183594,29.595151901245117,-11.24830150604248,40.47428894042969,0
1306,13059948,-0.004207067657262087,0.06287944316864014,-0.989911675453186,-0.1563068926334381,-0.25181904435157776,-1.2595487833023071,28.956464767456055,-9.953676223754883,40.95879364013672,0
1307,13069814,0.08810635656118393,0.060443926602602005,-0.9865312576293945,-0.10025980323553085,0.3189398944377899,0.16508957743644714,29.71930503845215,-11.007828712463379,40.11761474609375,0
1308,13079692,0.03191129490733147,0.023771662265062332,-0.9876455068588257,0.4671974778175354,-0.5035433173179626,0.44841086864471436,29.222612380981445,-9.649057388305664,41.270992279052734,0
1309,13090140,-0.0977800190448761,0.036698196083307266,-0.962518572807312,0.3063473403453827,-0.9341587424278259,0.11905046552419662,28.395116806030273,-10.444303512573242,40.46458435058594,0
1310,13099966,0.020791903138160706,0.039750270545482635,-1.004225730895996,0.6087532043457031,-0.42114323377609253,0.02185700088739395,29.684179306030273,-10.868012428283691,40.27372360229492,0
1311,13109820,-0.022513415664434433,0.010925627313554287,-1.0094623565673828,-1.2243950366973877,-0.3550577759742737,0.6363961100578308,31.07670783996582,-8.838316917419434,39.29506301879883,0
1312,13120172,-0.06241022050380707,0.03546617180109024,-1.007932424545288,-0.21567955613136292,0.28125378489494324,0.6422449946403503,30.635072708129883,-8.911276817321777,39.798133850097656,0
1313,13129992,0.02704627811908722,-0.07344943284988403,-0.9684246778488159,-0.5216578841209412,-0.39875563979148865,0.03396909311413765,32.50505828857422,-9.370331764221191,41.26940155029297,0
1314,13140155,-0.03416752070188522,0.006561688147485256,-1.0349464416503906,0.4945509731769562,-0.19816796481609344,-0.8219538331031799,29.095767974853516,-9.268814086914062,40.25331115722656,0
1315,13150073,-3.706002826220356e-05,0.03916391357779503,-1.0244289636611938,-0.5594266653060913,0.09205951541662216,-0.07685206830501556,29.90537452697754,-9.976800918579102,40.12437438964844,0
1316,13160220,0.012368285097181797,-0.004522036295384169,-0.9903199076652527,-0.5846154689788818,-0.2918710708618164,-0.8157063126564026,30.158132553100586,-11.089021682739258,38.35530090332031,0
1317,13170127,0.0018090767553076148,0.019504684954881668,-1.0130653381347656,-0.1405167579650879,-0.21836145222187042,0.01643257588148117,28.679224014282227,-8.295068740844727,41.63225173950195,0
1318,13179878,0.0007050287094898522,-0.039385225623846054,-0.9623436331748962,-1.575254201889038,0.11686722189188004,-0.1875249445438385,31.2647705078125,-8.921854972839355,41.90612030029297,0
1319,13189964,0.022693362087011337,0.06076933071017265,-0.987951397895813,-0.7851077318191528,0.0008536052191630006,0.1782049983739853,28.62171745300293,-11.474014282226562,40.34675598144531,0
1320,13199836,-0.08649524301290512,0.04784591868519783,-1.0284943580627441,-0.48789551854133606,-1.1961002349853516,-0.23641382157802582,29.851043701171875,-10.5776948928833,41.78959274291992,0
1321,13210095,0.01781211607158184,0.07746031135320663,-1.013152003288269,-0.056347206234931946,0.2990882396697998,-0.2915852963924408,29.364891052246094,-9.037548065185547,38.77269744873047,0
1322,13220149,0.004094927571713924,0.06900005787611008,-1.0165799856185913,-0.09966456145048141,0.20177540183067322,-0.8000717759132385,29.855039596557617,-10.337302207946777,41.44434356689453,0
1323,13229954,0.07352107018232346,0.08186586946249008,-0.9901285767555237,0.9372276067733765,0.26914820075035095,-0.33094659447669983,28.0411434173584,-11.045177459716797,40.901756286621094,0
1324,13239866,0.07548225671052933,-0.021404704079031944,-1.0430610179901123,-0.5101335644721985,0.026584748178720474,0.6453548073768616,29.18769073486328,-9.094989776611328,40.14711380004883,0
1325,13249818,-0.022541671991348267,-0.04106779396533966,-1.002132773399353,0.39688703417778015,0.6350996494293213,1.1511387825012207,29.226829528808594,-9.870420455932617,39.52763748168945,0
1326,13259754,-0.06400151550769806,0.02523302100598812,-0.975977897644043,0.6352033019065857,-1.1881992816925049,-0.5035892128944397,27.68435287475586,-9.56643009185791,39.59484100341797,0
1327,13269917,-0.042547840625047684,-0.09330104291439056,-0.9986979365348816,-0.5778661966323853,-0.0016269250772893429,-0.11030080914497375,30.175495147705078,-11.278543472290039,38.638427734375,0
1328,13279729,0.04129181429743767,-0.03505374863743782,-1.042083501815796,0.920875072479248,-0.13160665333271027,0.744355320930481,28.391319274902344,-10.51311206817627,41.058502197265625,0
1329,13289776,-0.041632235050201416,-0.027383504435420036,-1.0273560285568237,0.39071911573410034,-0.6847786903381348,-0.2808014154434204,30.736587524414062,-9.88927173614502,39.61063003540039,0
1330,13300176,0.008240627124905586,0.07690862566232681,-1.0028839111328125,-0.21040335297584534,-0.30288824439048767,-0.34055352210998535,27.802194595336914,-10.067319869995117,41.80437469482422,0
1331,13310067,-0.05494692921638489,-0.015990979969501495,-1.02381432056427,-0.444674551486969,-0.21119165420532227,0.3933745324611664,31.263769149780273,-10.074441909790039,41.173458099365234,0
1332,13319779,-0.03261948004364967,-0.035748135298490524,-1.0213533639907837,-0.34167903661727905,-0.32610490918159485,-0.21394653618335724,29.495962142944336,-9.99886703491211,39.5428466796875,0
1333,13329734,0.09699404239654541,-0.10181538015604019,-1.019152283668518,-0.3424437344074249,-0.7100964784622192,-0.17389075458049774,29.988670349121094,-10.259160995483398,40.68833923339844,0
1334,13340205,0.05041087791323662,-0.00394143583253026,-1.0128428936004639,0.11606420576572418,0.20406177639961243,-0.3650873005390167,29.775108337402344,-10.982892990112305,39.40081024169922,0
1335,13350054,0.010621256195008755,-0.01192681584507227,-1.02280855178833,-1.1584609746932983,0.9905505776405334,-0.20684009790420532,29.128292083740234,-8.5770263671875,41.56357955932617,0
1336,13359920,0.051886748522520065,0.11110382527112961,-0.9763014316558838,0.40469667315483093,1.0288695096969604,-0.39284154772758484,30.347789764404297,-9.466724395751953,39.14154815673828,0
1337,13369894,0.07040279358625412,0.08596239984035492,-1.0282011032104492,0.3424345850944519,-0.015444657765328884,-0.3271697759628296,28.816137313842773,-10.291374206542969,41.331974029541016,0
1338,13379948,0.020443465560674667,-0.012781374156475067,-1.0036574602127075,0.22291620075702667,0.06044834107160568,0.3781442642211914,30.5540771484375,-11.303839683532715,40.450504302978516,0
1339,13390207,-0.023889945819973946,0.03095502406358719,-1.0253900289535522,0.24925187230110168,-0.14172081649303436,0.11388733983039856,30.05803108215332,-10.858165740966797,39.58054733276367,0
1340,13400086,0.022321127355098724,-0.012146220542490482,-1.0200306177139282,-0.8681429624557495,0.7994344234466553,0.2687588632106781,28.788888931274414,-8.340075492858887,41.0916862487793,0
1341,13409932,-0.08253107964992523,0.029730822890996933,-1.017333984375,0.5413405299186707,-0.2888873517513275,0.36299216747283936,31.13833236694336,-9.520049095153809,39.06625747680664,0
1342,13420135,-0.0600835457444191,-0.007853487506508827,-1.0072871446609497,-0.1581144481897354,-0.014142169617116451,-0.6613116264343262,28.84747314453125,-10.59502124786377,40.626495361328125,0
1343,13430139,-0.009582430124282837,-0.041970908641815186,-0.9960822463035583,0.18242378532886505,-0.021526478230953217,-0.10313600301742554,28.803348541259766,-8.872200965881348,40.15958786010742,0
1344,13439981,0.0029283405747264624,-0.014831113629043102,-0.9961149096488953,-0.2681289613246918,0.6945974230766296,0.20715384185314178,31.192548751831055,-10.34642505645752,39.96172332763672,0
1345,13450020,-0.01482985820621252,-0.008479679003357887,-0.9770405888557434,0.5197755694389343,-0.5358410477638245,-0.8169944286346436,31.16884422302246,-8.878491401672363,39.933799743652344,0
1346,13459982,0.054045435041189194,0.0425848588347435,-0.9832836389541626,0.21230490505695343,-0.42102327942848206,0.05017048865556717,29.52869987487793,-8.81867790222168,40.08054733276367,0
1347,13469701,0.06767105311155319,0.05178290233016014,-1.0124337673187256,-0.443513959646225,-0.5163706541061401,0.0506008043885231,29.970090866088867,-10.145835876464844,39.81451416015625,0
1348,13480031,0.04317581653594971,-0.09972284734249115,-1.0033280849456787,0.5767340064048767,0.2601446211338043,-0.3180907964706421,29.479305267333984,-8.649277687072754,39.94601821899414,0
1349,13490417,-0.004272236954420805,0.08255723118782043,-1.0051941871643066,-0.42918145656585693,-0.21689936518669128,0.0290056299418211,29.455223083496094,-8.807867050170898,42.11166000366211,0
1350,13499888,-0.033429596573114395,-0.09174694120883942,-0.9996314644813538,-0.03795630857348442,-0.27331748604774475,-0.055547770112752914,30.691030502319336,-10.74606990814209,40.71017837524414,0
1351,13509912,0.03587717190384865,-0.028240930289030075,-0.9757957458496094,-0.12330704182386398,0.593435525894165,0.27581650018692017,31.43641471862793,-9.454641342163086,39.040138244628906,0
1352,13519999,-0.06857050210237503,0.0418877899646759,-1.0008537769317627,0.6095178127288818,-0.7876579761505127,0.40023043751716614,31.21670913696289,-9.66057014465332,39.20978546142578,0
1353,13530168,0.05613768845796585,0.02684043161571026,-1.0126426219940186,0.41692325472831726,-1.214229702949524,-0.3331870436668396,30.553478240966797,-10.004701614379883,39.68296813964844,0
1354,13540087,-0.030812256038188934,-0.05494779720902443,-1.0430179834365845,-0.22203651070594788,0.3101060092449188,-0.3884962201118469,30.007137298583984,-11.144257545471191,37.43722915649414,0
1355,13550086,0.03375261276960373,-0.008575071580708027,-1.0203012228012085,-0.023146340623497963,1.0231349468231201,-0.4892615079879761,29.636009216308594,-9.854633331298828,38.155338287353516,0
1356,13560094,0.01645299419760704,0.028637481853365898,-0.9638296365737915,0.1324397325515747,0.9095326066017151,-1.2447800636291504,28.517484664916992,-12.213929176330566,41.1137580871582,0
1357,13570279,0.06850582361221313,0.003412422724068165,-0.9654667973518372,-0.1704411506652832,0.6203352212905884,-1.1278387308120728,30.357473373413086,-12.295515060424805,39.773162841796875,0
1358,13579613,0.03486426919698715,0.0699896365404129,-1.020809292793274,-0.026176033541560173,0.9235890507698059,0.6170386672019958,29.650697708129883,-11.050360679626465,39.86459732055664,0
1359,13590229,0.039376866072416306,0.0003499225713312626,-1.0269211530685425,0.04985843226313591,0.4168018102645874,1.0377795696258545,30.825185775756836,-10.382966041564941,37.70221710205078,0
1360,13599952,0.0938345268368721,-0.0036881326232105494,-0.9991636872291565,-0.3890199363231659,0.2725287079811096,-0.23775526881217957,31.3950252532959,-10.223119735717773,39.90752410888672,0
1361,13610179,-0.11976350843906403,-0.03202604874968529,-0.9954944849014282,0.308281809091568,0.11536139249801636,0.30560988187789917,29.340749740600586,-10.785901069641113,42.65532302856445,0
1362,13619834,0.04297131299972534,-0.0025809695944190025,-0.9758672118186951,0.4041610360145569,0.4956105351448059,-0.3307172656059265,31.42470359802246,-9.567358016967773,40.176734924316406,0
1363,13630149,-0.008044525049626827,-0.0019185959827154875,-0.9926217198371887,0.7334425449371338,0.4145429730415344,-0.30143842101097107,28.937358856201172,-8.961018562316895,40.229522705078125,0
1364,13640148,0.010336212813854218,0.04107489064335823,-0.9870175719261169,0.13784639537334442,-1.0744390487670898,-0.6438198089599609,27.32071876525879,-9.434645652770996,40.22589874267578,0
1365,13649987,0.027676811441779137,0.021124638617038727,-0.9679538011550903,0.13529105484485626,0.4000191390514374,0.07480686157941818,27.978137969970703,-8.478694915771484,41.545433044433594,0
1366,13660133,-0.08207448571920395,-0.010634025558829308,-1.0008559226989746,-0.4512883424758911,-0.24945560097694397,-0.3625754117965698,30.757959365844727,-10.617658615112305,40.87718200683594,0
1367,13669953,-0.008663171902298927,0.010124082677066326,-1.0153840780258179,0.051681384444236755,0.004594411235302687,0.3350147008895874,29.02475357055664,-11.158236503601074,40.67098617553711,0
1368,13680056,-0.061208467930555344,-0.035647571086883545,-0.9782099723815918,0.12761223316192627,0.45674675703048706,-0.08700660616159439,30.654319763183594,-9.89445686340332,39.84388732910156,0
1369,13689956,-0.07788083702325821,-0.10722791403532028,-1.0338994264602661,-0.712774395942688,-0.44610151648521423,0.3912277817726135,29.83476448059082,-11.412887573242188,40.28828430175781,0
1370,13700165,0.06197207048535347,-0.06895610690116882,-0.9987139701843262,0.700204074382782,-0.214968740940094,-0.5406045317649841,31.28081703186035,-10.72437858581543,38.76894760131836,0
1371,13709987,-0.07756752520799637,0.003673219820484519,-1.0304741859436035,0.30745452642440796,-0.7706596255302429,0.08656815439462662,28.52920913696289,-9.30185317993164,39.087589263916016,0
1372,13719765,0.042500365525484085,0.028199225664138794,-1.0213444232940674,-0.8047259449958801,-0.15531159937381744,-0.023234596475958824,31.591533660888672,-10.632308959960938,40.17677688598633,0
1373,13730125,0.06878064572811127,-0.03697134926915169,-1.007919192314148,0.271209180355072,-0.12502102553844452,0.48185983300209045,29.85921859741211,-10.259686470031738,39.76742172241211,0
1374,13739874,-0.009637788869440556,0.049244724214076996,-0.9871925711631775,0.6669961214065552,-0.16849829256534576,0.06752510368824005,28.90298080444336,-8.92705249786377,39.72920608520508,0
1375,13750048,0.07604090869426727,-0.04931877553462982,-1.0345735549926758,-0.044660039246082306,0.6884993314743042,0.02343652956187725,28.37859535217285,-11.273300170898438,42.423404693603516,0
1376,13760284,-0.08242813497781754,0.09034281969070435,-1.0108596086502075,1.041245460510254,0.0016924270894378424,0.5349706411361694,30.78944206237793,-10.366971015930176,40.33408737182617,0
1377,13769970,0.08278405666351318,-0.019882066175341606,-0.9409793615341187,0.2062794417142868,-0.5487908720970154,-0.0017009676666930318,29.06388282775879,-12.595833778381348,39.31526565551758,0
1378,13779950,0.012154893949627876,0.057670801877975464,-0.9363987445831299,-0.42616695165634155,0.18905776739120483,-0.49822816252708435,30.971981048583984,-9.409313201904297,40.544673919677734,0
1379,13789971,0.03987275809049606,0.025558607652783394,-0.974262535572052,0.36609137058258057,-0.5641579031944275,0.34048664569854736,29.39579963684082,-9.328522682189941,39.058738708496094,0
1380,13799948,0.13604366779327393,0.0028661699034273624,-1.0033363103866577,0.001516207354143262,-0.26435229182243347,-0.6092773675918579,31.066837310791016,-10.783136367797852,38.91926574707031,0
1381,13810035,0.026812680065631866,-0.0639466643333435,-0.990178108215332,-0.03401375934481621,0.8834906220436096,-0.880797803401947,29.282487869262695,-10.002673149108887,40.35063552856445,0
1382,13819905,-0.05327286198735237,-0.07984603941440582,-0.9879189729690552,0.04826073348522186,-1.075918197631836,-0.05622231215238571,30.595565795898438,-10.52086067199707,40.50579833984375,0
1383,13830136,-0.10482879728078842,-0.028211800381541252,-1.0369263887405396,-0.02832629159092903,0.5215634107589722,-0.37795010209083557,32.17116928100586,-8.583569526672363,39.55165481567383,0
1384,13840169,-0.03397186100482941,0.06009909510612488,-0.9798246026039124,-0.3202308714389801,-1.267560601234436,0.18961583077907562,28.316125869750977,-10.780254364013672,40.485294342041016,0
1385,13850033,-0.013454918749630451,-0.03130873665213585,-0.9835235476493835,0.5414546728134155,0.41193413734436035,-0.41036278009414673,30.60820960998535,-9.250829696655273,41.116737365722656,0
1386,13859988,0.0535130649805069,-0.09294003248214722,-0.9935638308525085,-0.21538524329662323,0.40897178649902344,-0.25979194045066833,28.183101654052734,-8.089034080505371,40.55402755737305,0
1387,13869922,0.12804321944713593,-0.08090490847826004,-0.991612434387207,-0.019847631454467773,-0.9934433102607727,-0.46855664253234863,31.013935089111328,-8.403461456298828,38.89070510864258,0
1388,13879843,-0.04510575905442238,0.02300441823899746,-0.9931600093841553,0.26794832944869995,0.2588931918144226,-0.5425853133201599,30.54493522644043,-9.919700622558594,40.169700622558594,0
1389,13889964,0.08203660696744919,-0.10295775532722473,-1.047981858253479,0.4420197010040283,-0.1138109564781189,1.1522067785263062,29.919708251953125,-8.875737190246582,39.285552978515625,0
1390,13900079,0.07165742665529251,0.0047499751672148705,-1.0297926664352417,0.028944600373506546,0.8566592931747437,-0.25931739807128906,29.029775619506836,-11.636462211608887,40.77420425415039,0
1391,13909993,0.012619977816939354,-0.010604129172861576,-1.0052303075790405,0.21009092032909393,0.6604267358779907,0.11042965948581696,29.528228759765625,-9.407612800598145,39.75752639770508,0
1392,13920141,-0.06793440878391266,-0.06377947330474854,-1.009628176689148,0.5206860899925232,-0.2620735764503479,-0.0575370192527771,31.530420303344727,-10.671939849853516,39.4912223815918,0
1393,13929945,-0.03977156803011894,-0.017346568405628204,-1.011307954788208,0.3283046782016754,0.19977439939975739,0.16620303690433502,29.399978637695312,-10.747447967529297,40.30646514892578,0
1394,13939919,-0.017228085547685623,0.003860489232465625,-1.0497223138809204,-0.031229672953486443,-0.15782339870929718,-0.4818536341190338,29.19183349609375,-9.583438873291016,40.895843505859375,0
1395,13949783,-0.029420940205454826,-0.09975240379571915,-1.0210881233215332,0.14484108984470367,0.14053846895694733,-0.3241635859012604,29.460567474365234,-9.364355087280273,40.0780029296875,0
1396,13959993,-0.00657493295148015,-0.07244955748319626,-1.011825680732727,-0.3923334777355194,-0.07694505900144577,-0.38904181122779846,29.018056869506836,-8.954670906066895,38.250858306884766,0
1397,13970012,-0.034673061221838,-0.0692850798368454,-0.9856166243553162,0.07125411182641983,0.22754758596420288,0.051204461604356766,29.265748977661133,-9.688729286193848,41.05410385131836,0
1398,13980112,0.08510497957468033,0.03895578160881996,-0.9791680574417114,-0.005542481783777475,0.7680251002311707,0.052658747881650925,27.958898544311523,-9.184102058410645,40.11180877685547,0
1399,13989780,-0.029998036101460457,0.030379733070731163,-0.9901533126831055,-0.030782701447606087,0.05833159759640694,-0.08677951246500015,29.392681121826172,-8.380184173583984,41.00852584838867,0
1400,13999924,0.0010182353435084224,-0.011395059525966644,-1.0160149335861206,0.7559141516685486,0.8135766386985779,-0.44511064887046814,28.6773624420166,-10.418002128601074,40.20501708984375,0
1401,14010015,0.05625341832637787,-0.05454632267355919,-0.9842867851257324,0.03468497470021248,0.038980986922979355,-0.006639437284320593,28.212278366088867,-10.67790699005127,39.09095764160156,0
1402,14019932,0.030971016734838486,-0.02597448043525219,-1.0303924083709717,-0.49466919898986816,-0.10264304280281067,-0.23094336688518524,30.87566566467285,-10.859980583190918,40.18962478637695,0
1403,14029981,0.042438700795173645,0.027746954932808876,-1.0019054412841797,0.4399409592151642,-0.20904193818569183,-0.10896234959363937,30.9058837890625,-9.4174222946167,40.35102462768555,0
1404,14040095,0.04381008446216583,-0.027679404243826866,-1.0178354978561401,-0.5640097260475159,-0.12837684154510498,0.6142001748085022,30.479387283325195,-9.607819557189941,39.49717330932617,0
1405,14049965,-0.007187745999544859,-0.006376596633344889,-1.044522762298584,0.09587891399860382,-0.5201371312141418,0.2218291461467743,30.192455291748047,-10.637580871582031,40.4587287902832,0
1406,14060178,0.008976038545370102,0.0021618427708745003,-0.9996523261070251,-0.9821960926055908,-0.8863489031791687,1.2582125663757324,30.47746467590332,-9.883845329284668,39.39361572265625,0
1407,14070082,-0.0028304457664489746,-0.05428536981344223,-1.0047563314437866,-0.7487147450447083,-0.4192904829978943,1.0282496213912964,30.657459259033203,-10.602392196655273,39.39548873901367,0
1408,14080047,-0.05924511328339577,-0.035701949149370193,-0.9986164569854736,0.780421257019043,0.8078360557556152,-0.8513014912605286,29.178783416748047,-10.716499328613281,39.94400405883789,0
1409,14089681,-0.026263227686285973,-0.03714839369058609,-0.9511894583702087,0.07902462035417557,0.5545721054077148,0.9562063813209534,29.68071174621582,-8.802530288696289,40.577857971191406,0
1410,14100119,0.10504459589719772,0.047007966786623,-1.0050017833709717,-0.005343387834727764,0.2517886757850647,0.515255868434906,29.692129135131836,-9.544868469238281,39.644290924072266,0
1411,14109677,-0.1006905660033226,0.041978150606155396,-0.9980823993682861,-0.6244251728057861,0.06146093085408211,-0.9320099353790283,30.050344467163086,-10.1279878616333,39.556304931640625,0
1412,14119938,-0.0323847234249115,-0.0047013964504003525,-0.9988468289375305,0.1383768767118454,0.1531471312046051,0.007751935627311468,28.89183807373047,-10.10741138458252,37.88684844970703,0
1413,14129983,0.11808805167675018,-0.006639071274548769,-1.0107522010803223,-0.09231159090995789,-0.2881080210208893,0.08131035417318344,30.89535903930664,-10.020172119140625,40.46097183227539,0
1414,14140070,0.06713283061981201,-0.08230361342430115,-1.0030757188796997,-0.5313009023666382,-0.7194643020629883,0.20531107485294342,27.85004234313965,-8.18864917755127,38.91853332519531,0
1415,14149823,0.00337600102648139,-0.068717822432518,-0.9691587090492249,-0.30901625752449036,-0.03475756198167801,0.20674356818199158,29.474496841430664,-9.65165901184082,38.51243209838867,0
1416,14159950,-0.03089853748679161,-0.06459438800811768,-0.9843233823776245,1.1055291891098022,0.3576512932777405,-0.41943424940109253,30.127065658569336,-10.36592960357666,39.23509979248047,0
1417,14169799,0.010575998574495316,-0.017875557765364647,-0.990642249584198,-0.4392028748989105,-0.5279766321182251,0.03731437772512436,29.466615676879883,-9.920231819152832,39.74678039550781,0
1418,14180103,-0.02812645584344864,0.0103687709197402,-1.002616286277771,0.3350067734718323,0.22856876254081726,-0.14930935204029083,30.068557739257812,-11.547839164733887,39.68504333496094,0
1419,14190092,0.0932508334517479,-0.06945311278104782,-0.9625792503356934,0.21910449862480164,-0.34901976585388184,-1.3617615699768066,29.641584396362305,-10.486536026000977,39.55409240722656,0
1420,14199852,0.017325999215245247,0.050516143441200256,-0.962517261505127,-0.0006914070108905435,-0.16569557785987854,0.649202287197113,29.077030181884766,-10.399134635925293,39.65317153930664,0
1421,14209962,-0.09066848456859589,0.028274796903133392,-1.0011507272720337,-0.31811657547950745,0.39066675305366516,0.14792056381702423,30.978544235229492,-11.524420738220215,39.76154327392578,0
1422,14219981,-0.0032300958409905434,-0.0028483006171882153,-1.0227444171905518,0.386171817779541,-0.14493300020694733,-0.06246195733547211,30.339384078979492,-11.77217960357666,41.578857421875,0
1423,14230103,-0.0018608398968353868,-0.06811406463384628,-0.9809226393699646,-0.4405194818973541,-0.3727056682109833,0.4785061180591583,31.0500545501709,-7.960307598114014,39.64324951171875,0
1424,14240156,0.012562183663249016,-0.048470187932252884,-0.961421549320221,0.0012604808434844017,0.7282904386520386,1.0315865278244019,30.518144607543945,-9.861382484436035,39.30376052856445,0
1425,14250293,0.022693051025271416,0.08067195862531662,-0.9790096879005432,0.42362818121910095,-0.24487678706645966,-0.6492561101913452,29.40283966064453,-9.218057632446289,39.67439270019531,0
1426,14260040,0.04049191623926163,0.06573937088251114,-0.9664696455001831,-0.3333509862422943,1.4100854396820068,-0.006575063802301884,29.321521759033203,-9.87789535522461,40.688072204589844,0
1427,14269819,0.08035159856081009,0.010221640579402447,-0.9984983205795288,-0.019647937268018723,0.3845781981945038,-0.593970775604248,31.880189895629883,-10.705105781555176,40.92647933959961,0
1428,14279938,-0.0010396335273981094,0.03997967019677162,-0.9935442209243774,-0.08658815920352936,0.007866354659199715,0.8075606226921082,30.993385314941406,-10.573943138122559,39.74695587158203,0
1429,14290179,0.050446975976228714,-0.05318208783864975,-0.9996710419654846,0.3766304552555084,0.07637210190296173,-0.48457589745521545,30.140621185302734,-10.637287139892578,39.49414825439453,0
1430,14300049,0.08300318568944931,-0.14017236232757568,-0.9865738749504089,0.6008978486061096,-0.4345789849758148,-0.3665775954723358,28.63416290283203,-10.510580062866211,42.14698791503906,0
1431,14309939,0.03583844006061554,-0.00602842029184103,-0.9993436932563782,0.12386277318000793,0.38814088702201843,0.04688384011387825,30.008127212524414,-8.440764427185059,39.62132263183594,0
1432,14319769,0.004017158877104521,0.047230448573827744,-0.9657707214355469,0.0726625919342041,0.3947593569755554,0.053419869393110275,29.188365936279297,-8.039094924926758,41.410526275634766,0
1433,14330064,0.01971391774713993,-0.05455584079027176,-0.9827515482902527,0.4606178104877472,-0.25461044907569885,0.5537931323051453,30.67386245727539,-9.255730628967285,41.517608642578125,0
1434,14339941,0.05407904461026192,-0.045747678726911545,-1.0100315809249878,0.09286938607692719,-0.2604760527610779,-0.4810567796230316,29.174640655517578,-9.257305145263672,38.93925094604492,0
1435,14350279,-0.024066412821412086,-0.06214214488863945,-1.0142549276351929,-0.4117700755596161,-0.07428975403308868,0.5713741779327393,29.9439697265625,-9.700571060180664,39.01268768310547,0
1436,14360206,0.1185421422123909,0.055893197655677795,-0.997704803943634,-1.0989117622375488,0.10222835093736649,-0.21562181413173676,30.96872901916504,-12.080221176147461,40.66826248168945,0
1437,14369765,0.019001854583621025,0.01682223193347454,-1.016419768333435,-0.951503574848175,0.655786395072937,0.13233040273189545,28.918127059936523,-11.242011070251465,39.92803192138672,0
1438,14380071,0.046187158674001694,0.06653663516044617,-0.9845498204231262,0.21976572275161743,0.9231593012809753,0.8513591885566711,30.935726165771484,-11.615100860595703,38.53026580810547,0
1439,14389886,0.019931096583604813,-0.0643426924943924,-0.9692761898040771,0.5607206225395203,-0.31753379106521606,-0.45751067996025085,29.760313034057617,-10.066934585571289,40.624122619628906,0
1440,14399731,0.030517321079969406,0.04069733992218971,-0.9852433204650879,-0.6224003434181213,0.7827178835868835,-0.9547726511955261,28.626911163330078,-9.620518684387207,40.55986022949219,0
1441,14410026,0.02404301054775715,-0.010978744365274906,-0.9543845653533936,0.037894107401371,-0.6757137179374695,0.2927609384059906,30.08051109313965,-9.162819862365723,39.460079193115234,0
1442,14419838,0.0015894334064796567,-0.019172504544258118,-1.0163549184799194,0.4367053806781769,-0.1717505156993866,0.27264076471328735,31.266639709472656,-11.176558494567871,39.73406219482422,0
1443,14430020,0.005325754173099995,0.0042704008519649506,-0.9763772487640381,-0.3312912583351135,0.8607720732688904,-0.06673943996429443,30.652589797973633,-10.60065746307373,39.383785247802734,0
1444,14440128,0.02217230759561062,0.06838202476501465,-1.0098387002944946,-0.5246598124504089,0.23518171906471252,-0.46316516399383545,31.15245819091797,-8.372720718383789,39.832237243652344,0
1445,14449765,0.027871372178196907,0.0012427509063854814,-1.0040487051010132,0.17876486480236053,0.04058858007192612,-0.1685890257358551,30.24561882019043,-9.263628005981445,40.306068420410156,0
1446,14460016,-0.019248956814408302,0.009019195102155209,-0.9739609956741333,-0.8033958077430725,0.1234055906534195,-0.4349100589752197,29.632049560546875,-10.391258239746094,40.552894592285156,0
1447,14469897,0.055891137570142746,-0.006356740370392799,-1.0174669027328491,0.9062814116477966,0.6047527194023132,0.07673614472150803,27.09535789489746,-11.793221473693848,40.91689682006836,0
1448,14479939,-0.06748609244823456,0.07956767082214355,-0.9746953845024109,-0.5227569937705994,0.08153755217790604,-0.37475109100341797,30.436594009399414,-9.281376838684082,37.465274810791016,0
1449,14490010,0.0476858951151371,-0.014036165550351143,-0.9773387908935547,0.4929853081703186,0.008550493977963924,-0.7368807792663574,31.16676902770996,-10.630353927612305,39.20651626586914,0
1450,14499896,0.07030388712882996,0.011987509205937386,-0.9900922179222107,0.13330261409282684,-0.5454497337341309,-0.10785079747438431,31.026609420776367,-11.707353591918945,39.86857986450195,0
1451,14510186,0.05283425375819206,0.0395861454308033,-1.0091527700424194,-0.6359601616859436,0.6087140440940857,0.09850391000509262,32.134796142578125,-12.2179594039917,38.40385055541992,0
1452,14519854,-0.026627780869603157,0.011006892658770084,-0.9992983341217041,0.32936710119247437,-0.12475208193063736,0.975706160068512,30.012365341186523,-8.497968673706055,39.21015930175781,0
1453,14529808,0.01908532716333866,0.03525977209210396,-0.9788451790809631,0.3643442690372467,-0.16974259912967682,-0.1489209532737732,30.711536407470703,-9.529400825500488,40.50623321533203,0
1454,14539858,0.026322200894355774,0.038475532084703445,-0.9940977096557617,0.05828447267413139,-0.9640206098556519,0.8054764270782471,30.422412872314453,-7.738348484039307,40.72948455810547,0
1455,14550000,0.004270507954061031,0.04278504103422165,-0.9934015870094299,0.4743300676345825,-0.015965139493346214,0.4030909240245819,30.03839874267578,-10.222591400146484,40.838951110839844,0
1456,14559788,0.002621142426505685,0.015992656350135803,-0.9449717998504639,0.6280967593193054,0.19781728088855743,0.14268746972084045,29.468585968017578,-9.473294258117676,41.92144775390625,0
1457,14569737,0.05612560734152794,0.03391833230853081,-1.0078864097595215,-0.7168387770652771,0.4537356197834015,0.4602351784706116,31.034048080444336,-12.092679023742676,42.2116584777832,0
1458,14579736,-0.05530251935124397,-0.06546908617019653,-1.0032356977462769,0.023773854598402977,-0.06992990523576736,0.05964374914765358,30.109254837036133,-10.220416069030762,39.074729919433594,0
1459,14589787,0.082455575466156,-0.0022210904862731695,-0.9849693775177002,0.8159467577934265,0.5575477480888367,0.264945924282074,30.00452995300293,-8.573881149291992,39.58342361450195,0
1460,14600113,-0.06259553134441376,-0.0118156298995018,-0.9994109869003296,-0.27951452136039734,-0.12572415173053741,-0.4548085629940033,28.271305084228516,-10.328919410705566,41.0665168762207,0
1461,14609900,0.016015011817216873,-0.0002712935383897275,-1.023573637008667,0.3300914764404297,-0.2648627460002899,0.012199411168694496,29.457674026489258,-11.17628288269043,42.418373107910156,0
1462,14620117,0.01837237924337387,0.05200434476137161,-0.9872615933418274,0.6416485905647278,0.5456289649009705,-0.06489326059818268,29.840253829956055,-10.82998275756836,39.0728759765625,0
1463,14629987,0.006254078820347786,-0.042225271463394165,-1.0009006261825562,0.10696759819984436,-0.031653448939323425,0.7932641506195068,30.007869720458984,-9.034712791442871,40.10578536987305,0
1464,14640020,0.09259302914142609,0.00032602105056867003,-1.027592420578003,-0.5111085772514343,0.2280934751033783,-0.22770480811595917,29.44594383239746,-8.459431648254395,39.7797737121582,0
1465,14649855,1.0841305993380956e-05,0.032318249344825745,-0.9969077110290527,0.26916322112083435,0.1176532730460167,-0.426363468170166,28.786170959472656,-8.645010948181152,37.85223388671875,0
1466,14660129,-0.06352546811103821,0.07746763527393341,-1.0269275903701782,-0.03887677937746048,-0.27595898509025574,0.10899168998003006,29.206647872924805,-11.196264266967773,40.56476593017578,0
1467,14669840,-0.021039236336946487,-0.026800816878676414,-1.0093179941177368,0.08030202239751816,0.274370938539505,-1.15243661403656,28.742143630981445,-11.62753963470459,40.61313247680664,0
1468,14680066,0.042102668434381485,-0.028319763019680977,-1.0089360475540161,0.20659294724464417,-0.38697293400764465,-0.4499693512916565,28.72490692138672,-10.223013877868652,40.03593444824219,0
1469,14689971,0.022729109972715378,-0.07863820344209671,-0.9834701418876648,0.09572560340166092,-1.0897231101989746,1.077819585800171,29.636442184448242,-7.689025402069092,38.461151123046875,0
1470,14699846,-0.03080788627266884,-0.010967401787638664,-0.9887358546257019,0.03225309029221535,-0.16494907438755035,0.2753261923789978,29.173871994018555,-9.2329683303833,40.12250900268555,0
1471,14710086,-0.07450247555971146,-0.12545275688171387,-0.9962170124053955,0.10549517720937729,0.6212942004203796,0.19651588797569275,29.780271530151367,-10.054121017456055,39.6397590637207,0
1472,14719986,-0.006566427648067474,-0.04910771921277046,-1.0119260549545288,0.5038149952888489,0.06878218054771423,-0.0026282072067260742,30.66643714904785,-10.781402587890625,38.55265808105469,0
1473,14730039,0.016139771789312363,0.018916752189397812,-1.021368145942688,-0.03771204873919487,0.9095149040222168,0.0278508011251688,29.253644943237305,-10.414763450622559,39.381649017333984,0
1474,14739976,-0.035942625254392624,-0.04930170625448227,-1.0144401788711548,-0.9781315326690674,-0.43777334690093994,-1.2386109828948975,32.26225662231445,-9.236889839172363,39.84975814819336,0
1475,14749897,-0.06995624303817749,0.0932474136352539,-0.9847644567489624,-0.05728143826127052,-0.6513193845748901,-1.50365149974823,29.28986358642578,-10.555084228515625,40.08708572387695,0
1476,14759863,-0.027850022539496422,0.024144725874066353,-1.0256164073944092,0.39614251255989075,0.7530341148376465,-0.39050328731536865,29.37710189819336,-10.840354919433594,40.959896087646484,0
1477,14770239,-0.025850335136055946,0.03276530280709267,-0.9946646690368652,-0.4600924551486969,-0.2982180714607239,0.30193617939949036,30.181903839111328,-11.577045440673828,40.11469650268555,0
1478,14779771,0.01681525819003582,0.12657086551189423,-0.9808003306388855,-0.35065579414367676,0.1553855687379837,-0.3906973600387573,27.579545974731445,-9.423598289489746,40.65055465698242,0
1479,14789752,0.06941855698823929,0.02169874869287014,-0.996947169303894,0.707487940788269,-0.5481969714164734,-0.06572822481393814,28.810710906982422,-9.301383972167969,39.37736892700195,0
1480,14800008,-0.08241608738899231,0.0687822476029396,-1.0310699939727783,-0.07682903110980988,0.9342120289802551,-0.22922316193580627,27.941328048706055,-7.867821216583252,39.55103302001953,0
1481,14809845,0.07381277531385422,0.021229034289717674,-0.9729340076446533,0.6354685425758362,-0.18085122108459473,-0.3878588080406189,30.58928680419922,-10.063962936401367,39.510746002197266,0
1482,14820163,0.01758621260523796,0.03850354999303818,-0.9999537467956543,0.3178738057613373,-0.07177431136369705,1.0221574306488037,29.805871963500977,-11.074373245239258,39.28278732299805,0
1483,14829961,-0.033195123076438904,0.013771310448646545,-0.9723206162452698,0.10362368822097778,-0.34879839420318604,-0.16800004243850708,30.39630889892578,-9.854049682617188,40.599220275878906,0
1484,14840188,0.005881031975150108,0.020304953679442406,-1.0071507692337036,0.43647950887680054,0.15186060965061188,-0.274242103099823,27.92217445373535,-9.933212280273438,40.9932746887207,0
1485,14849971,-0.002184411743655801,0.10985718667507172,-1.015442132949829,-0.27506154775619507,0.327454149723053,-0.9009518027305603,30.132198333740234,-7.22811222076416,40.600833892822266,0
1486,14859844,0.0448564812541008,-0.03890114650130272,-1.0058084726333618,0.4143074154853821,0.31338992714881897,-0.023287100717425346,30.2894229888916,-7.643404483795166,40.558372497558594,0
1487,14869850,-0.037649005651474,-0.02160823345184326,-0.9733693599700928,0.6956514716148376,1.0318540334701538,-0.3978942632675171,31.726097106933594,-9.890018463134766,38.67350387573242,0
1488,14879846,0.009657785296440125,-0.07142377644777298,-0.9941442012786865,-0.3016873300075531,0.6763292551040649,0.025935379788279533,29.439321517944336,-9.952058792114258,39.52274703979492,0
1489,14890056,0.001115119899623096,-0.006973329000174999,-0.9993329644203186,0.04561605677008629,0.41654133796691895,-0.38875406980514526,30.99835968017578,-9.871145248413086,42.578861236572266,0
1490,14900004,-0.0010972655145451427,-0.03550836071372032,-1.0047355890274048,1.5540976524353027,0.13839465379714966,0.10435371100902557,30.19632339477539,-10.674616813659668,39.2789421081543,0
1491,14910202,0.038982588797807693,-0.04972633346915245,-1.0147757530212402,-0.10085473954677582,-0.6171137690544128,0.3492864668369293,29.79806900024414,-10.070215225219727,39.27809143066406,0
1492,14920221,-0.037555962800979614,-0.08198127150535583,-1.0166704654693604,-0.2895386815071106,-0.4551597535610199,0.40833330154418945,29.7412052154541,-9.63326358795166,39.76968002319336,0
1493,14929900,0.07763807475566864,-0.0215066559612751,-0.9843939542770386,-0.7571489214897156,-0.662619411945343,0.9645393490791321,31.0172061920166,-10.104584693908691,39.19939041137695,0
1494,14940057,-0.021522630006074905,0.10145509988069534,-0.9902487397193909,0.2122984528541565,-0.5711663961410522,-0.7752480506896973,30.4940128326416,-11.49067211151123,39.19877243041992,0
1495,14950156,-0.0010359775042161345,-0.04050954058766365,-0.9887527227401733,-0.143551766872406,-1.1051889657974243,-0.6117522120475769,30.506038665771484,-11.008646011352539,39.724143981933594,0
1496,14959876,0.01986772008240223,0.0899357721209526,-1.05783212184906,0.9199488162994385,-0.22402359545230865,0.6023062467575073,29.16040802001953,-8.842063903808594,40.07585144042969,0
1497,14970161,0.06996429711580276,-0.01557522639632225,-0.9887157678604126,0.6872119307518005,-0.5768248438835144,0.7885801792144775,29.910499572753906,-10.806238174438477,39.67524337768555,0
1498,14979952,0.029154600575566292,0.024304134771227837,-1.0145543813705444,-0.1478932946920395,1.8594859838485718,0.3798014223575592,28.253128051757812,-11.002351760864258,39.56753921508789,0
1499,14990232,-0.023917580023407936,-0.03331061452627182,-0.989551842212677,0.009682856500148773,-0.23894120752811432,-0.5205466151237488,29.061338424682617,-9.614381790161133,40.72801971435547,0
1500,14999887,0.01575293578207493,0.04509580880403519,-1.0025075674057007,0.2227630615234375,0.31680089235305786,0.0654275193810463,29.355310440063477,-9.066221237182617,39.873233795166016,0
1501,15010042,0.007941070012748241,0.023003658279776573,-1.0100438594818115,-1.316429853439331,0.551232635974884,0.015861300751566887,30.04937744140625,-10.96495532989502,41.63920974731445,0
1502,15020205,-0.014880593866109848,-0.02795075625181198,-0.9914014339447021,0.49071380496025085,-0.09739575535058975,0.43887433409690857,29.2543888092041,-11.391934394836426,40.69340896606445,0
1503,15030034,0.006785667967051268,-0.06374164670705795,-1.016478419303894,0.3997785449028015,-0.08304918557405472,-0.19243305921554565,30.292325973510742,-9.362085342407227,41.03464889526367,0
1504,15040136,-0.03630206733942032,-0.04781421273946762,-1.0251997709274292,-0.23338495194911957,0.5802183747291565,0.024043302983045578,29.88045883178711,-10.506007194519043,41.00782775878906,0
1505,15049748,-0.037046872079372406,-0.01417439617216587,-0.9790447354316711,0.5534241795539856,0.40742745995521545,0.9224604368209839,29.854013442993164,-10.06588363647461,39.935245513916016,0
1506,15059939,0.030166517943143845,0.05698619782924652,-1.003379225730896,0.671100378036499,-0.5180642008781433,-0.004608872812241316,28.032455444335938,-9.725407600402832,40.44242477416992,0
1507,15070304,-0.011043245904147625,-0.0015465525211766362,-0.9634093046188354,-0.0637732446193695,0.06536315381526947,1.0330710411071777,30.838315963745117,-9.7153959274292,40.179649353027344,0
1508,15080221,0.03197049722075462,-0.045660171657800674,-0.9994465112686157,1.291770577430725,-0.4697597324848175,-0.7110196352005005,29.802827835083008,-12.507555961608887,38.14492416381836,0
1509,15089933,0.021729333326220512,-0.061009716242551804,-0.9927824139595032,-0.11757266521453857,-0.4567613899707794,-0.5182459354400635,30.44244956970215,-9.745013236999512,39.12028884887695,0
1510,15100258,-0.03267847001552582,-0.051416512578725815,-0.9908534288406372,0.3095678687095642,-0.34225237369537354,0.3421059548854828,30.678010940551758,-9.186899185180664,40.09585189819336,0
1511,15109935,-0.04256117716431618,0.013595947064459324,-0.9999617338180542,1.0485202074050903,0.29907694458961487,-0.2543720006942749,30.4970760345459,-8.979108810424805,40.56837463378906,0
1512,15120099,0.0007041794597171247,0.0367240384221077,-1.000595211982727,0.4448431730270386,-0.06772974133491516,-0.18420645594596863,31.030738830566406,-8.05190658569336,40.015647888183594,0
1513,15129986,0.020886320620775223,0.032342445105314255,-0.9946151971817017,-0.04399584233760834,-0.3640241026878357,-0.3531922996044159,31.15900993347168,-9.568713188171387,40.300479888916016,0
1514,15140124,-0.019862668588757515,-0.01751941442489624,-0.9950048923492432,0.2662731409072876,-0.7287817001342773,0.7711782455444336,31.814329147338867,-9.486801147460938,40.3626823425293,0
1515,15149979,0.024823594838380814,-0.05708188936114311,-1.0166137218475342,0.5921358466148376,0.3774975836277008,0.4680728614330292,30.262042999267578,-9.878758430480957,40.24169921875,0
1516,15159724,-0.022634433582425117,0.0349070206284523,-0.9923307299613953,0.627442479133606,0.5579712986946106,0.17972157895565033,29.369428634643555,-10.955060958862305,39.36516571044922,0
1517,15170040,0.03447199985384941,0.03192318230867386,-0.995331883430481,-0.033563002943992615,-0.12501095235347748,-0.015188024379312992,30.84560775756836,-12.154563903808594,40.18708419799805,0
1518,15180185,-0.018152499571442604,0.0009889242937788367,-0.993049144744873,-0.3624904155731201,-0.44484981894493103,-0.4829294979572296,30.605640411376953,-10.84530258178711,41.476749420166016,0
1519,15190198,0.007692013401538134,0.0029813279397785664,-0.9927623867988586,-0.27738142013549805,-0.1700306087732315,0.36825618147850037,30.777812957763672,-7.705215930938721,38.54285430908203,0
1520,15199923,-0.044364284723997116,-0.0031658881343901157,-1.0084140300750732,-0.020987320691347122,0.3772565722465515,0.007080247160047293,30.414264678955078,-8.706674575805664,40.78544616699219,0
1521,15209737,-0.0315324105322361,-0.04371918365359306,-1.029254674911499,0.021784745156764984,-0.07489923387765884,-0.3016050457954407,30.098386764526367,-9.442883491516113,39.237648010253906,0
1522,15219911,0.014810126274824142,-0.007343815173953772,-1.0096157789230347,0.3174554407596588,-0.38379812240600586,0.26391685009002686,30.89373207092285,-10.279264450073242,39.475914001464844,0
1523,15230159,-0.029296601191163063,0.009473329409956932,-1.007136344909668,-0.594749391078949,-0.3678649067878723,-0.02457420900464058,30.904762268066406,-10.703043937683105,39.37324523925781,0
1524,15240109,0.005547013133764267,-0.017061971127986908,-1.0001479387283325,0.4310291111469269,-0.8932759165763855,-0.22129373252391815,29.5158634185791,-10.174798011779785,40.26464080810547,0
1525,15249928,-0.010014411993324757,-0.017268650233745575,-1.0065912008285522,-0.19181495904922485,-0.0895780622959137,-0.566297709941864,31.01058006286621,-10.280900001525879,41.12862014770508,0
1526,15259760,-0.022501295432448387,0.055896468460559845,-0.9870857000350952,-0.1535649299621582,-0.33487701416015625,-0.12871408462524414,29.578563690185547,-9.94888687133789,40.793025970458984,0
1527,15270256,0.08125205338001251,-0.015067649073898792,-1.0053460597991943,0.10854551941156387,-0.027056779712438583,0.3979836106300354,29.16432762145996,-9.695682525634766,40.61288070678711,0
1528,15279675,0.016164762899279594,0.03675580397248268,-0.9991996884346008,0.5392967462539673,0.3169178068637848,0.004616786725819111,30.288654327392578,-11.640752792358398,39.143516540527344,0
1529,15289881,-0.006524233613163233,0.023265095427632332,-0.9876998662948608,1.0068657398223877,-0.6309601068496704,-0.13396361470222473,31.009811401367188,-10.764043807983398,40.469356536865234,0
1530,15299852,0.05958959832787514,0.07915110141038895,-1.0112457275390625,0.39751362800598145,-0.668347954750061,0.08148934692144394,30.81387710571289,-10.54538631439209,40.59511184692383,0
1531,15310217,0.03793167322874069,-0.06241697818040848,-1.0009583234786987,-0.3195241391658783,-0.09255032986402512,0.10428585112094879,29.571044921875,-9.04023551940918,40.608516693115234,0
1532,15319928,-0.03725418075919151,0.0032522098626941442,-0.9970194697380066,-0.11009670048952103,-0.6665270924568176,-1.1639103889465332,32.417301177978516,-10.407249450683594,39.34379196166992,0
1533,15329743,0.013244686648249626,0.0019114511087536812,-0.9919337034225464,-0.7290434241294861,0.1408359408378601,0.45215362310409546,30.967737197875977,-11.743593215942383,42.89322280883789,0
1534,15340147,0.0746547281742096,0.044042401015758514,-0.9785414338111877,0.011807925999164581,-0.4097203016281128,0.003924523945897818,31.228864669799805,-9.00656795501709,41.04068374633789,0
1535,15350039,-0.058962132781744,0.050444379448890686,-1.0081062316894531,0.6172308921813965,0.4110596179962158,0.5703793168067932,31.731807708740234,-11.380448341369629,39.91169738769531,0
1536,15359928,0.11995966732501984,-0.05483432859182358,-0.9925715327262878,-0.8571829795837402,-0.26901960372924805,-0.1594969630241394,30.56153678894043,-9.626142501831055,39.75148391723633,0
1537,15370066,-0.056592803448438644,0.08981584012508392,-1.011023759841919,-0.933168888092041,-0.7781932950019836,0.4168371856212616,27.98577117919922,-9.665700912475586,39.29473114013672,0
1538,15380029,-0.022023163735866547,-0.04126770421862602,-0.9806482195854187,-0.0839453935623169,-0.06722483038902283,-0.09467583894729614,30.063806533813477,-10.363141059875488,40.074462890625,0
1539,15390092,-0.0892285704612732,0.018105925992131233,-1.0224300622940063,-0.4201807677745819,0.15105687081813812,-0.14344274997711182,29.63783836364746,-7.887818336486816,39.53248977661133,0
1540,15400208,0.0414297841489315,-0.10026127845048904,-0.9775933623313904,0.21189838647842407,-0.4295180141925812,0.010293463245034218,30.075969696044922,-10.50821590423584,38.78453826904297,0
1541,15410029,-0.051109448075294495,0.09016355872154236,-1.0204646587371826,0.1861850768327713,-0.1799609512090683,0.44806936383247375,29.038713455200195,-11.690540313720703,40.78610610961914,0
1542,15420187,-0.00024514057440683246,-0.02929493971168995,-1.0224651098251343,0.810295045375824,-0.3665032684803009,-0.3670752942562103,30.222614288330078,-9.276270866394043,40.18518829345703,0
1543,15429808,-0.07916111499071121,0.07635181397199631,-1.0054532289505005,-0.1353965699672699,-0.12607106566429138,0.3128035366535187,31.719440460205078,-9.175271987915039,40.50294876098633,0
1544,15440199,-0.01943005993962288,-0.056448403745889664,-0.9819080829620361,0.06510883569717407,0.44907864928245544,0.7528319358825684,29.94241714477539,-10.337629318237305,38.80451583862305,0
1545,15449942,-0.05843323469161987,0.08643899112939835,-1.007397174835205,0.033422380685806274,0.07260815054178238,-0.5057193636894226,29.90962028503418,-9.003765106201172,40.011993408203125,0
1546,15460007,0.0663096234202385,0.05721401423215866,-0.9847460389137268,-0.14184850454330444,-0.8523952960968018,-1.4902336597442627,29.338071823120117,-11.053253173828125,38.559410095214844,0
1547,15469784,0.05468745157122612,0.03108621947467327,-0.9868781566619873,-0.42374464869499207,0.2070520520210266,-0.19105878472328186,29.33568572998047,-10.853140830993652,40.29254913330078,0
1548,15480031,-0.029152661561965942,0.004328995477408171,-1.0307668447494507,0.09047611057758331,-0.10455019772052765,0.3198343515396118,29.837841033935547,-10.555098533630371,39.88185501098633,0
1549,15490161,-0.06577490270137787,0.023073820397257805,-1.01250159740448,0.4531760811805725,0.23625479638576508,-0.16509801149368286,29.76427459716797,-10.485563278198242,40.53041076660156,0
1550,15499915,0.019350236281752586,-0.020681258291006088,-1.014124870300293,0.07428605109453201,-0.8993667960166931,-0.17248235642910004,31.425960540771484,-11.361990928649902,40.15841293334961,0
1551,15509853,-0.04002712666988373,-0.01440319512039423,-1.0196747779846191,0.20516346395015717,-0.3188658356666565,-0.3026354908943176,29.415449142456055,-9.58260726928711,40.10313415527344,0
1552,15519795,0.05046338587999344,0.11343398690223694,-1.0349986553192139,-0.030358046293258667,0.41488954424858093,0.4307977259159088,31.14781951904297,-9.170904159545898,40.077674865722656,0
1553,15530041,-0.06856919080018997,0.03190607950091362,-1.0101237297058105,-0.2100995033979416,0.9877949357032776,0.3672560453414917,31.119722366333008,-8.583248138427734,41.746280670166016,0
1554,15540080,-0.04529137909412384,-0.025759559124708176,-0.9845193028450012,-0.11168712377548218,0.7648587822914124,-0.6183455586433411,29.90509796142578,-11.618559837341309,40.502281188964844,0
1555,15550449,0.008088543079793453,-0.03058088757097721,-0.9691346883773804,0.2048809677362442,0.0993429496884346,0.060138992965221405,30.470748901367188,-10.739921569824219,40.61019515991211,0
1556,15560303,0.021251089870929718,-0.010252326726913452,-0.9878416061401367,0.16624940931797028,-0.4303668439388275,0.20728535950183868,28.73878288269043,-8.244976043701172,40.51073455810547,0
1557,15570089,0.04483715444803238,0.037758540362119675,-1.0200735330581665,0.585841953754425,0.21923217177391052,-0.5691972970962524,30.76066017150879,-10.147244453430176,39.312652587890625,0
1558,15580011,0.0858045443892479,0.04839572310447693,-0.9896254539489746,-1.0187641382217407,-0.4490962624549866,-0.7321335673332214,29.962135314941406,-10.038298606872559,40.29179382324219,0
1559,15590228,0.020949479192495346,0.04730609804391861,-1.0056750774383545,0.05081315338611603,0.1862514764070511,0.28833723068237305,31.62810707092285,-10.44747257232666,40.96846389770508,0
1560,15599741,0.05517314374446869,-0.027525058016180992,-0.9834486246109009,1.15049147605896,-0.0516541488468647,-0.01404461171478033,30.832305908203125,-10.167268753051758,37.965946197509766,0
1561,15609952,0.04447641596198082,0.0395040437579155,-0.9831921458244324,0.19450929760932922,0.692615270614624,-0.2447788268327713,30.606176376342773,-10.265766143798828,38.70222091674805,0
1562,15619758,-0.0486687608063221,0.02562076225876808,-1.0033130645751953,-0.0187795739620924,-0.7914898991584778,-0.9022510051727295,29.924222946166992,-10.859911918640137,40.725914001464844,0
1563,15630104,-0.04140250384807587,-0.0031299423426389694,-1.0175107717514038,-1.0519253015518188,0.20623265206813812,0.6318097114562988,30.38359260559082,-10.246609687805176,38.50477600097656,0
1564,15639989,-0.03579931706190109,0.07650797069072723,-0.995635449886322,-0.6686332821846008,0.2953334152698517,1.0143793821334839,29.15806770324707,-9.185216903686523,40.95764923095703,0
1565,15650153,0.03322308510541916,-0.017794642597436905,-0.9900246262550354,-0.7209683656692505,0.28789907693862915,-0.03112112171947956,29.072126388549805,-9.211316108703613,40.40249252319336,0
1566,15660043,0.022345025092363358,-0.010135206393897533,-1.0051651000976562,-0.20262238383293152,0.028534339740872383,0.2868138253688812,30.253314971923828,-11.177926063537598,41.26935958862305,0
1567,15669888,0.037545181810855865,0.08317409455776215,-1.0131186246871948,0.5919232368469238,0.4733223617076874,0.5176748037338257,30.487092971801758,-9.803664207458496,39.68770980834961,0
1568,15680053,0.09624220430850983,0.047318074852228165,-1.0169165134429932,0.3332532048225403,-0.32929691672325134,0.12578989565372467,30.528749465942383,-10.232775688171387,39.81135559082031,0
1569,15690246,-0.006208350881934166,-0.0020172675140202045,-1.01909339427948,-0.137477844953537,-0.14959891140460968,-0.4939277172088623,30.543066024780273,-10.189044952392578,39.61412811279297,0
1570,15699834,0.06266948580741882,0.011362416669726372,-0.9859868288040161,-0.08192787319421768,1.1788983345031738,0.5321999192237854,29.222742080688477,-9.558377265930176,38.44563674926758,0
1571,15710062,0.06274263560771942,-0.04149988293647766,-1.053860068321228,0.14320939779281616,-0.687609851360321,-0.8404074907302856,30.23819923400879,-9.710489273071289,37.52822494506836,0
1572,15720211,0.011627668514847755,-0.06863465905189514,-0.9974932074546814,-0.9281875491142273,0.6552646160125732,-0.15979287028312683,30.88283348083496,-8.888343811035156,40.69955825805664,0
1573,15729924,0.028348419815301895,0.0022156548220664263,-0.9874110221862793,0.513494610786438,0.32834526896476746,0.8262131810188293,29.21373176574707,-11.580050468444824,39.47199249267578,0
1574,15740074,-0.0288707222789526,0.02715608850121498,-0.9927924275398254,-0.11508466303348541,0.4827498197555542,-0.1420670747756958,30.486106872558594,-10.724153518676758,39.15061950683594,0
