seq,time_us,ax,ay,az,gx,gy,gz,mx,my,mz,roll_gyro,pitch_gyro,yaw_gyro,roll_cf,pitch_cf,yaw_cf,roll_ekf,pitch_ekf,yaw_ekf,roll_madgwick,pitch_madgwick,yaw_madgwick,roll_mahony,pitch_mahony,yaw_mahony,drop_flag
0,40,-0.018277354538440704,0.009991302154958248,-1.0185457468032837,0.14920836687088013,-0.02044174075126648,0.7153946757316589,30.853906631469727,-10.468839645385742,39.920413970947266,-0.6707230806350708,-0.39052844047546387,0.46468305587768555,0.8254085183143616,0.20244933664798737,0.6174987554550171,0.3527803122997284,0.923144519329071,0.2249012440443039,-1.9544991254806519,-0.008230247534811497,-1.1399273872375488,-0.0342077799141407,2.5007009506225586,1.29043710231781,0
1,9749,0.018227308988571167,-0.00850585475564003,-0.9974570274353027,0.18757982552051544,-0.622376561164856,-0.370416522026062,29.689714431762695,-9.990939140319824,40.539466857910156,0.37684112787246704,-0.6976317763328552,0.2714017629623413,-0.23240280151367188,-0.15431150794029236,-0.16450011730194092,-1.0109167098999023,-0.669238269329071,1.0637791156768799,0.4311028718948364,-1.013535499572754,0.05421944335103035,0.07058615982532501,-1.0088984966278076,0.13141778111457825,0
2,19869,0.01525490265339613,-0.023550566285848618,-0.9874207377433777,-0.19805358350276947,-0.9670059084892273,-0.7022620439529419,30.4685115814209,-11.88427448272705,39.72791290283203,0.09661545604467392,-0.8970681428909302,1.1844297647476196,0.7599856853485107,1.1649129390716553,1.227960228919983,-1.747003436088562,0.7927541136741638,-0.4205893576145172,1.0394302606582642,0.6547970175743103,0.3008918762207031,-0.8697049617767334,3.0126965045928955,-0.3952566981315613,0
3,29927,-0.1329442709684372,-0.0756334662437439,-0.9896381497383118,-0.08846262097358704,0.18341653048992157,-0.08486425131559372,29.000593185424805,-10.776782989501953,40.58719253540039,-0.6597219705581665,1.1144742965698242,-0.16217826306819916,-0.5816630125045776,0.07189638167619705,-0.43960708379745483,-1.1342705488204956,-0.8236132860183716,0.44127699732780457,-0.14193792641162872,-1.6226097345352173,1.8610241413116455,-1.6671963930130005,1.1878513097763062,0.6928711533546448,0
4,40094,-0.021005844697356224,0.06983821094036102,-1.0028818845748901,0.37227246165275574,0.026815153658390045,0.5098045468330383,30.91944122314453,-10.631487846374512,39.997352600097656,-1.7750641107559204,0.916593074798584,0.7212275266647339,-1.117699384689331,-1.2046805620193481,0.9498595595359802,-0.1457734853029251,-0.334183007478714,0.10624553263187408,-0.1921272575855255,0.4863053858280182,-1.062890648841858,-0.27850911021232605,0.5942410230636597,-0.01831154152750969,0
5,50085,-0.0007923715165816247,0.11774373054504395,-0.9825853109359741,0.22994589805603027,-0.4175562262535095,-0.6137405633926392,31.22715950012207,-12.059314727783203,39.81795120239258,0.12466131895780563,1.3616522550582886,-0.27272120118141174,0.18535073101520538,0.4329143464565277,-1.1182360649108887,0.06738559156656265,0.31597092747688293,-0.30545905232429504,0.6988494396209717,-0.0008300166227854788,1.2320237159729004,0.0736677423119545,1.1118950843811035,-0.7025895118713379,0
6,59975,-0.04298163950443268,-0.01477106474339962,-1.0545039176940918,-0.55023193359375,0.5630456805229187,-0.06198002025485039,31.033090591430664,-9.6183443069458,40.27177047729492,-1.4585866928100586,-0.20782256126403809,1.477273941040039,0.7810924053192139,0.6191035509109497,0.39566880464553833,-2.28863263130188,-0.5372286438941956,-1.1845813989639282,-1.0267906188964844,-0.4316704571247101,0.5147376656532288,1.009611964225769,0.6342906951904297,-1.7184613943099976,0
7,69915,-0.07491655647754669,-0.038454245775938034,-1.0092719793319702,-0.5510027408599854,0.20916800200939178,-0.6368300914764404,29.20813751220703,-8.850166320800781,39.38606262207031,0.54728102684021,0.9334954619407654,1.1763310432434082,-1.817673921585083,-1.1331498622894287,0.1139216274023056,2.07535982131958,0.15293993055820465,0.3765101432800293,-2.1964361667633057,0.3203513026237488,-0.15663033723831177,-0.6969799995422363,1.252873420715332,0.7216026186943054,0
8,79734,0.014207933098077774,-0.03286096453666687,-1.0313485860824585,0.4544461667537689,0.2645236551761627,-0.10695595294237137,30.161611557006836,-7.21253776550293,40.20200729370117,0.3549870252609253,-0.45195168256759644,-1.0461175441741943,-1.1335104703903198,-1.3719500303268433,2.1677088737487793,-0.5604273080825806,-0.7629907131195068,-0.17660824954509735,0.47001296281814575,0.3160310387611389,-0.12061937898397446,2.3896234035491943,0.7490808963775635,-1.1957727670669556,0
9,90034,0.04252547398209572,0.02343667484819889,-0.9855396747589111,-0.41966474056243896,0.8144441843032837,0.3249739706516266,30.1765193939209,-10.351284980773926,40.53413772583008,0.23450830578804016,1.745129942893982,-0.6664181351661682,0.8996559977531433,-0.634834349155426,0.15591777861118317,-0.9371321797370911,0.19721300899982452,-0.3038913309574127,-0.07156138122081757,0.7793257832527161,-0.31094545125961304,0.15466347336769104,0.06089404225349426,-0.45220300555229187,0
10,100126,0.04166373237967491,0.01047827210277319,-0.9846675395965576,0.17587710916996002,0.06243983656167984,-0.1898329257965088,31.99781608581543,-9.807607650756836,41.75178909301758,-0.09877309203147888,0.4568369388580322,-0.13982464373111725,0.8608158230781555,-0.4056389033794403,0.31532594561576843,0.802509605884552,1.4765795469284058,1.3586715459823608,-0.35064244270324707,0.712936282157898,-0.4338517487049103,-1.1476284265518188,-1.1114633083343506,-1.5029048919677734,0
11,110043,-0.05904294177889824,-0.05676316097378731,-0.9718589186668396,-0.4054241478443146,-0.408437579870224,1.2384086847305298,29.919330596923828,-11.088418006896973,39.14585494995117,1.3834669589996338,0.0959523543715477,-0.7110649347305298,-0.7206833362579346,-0.5447933077812195,0.7982902526855469,-2.0661163330078125,-1.2300397157669067,1.6530598402023315,-0.03478758782148361,1.9732054471969604,0.11033416539430618,-0.5416406393051147,1.6959747076034546,-0.7846986651420593,0
12,119798,0.06580419838428497,0.09675628691911697,-0.9801880121231079,-0.4020906388759613,-0.31677117943763733,0.5693027377128601,30.315948486328125,-10.589118003845215,39.14615249633789,0.8349692821502686,-0.9151583313941956,-1.5789967775344849,0.17072507739067078,-0.5128787159919739,-0.9109495878219604,-0.5421810150146484,-0.9050843715667725,1.0616843700408936,0.10088060051202774,-0.2948119342327118,-1.3286852836608887,-1.068222165107727,-1.0396784543991089,-0.9614694118499756,0
13,130198,-0.02595856972038746,-0.01680852472782135,-0.9862150549888611,-0.3195055425167084,0.6770434379577637,-0.16893206536769867,30.988636016845703,-10.39272403717041,40.21346664428711,0.1440792679786682,1.4669302701950073,0.3736635148525238,-1.4661277532577515,0.4651413857936859,0.25651684403419495,0.9750313758850098,-0.43483129143714905,-1.1907438039779663,0.04831985384225845,-0.6930131316184998,-0.7530010342597961,0.690741240978241,-1.586263656616211,0.39505401253700256,0
14,140202,-0.011955789290368557,0.08015378564596176,-1.0027130842208862,-0.19720283150672913,-0.22576569020748138,-0.017326222732663155,29.45236587524414,-12.01207447052002,39.4570198059082,0.807198166847229,1.3652141094207764,0.038996923714876175,0.6304084062576294,-1.6551518440246582,0.5004408955574036,-0.8858298659324646,1.315714955329895,1.7750691175460815,0.16025184094905853,0.006946749985218048,-0.0008928438182920218,-0.8469081521034241,-1.0484925508499146,1.3515740633010864,0
15,149978,-0.025908159092068672,0.01384666282683611,-1.0303326845169067,0.1775447279214859,0.1345982849597931,-0.24169579148292542,30.1573486328125,-9.8145112991333,38.97819900512695,0.5031790733337402,-0.19269368052482605,-0.7996606826782227,-0.22390037775039673,-0.14998045563697815,1.8280868530273438,1.3207725286483765,0.6602417230606079,-0.2286578118801117,-0.8738848567008972,1.0168055295944214,0.7326072454452515,1.1388459205627441,-1.456333875656128,-1.6238514184951782,0
16,160255,0.014580804854631424,-0.0339713953435421,-0.9726512432098389,0.19681710004806519,-0.7283003926277161,0.2583302855491638,30.913677215576172,-10.97741985321045,39.73637390136719,1.1605629920959473,0.25336217880249023,0.42683643102645874,0.6829869151115417,-0.09447847306728363,0.47609418630599976,-0.48456642031669617,-1.3322954177856445,0.40478888154029846,1.8595778942108154,0.3800313472747803,0.6646237373352051,0.1330234408378601,-0.768047571182251,-0.5214913487434387,0
17,170183,-0.05313041806221008,0.039039500057697296,-1.0068514347076416,0.12484180182218552,-0.4380696713924408,-0.1851484179496765,30.955961227416992,-11.69323444366455,40.26028060913086,0.8061853647232056,0.4974845051765442,-0.11309602111577988,-0.8126656413078308,1.5588492155075073,-0.9551193118095398,0.1814568042755127,1.5294867753982544,0.7059019804000854,0.15417571365833282,-0.35950785875320435,-0.41252732276916504,-0.14344775676727295,-0.5074217319488525,-0.30285996198654175,0
18,179691,-0.10995625704526901,0.11917746067047119,-0.9823001623153687,0.2727448046207428,-0.4074820280075073,0.8285636305809021,31.57225227355957,-10.417457580566406,41.84427261352539,-0.22787529230117798,-0.622816801071167,-0.6122997403144836,-0.3411702513694763,-1.2632800340652466,0.3936002254486084,-0.5137920379638672,0.06543334573507309,-1.2043490409851074,-0.3337551951408386,-0.142275869846344,-0.3075205981731415,-0.4124813675880432,0.3150770366191864,0.06075345352292061,0
19,189994,0.03530922532081604,0.044501420110464096,-1.0211317539215088,0.8109060525894165,-0.7288486361503601,1.311686396598816,31.025781631469727,-10.560957908630371,40.04640579223633,-1.0667296648025513,0.518410325050354,-1.00175142288208,0.07412263005971909,-1.9815826416015625,0.8898019790649414,0.596879780292511,-1.2932960987091064,0.07476460188627243,0.931175947189331,-0.6798060536384583,-0.0641079768538475,-0.8425103425979614,0.28045013546943665,-0.632732093334198,0
20,199987,-0.00325828162021935,0.06445744633674622,-0.974907398223877,-0.46505114436149597,-0.7071933746337891,-0.5948232412338257,30.077255249023438,-9.25897216796875,40.78993225097656,-0.21163444221019745,1.0397167205810547,0.030202092602849007,0.9399739503860474,-0.032124679535627365,-0.8523604869842529,-2.394486427307129,1.0264736413955688,2.142137289047241,0.8537580370903015,0.8716694116592407,0.1332525610923767,0.4125669598579407,0.12126553058624268,0.3060723841190338,0
21,210074,-0.019667338579893112,-0.039231933653354645,-1.0091463327407837,0.02404029481112957,0.6614211201667786,-1.0328614711761475,31.08985137939453,-10.146697044372559,39.59761047363281,-0.00024182315974030644,-0.32022184133529663,-0.9817485213279724,-1.524264931678772,1.3290622234344482,1.2968547344207764,0.015773436054587364,-1.2224808931350708,-4.3709347664844245e-05,0.6351626515388489,0.3933541178703308,0.27610060572624207,0.18545866012573242,-0.43603017926216125,-0.3921523094177246,0
22,220014,-0.08974255621433258,0.02360456995666027,-0.9747989177703857,-0.668679416179657,0.5034835338592529,-0.41265034675598145,29.196495056152344,-8.096896171569824,39.56547546386719,-2.038426160812378,0.19618919491767883,-0.4590105712413788,0.37575939297676086,-1.2372379302978516,0.9898583889007568,0.35882213711738586,0.848903238773346,0.9793974757194519,-0.2441304475069046,0.5107496380805969,-0.9307683110237122,1.857730507850647,-1.3114701509475708,-0.9954249858856201,0
23,230081,0.011205552145838737,-0.055075813084840775,-0.9876797795295715,0.0172209944576025,-0.2313975989818573,0.06260596215724945,31.16405487060547,-9.030595779418945,40.82077407836914,0.7495209574699402,-1.6328907012939453,-1.9301661252975464,0.24591238796710968,0.1764630228281021,-0.1285787671804428,-0.0652523934841156,-0.5109963417053223,-1.3934528827667236,0.015151658095419407,-2.3806164264678955,-1.0605089664459229,1.6211315393447876,0.8090547919273376,-0.012891333550214767,0
24,240107,-0.06693669408559799,-0.036709267646074295,-0.9656453728675842,0.29471927881240845,-0.2478092759847641,-0.8972926139831543,27.487653732299805,-9.818449974060059,40.248050689697266,0.1364743560552597,0.03506177291274071,-2.0011868476867676,-0.1039259061217308,-0.7903705835342407,-0.0037556698080152273,1.1877037286758423,-0.4814322590827942,1.5858478546142578,-0.970194399356842,0.29554831981658936,0.8457369804382324,0.8503993153572083,0.7615939378738403,-0.7903962731361389,0
25,250152,0.008790303952991962,-0.020026516169309616,-1.0019886493682861,0.08490043133497238,0.12256079167127609,-0.37005558609962463,29.85923957824707,-10.214231491088867,40.40749740600586,-1.1488020420074463,-0.6669430136680603,0.1844848096370697,-0.18912038207054138,-0.5393528938293457,0.5223910808563232,1.630285382270813,0.16808481514453888,-0.5096664428710938,-1.3729116916656494,-0.2625802755355835,0.1923804134130478,1.577992558479309,0.008416400291025639,-0.7725180387496948,0
26,260080,-0.02060767076909542,-0.07895484566688538,-1.0230356454849243,-0.03822208568453789,1.063198447227478,0.19393660128116608,31.394405364990234,-10.356934547424316,39.71332931518555,-0.032630134373903275,-0.9733004570007324,-0.07814528048038483,-0.8971065878868103,0.12256885319948196,-0.49324020743370056,-0.010506336577236652,1.7170169353485107,1.4418703317642212,1.3994088172912598,0.75396329164505,0.6825464367866516,-1.5956953763961792,-0.026715364307165146,0.1564510464668274,0
27,270024,-0.041722021996974945,-0.0437210313975811,-1.0219812393188477,0.14148153364658356,-0.05224896967411041,-0.3084605038166046,34.02492904663086,-9.644036293029785,39.920223236083984,-1.053317904472351,0.09829530864953995,0.7847867012023926,0.45761838555336,0.8685435652732849,1.1163090467453003,-1.132533311843872,-0.5116487741470337,0.32723554968833923,-0.954526424407959,0.5388766527175903,-1.5380580425262451,0.983816921710968,1.3369637727737427,-0.37421953678131104,0
28,280323,0.0012536159483715892,-0.03589488938450813,-1.001630425453186,0.33395257592201233,1.0467898845672607,-0.0860925018787384,30.863445281982422,-9.978287696838379,39.096397399902344,-0.6050694584846497,0.4344325363636017,-0.3624284267425537,-1.8172789812088013,-0.34246888756752014,-1.4889582395553589,-0.5978164672851562,0.010923197492957115,0.2047300934791565,-1.118425965309143,-0.6836779117584229,-0.020611949265003204,1.3297224044799805,-0.9430574774742126,1.1647920608520508,0
29,290298,-0.009852834045886993,-0.01977529190480709,-0.9837151169776917,-0.08306694030761719,0.504906177520752,0.46190381050109863,30.286800384521484,-10.398308753967285,38.69704818725586,1.0062135457992554,0.5527170896530151,0.9170517325401306,0.31656137108802795,0.056798845529556274,-0.8387283086776733,0.8082861304283142,0.2036813646554947,1.1903735399246216,1.848874807357788,-1.0897802114486694,-0.83011794090271,1.138814091682434,0.6448739767074585,-0.785983681678772,0
30,300156,0.12978769838809967,0.041222941130399704,-0.9915956854820251,0.5624580383300781,0.4927612245082855,0.24624952673912048,31.606849670410156,-10.436243057250977,39.73561477661133,1.5499372482299805,-2.091996431350708,1.5134350061416626,-0.9076536297798157,-1.0101779699325562,0.06020650267601013,-0.008029134012758732,0.09414928406476974,-0.9689327478408813,-0.2958033084869385,-0.44925791025161743,-1.0223503112792969,0.6962397694587708,0.4542888104915619,0.3977106511592865,0
31,309935,0.05327672138810158,-0.0006189344567246735,-0.981972336769104,-0.5824823975563049,-0.12464802712202072,-1.2838548421859741,30.324316024780273,-9.59345531463623,38.65464401245117,-0.881938099861145,-0.26936137676239014,0.042227160185575485,-1.4755939245224,0.3516353368759155,1.3086527585983276,-0.8291288614273071,1.90238356590271,0.9845210909843445,0.3039661645889282,-1.4268078804016113,0.35345107316970825,1.59917414188385,-0.004245550371706486,-1.7152341604232788,0
32,320128,0.09983208775520325,0.08489164710044861,-1.0203580856323242,-0.7442529201507568,1.4672446250915527,0.02830544486641884,31.117998123168945,-11.05427360534668,40.345367431640625,-2.0609405040740967,0.176900252699852,-0.6949318051338196,0.3714517652988434,-1.0225422382354736,-1.0605782270431519,0.23499326407909393,-0.6662470102310181,-1.4925450086593628,-0.9368085265159607,1.6462916135787964,-0.08176790922880173,0.7171176075935364,-0.6660839319229126,1.4571315050125122,0
33,329851,-0.040169548243284225,-0.10874216258525848,-0.9798797965049744,0.8178878426551819,0.48520705103874207,-0.4789426028728485,31.6792049407959,-11.348742485046387,40.63010787963867,0.18066005408763885,0.41353341937065125,1.5445107221603394,2.3436760902404785,-1.0621256828308105,-0.551594078540802,-0.49542587995529175,-1.4496006965637207,-0.5365563035011292,0.5069983005523682,-0.1287340372800827,-0.5340809226036072,0.37171944975852966,-0.10280127823352814,0.02721734531223774,0
34,339893,0.0764467716217041,0.0016894624568521976,-0.9896652102470398,0.4809896945953369,-0.5957207679748535,-0.20413243770599365,30.48554229736328,-10.176351547241211,41.45269012451172,-0.27290549874305725,-0.8151432275772095,-1.0326122045516968,1.1354724168777466,-1.16324782371521,-1.539328932762146,2.2429358959198,-1.1434131860733032,-1.6021995544433594,0.9001068472862244,0.17724765837192535,-0.6685287356376648,0.8682284355163574,0.881569504737854,0.2452995628118515,0
35,350189,0.0052467524074018,0.0081105912104249,-1.0169178247451782,0.059345487505197525,-0.04308472201228142,0.3153665363788605,29.875581741333008,-10.224095344543457,38.384239196777344,-0.4499327540397644,0.5657779574394226,0.6059073805809021,0.883800208568573,1.8787994384765625,-0.3219980299472809,-0.08704215288162231,-0.8203285932540894,0.4681199789047241,-0.22145876288414001,-2.571105480194092,0.9827016592025757,0.8811111450195312,0.666739821434021,-0.22701643407344818,0
36,360028,0.027455132454633713,0.06018900126218796,-0.9967547655105591,0.1676267832517624,-0.24203455448150635,0.8240235447883606,28.463979721069336,-10.448039054870605,41.36235809326172,1.0844025611877441,-1.6992497444152832,0.19801899790763855,-0.13819825649261475,0.5313884019851685,0.42661136388778687,0.28929609060287476,0.6268215775489807,-0.6501495242118835,-1.0479410886764526,0.32271668314933777,0.21245965361595154,2.294487476348877,-0.2517068088054657,1.5530662536621094,0
37,370108,-0.02589966543018818,-0.017802627757191658,-1.0054816007614136,-0.06530702114105225,0.21529161930084229,0.286101758480072,30.108993530273438,-10.84998607635498,41.52794647216797,0.6605680584907532,1.21884024143219,-0.1978670358657837,-0.08052084594964981,-2.1730117797851562,-1.283400058746338,0.10465854406356812,0.10931885987520218,-1.180175542831421,-0.0011519674444571137,0.22315454483032227,0.5004114508628845,-0.8835141062736511,-0.1871090531349182,-0.3405771851539612,0
38,380121,0.00021458369155880064,-0.002473140135407448,-1.0095937252044678,-0.025721890851855278,-0.5213474035263062,-0.022941935807466507,30.372648239135742,-10.874439239501953,38.346763610839844,0.4122404158115387,0.04987180233001709,0.5272778272628784,-0.9407925009727478,1.8930145502090454,-0.384036660194397,-0.5786625146865845,0.6747926473617554,-1.2727231979370117,0.6254918575286865,0.06466856598854065,0.18363235890865326,-0.7142485976219177,0.4969760477542877,-0.21989625692367554,0
39,390171,0.057551126927137375,0.016622323542833328,-1.0016131401062012,0.49943146109580994,0.2277475744485855,0.33694881200790405,28.97032928466797,-10.110599517822266,41.04555130004883,-0.2036372423171997,-0.8874902129173279,-0.47430911660194397,1.7655253410339355,0.45566853880882263,1.0375081300735474,0.9047006964683533,-0.06405740976333618,1.6121326684951782,-0.0016536240000277758,-1.2289880514144897,0.2745954692363739,-1.5529730319976807,-0.7844740152359009,0.2319423109292984,0
40,400124,0.013435621745884418,-0.03229425102472305,-0.9825535416603088,-0.4031238257884979,-0.2778376042842865,0.5283001661300659,28.868526458740234,-8.816481590270996,39.16230010986328,2.0377368927001953,-0.06981585919857025,0.9277305006980896,-1.0208220481872559,1.2499035596847534,0.5539838075637817,0.8705000877380371,-0.9082892537117004,0.7344653010368347,2.0139520168304443,0.09891898930072784,0.1603441834449768,-0.4877522587776184,-1.0414983034133911,1.4802796840667725,0
41,410260,-0.06263510882854462,-0.0043159546330571175,-0.9810730218887329,0.20021507143974304,0.22605273127555847,-0.1266518533229828,30.505001068115234,-10.182744979858398,41.481571197509766,1.041434407234192,1.467445969581604,-1.3203272819519043,-0.8950567245483398,-1.0548855066299438,-1.4887139797210693,1.3712395429611206,-0.8376711010932922,0.22976741194725037,-0.024221666157245636,-1.021890640258789,-0.2941620945930481,0.5130050182342529,-0.9403626322746277,-1.415376901626587,0
42,420187,0.019338492304086685,-0.011191676370799541,-0.9923030138015747,0.8584262728691101,-0.25739097595214844,-0.31857436895370483,28.16030502319336,-8.889406204223633,39.7261962890625,0.8897793292999268,1.7028453350067139,-1.1593139171600342,-1.2549844980239868,0.19735147058963776,1.1649187803268433,0.26460379362106323,1.0463919639587402,0.9890885353088379,-0.6337721347808838,-0.6624067425727844,-1.0143595933914185,-1.1305428743362427,-2.585421323776245,-1.3418056964874268,0
43,429989,0.026854686439037323,-0.05320913344621658,-1.0529433488845825,-0.2149786502122879,-0.22751355171203613,-0.4844607710838318,30.28162956237793,-8.734167098999023,40.61002731323242,-1.6953684091567993,0.5601726770401001,0.19046372175216675,-1.5877625942230225,1.307277798652649,-1.585842490196228,-0.9092446565628052,0.35950833559036255,-0.8288697004318237,-0.972923755645752,-2.074392080307007,-1.071668028831482,0.1900646686553955,-3.6999361515045166,0.46649396419525146,0
44,439879,0.02029205486178398,0.01010947860777378,-0.9799516201019287,1.3718295097351074,-0.46645063161849976,0.4477895200252533,30.614301681518555,-9.791183471679688,39.52724838256836,0.24419990181922913,-0.7896184921264648,1.2721117734909058,-1.845527172088623,-0.48042988777160645,0.1925009787082672,0.5427661538124084,2.182624340057373,0.44513341784477234,-1.770675778388977,-0.8148099184036255,-0.30541348457336426,1.424167275428772,0.5234422087669373,-1.661422848701477,0
45,450080,-0.06274028867483139,0.07424624264240265,-0.9959364533424377,-0.38013675808906555,-0.17500092089176178,0.10917586833238602,28.237668991088867,-9.898293495178223,40.43883514404297,-0.7799670696258545,1.068477988243103,2.6244125366210938,-1.7844504117965698,-0.34296950697898865,-1.6319317817687988,1.3199468851089478,1.2170859575271606,-0.1112895980477333,1.661281704902649,1.4468029737472534,-2.5801022052764893,0.5507367849349976,-0.613166332244873,-0.043018922209739685,0
46,460072,0.040396515280008316,0.004221735056489706,-0.9964639544487,-0.2975756525993347,0.13092800974845886,-0.36742475628852844,28.37224769592285,-10.347518920898438,40.319576263427734,-0.464163601398468,-1.8302165269851685,0.004173422697931528,-0.6245104074478149,-1.618938684463501,1.710456371307373,-0.69083571434021,-0.34072402119636536,-0.5760934352874756,-1.0546865463256836,-0.7600312829017639,0.21158981323242188,2.3041701316833496,0.2387128323316574,1.3419041633605957,0
47,470024,0.07505855709314346,0.003599863499403,-0.9877452850341797,-0.2003878802061081,0.70276939868927,-0.47635993361473083,29.504016876220703,-9.864352226257324,40.45032501220703,-0.7626018524169922,1.4710386991500854,-2.3798036575317383,0.7749088406562805,-0.7535548806190491,0.07381393015384674,0.6275599598884583,-0.5116432905197144,0.8620473146438599,0.8689363598823547,0.06616590172052383,-0.5183430314064026,-0.1636648029088974,-0.708764374256134,-1.770591378211975,0
48,480099,0.007145092356950045,0.005171597003936768,-0.993915855884552,0.5677549839019775,0.8973331451416016,0.43218234181404114,29.613697052001953,-9.508365631103516,40.023414611816406,0.40460506081581116,-0.1011156216263771,-1.1500978469848633,0.7983640432357788,-1.0541037321090698,0.1527690887451172,0.6564766764640808,-0.755672037601471,1.1505765914916992,-0.09525143355131149,-0.5697189569473267,-0.4000707268714905,-0.0534343421459198,1.7774773836135864,1.2778148651123047,0
49,489708,0.05259742587804794,-0.11075521260499954,-1.032530426979065,0.09127229452133179,-0.18182237446308136,-0.7272753715515137,29.106935501098633,-9.676447868347168,39.009090423583984,0.4221476912498474,-0.4991358816623688,0.36743539571762085,0.15873633325099945,0.9456210732460022,-0.3543688952922821,-2.2617831230163574,-1.4325298070907593,-1.143140435218811,1.6671074628829956,-0.19673793017864227,0.30220744013786316,0.571367084980011,-1.1743112802505493,0.5969275832176208,0
50,500055,0.071010060608387,0.06684133410453796,-1.0425957441329956,-0.5146999359130859,0.22692809998989105,-0.8192728161811829,30.82184410095215,-9.322842597961426,38.602073669433594,0.825248658657074,1.7761428356170654,0.0008746529347263277,-0.2947827875614166,0.3146769106388092,0.03853144869208336,-0.7230787873268127,0.13285382091999054,-1.1449640989303589,1.0296326875686646,-0.8025310635566711,0.4367915987968445,1.1494053602218628,-1.5874272584915161,-0.41861557960510254,0
51,509928,0.013142949901521206,0.0349711999297142,-1.0026732683181763,-0.5880236029624939,0.4389907121658325,-0.9944928288459778,30.36310386657715,-11.613459587097168,39.601806640625,-0.7765580415725708,2.199206829071045,0.9233251810073853,1.6223043203353882,0.4977647364139557,0.44102048873901367,-0.20439882576465607,-0.864732027053833,-0.06830277293920517,1.3106250762939453,-0.9009674191474915,-0.2548120319843292,-0.9498975872993469,-1.2728488445281982,0.007397406734526157,0
52,520071,0.0008893247577361763,0.0057696206495165825,-1.0011218786239624,0.34786027669906616,0.4162122905254364,-0.33884304761886597,31.01242446899414,-10.476813316345215,40.51405715942383,0.9588108658790588,-0.937857985496521,0.051032859832048416,0.46304434537887573,0.14025399088859558,0.8442588448524475,-1.6081714630126953,-0.23904600739479065,-0.2739095091819763,-1.196317195892334,-0.05368013679981232,-1.424172043800354,0.5320021510124207,-0.7910192608833313,0.4364835023880005,0
53,529916,-0.04867582768201828,-0.04319092258810997,-0.97542405128479,0.3067764937877655,0.603358805179596,-0.009671000763773918,30.78706932067871,-9.64945125579834,39.897804260253906,-0.4805212914943695,-1.4866350889205933,-1.2497930526733398,1.1186151504516602,0.6781586408615112,0.14014354348182678,-0.7860391736030579,0.9498946070671082,-0.3927154541015625,1.106048345565796,-0.10428138077259064,-0.044820722192525864,-0.8087834715843201,-0.597297728061676,-1.5162876844406128,0
54,540080,0.032317064702510834,-0.020058248192071915,-1.0036894083023071,-0.460733026266098,0.11788497120141983,-0.7376800179481506,30.02838134765625,-11.135910034179688,38.636756896972656,0.577218234539032,-0.6158066391944885,-0.13269126415252686,-0.09989980608224869,1.6783183813095093,-0.9116488099098206,0.33984553813934326,0.14806748926639557,0.08509127050638199,-0.09629863500595093,1.21578848361969,1.5385385751724243,-0.568533182144165,1.800605058670044,1.1461670398712158,0
55,550354,-0.005729700904339552,-0.06189665570855141,-0.9650557637214661,0.04194621741771698,-0.5482020378112793,0.3765295743942261,30.376508712768555,-8.781777381896973,39.95188903808594,0.6974858641624451,0.9338962435722351,-1.2046641111373901,-0.3307587504386902,1.566540241241455,0.4956868886947632,-0.30646002292633057,-0.19144897162914276,-2.0268430709838867,0.7277854084968567,0.3950541019439697,-0.02341543883085251,-0.10653704404830933,-0.5649229288101196,-0.716268002986908,0
56,559870,0.04646339640021324,0.024396684020757675,-0.9979022145271301,0.12091729044914246,-0.2856558561325073,-0.8829029202461243,31.55411148071289,-12.68022346496582,40.526851654052734,-0.07934604585170746,-0.7953913807868958,1.256098985671997,1.9854117631912231,-1.1616551876068115,0.6360684037208557,-1.191203236579895,-1.6546545028686523,-0.0929277241230011,-0.2620430588722229,-0.9142401218414307,0.7219369411468506,1.4096215963363647,-1.2619327306747437,-0.9892836809158325,0
57,569980,0.04866137355566025,-0.085401251912117,-1.0000956058502197,-0.097674161195755,0.6389684677124023,-0.26796531677246094,29.30568504333496,-9.444039344787598,41.160945892333984,1.3848663568496704,-1.598281741142273,0.7574119567871094,-0.2892863154411316,1.1265857219696045,-0.08113578706979752,-2.1259400844573975,1.1694810390472412,1.1617321968078613,-0.5130085945129395,-0.1043408066034317,1.900716781616211,1.3373315334320068,-1.163588047027588,1.5784149169921875,0
58,579865,-0.01619718410074711,-0.03806326165795326,-1.0226510763168335,0.16129030287265778,-0.30226191878318787,0.022495849058032036,30.81294822692871,-10.704940795898438,41.12055969238281,-1.0964998006820679,-0.3160347044467926,-1.7686539888381958,0.12399059534072876,-1.2767475843429565,4.0595293045043945,-0.6182432174682617,-0.5571983456611633,0.02279890701174736,1.328271508216858,0.37247776985168457,0.7876484990119934,0.11997121572494507,-0.014201520942151546,0.09495512396097183,0
59,590301,-0.12283797562122345,-0.06299421191215515,-0.9933671951293945,0.7425306439399719,1.3446147441864014,-0.7234703302383423,31.209197998046875,-10.818033218383789,40.89912033081055,0.5068340301513672,-1.428863525390625,0.09185577929019928,-0.20211069285869598,1.1077443361282349,0.6967872977256775,1.4915413856506348,-2.849822759628296,0.07817183434963226,-1.5645737648010254,-1.9775798320770264,0.9501293897628784,-1.746230959892273,1.273911476135254,1.0409570932388306,0
60,599629,-0.006924200337380171,0.07631146907806396,-1.0165669918060303,0.3907901346683502,0.3154223561286926,-0.15428534150123596,30.43343162536621,-9.294243812561035,40.54256820678711,0.678062379360199,1.4956446886062622,0.4253959357738495,0.361715167760849,0.32536938786506653,-0.2604577839374542,1.4425638914108276,0.4869101047515869,-1.2105683088302612,-1.7789965867996216,-0.014465225860476494,0.45774027705192566,1.857940435409546,0.09832724928855896,0.8363168239593506,0
61,609878,0.004283179994672537,-0.053647231310606,-0.998612642288208,0.5639483332633972,-0.1465403437614441,0.3642946481704712,29.649728775024414,-9.820096969604492,38.97114944458008,0.3480284512042999,-1.17075514793396,1.1869580745697021,-1.3650966882705688,-0.7636699676513672,-1.0283859968185425,-1.1771492958068848,-0.16103021800518036,0.6581260561943054,-0.6279295086860657,0.0936245247721672,0.3916862905025482,0.9888441562652588,-0.26100656390190125,-0.31107097864151,0
62,620044,-0.012050017714500427,0.0809546634554863,-0.9727522134780884,-0.47094273567199707,0.33739468455314636,0.8198306560516357,29.573780059814453,-10.257171630859375,39.872764587402344,0.5108752846717834,0.49598053097724915,-0.3175638020038605,-1.1289420127868652,2.1464738845825195,1.7996882200241089,0.0771927759051323,1.5953822135925293,1.6029149293899536,0.5247451663017273,-1.5346136093139648,0.0005150487995706499,1.408288598060608,1.4633067846298218,-1.9563227891921997,0
63,630256,0.05086122453212738,-0.0825791209936142,-0.9673954248428345,-0.4770876169204712,0.8993411064147949,0.39879468083381653,32.42465591430664,-10.17528247833252,39.85005569458008,-0.1212359070777893,-0.3647855222225189,-1.0158723592758179,0.8296234011650085,-0.3927311897277832,0.4031149744987488,2.079288959503174,-1.0085541009902954,0.42847293615341187,1.0221458673477173,0.6936507821083069,0.15398520231246948,-0.2485344260931015,0.39156877994537354,-1.210152506828308,0
64,640142,-0.06747978925704956,0.06390682607889175,-1.01689875125885,-0.23438484966754913,-0.11068707704544067,0.0069863502867519855,29.38223648071289,-12.306899070739746,41.78190612792969,0.2931078374385834,-0.227896049618721,1.3600876331329346,0.30921706557273865,1.0659335851669312,-0.3784114718437195,0.9515959024429321,-0.7109233736991882,-0.10976509004831314,-0.6344742774963379,1.4118690490722656,-0.0957205593585968,-0.30207395553588867,-0.3932814300060272,0.3654978275299072,0
65,650174,-0.07931369543075562,-0.03040253184735775,-1.0101699829101562,-0.30101725459098816,-0.1517537236213684,-0.08454827219247818,29.845178604125977,-9.503312110900879,41.526824951171875,-0.053896714001894,0.36595484614372253,0.059333786368370056,0.4863712191581726,0.05313769727945328,0.15405145287513733,-1.2647346258163452,0.0014820650685578585,1.5226657390594482,0.18304196000099182,2.1967270374298096,-0.4352566599845886,0.43074846267700195,0.38406744599342346,-1.1494781970977783,0
66,660219,0.021845504641532898,0.03299817815423012,-1.0182316303253174,0.2128792554140091,-0.32236671447753906,-0.1256045401096344,29.82443618774414,-10.924492835998535,39.83830261230469,-0.9505624175071716,-0.01189563050866127,0.35087481141090393,-0.9184315800666809,-0.2664985656738281,0.07026329636573792,-0.26316386461257935,-0.5644277334213257,0.5666216611862183,-0.028117477893829346,0.16804510354995728,-0.5415463447570801,0.425892174243927,0.9911400675773621,-1.931675672531128,0
67,669793,0.03953355550765991,0.04530000314116478,-1.0136730670928955,0.47682300209999084,0.3524843454360962,0.5742009282112122,28.767166137695312,-11.31419849395752,40.06898498535156,1.3951923847198486,0.01565992832183838,0.837099552154541,0.8856498003005981,-0.5516824722290039,-0.8168919086456299,0.6116820573806763,-0.7115573883056641,2.262486696243286,0.7732831239700317,3.056340456008911,0.11564673483371735,1.2480705976486206,-0.9585849642753601,-0.014028968289494514,0
68,680024,0.026248682290315628,-0.06957264989614487,-0.9946298003196716,-0.4241747260093689,-0.8576326966285706,0.6285194158554077,28.84528923034668,-9.550495147705078,40.1515007019043,1.153444528579712,0.3273012042045593,-1.1765074729919434,-0.3900676369667053,-0.7817453145980835,0.6013455390930176,-0.9953638911247253,0.07800323516130447,0.44085410237312317,0.7643560171127319,-1.2244008779525757,-0.4468706548213959,0.6007668972015381,1.059852957725525,1.815038800239563,0
69,690046,-0.022084256634116173,0.0786244347691536,-1.0032422542572021,0.7112228870391846,0.22968855500221252,-0.1368139386177063,29.856046676635742,-8.515344619750977,39.48468017578125,-0.24441564083099365,1.3485453128814697,1.3345818519592285,0.475730836391449,-0.160097137093544,1.885761022567749,0.7329794764518738,-0.535599410533905,0.36254075169563293,0.6077905893325806,-1.7457940578460693,0.35363471508026123,-1.477783203125,1.7191811800003052,-0.26132461428642273,0
70,699812,0.013947414234280586,-0.06821499764919281,-1.0091313123703003,-1.0324363708496094,0.21739155054092407,0.14003458619117737,27.662860870361328,-9.90296459197998,39.02315139770508,-0.4261361062526703,-0.8090090155601501,0.7741350531578064,0.6520737409591675,1.298495888710022,2.99867582321167,-0.6691282987594604,-0.8002597689628601,0.43821820616722107,-0.23362436890602112,-0.9783607125282288,0.9626887440681458,-0.6274286508560181,-1.8577675819396973,0.27200618386268616,0
71,709899,-0.020344171673059464,0.016059769317507744,-0.9862890243530273,-0.2777578830718994,0.1724964827299118,0.7223743796348572,32.4172477722168,-10.962377548217773,39.70676803588867,0.45336267352104187,0.47074857354164124,0.31742820143699646,0.35028210282325745,0.21432891488075256,1.1507456302642822,-0.5514585971832275,0.6947166323661804,0.5225185751914978,-1.0794259309768677,0.611192524433136,-0.4231042265892029,0.39080655574798584,0.47645464539527893,-0.6957438588142395,0
72,720096,-0.02661295421421528,0.03470906615257263,-0.9905768632888794,0.6185656785964966,0.8418005108833313,-0.08308160305023193,29.152135848999023,-10.183328628540039,41.222843170166016,0.22835242748260498,0.4614294469356537,-0.4730090796947479,-0.9364194273948669,-0.8464629650115967,-0.15113574266433716,1.6644306182861328,-0.9450295567512512,-0.0021503574680536985,1.0175753831863403,0.6689215898513794,1.123900294303894,0.2552453875541687,0.6194409728050232,-0.4988366663455963,0
73,729891,-0.028302539139986038,-0.03035050630569458,-0.9864020943641663,-0.7708762884140015,-0.04656762257218361,-0.2589874267578125,28.729022979736328,-11.161599159240723,39.77023696899414,-0.3745856285095215,-0.8574273586273193,-0.41677412390708923,1.3846392631530762,-1.2402654886245728,0.42954984307289124,-1.8256571292877197,0.21669211983680725,-0.12692491710186005,-0.3809179961681366,-0.8176959156990051,0.0671641081571579,-0.4479401707649231,0.29161372780799866,0.8493466973304749,0
74,739824,-0.04559532552957535,-0.056407228112220764,-1.0088082551956177,0.42289426922798157,0.16828346252441406,-0.7524003386497498,29.290546417236328,-9.629581451416016,42.85957336425781,-0.5969801545143127,-1.1964994668960571,-0.48668283224105835,-0.2700636088848114,-0.4722529947757721,-2.8330628871917725,0.6455381512641907,0.9023418426513672,-1.224590539932251,-0.47246992588043213,1.2543303966522217,0.5833534598350525,1.0255374908447266,-1.268538236618042,1.5485174655914307,0
75,750190,-0.027605228126049042,-0.00322166969999671,-0.9920339584350586,-0.4479043483734131,-0.4031165540218353,-0.12613840401172638,31.281898498535156,-12.66898250579834,40.46378707885742,-1.8128867149353027,0.6887449622154236,0.4618930220603943,0.8312564492225647,0.3810357451438904,-0.5700257420539856,-0.3258390426635742,1.2303147315979004,1.9006115198135376,-0.2664179503917694,1.0602974891662598,1.1004235744476318,2.9333133697509766,1.5782020092010498,0.555047869682312,0
76,759768,0.07946866005659103,0.03744827210903168,-0.9560403823852539,0.18813078105449677,-0.48664143681526184,0.1771257519721985,31.197635650634766,-9.77149486541748,39.56637191772461,-0.03145034983754158,-1.6344624757766724,-2.037830114364624,-0.11079130321741104,1.4823659658432007,1.6471188068389893,0.30554714798927307,1.32978093624115,-1.240146279335022,-1.2357314825057983,0.934529185295105,-0.5553762316703796,0.5031986832618713,1.214689016342163,-0.396930068731308,0
77,769965,0.079180508852005,-0.029933884739875793,-1.0132906436920166,-0.4416458308696747,-0.7845646739006042,0.39069268107414246,30.923940658569336,-10.122611045837402,39.12250900268555,-0.72990483045578,1.1298844814300537,1.9515444040298462,-0.4765121340751648,-1.1878281831741333,-0.4205871522426605,-0.11060143262147903,-1.0086859464645386,-1.0776457786560059,1.8908144235610962,0.7733405828475952,-1.6213141679763794,-1.6827389001846313,-0.23155948519706726,-1.1254101991653442,0
78,780098,0.05197009816765785,0.012644105590879917,-1.010516881942749,-0.5963820815086365,-0.1810058057308197,-1.0821268558502197,29.877267837524414,-12.445751190185547,39.89640808105469,-0.06284401565790176,0.07871782779693604,0.2495257407426834,0.08043491095304489,0.7920002341270447,0.42363521456718445,-0.5038056373596191,0.13564208149909973,0.9627082943916321,0.4275713562965393,1.7909235954284668,0.3045453429222107,-1.7826908826828003,-0.2523696720600128,-2.070178508758545,0
79,789923,-0.031526628881692886,-0.11026427894830704,-1.0277587175369263,0.16551262140274048,-0.05904467776417732,-0.6871711611747742,32.84934997558594,-10.294239044189453,38.4583854675293,-0.70728999376297,0.05791572853922844,-1.0780936479568481,1.3432451486587524,-0.825310230255127,0.967502772808075,-0.10107263177633286,0.4445834755897522,-1.8954559564590454,0.14169129729270935,-1.6524752378463745,0.393306165933609,-1.788609504699707,-0.9240671396255493,0.7880485653877258,0
80,799985,-0.04466988146305084,-0.07912789285182953,-0.9825150966644287,-0.7943377494812012,0.24039889872074127,0.26972511410713196,30.6157283782959,-9.844319343566895,38.685054779052734,-0.6213409304618835,0.5762534737586975,1.866368055343628,-0.6400073170661926,1.0901800394058228,-0.5371711254119873,-0.2669932246208191,0.04935576394200325,-1.2941511869430542,1.4756569862365723,-0.39277100563049316,-0.2813800871372223,-0.23331905901432037,0.9147862792015076,0.1693314164876938,0
81,810043,0.0031887763179838657,0.11223457008600235,-1.021009087562561,0.07291428744792938,-0.007635191548615694,0.19198180735111237,29.478124618530273,-10.607422828674316,40.73813247680664,0.3116433620452881,0.7992388606071472,-1.1203094720840454,1.1640048027038574,0.9673507213592529,-1.5680084228515625,-0.6668561697006226,1.6468892097473145,-0.1636039912700653,-0.953994870185852,-0.4724569022655487,-0.20295478403568268,0.32977989315986633,1.365302562713623,-0.5045289993286133,0
82,819877,-0.0736827403306961,0.06965791434049606,-1.0108436346054077,-0.6633676886558533,0.3217531144618988,-0.3407880961894989,29.626171112060547,-9.291962623596191,41.86665344238281,0.6923357248306274,0.2597731947898865,-2.0359721183776855,-0.03642837703227997,0.7684407830238342,0.13076268136501312,0.784214198589325,0.3797474801540375,-0.34196969866752625,-1.3965542316436768,-0.7084278464317322,0.772602915763855,0.3516581952571869,1.083154559135437,-0.700056254863739,0
83,829867,0.029322803020477295,0.028322122991085052,-0.9959951639175415,-0.9438399076461792,0.6457725167274475,-0.37238869071006775,29.553791046142578,-9.952465057373047,41.3897819519043,0.8323336243629456,-0.09241931140422821,0.7437698245048523,0.4069035053253174,1.3558813333511353,1.3072609901428223,0.5060722231864929,1.076951503753662,-0.32268261909484863,1.0588444471359253,-0.07291378825902939,0.7606422901153564,0.8928110599517822,1.440087914466858,0.5211217403411865,0
84,839750,0.05128372088074684,-0.05926770716905594,-0.9861617684364319,-0.1889219433069229,-0.7503259778022766,-0.24060307443141937,30.214696884155273,-13.279857635498047,41.633033752441406,1.2056975364685059,1.3824363946914673,-0.08503074944019318,-0.13375742733478546,-1.6447316408157349,0.2539059817790985,-0.858581006526947,-1.6891632080078125,-1.1961522102355957,-0.2532907724380493,0.5186296105384827,0.25886279344558716,-0.1985122561454773,0.0740264430642128,0.06054425612092018,0
85,849946,0.0008258990710601211,0.10069482773542404,-0.9848957657814026,-0.13292352855205536,-0.8045214414596558,0.5642332434654236,31.73440933227539,-8.300527572631836,39.9876594543457,-1.1943496465682983,1.3166122436523438,0.03197048604488373,-0.608090341091156,-2.0504302978515625,1.7055941820144653,0.8284112811088562,-0.8624359369277954,-0.25749471783638,2.270308017730713,2.002744436264038,0.16230392456054688,0.24766290187835693,1.251904845237732,1.382260799407959,0
86,859934,-0.01366850920021534,0.039779264479875565,-1.015854835510254,0.5347806811332703,-0.5171581506729126,-0.5325707793235779,31.902406692504883,-9.961541175842285,40.11530685424805,-1.6798502206802368,0.6826757788658142,-0.4074021577835083,-0.1121816337108612,-0.6522144079208374,0.906893253326416,-1.0729987621307373,0.49664685130119324,-0.3439319431781769,0.6195798516273499,1.8950363397598267,-0.5540111064910889,-0.11096355319023132,0.2846395969390869,0.7263861894607544,0
87,870037,-0.05781116336584091,-0.0909210741519928,-1.041022539138794,-0.04206627979874611,-0.009159550070762634,0.46736428141593933,30.991825103759766,-8.664443016052246,41.470741271972656,1.3654483556747437,1.3289175033569336,0.8205537796020508,0.06734435260295868,0.3116084039211273,-1.2319117784500122,-1.7515186071395874,0.17331331968307495,1.8373316526412964,1.713483214378357,0.2021593600511551,2.347388982772827,1.5825239419937134,0.011071126908063889,1.254982829093933,0
88,879940,-0.08808264881372452,-0.0725119486451149,-1.0043220520019531,0.5324144959449768,0.45479658246040344,0.5734776258468628,28.662931442260742,-9.305719375610352,40.30510330200195,-0.19843602180480957,1.559355616569519,-0.4840982258319855,0.06478193402290344,0.6716172099113464,-0.9873080253601074,-0.47280964255332947,1.2601732015609741,0.4121526777744293,-1.1790094375610352,-0.14579981565475464,-0.3645069897174835,0.3358364403247833,-0.327808678150177,-0.998901903629303,0
89,890242,-0.013398686423897743,-0.03660167008638382,-1.002804160118103,0.6503474712371826,-0.729012668132782,-0.10883763432502747,29.16326904296875,-10.151626586914062,38.9290771484375,0.283094584941864,1.2532368898391724,1.5362675189971924,0.7838913202285767,0.341657429933548,1.4782170057296753,-0.07767713069915771,-0.14591169357299805,0.5310501456260681,-1.3787586688995361,1.1283258199691772,0.42875242233276367,0.9810710549354553,-1.4680345058441162,-1.0593734979629517,0
90,900121,-0.12931722402572632,0.01781241036951542,-1.009439468383789,-0.10143040120601654,-0.26944032311439514,0.07553640753030777,30.07706642150879,-11.36316204071045,39.659332275390625,0.9420634508132935,-0.392744243144989,0.115193210542202,-0.026951566338539124,-1.7824475765228271,0.43468087911605835,-0.2669939696788788,-0.3926597237586975,0.7984023690223694,-0.8532898426055908,0.8565917015075684,0.3475547730922699,-0.10051615536212921,0.2266688197851181,-0.29551568627357483,0
91,910248,-0.028576383367180824,-0.013735653832554817,-0.993273138999939,0.8228442072868347,0.12223362177610397,0.0906728208065033,31.404468536376953,-8.036684036254883,40.063201904296875,-1.3645243644714355,0.25514790415763855,-1.6573946475982666,-0.4692190885543823,-0.43563178181648254,0.9438217282295227,-0.27346348762512207,0.28278788924217224,-0.958389163017273,2.0688235759735107,-0.46250689029693604,-0.6425423622131348,-0.9795437455177307,0.3842948079109192,-0.7524486184120178,0
92,919804,-0.07803797721862793,0.08564607799053192,-1.0077619552612305,0.6082438230514526,-0.15922056138515472,0.039145421236753464,30.19305992126465,-11.508469581604004,40.620704650878906,0.292062371969223,0.05784531682729721,-0.6061902642250061,-0.21158692240715027,-0.017596591264009476,0.792846143245697,0.5313248038291931,1.7095271348953247,-0.863907516002655,0.45743435621261597,0.3513869047164917,0.4963656961917877,-1.1951619386672974,-0.17355549335479736,-0.3354317545890808,0
93,930057,-0.014896392822265625,-0.026497740298509598,-1.0050102472305298,0.26091036200523376,0.2766094207763672,0.51358962059021,30.775104522705078,-10.58996868133545,41.1970100402832,-0.008784923702478409,0.6464002132415771,0.8286094069480896,0.585945188999176,-3.017589807510376,-0.8803601264953613,-0.8971813917160034,0.9194595813751221,0.409880131483078,-0.7714225053787231,0.8593205809593201,0.5629270672798157,1.2753998041152954,0.8205881118774414,-0.7980855703353882,0
94,939864,0.012988698668777943,0.06327953934669495,-1.0090981721878052,-0.7312901616096497,0.8327147364616394,-0.06238652020692825,30.73017120361328,-8.913206100463867,41.150177001953125,-2.1116244792938232,0.43683624267578125,0.1312055140733719,-0.3448168933391571,0.9399295449256897,0.3146768808364868,1.7065283060073853,1.3199048042297363,-0.9313777685165405,-0.5889503955841064,-0.13755932450294495,-0.22831328213214874,-0.7269293069839478,-0.3595006465911865,-1.240073561668396,0
95,950136,-0.07455584406852722,-0.036597613245248795,-1.0010650157928467,0.19357658922672272,-0.3434602618217468,0.04320290684700012,29.017269134521484,-8.634540557861328,40.454437255859375,0.7892276644706726,-1.1184133291244507,0.5151153206825256,-0.6104025840759277,0.2550490200519562,0.794044554233551,-0.4311094880104065,1.076301097869873,-0.5829256176948547,-0.5298104882240295,0.5617830753326416,0.08947962522506714,1.058942437171936,1.0431419610977173,1.4177690744400024,0
96,959932,0.0021859880071133375,0.05248372629284859,-0.9909265041351318,0.3442447781562805,-0.3479657471179962,-0.11951609700918198,31.02391242980957,-11.509968757629395,37.634422302246094,-0.1391407698392868,-0.1240658164024353,0.755588710308075,-0.9105039834976196,0.06766053289175034,-0.5177374482154846,2.161134958267212,0.9402838945388794,0.5857131481170654,-0.6464700102806091,0.48979657888412476,-0.8888682126998901,1.1459020376205444,-0.7658583521842957,0.3689543902873993,0
97,969999,-0.06068204343318939,0.0019937839824706316,-0.9901976585388184,0.4357794523239136,0.9374724626541138,0.10797478258609772,30.46369743347168,-10.961694717407227,39.636783599853516,-1.679487705230713,1.826833963394165,0.40510624647140503,-0.42532557249069214,1.0215883255004883,-0.026033267378807068,0.12280812114477158,-1.774037480354309,-0.6109626889228821,-0.5241929888725281,-1.2264182567596436,-1.178145408630371,-0.9912267327308655,-1.736132264137268,-0.11687058210372925,0
98,979972,0.04552675783634186,-0.03254096955060959,-0.989482045173645,-1.13712477684021,0.17978273332118988,0.22019074857234955,30.624736785888672,-10.038525581359863,39.29500198364258,0.549368679523468,-0.502413272857666,0.9534745216369629,0.1840077042579651,0.2759373188018799,0.9371041655540466,-1.5097068548202515,0.12860926985740662,-0.2121053785085678,0.5394452214241028,0.16440553963184357,0.6941483020782471,-0.13918961584568024,0.6085413694381714,-1.9973456859588623,0
99,990014,-0.034606657922267914,-0.08569315820932388,-1.006423830986023,-0.4795427620410919,-0.7562392354011536,0.09936276078224182,29.36604881286621,-8.693488121032715,38.01189041137695,-0.7028132081031799,-0.19278666377067566,0.7946385145187378,-1.381849765777588,0.8096789717674255,1.2400559186935425,-0.9097936749458313,1.2690730094909668,0.5694594383239746,0.7237765192985535,-0.34476861357688904,2.5083255767822266,-0.45336031913757324,-0.4920022785663605,0.15444748103618622,0
100,1000127,0.07985218614339828,0.0054703992791473866,-1.0141059160232544,-0.4954816401004791,-0.916297972202301,-0.0014785771491006017,29.431346893310547,-10.341588020324707,39.72329330444336,0.7846142053604126,-0.7036535739898682,0.2866619825363159,0.25374844670295715,0.8895283937454224,0.04608853906393051,0.03366279974579811,-0.7315336465835571,-0.5425882935523987,0.2218225747346878,-1.6666582822799683,0.2583273947238922,-1.182247281074524,-0.4220356047153473,-0.53388512134552,0
101,1010102,-0.057288091629743576,-0.09983748197555542,-0.9968027472496033,0.45484766364097595,-0.5972734689712524,0.08939696848392487,29.764263153076172,-10.095320701599121,39.384910583496094,-0.039777178317308426,-0.14838793873786926,0.15643663704395294,-0.4093550443649292,-1.9858556985855103,0.2778743803501129,-0.11060414463281631,-0.7082979679107666,1.2181988954544067,0.028986813500523567,-0.1889224350452423,-0.5371338129043579,-0.9482786655426025,1.5341415405273438,-2.934593915939331,0
102,1020007,-0.04812821373343468,-0.010211904533207417,-0.991992712020874,0.3295480012893677,-0.41541787981987,0.3212006688117981,30.051252365112305,-8.510549545288086,39.89924621582031,-1.5589765310287476,-0.06283555924892426,0.4629952311515808,0.8868362903594971,2.0232162475585938,-1.3805558681488037,-1.1278520822525024,-1.3393999338150024,1.1488710641860962,-0.31426697969436646,1.1218117475509644,1.8625973463058472,0.9700230956077576,-1.9152932167053223,-1.6899935007095337,0
103,1029874,0.07841750234365463,0.02658369205892086,-1.0094921588897705,0.12091277539730072,-0.29692935943603516,-0.46895265579223633,30.126941680908203,-10.198907852172852,38.28586959838867,1.2808728218078613,-1.1196569204330444,-0.6184738278388977,-0.7889461517333984,-0.44243282079696655,0.8327493071556091,0.469241201877594,0.21687698364257812,0.9862968325614929,0.9994530081748962,-0.5045405626296997,-0.45467281341552734,-0.4872066378593445,0.21630755066871643,-1.1158888339996338,0
104,1040012,0.019182981923222542,-0.003947101999074221,-1.0147002935409546,-0.11486311256885529,-0.14208440482616425,-0.5747720003128052,30.866994857788086,-9.563509941101074,41.61762237548828,0.3630944490432739,-2.046006441116333,0.34959933161735535,-0.07328768819570541,0.2749403715133667,-0.6145434975624084,-0.40209880471229553,0.7374680638313293,1.0869141817092896,-0.12663871049880981,0.32200539112091064,-0.19248123466968536,0.27423208951950073,0.6291720271110535,1.3228782415390015,0
105,1050177,-0.07540318369865417,-0.08018612116575241,-1.0138165950775146,0.42563724517822266,-0.12285596132278442,0.42437517642974854,30.28791618347168,-9.426188468933105,38.284454345703125,1.0146130323410034,-1.02773916721344,-2.5452659130096436,1.2321223020553589,-1.7729758024215698,-0.3515360653400421,0.711588978767395,0.010345546528697014,-0.500645101070404,-0.9388208389282227,-2.074826240539551,-0.18355780839920044,-0.323208749294281,-1.7002040147781372,-1.1311203241348267,0
106,1059943,0.005876489449292421,-0.04928195849061012,-0.9905246496200562,-0.1373526155948639,1.2255935668945312,0.09205151349306107,28.608667373657227,-9.543449401855469,38.82025909423828,-0.2660120725631714,-0.09024177491664886,0.2590446472167969,-1.6846041679382324,-1.6748900413513184,1.5938720703125,0.2237023115158081,-0.507078230381012,1.9415324926376343,0.436719685792923,0.13870957493782043,1.2580478191375732,1.2493982315063477,1.5515185594558716,2.1302359104156494,0
107,1070259,0.0023690734524279833,-0.0010989505099132657,-0.9785410165786743,0.46179378032684326,0.191957488656044,0.10208629071712494,30.87057876586914,-9.52477741241455,38.65980911254883,-1.2896350622177124,-0.01585509441792965,-0.2822842001914978,-1.1194692850112915,0.3089500069618225,-0.5120589733123779,1.2639755010604858,-0.48615068197250366,1.6920483112335205,0.9711861610412598,0.13811637461185455,1.847878098487854,-0.7047690749168396,-0.6631086468696594,1.3787764310836792,0
108,1079860,0.006524635944515467,-0.002738161711022258,-0.9656230211257935,0.5844536423683167,-0.358251690864563,0.3684149980545044,29.396137237548828,-9.667675018310547,39.553306579589844,0.7900569438934326,-0.6295854449272156,-0.08253595978021622,0.07969562709331512,-0.7097436189651489,0.36771413683891296,-2.248638868331909,0.45847493410110474,-0.28500476479530334,-0.7173122763633728,0.28739872574806213,1.1111669540405273,1.9985262155532837,0.09440825879573822,0.5429159998893738,0
109,1090094,0.032948873937129974,-0.0007497736369259655,-1.0158071517944336,-0.5361372232437134,0.5187996625900269,-0.1965540051460266,30.09571647644043,-10.356825828552246,39.591033935546875,0.4133968949317932,-2.0558438301086426,-1.1634340286254883,0.9586107134819031,1.0817148685455322,-0.07879096269607544,0.8979817032814026,-0.22858981788158417,0.597639799118042,0.8451316356658936,-0.7722949981689453,-0.48622551560401917,1.9146242141723633,-0.22755563259124756,-1.2413854598999023,0
110,1100150,0.005315238144248724,0.046429961919784546,-1.0046442747116089,-0.26563262939453125,0.828156054019928,-0.3864174485206604,28.45293426513672,-10.836662292480469,38.79647445678711,0.4149720072746277,0.4004621207714081,-0.0006861004512757063,-1.7775275707244873,0.7188110947608948,1.3627136945724487,-1.1911792755126953,-0.5040861964225769,0.453908771276474,0.22285394370555878,1.4143612384796143,0.4799831509590149,-0.19852770864963531,-1.1017861366271973,-0.06039676070213318,0
111,1110106,0.12838228046894073,0.06973880529403687,-1.021453857421875,0.8015201687812805,-0.39485347270965576,0.4542413055896759,29.088102340698242,-10.11624526977539,41.748985290527344,0.18405161798000336,-0.23541072010993958,-1.3231632709503174,-0.727847695350647,-0.0745440274477005,-0.3975949287414551,-1.0501374006271362,-1.0549079179763794,-0.6013698577880859,-1.456738829612732,1.4792245626449585,-1.334388017654419,0.6980024576187134,0.46488156914711,0.6927996277809143,0
112,1120132,0.0421166755259037,0.024080198258161545,-1.025517463684082,-0.2495260089635849,-0.09371654689311981,-0.6414535045623779,29.20925521850586,-9.769411087036133,40.77233123779297,-0.6922401785850525,-2.2731573581695557,-0.047097720205783844,-1.3507980108261108,0.31562402844429016,0.2101001888513565,0.07197972387075424,0.8729458451271057,0.4912453293800354,0.16103357076644897,0.5958991050720215,0.6101629137992859,-1.0647207498550415,-0.27390995621681213,-0.17501425743103027,0
113,1129901,-0.017556264996528625,-0.01842610538005829,-0.975084662437439,-0.6265331506729126,-0.5171319842338562,0.5752961039543152,29.585615158081055,-11.017759323120117,40.15678405761719,-1.8576246500015259,-1.3917160034179688,0.10255281627178192,2.543916940689087,-0.8794416189193726,0.8733695149421692,0.3546375632286072,-0.433914452791214,-0.3275408148765564,0.24015992879867554,-0.21231605112552643,-1.3362360000610352,1.1192588806152344,-0.33045127987861633,0.013221045024693012,0
114,1140108,0.0026825815439224243,-0.07245238125324249,-0.9946109652519226,-0.03716008737683296,0.5724000930786133,-0.7652132511138916,30.869874954223633,-11.655617713928223,40.70376205444336,1.664290428161621,1.1899577379226685,1.4750254154205322,-0.23553377389907837,0.1293085664510727,0.12170412391424179,0.10604292899370193,-0.9519808888435364,-0.5308487415313721,-0.7651024460792542,-2.0038821697235107,-0.5655674934387207,-0.07932288944721222,-1.6093263626098633,-0.27380236983299255,0
115,1149900,-0.09957530349493027,0.08823002874851227,-1.0178852081298828,0.42702844738960266,-0.5151212811470032,-0.0903787836432457,31.466543197631836,-9.169317245483398,40.15121841430664,0.859345555305481,-0.5545645356178284,-1.6026997566223145,-0.8222835659980774,0.11158521473407745,-0.7521694898605347,-2.493891954421997,0.7727553248405457,-0.341732382774353,-2.5600898265838623,1.3569905757904053,-0.5817379355430603,-0.7206528782844543,0.3339060842990875,0.17095762491226196,0
116,1159881,-0.10827115923166275,0.05609022080898285,-1.0527173280715942,-0.4638012647628784,-0.5476039052009583,-0.16990657150745392,28.0364990234375,-8.518060684204102,39.766414642333984,0.7594249248504639,0.1885271966457367,-0.47609877586364746,0.11431317031383514,0.7345402240753174,-0.4598053991794586,1.2457834482192993,-0.2683382034301758,-1.5404454469680786,-0.4331217408180237,0.113888680934906,-0.00037976473686285317,0.864705502986908,-1.4322011470794678,1.585726261138916,0
117,1170267,0.05821554735302925,-0.019682608544826508,-1.0431245565414429,-0.9000119566917419,-0.16146402060985565,0.7407952547073364,28.552719116210938,-11.676281929016113,41.13790512084961,2.229048013687134,0.0764879509806633,0.042976465076208115,-0.061472099274396896,-0.036777157336473465,-1.2577415704727173,0.45421940088272095,0.02494916506111622,-0.3576085567474365,0.2378910928964615,-1.715511441230774,2.8511476516723633,-0.13020724058151245,1.5550698041915894,-0.21363814175128937,0
118,1179988,-0.06665706634521484,-0.06586062163114548,-0.9990628361701965,-0.4637850522994995,0.44063469767570496,-0.25715771317481995,29.15443992614746,-10.708314895629883,40.792396545410156,0.78658527135849,-1.1154083013534546,1.2185364961624146,-0.5733152627944946,0.23318147659301758,-2.4258806705474854,-1.181105613708496,-0.4820844531059265,1.5070182085037231,-2.4101369380950928,1.109796166419983,-0.47395727038383484,0.09727422147989273,-1.5359176397323608,-0.34595996141433716,0
119,1190060,-0.0697350949048996,-0.061345700174570084,-1.0098011493682861,0.9750945568084717,-0.7067843675613403,-0.28086036443710327,30.345497131347656,-12.021540641784668,39.8923225402832,-0.13987486064434052,2.6670615673065186,-0.4590020775794983,-0.7964786291122437,-0.5264683365821838,0.5327640771865845,-0.9259874820709229,-0.18624676764011383,-0.9096537232398987,-0.6780467629432678,1.191894769668579,1.643430471420288,-1.4600400924682617,-0.10417210310697556,-1.2608087062835693,0
120,1199937,0.013354681432247162,0.05671797692775726,-0.9828463196754456,-0.20926496386528015,0.5706354975700378,0.12195255607366562,30.900779724121094,-10.005152702331543,40.42116165161133,-0.7845476269721985,-2.909285306930542,-0.24892407655715942,-0.5456263422966003,1.7645747661590576,-0.41828101873397827,1.7087634801864624,-0.260049432516098,-0.9499163031578064,-1.8502312898635864,0.21380484104156494,0.8855676054954529,-0.5741984844207764,0.03850015625357628,1.244963526725769,0
121,1210135,-0.009705137461423874,0.017926130443811417,-0.9834669828414917,0.8919051289558411,0.1710461676120758,-0.05487484857439995,29.15622901916504,-10.514585494995117,40.72113800048828,-1.1789700984954834,-1.6606124639511108,1.2870433330535889,0.5658488869667053,-0.6319781541824341,-1.129275918006897,-0.40664753317832947,-0.7261220812797546,0.26453495025634766,-1.9188073873519897,-0.27242496609687805,1.0557293891906738,1.782558560371399,-0.27687016129493713,-0.4855567514896393,0
122,1220245,-0.032369766384363174,0.05591035634279251,-0.9826509356498718,-0.22368937730789185,0.30161356925964355,0.21320655941963196,29.006975173950195,-10.274751663208008,39.548988342285156,-1.2661142349243164,0.3831208050251007,-2.5445396900177,-0.23012106120586395,-0.835769772529602,-0.7462299466133118,-0.6748092174530029,0.5216122269630432,0.08814891427755356,1.2214288711547852,1.562875747680664,0.14272724092006683,-0.3542885184288025,-0.29235246777534485,0.1522071361541748,0
123,1230081,-0.03315620496869087,0.051157396286726,-1.0094058513641357,0.26737770438194275,0.9379743337631226,-0.023499922826886177,29.983659744262695,-9.286624908447266,40.487640380859375,1.182005763053894,-0.3098811209201813,1.1600760221481323,-1.464538335800171,-1.0532684326171875,0.4249401390552521,0.9754212498664856,-0.4827055335044861,1.8449665307998657,0.09784205257892609,0.6512967944145203,-0.33967775106430054,0.7667706608772278,0.32577016949653625,-1.4472198486328125,0
124,1240076,0.08070696145296097,0.03024286776781082,-1.0085973739624023,-0.04824979975819588,0.17852698266506195,-0.3126946985721588,28.274991989135742,-10.804153442382812,39.82086181640625,0.48970499634742737,1.1976889371871948,-0.24514266848564148,-1.20438814163208,-0.4184562861919403,1.4439444541931152,0.865308940410614,-1.823358178138733,1.0898752212524414,1.6941951513290405,-0.436576247215271,0.7498253583908081,-1.5445857048034668,-0.34328633546829224,0.7973684072494507,0
125,1250002,-0.014238083735108376,-0.0021987215150147676,-0.996753454208374,0.1633484810590744,0.45056769251823425,-0.32472676038742065,28.938871383666992,-9.314745903015137,39.961917877197266,-1.8822795152664185,-0.625271737575531,-0.0653536319732666,0.375265896320343,1.2518458366394043,-0.7217206954956055,-0.6697931885719299,-2.0996241569519043,-0.8060015439987183,-0.5620784759521484,-1.1508841514587402,-0.26906663179397583,0.7467634677886963,0.656767725944519,-0.13672497868537903,0
126,1260114,0.024208884686231613,0.05127611756324768,-1.0302683115005493,-0.6546960473060608,0.17524801194667816,-0.11059805750846863,30.2829532623291,-9.807294845581055,40.74220657348633,-0.8640894889831543,-0.23811233043670654,0.47495630383491516,0.6399332284927368,0.8424781560897827,0.3732008635997772,-0.5024105906486511,1.3501231670379639,0.2992727756500244,0.6022481918334961,-1.2630184888839722,-0.15974824130535126,1.7875460386276245,-0.18280552327632904,-0.6500510573387146,0
127,1270085,-0.048208460211753845,-0.012244077399373055,-1.0111316442489624,0.5100094676017761,0.8678516745567322,0.4045144021511078,29.64604949951172,-10.586588859558105,39.58070755004883,-1.3936926126480103,-0.10773260146379471,-0.4296536147594452,0.23580588400363922,0.9451419115066528,-0.8090471625328064,1.3736494779586792,0.23908331990242004,0.01835995726287365,0.5345271825790405,-1.484769582748413,0.5439538359642029,-0.2106776386499405,-0.511939287185669,0.7910870313644409,0
128,1279574,-0.06431537121534348,0.07200189679861069,-0.9875256419181824,0.3037961423397064,0.10041337460279465,-0.45706707239151,29.750980377197266,-10.452446937561035,41.424598693847656,-0.651372492313385,0.10888771712779999,1.56725013256073,-0.07489265501499176,0.9481719732284546,-1.762089729309082,-1.0321269035339355,0.19426898658275604,-0.24957455694675446,0.39424291253089905,-1.4450057744979858,-0.5151799917221069,0.8206412196159363,-2.410006523132324,-0.10441013425588608,0
129,1289961,-0.0530652292072773,0.011802000924944878,-0.9972695112228394,-0.21658435463905334,-0.5597030520439148,0.34968066215515137,30.25547218322754,-11.278560638427734,39.07522964477539,-0.30019885301589966,0.19069184362888336,1.5974658727645874,0.6074441075325012,0.4501132071018219,-1.0907493829727173,-0.09906934946775436,0.5378957986831665,0.8646564483642578,0.2767309844493866,-1.4996652603149414,1.0736773014068604,1.9236117601394653,0.9861753582954407,-0.11091727763414383,0
130,1300158,0.046718984842300415,0.02575383335351944,-0.959433376789093,0.5102265477180481,-0.6352588534355164,0.4692842364311218,29.411420822143555,-9.33163070678711,40.09545135498047,-0.4950413703918457,1.9483025074005127,0.41817569732666016,-1.0151512622833252,0.8933596014976501,-0.8218416571617126,-0.048709090799093246,1.2045612335205078,-0.620319664478302,0.807895302772522,0.15020617842674255,0.6390625834465027,1.2247793674468994,-0.8764646053314209,0.4322340190410614,0
131,1309835,-0.07036422938108444,0.007500282488763332,-1.0144587755203247,-0.44848787784576416,-0.23432199656963348,0.5988278388977051,29.293134689331055,-9.724010467529297,40.22736740112305,-0.6040253043174744,-0.134235680103302,0.5796184539794922,1.5422769784927368,1.0805248022079468,0.1820921152830124,0.1465781182050705,0.36044296622276306,0.9782511591911316,-0.002158413641154766,-0.8713334798812866,-1.6264302730560303,1.1214385032653809,2.200601816177368,-0.5243719816207886,0
132,1319828,-0.011372850276529789,-0.0458645224571228,-0.9686018228530884,1.0316338539123535,0.5372048020362854,1.2251732349395752,30.355405807495117,-10.309462547302246,39.0234375,-2.416330575942993,-0.20592953264713287,-2.4819695949554443,0.6729679107666016,0.0676216259598732,2.1532466411590576,-0.7693023681640625,0.7701019048690796,0.2684815526008606,-0.7818074226379395,1.1463879346847534,0.9318944811820984,0.027130942791700363,-0.35472384095191956,0.7412821650505066,0
133,1329805,0.0847712829709053,0.01222688052803278,-0.9941274523735046,0.07900280505418777,-0.5689988136291504,0.819784939289093,29.87327766418457,-9.639148712158203,41.427486419677734,-1.002942442893982,0.17348630726337433,2.0168521404266357,2.6429383754730225,0.8241235613822937,1.7269076108932495,0.3809279501438141,0.6099658608436584,1.842298984527588,-1.2064368724822998,0.18975992500782013,-0.8186205625534058,-1.7727032899856567,-0.5247889161109924,0.9231705069541931,0
134,1339962,-0.01008005253970623,-0.07553035765886307,-1.0101654529571533,0.7846779823303223,-0.030023617669939995,0.618281364440918,30.57886505126953,-9.09125804901123,39.821285247802734,-0.011696264147758484,-0.2445739507675171,0.27353379130363464,0.15299543738365173,-0.5218842625617981,1.556574821472168,-0.2515053451061249,1.0850799083709717,0.06642056256532669,1.7488619089126587,-0.8728904128074646,-0.06247205659747124,-0.8503347635269165,-0.3072843849658966,0.09123032540082932,0
135,1350129,0.029475830495357513,0.061440546065568924,-0.9949082136154175,0.374954491853714,0.02231237106025219,0.07385589182376862,30.64016342163086,-9.768601417541504,40.429595947265625,-0.12637487053871155,-1.3905662298202515,-0.24803583323955536,-2.882758617401123,-0.6103039979934692,-0.152249276638031,-0.2625519633293152,0.17885640263557434,-0.5279790759086609,-0.2791549861431122,0.8992578387260437,0.20192158222198486,-0.08933398872613907,1.412058711051941,1.299773097038269,0
136,1359912,0.04170016944408417,0.09399890154600143,-1.000891089439392,0.29610326886177063,-0.07379917800426483,0.134372279047966,31.207155227661133,-9.953797340393066,38.474037170410156,-0.5990618467330933,-1.26542329788208,-1.0270063877105713,0.07691619545221329,0.764674723148346,1.0914742946624756,1.694308876991272,-0.5834134817123413,-1.0494740009307861,-1.249324083328247,1.7412760257720947,-0.624176561832428,-1.3795157670974731,1.417574167251587,-0.9998645186424255,0
137,1369818,0.07557780295610428,0.08528632670640945,-0.9642578959465027,0.20048248767852783,-0.6159833073616028,0.4123693108558655,29.16037368774414,-8.129732131958008,40.67844772338867,-0.020352158695459366,1.2463709115982056,0.8474652767181396,0.3753306269645691,-0.4905453324317932,2.1092236042022705,1.5967074632644653,0.2054617702960968,-0.42723348736763,0.2104051262140274,-0.319767564535141,-1.0847887992858887,-0.7372729182243347,0.7242369651794434,1.198099970817566,0
138,1379939,-0.041051656007766724,-0.04202132672071457,-0.988035261631012,-0.8181895613670349,-0.3178042769432068,0.6712801456451416,29.680789947509766,-10.756671905517578,40.897647857666016,1.102635145187378,-1.3765054941177368,-0.026676535606384277,0.3027729392051697,-1.4656563997268677,0.4142671823501587,-1.8776171207427979,-0.18167801201343536,0.8318696022033691,-0.6290479898452759,1.0235910415649414,2.4344611167907715,1.032925009727478,-0.8564437031745911,-0.28412801027297974,0
139,1390074,-0.11679942160844803,0.045239921659231186,-0.9754653573036194,-0.04171324148774147,0.31049326062202454,-0.3592475950717926,28.973203659057617,-10.95653247833252,40.358970642089844,-0.2714526653289795,-1.5112758874893188,0.008311325684189796,-0.15830810368061066,-0.6074607968330383,-0.7910792827606201,1.5324406623840332,-0.4694589674472809,-0.6396726965904236,1.5138007402420044,-0.8850308060646057,1.367995262145996,-0.20781385898590088,1.2285268306732178,0.24695144593715668,0
140,1399981,0.039111364632844925,0.048400383442640305,-0.9911273717880249,0.08443583548069,0.9782990217208862,-0.8244186639785767,30.431610107421875,-9.866008758544922,39.562355041503906,-1.4746112823486328,0.8729451298713684,0.14464791119098663,-1.1333996057510376,-1.1183630228042603,0.3342147171497345,-0.30930402874946594,1.2050317525863647,0.718261182308197,-0.8673903346061707,-1.7457081079483032,0.9136194586753845,0.4678289294242859,-1.383146047592163,-0.608288586139679,0
141,1410113,0.06179603561758995,-0.004039600491523743,-1.0030534267425537,0.7257090210914612,-0.35825303196907043,-0.48695284128189087,26.29366111755371,-9.573151588439941,41.23609161376953,-0.28786274790763855,1.1776400804519653,-1.543253779411316,-0.292683869600296,-1.4665491580963135,1.1306918859481812,0.5517674684524536,-0.8945956230163574,0.7273539900779724,-0.5628092885017395,-0.5205786824226379,0.9134619235992432,-0.7486156225204468,-1.6329807043075562,-1.7597246170043945,0
142,1420115,-0.061396900564432144,-0.07785527408123016,-1.0381994247436523,0.2688719928264618,0.30622929334640503,-0.4407922327518463,31.07402229309082,-9.84177017211914,41.24856948852539,-0.4408150315284729,-0.08248361945152283,1.2840514183044434,-0.4984751045703888,0.8043012022972107,-1.1640361547470093,0.38450974225997925,0.5776305198669434,-0.4991525411605835,-0.08817388862371445,-1.6112136840820312,-0.3601336181163788,0.5839747190475464,0.574806272983551,-0.13207019865512848,0
143,1429925,0.050227630883455276,-0.008953575976192951,-1.0174241065979004,0.09468060731887817,-0.5870922207832336,-0.0772615373134613,30.69695472717285,-10.842850685119629,40.858943939208984,0.5800884366035461,2.4593374729156494,-0.056790709495544434,-0.1760604977607727,0.8312129974365234,-0.28338247537612915,-0.49088695645332336,-1.7774379253387451,0.05957896634936333,1.303597092628479,-0.2690173089504242,1.388719916343689,-2.534703016281128,0.8203160762786865,1.4268001317977905,0
144,1440036,-0.05064313858747482,-0.045383140444755554,-0.9906847476959229,0.4799695312976837,-0.4639585614204407,1.5368760824203491,30.386348724365234,-9.577049255371094,41.813045501708984,-2.408792734146118,-1.6711677312850952,0.07012570649385452,-0.7153170704841614,0.294821172952652,-0.6074057221412659,1.1991904973983765,0.28144100308418274,1.4396641254425049,-1.6375887393951416,-0.34385034441947937,-0.2039194107055664,-2.0051777362823486,-0.01770848222076893,-0.8074865937232971,0
145,1450246,-0.07007287442684174,-0.0030106189660727978,-0.9814985990524292,-0.297898530960083,0.6529381275177002,0.17311090230941772,28.859071731567383,-8.647863388061523,40.232791900634766,-0.2365979254245758,-0.30906859040260315,0.26517555117607117,-0.7315967082977295,0.3456296920776367,0.7665055990219116,-0.22406770288944244,-0.9889788031578064,2.1830947399139404,0.6786775588989258,1.4335813522338867,0.7938460111618042,-0.7073089480400085,-1.5470432043075562,0.19225361943244934,0
146,1460042,0.04025907441973686,-0.004781263414770365,-0.9970672130584717,0.011567999608814716,-0.971260130405426,0.24770571291446686,30.516220092773438,-9.012066841125488,41.6448974609375,0.40817275643348694,1.111219882965088,2.2140867710113525,-0.12254653126001358,1.725182056427002,-0.024878501892089844,-1.3644336462020874,1.926270842552185,-0.1896107941865921,1.3647476434707642,1.4525275230407715,-0.4218689501285553,-1.4576454162597656,1.5543818473815918,1.838118076324463,0
147,1469943,-0.01648586615920067,0.05325360968708992,-0.9969964027404785,0.2936188876628876,0.7287880778312683,-0.08994512259960175,30.424440383911133,-10.357132911682129,40.14668655395508,-2.2319648265838623,0.006718715652823448,-0.3657870292663574,-0.0581573024392128,0.5307761430740356,-1.5910356044769287,0.5973398089408875,0.1250143051147461,1.14962637424469,-0.4059019386768341,0.8602622747421265,0.10188233107328415,-0.8075597882270813,0.8489333987236023,-0.9503881931304932,0
148,1480134,0.06334450095891953,-0.00835739728063345,-1.001392126083374,0.19499096274375916,-0.12215220928192139,0.274932861328125,30.172771453857422,-9.692131996154785,38.82138442993164,-0.5175272822380066,0.8517637252807617,0.042368900030851364,0.5544173121452332,0.2541440725326538,-0.7335125207901001,0.19315935671329498,2.557811975479126,-1.5909490585327148,-0.33804646134376526,-1.81975519657135,0.11918976902961731,1.083404541015625,0.6490498185157776,1.1895817518234253,0
149,1490015,-0.02869643270969391,-0.0042120786383748055,-1.0135178565979004,-0.9989994168281555,-0.0055723716504871845,-0.4722091257572174,31.05547332763672,-10.003026008605957,38.799034118652344,-1.690700650215149,1.8605308532714844,-0.49623560905456543,-0.9181322455406189,-0.9448203444480896,0.25554370880126953,-2.2966718673706055,-1.9372894763946533,1.5486984252929688,-1.389312744140625,-0.5575714111328125,1.1901018619537354,-0.06156756728887558,-0.1279287487268448,-1.1234170198440552,0
150,1499881,0.009836748242378235,0.08363741636276245,-0.9947233200073242,0.6956425905227661,0.7064788341522217,0.40168124437332153,29.041147232055664,-9.831233978271484,38.77311706542969,0.3621336817741394,1.0063167810440063,-0.07502565532922745,-0.9021639823913574,-0.10216262936592102,1.085730791091919,0.75572669506073,-0.258491575717926,0.9472480416297913,-0.9464513063430786,0.563937246799469,1.7374341487884521,-1.799268364906311,1.4240151643753052,-0.7593508958816528,0
151,1509965,-0.05350644886493683,-0.0226405318826437,-1.0092453956604004,-0.2562412917613983,0.003058367408812046,1.2798290252685547,30.915145874023438,-11.360859870910645,40.574302673339844,-0.8513002991676331,-1.593668818473816,0.28444331884384155,0.015029068104922771,-0.5350643396377563,0.2416965514421463,0.723598837852478,-1.660691738128662,-1.0795243978500366,-0.057630714029073715,-1.4034503698349,0.4057343602180481,1.503202199935913,0.3561253845691681,-0.4776571989059448,0
152,1520053,0.046745385974645615,-0.013268906623125076,-1.020153284072876,-0.35585758090019226,-0.3695000112056732,-1.1630758047103882,28.494482040405273,-10.780721664428711,40.268592834472656,-0.41748782992362976,0.7014864683151245,-2.095592498779297,-0.735164225101471,1.1447402238845825,0.8306173086166382,0.8442143201828003,1.0224756002426147,1.2346510887145996,-1.1723026037216187,0.6685461401939392,-0.5963659882545471,0.38998138904571533,0.8213534951210022,-1.4004323482513428,0
153,1529996,0.024030286818742752,-0.06409706175327301,-1.055747151374817,-0.4162541329860687,-0.5041021108627319,-0.10192740708589554,30.636165618896484,-9.032923698425293,39.58821487426758,-2.05169677734375,-1.8958476781845093,0.6919042468070984,0.40419086813926697,-1.7636510133743286,-0.4696092903614044,0.9461168646812439,1.5769476890563965,1.301788568496704,-0.599990725517273,-0.32945024967193604,1.340849757194519,2.1642117500305176,-2.1887972354888916,0.4963468611240387,0
154,1539737,-0.013776896521449089,0.047190841287374496,-1.0344551801681519,0.5738330483436584,-0.7419936060905457,-0.15307462215423584,29.267536163330078,-9.700727462768555,39.94565200805664,-1.0812578201293945,1.3237485885620117,1.433197259902954,0.41794824600219727,-1.3703324794769287,1.1439858675003052,-0.48358169198036194,2.9267847537994385,-0.5314562916755676,-2.2984540462493896,-1.0933419466018677,0.4959471821784973,1.6561285257339478,-0.056680649518966675,1.2342907190322876,0
155,1549953,-0.023280693218111992,0.006137927994132042,-1.0151749849319458,0.7052484154701233,-1.0895404815673828,0.48504015803337097,30.770429611206055,-11.297595977783203,41.519805908203125,0.5776806473731995,0.4043760299682617,1.548906683921814,-0.12533076107501984,1.0275598764419556,-1.1115281581878662,0.7809329032897949,0.5222797393798828,0.10850690305233002,0.14182044565677643,-0.6335223317146301,-0.5956412553787231,0.2710264325141907,-1.741860032081604,1.1568447351455688,0
156,1560002,0.0280774999409914,-0.04221165552735329,-1.0158082246780396,-0.6498369574546814,-1.3431413173675537,-0.32128337025642395,27.050264358520508,-9.720239639282227,40.58171081542969,-1.0070397853851318,0.5500234365463257,1.5703068971633911,0.8425882458686829,-1.064144253730774,-0.09718679636716843,-0.0187691543251276,1.7295054197311401,0.013470690697431564,0.6524786353111267,-0.16531610488891602,-0.6307029128074646,-0.09076909720897675,0.7290103435516357,-0.5574440360069275,0
157,1570110,0.07206247001886368,0.046655263751745224,-1.0194957256317139,-0.5111027359962463,0.16378912329673767,-0.10650616139173508,31.496946334838867,-9.091272354125977,40.432254791259766,0.39034149050712585,-1.2115463018417358,0.019622571766376495,0.47265028953552246,0.3550439774990082,0.14570438861846924,1.1348105669021606,1.9308022260665894,-0.321133553981781,0.14136625826358795,0.5371317267417908,-0.3945051431655884,-0.9685502052307129,-0.5566015243530273,0.7353798747062683,0
158,1580157,0.06039134040474892,0.017290689051151276,-1.0126994848251343,0.5584327578544617,0.16191813349723816,0.8311278820037842,31.923683166503906,-11.508569717407227,38.68460464477539,0.07676791399717331,-0.651626467704773,-0.0399167500436306,0.5347211956977844,0.2220805287361145,-0.18453246355056763,-0.03292103484272957,-0.10284806042909622,-0.8855612874031067,0.2314688265323639,-0.025938399136066437,-0.5599927306175232,0.9562278985977173,0.44649919867515564,0.9776449203491211,0
159,1589883,0.028768327087163925,-0.011078755371272564,-1.009543538093567,0.20322372019290924,0.326030969619751,-0.844802737236023,29.44760513305664,-10.25886344909668,39.253177642822266,-1.264101266860962,-0.12877590954303741,-0.620542585849762,-0.3661321699619293,1.2391530275344849,-0.29636943340301514,1.2881464958190918,-1.0866320133209229,-1.5096489191055298,1.4889932870864868,2.236584186553955,-0.8708838224411011,0.46902671456336975,0.29353904724121094,0.06665648519992828,0
160,1600003,0.011612183414399624,0.02014107257127762,-1.0488938093185425,-0.6158015727996826,0.43444448709487915,0.07513971626758575,29.38601303100586,-10.616767883300781,39.6229362487793,0.9460731148719788,1.3816349506378174,-0.0338936373591423,1.549768328666687,1.1738049983978271,-1.3059059381484985,1.7081778049468994,1.013628602027893,0.7446365356445312,-0.37617000937461853,-0.294488787651062,-0.08926380425691605,-0.187336727976799,-0.5405225157737732,-1.2997617721557617,0
161,1609924,0.06418869644403458,-0.04683190956711769,-0.9833506941795349,-0.45580992102622986,-1.180354356765747,-0.14653444290161133,29.716548919677734,-10.55041790008545,38.181236267089844,2.1012189388275146,0.5630212426185608,-0.04836966469883919,0.9211222529411316,0.10967205464839935,-1.931225299835205,-0.1705683171749115,0.6699208617210388,0.33321696519851685,0.5848913788795471,1.0974429845809937,-0.020083563402295113,-1.2303317785263062,0.27487218379974365,-0.5624558329582214,0
162,1619768,0.06405490636825562,0.017343850806355476,-0.9830940961837769,0.8189914226531982,-0.4524441361427307,-0.5550153255462646,29.951372146606445,-10.596165657043457,41.72160339355469,-0.9896517395973206,1.622398018836975,-0.43798398971557617,0.12250015884637833,0.7281791567802429,0.7311639785766602,0.8181408643722534,-1.4543079137802124,0.19791218638420105,1.0785739421844482,-0.13734515011310577,0.6441332697868347,1.2108954191207886,-2.065685749053955,1.1602234840393066,0
163,1630108,0.02456621080636978,0.04127655550837517,-1.0011897087097168,-0.0833212211728096,-0.041526369750499725,0.534317135810852,27.681243896484375,-10.037737846374512,41.40681076049805,-0.1845841407775879,-1.3594733476638794,0.4851342439651489,-1.126487135887146,0.19348278641700745,-0.9488695859909058,0.6343836188316345,-0.8007776737213135,-0.7402952909469604,1.9861420392990112,-1.5340535640716553,0.600622832775116,0.3556182086467743,-1.3743221759796143,-1.2532228231430054,0
164,1639933,0.057800937443971634,-0.04840407893061638,-1.0146434307098389,-0.7735816836357117,0.22795969247817993,-0.5998252034187317,29.67206382751465,-10.817058563232422,40.13651657104492,0.496200293302536,1.2222588062286377,0.7071038484573364,0.6253051161766052,-0.33237385749816895,2.250216007232666,1.2031432390213013,0.17275726795196533,-0.05386839434504509,0.052958134561777115,1.3901044130325317,1.3976657390594482,-1.2701002359390259,0.25547730922698975,-0.5041903853416443,0
165,1649941,-0.0802728608250618,0.027324935421347618,-1.010526180267334,0.2664394974708557,0.5116170048713684,0.16339316964149475,28.801355361938477,-10.9318265914917,36.6522216796875,-0.3117235004901886,0.5909527540206909,0.9102303981781006,0.362209290266037,-0.2569194436073303,-0.20717863738536835,-1.4115879535675049,-0.761070728302002,-1.2127809524536133,-0.44449475407600403,-0.11648445576429367,-0.6043936610221863,-2.6630725860595703,0.9992184638977051,-1.4341139793395996,0
166,1660150,-0.01669171079993248,-0.05435794219374657,-0.997456431388855,-0.6874096989631653,-0.07809329777956009,0.7553784847259521,29.63274574279785,-9.11611557006836,39.44911193847656,-0.0563308410346508,-1.705531358718872,-0.3791169822216034,1.4548547267913818,-0.46816080808639526,-0.28921839594841003,0.8865392208099365,0.8747426271438599,-0.5474516749382019,-0.11327855288982391,0.41709163784980774,0.0020847886335104704,0.7960618734359741,-0.9018879532814026,1.3289700746536255,0
167,1670240,-0.04849080368876457,0.020340701565146446,-1.005384087562561,-0.16121342778205872,-0.4287062883377075,-0.3484981060028076,29.088714599609375,-11.201683044433594,41.24048614501953,-1.5626018047332764,2.404062271118164,-1.1020292043685913,1.3219058513641357,0.986248791217804,-0.46927812695503235,-1.598846673965454,0.19126176834106445,-0.9469053149223328,-0.24698598682880402,-1.7256418466567993,-1.0585631132125854,0.5392093658447266,-2.3845791816711426,-0.025860164314508438,0
168,1680027,0.07415657490491867,0.06875405460596085,-0.9934332370758057,-0.7273442149162292,0.3605840504169464,-0.6381407976150513,29.466197967529297,-10.102639198303223,38.46754455566406,0.12437379360198975,-1.1345325708389282,1.3361029624938965,0.2875450849533081,1.0081645250320435,0.31698235869407654,-1.1513975858688354,-0.3825116753578186,-0.08020123839378357,2.00628924369812,-0.9644178152084351,-0.8215973377227783,-1.3480223417282104,0.08614571392536163,1.1959196329116821,0
169,1689960,0.05451567471027374,-0.04984954744577408,-0.9807857275009155,0.7028356790542603,0.021062396466732025,0.42159217596054077,28.606184005737305,-10.894119262695312,41.05205535888672,0.4382613003253937,-0.9467180371284485,-0.6144132018089294,-1.1096889972686768,1.6678439378738403,-0.313851535320282,0.11175668239593506,0.4657062292098999,-1.1292719841003418,-1.613978385925293,-1.577362298965454,-0.5688917636871338,-0.23825207352638245,1.0760185718536377,0.48502811789512634,0
170,1700034,-0.017667502164840698,0.034210607409477234,-1.0249967575073242,-0.37569350004196167,0.13200297951698303,0.16861006617546082,28.99190330505371,-8.57371997833252,40.50534439086914,0.46976128220558167,1.3753408193588257,0.6206541657447815,2.6649820804595947,0.9816272854804993,1.5587537288665771,0.551066517829895,0.04143059253692627,0.8774915933609009,1.0924113988876343,-1.7780089378356934,0.6109114289283752,-0.3693963289260864,-0.8081454634666443,-2.540424108505249,0
171,1709840,-0.0018445146270096302,-0.013904466293752193,-0.9861055612564087,-0.4102489948272705,-0.3907545506954193,0.31207823753356934,30.665874481201172,-12.666470527648926,42.23977279663086,-0.04144363850355148,0.43206700682640076,0.6219154000282288,-0.13589313626289368,-0.5369213819503784,-1.011035442352295,0.09167414903640747,-0.09437412023544312,0.1392163336277008,0.6019020676612854,-0.516152024269104,0.18100270628929138,-1.0064475536346436,-0.1408548355102539,-0.1489502489566803,0
172,1720046,-0.012897428125143051,0.0063073416240513325,-0.9849637150764465,0.062089260667562485,-0.0703718364238739,0.15354567766189575,29.528961181640625,-9.532510757446289,41.788719177246094,0.10955516993999481,1.3021023273468018,0.906406819820404,1.1287237405776978,0.5988785624504089,-1.3386266231536865,2.42703914642334,-0.6152574419975281,0.44274598360061646,0.21083325147628784,1.167616605758667,-0.5303465723991394,-0.9822171926498413,-1.2124757766723633,1.6615546941757202,0
173,1730182,0.03698107600212097,-0.0335916243493557,-1.012402892112732,0.4336906373500824,0.4816769063472748,0.6183198094367981,28.397348403930664,-9.41910457611084,40.353511810302734,1.7803900241851807,-0.6184284687042236,-0.2547937035560608,-1.9502487182617188,-0.3023037314414978,1.6976007223129272,-0.605657160282135,1.1503567695617676,0.223402738571167,0.4993297755718231,-0.8587743043899536,0.7215180993080139,-0.012837603688240051,-0.8799884915351868,0.23117460310459137,0
174,1739752,0.043338555842638016,0.022339100018143654,-0.9980421662330627,0.5519558787345886,-0.048706792294979095,-0.23164363205432892,29.872709274291992,-10.297060012817383,39.35840606689453,1.152449131011963,-0.216769278049469,-0.24337217211723328,0.027349669486284256,0.3294808566570282,0.732063353061676,0.3339751660823822,-1.5156782865524292,1.1683733463287354,-1.1027345657348633,-1.359580636024475,-1.3399890661239624,0.05704842135310173,0.24117493629455566,-1.0001689195632935,0
175,1750099,-0.07276026159524918,-0.006411832757294178,-0.9758495688438416,-0.29863154888153076,-0.024272289127111435,-0.08516988903284073,29.73180389404297,-10.348587036132812,42.4893913269043,-1.560700535774231,-1.0798884630203247,-0.4972941279411316,1.8067971467971802,0.12757810950279236,0.03389905020594597,0.20959851145744324,1.3392632007598877,1.5994768142700195,0.24000084400177002,-0.4152022898197174,-0.7149294018745422,-0.8865461945533752,-0.6666625142097473,-0.14976857602596283,0
176,1759747,0.01355502288788557,-0.02927420102059841,-1.0036497116088867,-0.2915455400943756,0.06686113774776459,-0.2272513210773468,29.925376892089844,-11.262007713317871,38.769535064697266,-0.4912880063056946,0.9459359049797058,1.0806421041488647,0.2058403044939041,-1.381637692451477,2.0042457580566406,-1.7839304208755493,-1.5805119276046753,1.6471283435821533,1.0198578834533691,-0.19397282600402832,0.48874494433403015,-0.14004702866077423,-0.43430814146995544,-0.007606768514961004,0
177,1770183,0.016379933804273605,-0.06168283894658089,-1.052564263343811,0.5602715611457825,-0.13019919395446777,-0.20726419985294342,30.672115325927734,-10.006380081176758,38.6817626953125,0.6229759454727173,0.07255851477384567,1.8761879205703735,0.16025274991989136,1.4748034477233887,-0.36602330207824707,0.11366983503103256,1.685294270515442,-1.0443240404129028,0.30843448638916016,0.08466928452253342,-1.9093940258026123,-1.088067889213562,-0.9368369579315186,0.7956474423408508,0
178,1780042,-0.016470931470394135,0.03422631695866585,-1.007885217666626,-0.962326169013977,0.7646259069442749,-0.6861830949783325,30.72720718383789,-10.750749588012695,38.91608428955078,-0.4872826635837555,-0.19906464219093323,-0.8905262351036072,-0.34743547439575195,0.6553552746772766,0.01993671990931034,-0.28736186027526855,0.0013727492187172174,1.6799649000167847,-0.24377985298633575,0.566171407699585,-0.41912972927093506,0.16726702451705933,2.1302452087402344,0.9962322115898132,0
179,1789742,0.04736228287220001,0.0016396433347836137,-0.9936942458152771,0.08029302954673767,-0.367626816034317,0.40015050768852234,29.143505096435547,-8.646695137023926,39.33437728881836,-0.45030051469802856,-0.18893082439899445,0.40792444348335266,-0.31386932730674744,-1.0198278427124023,-0.18418796360492706,0.7843198180198669,0.1128404438495636,-0.49569618701934814,-0.2881433665752411,-0.48055461049079895,-0.24833965301513672,-0.48510897159576416,-0.676366925239563,0.8958714008331299,0
180,1799865,-0.05844423919916153,-0.03067108802497387,-0.9755455851554871,-0.1864340901374817,0.38428694009780884,-0.25564563274383545,28.266862869262695,-10.014118194580078,39.217002868652344,0.5254985690116882,-0.7569913864135742,-0.038208890706300735,0.21131044626235962,0.9306200742721558,-1.3412851095199585,0.4333305358886719,0.28129130601882935,0.3618720471858978,-0.8000092506408691,0.26298657059669495,0.8344351649284363,-0.5489798784255981,-1.5042312145233154,-0.3204243779182434,0
181,1810108,-0.03157612308859825,0.1299372911453247,-1.027862310409546,-0.02944101020693779,0.21164487302303314,0.772922933101654,30.9118709564209,-10.070140838623047,39.53645324707031,-1.5032637119293213,-0.40167587995529175,0.6081593036651611,-0.1457979381084442,1.3520804643630981,-1.1093238592147827,1.2387592792510986,-1.8188339471817017,-2.063171625137329,2.1704399585723877,-0.5854167938232422,0.38607826828956604,-1.4165489673614502,-0.5112130641937256,0.505932092666626,0
182,1819990,-0.06245389208197594,-0.02988848276436329,-1.0191439390182495,0.09166792035102844,-0.6781017184257507,0.05098319426178932,29.20522117614746,-8.813940048217773,41.0224494934082,0.20753173530101776,0.09539522230625153,-0.41192570328712463,0.8660068511962891,-0.05915142968297005,1.0977623462677002,0.06589726358652115,-1.6308917999267578,-1.7109949588775635,1.5878839492797852,2.1198344230651855,1.8282243013381958,-0.62847900390625,0.9140426516532898,-0.5177671909332275,0
183,1830029,-0.07998933643102646,0.04270179569721222,-0.96034836769104,0.2712223529815674,0.14638873934745789,-0.1485278308391571,29.8140869140625,-10.76169204711914,40.265380859375,0.8978168964385986,1.2834800481796265,-0.14959222078323364,-1.7405147552490234,-0.6723709106445312,-1.3264914751052856,-0.10504532605409622,0.29546689987182617,-0.7003180980682373,1.3378907442092896,-0.3769323527812958,-0.3783014416694641,0.49373963475227356,-1.535386562347412,-0.47184041142463684,0
184,1839948,-0.03298560157418251,-0.07357006520032883,-0.9906001687049866,0.4773600101470947,0.046261005103588104,0.3377155363559723,31.677661895751953,-11.09819221496582,38.41748046875,1.3625046014785767,-0.4451962411403656,1.0555953979492188,0.5980397462844849,-0.019213208928704262,0.7973858118057251,0.35129687190055847,-0.19543851912021637,0.11477378010749817,0.17114022374153137,-0.3557094633579254,0.7677413821220398,0.8122896552085876,-0.9159865975379944,0.9323749542236328,0
185,1849807,-0.019863102585077286,-0.07879040390253067,-1.029722809791565,0.32046499848365784,0.2996702492237091,0.26480162143707275,30.44606590270996,-11.466890335083008,38.4744758605957,0.05403997376561165,-1.028026819229126,0.7484776377677917,0.20590391755104065,0.6449654698371887,-0.485807329416275,0.01723189651966095,0.9908291101455688,1.3055373430252075,0.9256412386894226,-0.37546494603157043,1.043778419494629,-1.3925679922103882,0.5219538807868958,1.075758457183838,0
186,1859887,0.010654043406248093,0.018298011273145676,-1.0134683847427368,-0.24085982143878937,-0.07429665327072144,0.03397395834326744,29.697023391723633,-9.44920539855957,39.785728454589844,-1.2001389265060425,0.8627912402153015,-0.031112894415855408,-0.02772466652095318,0.2742038071155548,-1.4845011234283447,-1.4830644130706787,0.9382687211036682,-0.4461553990840912,-1.5110182762145996,1.9178106784820557,-0.46932920813560486,2.3605916500091553,1.126095175743103,1.4321742057800293,0
187,1870262,0.040990572422742844,0.02712658792734146,-0.9790894985198975,0.012036112137138844,0.47838833928108215,0.23431071639060974,30.51376724243164,-9.987204551696777,39.02406692504883,1.1887353658676147,-0.6413282155990601,-0.11773998290300369,1.1431173086166382,0.1305447667837143,-0.08766922354698181,1.6989918947219849,1.4770803451538086,1.6489579677581787,0.4631274342536926,-0.0012241422664374113,0.32275453209877014,1.972102165222168,0.05837378278374672,0.260820597410202,0
188,1879961,-0.13167348504066467,-0.00598163390532136,-0.9984914660453796,-0.2278861701488495,1.235607624053955,0.23651018738746643,31.195541381835938,-10.924332618713379,39.17599868774414,-1.7287284135818481,-0.5469502806663513,-0.9867681860923767,0.7868494987487793,-0.36903366446495056,1.314906358718872,-1.2121325731277466,0.5804586410522461,0.20980314910411835,1.8172016143798828,-0.8171555399894714,0.21743883192539215,-1.1108951568603516,1.9625345468521118,-0.5562694072723389,0
189,1889925,0.010324579663574696,-0.12691396474838257,-0.9760424494743347,0.19849829375743866,0.22621259093284607,0.1108214259147644,29.86017608642578,-9.411764144897461,40.58350372314453,1.6975475549697876,-1.2480918169021606,-0.030378250405192375,-0.8474129438400269,0.2180454581975937,-0.21483589708805084,-0.7457250356674194,0.1535211205482483,-0.00439997436478734,0.502295732498169,1.2949236631393433,0.1670331507921219,-0.33135154843330383,-0.7365292906761169,-0.3897504508495331,0
190,1900055,-0.04103853553533554,-0.09961491078138351,-1.0335438251495361,0.2762584388256073,0.5101610422134399,0.40864524245262146,30.411821365356445,-10.545711517333984,40.946556091308594,-0.2622200548648834,0.27581754326820374,0.2600814700126648,0.03529820591211319,-1.1692034006118774,-0.01674455776810646,-0.1857426017522812,-0.9667923450469971,-0.21082323789596558,0.3986610770225525,0.6284007430076599,1.8112444877624512,-0.1831217259168625,0.49658650159835815,-1.4137638807296753,0
191,1910166,0.020374156534671783,0.033389829099178314,-1.023309588432312,-0.37122052907943726,0.3382929861545563,-0.26268061995506287,30.47003936767578,-9.972416877746582,39.84550476074219,-0.5650955438613892,0.4603530466556549,0.8014609813690186,-1.0135470628738403,-1.3323341608047485,2.8327643871307373,0.34297680854797363,-1.397283673286438,0.850704550743103,0.9499781727790833,-1.865707278251648,0.5685349702835083,1.0402019023895264,0.7882707715034485,0.17629703879356384,0
192,1919806,0.056159619241952896,-0.024142302572727203,-0.9816885590553284,0.45983269810676575,-0.6628335118293762,0.14923541247844696,28.026348114013672,-10.019991874694824,38.83523178100586,0.06361307948827744,-0.34578758478164673,1.609493374824524,1.37540864944458,2.8388633728027344,0.5728079676628113,1.4086302518844604,0.12069397419691086,-1.057049036026001,-0.8406793475151062,3.3774220943450928,0.4573975205421448,-0.34768959879875183,-1.2855825424194336,-0.6393836140632629,0
193,1929865,-0.021860862150788307,0.044374193996191025,-0.9698824882507324,0.5286166071891785,-0.4714794158935547,-0.11385196447372437,30.471681594848633,-9.821675300598145,40.05389404296875,-1.519116997718811,-1.334930658340454,-0.28749433159828186,1.0564091205596924,0.03908058628439903,2.7543962001800537,-0.8183371424674988,2.9283177852630615,3.103295087814331,1.4205037355422974,0.4236544668674469,0.4705553948879242,0.4414609372615814,1.1876295804977417,-1.0211642980575562,0
194,1939864,0.023413371294736862,-0.13239037990570068,-1.0284713506698608,0.05196715146303177,-0.7801461219787598,0.6338702440261841,30.42161750793457,-9.988141059875488,40.518470764160156,-0.720883309841156,1.6206550598144531,1.1929429769515991,1.184232234954834,1.2833093404769897,1.0127032995224,1.6379506587982178,0.055593740195035934,1.1467355489730835,-0.7528963685035706,-0.47849005460739136,1.1160472631454468,0.24133285880088806,0.23065005242824554,2.0136024951934814,0
195,1950082,0.04860294237732887,0.03738109767436981,-1.0011671781539917,-0.5547127723693848,-0.6716457009315491,-0.5418421030044556,30.6458683013916,-9.775928497314453,40.005218505859375,-1.6019278764724731,2.0588691234588623,-0.16551733016967773,0.08291879296302795,0.7982966303825378,-0.4444045424461365,0.19289113581180573,-1.6390408277511597,-0.9547424912452698,0.27228084206581116,0.18266864120960236,1.2186466455459595,-0.46864694356918335,0.911539614200592,-0.7334771752357483,0
196,1959959,-0.025318192318081856,-0.06619968265295029,-1.0349960327148438,-0.4879463315010071,0.5189517140388489,0.40845444798469543,30.17833137512207,-8.7245512008667,40.64999008178711,-0.5709211230278015,0.5327790379524231,0.8931208252906799,-0.6128057837486267,-0.5232036113739014,-0.5807639956474304,-1.1773487329483032,1.6487830877304077,1.312253475189209,0.46857067942619324,-0.2516666054725647,-0.7720550298690796,-0.3715920150279999,0.6003853678703308,1.1728496551513672,0
197,1969932,0.06330514699220657,0.09114037454128265,-1.0088194608688354,-0.4326978921890259,0.5431801080703735,0.1598752737045288,28.582273483276367,-9.554070472717285,38.54832077026367,-0.3767126500606537,-0.7226827144622803,-0.49043503403663635,2.1553733348846436,0.36134251952171326,1.6914482116699219,-1.522410273551941,1.0774729251861572,-1.7618067264556885,-0.648659884929657,-0.9881256818771362,0.13416051864624023,0.16616685688495636,0.37649479508399963,0.8449845314025879,0
198,1979785,0.0218528900295496,-0.0010906602256000042,-1.0158933401107788,0.4257904589176178,0.24605046212673187,-0.7465830445289612,29.652868270874023,-9.94284439086914,39.97929000854492,-1.2167786359786987,0.5908870697021484,0.19787338376045227,-0.350173681974411,-0.12558677792549133,-0.859565794467926,1.7879036664962769,1.3794182538986206,-0.05036035552620888,1.2575137615203857,-0.9759781956672668,1.832474946975708,0.07045739144086838,1.451876163482666,0.1511111557483673,0
199,1990186,-0.04973124712705612,-0.046147670596838,-0.9761664271354675,0.535137414932251,-0.21429963409900665,-0.1115228608250618,30.098657608032227,-9.777544021606445,39.11542892456055,-0.6135130524635315,-1.131219744682312,0.29922497272491455,-0.3282491862773895,1.0878303050994873,0.2805030941963196,0.3212873935699463,-0.6880719661712646,-2.401981830596924,-2.5650219917297363,0.45306509733200073,-0.08841347694396973,0.13909444212913513,-0.6642563343048096,-2.293750524520874,0
200,1999623,-0.023456480354070663,-0.046334408223629,-1.0482114553451538,-0.21311287581920624,0.2902648448944092,0.8201634287834167,29.984792709350586,-10.474931716918945,41.48023986816406,0.7715848088264465,-1.0895532369613647,0.45652562379837036,-0.7756475210189819,-0.6477707624435425,1.7989832162857056,-1.1354169845581055,-0.6876232028007507,-0.2634963393211365,-0.06719405949115753,0.12810179591178894,-1.4426928758621216,2.231158494949341,-0.4450877904891968,0.1386687010526657,0
201,2009591,0.1093706488609314,0.0659063383936882,-0.9852584600448608,-0.11864274740219116,0.04801222309470177,0.17934377491474152,30.981922149658203,-9.859737396240234,40.579193115234375,-0.9410825967788696,0.35279661417007446,1.8654749393463135,-0.573158860206604,0.0417463518679142,0.40769022703170776,-0.5125089883804321,0.06272997707128525,2.0710487365722656,0.25818580389022827,0.06495019793510437,1.4765044450759888,0.3718620836734772,-0.35049304366111755,-0.886836051940918,0
202,2020150,-0.018981710076332092,0.003228444140404463,-1.0078243017196655,-0.32911375164985657,-0.5866251587867737,0.1396043747663498,29.112245559692383,-9.638065338134766,40.76228332519531,0.290959894657135,-1.9566495418548584,1.1105742454528809,0.39438238739967346,0.7197360396385193,0.1637006253004074,0.5682511329650879,-1.3430231809616089,-0.5664022564888,0.28041908144950867,-0.26432740688323975,-0.4518623650074005,-0.0845920592546463,0.7669618129730225,0.4838618338108063,0
203,2030149,0.001237718272022903,0.03072812594473362,-0.9798744320869446,-0.22295571863651276,0.03708522021770477,0.5498157143592834,29.99566078186035,-9.477738380432129,39.93159103393555,0.8968738913536072,0.45953258872032166,0.8305789232254028,0.45255425572395325,-2.7456893920898438,-0.3939676284790039,-1.0546929836273193,2.352933883666992,-0.18820978701114655,-1.2242542505264282,-0.45873191952705383,-1.3158670663833618,0.1612931191921234,-1.1898714303970337,-0.7863117456436157,0
204,2040054,-0.06711099296808243,-0.06858338415622711,-1.0114716291427612,-0.4255917966365814,0.1349097341299057,0.07274521142244339,29.990684509277344,-10.48119068145752,38.16981887817383,-0.0026801996864378452,-0.4847283363342285,0.5018811821937561,1.001139521598816,-0.7762030363082886,0.747443675994873,0.28106120228767395,1.650589108467102,1.7388206720352173,0.4589517116546631,0.6411051750183105,0.0627857968211174,0.4261568486690521,2.206362724304199,-1.5540152788162231,0
205,2049961,0.03275279328227043,-0.05038183927536011,-0.9783134460449219,0.4840855896472931,0.18636362254619598,0.7651962637901306,27.75912094116211,-9.590189933776855,41.03150177001953,-0.08450871706008911,1.018280029296875,-0.24285240471363068,-1.3332762718200684,-0.9209644198417664,0.31862983107566833,-1.149783730506897,0.7234112024307251,-0.22147564589977264,0.6825659275054932,1.122376799583435,-0.8177491426467896,-0.19120655953884125,-1.2618508338928223,0.15595871210098267,0
206,2060114,-0.02345898747444153,0.0004845420771744102,-0.9929220080375671,-0.055479660630226135,0.056152038276195526,-0.8235858678817749,29.025148391723633,-10.212885856628418,40.1033935546875,0.18508747220039368,-2.278263807296753,-0.0777893215417862,0.31520915031433105,0.9839935898780823,-0.22165551781654358,-0.9174027442932129,-1.1815754175186157,-1.4240033626556396,-1.243104338645935,-0.3869192600250244,0.3141906261444092,-0.14644762873649597,0.13836278021335602,0.515656590461731,0
207,2070061,-0.015031089074909687,-0.009578404016792774,-0.9976876974105835,0.11432097107172012,0.0968371108174324,0.2894316017627716,29.328786849975586,-8.481072425842285,40.15677261352539,-1.5072686672210693,0.4512682557106018,0.9320806264877319,-2.193174123764038,-0.03145035356283188,-0.8573814034461975,1.338199257850647,0.9072578549385071,1.8245552778244019,-0.20840127766132355,-0.28863778710365295,2.2706472873687744,-2.118659496307373,0.35938480496406555,0.26136133074760437,0
208,2079939,-0.03230351582169533,-0.03176967799663544,-1.0276570320129395,-0.0050267418846488,0.28185680508613586,0.30521899461746216,27.76767921447754,-8.604275703430176,40.7047233581543,-1.2486635446548462,-0.0026791051495820284,-1.8447221517562866,1.8876289129257202,1.3355554342269897,-2.325371265411377,0.7406495213508606,1.2735909223556519,1.8148181438446045,-1.433944582939148,0.42382681369781494,-1.0728362798690796,-0.08669061958789825,1.1879305839538574,0.6807639598846436,0
209,2090125,0.11032596230506897,-0.09029200673103333,-0.9703609347343445,-0.21251998841762543,0.5387728214263916,0.7457701563835144,29.77704620361328,-11.280966758728027,39.217464447021484,0.5488727688789368,-1.487197995185852,1.7271925210952759,0.06320127099752426,-0.8546332716941833,-0.6518443822860718,0.29487794637680054,0.4386804401874542,0.338447242975235,-0.4691612720489502,-1.065503716468811,-0.7323815822601318,-1.2420655488967896,-0.038335345685482025,2.0394222736358643,0
210,2099843,0.08293351531028748,-0.004484693519771099,-0.9649625420570374,-0.21411442756652832,0.35157090425491333,0.7567930221557617,30.247533798217773,-8.306992530822754,40.64219665527344,1.1331862211227417,0.5965341925621033,0.3854900896549225,0.22642400860786438,0.2737017571926117,0.3944999575614929,-1.3657071590423584,0.1647777408361435,-0.9828715324401855,0.6569697260856628,0.9494754672050476,0.8501983880996704,-0.036725759506225586,1.5807911157608032,0.746589720249176,0
211,2109917,-0.04032447561621666,-0.10162863880395889,-0.9813299775123596,0.8444581627845764,-0.06461204588413239,-0.5115141868591309,29.877126693725586,-7.928090572357178,39.626434326171875,1.0393692255020142,0.7524550557136536,0.1254500299692154,2.2630302906036377,-0.1945178061723709,0.5804193019866943,-0.5417990684509277,0.580387532711029,0.5444747805595398,0.9258371591567993,-1.9153668880462646,0.05745375156402588,-0.32522112131118774,0.739294171333313,1.7549257278442383,0
212,2120172,-0.0014057194348424673,-0.011432288214564323,-1.053327202796936,-0.32772397994995117,0.03815668821334839,0.04523342102766037,29.2519474029541,-10.748734474182129,40.7309684753418,1.4058319330215454,0.5735607147216797,0.3198605179786682,0.24097813665866852,-0.9599130153656006,-0.9188394546508789,-0.18812593817710876,-1.8854000568389893,1.0152581930160522,0.8932458162307739,-0.8423066139221191,-1.0263081789016724,-0.443514883518219,0.6818605661392212,0.3358985185623169,0
213,2129811,-0.05078211799263954,0.062403604388237,-0.9677556157112122,-0.407265305519104,0.3680710196495056,-0.363226056098938,28.922054290771484,-9.568936347961426,40.204002380371094,-0.7081441879272461,0.3568207621574402,0.11019759625196457,1.874899983406067,-1.0084362030029297,-0.8099114298820496,1.7373998165130615,0.3481869101524353,0.16725385189056396,-0.4381392002105713,-0.3878183960914612,-0.894784688949585,-1.2870289087295532,0.4084746837615967,2.133293390274048,0
214,2139948,-0.03293285146355629,-0.05213884636759758,-1.0021969079971313,-0.2838536202907562,0.4272274374961853,0.34001702070236206,28.753149032592773,-10.066190719604492,40.02036666870117,0.05966035649180412,1.6794354915618896,-0.9487181305885315,-0.685916006565094,0.6292562484741211,0.6135621666908264,-0.5308594107627869,-0.03417826071381569,1.8361272811889648,-2.6866955757141113,0.6372465491294861,-0.07870374619960785,-1.8561078310012817,0.12917764484882355,0.43344131112098694,0
215,2149964,-0.026599232107400894,0.08527500182390213,-1.0004520416259766,0.10893295705318451,0.08053085952997208,-0.6244708895683289,27.86617660522461,-11.503785133361816,40.63229751586914,0.3691335618495941,0.2793395221233368,-0.03530437499284744,1.0837371349334717,0.19342924654483795,-1.1143507957458496,0.17720916867256165,0.6228950023651123,0.5934502482414246,0.34200096130371094,0.18240979313850403,0.5400455594062805,1.9107519388198853,0.04014851897954941,-1.0962213277816772,0
216,2159919,-0.05502239242196083,0.032641440629959106,-0.9869444966316223,-0.31724077463150024,0.06538477540016174,-0.7808396816253662,29.86627960205078,-9.87481689453125,41.59759521484375,0.8422747254371643,2.3006861209869385,-1.461045503616333,0.975768506526947,-0.19689248502254486,-0.09983199089765549,-0.5292521119117737,-1.1362403631210327,-1.4542399644851685,0.292258620262146,1.573208212852478,0.1204243153333664,-0.9663321375846863,-0.21560345590114594,-0.9144869446754456,0
217,2170130,-0.027087058871984482,0.0010483373189345002,-0.9820987582206726,-0.41913530230522156,-0.019947025924921036,-0.6471227407455444,28.856962203979492,-10.6129150390625,39.24882888793945,-0.9200730323791504,0.41735339164733887,-0.8875419497489929,0.7007483243942261,1.102541446685791,0.03662075474858284,0.0659293383359909,0.31418663263320923,-0.5425134301185608,0.7813308238983154,-0.23608681559562683,0.2861923575401306,1.553632140159607,1.8047401905059814,-0.10169904679059982,0
218,2180182,-0.032096460461616516,-0.0014428668655455112,-0.9968298077583313,-0.6703723073005676,0.5676676630973816,0.6354675889015198,29.414735794067383,-10.646112442016602,41.4710807800293,-0.9677872061729431,-2.30324125289917,-1.3038113117218018,-0.024452978745102882,-1.161393404006958,-0.2157527059316635,0.06621672958135605,0.561345100402832,0.677073061466217,0.35660287737846375,0.46183255314826965,-0.976956844329834,1.9926546812057495,0.6641870737075806,-0.16186928749084473,0
219,2190140,-0.005322721786797047,-0.013138338923454285,-0.9914868474006653,-0.14196620881557465,-0.6009743809700012,0.14288239181041718,30.631750106811523,-9.998479843139648,40.74787139892578,-0.2136688530445099,-0.035043906420469284,0.056645363569259644,-1.3787366151809692,-0.7473338842391968,0.5969042778015137,0.032342758029699326,-0.17892371118068695,-0.4200168550014496,0.36524325609207153,0.4549044370651245,1.7089593410491943,-0.8211426138877869,0.6410369277000427,0.952328085899353,0
220,2199817,0.06383685022592545,-0.046467531472444534,-0.99223792552948,0.02993742749094963,-0.39764684438705444,-0.525201141834259,28.731868743896484,-8.615283012390137,39.29955291748047,-0.24354444444179535,-0.019288310781121254,0.3495314121246338,-0.5197550654411316,1.1134727001190186,0.40966954827308655,2.78877854347229,0.2868267893791199,1.1941018104553223,-0.5762026309967041,0.2046985626220703,2.150516986846924,-0.5317241549491882,-0.13971970975399017,0.0008329729898832738,0
221,2209949,0.036346904933452606,-0.007691935170441866,-1.0096616744995117,-0.17184855043888092,-0.12956145405769348,0.6899937987327576,30.92634391784668,-10.940298080444336,39.33264923095703,1.5185844898223877,-0.36828622221946716,0.17728018760681152,-0.5447580814361572,-1.5064513683319092,-1.0107190608978271,0.7371616363525391,-1.0552247762680054,-1.7981810569763184,-0.9320083856582642,0.5199379920959473,-0.9042834639549255,-0.06800065189599991,-0.3467491567134857,-1.11301589012146,0
222,2220055,0.036738183349370956,0.037958450615406036,-1.005222201347351,-0.21300962567329407,-1.2571853399276733,-0.192142054438591,31.15268325805664,-9.81186294555664,39.98319625854492,0.08715973794460297,0.6014679074287415,-0.2876073718070984,-1.288884162902832,0.03748852387070656,0.15215501189231873,-1.5294100046157837,0.7134630084037781,-0.8958953619003296,-0.5475608706474304,1.4447226524353027,1.221713900566101,-0.59512859582901,0.21573643386363983,-1.268743872642517,0
223,2230134,0.08753592520952225,0.045853860676288605,-1.0117734670639038,0.003463356988504529,0.07296501100063324,0.28852036595344543,28.522048950195312,-11.404364585876465,39.3772087097168,-0.4924857020378113,-0.7537028789520264,-1.969254732131958,-0.7336216568946838,-0.1572866141796112,-0.257470041513443,0.8678552508354187,0.007072458975017071,-2.0208146572113037,1.3674893379211426,-0.6253721714019775,0.7970066070556641,2.4820990562438965,0.36857813596725464,-0.8233513832092285,0
224,2239950,-0.06323917210102081,-0.03484111651778221,-0.9897221922874451,0.3316798508167267,0.002044706605374813,0.9906181693077087,29.85586166381836,-11.58782958984375,39.356201171875,0.03122824616730213,-1.132473349571228,-0.5184334516525269,0.7347360849380493,-0.12526124715805054,-1.2636871337890625,-0.6086970567703247,0.43680283427238464,-0.2454463541507721,-0.9339839816093445,1.1017167568206787,-1.598328948020935,0.20048658549785614,-0.5985427498817444,1.2432409524917603,0
225,2249918,-0.008813021704554558,0.07482226938009262,-0.9890530705451965,-0.2361837923526764,0.472276896238327,-0.4501354396343231,32.37482452392578,-8.515376091003418,38.85653305053711,0.13493478298187256,-0.48532116413116455,-0.46707233786582947,-0.6598698496818542,0.2401541769504547,-0.666638970375061,1.3689424991607666,-0.6325510144233704,-0.09281495958566666,-0.9495563507080078,-2.539309024810791,-0.3646942377090454,-0.652675211429596,-0.04339734464883804,1.5795899629592896,0
226,2259964,0.02258940413594246,-0.038678281009197235,-1.0031604766845703,0.8435803651809692,0.7322499752044678,-0.3977564573287964,31.191774368286133,-8.864338874816895,39.229557037353516,-0.19355712831020355,2.1967356204986572,-0.915398120880127,0.3245905935764313,-2.033092975616455,0.5684590935707092,0.22736535966396332,-0.7063273191452026,0.41048648953437805,-0.5426605343818665,0.47264590859413147,1.4374924898147583,-0.08251636475324631,0.9298032522201538,-0.9013358950614929,0
227,2270097,0.07241499423980713,-0.06739617884159088,-0.9819631576538086,-0.2691318392753601,0.19911208748817444,-0.6729743480682373,28.786136627197266,-9.855544090270996,39.21261978149414,0.2834586501121521,-0.612666666507721,0.39417728781700134,1.743958830833435,-1.8100711107254028,0.25412771105766296,-0.42694562673568726,-0.5425047874450684,0.5925666689872742,0.3736802041530609,0.0373847596347332,-0.5725806951522827,-1.1856762170791626,1.0098774433135986,0.33253732323646545,0
228,2280101,-0.01444433256983757,-0.09110401570796967,-1.0111008882522583,0.1705532819032669,-0.2702438533306122,0.20483742654323578,30.313457489013672,-9.210180282592773,40.19816970825195,-0.49698305130004883,1.095233678817749,0.9634360074996948,-0.47411322593688965,0.2974088788032532,-0.2937045693397522,-0.15851382911205292,-0.3925268352031708,0.4968887269496918,-0.6475210189819336,-0.5703396201133728,1.466614842414856,0.256162166595459,-0.1660851240158081,0.06003086268901825,0
229,2290049,0.03935195878148079,-0.05347006767988205,-0.9877212643623352,0.030587730929255486,0.5492627024650574,0.2650125026702881,28.95008087158203,-11.442458152770996,39.35797882080078,0.6241857409477234,-1.1011550426483154,-0.49218717217445374,-1.4107203483581543,0.9035302400588989,1.040681004524231,-0.0841246172785759,-0.1035555824637413,0.21221238374710083,-2.587334632873535,-0.20485049486160278,1.0284767150878906,-0.14706817269325256,-0.09945645183324814,1.3755180835723877,0
230,2300022,0.00623060017824173,-0.1026211753487587,-0.9891698360443115,0.05733487010002136,0.19384606182575226,-0.2998848259449005,29.412628173828125,-8.740730285644531,40.0704460144043,-0.04925232380628586,1.0622334480285645,-0.7189578413963318,-0.7492594718933105,1.3477060794830322,0.4311366379261017,1.6969045400619507,-0.1777188926935196,1.512576699256897,-1.288354516029358,0.4134964048862457,-0.1858360469341278,0.7629871964454651,0.7196388244628906,1.2368465662002563,0
231,2310038,-0.10249598324298859,0.06062962859869003,-1.0373446941375732,0.31131333112716675,-0.09374669194221497,0.14592495560646057,30.344806671142578,-12.120898246765137,38.950218200683594,-0.5968244075775146,1.212058663368225,-0.6030282974243164,1.6329580545425415,-0.6763114929199219,0.1803523302078247,2.5308523178100586,-1.670575737953186,1.2749216556549072,0.1705656200647354,-0.4957830011844635,0.09481030702590942,1.0198924541473389,-0.19915486872196198,-0.308491587638855,0
232,2319956,-0.004695439711213112,0.00860134419053793,-0.9788137078285217,0.6379517912864685,-0.5402875542640686,-0.37270277738571167,29.335243225097656,-10.292271614074707,39.011409759521484,1.1145941019058228,2.6488037109375,-0.06874730437994003,-0.02898724563419819,-0.028079994022846222,1.1876980066299438,-1.431604266166687,-0.17573751509189606,-0.5164421200752258,-0.1650892049074173,0.09307452291250229,-0.6235745549201965,0.15654827654361725,0.46106985211372375,0.02178211137652397,0
233,2330138,-0.06471612304449081,0.12248764932155609,-1.0224345922470093,0.016796784475445747,0.24942642450332642,-0.19474194943904877,29.72482681274414,-11.761503219604492,39.153465270996094,0.8719279766082764,0.08330705761909485,0.7164679169654846,-0.08513719588518143,1.3343925476074219,-0.41395822167396545,0.42342960834503174,0.6395214796066284,1.255832314491272,1.3526618480682373,0.08830283582210541,-2.312394618988037,0.1990637481212616,0.7882239818572998,-0.4744703471660614,0
234,2339985,0.017771117389202118,-0.044923581182956696,-0.9764214158058167,0.5878953337669373,-0.47598686814308167,0.12081747502088547,31.305906295776367,-11.063495635986328,41.47816467285156,1.4528051614761353,1.2296462059020996,0.6901296973228455,0.04948101192712784,-1.216630458831787,0.572367250919342,-0.9071146845817566,0.1240476742386818,1.217703104019165,-0.1557288020849228,-0.4492676854133606,0.8230886459350586,-0.9398375749588013,-0.8814765214920044,-0.5569058656692505,0
235,2350081,0.04180873557925224,-0.016866538673639297,-1.0011078119277954,-0.3230196237564087,-0.3883479833602905,0.18949317932128906,28.17006492614746,-10.140375137329102,40.77769470214844,0.3185744285583496,0.205081507563591,-0.2833802402019501,-0.4573249816894531,-0.30661994218826294,-0.15510882437229156,-0.07108829915523529,0.2063421756029129,-0.7379643321037292,-0.04097195342183113,-0.6932293176651001,-0.0025732803624123335,0.9895800948143005,1.0647791624069214,-1.1036806106567383,0
236,2360218,-0.017772041261196136,-0.007273412309587002,-1.0179656744003296,0.18432402610778809,0.4209650456905365,-0.5473309755325317,29.629011154174805,-10.15415096282959,38.60456848144531,1.0507302284240723,1.0258928537368774,0.030401870608329773,-0.6119289994239807,0.6900987029075623,-0.06542065739631653,-2.5479841232299805,-0.6783557534217834,0.439657062292099,0.23641052842140198,0.057592831552028656,-0.6302915811538696,0.3622603118419647,1.249326229095459,-1.09236478805542,0
237,2369970,-0.010430265218019485,0.02049381658434868,-0.984390139579773,-0.4622204005718231,-0.43722596764564514,-1.0405550003051758,28.836713790893555,-9.087003707885742,39.77083969116211,1.2478727102279663,-1.3506423234939575,-0.07076632976531982,-1.7390565872192383,-0.09333229064941406,0.057964857667684555,0.30022984743118286,0.8179768323898315,1.868586778640747,0.03348026052117348,-0.35228437185287476,1.03457510471344,-0.2294105440378189,0.6230217814445496,-0.4830304682254791,0
238,2380044,0.03749346733093262,-0.06963656097650528,-1.021360993385315,-0.11587610095739365,0.576368510723114,-0.8064196705818176,29.020381927490234,-9.385726928710938,37.60005187988281,-0.08644315600395203,-0.7106406688690186,-0.20029768347740173,0.45565006136894226,0.07240039110183716,-0.2091546207666397,-0.9150553345680237,1.2491353750228882,0.5768306851387024,0.0406615175306797,0.45466235280036926,0.27242836356163025,-0.40074610710144043,1.8547778129577637,0.2628982663154602,0
239,2390019,0.07596379518508911,-0.05360206961631775,-1.0136367082595825,-0.22358065843582153,0.410343736410141,-0.14227977395057678,30.256263732910156,-9.793386459350586,39.1072883605957,-0.2595185935497284,-1.8454667329788208,-0.8208736777305603,1.8456743955612183,-0.7392817139625549,1.5197290182113647,-0.4321441054344177,-0.40944769978523254,-1.624898076057434,-0.9860575795173645,0.3172304332256317,0.6818883419036865,0.022547854110598564,-0.17406149208545685,0.9304015636444092,0
240,2399862,-0.013036075048148632,0.008930359967052937,-1.0193592309951782,0.6026721000671387,-0.4083116948604584,-0.005515327677130699,30.365083694458008,-12.610145568847656,39.6802864074707,0.5334805250167847,1.7024998664855957,-1.622717261314392,1.358257532119751,-0.425359845161438,1.3714103698730469,0.09225554764270782,-1.313499093055725,-0.494023859500885,1.4396848678588867,0.20245659351348877,3.059959888458252,-0.3670458197593689,2.7840688228607178,-2.0387632846832275,0
241,2409914,0.012272089719772339,-0.012203725054860115,-1.0492947101593018,-0.9193248152732849,-0.2438257932662964,-0.033191051334142685,29.673221588134766,-9.580158233642578,40.51877975463867,-0.5012078881263733,1.933793544769287,-0.5619112849235535,-0.7544224858283997,-0.17949044704437256,-0.18307320773601532,0.3242155611515045,-0.39347946643829346,0.6337743401527405,1.5948022603988647,-0.7227810621261597,-0.6618167161941528,-0.2276579886674881,-0.722279965877533,0.5935782194137573,0
242,2420291,0.027294129133224487,0.0040281061083078384,-0.9611250162124634,-0.25780588388442993,0.6041549444198608,0.24768877029418945,28.751033782958984,-10.332460403442383,40.262115478515625,0.10602165758609772,0.297569215297699,0.591517984867096,-0.6860707998275757,-0.27530190348625183,-0.03355073928833008,0.03861449286341667,1.436010479927063,2.119626998901367,-0.9693166613578796,1.085984468460083,-1.9080488681793213,0.949572741985321,-1.6475729942321777,-0.7615004777908325,0
243,2429650,0.03262163698673248,-0.02387707680463791,-0.9890671968460083,0.8749526739120483,0.22320127487182617,-0.19794787466526031,28.860857009887695,-11.959202766418457,39.98043441772461,-1.6174345016479492,0.793696403503418,-1.341477870941162,-0.11993966996669769,-0.3917633891105652,-1.1981687545776367,0.4701424241065979,0.3923420310020447,-0.3896028995513916,-0.7985588312149048,-1.0203367471694946,-1.5196107625961304,-0.2708817422389984,-0.3772093653678894,0.20054277777671814,0
244,2440105,0.020944058895111084,0.005647521931678057,-1.0086419582366943,-0.3171469569206238,-0.49968162178993225,0.3525722324848175,31.516294479370117,-10.507339477539062,39.68183517456055,1.0410720109939575,-0.3413453698158264,1.549926519393921,-1.4730559587478638,-0.17923040688037872,0.8302696943283081,-0.5310384631156921,0.9578437209129333,-1.2425308227539062,0.03143772482872009,-0.2972555160522461,0.563477635383606,-0.2751694917678833,-0.1313350647687912,0.671394407749176,0
245,2449949,-0.03663937747478485,-0.013381578959524632,-1.0150861740112305,0.43143802881240845,-0.5887520909309387,-0.18749172985553741,29.566570281982422,-11.522826194763184,40.26561737060547,0.5602480173110962,0.17110076546669006,1.5216882228851318,-0.21506260335445404,-1.846900463104248,0.9847451448440552,0.28427034616470337,-0.8427473306655884,0.7854567766189575,-0.8343619704246521,-0.1993025541305542,0.30360716581344604,-0.3166614770889282,-0.539905846118927,1.375934362411499,0
246,2459851,0.011597057804465294,0.07605177909135818,-1.0181611776351929,-0.7402966022491455,0.9970924854278564,0.4504486918449402,29.811811447143555,-9.972674369812012,39.4289436340332,0.6255753636360168,0.9662285447120667,0.8399112820625305,0.7933976650238037,-0.1940338909626007,0.10289041697978973,1.8251863718032837,0.08089932799339294,-0.2807622253894806,-0.18896254897117615,-0.25083187222480774,1.2503260374069214,0.3929680585861206,-0.1556573510169983,0.6584020256996155,0
247,2470037,-0.048076044768095016,-0.013592714443802834,-0.9958036541938782,0.39696064591407776,-0.1140906810760498,-0.7408176064491272,30.962125778198242,-9.093500137329102,41.06395721435547,-2.0764918327331543,0.5241482257843018,1.0182451009750366,-1.0174638032913208,1.0157597064971924,-0.6953062415122986,1.1676620244979858,1.97696852684021,0.4434753358364105,-0.6319031119346619,0.35810017585754395,0.8987085223197937,0.675532877445221,0.013993260450661182,0.2691684365272522,0
248,2479817,-0.048460714519023895,-0.06715468317270279,-0.9889054894447327,-0.24082131683826447,-0.20316337049007416,-1.3488481044769287,30.299041748046875,-11.253813743591309,41.16646194458008,2.050097942352295,-0.9800431132316589,-0.5333532094955444,0.4223533868789673,-1.957836389541626,-0.5388234257698059,0.18185265362262726,0.5835654139518738,0.040374334901571274,-0.17857691645622253,1.722474217414856,-1.3423147201538086,-0.033374860882759094,0.08335056155920029,0.7442607283592224,0
249,2490103,0.01686549186706543,-0.03807897865772247,-1.0243583917617798,-0.312427282333374,-0.6153331995010376,0.2983366847038269,29.244600296020508,-9.833251953125,40.27754592895508,0.6020211577415466,-0.21502162516117096,-0.30343523621559143,1.8393441438674927,0.9962295889854431,1.2717864513397217,0.8666999340057373,0.6480861902236938,-1.1005289554595947,-0.3321768343448639,2.9864068031311035,0.017680637538433075,-1.2767655849456787,-0.14106759428977966,-0.9193781614303589,0
250,2500079,-0.04817599058151245,0.01153774093836546,-1.0018410682678223,0.24666108191013336,0.890254557132721,0.7138615250587463,28.656661987304688,-9.003235816955566,40.814144134521484,-1.0984840393066406,-0.9421706795692444,1.1950465440750122,0.43108928203582764,-0.43797147274017334,0.9466769099235535,-0.7811472415924072,0.2541959583759308,1.6769696474075317,-0.3171914517879486,1.2204900979995728,-0.3163888156414032,-0.48975205421447754,-0.10112357884645462,1.0019887685775757,0
251,2509763,-0.030027002096176147,0.026722323149442673,-1.0190414190292358,0.3087714612483978,-0.5162453055381775,0.21633844077587128,28.198135375976562,-11.056926727294922,40.621891021728516,-0.8806218504905701,-0.28184428811073303,0.13042868673801422,0.08588410913944244,1.7968536615371704,-1.1464927196502686,0.8725917339324951,-0.23123213648796082,0.42828354239463806,0.32516568899154663,0.8997763395309448,0.5515394806861877,-2.806243896484375,-0.583292543888092,1.2201082706451416,0
252,2520237,-0.07101617008447647,-0.025281652808189392,-1.0028847455978394,-0.014525574631989002,-0.3033696711063385,0.8353968858718872,29.543235778808594,-10.793463706970215,41.42035675048828,0.8776896595954895,0.9316401481628418,-2.4036052227020264,0.2824826240539551,-1.2049037218093872,0.32753443717956543,1.2078056335449219,1.0240157842636108,-0.3049476146697998,-0.66916424036026,0.6672356128692627,1.57764732837677,-1.316776990890503,-1.2321743965148926,0.24393469095230103,0
253,2529954,0.05131926387548447,-0.0329316183924675,-1.0190978050231934,0.2487170249223709,-0.519609808921814,0.3444353938102722,30.768478393554688,-11.028190612792969,39.411216735839844,-0.6266841292381287,0.8095053434371948,0.28931015729904175,1.5174496173858643,0.18765439093112946,0.6061850786209106,-1.1635806560516357,-0.7841565012931824,-0.7756722569465637,-0.8452933430671692,-1.5776443481445312,-0.12881852686405182,-0.41029372811317444,1.5965875387191772,-0.32963865995407104,0
254,2540027,-0.10030591487884521,0.02355032227933407,-0.9803298115730286,0.049541715532541275,-0.4427945017814636,0.01875736378133297,30.780139923095703,-12.048686981201172,41.665870666503906,0.991513192653656,1.723686695098877,-0.4285047650337219,0.7161127328872681,-0.6775051951408386,-0.21822306513786316,-1.1755403280258179,0.5139356255531311,2.1079556941986084,-2.32564115524292,-1.6556295156478882,0.8402359485626221,1.4820538759231567,0.3476027250289917,0.11719707399606705,0
255,2549695,0.013111503794789314,0.018922509625554085,-1.0040004253387451,-0.20204293727874756,0.15749840438365936,-0.8872985243797302,27.537979125976562,-9.885127067565918,38.7696418762207,-0.14129319787025452,-0.7314221262931824,-0.34332790970802307,-1.116748332977295,-0.18798935413360596,2.3025877475738525,-0.6698401570320129,-0.05217984318733215,-0.06807070970535278,-0.6190613508224487,0.3085978329181671,-0.242170512676239,0.7372199892997742,0.7279110550880432,-1.3197805881500244,0
256,2560171,0.011002158746123314,0.028391242027282715,-0.9839242100715637,-0.2418501377105713,0.3410789370536804,-0.10706175118684769,30.567481994628906,-9.38869857788086,41.15433120727539,2.1604726314544678,0.49100810289382935,1.6219537258148193,0.570984959602356,-0.8192901611328125,-0.485055536031723,0.924859344959259,0.0192028246819973,0.8867979645729065,1.020920753479004,1.4973045587539673,-0.5127422213554382,-2.583667755126953,-0.6800654530525208,0.3047950267791748,0
257,2569783,-0.06344298273324966,-0.1102069690823555,-0.9833117723464966,0.022766049951314926,1.125197410583496,0.15181978046894073,30.189626693725586,-10.556174278259277,40.71486282348633,-0.5205070972442627,0.4421967566013336,-1.4632383584976196,0.5350549817085266,1.4635754823684692,-0.18106718361377716,-0.2549605965614319,-0.5196971893310547,0.9844141602516174,1.2281759977340698,0.7491711974143982,1.4610943794250488,0.7423563599586487,1.5767807960510254,-1.4510443210601807,0
258,2579937,0.01380801573395729,0.08126763999462128,-0.9749568700790405,-0.7805898785591125,-0.6561180353164673,0.11508197337388992,30.783540725708008,-10.112842559814453,41.86956024169922,-0.11733540892601013,0.5257843136787415,1.6703780889511108,-0.20591005682945251,-0.6218816637992859,-0.169058695435524,-1.2294206619262695,-1.4422144889831543,-0.3250874876976013,-0.7759948372840881,-0.22017507255077362,-0.46173980832099915,0.3076563775539398,-0.2349252700805664,-0.40210476517677307,0
259,2589973,0.0026777922175824642,-0.04114837199449539,-1.000382661819458,-0.28219160437583923,-0.657688558101654,1.7420142889022827,30.320951461791992,-9.507410049438477,39.01710891723633,0.2726708948612213,-0.36032038927078247,0.050006039440631866,0.2924845814704895,0.3828144669532776,-1.2375379800796509,-1.7192254066467285,0.33531543612480164,0.8992469906806946,-0.23667234182357788,2.7011985778808594,-1.8805420398712158,1.0317747592926025,-0.9199395179748535,0.016290374100208282,0
260,2599906,0.04674569517374039,0.08146459609270096,-1.0451542139053345,0.09255188703536987,0.2215566486120224,-0.22698858380317688,31.90083122253418,-11.469527244567871,40.311859130859375,-0.19430455565452576,1.4363751411437988,1.7783781290054321,-1.7902939319610596,0.7597655653953552,0.8059278130531311,-2.0112149715423584,1.2179386615753174,-2.49196195602417,0.6224476099014282,-0.42007461190223694,-1.4421292543411255,0.9665048718452454,-0.2564476728439331,0.5366417169570923,0
261,2610014,-0.04838745668530464,0.050060249865055084,-0.9716859459877014,0.5547000765800476,-0.06235266104340553,0.4829431474208832,29.359912872314453,-9.414387702941895,39.36288070678711,-0.578260600566864,-1.0468560457229614,-0.743475079536438,-0.34184280037879944,-0.021470550447702408,-0.9556645154953003,-0.6394245624542236,-1.9010183811187744,0.3736778199672699,-1.2538187503814697,1.4769052267074585,-1.012109398841858,-0.020323723554611206,0.5853612422943115,-0.23994620144367218,0
262,2619855,0.01432132814079523,0.06224870681762695,-0.9901469349861145,-0.2714935839176178,0.2363378405570984,-0.3818812966346741,29.438753128051758,-10.12535572052002,40.39691162109375,-0.3661702573299408,-0.3471323549747467,1.6095627546310425,0.8006633520126343,-1.0907317399978638,-0.3596987724304199,0.054543234407901764,0.7685344815254211,0.009172486141324043,-0.5030705332756042,0.2811088263988495,-0.5815629959106445,1.180112361907959,0.531010627746582,0.014573756605386734,0
263,2629892,-0.07451202720403671,-0.09154170751571655,-1.0346702337265015,1.1489473581314087,0.5415602922439575,0.1808382123708725,30.772125244140625,-9.566343307495117,39.277313232421875,-1.4601531028747559,1.859322190284729,1.0137156248092651,-0.061416007578372955,-1.2707018852233887,0.5604875683784485,0.2895931899547577,0.46607905626296997,-1.120351791381836,-0.43066200613975525,0.5679673552513123,0.648335874080658,-0.4490884840488434,-0.5564975142478943,-1.2080132961273193,0
264,2639948,0.04072043299674988,-0.029350994154810905,-1.0123233795166016,0.5971068739891052,0.09067270159721375,0.19469155371189117,29.548141479492188,-9.333810806274414,38.505802154541016,-0.9313060641288757,-0.2619349956512451,2.1181695461273193,-0.49490615725517273,-0.17995794117450714,-1.7846275568008423,1.443377137184143,0.5183431506156921,0.26554498076438904,0.6857883334159851,1.8610459566116333,0.13735859096050262,2.7839293479919434,0.6445630192756653,1.247424602508545,0
265,2650226,-0.0010961034568026662,-0.02678287960588932,-0.9733335375785828,-0.5779475569725037,-0.2819405794143677,-0.23658229410648346,29.48279571533203,-11.538263320922852,40.27962112426758,0.7089779376983643,0.24564972519874573,-0.7900247573852539,-0.8259324431419373,0.2973811626434326,1.9895963668823242,1.8581862449645996,0.022850846871733665,-0.2033352106809616,-0.27463415265083313,-0.2133689671754837,-0.45368289947509766,0.10558629781007767,-0.09463224560022354,0.3696754574775696,0
266,2659920,0.10755912214517593,0.0036260804627090693,-1.0496363639831543,0.5740751028060913,-0.2524574398994446,0.229850634932518,31.03992462158203,-10.180364608764648,39.791168212890625,1.8197340965270996,1.0461055040359497,-0.8720798492431641,-0.40812644362449646,-0.017566556110978127,1.0701615810394287,1.8458884954452515,-0.2584324777126312,0.8239491581916809,-1.0122313499450684,0.0002265032089781016,1.1312001943588257,0.010950586758553982,-0.11795203387737274,0.7229989767074585,0
267,2670137,0.03991097956895828,0.008875624276697636,-0.980564296245575,0.5918242335319519,-0.4544224739074707,-0.30197054147720337,28.755558013916016,-7.662384033203125,39.77020263671875,-0.13491876423358917,-1.2923755645751953,0.6450338363647461,1.4903600215911865,-0.5913938879966736,-0.9404236674308777,0.15692733228206635,0.746789276599884,-3.101274013519287,1.2711048126220703,-0.43354445695877075,-1.274865746498108,-0.6173306107521057,-1.5693821907043457,-0.5284954905509949,0
268,2680002,-0.03212984651327133,-0.023763570934534073,-1.039483666419983,0.39144396781921387,-0.05485111102461815,0.7064323425292969,30.315349578857422,-11.909392356872559,38.68366622924805,2.7845277786254883,-0.09658223390579224,-0.7344823479652405,-0.17719760537147522,-0.2246636152267456,0.26752933859825134,-0.021021168678998947,-1.087260365486145,-0.8861582279205322,-2.0176923274993896,-0.6229330897331238,-1.135384440422058,3.239914655685425,-1.127336859703064,0.8704102635383606,0
269,2690092,0.04963599145412445,0.0799698755145073,-1.0137674808502197,0.2629643380641937,-0.050431426614522934,-0.3954351544380188,30.364200592041016,-9.543972969055176,40.566429138183594,-1.0838192701339722,0.16815988719463348,-0.26113373041152954,-2.353980541229248,-1.2859220504760742,0.9279090762138367,0.4411579966545105,0.043782662600278854,1.2116999626159668,0.6185221076011658,0.7037977576255798,0.2264331877231598,-0.46973374485969543,-1.0791287422180176,-0.5073010921478271,0
270,2700201,-0.02439551241695881,0.00811074860394001,-1.010165810585022,0.16419221460819244,0.5173373222351074,0.3957209587097168,28.818370819091797,-8.36582088470459,39.85049819946289,-1.7637569904327393,1.3097913265228271,-0.6994137167930603,0.1308574676513672,-0.5456253886222839,-0.30021318793296814,0.8554636836051941,0.9954527020454407,-0.17479777336120605,1.2302818298339844,-0.6095947623252869,0.3776293098926544,1.478500247001648,-0.2678017020225525,-0.4951004385948181,0
271,2709929,0.05128965154290199,-0.11699790507555008,-0.9449366927146912,-0.27821996808052063,0.14669135212898254,0.19941198825836182,30.5638484954834,-8.08441162109375,40.59123992919922,-1.226799726486206,2.0469632148742676,2.3182313442230225,-1.0216400623321533,0.9522189497947693,-0.22851847112178802,-0.6428101658821106,0.8933696150779724,-0.3136742115020752,1.4370701313018799,-0.6826569437980652,1.628208041191101,1.1221020221710205,-1.2686576843261719,-0.4354153275489807,0
272,2720030,-0.06088361144065857,-0.024666696786880493,-1.030432939529419,-0.008035988546907902,-0.7943620681762695,0.7257100343704224,28.962337493896484,-10.385076522827148,36.61925506591797,0.993221640586853,0.23397526144981384,1.1084316968917847,-1.1404284238815308,-1.5077955722808838,0.4674471616744995,-1.1373050212860107,0.520085334777832,-0.8158556222915649,-0.47204193472862244,-0.030307158827781677,-0.24229846894741058,0.8742814660072327,-1.3995754718780518,-0.3921990692615509,0
273,2730111,-0.08731792867183685,-0.048306938260793686,-1.0204986333847046,-0.10655426979064941,0.7387263774871826,-0.07597425580024719,28.79902458190918,-9.3959379196167,40.321800231933594,-0.5616133809089661,-0.5712036490440369,-0.06500587612390518,0.0046209124848246574,-1.7553160190582275,1.2720962762832642,0.6707462668418884,0.7056873440742493,-0.09077683836221695,0.7407546639442444,-0.30446529388427734,0.5311409831047058,0.8459807634353638,0.8962118625640869,-0.42170462012290955,0
274,2739620,-0.06865335255861282,0.08085965365171432,-0.9972132444381714,-0.06126684695482254,-0.08107428252696991,0.04202870652079582,27.68760871887207,-11.08772087097168,40.49444580078125,0.5656765699386597,-1.9874879121780396,0.7369229793548584,-0.0737457275390625,1.162077784538269,1.8147257566452026,1.3406976461410522,0.5696741342544556,0.5253031253814697,-1.0283523797988892,0.6057544350624084,-0.38954198360443115,0.5752288103103638,1.4776533842086792,0.19633011519908905,0
275,2749846,0.024100566282868385,-0.14707134664058685,-1.0058048963546753,0.3218627870082855,-0.3737749457359314,-0.495315283536911,30.154674530029297,-9.748897552490234,39.952186584472656,-0.5442415475845337,1.4113757610321045,-0.6592708826065063,0.019565820693969727,-1.881534457206726,1.1450047492980957,-0.2937077283859253,0.1755615770816803,1.6905399560928345,-1.151454210281372,-1.4319771528244019,0.36249175667762756,-1.087849497795105,0.07498433440923691,1.2089591026306152,0
276,2760022,-0.035772595554590225,0.07704321295022964,-0.9730396270751953,-0.4530068337917328,-0.6110639572143555,0.2674008011817932,30.816864013671875,-10.789580345153809,40.07617950439453,-0.5901303887367249,-0.4871494174003601,-0.5624130368232727,-0.39895063638687134,0.14192260801792145,-0.049382321536540985,-0.4225669503211975,0.4530145525932312,1.603371262550354,1.3772920370101929,0.6756411194801331,-1.7406305074691772,0.06590300798416138,-0.3136236369609833,0.027489982545375824,0
277,2770211,0.03516234830021858,-0.026696588844060898,-1.0202993154525757,-0.26943764090538025,-0.9426127076148987,0.09241984784603119,30.711965560913086,-11.688543319702148,40.049930572509766,-0.054647091776132584,1.3650315999984741,0.62960284948349,-1.2383404970169067,0.9215715527534485,1.63621187210083,-0.20474982261657715,-1.0939626693725586,2.186549186706543,1.4655619859695435,-0.9963776469230652,-0.37229740619659424,-0.7358802556991577,-0.0395783893764019,-2.5994043350219727,0
278,2779981,0.0023980862461030483,-0.030650978907942772,-0.9571390748023987,-0.1584148108959198,-0.9660276174545288,0.3057251274585724,31.77524757385254,-9.425919532775879,41.618812561035156,0.38074031472206116,-1.3354300260543823,-2.4383163452148438,-0.1316196769475937,-1.5709010362625122,0.8690478205680847,-1.6209009885787964,2.40561842918396,0.09302261471748352,-0.5080909132957458,0.5475768446922302,-1.1665141582489014,-0.3448765277862549,0.3187001645565033,1.0922342538833618,0
279,2790106,-0.04182039946317673,0.048726748675107956,-1.0088703632354736,-0.3102622330188751,-0.5395649671554565,-0.03101021610200405,29.843994140625,-10.642675399780273,40.505863189697266,0.7539902925491333,-0.24301618337631226,0.46937575936317444,0.4544830620288849,-0.6570855379104614,-3.01832914352417,-1.1860774755477905,1.423020362854004,0.4397122263908386,-1.0419411659240723,0.4502700865268707,-0.2945478856563568,-0.753551185131073,0.48156648874282837,0.11910614371299744,0
280,2799618,-0.005074623040854931,-0.011604247614741325,-1.0020859241485596,0.5276482105255127,-0.007514375727623701,0.5292514562606812,30.999502182006836,-9.608261108398438,40.87900161743164,-0.37121522426605225,-0.4840908646583557,-2.741731643676758,-1.6178160905838013,0.5986852645874023,-0.9356109499931335,1.7629077434539795,0.6525181531906128,-0.3073829114437103,-1.270723581314087,1.1840890645980835,-1.6080595254898071,-0.8493920564651489,-3.255906105041504,-1.4015380144119263,0
281,2809920,-0.01166457124054432,-0.06218673661351204,-0.9962076544761658,0.849220335483551,-0.031964052468538284,-0.020005304366350174,30.135881423950195,-8.081336975097656,39.98540496826172,0.16821710765361786,0.4890905022621155,-0.6649283170700073,0.07253268361091614,0.731967568397522,1.3294481039047241,1.1075835227966309,0.5194398760795593,0.06516250222921371,1.633618712425232,-1.432481050491333,-0.9513813853263855,0.3714786767959595,-0.19847971200942993,-0.23711134493350983,0
282,2819853,-0.022431746125221252,0.027552040293812752,-0.9710503816604614,0.2121502012014389,0.031748782843351364,0.08989179879426956,30.64149284362793,-8.622034072875977,40.53231430053711,-0.6983160972595215,-0.2930220067501068,-2.410227060317993,-0.5045260190963745,-0.6451069712638855,1.4229663610458374,1.097364902496338,0.1632372885942459,0.5943250060081482,0.6940820813179016,-0.9618484377861023,1.8686785697937012,0.11438219994306564,0.37900835275650024,0.6458123922348022,0
283,2829989,0.0213851910084486,-0.03243163600564003,-0.9638705253601074,0.8994275331497192,1.4182183742523193,-0.4514141380786896,31.617450714111328,-10.525500297546387,39.379451751708984,-1.0542914867401123,-0.5644885897636414,-0.3539051413536072,0.18262487649917603,0.03580717742443085,-0.264227956533432,0.6113689541816711,-0.29433920979499817,-0.8939513564109802,0.9673144817352295,0.4402517080307007,2.7400834560394287,-1.7155492305755615,0.9853008389472961,-0.0034662478137761354,0
284,2840221,-0.09563089907169342,-0.006551237311214209,-0.9915176630020142,-0.2048511952161789,-0.44767552614212036,-0.018387379124760628,29.966793060302734,-10.669411659240723,39.52806091308594,-0.562750518321991,-1.1572129726409912,-0.27314186096191406,-0.3561989665031433,1.113478422164917,-0.3013158440589905,-0.07587137073278427,2.448232889175415,-0.6146063208580017,0.02306242659687996,0.8550916314125061,-0.38234418630599976,0.7698875069618225,-1.9273453950881958,1.3473670482635498,0
285,2849762,-0.05403747782111168,0.02661273069679737,-1.0030215978622437,0.7159132361412048,-0.4738227427005768,0.2966708540916443,32.07183837890625,-11.216620445251465,41.257102966308594,1.213105320930481,-0.11196257919073105,-1.8085957765579224,-2.2976577281951904,-0.165909543633461,-1.4472110271453857,0.3976643979549408,2.7597391605377197,0.19876167178153992,-0.2848869264125824,-0.13970418274402618,-0.48151424527168274,-1.5375378131866455,-0.5180445909500122,-0.3911808729171753,0
286,2860051,0.0038214202504605055,0.09040924906730652,-1.008659839630127,0.6093826293945312,-0.6479006409645081,0.3800871968269348,29.846908569335938,-9.517948150634766,39.48960876464844,-1.0386539697647095,-1.4086735248565674,-0.8470086455345154,-0.40006884932518005,0.35329270362854004,1.0624562501907349,-0.7409075498580933,0.41341930627822876,-0.979976236820221,1.850457787513733,0.6500040292739868,1.4898333549499512,0.5134376883506775,0.2954692840576172,-1.1310746669769287,0
287,2870213,0.03684451803565025,-0.021840030327439308,-0.9482114911079407,0.11454916000366211,-0.5155678391456604,0.361395925283432,29.284637451171875,-7.338440418243408,41.217525482177734,0.36640486121177673,-1.532137393951416,0.22937694191932678,-1.1713566780090332,-0.8784903883934021,-0.18081733584403992,-0.2950970530509949,-1.0258047580718994,1.3551454544067383,0.06844460964202881,1.013156533241272,-0.7206940650939941,1.6898897886276245,-1.0588492155075073,0.49678000807762146,0
288,2880301,-0.047569114714860916,-0.0010573538020253181,-0.9925239682197571,0.6524452567100525,0.6731590628623962,1.1102888584136963,28.936046600341797,-11.931563377380371,37.382171630859375,1.2615375518798828,-0.3759949803352356,0.6171872615814209,0.5567531585693359,-1.825690507888794,0.30718740820884705,0.7428454160690308,1.9952762126922607,0.18538273870944977,-0.3318878710269928,-0.5273373126983643,1.2505786418914795,0.09140875190496445,-0.6125161051750183,-0.5797711610794067,0
289,2890152,6.537581066368148e-05,0.02259107120335102,-0.9958431720733643,-0.07855786383152008,-0.12295419722795486,-0.8975433707237244,28.273488998413086,-10.79022216796875,40.110313415527344,-1.4303094148635864,-0.6778070330619812,1.7751797437667847,0.47933295369148254,-0.6678549647331238,-1.011732816696167,0.17278482019901276,1.5450247526168823,-0.7549213767051697,-0.28496745228767395,0.8661206364631653,1.0219210386276245,0.09454154968261719,-1.3573551177978516,1.0602720975875854,0
290,2900072,0.003752916818484664,-0.06506438553333282,-1.0217711925506592,-0.15271642804145813,-0.6355792880058289,0.12816207110881805,30.856595993041992,-9.94648265838623,41.824119567871094,1.0856858491897583,-0.16766157746315002,-0.047818101942539215,1.0591554641723633,-0.5975492000579834,0.4543951153755188,-1.6586955785751343,0.6909801363945007,0.4880419373512268,2.0783028602600098,0.3214840888977051,0.7841110229492188,-1.017717719078064,1.3898239135742188,-0.6950494050979614,0
291,2910136,-0.020746354013681412,-0.008109220303595066,-0.9593043923377991,-0.717643141746521,0.46911194920539856,-0.029290499165654182,28.465538024902344,-10.383233070373535,38.676185607910156,0.41728705167770386,-1.452548623085022,0.6922750473022461,0.28081557154655457,0.6344408988952637,-0.33227989077568054,-0.9498558640480042,-0.570345938205719,0.2821585536003113,-0.4822555184364319,-0.20076993107795715,-1.6730014085769653,-0.8406125903129578,-0.21066473424434662,-1.8711645603179932,0
292,2920152,-0.006047090981155634,0.016384774819016457,-1.0004606246948242,-0.8988448977470398,0.6408795714378357,0.2117738425731659,29.36362075805664,-10.49743938446045,39.5799674987793,-0.024183887988328934,-0.07646743953227997,-0.7046686410903931,-1.3179218769073486,0.7368372678756714,-1.0060312747955322,0.705134391784668,-0.792068600654602,-0.4643714129924774,-0.015707548707723618,0.9946486353874207,0.9315785765647888,-0.4045421779155731,0.25592902302742004,-0.7374271750450134,0
293,2929907,-0.020332124084234238,-0.005446382332593203,-1.0064067840576172,0.5787774324417114,-0.5398397445678711,0.021626820787787437,28.97357749938965,-9.509727478027344,40.08635711669922,0.48771870136260986,-0.09168708324432373,-1.0333101749420166,-1.3357508182525635,-0.24973076581954956,1.2797881364822388,-0.4442630112171173,0.9595364928245544,0.39397260546684265,0.14889700710773468,-1.6048394441604614,1.1526199579238892,1.1591954231262207,-0.16977857053279877,0.07238798588514328,0
294,2939838,-0.038932230323553085,-0.010999676771461964,-1.0181251764297485,0.3918728530406952,0.6821267604827881,0.06842261552810669,31.98579978942871,-10.212336540222168,40.19063949584961,0.24909815192222595,-0.8970620036125183,-0.5222436189651489,-1.5171339511871338,-0.2041856348514557,-1.9278255701065063,0.041384257376194,-0.4275595545768738,-1.5147947072982788,-1.1211538314819336,-1.6125131845474243,-1.7185535430908203,0.003603211138397455,-0.19489163160324097,2.7545411586761475,0
295,2950169,-0.010774885304272175,0.032575350254774094,-0.9861409664154053,-0.035113174468278885,0.22637240588665009,0.3537548780441284,30.157264709472656,-11.03453254699707,41.05105209350586,0.11767716705799103,-0.6701622009277344,0.06806432455778122,-1.3048027753829956,-0.22328686714172363,-0.12942247092723846,-0.4669264256954193,1.2413996458053589,1.0006557703018188,0.4813482165336609,0.9824592471122742,0.6688955426216125,1.2348213195800781,-0.01461938489228487,1.1214662790298462,0
296,2960152,-0.0005880577373318374,-0.052245453000068665,-1.011200189590454,0.17893829941749573,0.12101178616285324,-1.3200300931930542,29.949338912963867,-10.157193183898926,39.192176818847656,1.0486674308776855,1.5608283281326294,1.1355496644973755,-0.7314727902412415,0.5390079021453857,1.0396900177001953,-1.9783427715301514,1.1064987182617188,0.2851862609386444,-2.046285390853882,-0.5234721899032593,-1.3058289289474487,2.0549042224884033,0.3916018307209015,0.35402604937553406,0
297,2970051,0.014634836465120316,0.02517193742096424,-0.9605255126953125,-0.20000632107257843,-0.011439288035035133,-0.6456524729728699,30.75466537475586,-9.468927383422852,39.62186050415039,0.6449666023254395,1.9911659955978394,-0.07098586857318878,-1.1622625589370728,-0.5412468314170837,-1.169052004814148,1.094214677810669,-2.068347215652466,-0.13839824497699738,-0.22946202754974365,-1.4638783931732178,-1.2796417474746704,-0.9104368686676025,-0.6555934548377991,-0.23604519665241241,0
298,2979898,0.07209553569555283,0.06410977244377136,-0.9935594201087952,-0.3087356686592102,0.24882857501506805,0.09599149972200394,30.597219467163086,-8.672648429870605,39.67318344116211,-0.8753411173820496,-0.7382329106330872,0.9870747923851013,-0.44869598746299744,-0.9123172163963318,-0.5456790924072266,-0.7721049785614014,0.14901018142700195,-0.8040685653686523,-0.5999441742897034,-1.1722391843795776,-1.3647198677062988,0.05008985847234726,-1.9833260774612427,1.2977890968322754,0
299,2990138,8.43522502691485e-05,0.02871478535234928,-0.9885695576667786,-0.23902219533920288,0.019030051305890083,-0.05733958259224892,31.168777465820312,-9.652910232543945,39.199310302734375,-1.6614930629730225,-0.6422348618507385,0.4560908377170563,-1.9352699518203735,1.0809067487716675,-0.19001607596874237,1.4736820459365845,-0.21313512325286865,-1.09707772731781,-0.6319204568862915,-0.34121420979499817,1.0497266054153442,-0.5275881886482239,-0.8520692586898804,-0.08300327509641647,0
300,2999883,0.023882830515503883,0.004921747371554375,-1.0319653749465942,0.1003393828868866,0.8026708960533142,0.14202377200126648,31.113004684448242,-9.572534561157227,38.56927490234375,0.7334696054458618,-2.0530953407287598,-1.496907114982605,1.350659728050232,0.36107373237609863,0.34932100772857666,1.1736112833023071,0.5178656578063965,-0.5095997452735901,-0.6482508182525635,-1.1526978015899658,1.149472713470459,1.5230839252471924,0.38137274980545044,-0.2718140780925751,0
301,3010139,0.007037164643406868,-0.024535253643989563,-1.0076767206192017,-0.0310409814119339,0.15901075303554535,-0.2639167606830597,31.211082458496094,-9.544946670532227,40.13734436035156,-2.134918451309204,-0.16190744936466217,-0.220790833234787,0.5912203192710876,1.089975357055664,0.25142359733581543,0.8181869387626648,0.11306517571210861,-0.07482900470495224,0.8648880124092102,-0.2585940659046173,0.3204869031906128,-0.9331141114234924,0.2367379367351532,-1.0097380876541138,0
302,3020036,0.01639045961201191,-0.07810012996196747,-1.0249896049499512,-0.47321128845214844,-0.13793069124221802,-0.22571347653865814,31.300159454345703,-8.378997802734375,42.31120681762695,1.8255976438522339,-2.077094554901123,1.4475210905075073,0.5661130547523499,0.8059912919998169,-2.5719528198242188,0.17903561890125275,-1.2197788953781128,1.2836111783981323,-0.5177237391471863,0.9819605350494385,-0.31129220128059387,-1.8910313844680786,-1.2485237121582031,0.039667751640081406,0
303,3030054,0.030076539143919945,0.05775769054889679,-1.0128952264785767,-0.8143917322158813,0.051058169454336166,-0.30078208446502686,28.35446548461914,-11.098159790039062,38.818485260009766,-0.47230368852615356,-1.8297001123428345,-0.9061428904533386,-0.3818473815917969,0.09124656766653061,0.7262553572654724,1.071668267250061,0.3398829996585846,0.024704165756702423,0.4283080995082855,-0.6668473482131958,2.0110437870025635,-2.3969566822052,-1.1804786920547485,-0.35091298818588257,0
304,3040357,-0.01085915882140398,-0.03206935524940491,-1.0005120038986206,-0.5352654457092285,-1.355749487876892,0.6596810221672058,30.89352035522461,-10.264768600463867,38.93770217895508,0.6098659038543701,0.3895455598831177,-0.9750316739082336,0.5961135029792786,-0.021078744903206825,0.20107921957969666,-0.9002265334129333,-1.2440990209579468,0.04569672793149948,-0.4268764555454254,-0.002692247973755002,-0.7209956049919128,0.7444800734519958,-0.7734200358390808,-0.5462892055511475,0
305,3049926,-0.011012713424861431,-0.07421933859586716,-1.0111881494522095,-0.19671499729156494,-0.9995933771133423,0.2562800943851471,28.0599422454834,-11.512107849121094,40.50734329223633,-0.20203877985477448,-0.20599505305290222,1.3874059915542603,-2.3084564208984375,0.5952328443527222,-0.5980926752090454,0.6472026109695435,1.036582112312317,0.9874948859214783,0.05999400466680527,0.9909788966178894,0.6536979675292969,-1.2275558710098267,0.9999551773071289,0.32919415831565857,0
306,3060118,-0.07337764650583267,0.1089765727519989,-1.0146256685256958,-0.857465922832489,-0.2906937301158905,-0.8540270924568176,30.53080940246582,-9.718923568725586,39.360477447509766,0.24894025921821594,-0.4640028178691864,0.19133557379245758,0.01907951571047306,0.28124985098838806,0.44629818201065063,-2.592376232147217,1.0893994569778442,0.938143253326416,-0.47474798560142517,-0.7617523074150085,-0.21675024926662445,0.39161261916160583,0.4435836672782898,0.8031648397445679,0
307,3069960,0.04995817691087723,-0.027244867756962776,-1.0130499601364136,0.08847899734973907,-0.20388981699943542,-0.4246539771556854,30.007081985473633,-10.422146797180176,40.73024368286133,0.7809062600135803,-0.11284548044204712,0.8116124868392944,-0.0033007049933075905,-1.5649588108062744,-1.0689131021499634,0.2712525427341461,-1.0636459589004517,-0.038655806332826614,0.8007210493087769,0.7199037075042725,0.1623351275920868,0.7732589840888977,-0.2566881775856018,1.3069733381271362,0
308,3079990,0.047086965292692184,-0.03078644722700119,-1.034827470779419,-0.6561459302902222,-0.4778408408164978,0.35881227254867554,28.571088790893555,-10.123817443847656,40.006343841552734,0.6642897129058838,-0.18192355334758759,-0.7164266705513,-1.2014198303222656,-2.083798885345459,-0.5637410879135132,0.19789305329322815,1.3148657083511353,-0.4221286177635193,-3.0653798580169678,-2.418149948120117,0.19019447267055511,0.9786295890808105,0.1467154175043106,-0.4771726429462433,0
309,3090256,-0.03228536993265152,-0.013696233741939068,-0.997217059135437,-0.0658608227968216,0.4622156023979187,0.774127185344696,30.093643188476562,-9.706615447998047,40.127967834472656,0.11848127841949463,0.7376531958580017,-1.6835637092590332,0.8192517757415771,0.4057546854019165,-0.5455975532531738,-0.5170298218727112,1.9914442300796509,0.31967127323150635,1.1314971446990967,-0.5985504388809204,-1.2748359441757202,0.05579559877514839,0.2696717083454132,0.8574554324150085,0
310,3099961,-0.0886286273598671,0.1048203706741333,-0.9728949069976807,0.6166181564331055,-0.5962986946105957,0.04981544613838196,27.920225143432617,-11.289457321166992,39.90216827392578,0.5539964437484741,0.13250473141670227,-0.5774968862533569,0.33350446820259094,-1.7526304721832275,0.033189017325639725,0.6716459393501282,-0.6130009889602661,-0.5923112630844116,-0.3232790529727936,-1.5874769687652588,-0.2627834975719452,-1.2167943716049194,1.8259042501449585,0.016590943560004234,0
311,3110017,0.04257984831929207,-0.06989170610904694,-1.0201588869094849,0.4225606918334961,0.40101951360702515,0.7498213648796082,29.21232795715332,-9.430562973022461,40.64362335205078,0.0020632268860936165,-0.565064549446106,-0.44915470480918884,0.8738998770713806,0.6816028356552124,0.8626524806022644,-1.8616883754730225,-0.9989324808120728,0.41967061161994934,0.3171282708644867,-0.4047645032405853,0.23126082122325897,1.49565589427948,0.3164561092853546,1.0989726781845093,0
312,3120149,-0.019091086462140083,-0.0505477637052536,-0.9943108558654785,-1.1262383460998535,-1.0086123943328857,-0.03187832981348038,29.24073600769043,-11.00288200378418,39.39011001586914,2.121532917022705,0.8124975562095642,-0.2270616739988327,-0.16929715871810913,-0.3749389350414276,-0.04444986209273338,-0.21199478209018707,0.3884730935096741,0.33098453283309937,-0.6162837147712708,0.5718035697937012,2.8054606914520264,-1.0035008192062378,-0.43496596813201904,-1.3136169910430908,0
313,3130201,-0.04013555124402046,0.029310254380106926,-0.9731887578964233,-1.3687348365783691,0.9579987525939941,0.8881955146789551,32.31904602050781,-10.23929214477539,38.74093246459961,1.1969648599624634,1.4230425357818604,0.5415521264076233,-1.7525303363800049,-1.0237131118774414,1.168586254119873,-1.2365366220474243,0.06390193104743958,0.7332989573478699,0.5442221760749817,0.6047259569168091,1.0214813947677612,-0.3726104497909546,-0.6740424633026123,-0.4747190773487091,0
314,3139910,0.040736570954322815,0.06360211223363876,-1.0107218027114868,-0.1175110712647438,-0.02561914548277855,-1.0045174360275269,29.33258056640625,-10.19865894317627,39.474464416503906,0.19698454439640045,-1.851434350013733,0.5397570133209229,-0.6166191101074219,-0.3153368830680847,-1.1511709690093994,-1.369760274887085,0.4353920817375183,-1.440266728401184,-1.1066277027130127,-2.2091002464294434,-0.19448064267635345,1.0254305601119995,-1.7605128288269043,0.35068076848983765,0
315,3150253,0.03635269030928612,-0.09681136906147003,-0.9878705143928528,-0.2142091542482376,-0.11378031224012375,-0.9083169102668762,29.186771392822266,-11.264629364013672,39.33304214477539,1.1195423603057861,-2.4223763942718506,-0.13087041676044464,-0.13338039815425873,-1.8128238916397095,0.016713524237275124,2.911616802215576,0.5539026856422424,-0.6990979313850403,-0.5034626126289368,-0.5040990710258484,-0.9870216250419617,-0.4097121059894562,-2.066617488861084,1.2370566129684448,0
316,3159774,0.03023780696094036,-0.07954234629869461,-1.015946865081787,0.4837483763694763,-0.7857010364532471,-0.3089137673377991,31.09404945373535,-7.393698692321777,40.58711242675781,0.1662166565656662,0.7621026039123535,0.14350120723247528,1.5192854404449463,-1.4073936939239502,-0.47860175371170044,-0.06847186386585236,1.0640603303909302,0.7071840763092041,0.40030306577682495,0.38805466890335083,-1.201432704925537,0.4622397720813751,-1.5006567239761353,-1.8725647926330566,0
317,3170103,0.0042960382997989655,0.01948915421962738,-1.018175721168518,0.08557608723640442,0.43711623549461365,0.9429692625999451,29.7039852142334,-8.669838905334473,41.0560302734375,-1.0579341650009155,0.26077741384506226,0.22349940240383148,-0.9787433743476868,0.03965417295694351,1.319572925567627,0.2690097987651825,0.1646706908941269,0.04744790121912956,0.8534904718399048,-1.5660330057144165,1.7243410348892212,1.9143807888031006,0.23243096470832825,0.9865658283233643,0
318,3179988,0.006100151222199202,0.05515500158071518,-0.9662033319473267,-0.16587015986442566,0.06669032573699951,0.019616181030869484,30.649505615234375,-9.8466157913208,38.754554748535156,-1.0973541736602783,0.9073590040206909,-1.4203590154647827,-1.1811872720718384,0.09267670661211014,-1.0776084661483765,-0.24763023853302002,0.21756666898727417,-0.2999577522277832,-1.4921157360076904,-0.48341354727745056,0.863910436630249,-0.7228002548217773,-0.034397877752780914,-0.8451550602912903,0
319,3190132,-0.002580058528110385,0.009504918940365314,-0.9914565086364746,0.0060136932879686356,-0.1682722121477127,0.23939774930477142,29.595462799072266,-10.731675148010254,40.923152923583984,-0.9386492967605591,0.3872409760951996,1.427494764328003,-2.0997354984283447,-1.6115413904190063,0.8718222975730896,-1.7722933292388916,0.11224889755249023,0.17855717241764069,-0.5169407725334167,-0.14396129548549652,-1.8430182933807373,-1.200584053993225,0.050284188240766525,-2.3835535049438477,0
320,3200110,0.03788825497031212,-0.031718913465738297,-0.9604671001434326,0.29644474387168884,-0.273489385843277,-0.4296872615814209,32.074859619140625,-10.148717880249023,41.364749908447266,-0.4364507794380188,0.2001412957906723,-0.9118272066116333,0.1845526248216629,-3.069148302078247,1.2691503763198853,2.4443204402923584,-1.377795934677124,0.30549678206443787,-0.30874934792518616,1.0082899332046509,-1.1382639408111572,1.2898902893066406,1.0748728513717651,-0.6516256332397461,0
321,3210048,-0.008807120844721794,0.0697670578956604,-1.0119178295135498,-0.4477744698524475,1.145353078842163,-0.03870699182152748,31.391366958618164,-10.410513877868652,41.26896667480469,0.8471341133117676,1.6115412712097168,-0.26067492365837097,1.2823078632354736,-2.1613523960113525,0.04356365278363228,-0.21828855574131012,0.10728949308395386,-0.9560695290565491,-0.636967122554779,-2.324820041656494,0.5731236338615417,-0.5956869125366211,-0.7703204154968262,0.40850162506103516,0
322,3220198,-0.010092046111822128,0.04444511979818344,-1.034652829170227,0.16740500926971436,-0.5487960577011108,-0.24869070947170258,31.489765167236328,-10.410297393798828,40.661251068115234,0.16372087597846985,-1.5067304372787476,-0.2952917218208313,0.2561005651950836,0.6085402965545654,-0.4528596103191376,-1.49909245967865,0.6480111479759216,0.9932839870452881,-0.8024355173110962,0.579360842704773,0.8882977366447449,-1.3983579874038696,-0.7256852984428406,0.5588095784187317,0
323,3229763,-0.09875959903001785,0.057807475328445435,-1.0172233581542969,-1.0498589277267456,-0.1247377023100853,-0.05670446902513504,31.278636932373047,-11.060328483581543,40.47129821777344,0.5135883092880249,0.5639410614967346,0.25601640343666077,1.2090543508529663,1.8042757511138916,-1.2231131792068481,-1.1309654712677002,-1.3374618291854858,-0.03912152722477913,-0.6155521273612976,0.9221997261047363,1.3378503322601318,-0.5906381011009216,0.7085333466529846,1.2161662578582764,0
324,3240168,0.07207056879997253,0.005670876242220402,-1.0185953378677368,-0.06891380250453949,0.01036873646080494,0.31370002031326294,26.775463104248047,-10.717390060424805,39.035404205322266,-1.0294281244277954,-0.14098027348518372,-0.3320590555667877,-3.063453435897827,0.8133386969566345,0.006545176729559898,1.405171275138855,0.19217172265052795,1.1624528169631958,-2.289268732070923,0.05791795626282692,-1.35946524143219,-1.2823874950408936,0.3048250079154968,1.0033968687057495,0
325,3250010,0.07925952970981598,-0.057102058082818985,-1.0197159051895142,0.219394713640213,0.2179461270570755,-0.32889536023139954,31.115665435791016,-9.205934524536133,39.491783142089844,0.9606773257255554,0.5327215790748596,0.3432251811027527,-1.3899706602096558,1.4802669286727905,-0.7959959506988525,0.13950875401496887,-0.3416855037212372,1.0798099040985107,-1.5071706771850586,-2.559473752975464,0.4331551492214203,0.5918273329734802,-0.7537985444068909,1.1966627836227417,0
326,3259930,0.014668046496808529,0.06615255773067474,-1.0221335887908936,-0.001651488826610148,-0.4732303321361542,-0.2612931430339813,28.666851043701172,-10.284863471984863,41.54958724975586,-0.16502852737903595,-0.2887541949748993,0.09483829885721207,0.020061833783984184,-0.4348878562450409,-0.8789944648742676,-1.321698784828186,0.6665505170822144,-0.3572275936603546,-0.8485257625579834,0.7388474345207214,-0.6984955668449402,-0.6717680096626282,0.2819627821445465,0.022392669692635536,0
327,3270085,0.02843032404780388,-0.016756536439061165,-1.0393474102020264,-0.015341020189225674,0.22239673137664795,0.10356776416301727,30.601661682128906,-9.615008354187012,39.86244201660156,0.9396288394927979,0.14990729093551636,1.8421785831451416,1.6292717456817627,0.23290985822677612,1.0680162906646729,-1.4695634841918945,-0.9323978424072266,-0.6583656668663025,-0.40983524918556213,0.013167832046747208,0.238214373588562,-1.3746569156646729,0.9551563262939453,0.6406218409538269,0
328,3279915,0.04281444475054741,-0.005040888208895922,-0.9949577450752258,-0.32408782839775085,0.22384707629680634,0.0812484622001648,30.54141616821289,-9.741531372070312,39.85091781616211,-0.03677475079894066,-0.4413490295410156,0.3012538552284241,-0.9974945783615112,-0.9066189527511597,-1.2597719430923462,-2.0095345973968506,-0.25771641731262207,-0.3885820209980011,-0.5321494340896606,-0.389691561460495,0.05902466922998428,1.4801355600357056,0.8249761462211609,-0.11826825886964798,0
329,3289912,0.03435065969824791,0.014360546134412289,-0.9715896248817444,-0.14937832951545715,0.34785524010658264,0.14595122635364532,29.362905502319336,-10.928743362426758,41.50859832763672,-1.070670485496521,-0.3183934688568115,-0.11730726063251495,-0.0419558584690094,-1.0476404428482056,0.22237852215766907,1.1299368143081665,1.9033067226409912,-0.2651408910751343,2.2925031185150146,-1.3474823236465454,-0.05624799430370331,0.026511723175644875,-1.054321527481079,0.30047228932380676,0
330,3300100,-0.02112760953605175,-0.020008819177746773,-1.0312844514846802,-0.3121659457683563,-0.0037487237714231014,-1.3156417608261108,30.501272201538086,-8.760910987854004,37.900856018066406,-0.3557364344596863,0.16731353104114532,-0.12388443201780319,0.6720631718635559,0.2457342892885208,-1.5439356565475464,1.2585383653640747,0.719936192035675,-0.6825186014175415,-1.2166155576705933,-0.24265924096107483,0.22757552564144135,2.008880615234375,-1.1883610486984253,1.4568697214126587,0
331,3310070,0.004207524470984936,-0.09053853899240494,-0.9918906688690186,-0.4808041751384735,0.33996641635894775,0.5843413472175598,30.723798751831055,-9.82280445098877,40.776580810546875,-1.0532360076904297,-0.7679619193077087,1.3243294954299927,0.9922979474067688,-0.7754678130149841,0.15350568294525146,1.9042953252792358,-0.8113235831260681,0.6973791718482971,-0.5258778929710388,-0.6019970774650574,0.34535083174705505,1.3756335973739624,-1.8669993877410889,0.4413399398326874,0
332,3319839,-0.008313353173434734,0.06556034833192825,-1.0099049806594849,1.0001447200775146,-0.05610072985291481,0.7954755425453186,29.770843505859375,-9.812901496887207,40.29058837890625,-0.0009310084278695285,-1.5358424186706543,-0.8819093108177185,3.0557446479797363,2.1815154552459717,0.8784021735191345,-1.7654707431793213,-1.4228883981704712,-1.5949324369430542,0.3368212580680847,0.7560154795646667,1.960449457168579,1.4318137168884277,-1.4125694036483765,0.29335153102874756,0
333,3329740,0.08492588251829147,-0.06959868222475052,-0.9939858317375183,-0.18435391783714294,0.6495983600616455,-1.3392778635025024,30.611900329589844,-10.861224174499512,41.46370315551758,-0.9772050976753235,0.9321077466011047,0.5743195414543152,-0.060794565826654434,1.2233128547668457,-1.5935946702957153,-0.511580765247345,0.27021268010139465,-1.5325042009353638,1.4261155128479004,-0.5378308296203613,0.07069185376167297,-0.7187907099723816,2.3329315185546875,-1.2030693292617798,0
334,3340092,0.026006266474723816,0.01822609268128872,-1.0137699842453003,0.10706403106451035,0.06951475143432617,0.7164822220802307,29.82413101196289,-9.7716703414917,39.531105041503906,-2.7884726524353027,0.9920451641082764,0.582188606262207,-0.770692765712738,-0.12616927921772003,-0.10321446508169174,1.1752922534942627,2.1728081703186035,-1.20391845703125,2.2532782554626465,1.7657326459884644,0.5507054924964905,0.20681537687778473,-0.679038405418396,-1.996091365814209,0
335,3349907,-0.03747916594147682,0.07986773550510406,-1.0125706195831299,-0.6771109104156494,-0.9127866625785828,0.4875129759311676,28.788984298706055,-9.956226348876953,40.186092376708984,-0.8229461908340454,2.1345436573028564,0.35016199946403503,0.9982350468635559,0.258100301027298,1.7796717882156372,-0.3457004129886627,0.7921473383903503,0.03239677846431732,-1.7378937005996704,2.132828950881958,0.3328065276145935,2.099151849746704,0.029546748846769333,0.2935807704925537,0
336,3360138,0.047346413135528564,0.08571877330541611,-0.9931524395942688,-0.25005167722702026,0.7490883469581604,-0.4170413911342621,30.124967575073242,-9.951115608215332,38.71115493774414,-0.050188206136226654,0.7629414200782776,1.4091633558273315,1.057045578956604,0.4876430928707123,-1.0220263004302979,1.3219202756881714,-0.9544482231140137,-0.2512880265712738,1.136583685874939,0.5325197577476501,-0.2807685434818268,-0.5805926322937012,1.119052529335022,0.09375208616256714,0
337,3370161,-0.07255519181489944,0.007956184446811676,-1.0003941059112549,-0.10249736160039902,-0.2982885241508484,0.866854190826416,31.03573226928711,-10.411883354187012,38.56447219848633,1.9454902410507202,2.4504480361938477,0.12415442615747452,0.5604915618896484,0.48896780610084534,0.036006003618240356,0.5470660328865051,0.6382436156272888,0.26971691846847534,0.22251158952713013,1.6174399852752686,-0.7631413340568542,-0.40212494134902954,0.12164372205734253,0.4750017821788788,0
338,3380132,-0.03215644508600235,0.02739682048559189,-1.0006507635116577,-0.11639978736639023,1.0583440065383911,0.7720258831977844,31.885976791381836,-10.426487922668457,39.01957702636719,1.2285453081130981,-0.10186589509248734,1.06960928440094,-1.0331088304519653,-1.2471485137939453,-1.2089226245880127,0.3595421314239502,0.15006740391254425,-0.871604859828949,0.35992833971977234,0.08463047444820404,1.1351178884506226,0.26971635222435,0.304445743560791,-0.15886718034744263,0
339,3389772,-0.03873387351632118,0.011333819478750229,-1.010603666305542,0.34479376673698425,0.39112377166748047,-1.1441830396652222,29.82156753540039,-10.709574699401855,40.62089538574219,-2.023019552230835,-0.08179646730422974,0.10418660938739777,0.14889785647392273,0.5329349040985107,0.39786297082901,1.546488881111145,0.07444337010383606,-1.1556553840637207,0.9537521600723267,-0.16242140531539917,-1.2936699390411377,-1.509992003440857,0.5377706289291382,-0.8235843181610107,0
340,3399923,0.01772235706448555,-0.008837287314236164,-0.9796216487884521,-0.09905959665775299,-0.5920924544334412,0.22645580768585205,29.794818878173828,-9.672924995422363,40.25456619262695,-1.2345610857009888,-1.0050829648971558,0.5939525365829468,0.5686156749725342,1.1008870601654053,1.4236478805541992,-0.02842044271528721,-1.340955138206482,1.0925828218460083,-0.07803595066070557,0.826758623123169,0.34543997049331665,-1.9481347799301147,-0.5673077702522278,0.6010897159576416,0
341,3409761,0.006123071536421776,0.028060059994459152,-0.9810406565666199,-0.33326151967048645,0.742897093296051,0.13629375398159027,29.230796813964844,-9.860262870788574,37.99237823486328,0.49677467346191406,-0.6089465618133545,-1.1077426671981812,2.8181166648864746,0.36135590076446533,0.7427623271942139,0.053884297609329224,-0.7321381568908691,0.8318735957145691,0.05994449555873871,-0.20567631721496582,-0.4636819064617157,0.49220529198646545,0.4637840986251831,0.909570574760437,0
342,3419825,-0.010752635076642036,0.02007739059627056,-0.9907819628715515,-0.1719495952129364,-0.43477967381477356,0.34033530950546265,29.529375076293945,-9.733017921447754,39.40140151977539,0.8315762281417847,0.6554380059242249,0.3266405761241913,1.2660316228866577,0.27560022473335266,0.14097870886325836,0.6672971844673157,2.297600746154785,0.5770962834358215,2.258594036102295,0.4958345293998718,0.9767286777496338,-0.5454123020172119,-0.5008834004402161,0.7710975408554077,0
343,3430144,0.027697086334228516,-0.05069342628121376,-1.0278452634811401,0.31419166922569275,-0.5435813665390015,0.09415271878242493,30.43364906311035,-12.72826099395752,40.50286865234375,2.309380531311035,-1.6851826906204224,-0.30883437395095825,0.10660222172737122,1.4181034564971924,1.1127619743347168,1.0958118438720703,-1.5835036039352417,0.4563456177711487,2.2613818645477295,1.48612642288208,-1.2174482345581055,-0.943063497543335,0.5942763090133667,0.2738438546657562,0
344,3440040,0.04096455127000809,0.01146759558469057,-0.9931035041809082,-0.11202233284711838,0.7211631536483765,-0.45226651430130005,30.321395874023438,-10.36469554901123,40.53628921508789,0.9834200739860535,0.5161433815956116,1.4291082620620728,0.5662994980812073,0.21815718710422516,1.3610371351242065,0.26018109917640686,-1.1254138946533203,0.3482229709625244,1.3552857637405396,1.3591136932373047,1.082030177116394,0.15332169830799103,-2.871072292327881,0.7472279667854309,0
345,3449925,0.01373476441949606,0.008362267166376114,-1.0097070932388306,-0.10328706353902817,-0.5786429643630981,0.27760085463523865,29.652236938476562,-11.268550872802734,41.8265266418457,-0.12546980381011963,-0.18643222749233246,0.5136052966117859,0.47001808881759644,-0.3427698016166687,-0.7750253081321716,-0.12671665847301483,-1.431621789932251,-1.6757818460464478,-0.06375176459550858,0.3225868046283722,-0.007036781869828701,0.7290621995925903,0.1396748125553131,-0.31385859847068787,0
346,3459724,0.014701343141496181,-0.003687036456540227,-1.001051664352417,-0.22978273034095764,-0.4159427881240845,-0.2135625183582306,31.55093002319336,-10.468955993652344,39.11107635498047,-0.7548525929450989,-0.2570674419403076,1.0970197916030884,-1.0187218189239502,1.530230164527893,0.40246105194091797,-0.29881197214126587,1.21609365940094,0.8051334619522095,-2.1298813819885254,1.3067214488983154,-0.9669174551963806,-1.6233757734298706,0.9200813174247742,0.11198799312114716,0
347,3469954,-0.01037194300442934,-0.08322425931692123,-0.9840848445892334,0.3712767958641052,-0.2949984669685364,-0.48900097608566284,29.451692581176758,-10.627283096313477,38.91390609741211,1.4683177471160889,0.7011300325393677,-1.2182077169418335,-0.037078432738780975,0.5095109939575195,0.7340806126594543,-0.33388176560401917,-0.29078224301338196,1.4949228763580322,-0.635501503944397,1.374815583229065,0.2673466205596924,0.25578567385673523,-1.6698176860809326,1.626336693763733,0
348,3480111,-0.06671952456235886,-0.021446533501148224,-1.0243949890136719,0.49042201042175293,1.1395007371902466,-0.5200855135917664,30.823305130004883,-9.213470458984375,40.56922149658203,0.3027646839618683,1.492546558380127,-0.47724902629852295,1.3006078004837036,-0.3408728539943695,-0.22163742780685425,1.2566872835159302,-0.44972240924835205,0.09784984588623047,-0.5893797874450684,0.4450576901435852,-1.387115478515625,0.2674558758735657,-0.5697987675666809,1.2067502737045288,0
349,3490119,0.034623924642801285,0.018130449578166008,-0.9942015409469604,0.3592132031917572,0.27037253975868225,0.48044925928115845,30.564504623413086,-8.764994621276855,39.30257797241211,-0.8308938145637512,-0.9452332258224487,-0.5789444446563721,0.41164419054985046,0.2685132622718811,0.614872932434082,-2.4010543823242188,0.7938420176506042,0.9036998152732849,-0.2606261670589447,-2.0803616046905518,-1.7782862186431885,0.5115949511528015,-0.44147026538848877,-0.9568024277687073,0
350,3499874,0.004577474668622017,0.058141227811574936,-0.9930822253227234,-0.04596208408474922,-0.47811877727508545,0.3825444281101227,30.068307876586914,-11.967718124389648,40.630714416503906,-0.9249347448348999,2.140935182571411,1.0304375886917114,-0.1481623351573944,0.4136112332344055,0.3631601929664612,0.9368830323219299,-0.18489573895931244,0.3366641700267792,-1.659139633178711,0.03843800351023674,-0.7752571702003479,0.7833709716796875,1.0907485485076904,0.14489144086837769,0
351,3510165,0.024589145556092262,-0.032046347856521606,-1.002529501914978,0.1487581878900528,0.5091130137443542,-0.8893285393714905,29.28653907775879,-11.259140968322754,39.233280181884766,-0.07423820346593857,-1.1588865518569946,-0.07109659910202026,-0.735626757144928,0.998229444026947,-0.9498910903930664,-0.17814992368221283,0.1673526167869568,-0.8776534795761108,0.3304999768733978,0.44910067319869995,0.4948384165763855,0.2977672219276428,0.09592855721712112,0.6451260447502136,0
352,3519801,0.03655487671494484,-0.16351158916950226,-1.0031723976135254,-0.1552792489528656,0.36875492334365845,-0.14718961715698242,31.28571891784668,-11.47589111328125,39.562034606933594,0.5936222076416016,1.067816138267517,-1.0148183107376099,-0.1164880022406578,-0.4570254385471344,-1.2501122951507568,0.18137016892433167,-0.5383557677268982,-0.20697848498821259,0.09178908914327621,-1.05074143409729,0.8260366320610046,0.6049677133560181,0.46790993213653564,0.6313127279281616,0
353,3529964,-0.03180210664868355,0.005280963145196438,-1.0113102197647095,-1.4091750383377075,0.08083180338144302,-0.396914541721344,28.464834213256836,-10.282866477966309,40.02491760253906,1.394742488861084,0.2786831259727478,-0.21648064255714417,0.8397700786590576,0.1768355667591095,0.513217031955719,0.8643815517425537,0.4039066731929779,0.1255640834569931,-0.1263774186372757,-0.1969408094882965,-0.15983223915100098,-0.5280870795249939,2.3029592037200928,0.40356603264808655,0
354,3540120,-0.01019167061895132,0.032002318650484085,-1.022712230682373,0.04822029545903206,-0.34424808621406555,0.7432298064231873,29.249637603759766,-12.799970626831055,38.65827560424805,0.6239889860153198,-2.1002628803253174,-0.5183964967727661,0.17277784645557404,0.058767616748809814,-0.557004451751709,1.1732081174850464,0.18003885447978973,-1.407915472984314,-2.1679060459136963,0.10652300715446472,-0.08716197311878204,-1.3158917427062988,1.1952025890350342,0.38190680742263794,0
355,3549955,-0.009910517372190952,0.04176675155758858,-1.0052990913391113,0.43803155422210693,-0.259095162153244,-0.27806195616722107,31.30217170715332,-10.364365577697754,39.28726577758789,-0.8405519723892212,1.0867152214050293,-1.2500470876693726,0.3748713731765747,1.039659857749939,0.21529614925384521,-0.9117032885551453,0.056332189589738846,-0.7909724116325378,0.9836928844451904,-1.4697608947753906,0.5379995107650757,0.1440119743347168,-1.349467396736145,0.40583568811416626,0
356,3559859,-0.029230564832687378,0.022210193797945976,-1.031689167022705,0.2445947527885437,-0.8543739914894104,0.5306586623191833,30.813657760620117,-10.73434829711914,39.8987922668457,-0.7784966826438904,1.067650318145752,0.5960971713066101,-0.06511758267879486,-0.45742374658584595,-1.8317532539367676,1.4045178890228271,-0.9047281742095947,0.4123058319091797,0.059857938438653946,-0.8017567992210388,-1.1080803871154785,0.8172317743301392,0.02564730867743492,-0.23215366899967194,0
357,3570297,0.022498827427625656,0.03230249136686325,-1.0133699178695679,0.4189583957195282,0.08501225709915161,0.3169890344142914,28.428348541259766,-9.86214542388916,40.55485916137695,-0.6234031319618225,0.8114914894104004,-1.0220286846160889,-1.2814910411834717,1.7241015434265137,1.2675483226776123,0.5708742141723633,-1.1996625661849976,1.1376205682754517,0.37732917070388794,-0.7216160893440247,-3.265920400619507,0.1831953525543213,-0.8880132436752319,-0.7752969861030579,0
358,3579745,-0.02086605690419674,-0.04799855500459671,-0.9961043000221252,0.4316822290420532,-0.05181615427136421,-0.9471902847290039,30.9177303314209,-11.590065956115723,39.66822052001953,-1.663093090057373,-0.820625901222229,1.7441611289978027,-0.3548017740249634,-0.42067524790763855,-0.1431630253791809,-0.6863510012626648,1.5032479763031006,1.33970046043396,-0.048354823142290115,0.35248082876205444,-0.20988450944423676,-0.057088349014520645,0.34771987795829773,0.06626082956790924,0
359,3589906,-0.014461050741374493,-0.04627802222967148,-1.013957142829895,0.5479665994644165,-0.504161536693573,0.6715179085731506,29.202810287475586,-10.500789642333984,39.92588806152344,0.41980117559432983,1.5298840999603271,0.8899180293083191,1.0390712022781372,-0.2947675883769989,-0.6285535097122192,1.479971170425415,1.0122809410095215,-0.49836069345474243,-0.208471417427063,-0.8585601449012756,-3.1459622383117676,-0.9259958863258362,-1.0664212703704834,-0.0036061289720237255,0
360,3599999,-0.0043021938763558865,0.03276485204696655,-0.9402586221694946,-0.07842455804347992,0.7836454510688782,0.34149858355522156,30.507356643676758,-8.156133651733398,40.66458511352539,1.089897871017456,0.3313184976577759,-0.917206346988678,1.092311143875122,0.47755497694015503,1.2834651470184326,2.7733967304229736,0.3272637128829956,1.0669457912445068,-1.6043267250061035,-0.728362500667572,1.3665969371795654,0.47280701994895935,-1.1481069326400757,0.8258814811706543,0
361,3610079,-0.08499325811862946,-0.017345992848277092,-0.9786033034324646,0.13560038805007935,0.5166728496551514,-0.05718370899558067,28.643701553344727,-9.652828216552734,39.20391845703125,1.583492398262024,0.08392233401536942,0.2851976454257965,-0.02824164740741253,-0.009648253209888935,-1.1881628036499023,-0.23139850795269012,-1.8288110494613647,0.46505007147789,0.8348643183708191,-0.5537331104278564,-0.4151401221752167,-0.004740250762552023,0.44661858677864075,-0.4188813269138336,0
362,3620087,-0.0944601520895958,0.038426950573921204,-0.9599078297615051,0.27865704894065857,0.007875894196331501,0.33957579731941223,27.943857192993164,-11.445812225341797,39.657867431640625,-0.5798665285110474,-0.035022493451833725,0.764406144618988,-0.5856329202651978,-2.0872275829315186,-0.22981779277324677,1.7001115083694458,-0.7661219835281372,1.7388348579406738,1.083168864250183,-1.5423645973205566,1.0482407808303833,-1.4383386373519897,0.5096018314361572,-0.2622620761394501,0
363,3629991,-0.09849514067173004,0.08005702495574951,-0.9921669363975525,-0.13025611639022827,0.09013387560844421,0.16649851202964783,29.738216400146484,-10.519352912902832,39.547401428222656,-0.014288697391748428,-0.4988025724887848,-0.08559690415859222,-1.1796578168869019,0.7705094218254089,2.174208402633667,0.6520239114761353,-0.3612196743488312,1.4297518730163574,1.6393314599990845,-0.8164206147193909,0.17915435135364532,-0.405966192483902,0.42886388301849365,-1.3386472463607788,0
364,3640120,0.023197844624519348,-0.00547550106421113,-0.9768702983856201,-0.12207269668579102,0.36613795161247253,0.17227832973003387,27.81596565246582,-11.769976615905762,40.75400161743164,-1.6645023822784424,-0.010155273601412773,0.10250324755907059,-0.0727563351392746,-1.7868130207061768,-0.6222732067108154,-0.22636227309703827,-1.536458969116211,0.3375367224216461,-0.7430342435836792,-2.026486873626709,0.5221607685089111,-0.16506999731063843,0.9653645157814026,0.9377170205116272,0
365,3649826,0.12848509848117828,-0.02188057266175747,-1.0412507057189941,1.6431940793991089,-0.4988503158092499,-0.07652648538351059,28.407682418823242,-10.92977237701416,40.37374496459961,-1.0371499061584473,0.6534625887870789,-1.3732823133468628,2.640195608139038,0.013318780809640884,0.39641129970550537,1.6162759065628052,0.7086286544799805,0.05659695342183113,-0.639087975025177,-0.609795868396759,-0.6775954961776733,1.1944149732589722,-0.4894202649593353,-1.5230495929718018,0
366,3660095,-0.02887430228292942,-0.012022183276712894,-0.991762638092041,-0.4365346133708954,0.3173636794090271,0.1195315569639206,30.597978591918945,-9.967719078063965,42.01080322265625,0.34070485830307007,-0.8397664427757263,0.7757752537727356,-0.050735265016555786,0.936008870601654,0.9662224650382996,-0.19694410264492035,1.5382815599441528,-2.114750385284424,0.3950445055961609,0.5736968517303467,0.3390863835811615,0.6051812171936035,0.788503885269165,-1.8689298629760742,0
367,3670204,-0.0559581033885479,0.0071363188326358795,-0.9818809628486633,0.001230876543559134,-0.26763877272605896,-0.1583341360092163,30.62516975402832,-8.690508842468262,41.3406867980957,0.8840586543083191,-0.6151484251022339,1.0283751487731934,0.5540765523910522,1.1149694919586182,2.5952036380767822,0.18761540949344635,0.49693670868873596,0.10387735813856125,-1.0263839960098267,0.29320985078811646,-0.6297517418861389,-0.7329567670822144,-1.132023572921753,0.19328966736793518,0
368,3679964,-0.03381502628326416,0.05361047387123108,-1.0357519388198853,-0.5190298557281494,0.0363507978618145,-0.34971827268600464,30.053659439086914,-9.73272705078125,39.16066360473633,0.030214298516511917,0.5916886925697327,-0.11989953368902206,-0.8785700798034668,-0.4834684431552887,0.6956708431243896,-0.6335796117782593,1.03865385055542,-0.023240789771080017,0.9776591062545776,0.18916694819927216,-1.0476632118225098,0.05821164324879646,0.9330047965049744,-1.2208179235458374,0
369,3689925,-0.06766565889120102,-0.09976188838481903,-0.9764803051948547,0.18974049389362335,0.1996440589427948,-0.08106107264757156,31.730222702026367,-10.431236267089844,39.803123474121094,-1.2243908643722534,0.24515482783317566,-0.2367362380027771,0.6252191662788391,0.6249037384986877,-0.7000113129615784,-0.43973129987716675,-1.1350033283233643,-0.3459247648715973,-0.6270625591278076,-0.09122420847415924,0.2981185019016266,1.6796839237213135,-0.885558545589447,0.1557563990354538,0
370,3700057,0.03451833128929138,-0.016995757818222046,-0.9894691109657288,-0.6071217656135559,-0.5075929164886475,0.6245520114898682,31.980649948120117,-10.80546760559082,40.87019348144531,-0.5404554605484009,0.06863149255514145,-0.054283834993839264,0.8235965967178345,-0.09239489585161209,-0.34697458148002625,-0.4908383786678314,-0.5558611750602722,0.17787209153175354,-0.6711239814758301,1.2280381917953491,0.55098956823349,0.19957946240901947,0.04029311612248421,0.5364915728569031,0
371,3709590,0.02951163984835148,-0.11726197600364685,-0.9969110488891602,-0.4214647710323334,0.2516087293624878,0.6608368158340454,29.47734832763672,-9.135549545288086,40.918521881103516,-1.005939245223999,-2.745316505432129,0.4047626554965973,0.3790513873100281,-1.1857041120529175,0.8042179346084595,-0.1025586873292923,-0.7908350825309753,1.0295590162277222,-1.1973931789398193,-0.7063062191009521,-0.8962804675102234,1.1236426830291748,0.044852372258901596,-0.1767730712890625,0
372,3719769,0.04373212531208992,-0.0008619280415587127,-1.0166103839874268,-0.01327923871576786,-0.5086410641670227,-0.17619217932224274,30.4105167388916,-10.098837852478027,39.9155387878418,0.038139719516038895,-0.3432546555995941,0.981160581111908,-0.04597243666648865,0.03953702002763748,-0.5021877884864807,1.2359051704406738,-0.9426418542861938,1.1412633657455444,0.8823202252388,1.132846713066101,0.1301078349351883,-0.6368733048439026,-0.6117101907730103,0.12926113605499268,0
373,3729892,0.027959782630205154,0.0147477388381958,-1.0040578842163086,0.1014489084482193,-0.6639231443405151,0.4789556860923767,29.635108947753906,-9.80005168914795,41.09907913208008,0.05474716052412987,-1.3452343940734863,1.9743469953536987,-1.0483628511428833,0.22760027647018433,0.8393499851226807,2.288146734237671,0.9241358041763306,-1.434638500213623,-0.38837066292762756,-0.07148798555135727,0.7216282486915588,-0.6403261423110962,0.6150731444358826,0.14550961554050446,0
374,3740269,0.03309597074985504,-0.07312197238206863,-0.9639315009117126,-0.35561150312423706,1.032759666442871,0.40210244059562683,29.549463272094727,-12.007819175720215,39.70480728149414,-1.0607844591140747,1.539259910583496,0.6135571002960205,-2.2339282035827637,0.9854486584663391,-1.5457433462142944,-0.6985990405082703,0.5743815898895264,-1.0184199810028076,-0.9996601343154907,-0.07318519800901413,-0.24889105558395386,0.5806984901428223,-0.313547283411026,0.6687586903572083,0
375,3749907,-0.042342670261859894,-0.08129368722438812,-1.0035709142684937,0.45537877082824707,-0.015397503972053528,0.5820590257644653,31.532489776611328,-9.887386322021484,39.14061737060547,-0.10818111151456833,-0.10176043957471848,1.34638512134552,-0.948697030544281,-0.05387827381491661,-0.2847089469432831,-0.6952078938484192,-0.20051750540733337,-0.5694627165794373,-0.1416299194097519,1.8651777505874634,-1.42335844039917,-1.3076316118240356,-0.08294305205345154,-1.769242525100708,0
376,3760069,0.009485891088843346,-0.055843252688646317,-1.0205491781234741,-0.14807839691638947,-0.5232956409454346,-0.12093695998191833,28.98503303527832,-11.045010566711426,38.862178802490234,-0.4875914752483368,0.728301465511322,-1.1304852962493896,1.153179407119751,-0.7155080437660217,-0.8739302754402161,-0.44764548540115356,0.3810526728630066,0.4222075939178467,-1.431042194366455,3.022495985031128,0.40820902585983276,-1.9836704730987549,-1.4110684394836426,0.18413980305194855,0
377,3770253,0.007999274879693985,-0.007762122433632612,-0.9879916906356812,-0.28997939825057983,1.04912531375885,0.4919266700744629,29.041091918945312,-10.124744415283203,38.83188247680664,0.41481679677963257,1.2276760339736938,-0.5321325659751892,1.3668475151062012,-0.8079739809036255,1.0196902751922607,-0.12287812680006027,-0.27848461270332336,-1.3637487888336182,-0.3084730803966522,1.1270424127578735,0.49157261848449707,0.17206786572933197,0.09956078976392746,-1.1567870378494263,0
378,3779979,-0.08500807732343674,0.10803156346082687,-1.033011555671692,-0.08548029512166977,-0.5488794445991516,-0.3562031686306,28.257450103759766,-10.624922752380371,40.43228530883789,-0.7964109778404236,0.3161316215991974,-1.3833067417144775,1.3300354480743408,-0.4435236155986786,0.5859993696212769,-0.6986748576164246,-0.9542549848556519,0.6711046695709229,-0.05585299804806709,-0.7495781183242798,0.3543933928012848,1.6946626901626587,-1.5489720106124878,-0.634850800037384,0
379,3790065,0.021596375852823257,0.07784397155046463,-0.9867907166481018,-0.25054022669792175,-0.014625473879277706,-0.6309652328491211,31.316308975219727,-9.925460815429688,39.40364456176758,-1.4334734678268433,-0.03225443512201309,0.19447536766529083,-0.7583324909210205,-0.656031608581543,0.38330185413360596,-0.49084511399269104,-0.7176197171211243,-0.9467993378639221,0.4966815412044525,0.004424836486577988,-1.1882671117782593,0.504387378692627,0.9417601823806763,-1.9159871339797974,0
380,3799685,0.03055414743721485,-0.07383715361356735,-1.0011199712753296,0.473861426115036,0.1923227459192276,-0.4591163992881775,30.898225784301758,-9.949058532714844,41.157135009765625,0.7741674780845642,-0.41615650057792664,-0.015163088217377663,0.9614447951316833,-0.8103967308998108,2.352296829223633,0.12201733142137527,-0.7063236832618713,0.5389595627784729,1.4723093509674072,-0.5881885290145874,0.9057921767234802,-1.239176869392395,1.7702031135559082,0.36650630831718445,0
381,3810201,0.007958558388054371,-0.03263560310006142,-1.0009053945541382,-0.27370354533195496,0.5107539296150208,-0.3592894375324249,29.275758743286133,-9.280797958374023,41.8023681640625,-2.5403358936309814,0.978971004486084,1.916589617729187,0.21251052618026733,0.5525251030921936,0.7127766013145447,-0.4797825217247009,-0.4651241898536682,0.09272995591163635,0.3901474177837372,-0.7035514712333679,-0.8765066266059875,0.47711381316185,-1.573301911354065,1.107109785079956,0
382,3820078,-0.04915821552276611,0.007324910257011652,-1.0033308267593384,0.017385786399245262,0.5917388796806335,0.48379752039909363,28.518579483032227,-9.596413612365723,38.6955680847168,-0.8093140125274658,0.7483962774276733,1.8327032327651978,0.8845300078392029,0.25464481115341187,0.4437253177165985,0.7731395363807678,0.2480933666229248,-0.6840530633926392,-0.8009338974952698,-0.9169468879699707,0.9253262281417847,1.1534056663513184,-0.3514731824398041,-0.0526093989610672,0
383,3830547,-0.05192548409104347,-0.0868770107626915,-0.9754992723464966,-0.1069476306438446,-0.5721140503883362,0.8282672762870789,30.756359100341797,-11.505326271057129,39.491722106933594,0.5723155736923218,-0.8515828847885132,0.9297482371330261,1.0113035440444946,-1.3552908897399902,1.331978440284729,-0.9124262928962708,1.325987696647644,0.4633251130580902,0.26643088459968567,0.23385688662528992,-0.6465111970901489,-1.3315813541412354,0.3830771744251251,-0.192478746175766,0
384,3839973,-0.04249521344900131,-0.03614950552582741,-1.028616189956665,0.6633777022361755,-0.2293756604194641,-0.5802316665649414,30.676729202270508,-9.949660301208496,40.51598358154297,-0.0005433317273855209,-0.4142517149448395,-1.0245349407196045,-1.244213342666626,-0.2563484013080597,0.3655390739440918,0.4719063639640808,-0.35424819588661194,-0.288323312997818,-0.18036073446273804,-2.0545308589935303,-0.9972522854804993,-1.0016655921936035,0.9693976640701294,-1.5339499711990356,0
385,3850074,-0.049394313246011734,-0.08702857792377472,-1.0192495584487915,-0.9620095491409302,0.1843549609184265,-0.42199835181236267,28.73615837097168,-10.70584487915039,39.94058609008789,0.22725781798362732,-0.2932119071483612,-1.9944528341293335,-0.06297381222248077,-1.6892181634902954,-0.6086546182632446,0.35244932770729065,0.8665075898170471,-1.5472935438156128,0.0720469206571579,0.21505890786647797,1.6938754320144653,0.49799033999443054,-0.708289623260498,1.4736154079437256,0
386,3860265,0.0079756835475564,0.03302070125937462,-1.0003122091293335,0.32690832018852234,0.06949248164892197,-0.02964506857097149,29.385419845581055,-10.300799369812012,39.722171783447266,0.23878131806850433,0.3739878237247467,-0.40779736638069153,0.14197391271591187,-0.6358840465545654,-0.35353922843933105,-1.5283480882644653,-0.8974732160568237,-0.31061962246894836,-0.4226198196411133,1.1677534580230713,-1.226961612701416,-0.13916714489459991,-1.441382646560669,0.3637443482875824,0
387,3870121,0.016461098566651344,-0.04656028002500534,-1.0219390392303467,-0.3318399488925934,-0.2113165408372879,0.3890232443809509,28.905662536621094,-10.645795822143555,37.21733856201172,-1.2572613954544067,-0.456364244222641,2.5511419773101807,0.6254356503486633,0.7583124041557312,0.277006596326828,-0.5297212600708008,-1.8185760974884033,2.4024791717529297,-0.9669213891029358,-2.2361159324645996,-0.288277804851532,-0.41468295454978943,-0.7082577347755432,0.7187735438346863,0
388,3879995,0.0866914764046669,-0.09946411103010178,-0.9938982129096985,-0.12047992646694183,0.28099900484085083,0.12185972183942795,31.840696334838867,-10.516406059265137,38.750492095947266,1.2364877462387085,0.3783164322376251,-0.9577721953392029,1.9479485750198364,1.2769322395324707,-0.3467598259449005,0.9183814525604248,1.2517977952957153,0.0013424094067886472,-0.7491652965545654,0.2916068732738495,-0.7223684191703796,-0.22388456761837006,-0.12489978224039078,0.7835975885391235,0
389,3890053,-0.026380330324172974,-0.06696069240570068,-1.0197148323059082,0.30239301919937134,0.21188344061374664,-0.4707895815372467,30.566707611083984,-8.923609733581543,40.318946838378906,-0.143036887049675,-0.7335084080696106,1.9044620990753174,0.026505356654524803,3.7774860858917236,0.3853207528591156,-0.27290064096450806,-0.040222324430942535,-0.25866371393203735,-0.3527083992958069,-0.1812504231929779,-1.1526949405670166,0.0753849670290947,0.48862341046333313,1.077681064605713,0
390,3899759,0.04454026743769646,0.07374090701341629,-0.9839144349098206,0.7472276091575623,-0.09737030416727066,0.030704056844115257,29.372722625732422,-11.570250511169434,39.745033264160156,-1.367665410041809,0.7270177602767944,0.8681159615516663,1.0421574115753174,-1.086720585823059,-1.1024091243743896,-0.43062952160835266,-0.9632329940795898,-0.10852901637554169,-0.06666072458028793,-0.5994566082954407,1.1510930061340332,0.7271139025688171,1.0377042293548584,1.1384146213531494,0
391,3909974,-0.01837937906384468,-0.042035169899463654,-1.004827618598938,-0.9882307052612305,-0.48811328411102295,0.47486624121665955,31.56555938720703,-10.231379508972168,39.80863952636719,0.4568077325820923,-0.931345522403717,-0.9723519682884216,-3.204221725463867,-1.353261113166809,-1.3709609508514404,0.12961676716804504,-0.19719110429286957,-0.08402088284492493,0.22577577829360962,0.4702288806438446,0.8239223957061768,-0.5934556126594543,-0.24464081227779388,-0.5057668089866638,0
392,3919974,-0.00429346552118659,-0.049393296241760254,-0.9929084181785583,-0.26054731011390686,0.17855319380760193,0.19503840804100037,31.657861709594727,-9.443472862243652,39.502017974853516,-0.20387254655361176,1.1455720663070679,0.8599167466163635,-0.3433026671409607,-0.534907877445221,-1.735849142074585,0.2206881195306778,0.7327780723571777,1.1661018133163452,-0.19389575719833374,2.1188104152679443,-1.869823694229126,-0.8635057210922241,-0.47490862011909485,-0.7712957262992859,0
393,3929862,-0.034431397914886475,-0.006754744797945023,-0.9846546649932861,-0.5054994225502014,0.3568742871284485,-0.06213486194610596,29.761592864990234,-11.53753662109375,40.88267135620117,-1.0964173078536987,-1.4576767683029175,-0.20965398848056793,-0.09428942203521729,0.7208327651023865,-2.0432894229888916,-1.5493532419204712,-0.7606229782104492,-0.619722306728363,1.271826982498169,2.2577462196350098,1.7151007652282715,0.4544914960861206,-0.8651056289672852,-0.3165343999862671,0
394,3939745,-0.09307382255792618,-0.12368543446063995,-0.9805034399032593,0.7213231921195984,-0.12604030966758728,-0.2683755159378052,29.492006301879883,-10.248258590698242,39.466758728027344,-0.13697549700737,0.5920142531394958,0.7396194338798523,-0.35469651222229004,-0.19426870346069336,-0.009692198596894741,-0.27574366331100464,0.23732471466064453,-0.3933211863040924,0.512611985206604,-0.5527445673942566,0.5320504903793335,0.8792649507522583,1.0015676021575928,0.5863070487976074,0
395,3949857,-0.09918113052845001,-0.039813172072172165,-1.0152424573898315,0.29951509833335876,-0.19839702546596527,0.5871933698654175,29.933635711669922,-10.715006828308105,42.092952728271484,-0.46784690022468567,-0.06497969478368759,-2.223248243331909,1.4312313795089722,0.32671287655830383,0.5579589605331421,0.096568763256073,0.538952112197876,-0.40484362840652466,0.6559199094772339,1.1602081060409546,0.14909051358699799,0.36782804131507874,0.7050731778144836,0.8742269277572632,0
396,3959895,0.02189556509256363,0.01899825967848301,-1.0253469944000244,0.5160302519798279,0.46153122186660767,0.3425345718860626,30.33637809753418,-9.478715896606445,38.42106246948242,0.8082793951034546,0.042331378906965256,0.13396696746349335,1.2770681381225586,1.3704055547714233,0.31667619943618774,2.0722222328186035,0.2725408673286438,-2.585622787475586,-0.4629238545894623,0.8610755801200867,0.4951542615890503,-0.204290509223938,0.8676687479019165,1.2253105640411377,0
397,3969719,0.05236826464533806,-0.01604343019425869,-1.0166246891021729,-0.10224360227584839,0.9562791585922241,-0.3332913815975189,29.327274322509766,-7.0915608406066895,40.082603454589844,-0.48938870429992676,-0.2952072322368622,1.3935219049453735,0.08466364443302155,0.8059164881706238,0.9012939929962158,1.6204402446746826,-0.3348519206047058,-1.0937256813049316,0.37126076221466064,-0.016654305160045624,-0.9696497321128845,-0.47169193625450134,1.830383062362671,1.566547155380249,0
398,3980161,0.07906173914670944,0.007295851595699787,-1.0508675575256348,0.4717889130115509,-0.7007144093513489,0.10053010284900665,29.161352157592773,-8.444746971130371,41.24110794067383,-0.039359137415885925,0.317907452583313,-0.03130292147397995,-2.2897276878356934,1.2242931127548218,0.7881222367286682,-0.4295502007007599,-0.738156795501709,-1.0530179738998413,-0.028022335842251778,-0.7372977137565613,-0.10753323137760162,0.49779167771339417,0.06635643541812897,-1.1665269136428833,0
399,3989878,0.01272006705403328,0.04470594972372055,-0.9970771074295044,0.46108418703079224,-0.32493555545806885,0.3143037259578705,30.941722869873047,-10.159222602844238,39.76349639892578,-0.11044762283563614,0.3316851556301117,-0.2418651282787323,-1.803483247756958,-0.8050163984298706,-0.09723211824893951,-0.11952008306980133,0.19414696097373962,-0.1595897227525711,-3.470633029937744,-0.4556500017642975,1.0290509462356567,-0.4247322082519531,-0.4587286114692688,-0.5864692330360413,0
400,3999962,0.009826081804931164,0.0124431187286973,-0.9999651312828064,0.06268654018640518,0.534168004989624,0.32445433735847473,29.514820098876953,-9.087301254272461,39.45964050292969,-0.735761284828186,0.07208937406539917,1.0500582456588745,-0.3436683118343353,1.6311625242233276,0.6029007434844971,-1.3107398748397827,0.8265870809555054,1.1618452072143555,-0.2245183289051056,1.4059314727783203,-0.7544782757759094,-1.2065141201019287,-0.15411785244941711,-0.8892346620559692,0
401,4010026,-0.08309254795312881,0.004775559529662132,-0.9886094927787781,-0.3415673077106476,0.15430235862731934,0.4169906973838806,28.90434455871582,-11.65644645690918,39.495121002197266,-1.6595581769943237,-1.1986054182052612,-2.0134129524230957,0.08514595031738281,1.6128803491592407,1.382680892944336,0.08293066173791885,-1.9689924716949463,-0.6724550127983093,-0.35293319821357727,-1.1441435813903809,0.30935344099998474,1.286828637123108,1.0444458723068237,-0.4115598797798157,0
402,4019977,-0.031239503994584084,-0.018173065036535263,-0.9899634718894958,-0.2043316513299942,-0.33325356245040894,-1.1980881690979004,30.871166229248047,-9.261378288269043,39.87337112426758,0.09009359776973724,0.6649190783500671,1.4397015571594238,-0.5833105444908142,-1.0842392444610596,1.0960309505462646,-1.0564465522766113,1.132706642150879,-1.0239688158035278,1.5608128309249878,1.1991831064224243,1.3475643396377563,-1.27024507522583,0.03520334139466286,-0.6724123954772949,0
403,4029923,-0.07567036151885986,0.11058063060045242,-0.9877579808235168,-0.17579969763755798,0.18436849117279053,-0.3212001621723175,29.765478134155273,-10.641520500183105,39.601158142089844,-0.06486571580171585,1.0489925146102905,1.4873650074005127,-0.4210165739059448,-0.8046913146972656,0.23448842763900757,0.1675737202167511,-0.4780366122722626,0.15529751777648926,2.0050387382507324,0.9886044263839722,-0.8390693664550781,-0.2788330912590027,-1.4088722467422485,-0.8889771103858948,0
404,4040358,0.05626225098967552,-0.015317048877477646,-0.9778297543525696,-0.37882113456726074,0.02240252122282982,0.2945093512535095,29.464405059814453,-10.125736236572266,39.58452224731445,-1.9539141654968262,1.3587725162506104,-1.1993812322616577,0.2763446569442749,-2.0949628353118896,1.729667067527771,-0.4475686550140381,-0.6877234578132629,-1.0097827911376953,-0.8924073576927185,-1.565410852432251,-1.7304620742797852,-0.17511364817619324,-1.0177316665649414,0.28592437505722046,0
405,4049794,0.03312176465988159,-0.01636555604636669,-0.9822744131088257,-0.07580962777137756,0.6847471594810486,-0.2927488386631012,30.253931045532227,-10.031838417053223,39.126399993896484,-0.15529504418373108,-0.40387704968452454,0.1717957854270935,1.896310567855835,0.5208250284194946,-0.6205165386199951,-0.14751246571540833,1.388832449913025,0.5117052793502808,-0.4906989634037018,-1.923323392868042,0.848216712474823,-0.021947218105196953,0.1686524897813797,0.2959434688091278,0
406,4060067,-0.016826463863253593,-0.053372662514448166,-1.0165454149246216,0.18661551177501678,-0.5570977330207825,-0.8527337312698364,30.09099578857422,-9.279969215393066,39.55340576171875,1.872632622718811,2.0429165363311768,0.30134931206703186,-0.8693621754646301,1.3030866384506226,1.3438550233840942,0.031977687031030655,-0.14044071733951569,-0.3323763310909271,-2.0269179344177246,1.01609468460083,-0.5245103240013123,-0.9596508741378784,-0.7407025694847107,1.401208758354187,0
407,4069767,-0.05144719406962395,-0.015299144200980663,-1.0082584619522095,0.11925937980413437,0.15675657987594604,-0.20354150235652924,29.653772354125977,-9.416775703430176,38.996192932128906,-0.6248981952667236,-0.13200150430202484,1.0525158643722534,-1.4533514976501465,1.427763819694519,-0.3478194773197174,0.6968406438827515,1.2674660682678223,-1.5907775163650513,-1.6931523084640503,0.3838425278663635,-0.9834303855895996,0.23436881601810455,0.5324581265449524,-1.3480545282363892,0
408,4080121,0.03419618681073189,-0.0061973766423761845,-1.0024385452270508,0.02821795456111431,-0.1100088581442833,-0.09743557125329971,30.32042121887207,-9.010870933532715,37.90024185180664,0.4028834104537964,1.4838804006576538,-0.11808004975318909,0.004717628471553326,-0.6038147807121277,1.2903881072998047,0.11815670132637024,0.6616312861442566,-0.6529226303100586,-1.708923578262329,-0.6554245948791504,0.04107389599084854,-0.8981773257255554,-1.3199249505996704,-0.5275055766105652,0
409,4090048,0.04830870032310486,0.019505908712744713,-0.9839224219322205,0.050397925078868866,-0.5496286153793335,0.03086715191602707,29.75272560119629,-9.363028526306152,42.90348815917969,0.8709163665771484,-0.024278616532683372,0.5934045910835266,-0.20383039116859436,-1.5191676616668701,0.5944568514823914,-0.8521426320075989,-1.286618947982788,-0.8421735763549805,0.9673160910606384,0.49111345410346985,0.6640326976776123,0.23214934766292572,0.5680595636367798,-0.07841656357049942,0
410,4100063,0.057301219552755356,-0.011310582049190998,-0.9749109148979187,-0.30483803153038025,0.544274628162384,-0.3929925560951233,29.26384735107422,-8.612115859985352,40.94013214111328,-1.0236903429031372,0.3086162209510803,1.7148574590682983,-0.05369717255234718,-0.18029381334781647,-1.1788581609725952,-1.4569684267044067,1.2520537376403809,-1.8211997747421265,-1.5346875190734863,0.11798097938299179,3.052609920501709,-2.138361930847168,0.5343604683876038,0.38509616255760193,0
411,4110032,0.05993158742785454,0.05861565098166466,-1.0070198774337769,-0.9403233528137207,0.5307362079620361,0.41199249029159546,29.742448806762695,-11.536897659301758,38.973026275634766,-1.4744888544082642,-0.27634918689727783,-1.8821200132369995,0.2615357041358948,1.2748095989227295,-1.1402866840362549,-1.0368174314498901,-0.012131341733038425,-1.6441558599472046,-1.4453953504562378,0.34075403213500977,-0.6007912755012512,-0.26552826166152954,0.5906797647476196,0.2627774178981781,0
412,4119809,0.07354863733053207,0.039898619055747986,-1.0107994079589844,-0.3830050528049469,-0.44739681482315063,0.6984387636184692,29.48676109313965,-10.248980522155762,41.903892517089844,-1.1506725549697876,1.2349238395690918,-0.7342150211334229,-0.29817649722099304,0.11334488540887833,-0.4256656765937805,-0.34260955452919006,1.3842557668685913,0.21146990358829498,0.4720236361026764,0.47823789715766907,2.214089870452881,-0.08219350129365921,-1.527342438697815,-1.5834871530532837,0
413,4129803,0.030222786590456963,0.019377030432224274,-0.9429489970207214,0.5402676463127136,-0.23193983733654022,-0.005911494605243206,29.496746063232422,-10.896382331848145,40.73712158203125,1.6440412998199463,0.4754885733127594,0.14301319420337677,-0.9767038822174072,1.2225805521011353,-0.0025860536843538284,0.6283597350120544,-1.34862220287323,0.7581998109817505,-1.2418569326400757,0.31245994567871094,0.6049875020980835,0.7091224193572998,0.815619945526123,0.2960682809352875,0
414,4139966,0.029713135212659836,-0.07255201041698456,-0.990226686000824,0.1997576802968979,0.021152647212147713,-0.39821767807006836,30.453327178955078,-9.208951950073242,39.129032135009766,1.3641691207885742,0.12891829013824463,0.7232284545898438,0.6730566024780273,-1.23941969871521,0.03525439649820328,-0.3875305950641632,0.04214708134531975,0.649791419506073,0.7446054220199585,1.7547533512115479,0.06162792816758156,-0.7500958442687988,0.34839844703674316,-0.22868667542934418,0
415,4150030,0.070583775639534,-0.0029424543026834726,-0.9885331988334656,0.3220919668674469,0.5441005825996399,-0.11500687152147293,30.701000213623047,-9.78986930847168,39.87128829956055,0.14489775896072388,-0.5521036386489868,1.18344247341156,0.8699808716773987,0.2532300651073456,-0.35965728759765625,-0.9633113145828247,0.466572105884552,-1.533224105834961,-0.7667044401168823,-1.1768313646316528,-1.5459074974060059,1.169499158859253,-1.7796518802642822,-2.6071386337280273,0
416,4159974,-0.006157915573567152,-0.017751023173332214,-1.0051233768463135,0.23976027965545654,-0.08033015578985214,0.17282834649085999,31.036972045898438,-9.461140632629395,38.887001037597656,-0.5914221405982971,0.9222438931465149,0.5396745800971985,-0.07442773878574371,0.38329240679740906,0.6103392839431763,1.4908688068389893,0.48656511306762695,0.44405093789100647,-0.5061495900154114,-1.015752911567688,-0.11323510110378265,-0.8652156591415405,-0.0025844296906143427,1.003443956375122,0
417,4170128,0.008488397113978863,0.008414728567004204,-1.0406078100204468,-0.5532751083374023,0.35796239972114563,-0.9799089431762695,28.752613067626953,-8.825248718261719,40.45027542114258,-0.4007319211959839,1.4639359712600708,1.8399220705032349,0.4329068958759308,-0.7357111573219299,1.0245927572250366,0.35428881645202637,0.31133121252059937,-0.045741673558950424,0.19001030921936035,1.339409351348877,0.38468804955482483,1.6781127452850342,-0.3333718776702881,0.5478425621986389,0
418,4180070,-0.11405836045742035,-0.008792606182396412,-1.0198413133621216,0.628847062587738,0.3351193964481354,0.6571303009986877,30.72011375427246,-8.56502914428711,40.09782028198242,-0.5865810513496399,0.13205689191818237,0.19724947214126587,-0.7617369294166565,0.5975962281227112,0.1711926907300949,-0.6361140012741089,-1.1105217933654785,2.20879864692688,0.5214985013008118,1.4057774543762207,-1.8053070306777954,0.6141628623008728,-0.5279359817504883,0.2811289131641388,0
419,4190028,0.07182900607585907,0.005347507540136576,-1.0291669368743896,0.5310534834861755,-0.3689897060394287,-0.22907519340515137,30.469858169555664,-10.149107933044434,41.35578536987305,-0.8498468399047852,1.3390381336212158,-1.547976016998291,-1.6211051940917969,0.04668445885181427,-0.12537136673927307,0.8281596302986145,0.15973027050495148,1.4067821502685547,0.9665310382843018,1.115013837814331,-1.7624443769454956,0.18982382118701935,0.19997639954090118,0.6032578945159912,0
420,4199941,0.036035679280757904,-0.04953450337052345,-1.0051472187042236,0.7025129199028015,-0.0017157765105366707,0.5688340663909912,31.849376678466797,-8.997918128967285,40.40475082397461,0.23924537003040314,-0.3127346336841583,0.6357458233833313,1.0752055644989014,-0.6465294361114502,-1.7569520473480225,0.36320367455482483,-0.3346271514892578,-0.23124286532402039,0.672307014465332,0.1700708419084549,-0.5685371160507202,1.0738822221755981,-0.2509494125843048,0.9754654169082642,0
421,4210066,0.08118658512830734,-0.025927064940333366,-1.002202033996582,-0.5063702464103699,-0.021622294560074806,-1.7322454452514648,29.978111267089844,-9.295132637023926,40.44718933105469,-1.6741197109222412,0.16225655376911163,-0.7092373371124268,-0.3507051467895508,0.7140148878097534,3.76029372215271,-2.2548341751098633,-1.0478129386901855,-0.5475557446479797,-1.1556098461151123,1.412698745727539,-0.8531850576400757,0.3104294240474701,0.5224575996398926,-0.8166473507881165,0
422,4219788,0.029850473627448082,-0.04664701968431473,-1.0382633209228516,0.02149001695215702,0.3575300872325897,-0.5063562393188477,29.902841567993164,-10.369478225708008,38.45439910888672,-0.045089248567819595,0.04877060279250145,0.7791544795036316,0.3222043812274933,-0.0385822094976902,-0.6198187470436096,0.7851325273513794,-1.6978259086608887,-0.6364060640335083,0.42304015159606934,0.2804623544216156,0.5292261838912964,-0.28903722763061523,-1.3420631885528564,-0.6896978616714478,0
423,4229661,-0.07387278974056244,-0.060000307857990265,-0.9959903359413147,0.6749085187911987,-0.1209011822938919,0.545229971408844,29.788057327270508,-10.580992698669434,39.45789337158203,-1.3210232257843018,1.0371700525283813,-0.181244358420372,-0.009923477657139301,-0.504393458366394,0.013957628980278969,-0.9972147345542908,-1.17362380027771,0.5984542369842529,1.4077346324920654,-1.818570852279663,-0.762462854385376,-1.2263400554656982,-0.5252024531364441,0.6669937372207642,0
424,4240042,-0.030180640518665314,0.027292534708976746,-0.9666712284088135,0.2293265014886856,0.007362540811300278,0.27161356806755066,30.162487030029297,-8.909470558166504,39.06257629394531,-0.8205423355102539,0.04462880641222,-0.559833288192749,0.32660824060440063,0.4406193494796753,1.5182538032531738,-0.19548504054546356,-0.7965813875198364,1.7552903890609741,1.3807951211929321,-1.1188340187072754,-0.07476857304573059,0.7433561086654663,1.6549537181854248,0.15983696281909943,0
425,4249981,0.000499426038004458,-0.07562681287527084,-0.9941840767860413,0.17322544753551483,0.2912618815898895,0.5323073863983154,31.047889709472656,-11.377246856689453,39.88578796386719,0.5358656048774719,-0.9515460133552551,1.0601977109909058,0.719801127910614,-0.28268516063690186,-0.35803884267807007,0.685593843460083,-0.13798551261425018,-0.6191108822822571,0.10501179099082947,1.5830503702163696,-0.44864293932914734,1.282615065574646,-1.361915111541748,-0.8668089509010315,0
426,4260020,0.03027499094605446,0.05037630721926689,-0.9723599553108215,-0.12397795170545578,0.030021460726857185,-0.3334924876689911,31.819143295288086,-11.571250915527344,40.255859375,0.8733362555503845,-0.8437668681144714,1.518487572669983,0.557312548160553,-0.681708037853241,-0.20885419845581055,-0.6091535687446594,0.8954286575317383,0.16944284737110138,1.1922941207885742,-1.6057770252227783,0.1197105422616005,-0.9564165472984314,0.05791304633021355,0.37181419134140015,0
427,4269867,0.10885804891586304,0.020113209262490273,-0.9627177715301514,-0.9846159815788269,-0.05636395886540413,-0.3272036910057068,28.899433135986328,-9.97087287902832,40.82626724243164,-1.778149962425232,-0.17083212733268738,-1.206138253211975,-1.6599013805389404,-0.7279184460639954,1.521506905555725,-0.030730396509170532,-0.8657104969024658,0.5561273097991943,-1.4958878755569458,0.21598801016807556,0.3773972988128662,0.6308088302612305,0.03152243047952652,1.6432254314422607,0
428,4280074,-0.047634147107601166,0.04436592757701874,-1.0209479331970215,-0.5223842263221741,0.13264448940753937,0.4124763309955597,30.50130844116211,-9.717606544494629,41.216461181640625,-0.06830088794231415,-0.21950973570346832,0.45920905470848083,-1.0699108839035034,0.0210987851023674,-0.40665990114212036,-0.192500501871109,1.1583489179611206,0.08897165954113007,-1.5285886526107788,0.2848716080188751,-0.4483526349067688,-1.5878397226333618,0.6053224802017212,0.9169933199882507,0
429,4289935,-0.03407258540391922,0.01105292234569788,-1.000304102897644,0.17662541568279266,-0.37256982922554016,0.4000174403190613,30.208620071411133,-9.696589469909668,40.206661224365234,1.1588956117630005,-0.16720114648342133,0.7100266218185425,-1.288774013519287,1.8793952465057373,0.29100552201271057,-1.5154131650924683,-1.3996375799179077,-0.7460539937019348,0.5092078447341919,-0.27699318528175354,1.3457684516906738,-1.4311633110046387,0.4316324293613434,1.003210425376892,0
430,4299968,-0.04918619617819786,-0.08459467440843582,-1.0133562088012695,-0.03868003189563751,-0.3113960921764374,-0.17423556745052338,30.54878807067871,-9.25188159942627,39.38243103027344,-0.6285035014152527,1.0112676620483398,1.0847023725509644,0.5966915488243103,-0.2872268259525299,0.7528462409973145,-0.5232000946998596,-0.4964643716812134,0.9299731254577637,1.5367146730422974,-0.7420847415924072,1.2145650386810303,0.559924840927124,-2.4990620613098145,-1.1130746603012085,0
431,4310126,-0.1000630110502243,0.08611498028039932,-0.9827122688293457,0.2346401959657669,0.35883966088294983,-0.07885292917490005,29.735200881958008,-9.563405990600586,42.170345306396484,-0.8562586903572083,-0.14155179262161255,-0.0045875064097344875,0.16712713241577148,0.195964977145195,1.586338996887207,0.9993340969085693,0.3918379247188568,-0.8260114789009094,1.231286883354187,-0.3120824694633484,-0.8360511660575867,-0.3521210551261902,-1.9882142543792725,0.9733136892318726,0
432,4319817,-0.030257072299718857,0.007958873175084591,-1.0001519918441772,-0.1389007270336151,0.0014893078478053212,-0.3096896708011627,28.689321517944336,-9.551151275634766,39.95418930053711,0.5520426034927368,0.23743529617786407,0.8845752477645874,-1.1500016450881958,0.578299343585968,1.441778540611267,-1.3306870460510254,1.5347410440444946,-2.134328603744507,-0.4568851888179779,-0.7579857110977173,0.41629159450531006,0.31151822209358215,-0.36511024832725525,-0.05669650807976723,0
433,4329964,-0.031305186450481415,0.03793488070368767,-1.0062650442123413,0.1679833084344864,-0.35080811381340027,0.02951354905962944,30.46584129333496,-11.909212112426758,38.78805923461914,-2.326171875,0.43291807174682617,-0.03797932714223862,-0.20586776733398438,-1.2388317584991455,-0.6938297748565674,-0.5723853707313538,1.6748768091201782,-1.139441967010498,-0.6596892476081848,0.002978547476232052,-1.2944221496582031,0.684582531452179,0.46949848532676697,-0.1674211025238037,0
434,4339898,0.010384383611381054,0.004993024282157421,-1.0210590362548828,0.3549618422985077,0.8168925642967224,-0.9290546774864197,29.203283309936523,-9.260364532470703,40.687110900878906,-0.16911263763904572,0.05586519464850426,-0.5891421437263489,0.4785355031490326,0.4791227877140045,-1.5345730781555176,0.9843140840530396,0.5758197903633118,-1.8292101621627808,2.001636266708374,0.7621945738792419,-0.1660246104001999,-0.4570710361003876,1.0176920890808105,-0.36461305618286133,0
435,4350185,0.05028441175818443,-0.0931294783949852,-1.0055068731307983,0.26690274477005005,-0.5589340329170227,1.1006724834442139,27.979427337646484,-10.72659683227539,39.295570373535156,-0.2193184792995453,0.0974150076508522,0.2194577008485794,0.8225069642066956,1.0368940830230713,0.6677446961402893,-0.9709166884422302,0.23661671578884125,-0.6586015820503235,-1.4684711694717407,-0.01091228611767292,-1.264110803604126,1.5782546997070312,-0.554659366607666,-1.24800705909729,0
436,4360002,0.05964316427707672,-0.053623348474502563,-1.0093708038330078,0.3243775963783264,0.7208362817764282,-0.7105821967124939,30.87055206298828,-9.900163650512695,38.125728607177734,-0.910717785358429,-0.2491057962179184,0.4736166000366211,2.1314377784729004,-0.07192395627498627,-0.49370795488357544,-0.6287111043930054,-0.8146357536315918,-0.9645952582359314,-1.3593248128890991,-1.0588711500167847,0.7426272630691528,0.9888648390769958,-0.3159932494163513,0.0884222686290741,0
437,4370010,0.06251055747270584,0.006885863840579987,-1.0319589376449585,-0.8890766501426697,-0.7745464444160461,0.0683835968375206,30.889188766479492,-9.812209129333496,40.700313568115234,-1.0219682455062866,0.7383560538291931,-0.16710425913333893,-1.3103548288345337,-0.45374539494514465,-0.286850243806839,-0.6517359018325806,0.6341947913169861,0.8666596412658691,-0.13476809859275818,-2.8909919261932373,-0.4741230905056,-0.4781804382801056,-1.5741844177246094,-0.0665816068649292,0
438,4379897,0.04350239038467407,-0.03882979974150658,-1.0419574975967407,0.15131957828998566,0.043840423226356506,0.1930544078350067,28.432212829589844,-10.400106430053711,39.526329040527344,0.12988556921482086,-0.3982079029083252,0.2297637164592743,-1.915183424949646,-1.6287645101547241,0.7832809090614319,-0.5028953552246094,1.5580236911773682,-1.1444013118743896,0.6720585823059082,-1.1629172563552856,0.3352137804031372,-0.4996999502182007,0.21055300533771515,-0.09705734997987747,0
439,4390111,6.694537296425551e-05,0.06852171570062637,-1.0130475759506226,-0.6642736196517944,-1.2144347429275513,-0.432390421628952,30.382410049438477,-10.251249313354492,40.807342529296875,0.05060109123587608,-0.11478545516729355,0.9747113585472107,-0.16144387423992157,-0.2243930995464325,-0.8508367538452148,0.3573980927467346,1.2084327936172485,0.3382869362831116,-1.4000120162963867,-0.12775760889053345,-0.46061044931411743,2.586724042892456,0.26963281631469727,-1.141371488571167,0
440,4400090,-0.04150593280792236,0.025218745693564415,-1.0061997175216675,0.75922691822052,-0.2369956076145172,0.13362498581409454,29.150598526000977,-9.150815963745117,41.022850036621094,-1.14742910861969,0.7789455056190491,-0.614293098449707,0.4112657308578491,-0.8119974732398987,-0.5624669790267944,-0.28546085953712463,0.28052106499671936,0.943916916847229,-0.5013439059257507,-0.32178840041160583,-1.1435457468032837,0.3254297971725464,1.2788501977920532,0.010506199672818184,0
441,4409802,-0.02174857258796692,-0.07938549667596817,-0.9820536375045776,0.1544242948293686,-0.5615932941436768,0.08201383799314499,30.253307342529297,-8.693940162658691,40.664039611816406,-1.0529959201812744,0.8443715572357178,-1.8238118886947632,1.923600435256958,1.6765066385269165,-0.36712387204170227,-0.9840518832206726,-0.16953076422214508,-1.6697745323181152,1.2262940406799316,-0.5332722067832947,0.4770621657371521,-0.2886819839477539,-0.8062908053398132,3.661492347717285,0
442,4420122,-0.02342350408434868,0.03174132481217384,-1.039684534072876,-0.27225610613822937,-0.4571308493614197,0.28406620025634766,30.262014389038086,-9.266855239868164,39.24490737915039,-0.19582588970661163,0.9291608333587646,1.048654556274414,-0.5496869683265686,1.4791014194488525,-1.3403335809707642,0.02192889153957367,0.25752773880958557,1.4903355836868286,-1.1694012880325317,0.3579621911048889,-1.4729654788970947,-1.2528125047683716,-1.5348166227340698,-1.573501467704773,0
443,4429954,0.0027755117043852806,0.02299257554113865,-1.006549596786499,0.07711708545684814,-0.7093796730041504,0.01831871271133423,31.651281356811523,-10.028953552246094,39.22618103027344,0.44436293840408325,1.513092279434204,0.2516160011291504,0.6954708099365234,-0.37864118814468384,0.046587590128183365,-1.086624026298523,-0.019575024023652077,1.3556627035140991,-0.25706809759140015,-0.12850302457809448,-0.9573730826377869,-0.46324968338012695,-0.2456982135772705,1.7919450998306274,0
444,4439957,0.12188837677240372,-0.08338619768619537,-1.020912766456604,0.10383996367454529,-0.2911011576652527,-0.06171174719929695,27.7222843170166,-9.356874465942383,38.01128005981445,-0.41837751865386963,0.9026617407798767,1.621352195739746,1.0850591659545898,0.8386393785476685,0.34801360964775085,-0.40333428978919983,-1.4467146396636963,-0.6607778072357178,-0.10739149153232574,-0.00548482546582818,-0.14262507855892181,1.591641902923584,1.760846734046936,-1.4713058471679688,0
445,4450153,0.014678603038191795,0.07092630118131638,-1.0259908437728882,0.9497185349464417,-0.2142075151205063,0.5715676546096802,30.149686813354492,-7.866122245788574,40.000553131103516,0.5040513277053833,-0.5450137853622437,-0.2628430724143982,-0.848709225654602,-0.9507116675376892,-0.13572236895561218,-0.482637494802475,-0.3336602747440338,-1.871185541152954,1.5439249277114868,-1.041520357131958,1.6275728940963745,-0.2195427119731903,0.5328981280326843,-0.42532622814178467,0
446,4459964,0.0421721488237381,0.03336619213223457,-0.9841081500053406,0.9946544766426086,0.32022473216056824,1.284078598022461,28.912073135375977,-9.994985580444336,39.727603912353516,-0.6274455785751343,-0.18779481947422028,-0.48646754026412964,-0.39231181144714355,-1.701056718826294,0.13150034844875336,0.3712986707687378,-0.0027795929927378893,2.0063083171844482,1.081065058708191,-0.6299798488616943,-1.2288390398025513,-0.05682166665792465,-0.023459069430828094,0.6459478735923767,0
447,4470269,0.04324587807059288,-0.0782567486166954,-1.0075510740280151,-0.6626504063606262,-0.22789686918258667,0.0036319971550256014,30.77487564086914,-9.209696769714355,40.289649963378906,0.18240588903427124,0.7553756833076477,0.7343001961708069,1.2073878049850464,-0.5396762490272522,0.5997977256774902,1.772943377494812,0.8673686385154724,-0.7982585430145264,0.6211901307106018,-0.009240438230335712,1.4263756275177002,0.5093993544578552,-0.2823294997215271,-0.25814685225486755,0
448,4480089,-0.004582172259688377,-0.012056820094585419,-0.9739664793014526,0.20417430996894836,-0.06664824485778809,-0.047974616289138794,28.287973403930664,-10.009778022766113,39.97075271606445,0.9332193732261658,-1.9908175468444824,-1.4886645078659058,-3.168226957321167,1.5401010513305664,0.16638129949569702,0.6428591012954712,0.13177096843719482,1.1604570150375366,-0.7358296513557434,-0.7542464137077332,0.7049709558486938,-0.7548635005950928,0.9080804586410522,-0.5983904004096985,0
449,4490067,0.01366229448467493,0.02639886923134327,-1.0086627006530762,-0.03519061207771301,0.6037745475769043,0.26604965329170227,30.30336570739746,-8.611265182495117,39.87403106689453,-0.6998246908187866,-0.4336279332637787,-0.6256448030471802,0.12579241394996643,-1.1242672204971313,-0.10337594896554947,-1.118068814277649,-0.6224813461303711,-0.040417298674583435,-0.24262522161006927,-1.3171027898788452,-1.2635244131088257,0.13875648379325867,0.5333219170570374,0.6526677012443542,0
450,4499917,0.015975337475538254,0.022109612822532654,-0.977397620677948,-0.2245456427335739,-0.07877589017152786,0.17868883907794952,29.7601375579834,-8.696172714233398,39.74155807495117,-1.9492273330688477,-1.5578441619873047,-1.5637379884719849,-0.902560293674469,0.3263302445411682,-0.32053807377815247,0.4941835403442383,-0.45991718769073486,-0.6123181581497192,1.5929138660430908,-1.2473387718200684,0.2171507030725479,-2.6103475093841553,2.703490972518921,0.6555887460708618,0
451,4509853,-0.0396740548312664,-0.013820159249007702,-1.0203784704208374,-0.7837845087051392,0.14563415944576263,-0.2124321013689041,30.34319496154785,-11.096872329711914,40.007450103759766,-0.6315793991088867,0.3852574825286865,-0.5083116888999939,0.0008777875336818397,-0.929716944694519,-1.454209566116333,1.2589462995529175,0.6154158711433411,-0.5205417275428772,0.3839929699897766,-1.574583649635315,2.2898929119110107,0.516660213470459,-0.29964277148246765,-0.03607930615544319,0
452,4519918,0.1182037815451622,0.011983571574091911,-0.9938473701477051,-0.26715466380119324,0.19892656803131104,1.0242851972579956,30.31787872314453,-10.96446704864502,39.770477294921875,1.1103615760803223,-1.3612455129623413,0.3206440508365631,0.035416100174188614,-1.526094675064087,0.913304328918457,-1.134065866470337,0.46585968136787415,-0.443115770816803,-0.9304054975509644,-0.8532280325889587,-0.27287372946739197,0.07121682912111282,-0.2984410524368286,1.2553584575653076,0
453,4530060,0.01783089153468609,-0.09150916337966919,-1.0209054946899414,1.0093165636062622,-0.06406521052122116,-1.0329777002334595,30.751121520996094,-10.054679870605469,40.69157791137695,1.0254409313201904,0.33010831475257874,1.202549695968628,1.2484562397003174,1.684274435043335,-0.9787228107452393,-1.6247419118881226,-0.5628312826156616,-0.6577324271202087,-0.2842227518558502,-1.436984658241272,0.5128289461135864,-0.9572131633758545,-0.6594257354736328,0.14715710282325745,0
454,4540006,0.12372060120105743,-0.09825985133647919,-1.0211819410324097,1.347455620765686,-0.4131259322166443,-0.7618290781974792,29.10771369934082,-9.42133617401123,41.51866149902344,0.22488686442375183,0.29329103231430054,-0.6354465484619141,1.4783902168273926,-0.7318228483200073,1.0789084434509277,0.28389760851860046,0.6222963333129883,0.2148764431476593,0.39663562178611755,-0.15377478301525116,-2.1898322105407715,-0.9868021011352539,-1.1213520765304565,0.1353062242269516,0
455,4549851,0.040286656469106674,-0.009240236133337021,-0.9903452396392822,0.16661760210990906,0.2378559708595276,0.17795051634311676,31.096450805664062,-9.0991792678833,40.69911575317383,2.0067079067230225,0.3608698844909668,0.824693500995636,1.0919572114944458,-1.45645272731781,-0.06681404262781143,-0.5242760181427002,0.9191402792930603,-0.4086637496948242,-0.27407801151275635,-0.26429450511932373,-0.4645320773124695,-0.23766466975212097,0.1618741899728775,-0.5093677639961243,0
456,4560183,0.06462032347917557,-0.06561977416276932,-1.0214314460754395,-0.22486436367034912,0.9648563861846924,0.11116380989551544,29.534683227539062,-9.707889556884766,39.85258483886719,1.4918625354766846,-0.4602479040622711,0.2027335911989212,-1.081916332244873,-1.0877387523651123,0.7149122953414917,-0.22010400891304016,-0.1511068344116211,0.32407355308532715,-0.4447500705718994,0.5645410418510437,-0.5454270243644714,-0.30778613686561584,-0.9047229886054993,0.40767621994018555,0
457,4570166,-0.10399691760540009,-0.026552382856607437,-0.9786311984062195,-0.15235261619091034,-0.20312649011611938,-0.9889581203460693,29.786617279052734,-9.071712493896484,39.67148208618164,1.0782605409622192,-1.0488154888153076,0.3927231729030609,-0.3507387042045593,0.929751992225647,-1.5598316192626953,-0.10177327692508698,0.45808354020118713,-0.8908548951148987,0.3260834813117981,0.18825747072696686,0.9798876047134399,0.9895721077919006,1.4560668468475342,1.1812291145324707,0
458,4579705,0.009220841340720654,-0.0014544515870511532,-1.007318377494812,0.374279648065567,0.07065242528915405,-0.2353866845369339,29.071210861206055,-10.006924629211426,39.49441146850586,-1.1722354888916016,2.1403331756591797,-1.1342637538909912,-1.0366203784942627,2.5302846431732178,1.4342882633209229,-0.8042923212051392,0.9512962698936462,0.29288461804389954,0.04634242504835129,-1.6273164749145508,1.900909185409546,1.401585340499878,1.7590590715408325,-0.30368441343307495,0
459,4589800,-0.019107943400740623,0.029309872537851334,-0.9874152541160583,-0.0062083774246275425,0.15367335081100464,-0.30652937293052673,31.25062370300293,-11.423323631286621,39.14364242553711,0.6804893612861633,0.1545310914516449,0.5521451234817505,-0.12385691702365875,-0.21370522677898407,1.271466612815857,-1.3596822023391724,-0.6085412502288818,1.5013177394866943,-0.8465582132339478,-0.5040165781974792,0.6288124322891235,0.9639577269554138,0.7030721306800842,0.9587329030036926,0
460,4599943,0.033955711871385574,-0.0037784434389322996,-1.0121322870254517,0.3562789261341095,-0.9347374439239502,-0.09414584934711456,29.59724998474121,-9.17566204071045,39.74811935424805,0.5530561804771423,-3.004992961883545,0.6205062866210938,0.7799512147903442,0.08258268982172012,0.9871329069137573,-0.7006922960281372,0.24376675486564636,-0.15662570297718048,0.1453128308057785,-0.15411528944969177,-0.40008723735809326,0.13260163366794586,0.09000515937805176,0.7474406957626343,0
461,4610045,0.053661782294511795,-0.07576966285705566,-1.0266386270523071,-0.2540737986564636,0.7969386577606201,-0.48289620876312256,28.816267013549805,-8.951722145080566,40.15602111816406,-0.8979334235191345,0.42391252517700195,1.7055240869522095,0.8377023935317993,-0.13349376618862152,-0.7119434475898743,0.8980169296264648,-0.6534754633903503,1.8865482807159424,1.8521980047225952,0.43885698914527893,-1.3570444583892822,-0.1407400369644165,0.43534055352211,1.1241223812103271,0
462,4619843,0.05100333318114281,0.023594863712787628,-0.9933915138244629,0.055522456765174866,-0.36514872312545776,-0.49406349658966064,31.357913970947266,-8.681653022766113,39.5045166015625,-0.6838749647140503,0.20376354455947876,-0.9632248878479004,2.410382032394409,-0.9395450353622437,-1.4162644147872925,2.047825813293457,-0.08422143012285233,0.8566373586654663,0.13973140716552734,1.1711088418960571,-0.1432677060365677,0.03657396510243416,0.17472419142723083,-0.32280272245407104,0
463,4629932,0.011604907922446728,0.05423526465892792,-0.9714712500572205,0.30352160334587097,0.5743412375450134,0.7931706309318542,29.91600227355957,-9.797173500061035,39.00044631958008,0.8269945979118347,2.766613245010376,-0.9165372252464294,-1.4548604488372803,-0.32984909415245056,-2.0763802528381348,-1.5732557773590088,0.2839876115322113,0.33847776055336,0.020302340388298035,-0.06697877496480942,0.40648651123046875,-1.076149821281433,-0.36644309759140015,-0.9763188362121582,0
464,4640074,-0.004009686876088381,-0.008745581842958927,-0.9746266603469849,-0.1833791583776474,-0.4877137243747711,0.22621670365333557,29.819232940673828,-10.907434463500977,40.83818054199219,-0.43450531363487244,0.6628832221031189,0.7586660385131836,1.6593339443206787,-0.8079078197479248,0.0997564047574997,1.421221375465393,1.1451607942581177,-1.3737317323684692,-0.640792727470398,-0.17786429822444916,-1.997969627380371,0.25832369923591614,1.0026729106903076,0.5975650548934937,0
465,4649965,0.047834012657403946,0.06383573263883591,-0.9893308877944946,-0.39468875527381897,0.009323453530669212,0.2983305752277374,30.524742126464844,-10.188518524169922,40.1507682800293,-1.2694497108459473,0.0010712287621572614,-0.5179641842842102,-2.0875422954559326,1.0616165399551392,0.5473062992095947,0.7053920030593872,-0.7864052653312683,-0.4806891083717346,-0.6461454033851624,0.23283648490905762,-0.5690370202064514,1.3515222072601318,-0.8908103704452515,-1.5473740100860596,0
466,4660158,0.06206127256155014,-0.04404142126441002,-0.9840707182884216,0.3846910893917084,-0.001367828925140202,-1.02983558177948,30.885269165039062,-8.846870422363281,38.920108795166016,-0.578170657157898,-0.39605528116226196,1.1161987781524658,-0.045841775834560394,-0.25774335861206055,-0.1362699270248413,0.35740143060684204,-0.3944627344608307,0.23533636331558228,-0.1927058845758438,-0.17267963290214539,-0.31797435879707336,-1.2304911613464355,1.0035617351531982,0.04245850443840027,0
467,4669959,-0.01067404355853796,0.012000919319689274,-0.9967678189277649,-0.7487381100654602,-0.2135280966758728,0.19366931915283203,32.03876495361328,-9.525644302368164,40.295841217041016,0.3831559717655182,1.5376750230789185,-1.1598843336105347,1.1068133115768433,0.5820015668869019,-0.41310930252075195,1.2022761106491089,-0.8332223892211914,2.2141246795654297,0.4198676347732544,0.07176563888788223,0.015383105725049973,-0.11685289442539215,-1.9983497858047485,-1.1025214195251465,0
468,4680019,-0.021221421658992767,0.031354110687971115,-1.0187361240386963,-0.29582008719444275,-0.5730456113815308,0.05628543719649315,30.595184326171875,-10.736669540405273,39.936370849609375,-0.8526938557624817,-0.005946244578808546,-0.7591995596885681,0.5694277882575989,0.33805540204048157,0.18972252309322357,-0.2519224286079407,-0.7519148588180542,0.9088242650032043,0.3611451983451843,1.7500184774398804,-1.0525791645050049,0.7043033838272095,0.7743172645568848,-0.14067967236042023,0
469,4689847,-0.032430969178676605,0.01994244009256363,-1.0236172676086426,-0.185780867934227,-1.3422917127609253,0.24769403040409088,29.985816955566406,-9.730794906616211,38.89403533935547,-0.22414647042751312,-0.5989106297492981,1.2181246280670166,-1.5135794878005981,-0.02410465106368065,1.931894302368164,0.19063293933868408,-0.19282254576683044,-0.8566164374351501,-0.11571834981441498,-0.5100225210189819,-0.919537365436554,0.005384781397879124,0.34727612137794495,0.8598015904426575,0
470,4700073,0.03344995155930519,-0.030697545036673546,-0.9887313842773438,0.22542402148246765,-0.2163570523262024,-0.6715602278709412,29.85345458984375,-9.97424030303955,39.199745178222656,1.807620882987976,-0.6554421782493591,-0.3303193747997284,-2.0075953006744385,-0.9301832318305969,-0.6286376714706421,0.8162874579429626,0.42803895473480225,-1.8478549718856812,0.22254064679145813,0.4861852824687958,0.22253994643688202,1.5088427066802979,1.4025626182556152,-0.30478551983833313,0
471,4709938,0.046998582780361176,-0.047713905572891235,-1.0068907737731934,0.6057596206665039,-0.4707821309566498,-0.2818636894226074,30.175861358642578,-9.988882064819336,40.94010543823242,-0.8066664934158325,-0.6522974967956543,1.763535737991333,0.8904315233230591,-1.0905613899230957,0.4047389030456543,0.4477153420448303,0.21401159465312958,0.6122890710830688,-0.38083747029304504,-1.1183267831802368,-0.108587846159935,1.413336992263794,0.6101737022399902,0.6758301258087158,0
472,4720100,0.00033922697184607387,0.005333553999662399,-1.0226439237594604,-0.35860675573349,0.40836530923843384,0.1933310180902481,29.180274963378906,-8.570199966430664,41.356929779052734,-0.3546636998653412,0.4974067211151123,3.7185142040252686,0.08051064610481262,-1.3556931018829346,-1.5855317115783691,-0.6508322358131409,0.5846721529960632,-0.589302659034729,1.0899672508239746,0.18338507413864136,0.362718790769577,0.16543984413146973,1.3369240760803223,-0.3891751170158386,0
473,4730038,0.005517677403986454,0.00835142657160759,-1.0170669555664062,-0.15419110655784607,0.2850515842437744,0.1263221949338913,31.861398696899414,-9.155701637268066,39.2162971496582,0.36535850167274475,-0.039944641292095184,0.8569498658180237,-2.003950595855713,-0.5948308706283569,-0.02670842595398426,0.6638213992118835,0.3954949975013733,1.3840786218643188,0.9931179881095886,1.0407342910766602,-0.5522990226745605,-0.8110143542289734,-0.25320523977279663,-2.2186806201934814,0
474,4740078,-0.03178113326430321,-0.05235929414629936,-0.9923874735832214,0.5672149062156677,-0.3535713851451874,-0.24712638556957245,31.958070755004883,-8.130105972290039,38.63503646850586,1.742858648300171,-1.5607842206954956,-0.9155865907669067,-1.5370678901672363,0.9115927815437317,-1.2603188753128052,0.2638368010520935,-0.06255962699651718,0.015408352948725224,-0.97029048204422,0.40097498893737793,-0.6505053043365479,0.014266399666666985,-2.055391788482666,0.7510430812835693,0
475,4749932,0.13944123685359955,0.0020570112392306328,-1.0026302337646484,0.07399634271860123,-0.9269412755966187,0.24397075176239014,28.96167755126953,-9.652934074401855,37.986663818359375,-0.834195613861084,-1.1716943979263306,-2.414144992828369,0.2733931541442871,0.7859377264976501,0.44547155499458313,-2.6010377407073975,-1.49698805809021,-0.6409408450126648,2.0848052501678467,0.7842176556587219,-2.015860080718994,-0.04770161956548691,0.5616861581802368,0.43275028467178345,0
476,4759823,0.014158501289784908,-0.022135598585009575,-0.9829319715499878,0.36506688594818115,-0.1965949535369873,-0.15538537502288818,32.00407028198242,-11.642757415771484,38.55667495727539,0.6729132533073425,1.7680037021636963,-0.1047070249915123,1.3726744651794434,-1.506789207458496,0.22789247334003448,-0.015399718657135963,-0.08974982798099518,0.6194536685943604,1.052762746810913,0.6660150289535522,1.2023718357086182,0.43458810448646545,-0.8986793756484985,0.7671200037002563,0
477,4770094,0.01983315497636795,-0.1013038232922554,-0.993572473526001,-0.6013421416282654,0.15762130916118622,0.04882848262786865,29.513214111328125,-10.190936088562012,40.433719635009766,-0.24008968472480774,-0.48460134863853455,-0.1255575269460678,2.036461114883423,-1.8147233724594116,-1.1195355653762817,0.5738068222999573,-0.44207334518432617,-0.33298400044441223,-0.18932893872261047,-1.3336496353149414,0.2539827525615692,0.017451021820306778,0.22058482468128204,-1.1575490236282349,0
478,4779886,-0.05101395025849342,-0.002787758829072118,-1.0208030939102173,-0.2595306634902954,-0.19290265440940857,-0.23047657310962677,29.958377838134766,-9.162955284118652,39.21354675292969,1.1597059965133667,-0.21877457201480865,-1.5322238206863403,0.8414936661720276,-1.386746883392334,0.22470484673976898,-1.1709434986114502,-0.34722036123275757,-1.0253870487213135,1.1941837072372437,-0.3339070677757263,1.0490069389343262,-0.43410420417785645,-0.6100670695304871,-0.42393434047698975,0
479,4789899,-0.05441414937376976,-0.10444452613592148,-0.9904850721359253,-0.5700746774673462,0.7182027101516724,0.8277611136436462,30.165340423583984,-9.356354713439941,42.310516357421875,-0.569959282875061,1.2222189903259277,0.049917448312044144,0.8812268376350403,0.43899545073509216,-1.5914493799209595,0.6627576351165771,1.3462905883789062,0.9912956357002258,-0.09381603449583054,-0.9070233106613159,0.37046682834625244,-0.2074180692434311,-0.6314708590507507,-0.6069948673248291,0
480,4799856,0.02503458596765995,-0.1126762330532074,-1.0157347917556763,-0.5787767767906189,-0.12949882447719574,0.919589102268219,29.827312469482422,-9.330069541931152,38.75285339355469,1.1499382257461548,0.9402539134025574,0.0990893542766571,0.021126026287674904,0.5782902836799622,0.04772907495498657,1.0960041284561157,0.19164463877677917,0.2922968864440918,-0.2652844488620758,-1.2308212518692017,1.6838167905807495,-0.29599231481552124,-0.09543498605489731,-0.38915786147117615,0
481,4809933,0.016948258504271507,-0.031560130417346954,-1.008655309677124,-0.49984046816825867,-0.11233611404895782,0.6265458464622498,29.592679977416992,-11.505825996398926,38.87614822387695,-0.0761624202132225,1.3375966548919678,2.4886066913604736,0.41748160123825073,-0.32088562846183777,0.6999233961105347,0.16975994408130646,0.6194732785224915,0.8652279376983643,1.107729196548462,0.7949079275131226,-1.9742316007614136,-0.5656448006629944,-0.08046825975179672,2.89084792137146,0
482,4820208,-0.014659817330539227,-0.012534702196717262,-1.0185818672180176,0.29292571544647217,-0.10616595298051834,-0.0704655647277832,30.777862548828125,-9.150450706481934,39.75559997558594,0.47842055559158325,1.1848489046096802,3.1866931915283203,0.800369381904602,1.656166434288025,1.7160166501998901,-0.6344977021217346,1.7442550659179688,0.46373119950294495,-0.19986994564533234,-0.03629746288061142,-1.1269422769546509,-0.49488991498947144,-0.9446927309036255,-0.1587846726179123,0
483,4830319,-0.057739779353141785,-0.08852513879537582,-0.9950485229492188,-0.4440497159957886,0.7250361442565918,0.03754875436425209,30.935348510742188,-12.112150192260742,40.44789505004883,-1.034148931503296,-1.5375123023986816,-0.09727051854133606,-0.4388357698917389,2.771021604537964,-1.1266027688980103,-0.772068977355957,-1.8256901502609253,1.6836200952529907,0.28199145197868347,1.0406428575515747,-0.4063749611377716,1.2244406938552856,0.5927497744560242,-0.5185064077377319,0
484,4839975,-0.01356478687375784,0.09926371276378632,-1.0125442743301392,-0.6306275129318237,1.030287265777588,-0.29438716173171997,29.55957794189453,-10.71571159362793,39.633975982666016,1.3255945444107056,0.5914358496665955,0.5034900903701782,0.781440019607544,0.01965555176138878,-1.4150344133377075,-2.020070791244507,-0.08753826469182968,0.36591923236846924,-1.3891023397445679,-0.12911653518676758,0.43653345108032227,0.645821750164032,0.07799563556909561,-0.3184407353401184,0
485,4849988,-0.030499039217829704,-0.04907936602830887,-0.9916916489601135,-0.12217201292514801,-0.5156234502792358,0.8067371845245361,29.789901733398438,-10.992966651916504,41.834651947021484,-1.550713300704956,0.5025893449783325,1.2527050971984863,-1.1956398487091064,0.09224725514650345,1.671359658241272,-2.189574956893921,-0.2915535867214203,-0.7782098650932312,1.2930946350097656,1.283915400505066,-0.09338990598917007,-0.522948145866394,0.7814047336578369,-0.6896250247955322,0
486,4860047,0.029992010444402695,-0.0007974653854034841,-1.0172981023788452,-0.6184664368629456,0.0854530781507492,0.03524636849761009,29.094587326049805,-9.825189590454102,40.2794189453125,0.7238100171089172,-0.2926378846168518,1.1032847166061401,1.5390681028366089,1.4437531232833862,1.4560208320617676,-0.09673739969730377,1.7880698442459106,1.1987453699111938,-0.8988507390022278,-1.5310636758804321,0.9361040592193604,0.5075446963310242,1.7663307189941406,-0.10760309547185898,0
487,4870046,-0.020480819046497345,-0.033787988126277924,-1.0113998651504517,-0.8395574688911438,0.648163914680481,0.3364662230014801,30.289546966552734,-9.914944648742676,41.74519729614258,0.2716447710990906,0.4988081157207489,-0.8918517827987671,-2.3622610569000244,-0.2128240019083023,1.0316399335861206,0.33416101336479187,2.286827564239502,-0.6283625364303589,-0.7039409875869751,-1.2252197265625,0.014819932170212269,0.24613282084465027,0.2020472139120102,1.1039340496063232,0
488,4879742,0.07493617385625839,0.004524426534771919,-0.9880684018135071,0.1538640260696411,-0.15168340504169464,0.6123425364494324,29.627450942993164,-10.961137771606445,40.781776428222656,-0.9578649997711182,-0.4081815183162689,-0.5414335131645203,0.8798614144325256,-1.7062324285507202,-0.9148025512695312,0.023658055812120438,-0.5288337469100952,1.860027551651001,0.4906466007232666,-2.207533121109009,1.9584547281265259,1.2751872539520264,-0.37261825799942017,1.3937569856643677,0
489,4890164,-0.08869805932044983,0.04404931142926216,-1.0149128437042236,0.08863019943237305,-0.4098765552043915,-0.40459153056144714,29.867847442626953,-10.028594017028809,38.26104736328125,-0.7070109248161316,0.47161996364593506,0.2788369059562683,-2.6644699573516846,0.8355432748794556,-0.5249329805374146,0.4406532049179077,0.16310982406139374,0.24193377792835236,-0.10089358687400818,-0.30263954401016235,-0.07065265625715256,0.2352491319179535,0.4038941264152527,0.2741721272468567,0
490,4900191,0.012029433622956276,-0.06815611571073532,-1.0198755264282227,0.21778877079486847,-0.5089820623397827,-0.3901865780353546,29.992385864257812,-9.00903606414795,41.49394989013672,0.46428489685058594,-1.0652657747268677,-0.268801212310791,0.23875997960567474,2.0729942321777344,-1.319987177848816,0.08733520656824112,-0.4939536154270172,-0.6153954267501831,-0.29693880677223206,1.24677574634552,-1.8575018644332886,-0.11343938857316971,0.5373867750167847,-1.1719512939453125,0
491,4909974,0.133177250623703,-0.023225678130984306,-1.0023767948150635,-0.7456671595573425,-0.6454511880874634,0.08378858119249344,31.204132080078125,-10.293127059936523,38.60880661010742,0.12536898255348206,-0.10110938549041748,1.4957585334777832,-0.493301659822464,0.12663136422634125,1.8724451065063477,1.492429494857788,-1.1877597570419312,-0.9873513579368591,1.5617921352386475,1.388888955116272,-0.03310835361480713,0.4138338565826416,0.6740537285804749,-0.8366838097572327,0
492,4920049,0.019645899534225464,-0.0642169937491417,-1.0239626169204712,0.07337682694196701,0.7383219599723816,-1.0215615034103394,30.502552032470703,-10.276647567749023,40.87761306762695,0.14569713175296783,-1.6888084411621094,-0.3297030031681061,-0.6438640356063843,-0.5938374400138855,2.1342499256134033,0.058138616383075714,1.2660713195800781,0.7941666841506958,1.739726185798645,1.4532569646835327,-1.0215891599655151,0.22574037313461304,-0.6575144529342651,-0.1882055252790451,0
493,4929803,0.05389631539583206,0.05411919206380844,-0.9768221974372864,-0.4650368094444275,-0.9195354580879211,-0.02560538612306118,30.035396575927734,-9.876627922058105,38.73082733154297,1.1674518585205078,-1.5075477361679077,-0.10324046015739441,1.072350025177002,-2.2163686752319336,0.4510052800178528,0.7880414724349976,-0.24173930287361145,0.6712019443511963,-0.457942932844162,-0.9125963449478149,-0.6349664330482483,-0.9001780152320862,1.3818899393081665,0.15558382868766785,0
494,4939824,-0.07972913980484009,0.017440633848309517,-1.0257892608642578,0.2520345151424408,0.8265754580497742,0.48329395055770874,29.530160903930664,-9.941969871520996,39.0255126953125,1.007991075515747,0.6310550570487976,0.4166772663593292,-0.40826502442359924,-1.0023689270019531,-1.131278395652771,0.3144027590751648,0.760430097579956,-0.12916012108325958,-0.025855155661702156,-1.931443452835083,1.1980042457580566,-1.2112371921539307,0.07212034612894058,-0.8808598518371582,0
495,4949884,0.0816296637058258,0.07463913410902023,-1.0108642578125,-0.009434092789888382,0.21404331922531128,-0.8075269460678101,29.661937713623047,-10.544419288635254,39.150455474853516,-0.05045187473297119,-2.2083818912506104,1.388586401939392,0.1175578162074089,-0.08396709710359573,-1.0770808458328247,-1.3810434341430664,-0.07678595930337906,-1.4961799383163452,0.10270454734563828,-1.6155226230621338,-0.0007078447379171848,-1.9210107326507568,0.08993402868509293,1.5064122676849365,0
496,4959970,0.05269257351756096,-0.02347501553595066,-1.0168030261993408,0.021934110671281815,0.6155336499214172,-0.4209819436073303,31.302383422851562,-11.234415054321289,39.050506591796875,-0.9711392521858215,-1.503898024559021,0.885674774646759,1.1558934450149536,-0.5578059554100037,0.5882821679115295,0.6304112076759338,1.4016668796539307,2.054476261138916,-0.7058337330818176,-1.3748096227645874,-0.2051032930612564,-0.5569262504577637,1.5017794370651245,0.19701527059078217,0
497,4969838,-0.038009438663721085,-0.051663871854543686,-1.0094300508499146,0.4990377128124237,0.6083709597587585,-0.10055600106716156,30.050418853759766,-11.030441284179688,40.82420349121094,2.2471959590911865,1.5937484502792358,-0.025984805077314377,-0.2051430642604828,1.4534276723861694,0.47085967659950256,-0.6693705320358276,0.42437076568603516,-0.3591138422489166,-0.4770525395870209,0.8555442690849304,-0.4535190463066101,0.031048942357301712,0.15283070504665375,-1.404007077217102,0
498,4979736,0.014902528375387192,0.032516155391931534,-0.9964590072631836,-0.21657072007656097,0.240304097533226,0.4684651494026184,29.041723251342773,-10.441068649291992,42.259708404541016,0.5158759951591492,-0.554480254650116,-0.12788774073123932,-1.6028907299041748,-1.5062987804412842,-0.16180934011936188,-0.09124898165464401,0.35621559619903564,-2.0248842239379883,-0.38405728340148926,0.9623114466667175,-1.0842546224594116,-0.5893840193748474,-2.2510626316070557,-1.3785358667373657,0
499,4989956,0.03860260173678398,-0.031247176229953766,-0.9989264011383057,0.14154869318008423,-0.3023114800453186,-0.11947289109230042,29.44890022277832,-11.604995727539062,39.854026794433594,0.22569626569747925,-0.40879160165786743,-0.09508213400840759,-0.7459313869476318,1.128151774406433,-0.14856168627738953,1.4858591556549072,2.4518964290618896,0.5936941504478455,1.3842499256134033,-0.16136877238750458,0.6038895845413208,-0.653832197189331,2.770728826522827,1.4545276165008545,0
500,4999831,-0.022622404620051384,0.018466081470251083,-1.002726674079895,0.2983343005180359,-0.7251577973365784,0.3787930905818939,29.757808685302734,-9.585737228393555,39.28221130371094,0.5484567284584045,-0.7296289205551147,-1.430843710899353,-0.06183762475848198,0.9073039293289185,1.1345850229263306,-2.0844826698303223,1.2675564289093018,-0.7913725972175598,0.8940814733505249,1.3363038301467896,0.6760205030441284,-1.2125351428985596,-1.3850048780441284,-0.3850271999835968,0
501,5009973,-0.030400073155760765,0.030676286667585373,-1.0111082792282104,-0.345793217420578,0.009077420458197594,-0.20233990252017975,30.801427841186523,-9.552619934082031,39.533302307128906,0.36324408650398254,-1.0461605787277222,1.350436806678772,-0.04175436124205589,0.4162079989910126,1.594226360321045,1.4198884963989258,0.8767581582069397,2.8064520359039307,0.5527509450912476,-2.393332004547119,-1.467764973640442,0.9475464224815369,2.075852155685425,-0.47132864594459534,0
502,5020139,-0.12265902012586594,-0.06781813502311707,-1.0081478357315063,0.19139441847801208,0.8086079359054565,-0.2787759304046631,28.403467178344727,-8.319442749023438,38.297607421875,1.0936980247497559,-0.2601085901260376,-1.0999759435653687,0.09530097246170044,0.1173311397433281,0.27440381050109863,0.800624430179596,-0.13303348422050476,-0.28330597281455994,1.3126530647277832,0.23482085764408112,0.12519165873527527,0.823881208896637,-0.3440026342868805,0.01815454475581646,0
503,5030080,-0.07484141737222672,-0.06649407744407654,-0.9707151055335999,0.7248526215553284,0.5256705284118652,-0.9986506104469299,31.375831604003906,-10.674147605895996,40.157203674316406,2.8030526638031006,-0.4136803448200226,1.613656997680664,-1.1388574838638306,-1.4120268821716309,0.21524474024772644,-0.6572695374488831,0.41259765625,0.06552179157733917,-0.9651406407356262,1.3126832246780396,0.5122135281562805,-0.6093014478683472,2.3309640884399414,-1.9172114133834839,0
504,5040165,-0.040418390184640884,0.03269797936081886,-1.0074024200439453,-0.1225094273686409,0.5296350717544556,0.11669819802045822,30.05467987060547,-10.673605918884277,38.59192657470703,0.053993627429008484,0.016988633200526237,1.3306149244308472,2.4694337844848633,1.2042810916900635,1.8790916204452515,0.2584271728992462,-0.37732669711112976,0.5213475823402405,-0.6846193075180054,0.0838940292596817,0.3832942545413971,0.6541125178337097,1.3369661569595337,-0.09716970473527908,0
505,5049874,-0.006708613596856594,-0.029633961617946625,-0.9848886132240295,0.6158011555671692,0.09288552403450012,-0.6462824940681458,29.202768325805664,-8.815122604370117,39.791587829589844,-0.2871536910533905,0.9853518605232239,0.6588953137397766,0.6303887963294983,-0.06955239176750183,0.6884697079658508,-1.6281474828720093,1.1924442052841187,0.3356072008609772,0.7742524743080139,-0.7661340236663818,-0.06011391058564186,0.1657002568244934,0.3296988010406494,0.6126098036766052,0
506,5059774,0.05006704851984978,-0.03021891787648201,-1.022167444229126,-0.35134828090667725,-0.4762243628501892,0.2081795334815979,27.4045467376709,-8.929394721984863,38.819786071777344,-1.3396847248077393,-0.08294191211462021,0.09803934395313263,0.44005581736564636,0.05850614234805107,-1.4538296461105347,-0.23588137328624725,1.6716086864471436,1.2090809345245361,0.9487107396125793,1.7144033908843994,-0.5275833010673523,0.6961255669593811,-0.48823997378349304,-0.40600815415382385,0
507,5069995,-0.030049877241253853,0.10544218122959137,-1.0020579099655151,-0.6087311506271362,-0.5380063056945801,-0.19928301870822906,28.77878761291504,-9.491253852844238,40.51413345336914,0.2697785198688507,-1.3795249462127686,-0.3393305242061615,-1.5223630666732788,0.4948433041572571,-0.133909672498703,-0.011966763995587826,-0.7408530712127686,1.2168469429016113,0.5097894668579102,-0.36131030321121216,0.506902813911438,0.4512166678905487,0.6816725134849548,-0.49210092425346375,0
508,5080157,0.030075524002313614,0.007844829000532627,-0.977528989315033,-0.7315853834152222,0.06038428843021393,0.2970677614212036,30.79774284362793,-10.203718185424805,39.08534240722656,0.00038217962719500065,0.942896842956543,0.6137584447860718,-0.12823379039764404,0.5834569334983826,-1.9158896207809448,-0.519444465637207,0.012804556638002396,0.43218904733657837,-0.07556936889886856,-3.2018115520477295,-1.2881238460540771,0.001590797328390181,0.6465252637863159,1.4825690984725952,0
509,5089858,-0.0222348440438509,-0.07093285769224167,-0.9899354577064514,-0.3882406949996948,0.6420552134513855,0.5434750318527222,31.1343994140625,-10.585957527160645,40.22490310668945,-0.782579779624939,1.7796469926834106,-0.3409144878387451,-0.8723738789558411,0.21564753353595734,1.6258865594863892,0.616872251033783,1.9137754440307617,-1.5710723400115967,-0.29025229811668396,1.4318875074386597,-1.1170622110366821,-0.24654264748096466,-1.6429778337478638,0.6735681891441345,0
510,5100022,0.030867593362927437,0.03724203631281853,-0.9984867572784424,-0.510692834854126,0.4446554481983185,0.11634879559278488,28.450973510742188,-12.404656410217285,40.37667465209961,-1.4049469232559204,-1.1684062480926514,-1.6898541450500488,0.7131365537643433,0.059341344982385635,1.048262119293213,-1.3069372177124023,0.5103245377540588,1.3693021535873413,0.8457565903663635,2.361628532409668,0.3555130660533905,0.6110884547233582,-0.4069603681564331,0.29684826731681824,0
511,5110028,-0.028804505243897438,0.011191297322511673,-0.9836803078651428,0.9146040678024292,-0.8791323304176331,-0.042356763035058975,30.802650451660156,-10.619033813476562,38.88628387451172,-0.14287951588630676,0.5567857027053833,0.06805150210857391,1.7240571975708008,-0.8538353443145752,-0.8567492365837097,-0.03354550153017044,-0.39647573232650757,0.14815787971019745,0.6489635705947876,-0.9491618275642395,0.38264068961143494,0.046527475118637085,-0.2541719079017639,0.2852975130081177,0
512,5119907,-0.004038012120872736,-0.01865983009338379,-0.998835563659668,0.5907836556434631,-0.0308542400598526,-0.9502804279327393,29.96048927307129,-8.954933166503906,40.624141693115234,0.0841921716928482,0.3471767008304596,0.5418516397476196,1.1721073389053345,-0.06496492773294449,1.2428503036499023,0.4563964903354645,0.6594630479812622,0.031582508236169815,-0.2081564962863922,-1.8098922967910767,1.1099965572357178,-0.10057783871889114,1.7500487565994263,-0.5593127012252808,0
513,5129982,0.06976772099733353,0.10867144167423248,-1.0040725469589233,0.00372360460460186,-0.10302003473043442,0.6794275045394897,28.708200454711914,-9.154751777648926,38.44046401977539,1.7283117771148682,-0.9825610518455505,-0.876085638999939,2.093303918838501,-0.3177917003631592,-0.9349596500396729,-0.26230567693710327,-1.6856502294540405,-0.8482893705368042,1.3378444910049438,-0.21311801671981812,-0.6505568027496338,-0.3260249197483063,-0.48589932918548584,-1.1663545370101929,0
514,5140002,-0.06151951476931572,-0.044191841036081314,-1.026911973953247,-0.6123045086860657,1.2700586318969727,-0.7601481676101685,30.6716365814209,-8.960247039794922,39.34611129760742,1.7616543769836426,1.0087751150131226,0.6973620653152466,-1.1427403688430786,1.2123939990997314,-1.6568602323532104,0.320619136095047,-0.9216042160987854,1.0798743963241577,0.3738860487937927,-0.9559719562530518,1.9484341144561768,-0.538912296295166,-1.4813182353973389,0.0513424351811409,0
515,5149857,0.07880041748285294,0.07450048625469208,-1.0207138061523438,0.5372397303581238,0.2883225083351135,-0.01162636186927557,28.732248306274414,-11.932765007019043,39.483551025390625,-1.9833214282989502,1.4105110168457031,-0.3120611608028412,-0.9360450506210327,-2.4330968856811523,0.765011191368103,1.073697566986084,-1.5096313953399658,-1.482616662979126,1.6873024702072144,0.6160087585449219,-0.3084518611431122,1.556810736656189,0.6111486554145813,-1.382703423500061,0
516,5159923,0.09415575116872787,-0.01588279940187931,-0.974478006362915,0.9909625053405762,-0.15463976562023163,0.7247323989868164,29.940675735473633,-9.964982032775879,39.55140686035156,1.430873155593872,-1.296919345855713,-1.311025857925415,0.5016482472419739,-1.1475560665130615,0.13300859928131104,-0.3999013304710388,-1.4144750833511353,1.4905314445495605,-0.7766709327697754,-0.9546831250190735,-1.1762235164642334,-0.05332987383008003,-0.813457190990448,-1.8035963773727417,0
517,5170242,0.009606998413801193,-0.021266991272568703,-1.0115057229995728,0.30856847763061523,-0.012716583907604218,-0.1667187213897705,29.271656036376953,-10.739311218261719,39.7104377746582,0.16913165152072906,-1.1309658288955688,0.6899253726005554,-1.6265573501586914,0.07412293553352356,0.826045036315918,-0.10325845330953598,-0.9393248558044434,0.5121785998344421,0.46364766359329224,0.23654238879680634,-0.7170459032058716,0.12713314592838287,-0.4569328725337982,-1.3863558769226074,0
518,5180042,0.039631545543670654,0.028821799904108047,-1.0155112743377686,0.5846261382102966,0.7642850279808044,-0.6699991226196289,29.79791259765625,-9.709022521972656,39.7420539855957,-1.430269718170166,-0.4452064633369446,-0.5241265892982483,-0.7370342016220093,-1.1420259475708008,-0.631577730178833,-0.7703431844711304,-0.06537838280200958,-0.9609463214874268,-2.6815996170043945,1.7274783849716187,1.5296603441238403,0.3368337154388428,1.2776802778244019,-0.15302197635173798,0
519,5189807,-0.023011093959212303,-0.030100194737315178,-0.9621014595031738,-1.449815034866333,0.16351382434368134,0.4338947534561157,31.171119689941406,-12.455033302307129,40.180362701416016,-0.3752349615097046,1.3700027465820312,0.8316076397895813,-0.26272204518318176,-2.2216997146606445,0.7857725620269775,0.8576887249946594,-0.00867487583309412,-0.8541046380996704,-0.06850055605173111,0.24204665422439575,0.30432581901550293,-0.6062924265861511,-0.0009905814658850431,0.7945019006729126,0
520,5200160,-0.08293533325195312,0.05729848891496658,-0.9784876108169556,0.3393554091453552,-0.5559700727462769,0.010460511781275272,28.882095336914062,-10.585986137390137,39.70771789550781,-0.7289739847183228,0.2030482143163681,-0.43547481298446655,-0.48508623242378235,-1.5281753540039062,0.6513341069221497,-0.39168980717658997,-0.7088008522987366,0.49792206287384033,-0.2291082888841629,0.3534910976886749,-1.3964266777038574,1.126973032951355,1.1378576755523682,-0.4488479197025299,0
521,5209848,-0.06331902742385864,-0.023493779823184013,-0.9832350015640259,0.20937171578407288,-0.19521327316761017,0.14606525003910065,31.227895736694336,-9.026318550109863,38.79804992675781,-0.5574070811271667,1.0243672132492065,-0.6631594896316528,-0.9185216426849365,-2.223688840866089,0.06118927523493767,-0.3818242847919464,-0.5562405586242676,1.6776567697525024,1.2365376949310303,-0.07017124444246292,0.16713203489780426,-0.14377079904079437,-1.0203572511672974,-0.6045663952827454,0
522,5219962,0.12542474269866943,-0.0033478010445833206,-1.0155894756317139,-0.6182190775871277,-0.1172078475356102,0.14910395443439484,29.56655502319336,-9.097173690795898,39.325233459472656,0.35614627599716187,0.20757204294204712,-0.9405674338340759,0.3173314929008484,0.4318448603153229,0.7929711937904358,-1.6200013160705566,-0.1784026026725769,0.22418206930160522,3.306424617767334,-0.937515139579773,0.4524642825126648,-0.4911903440952301,0.3004659116268158,-0.0596277229487896,0
523,5229969,-0.05339197441935539,0.003005741396918893,-1.0298954248428345,0.3390606939792633,0.5543777942657471,-0.4987974464893341,32.30611038208008,-9.028243064880371,40.20242691040039,-1.1235016584396362,-0.7580394148826599,-0.11552459746599197,-1.3731569051742554,-0.43741199374198914,-0.15499384701251984,1.1134623289108276,-0.10677221417427063,0.3847488760948181,0.9514687657356262,-0.9901371598243713,0.6734972596168518,-0.8798734545707703,-0.15820862352848053,0.16129297018051147,0
524,5239880,-0.06310345977544785,-0.044325992465019226,-0.9890220165252686,-0.1359223872423172,-0.5269005298614502,-0.3870624005794525,30.550540924072266,-10.220708847045898,39.95654296875,-0.08340619504451752,-0.9444742798805237,-0.995644211769104,0.2950384020805359,-0.44884055852890015,-0.14932836592197418,0.34072330594062805,-0.9287800788879395,0.4061744511127472,-1.0869990587234497,-2.4893949031829834,-0.8501725196838379,-0.39881178736686707,0.46219009160995483,-0.49963682889938354,0
525,5249791,0.16266919672489166,0.004189242608845234,-1.0035477876663208,-0.6499057412147522,0.5093016028404236,-0.3314841687679291,31.288911819458008,-9.818390846252441,38.927093505859375,-0.3264915645122528,-0.06143064796924591,0.17911024391651154,-0.0754285678267479,-0.5713688731193542,-0.08770112693309784,0.18290528655052185,-0.3338640034198761,-0.43268653750419617,-0.9961774945259094,-0.1810959130525589,0.8727729320526123,-0.2410598248243332,-0.9574447870254517,0.26723402738571167,0
526,5260069,-0.0022769076749682426,0.07318996638059616,-1.0020040273666382,0.5541916489601135,-0.3321671485900879,-0.040388911962509155,31.652084350585938,-10.993704795837402,40.35414123535156,-1.249884009361267,-0.37888115644454956,2.334014415740967,-1.0522799491882324,1.7872947454452515,-0.7282716631889343,-1.1352640390396118,0.9153697490692139,-1.9315954446792603,-0.9201626181602478,-0.6159862875938416,-1.4514440298080444,0.07102180272340775,-0.9022824168205261,1.5172677040100098,0
527,5269833,-0.01657632552087307,0.00014980550622567534,-1.0265406370162964,0.6285552382469177,-1.2479604482650757,0.026366325095295906,32.01102066040039,-10.256235122680664,39.52565002441406,-1.4825615882873535,-0.9890652894973755,-0.2518613934516907,-0.08561138063669205,-0.8779007792472839,0.18609698116779327,0.2030792534351349,-0.7907229065895081,1.4227416515350342,1.2889896631240845,2.271106004714966,0.5974249839782715,0.715353786945343,1.7025153636932373,1.6802151203155518,0
528,5279958,0.04683525487780571,0.1191285029053688,-0.9739881157875061,0.08477086573839188,-0.2764691710472107,-0.5242788195610046,30.263139724731445,-9.135248184204102,40.97776412963867,-1.1772714853286743,1.137061595916748,0.48178035020828247,-0.5391925573348999,-0.21522605419158936,1.2480987310409546,1.5968221426010132,0.6216051578521729,0.1726142168045044,0.37182706594467163,-0.27665191888809204,0.6740218997001648,0.3733406662940979,0.9966796636581421,0.7403708100318909,0
529,5290151,0.07325536012649536,0.04390139877796173,-0.9955692887306213,0.011354994960129261,0.32315975427627563,0.8570050001144409,30.164077758789062,-9.765920639038086,41.40583419799805,0.12395676970481873,0.4995776116847992,-0.03619106486439705,0.9332168102264404,-0.9913955330848694,-0.2731791138648987,0.17781750857830048,1.9678236246109009,-0.948663055896759,0.08765964210033417,-0.5001602172851562,-0.46994903683662415,1.591798186302185,-0.20241306722164154,0.9617056250572205,0
530,5299961,0.027034981176257133,0.04805825650691986,-0.9690046310424805,0.35790470242500305,0.268995463848114,-0.5209879279136658,29.457183837890625,-9.221104621887207,39.232852935791016,-0.6741974949836731,0.1448407918214798,0.5487914681434631,-0.15129758417606354,-2.508641242980957,0.7683559060096741,0.7025183439254761,0.2869614362716675,-0.3410605192184448,0.3772682249546051,0.46959903836250305,0.4235231876373291,0.13259395956993103,-0.48275989294052124,-0.1474343240261078,0
531,5310047,0.02158699743449688,0.02462347410619259,-1.0152498483657837,1.1903791427612305,0.4129185974597931,0.9088435173034668,32.18546676635742,-9.87750244140625,39.5869255065918,-0.7566394209861755,0.3769356906414032,-0.9999299049377441,-0.09752606600522995,-0.49578168988227844,-0.7583673596382141,0.35452917218208313,0.4418208599090576,0.3024199903011322,0.475293904542923,1.363415002822876,1.7402973175048828,0.36169007420539856,-0.4242349863052368,0.39804619550704956,0
532,5319985,-0.028023814782500267,0.03925471380352974,-0.993410050868988,0.03780193254351616,-0.9259731769561768,-0.09599926322698593,30.78813934326172,-9.265890121459961,38.65501403808594,0.09402721375226974,0.08827583491802216,-0.06268206983804703,-1.22779381275177,0.9987062215805054,0.12609457969665527,-0.5860161185264587,-2.4437332153320312,0.07589633762836456,-0.5376132726669312,0.3188623785972595,0.027651483193039894,1.3343286514282227,-0.5897203683853149,-1.0372681617736816,0
533,5329891,-0.082155242562294,0.025097357109189034,-0.9981455206871033,-0.26463064551353455,0.025984669104218483,1.7658445835113525,30.085594177246094,-9.27243709564209,40.68809509277344,-0.23572669923305511,-1.8040956258773804,-1.373977780342102,1.2958087921142578,0.6709153652191162,0.0776464194059372,-1.217397689819336,0.5177298188209534,0.07850741595029831,0.21883390843868256,-0.9673705697059631,0.5353853106498718,0.2534152865409851,0.6104584336280823,0.21011586487293243,0
534,5340038,-0.04032529518008232,0.04198624566197395,-0.9821287393569946,1.0548696517944336,-0.1743892878293991,-0.20649030804634094,28.1888484954834,-10.32099437713623,40.53917694091797,0.9259024262428284,-0.5036210417747498,-0.10133928805589676,0.2836848199367523,-0.04637623578310013,0.8252779841423035,-0.7807360887527466,0.2801714837551117,0.9435369968414307,-0.5978894829750061,-0.14740943908691406,0.019008085131645203,-0.3041366636753082,0.15675394237041473,-0.25277307629585266,0
535,5350032,0.0015239017084240913,0.05046392232179642,-0.9830784797668457,-0.06623448431491852,0.18788951635360718,0.3879862427711487,29.99371910095215,-9.43968391418457,41.30559158325195,-0.8389659523963928,0.9600171446800232,-1.0422120094299316,-1.3759593963623047,-0.16789522767066956,0.14861080050468445,-0.2115422487258911,1.317330241203308,0.7781868577003479,-0.9969915747642517,0.3020057678222656,0.23955053091049194,-0.8251768946647644,0.9777863621711731,-1.0025758743286133,0
536,5360058,-0.0709366500377655,-0.06536613404750824,-0.9891664981842041,-0.1978442221879959,-0.6614722013473511,-0.3286955654621124,30.72876739501953,-11.244832992553711,40.683937072753906,0.33004775643348694,-1.6983808279037476,-1.315071940422058,0.9936174154281616,1.7223646640777588,1.0696427822113037,1.047049880027771,0.11391819268465042,0.1848030537366867,1.1924641132354736,-0.7410779595375061,-1.0316146612167358,0.36538997292518616,0.5228404402732849,-1.2528938055038452,0
537,5369893,0.04922657832503319,0.02073187194764614,-1.0039868354797363,0.3241713345050812,1.1385257244110107,0.9091861248016357,30.33251953125,-8.797273635864258,39.93057632446289,0.06523242592811584,0.6435221433639526,-0.8740413784980774,-1.6072746515274048,-1.1499639749526978,-0.8016725182533264,0.45687171816825867,-0.29454028606414795,-0.29498031735420227,0.1977253556251526,0.3967166244983673,0.27059289813041687,1.6100646257400513,0.728834331035614,-0.227857306599617,0
538,5380157,0.031771931797266006,-0.026482107117772102,-0.9631502628326416,-0.8521787524223328,-0.4348928928375244,-0.7415066361427307,31.320777893066406,-8.002001762390137,40.615447998046875,-1.3696213960647583,0.4647168815135956,1.201711893081665,0.6278825998306274,-0.692104160785675,-0.20679926872253418,-0.1506383717060089,0.7554246783256531,0.21821792423725128,0.3983694612979889,-0.41094186902046204,-1.495721459388733,-0.5604882836341858,-0.5301348567008972,-0.6563787460327148,0
539,5389947,-0.022299472242593765,-0.0823776125907898,-1.013458490371704,0.6784522533416748,-0.043763499706983566,0.7504610419273376,29.567014694213867,-8.952966690063477,40.0434455871582,-0.8828438520431519,1.741557002067566,-0.6085288524627686,1.1872007846832275,-0.8813865184783936,-0.04982540011405945,-1.094401478767395,-1.1519633531570435,1.1787530183792114,-0.6443420648574829,-0.7317237257957458,-0.7630183696746826,3.0906803607940674,-0.8369296789169312,-0.46015042066574097,0
540,5400154,0.001962527632713318,0.040846873074769974,-0.9878840446472168,0.24653756618499756,-0.27312126755714417,-0.029194634407758713,30.435888290405273,-10.632513046264648,39.7625617980957,-0.36895304918289185,-0.026215815916657448,-0.1637423038482666,0.41558146476745605,-0.7190211415290833,0.32204577326774597,-0.18199174106121063,1.0619642734527588,0.062453776597976685,0.6193503141403198,0.1464845836162567,-0.19130387902259827,0.23214705288410187,-0.3534042537212372,-0.17446359992027283,0
541,5409923,0.022924242541193962,0.09137649089097977,-1.0160237550735474,0.34252285957336426,-0.1605035811662674,-0.20679743587970734,29.380041122436523,-10.109736442565918,38.010658264160156,-1.4099164009094238,-0.8056758046150208,0.19358228147029877,0.6815464496612549,0.5906381607055664,-1.3689807653427124,0.8473420739173889,0.5005261898040771,0.23135411739349365,0.3524743318557739,0.8506059050559998,0.360592782497406,0.8091938495635986,-1.269869327545166,-0.7113634347915649,0
542,5419838,0.022460078820586205,0.0057148560881614685,-0.9772748947143555,0.2870631217956543,-0.2672386169433594,0.8754158616065979,28.945735931396484,-11.570606231689453,40.248653411865234,0.2698480486869812,-0.9753968119621277,-0.3251263499259949,0.5905526280403137,-1.0533846616744995,0.5447074174880981,0.9723904728889465,0.16925093531608582,0.4119178354740143,0.990975022315979,0.8763880729675293,-0.9125642776489258,0.9648337364196777,0.36750566959381104,0.8575529456138611,0
543,5429956,-0.02025602012872696,0.03843558579683304,-0.9929405450820923,1.1907551288604736,0.4346253275871277,0.8495966792106628,30.4000244140625,-10.308406829833984,37.69810104370117,0.31186315417289734,-0.7795554399490356,0.6801695823669434,-0.02565128542482853,-0.6219058632850647,-0.09456014633178711,0.9522469639778137,2.0536398887634277,1.6682482957839966,0.6034942865371704,0.5001097321510315,0.07907659560441971,0.0031114111188799143,0.6279909014701843,0.3045402467250824,0
544,5439748,0.006015683989971876,0.03844250366091728,-1.014653205871582,-0.05236455053091049,0.6378262042999268,0.19760507345199585,29.135671615600586,-10.018987655639648,40.49699401855469,-0.842294454574585,-1.599145531654358,2.3085036277770996,0.7525042295455933,0.22340448200702667,0.366710364818573,1.1428078413009644,-1.858973503112793,-0.5158282518386841,-1.238987684249878,1.5104472637176514,0.12727318704128265,-0.4626130759716034,-0.45097020268440247,-0.16681015491485596,0
545,5450072,0.010913378559052944,0.008064339868724346,-0.998368501663208,0.2132483273744583,0.8291653394699097,-0.28449976444244385,29.621557235717773,-10.920598983764648,38.381099700927734,0.1512002795934677,1.7304039001464844,-0.818290114402771,-1.5682960748672485,-1.1394977569580078,0.6121653914451599,-0.5186756253242493,1.238671064376831,-0.06068827584385872,-1.9541242122650146,0.614553689956665,1.1624577045440674,-0.17581263184547424,-0.09523128718137741,0.3399011790752411,0
546,5459706,-0.0415804348886013,-0.043861228972673416,-1.0182751417160034,0.12489315867424011,-0.7169790863990784,0.35456612706184387,28.88930892944336,-9.534347534179688,40.86219787597656,-0.03511433303356171,-0.14258833229541779,0.08413014560937881,1.6301618814468384,1.2083412408828735,-0.11715126782655716,0.3389454185962677,0.09422674030065536,0.8695724606513977,0.8191783428192139,-0.227313831448555,1.737802267074585,-0.8454919457435608,2.2097504138946533,-1.203152060508728,0
547,5469850,0.09208747744560242,-0.055813323706388474,-0.989711582660675,0.5976925492286682,0.18960227072238922,0.218974307179451,30.864891052246094,-9.720759391784668,40.32430648803711,0.3717597424983978,-0.09114060550928116,-0.30853137373924255,0.9678143858909607,-0.644227921962738,-0.303127646446228,-1.0031698942184448,-1.3491311073303223,-0.4035385549068451,-1.2883214950561523,0.41660958528518677,1.5147603750228882,0.5745748281478882,1.6551785469055176,1.652982473373413,0
548,5480327,0.03799794614315033,0.04140610992908478,-1.016430377960205,0.15031372010707855,-0.35301607847213745,0.9889412522315979,29.67620277404785,-9.349603652954102,40.095794677734375,-1.1505478620529175,1.1646308898925781,-0.48189622163772583,2.1051461696624756,1.0703750848770142,-0.5832062363624573,1.6426891088485718,-0.14674650132656097,0.20242464542388916,2.311908006668091,0.010718987323343754,-0.12849782407283783,-0.4490039348602295,-0.7835108637809753,-0.42851805686950684,0
549,5489828,0.08237798511981964,0.02277202345430851,-0.9860182404518127,-0.5161221623420715,-1.3371648788452148,0.22167566418647766,32.214778900146484,-10.138147354125977,41.80337142944336,-1.5195097923278809,0.5954954028129578,0.6386187076568604,-0.08951551467180252,0.3953850269317627,0.17374630272388458,-1.2391659021377563,0.5033326148986816,0.07434630393981934,-0.3916184604167938,-0.16852639615535736,-0.17054393887519836,1.0019785165786743,-1.979965329170227,-2.3006410598754883,0
550,5500233,0.03351545333862305,0.011168901808559895,-0.9946773648262024,-0.338087797164917,-0.5465964078903198,0.08790357410907745,30.762903213500977,-8.875964164733887,38.98014450073242,-0.4361668527126312,0.29773736000061035,0.06198624148964882,-1.714983582496643,-0.3422376215457916,-0.062192004173994064,0.28751838207244873,-0.7637964487075806,0.5962104797363281,-0.2306617796421051,-0.24612058699131012,0.1360640823841095,-1.0587230920791626,0.528728187084198,0.520656168460846,0
551,5509721,-0.012370060198009014,-0.1108657643198967,-0.9941052198410034,0.01769021525979042,0.15363729000091553,0.6090899109840393,31.560348510742188,-10.018850326538086,42.44162368774414,0.1828068494796753,0.7516636252403259,0.29963812232017517,2.04191517829895,-0.44744929671287537,0.6821929812431335,-1.9610220193862915,-1.863995909690857,-1.8320797681808472,-0.604776918888092,-0.08600112795829773,-2.0781586170196533,-1.0770297050476074,-0.40111619234085083,-1.2903907299041748,0
552,5520001,0.024129746481776237,0.004055949859321117,-1.009971261024475,-0.1349087506532669,-0.3637428283691406,0.510983943939209,30.323501586914062,-8.540966033935547,38.90681838989258,-2.803002119064331,1.307517170906067,0.46880653500556946,0.7562904357910156,-1.4907772541046143,0.4405059814453125,-1.479292392730713,1.260855793952942,1.4272677898406982,-0.37480053305625916,-0.18590162694454193,-0.01695084758102894,0.8848547339439392,1.50233793258667,-1.1168780326843262,0
553,5529846,0.10091163963079453,0.13454367220401764,-0.9800235033035278,-0.16671010851860046,0.02625044621527195,0.11158990114927292,30.4328670501709,-10.386069297790527,41.123924255371094,1.471634864807129,1.3820277452468872,0.7341512441635132,0.55694580078125,-0.39228346943855286,0.7488736510276794,0.31511572003364563,-0.5766222476959229,1.5733097791671753,0.09732701629400253,-0.1325216293334961,-1.2780439853668213,0.08399637043476105,0.7258228063583374,-1.2975876331329346,0
554,5539755,-0.023686781525611877,0.03413494676351547,-0.9974873661994934,-0.014808541163802147,0.633664071559906,-0.0364830307662487,29.502777099609375,-10.385266304016113,39.58088684082031,0.9919937252998352,0.9712644815444946,-0.3258365988731384,1.412878155708313,-0.26988330483436584,-0.10497341305017471,-0.03554796427488327,-0.13045209646224976,-0.5693077445030212,-1.2639224529266357,-0.7605076432228088,-0.4269149601459503,0.7531051635742188,-1.538419485092163,-0.6107994914054871,0
555,5550121,0.01691233366727829,0.08908870816230774,-1.0223308801651,0.07556259632110596,0.23805947601795197,0.20461983978748322,28.68848419189453,-11.066936492919922,39.347877502441406,0.7410154938697815,0.19490507245063782,-1.5633234977722168,-0.4625910818576813,0.25723695755004883,2.349167585372925,-0.03923213481903076,-0.9858261346817017,-0.9012760519981384,-0.06257477402687073,0.10691431909799576,0.605116605758667,0.401471883058548,-0.1753133237361908,0.6034501791000366,0
556,5560128,-0.0031706076115369797,-0.04391908645629883,-1.0136111974716187,0.7711890935897827,0.17593872547149658,-0.1838875114917755,28.47051239013672,-9.788564682006836,38.830562591552734,0.9626873731613159,1.7599530220031738,-0.5285614132881165,-2.138901948928833,-0.6123939156532288,0.23247912526130676,-0.1869722157716751,-0.5731809139251709,-0.4377732276916504,-0.162389874458313,-0.7819421291351318,0.1465086191892624,0.17701992392539978,-0.11455823481082916,0.6279412508010864,0
557,5570211,0.018745221197605133,0.003535310970619321,-1.0112224817276,-1.084590196609497,0.6535633206367493,0.25205883383750916,29.340784072875977,-10.632463455200195,38.330684661865234,0.3936953544616699,0.3365650773048401,2.214376926422119,0.38002660870552063,-0.6492094993591309,0.6113742589950562,1.0586886405944824,-0.01073119230568409,-0.5478343963623047,-1.4834519624710083,0.0023069765884429216,-1.4120806455612183,-0.6119057536125183,-0.9234933853149414,0.8430114984512329,0
558,5580082,-0.03219151124358177,0.011287153698503971,-1.0030381679534912,-0.40484923124313354,-0.05926328897476196,0.14912493526935577,29.413074493408203,-10.16286563873291,39.0147590637207,0.8520971536636353,-0.9061041474342346,0.17133569717407227,1.6120754480361938,0.2846408188343048,0.6944867372512817,-1.917134165763855,-1.1355094909667969,-1.7920666933059692,-1.902613878250122,-0.12799915671348572,-0.10211674124002457,-0.37331628799438477,-1.3545173406600952,-0.268606960773468,0
559,5590222,0.0017279001185670495,-0.007510194554924965,-0.9825295209884644,0.23683567345142365,0.24767936766147614,0.1022254228591919,29.84391975402832,-7.776976108551025,40.97763442993164,-2.5849452018737793,0.5560236573219299,0.42998629808425903,0.9553568363189697,-1.034409999847412,0.9519688487052917,0.5524537563323975,1.2668390274047852,0.9011695384979248,-1.9458613395690918,1.0471559762954712,1.2492554187774658,0.13390472531318665,0.9001418948173523,-0.0015222022775560617,0
560,5599875,-0.07166280597448349,0.04001646861433983,-1.0218456983566284,0.18181906640529633,-0.19526343047618866,-0.5855359435081482,32.2071533203125,-10.739401817321777,40.58570098876953,-0.21805500984191895,0.3084183931350708,-0.21474498510360718,-0.7751559615135193,0.39480435848236084,-0.883779764175415,0.8182824850082397,-0.39011257886886597,-0.6081154346466064,0.19654841721057892,0.34347453713417053,-0.5467148423194885,2.1362314224243164,-1.3999872207641602,0.47703316807746887,0
561,5610189,0.07403960824012756,0.01662217639386654,-1.0055323839187622,-0.4643005132675171,0.8466021418571472,0.14452943205833435,28.50649070739746,-9.84595012664795,39.77105712890625,-0.5091742277145386,0.5009559392929077,-0.28247782588005066,-1.0988794565200806,-0.7928428053855896,0.15999853610992432,0.15013667941093445,0.2783074676990509,-1.3592993021011353,-0.22899816930294037,-0.24180838465690613,1.4386214017868042,-0.28006064891815186,0.019978174939751625,-1.102086067199707,0
562,5619960,0.02053653635084629,-0.009809636510908604,-0.9899270534515381,0.1200006976723671,-0.006157401949167252,0.10562875121831894,28.78810691833496,-7.742286682128906,40.134239196777344,-0.5593754053115845,-1.5627728700637817,1.3218189477920532,0.08164369314908981,-0.5135372281074524,-0.9511692523956299,-0.9259576201438904,-1.8352375030517578,-1.1653112173080444,-0.3186742663383484,0.3106255829334259,-1.6085164546966553,1.4105620384216309,-0.5944706797599792,-0.4743078351020813,0
563,5630130,-0.03060307912528515,-0.16066843271255493,-0.991307258605957,-0.04036295413970947,0.5511472821235657,0.2632281482219696,30.09537124633789,-10.155138969421387,40.77432632446289,-1.5624666213989258,-0.6254795789718628,1.9185315370559692,-1.3343474864959717,0.5345021486282349,0.14523626863956451,1.0387541055679321,0.32475242018699646,1.7475136518478394,-1.4611268043518066,0.5329053401947021,-1.2808914184570312,1.2523647546768188,-0.6108300685882568,0.08917485177516937,0
564,5640019,-0.020987672731280327,-0.00012233659799676389,-1.0020864009857178,-0.44657033681869507,-0.31269824504852295,0.10690024495124817,30.131757736206055,-11.92550277709961,40.92390823364258,1.4917831420898438,-0.22440803050994873,0.831023633480072,0.4708079397678375,0.2720997631549835,0.18419276177883148,0.5764023065567017,-0.6068046689033508,-0.18537873029708862,-0.5816330909729004,0.35673362016677856,1.8166170120239258,2.4581408500671387,-0.5230723023414612,0.5267139673233032,0
565,5650067,-0.06207101047039032,0.03072183206677437,-1.0191314220428467,0.5724242925643921,-0.30821117758750916,-0.85330730676651,29.71908950805664,-8.52999496459961,40.80780792236328,1.1290630102157593,-0.7881348729133606,1.194665551185608,-0.21249228715896606,1.7872745990753174,-1.1528218984603882,0.6685680747032166,-0.5085870027542114,-0.2835412323474884,1.513364315032959,0.5527580976486206,-0.7364986538887024,-0.62223881483078,0.725071907043457,-0.15041334927082062,0
566,5659657,0.03423377871513367,-0.06269076466560364,-0.9928035736083984,-0.02744305320084095,0.5186202526092529,0.15731558203697205,30.21457862854004,-8.751094818115234,40.88638687133789,-0.43988221883773804,-0.8828026056289673,0.28191685676574707,0.8999611735343933,0.732133150100708,2.296701192855835,-0.10544253885746002,-0.6337952017784119,1.7119773626327515,-0.699353039264679,0.0777512639760971,0.026131521910429,-0.2627565860748291,-1.5969806909561157,0.9189979434013367,0
567,5669784,-0.018831681460142136,-0.04395049065351486,-1.0095903873443604,-0.43795081973075867,-1.5700500011444092,-0.07373762130737305,31.303319931030273,-10.644027709960938,40.74658966064453,0.3171270191669464,-0.24242821335792542,-0.5401030778884888,-0.9606131315231323,-0.023544849827885628,-1.807867407798767,-1.050002098083496,-0.3602893054485321,-0.5466719269752502,-0.18702679872512817,-0.4323284327983856,0.9748095870018005,0.5173304677009583,1.2511160373687744,0.8742651343345642,0
568,5679824,-0.011586424894630909,-0.02213871292769909,-1.0113743543624878,0.4062069356441498,0.6195974946022034,-0.47464990615844727,29.035314559936523,-12.270790100097656,39.86399841308594,-0.37231937050819397,0.8109162449836731,0.7145392894744873,-1.4271725416183472,-0.00035118788946419954,-0.14004303514957428,-0.6027412414550781,0.33097705245018005,-0.15676993131637573,0.19521310925483704,-0.1255999058485031,-0.11214559525251389,1.081939935684204,-0.9163591265678406,0.22868332266807556,0
569,5690024,0.0664723813533783,-0.036776769906282425,-0.989185631275177,1.1599165201187134,-0.0209340862929821,0.34443438053131104,29.50755500793457,-11.05855655670166,40.75212097167969,0.221250519156456,1.1375155448913574,1.6414629220962524,1.1223424673080444,-0.24388253688812256,-0.5835784077644348,-1.34175443649292,0.3038555383682251,-0.6499266624450684,-1.3875240087509155,-0.6076604127883911,0.07758265733718872,-1.9217252731323242,-1.3427071571350098,0.9724246859550476,0
570,5700130,0.04954416677355766,0.004313518293201923,-0.9785734415054321,-0.3728661835193634,0.4544728994369507,-1.0771124362945557,28.662559509277344,-10.753067016601562,39.502708435058594,0.5370604991912842,0.04647555947303772,-0.31827133893966675,-0.8458875417709351,2.015665054321289,0.39641985297203064,-0.05407596006989479,1.1119006872177124,-0.08839807659387589,0.34962987899780273,-0.5148556232452393,-0.44272154569625854,1.7550565004348755,1.78619384765625,0.11094960570335388,0
571,5710085,-0.02633925899863243,-0.005292131565511227,-0.9888709187507629,0.35518398880958557,0.22302231192588806,-0.5201828479766846,31.565204620361328,-10.10345458984375,40.26118469238281,-0.6993574500083923,0.9471912384033203,0.25849881768226624,-0.8214795589447021,2.412626266479492,0.9388325810432434,2.120997190475464,0.8641923069953918,0.20408836007118225,-1.4801983833312988,-0.010800519958138466,0.8386647701263428,-0.8932555317878723,-0.3820556402206421,-2.174604654312134,0
572,5719909,0.04726887494325638,0.019970277324318886,-0.9884857535362244,-0.2811642587184906,-0.6220024228096008,0.3179897665977478,30.49449920654297,-10.01600456237793,39.07209014892578,-0.39819905161857605,-1.3695203065872192,-0.1708633303642273,-1.450942039489746,-0.39092034101486206,0.38871651887893677,-0.4861600995063782,-0.6554734706878662,-0.8194072842597961,0.8910502791404724,-1.2528318166732788,-0.7109602689743042,-0.43620508909225464,-0.5524076819419861,1.536922574043274,0
573,5729650,0.042847782373428345,0.03505890816450119,-1.008353590965271,-0.018553435802459717,-1.0105143785476685,0.1597016602754593,31.79231071472168,-9.905634880065918,39.891483306884766,-0.168971985578537,-1.4644993543624878,0.149415984749794,-1.2124838829040527,-0.6113154292106628,0.7321810722351074,0.3003738224506378,0.8850486874580383,1.8568902015686035,-1.3813185691833496,-0.3370342552661896,1.9065226316452026,0.892869770526886,-0.4913858473300934,0.2862454354763031,0
574,5739942,0.10201099514961243,0.031368404626846313,-1.000950813293457,0.2250618040561676,-0.208460733294487,-0.5382333993911743,29.503658294677734,-9.272841453552246,40.436588287353516,0.2589218020439148,-0.24732956290245056,0.48982664942741394,0.14625032246112823,0.4429910480976105,-0.9631292223930359,-1.6232267618179321,-0.967156171798706,0.8356773853302002,0.3018650412559509,-1.744993805885315,0.9519500732421875,1.8196555376052856,2.044757604598999,-0.6055630445480347,0
575,5750024,-0.02374526858329773,0.01389332301914692,-1.0214605331420898,0.4337848424911499,0.25112903118133545,1.1919482946395874,32.93318176269531,-10.187447547912598,39.91193771362305,0.7558081150054932,0.6269396543502808,-0.4056226313114166,-0.17650233209133148,0.7331691980361938,0.3162313401699066,-0.3777979016304016,1.5679214000701904,-1.5722894668579102,1.3974214792251587,-0.817138671875,0.018889276310801506,0.28275057673454285,1.1503851413726807,-0.009431821294128895,0
576,5759858,-0.0020592946093529463,-0.025497807189822197,-1.0076550245285034,-0.32693296670913696,-0.14496317505836487,0.17562973499298096,29.06668472290039,-9.241782188415527,41.03667449951172,0.09683283418416977,1.0817071199417114,-0.28259730339050293,0.8369404673576355,0.6238594055175781,-0.8860610723495483,1.1339114904403687,-2.2691001892089844,0.2109087109565735,0.7454673051834106,-0.18011732399463654,1.2773017883300781,-0.38739773631095886,-0.15120238065719604,-0.46299928426742554,0
577,5769973,0.04121068865060806,-0.003587548155337572,-0.989574134349823,-0.4845828413963318,-0.28405845165252686,0.13676723837852478,29.95042610168457,-9.151497840881348,40.0948486328125,-0.4894530177116394,1.0419704914093018,-0.4518430531024933,-0.0578991174697876,0.715521514415741,2.615391969680786,-0.9054610133171082,-0.8769932985305786,-0.6081805229187012,1.8881474733352661,-0.006128891371190548,0.4962519109249115,1.459829330444336,-0.10480272769927979,-1.9537885189056396,0
578,5779890,0.05716093257069588,0.005322319455444813,-0.9773635268211365,1.1323251724243164,-0.010011743754148483,-0.8076152801513672,29.575319290161133,-10.377885818481445,39.02971267700195,0.0575404055416584,0.17996981739997864,-0.6484665870666504,-0.07881147414445877,-0.1678246706724167,-0.2377050518989563,0.2514951825141907,-0.8349741101264954,-0.7296093106269836,0.04139817878603935,0.6307680606842041,0.21225999295711517,-0.33349478244781494,1.8005788326263428,1.9720370769500732,0
579,5789915,0.01655266433954239,-0.05487241968512535,-1.0093172788619995,-0.3571591079235077,0.2594796121120453,0.20538969337940216,29.648454666137695,-9.827630996704102,39.459590911865234,-0.4587075710296631,-0.6268511414527893,-1.7629024982452393,-0.3041861951351166,1.192370891571045,0.0023290757089853287,-0.1352183222770691,-1.5851784944534302,0.6299170851707458,-0.11898192763328552,-1.7068537473678589,0.33850598335266113,1.022996425628662,-0.9372431039810181,-1.0821748971939087,0
580,5800097,0.00504936883226037,-0.01336880773305893,-0.9918692111968994,-0.21206100285053253,0.16980497539043427,0.7891708612442017,32.15264129638672,-10.812686920166016,40.25771713256836,0.10779242217540741,0.6326127052307129,-1.1360719203948975,0.912653386592865,-0.7748461365699768,-1.0720038414001465,0.23701758682727814,2.1367335319519043,0.5085951089859009,1.098049283027649,1.4331510066986084,2.1305112838745117,0.532924234867096,-0.054904092103242874,2.409841299057007,0
581,5810212,-0.0245212335139513,-0.009355096146464348,-1.0065652132034302,0.43726444244384766,-0.21242335438728333,-0.4439234733581543,29.245141983032227,-8.637627601623535,40.11115646362305,1.6609933376312256,0.04702785238623619,0.9277368783950806,0.2980246841907501,0.7248159646987915,-0.7690931558609009,1.8202866315841675,-0.6807096600532532,-0.5842207074165344,-1.633661150932312,0.2050657719373703,0.6581019759178162,-0.3455081880092621,-0.7245957851409912,0.09507513791322708,0
582,5819985,-0.003645208664238453,0.0734042301774025,-1.0256409645080566,0.3900463581085205,0.22907663881778717,-0.9365072846412659,30.243160247802734,-8.116632461547852,41.027496337890625,-0.6634820103645325,1.173601746559143,0.2851383090019226,-0.9317041635513306,0.17989766597747803,0.20891831815242767,0.7501192092895508,0.30528679490089417,0.03730839490890503,1.0742363929748535,0.22247472405433655,-1.0145238637924194,0.2247258871793747,-0.7801138758659363,0.45127642154693604,0
583,5829831,-0.029552720487117767,0.10652953386306763,-1.0084091424942017,-0.37707582116127014,-0.06172662600874901,0.034960612654685974,29.289430618286133,-10.295175552368164,38.64662170410156,0.8085979223251343,-1.3867079019546509,1.222132682800293,-0.16167454421520233,-1.5440915822982788,-0.0037568253464996815,0.4264433979988098,1.1989959478378296,-0.8364757895469666,-1.6242470741271973,0.7163200974464417,-0.746487021446228,-0.26371288299560547,0.9870482087135315,1.256119728088379,0
584,5839826,-0.05990906059741974,0.07713835686445236,-0.9572737216949463,-0.4426001310348511,-0.14593619108200073,0.15948498249053955,31.595439910888672,-9.693686485290527,41.1505126953125,-0.8831505179405212,-0.1166362538933754,2.015470266342163,0.29536885023117065,-0.30157729983329773,-0.3840765058994293,1.9001185894012451,-0.8344414830207825,-1.0407171249389648,-1.37056565284729,0.5802274346351624,-0.5114896297454834,1.790035367012024,0.28508883714675903,1.0004677772521973,0
585,5849848,0.0035533830523490906,-0.12146531790494919,-0.99794602394104,-0.34493201971054077,0.5569815635681152,-0.022099485620856285,30.913387298583984,-10.34062385559082,39.84253692626953,-0.27152153849601746,1.008613109588623,1.0826514959335327,1.659039855003357,-1.455195426940918,-0.6757405400276184,-0.5807541012763977,2.0384464263916016,1.9133247137069702,-0.2927199900150299,-0.24415172636508942,-0.6868570446968079,0.030402513220906258,-0.6769298315048218,-0.560093343257904,0
586,5859895,0.00826528761535883,0.01220684964209795,-1.0026752948760986,-0.25844088196754456,0.6645389795303345,0.11237263679504395,28.94234848022461,-10.20927906036377,38.44097900390625,-0.7484785914421082,-0.8034535646438599,-1.6342459917068481,0.8196951746940613,-1.7470157146453857,0.2041684240102768,-0.13413472473621368,-0.03552579879760742,0.19798994064331055,1.815036654472351,2.087644577026367,-1.1340625286102295,-1.29091477394104,1.7749627828598022,0.4725063145160675,0
587,5869993,-0.04569263756275177,-0.051897596567869186,-0.988536536693573,0.5071888566017151,-0.09719263017177582,0.38415801525115967,31.54888916015625,-12.144527435302734,39.86800003051758,-0.7634331583976746,0.6515410542488098,0.3121722340583801,0.9075124859809875,0.7015171051025391,-0.9819471836090088,-0.7676455974578857,0.7996034026145935,-0.27163082361221313,-1.086342453956604,-1.0139926671981812,0.3376867473125458,-0.6479616165161133,1.2627466917037964,-0.3575419783592224,0
588,5879858,0.02001885510981083,-0.06501101702451706,-1.040832757949829,0.1529986709356308,-1.014286994934082,0.07814295589923859,30.7246150970459,-9.666589736938477,41.39775466918945,0.5894200801849365,-0.3541463315486908,1.0776698589324951,0.15859819948673248,0.6344870328903198,-0.49322643876075745,1.1692702770233154,0.34551435708999634,-0.11622153222560883,0.4172668159008026,0.07044732570648193,1.9463378190994263,-0.6945473551750183,-1.29050874710083,0.21006983518600464,0
589,5889936,0.015727076679468155,0.01044932845979929,-1.0200536251068115,0.17935268580913544,0.26250752806663513,-0.16002614796161652,30.53948974609375,-9.073169708251953,38.763580322265625,-0.3510423004627228,-1.1636672019958496,0.5620694756507874,2.7516143321990967,0.08274250477552414,0.8585696816444397,-2.36958909034729,-0.4605496823787689,0.8582246899604797,1.3137317895889282,0.5806488990783691,1.1146584749221802,1.559636116027832,0.4960450530052185,0.1762041598558426,0
590,5900074,0.013607165776193142,-0.08213473111391068,-1.0246241092681885,0.8259444236755371,0.22879719734191895,0.6488009691238403,30.562522888183594,-9.28609848022461,39.62103271484375,-0.8733212351799011,-0.21658863127231598,-0.797001302242279,-1.0682235956192017,-0.06478646397590637,-0.8754714727401733,-0.09741900116205215,0.9303398728370667,-0.14262662827968597,-0.7382106781005859,1.658429503440857,-0.6852098107337952,-0.20109321177005768,0.3182300925254822,-0.5350923538208008,0
591,5910064,0.04801546782255173,0.029683822765946388,-0.9637576341629028,-0.29586026072502136,-0.018433870747685432,-0.5234088897705078,29.742136001586914,-10.547941207885742,40.17210006713867,0.9054844975471497,-2.0795416831970215,0.17856623232364655,-0.28624480962753296,-0.9747057557106018,-0.062407903373241425,0.5002004504203796,-1.2461754083633423,2.5433144569396973,-0.5679616928100586,1.2404131889343262,0.9306569695472717,-0.023129234090447426,0.19556470215320587,-0.6316196322441101,0
592,5920146,0.11342905461788177,0.07260461151599884,-1.0110048055648804,0.044833820313215256,0.36912772059440613,0.9749996066093445,30.843544006347656,-9.990119934082031,39.515953063964844,-1.982595443725586,0.2945416569709778,-0.24634982645511627,-0.11437489092350006,-0.5925753116607666,-0.8325456380844116,1.3025195598602295,0.21644648909568787,0.6149731874465942,-0.33876311779022217,-1.3192050457000732,-1.1670089960098267,-2.8208425045013428,0.47283753752708435,1.0460623502731323,0
593,5930066,-0.053784362971782684,0.00938525889068842,-1.0320059061050415,-0.03313525766134262,0.10553165525197983,0.8390412330627441,31.433673858642578,-10.624340057373047,41.42746353149414,0.5097721219062805,-1.1347054243087769,-0.7727769017219543,-2.4530832767486572,0.8523858785629272,0.6854152679443359,1.0833557844161987,-0.8952364325523376,1.2766270637512207,0.5017085671424866,-0.6489123702049255,-1.061403512954712,-1.1471282243728638,-0.008722309954464436,0.7709310054779053,0
594,5939984,0.0030224507208913565,0.04456435889005661,-1.0298718214035034,-0.08402027189731598,0.12542840838432312,0.3347388505935669,30.40299415588379,-7.534370422363281,40.489383697509766,-0.5736302137374878,0.6351925134658813,-1.2924201488494873,0.6318331956863403,-0.09357219934463501,-0.14141985774040222,-0.3833805322647095,-1.3800779581069946,-1.384356141090393,1.2993735074996948,-0.3581100106239319,-1.4939152002334595,-0.5151349902153015,-0.4831109046936035,-1.1733475923538208,0
595,5950082,0.020578693598508835,-0.017833810299634933,-1.0089943408966064,0.6120758652687073,-0.5196644067764282,0.9312404990196228,30.16534996032715,-10.044083595275879,40.246482849121094,-0.2879616320133209,1.0357767343521118,-0.16529980301856995,-1.7406227588653564,-2.2533230781555176,0.963930606842041,-0.7478113174438477,-0.611142635345459,-0.5003631114959717,-0.017185214906930923,-1.0614782571792603,0.5447049140930176,-1.3680981397628784,1.718888521194458,-0.836348295211792,0
596,5960091,0.02399791032075882,-0.020767968147993088,-0.9878604412078857,0.1351572871208191,0.6182740926742554,0.07008867710828781,29.252553939819336,-10.170608520507812,39.23532485961914,1.2943534851074219,-0.4751516580581665,-0.8097699284553528,-1.1063569784164429,2.3918099403381348,0.32712939381599426,1.3823392391204834,2.7748422622680664,0.7409108281135559,0.31618306040763855,-0.6807470917701721,-0.3110714554786682,-0.4854997992515564,1.1300580501556396,-0.41396793723106384,0
597,5969881,-0.001758082304149866,-0.015049801208078861,-1.0030361413955688,0.15398815274238586,-0.6190656423568726,-0.3374691307544708,29.77660369873047,-10.559383392333984,37.23183822631836,2.1872661113739014,0.5605494976043701,-0.3392517864704132,0.05437949672341347,0.01601887308061123,1.668057918548584,-2.086642026901245,-0.71854567527771,0.4022105038166046,0.5851080417633057,-0.5753074288368225,-0.8816792964935303,-0.15233466029167175,0.3717682659626007,0.11699622124433517,0
598,5980045,0.00573475006967783,0.01623530127108097,-0.965467631816864,0.6282872557640076,0.8830437064170837,-0.8109122514724731,30.69473648071289,-9.758500099182129,38.9496955871582,-1.5249522924423218,1.3588699102401733,-0.6653361916542053,0.1169545128941536,-1.5812042951583862,-0.5274466276168823,0.32790490984916687,0.468289852142334,-1.042759895324707,-1.0055969953536987,1.285079836845398,-2.7354369163513184,1.9624302387237549,-0.34129637479782104,0.20669814944267273,0
599,5989750,-0.03380954638123512,0.019879480823874474,-0.9766448736190796,-0.2340903878211975,0.5783022046089172,0.130218505859375,29.323503494262695,-8.457040786743164,40.16920852661133,-0.2994800806045532,1.7876173257827759,-0.857691764831543,-2.8685526847839355,0.04688594490289688,-0.2715059518814087,-0.05979984998703003,0.7705243825912476,-1.4046361446380615,-0.17403072118759155,0.0307796448469162,0.3633217215538025,-0.7191964983940125,1.7803637981414795,1.4802662134170532,0
600,6000034,-0.0810624361038208,-0.10189155489206314,-1.0086133480072021,0.02831145003437996,0.29272979497909546,0.19852662086486816,30.935617446899414,-11.495267868041992,40.426273345947266,0.4378916025161743,-0.32200098037719727,0.2311733514070511,0.20696285367012024,-0.9204717874526978,-0.9917892813682556,0.6169540286064148,-0.019039705395698547,0.6159235835075378,-1.5048034191131592,0.11172964423894882,0.43636658787727356,-1.2741141319274902,0.11002906411886215,-0.9878748655319214,0
601,6009784,0.05834757909178734,-0.04011731594800949,-1.0070037841796875,0.5644688606262207,0.13610054552555084,0.14314045011997223,29.324970245361328,-8.071694374084473,39.22072982788086,0.5299018025398254,-0.41089943051338196,0.43097296357154846,1.0741595029830933,0.8644587397575378,-0.13251100480556488,0.18117831647396088,0.5718575119972229,-0.17176708579063416,0.11352548748254776,-1.9346437454223633,-3.153275966644287,-0.6093668937683105,0.705213189125061,2.328674793243408,0
602,6020178,0.012062937021255493,-0.002372113987803459,-1.0209378004074097,0.8080253601074219,-0.2037440985441208,0.9282660484313965,31.42281150817871,-8.73333740234375,38.96269989013672,-0.057980142533779144,0.042712390422821045,0.7344896197319031,0.8440098166465759,-0.594207227230072,-0.6699791550636292,1.1627541780471802,0.6737224459648132,-1.8382207155227661,-1.716731309890747,0.3053968548774719,1.224320411682129,-0.13806268572807312,1.6114349365234375,-0.4575929045677185,0
603,6030213,0.030049018561840057,-0.04642312601208687,-0.9976544976234436,0.23088207840919495,-0.8690477609634399,0.6655212640762329,29.66252899169922,-9.221632957458496,40.22560501098633,0.8737577795982361,0.1640830785036087,0.8552731871604919,-0.24044658243656158,0.47830653190612793,1.2860509157180786,-0.941568911075592,0.4545172452926636,0.047493331134319305,0.521781325340271,1.6144177913665771,0.783087432384491,0.3763411045074463,-0.5084648132324219,2.0349578857421875,0
604,6039810,-0.02785181999206543,0.03517024964094162,-0.9835649132728577,-0.6125589609146118,0.09248831868171692,0.29732415080070496,30.91762351989746,-11.44351863861084,41.137210845947266,0.07186226546764374,1.3956836462020874,0.6762741804122925,2.253668785095215,-0.7514783143997192,1.3022414445877075,-2.2905044555664062,0.7184834480285645,0.21647629141807556,1.3804399967193604,-0.6272968053817749,1.5690983533859253,-0.9242118000984192,-0.12283260375261307,-0.6311596632003784,0
605,6050221,0.007720773573964834,0.03140111267566681,-0.9622136354446411,-0.3014921545982361,-0.16333192586898804,0.05659857764840126,28.43926239013672,-11.186100006103516,41.113525390625,0.6714272499084473,-0.8083950877189636,0.9124794006347656,1.3632056713104248,-0.09897840023040771,-1.3771299123764038,2.1769282817840576,-1.3811571598052979,2.390880823135376,0.3007603585720062,0.6459111571311951,1.5932241678237915,-0.15490728616714478,-1.0056582689285278,0.6003360748291016,0
606,6060098,0.002080923179164529,-0.015227572061121464,-1.0306825637817383,-1.1153422594070435,-0.6044638156890869,-0.5915934443473816,30.20973014831543,-9.823240280151367,39.96617889404297,-0.8361010551452637,-0.5527732968330383,1.4053328037261963,-0.9354156255722046,-1.2265816926956177,0.8934674263000488,-0.3426744043827057,0.15476371347904205,-0.90410977602005,-0.8864687085151672,-0.8146182894706726,0.9963729977607727,-0.5159622430801392,-0.9689443111419678,-0.33351829648017883,0
607,6070046,0.002660459838807583,-0.04175175726413727,-0.9858608841896057,0.4061392843723297,-0.6409432888031006,-0.3200811743736267,29.190513610839844,-9.857461929321289,38.62289047241211,2.384739398956299,0.5544494390487671,-0.18785588443279266,-0.9307476282119751,-1.1333941221237183,-0.2958358824253082,-0.9216139912605286,-0.4145815372467041,0.5379034280776978,0.1602875143289566,-1.2595125436782837,0.07018774002790451,1.0940548181533813,1.0780277252197266,0.833700954914093,0
608,6079829,-0.020598802715539932,0.029095003381371498,-0.9765655994415283,-0.93238765001297,0.449492871761322,-0.1739637553691864,30.563493728637695,-11.064245223999023,38.44486618041992,-0.46391767263412476,0.09826032817363739,-1.631041407585144,0.9425806999206543,-0.8557221293449402,0.04658195376396179,-1.5422698259353638,-1.3754979372024536,-0.37694722414016724,1.684853434562683,-0.17796184122562408,1.110533356666565,0.47951656579971313,-1.743032693862915,-0.052453577518463135,0
609,6089884,-0.05899009481072426,0.1414855718612671,-0.9818359017372131,0.5125617980957031,-0.5500719547271729,0.2799661457538605,31.04609489440918,-9.328715324401855,39.6335334777832,-0.3550359010696411,-0.6138205528259277,-0.2100202888250351,0.273256778717041,1.7975518703460693,1.9708304405212402,0.07507717609405518,-1.9269461631774902,0.5041245222091675,1.9763145446777344,-0.5429503321647644,-0.36709344387054443,0.5083537697792053,-0.0018931959057226777,1.1209297180175781,0
610,6099794,0.013652458786964417,0.006482715718448162,-1.004623293876648,0.36053478717803955,0.306865930557251,-0.35208797454833984,28.57981300354004,-11.28985595703125,38.77821350097656,0.08745018392801285,0.2315489649772644,-0.6825212240219116,-0.012892753817141056,0.6473566293716431,-0.863502025604248,-0.3890831172466278,1.6041404008865356,0.9435727000236511,-0.7238132357597351,2.019235134124756,-1.563239574432373,1.3404700756072998,-1.0788525342941284,0.6381700038909912,0
611,6109961,0.0589698925614357,-0.06140579655766487,-1.0058881044387817,-0.7174149751663208,-0.18218225240707397,-0.06684966385364532,29.4950008392334,-9.86649227142334,38.85226821899414,1.3928321599960327,0.3273513615131378,-0.5972490310668945,0.36086711287498474,-1.6358169317245483,1.1924291849136353,-3.03381085395813,0.9177110195159912,-1.196805477142334,0.6278120279312134,2.1110363006591797,0.0861840769648552,-0.37152788043022156,1.1102279424667358,-0.009762192144989967,0
612,6120040,0.03807277977466583,0.007626391015946865,-1.0059243440628052,0.7138858437538147,0.2137063443660736,0.2628994286060333,31.30938148498535,-9.415122032165527,39.077545166015625,2.916175603866577,-0.5132094025611877,0.5579142570495605,-1.0896152257919312,-1.2837355136871338,-0.7335443496704102,0.15442197024822235,0.8231363892555237,-0.7732575535774231,-0.6937478184700012,-0.3753403425216675,-0.8231087327003479,0.8299874067306519,0.22316360473632812,0.49882376194000244,0
613,6130079,0.05397187918424606,-0.09079407155513763,-0.9763386845588684,0.05486677959561348,0.20332297682762146,-0.3199318051338196,31.99165153503418,-7.894853591918945,37.989261627197266,-0.18652968108654022,-1.2700307369232178,1.3053252696990967,0.866427481174469,0.6004438400268555,0.34060418605804443,-0.2337900698184967,0.4532341957092285,0.9108656048774719,0.7415062189102173,0.11082951724529266,0.8721400499343872,1.854245662689209,-1.6342990398406982,-0.095164455473423,0
614,6139854,0.013278564438223839,0.027072640135884285,-0.9646289944648743,-0.2729806900024414,0.3361831307411194,0.41696956753730774,29.864545822143555,-10.602640151977539,41.11647033691406,-0.36795347929000854,0.5389240980148315,1.031293511390686,0.13776405155658722,0.3417612612247467,-0.37498441338539124,-0.5403692126274109,-0.6721413135528564,0.9505326747894287,0.43193551898002625,-0.570691704750061,-1.2544655799865723,-0.7610581517219543,-1.910208821296692,1.2902655601501465,0
615,6150154,-0.024006037041544914,0.017592787742614746,-1.014737606048584,-0.15772603452205658,-0.18433034420013428,-0.02155071124434471,30.509498596191406,-10.673951148986816,40.88029861450195,-0.32082533836364746,1.5619099140167236,1.2047138214111328,1.0324782133102417,-0.9074019193649292,-0.6836252808570862,-0.2482690066099167,0.7953571081161499,-0.30103814601898193,0.7008320093154907,0.8370962738990784,0.1762368083000183,-0.0766122117638588,-0.1901283711194992,-0.8955640196800232,0
616,6159780,-0.045996759086847305,-0.014760652557015419,-0.9946950674057007,-0.3736307919025421,-0.3988335430622101,-0.1330154836177826,28.03193473815918,-9.649776458740234,39.7587890625,2.066887140274048,0.47608843445777893,0.11491405963897705,0.7999307513237,1.2787882089614868,-1.028552770614624,0.40885129570961,-0.5274419188499451,-1.342545509338379,-0.2683888077735901,-0.860746443271637,0.8305007219314575,0.10437685251235962,0.34548264741897583,0.5620138645172119,0
617,6170186,0.008958048187196255,-0.03274567797780037,-1.0177524089813232,-0.15045836567878723,-0.26709872484207153,0.09550992399454117,31.267417907714844,-10.061121940612793,38.82658004760742,0.15303055942058563,-0.6918750405311584,-0.41526907682418823,1.868364930152893,0.5984058380126953,-1.0204448699951172,-0.26050859689712524,-0.6752316951751709,0.6838307976722717,1.673227310180664,0.08626039326190948,1.3964707851409912,-0.21771204471588135,-0.7640941143035889,-1.3292485475540161,0
618,6180103,-0.042914047837257385,-0.0158823374658823,-0.9994386434555054,-0.3860744535923004,-0.5469383001327515,-0.36471283435821533,29.639846801757812,-9.437246322631836,38.550262451171875,0.17942295968532562,-0.02986161969602108,0.8238953948020935,-0.20913589000701904,-0.5219766497612,-0.19465740025043488,-0.2907140552997589,-0.33831721544265747,-1.7737587690353394,-0.16312168538570404,-0.8937307000160217,-0.38973501324653625,-2.3191323280334473,0.21513411402702332,-0.5399788022041321,0
619,6189881,-0.03958480805158615,-0.018468650057911873,-0.9774736166000366,0.7475954294204712,1.0484240055084229,0.0322430394589901,32.41543197631836,-9.76974868774414,39.6001091003418,-0.0010143355466425419,0.5192849636077881,0.3630543053150177,0.6680641174316406,0.5094748139381409,-2.546095609664917,1.1013740301132202,-1.942974328994751,-0.34949877858161926,-0.1905038207769394,-0.5882046818733215,1.3698829412460327,-0.21119627356529236,-0.5600456595420837,0.24499061703681946,0
620,6199925,-0.03493833169341087,0.06851314753293991,-1.0089112520217896,-0.8037633299827576,-0.1941068470478058,0.9372738003730774,30.12491226196289,-10.482522964477539,39.07487106323242,-0.05995525047183037,-1.3120983839035034,1.7209528684616089,-0.5204924941062927,0.3516746461391449,1.208064079284668,-0.23545970022678375,-1.2671629190444946,0.9297090172767639,0.5715489983558655,0.856972336769104,-0.9127382040023804,0.7507163286209106,-0.7986463308334351,-1.8382344245910645,0
621,6210076,0.09773425757884979,-0.03809210658073425,-1.011531949043274,-0.8032793402671814,0.3223203718662262,1.1689823865890503,30.657634735107422,-11.985306739807129,41.547611236572266,0.6060962677001953,-1.0324738025665283,-0.15434369444847107,0.6581203937530518,-0.8491193056106567,0.7607048153877258,0.7906012535095215,-1.329385757446289,0.49212849140167236,0.9586784243583679,0.1812620311975479,0.3228261470794678,-1.3721476793289185,0.9423379302024841,0.963464617729187,0
622,6219747,-0.02446383610367775,-0.02328285202383995,-0.9808675050735474,-0.27972424030303955,-0.20934942364692688,-0.8001040816307068,30.169597625732422,-7.924655914306641,41.18973159790039,-0.24008667469024658,-1.2819684743881226,1.1586525440216064,1.2996865510940552,0.15504004061222076,-0.18264345824718475,-1.0871691703796387,-0.5216080546379089,0.9530869126319885,-0.47203385829925537,1.0697439908981323,-2.025907039642334,-0.609679639339447,-1.9061994552612305,3.3642234802246094,0
623,6229979,0.16815367341041565,-0.01819642446935177,-0.9531208872795105,-0.23064805567264557,-0.12247874587774277,-0.9037850499153137,29.890850067138672,-10.320923805236816,41.18953323364258,-0.4307876229286194,0.02750108391046524,-0.8795868158340454,0.3986797332763672,0.9099541306495667,0.5666017532348633,0.32827743887901306,-0.7718385457992554,-1.0505337715148926,0.2906898558139801,0.6345446109771729,0.23737744987010956,-0.24060620367527008,-0.3234797418117523,-1.012858271598816,0
624,6240075,0.015722906216979027,-0.013658243231475353,-1.0178850889205933,-0.17556233704090118,0.0007355712004937232,-0.3259306848049164,30.236513137817383,-9.640040397644043,40.568267822265625,1.4916683435440063,-1.6081573963165283,-0.7964780926704407,1.051081657409668,-0.7239553928375244,-2.1820778846740723,-0.8943110108375549,0.4420561194419861,0.08977686613798141,0.4117252826690674,0.28538987040519714,2.1726536750793457,-0.8881592154502869,0.11454372107982635,-0.3239372968673706,0
625,6250045,0.016659177839756012,-0.013181864283978939,-0.9821680188179016,0.37756872177124023,0.6116405129432678,0.6454655528068542,29.88037109375,-10.106507301330566,41.2880744934082,-1.161854863166809,-0.38129016757011414,1.3689160346984863,-1.45245361328125,-0.47287800908088684,-0.004224426578730345,1.357996940612793,-0.6214634776115417,1.0289334058761597,-0.14086562395095825,1.218796730041504,1.317213535308838,0.5211164951324463,-1.2291797399520874,0.10683195292949677,0
626,6259910,0.01411221083253622,0.10698291659355164,-1.0015181303024292,-0.3108794093132019,0.53752601146698,-0.49983084201812744,30.782541275024414,-10.254151344299316,40.73157501220703,0.7977284789085388,-0.9796198010444641,0.5028073191642761,0.2728075683116913,-0.6103686094284058,-1.6295244693756104,0.7125282883644104,2.2608678340911865,0.3707312047481537,0.5129284262657166,-0.32538729906082153,-0.010430987924337387,0.004914321471005678,-1.2485449314117432,-0.3916049599647522,0
627,6270032,-0.03463100269436836,0.017325276508927345,-1.0253099203109741,0.3877851665019989,0.25231048464775085,-0.3527362048625946,30.454254150390625,-10.954124450683594,40.510066986083984,-0.743973433971405,-0.9860888719558716,-1.202057123184204,-1.4421718120574951,-0.043278563767671585,-0.538482129573822,-0.8331930041313171,-0.16016969084739685,2.6172969341278076,-0.6906610131263733,1.0013539791107178,-0.8170621991157532,0.021557331085205078,-1.7819048166275024,-1.4140708446502686,0
628,6279980,-0.11305443197488785,0.0016841881442815065,-1.0575683116912842,-0.026161765679717064,-0.08854051679372787,-0.20661374926567078,29.652202606201172,-10.789226531982422,39.209800720214844,2.436605930328369,-1.4917765855789185,1.3217358589172363,0.08075863122940063,1.4542316198349,1.6755404472351074,0.48448804020881653,-2.11628794670105,0.10999884456396103,0.40032434463500977,0.8242487907409668,-0.5146968960762024,1.1404788494110107,-0.5359278917312622,-1.563423752784729,0
629,6289905,0.013005547225475311,-0.01909157820045948,-0.982467770576477,-0.22745198011398315,0.7157090306282043,0.29523202776908875,30.378551483154297,-9.453298568725586,39.72077560424805,0.1796802282333374,0.1885702908039093,-1.7212181091308594,0.047351155430078506,-0.11986483633518219,-0.47228682041168213,1.6345231533050537,-1.1088231801986694,-0.8377748727798462,-0.7373462319374084,-1.4295393228530884,0.4286538064479828,0.2925560176372528,-0.3200904428958893,-0.20785340666770935,0
630,6300140,-0.021197641268372536,0.05171031877398491,-1.0122140645980835,0.017571479082107544,-0.28472381830215454,-0.758772611618042,28.907705307006836,-8.041742324829102,40.602760314941406,-0.46458449959754944,0.1674271672964096,0.9385910034179688,1.0014667510986328,0.19077803194522858,0.44761207699775696,-1.6247152090072632,-0.5179595947265625,1.1098676919937134,-0.6537633538246155,0.6944262385368347,-1.9596290588378906,-0.767332136631012,-0.3325999677181244,-1.2748783826828003,0
631,6309864,-0.020029794424772263,0.1152038648724556,-0.9547172784805298,-0.3672916293144226,1.0340664386749268,-0.4344318211078644,30.49785614013672,-8.627811431884766,40.378841400146484,-1.2194801568984985,-0.9927225708961487,-0.4425722062587738,0.1559460610151291,0.9743145704269409,-1.8730093240737915,-0.34420886635780334,-0.23122909665107727,0.41486385464668274,-2.2631337642669678,-0.3247842788696289,-0.08221703767776489,0.4050353467464447,1.706399917602539,-0.36078664660453796,0
632,6319991,0.0421019047498703,0.03293263912200928,-1.0048545598983765,-0.6831461787223816,-0.5382234454154968,0.15346984565258026,28.96541404724121,-10.011536598205566,40.415889739990234,-0.34717854857444763,-0.4290364980697632,-1.8665834665298462,0.7114939093589783,-0.840348482131958,0.8759418725967407,1.3030827045440674,-0.8744791150093079,0.27323615550994873,2.1913628578186035,1.4331450462341309,-1.3562085628509521,0.3725539445877075,0.23517818748950958,-1.8980211019515991,0
633,6330085,0.04324487969279289,0.009493226185441017,-1.0058811902999878,0.46629244089126587,-0.08305275440216064,0.7083703279495239,30.71319580078125,-9.459994316101074,38.74782180786133,0.13337361812591553,-3.0785789489746094,-1.1041325330734253,0.9364487528800964,-1.4310306310653687,-1.466170310974121,-0.7119245529174805,-0.058469511568546295,-0.6630023121833801,-1.5593000650405884,0.32973942160606384,1.8520432710647583,-0.3231934607028961,-0.8967727422714233,-0.4296215772628784,0
634,6339897,0.09040350466966629,-0.08477409183979034,-0.9843898415565491,-0.11999867856502533,0.103724904358387,-0.37135618925094604,30.10481071472168,-9.938037872314453,38.994590759277344,0.905033528804779,0.03601314127445221,0.7785212993621826,-2.251523733139038,0.2198905199766159,0.22339260578155518,1.0504071712493896,-1.0836076736450195,1.169262409210205,-0.8841918706893921,-0.7069182395935059,0.17612327635288239,-0.12236841768026352,-0.4683970510959625,-1.1009193658828735,0
635,6349932,-0.001597322872839868,0.14436256885528564,-1.0085910558700562,-1.0572112798690796,-0.5752116441726685,-0.05277501791715622,29.957063674926758,-9.655183792114258,39.97974395751953,-1.1489213705062866,-0.8306201696395874,-0.7191249132156372,0.8184689283370972,0.18427787721157074,0.1662469208240509,-0.20769304037094116,0.8174534440040588,0.043479274958372116,0.1853160262107849,0.25328853726387024,0.7930607795715332,1.1347123384475708,-1.5097378492355347,2.79082989692688,0
636,6360133,-0.022126739844679832,0.012896453030407429,-1.015461802482605,-0.14037220180034637,0.2502087354660034,-0.397165983915329,29.785486221313477,-10.402003288269043,40.65212631225586,-0.8243470191955566,0.9289263486862183,0.9695125818252563,-2.3776767253875732,2.2537550926208496,-1.5778110027313232,0.5203272700309753,1.107201099395752,1.3923835754394531,2.075684070587158,0.2163795828819275,0.5417035818099976,0.7864966988563538,0.2947702705860138,-0.9610857963562012,0
637,6370102,-0.030579982325434685,-0.017727311700582504,-0.9829579591751099,-0.04726127162575722,-0.14973843097686768,0.9431706666946411,29.657041549682617,-9.498916625976562,38.212039947509766,1.0057522058486938,-0.13060857355594635,0.5102208852767944,-0.9717187285423279,0.6283726692199707,1.6129590272903442,0.22713440656661987,-1.5898187160491943,-0.8957571983337402,1.8908308744430542,-1.4421403408050537,-0.026318956166505814,0.9270080327987671,-0.6869380474090576,-0.1153954342007637,0
638,6380198,0.031813591718673706,0.11695636808872223,-1.0032576322555542,-0.16176162660121918,0.7431942820549011,-0.7476146817207336,30.666107177734375,-8.801575660705566,39.9659309387207,0.6190659999847412,-0.6435574889183044,0.2189764380455017,0.3540850281715393,0.7999950051307678,-0.36521053314208984,0.11231498420238495,0.08430224657058716,1.163122296333313,-0.6756372451782227,-1.1437647342681885,-0.4205693304538727,0.7497886419296265,0.12102257460355759,-0.6759195327758789,0
639,6389855,-0.03797108307480812,-0.0020603034645318985,-0.974755048751831,0.20967914164066315,0.42829596996307373,-0.10384010523557663,30.309877395629883,-10.896733283996582,40.06216049194336,-0.7865781784057617,0.3061760663986206,-0.13513246178627014,-2.6821353435516357,0.3718724846839905,1.6366615295410156,1.001939058303833,-0.5116078853607178,0.7981754541397095,-1.1062180995941162,-0.13563622534275055,0.2895250618457794,0.8871765732765198,-0.20855826139450073,-0.49098125100135803,0
640,6399966,0.0018343416741117835,-0.05789407342672348,-1.0010790824890137,-0.1675412803888321,-0.1057596355676651,-1.2001603841781616,30.01569175720215,-9.552815437316895,39.72925567626953,-1.8377325534820557,0.38841384649276733,-0.5728377103805542,-0.5739766359329224,1.4548923969268799,0.6632801294326782,-0.5328217148780823,-0.1562570333480835,0.7995611429214478,-0.012533899396657944,-0.04361475631594658,1.327741265296936,-0.5488292574882507,-0.6861333250999451,0.08614204078912735,0
641,6410251,0.01341900136321783,-0.005664356052875519,-0.9827613830566406,0.5561943054199219,0.480703204870224,0.10282190144062042,29.96966552734375,-11.009920120239258,40.0401496887207,0.3819475471973419,0.8747729659080505,-0.9298796057701111,-0.9537527561187744,0.025511447340250015,0.6274926662445068,-0.2219323068857193,1.3746168613433838,1.349971890449524,-1.2869793176651,0.5042607188224792,-0.7308605313301086,-0.42593270540237427,0.4595673084259033,0.47498488426208496,0
642,6419899,-0.03400568664073944,0.05945555120706558,-0.9483602046966553,0.022793056443333626,0.4493076503276825,0.18689367175102234,30.682132720947266,-10.640865325927734,40.36988830566406,-0.8817077875137329,1.9707767963409424,0.5327826142311096,1.0935146808624268,0.5034903883934021,-0.1569678634405136,-0.8986966609954834,-1.5241745710372925,2.049447536468506,-1.1259071826934814,1.4365355968475342,-0.9537515044212341,0.48983946442604065,-0.03868930786848068,-0.9478517770767212,0
643,6430176,-0.042469173669815063,-0.004670368507504463,-0.9854055643081665,0.2806004583835602,0.16188547015190125,0.5067477226257324,28.883529663085938,-10.051763534545898,39.98344421386719,-0.0806124359369278,-0.3624964654445648,-1.401738166809082,0.48675093054771423,0.5674052834510803,1.4552240371704102,0.02277183160185814,-0.9430553913116455,0.521571695804596,0.9725433588027954,-0.39763131737709045,-1.7879571914672852,0.22380174696445465,0.6379233002662659,1.725294589996338,0
644,6440098,0.03574437275528908,-0.009516138583421707,-1.0089179277420044,-0.9795323014259338,0.4280450642108917,-0.36250850558280945,28.912153244018555,-11.723091125488281,40.51964569091797,0.9832362532615662,0.6431960463523865,0.15057487785816193,1.182478666305542,-1.241845726966858,0.4464782476425171,-0.11517446488142014,0.5723897814750671,0.22435526549816132,-0.5004328489303589,0.09249386936426163,-0.16604016721248627,-1.218271017074585,0.426453173160553,-1.357025384902954,0
645,6450128,0.0623897947371006,-0.02128482423722744,-0.9672651886940002,-0.81423419713974,-0.3937338888645172,-1.2220455408096313,29.742706298828125,-10.919839859008789,39.020748138427734,-1.038846492767334,0.3619050681591034,-1.2592158317565918,-1.3367969989776611,0.5185377597808838,0.6094831228256226,-1.4894996881484985,-1.9554355144500732,0.3726097047328949,1.2828415632247925,0.684307336807251,0.2760099172592163,0.9219579696655273,-1.1688491106033325,0.7931293249130249,0
646,6460165,0.082380011677742,-0.05750387907028198,-1.0317158699035645,-0.025642111897468567,0.6653914451599121,-0.16904312372207642,30.740676879882812,-10.90881633758545,40.15363693237305,0.35348081588745117,0.1256919503211975,1.3816773891448975,1.3572043180465698,1.692075490951538,0.2812616527080536,0.7493812441825867,2.725947380065918,1.3865829706192017,-0.6811748743057251,0.0783405750989914,-0.006743248552083969,-0.39709147810935974,-2.002991199493408,-0.5336666703224182,0
647,6470094,0.07516555488109589,-0.010106557048857212,-1.016485571861267,0.08441486209630966,-0.1747935563325882,0.005891900975257158,30.366838455200195,-9.325934410095215,40.5865478515625,0.8665404319763184,-2.3636813163757324,-2.079530954360962,-0.6943110823631287,-1.388222336769104,0.21179251372814178,-0.2490328997373581,1.0252102613449097,0.938732922077179,-1.4682143926620483,-0.38443833589553833,-0.9102613925933838,1.5194190740585327,0.21352320909500122,-1.2648627758026123,0
648,6479805,-0.003369758604094386,0.07771829515695572,-0.9858071208000183,-0.448923796415329,-0.4642040729522705,0.08765667676925659,27.46177864074707,-8.730844497680664,39.84648895263672,-0.7939345240592957,1.1858651638031006,1.5649322271347046,-0.9850549697875977,1.4898194074630737,3.130465269088745,1.7166188955307007,-1.580496907234192,-0.48318788409233093,-1.4871976375579834,-0.2965903580188751,-0.27564287185668945,1.0375608205795288,-0.1559823602437973,-1.3520140647888184,0
649,6490188,-0.019081121310591698,-0.005814420524984598,-1.0064982175827026,-0.19976283609867096,-0.010547966696321964,0.6960369348526001,28.664287567138672,-10.385879516601562,41.70343780517578,-0.9097292423248291,0.7092630863189697,1.5645756721496582,1.6213866472244263,0.5248222947120667,0.6160634756088257,-0.7054411172866821,0.24397261440753937,-0.06333331018686295,-0.21929672360420227,0.5637199878692627,0.363522469997406,-0.725456953048706,0.849735677242279,0.7898519039154053,0
650,6499769,-0.023610806092619896,0.062017038464546204,-1.022699236869812,-0.952666163444519,-0.06647197902202606,0.25011685490608215,30.133224487304688,-10.370769500732422,40.8367805480957,-0.8825770020484924,0.8281800746917725,0.06122973933815956,1.1049182415008545,0.27002742886543274,0.21510367095470428,-1.7639696598052979,0.6594667434692383,-0.24123533070087433,1.4020893573760986,-1.5983619689941406,-0.44193750619888306,0.6589745879173279,0.7571234107017517,0.4895700216293335,0
651,6510043,-0.008053140714764595,-0.026961885392665863,-0.9944638609886169,-0.18214325606822968,0.25567346811294556,-0.1397721767425537,30.88650894165039,-9.776801109313965,40.253238677978516,-1.788688063621521,-1.6667964458465576,-0.6062042117118835,-0.32566511631011963,-0.7014989256858826,1.1094475984573364,-0.801265299320221,0.3744506239891052,-0.03478161245584488,-1.101791501045227,0.2674793601036072,-1.2841683626174927,2.108186960220337,0.11452474445104599,-0.7046440839767456,0
652,6519860,-0.01888618990778923,0.03520507365465164,-0.9986143708229065,-0.7587214708328247,-0.34892967343330383,0.10821172595024109,28.552064895629883,-10.989158630371094,40.51201629638672,-1.7548003196716309,-0.9842601418495178,-0.5473750233650208,-1.1001520156860352,-0.25288158655166626,0.5062216520309448,-0.20968453586101532,-0.8535628914833069,-1.0266145467758179,-0.09999633580446243,-1.3611668348312378,-0.09382013976573944,0.6738708019256592,0.8048325181007385,-0.5257461071014404,0
653,6529920,0.01752178557217121,0.05043619126081467,-0.9895261526107788,-0.35243773460388184,0.3181750178337097,0.49760153889656067,30.00229835510254,-10.55593204498291,39.70882034301758,-1.676783561706543,2.142577886581421,0.07252819091081619,-1.517555594444275,0.1410367637872696,1.0369858741760254,-0.9395293593406677,1.2239023447036743,0.31136515736579895,-0.5829042196273804,1.3189592361450195,-0.8465712666511536,0.19892072677612305,1.1421852111816406,0.9221199750900269,0
654,6539957,0.009034640155732632,0.06174647808074951,-1.0076971054077148,-0.10060488432645798,-0.05727669224143028,-0.3913672864437103,29.730180740356445,-11.213988304138184,39.43912124633789,0.3144281804561615,-1.1881664991378784,-1.182565450668335,-0.8180197477340698,0.43928244709968567,-0.3524705171585083,-0.5084711313247681,0.7952225804328918,-0.4550689458847046,-0.5991042256355286,2.378343105316162,-1.0855686664581299,-0.2840595543384552,-2.2383899688720703,0.5959798097610474,0
655,6550136,-0.007876301184296608,0.05559331923723221,-0.9630700349807739,0.2912771701812744,0.1649271696805954,-0.4039495289325714,28.850889205932617,-9.408842086791992,41.03298568725586,0.3051743805408478,0.24236710369586945,-0.5283809304237366,-1.016770362854004,-1.660008192062378,1.6340653896331787,-0.27319663763046265,1.173430323600769,0.7411295175552368,-0.9649972915649414,1.4513078927993774,1.3924975395202637,-1.9029629230499268,0.23110195994377136,-0.3681463897228241,0
656,6560017,0.04404300078749657,-0.002775388304144144,-0.9904190301895142,0.3550637364387512,-0.24277982115745544,0.18102198839187622,31.177885055541992,-11.614870071411133,39.87071990966797,-0.517123281955719,0.15566278994083405,1.2557523250579834,1.2067644596099854,-0.12567931413650513,-1.6310971975326538,0.25374531745910645,2.172863245010376,-1.9990413188934326,0.854019820690155,0.8368015885353088,-0.028813432902097702,0.5148710608482361,0.18198981881141663,-0.2650035619735718,0
657,6570287,-0.011033600196242332,-0.0775616392493248,-0.9902134537696838,-0.44959014654159546,-0.24619920551776886,0.5765791535377502,30.21748161315918,-9.074700355529785,39.808937072753906,-1.4588871002197266,0.028722938150167465,0.1397087723016739,0.18926869332790375,0.8488694429397583,-0.8498817682266235,-1.1081280708312988,0.862824022769928,-2.9033069610595703,-0.5870749950408936,0.2767060697078705,-0.594048798084259,1.3792933225631714,-0.5436772704124451,0.17714552581310272,0
658,6579908,0.016908489167690277,-0.06743179261684418,-0.959597110748291,0.7011135220527649,0.3724733591079712,-0.7248057126998901,29.495361328125,-8.291099548339844,40.04964065551758,-1.4793208837509155,-0.22269439697265625,-1.3655622005462646,-0.1521161049604416,0.63100665807724,-1.205613613128662,0.5418652296066284,-1.0192680358886719,-0.8035228252410889,-1.8733034133911133,0.34435954689979553,0.6044244170188904,0.36691901087760925,-0.5157794952392578,0.6103703379631042,0
659,6590101,0.04149371758103371,0.003383598756045103,-0.9690689444541931,0.18717430531978607,-0.5484464764595032,0.5662086009979248,30.251737594604492,-10.285964012145996,39.48448944091797,-2.199774980545044,0.68354332447052,-0.866919994354248,-0.036663807928562164,-0.7338854670524597,0.8789322972297668,0.7479536533355713,-1.042230248451233,-1.7594271898269653,0.022934192791581154,0.8544268012046814,-1.1127533912658691,-0.8876878023147583,0.4834854304790497,-0.7483537793159485,0
660,6600001,-0.07254784554243088,-0.06324366480112076,-1.0284940004348755,1.1490099430084229,0.2067781686782837,-0.0582139752805233,29.973247528076172,-10.378477096557617,39.691463470458984,-1.4123547077178955,-0.006544625852257013,0.07036034017801285,-0.681419312953949,1.8326308727264404,0.8242560625076294,0.6959556937217712,1.198752999305725,-0.7485815286636353,-0.623415470123291,-0.12162025272846222,0.9620886445045471,0.9453096389770508,0.8829030990600586,0.1670142412185669,0
661,6609963,0.0745571106672287,0.011774390004575253,-1.0215606689453125,0.1528806984424591,-0.11542672663927078,0.9972309470176697,28.908489227294922,-10.329423904418945,39.627098083496094,2.3067924976348877,-1.7182729244232178,0.011292298324406147,-0.6548569202423096,2.235133409500122,-1.4159969091415405,0.7649311423301697,-0.13173097372055054,0.3017449676990509,0.35415565967559814,1.356715440750122,1.245026707649231,0.10026241093873978,1.0285310745239258,-0.19224132597446442,0
662,6619900,0.07579198479652405,-0.06443244218826294,-1.0186645984649658,0.24934907257556915,-0.35180148482322693,-0.051722925156354904,29.338218688964844,-10.694729804992676,41.65898132324219,-0.6757102012634277,-0.08461599051952362,0.06994117051362991,-0.722776472568512,-0.6212009787559509,-1.3944289684295654,-1.3090885877609253,-0.016367336735129356,-0.8264134526252747,-1.2269350290298462,-0.12175076454877853,-0.4004955589771271,-0.7097744941711426,-0.09656943380832672,-0.17932197451591492,0
663,6630061,0.07198955118656158,0.022807704284787178,-1.016066074371338,0.2491808533668518,-0.05078741908073425,0.5272952318191528,28.85314178466797,-10.656274795532227,40.283233642578125,0.18278048932552338,0.5145900845527649,0.828403651714325,-1.0298715829849243,-0.6120880246162415,0.6287994980812073,2.017075538635254,-1.5349035263061523,0.6700388789176941,0.6773653030395508,0.7008957266807556,1.9231239557266235,0.8338525295257568,1.1601741313934326,-0.12671974301338196,0
664,6640058,0.037807486951351166,0.020555851981043816,-0.9956536889076233,0.3387783169746399,0.07741807401180267,0.61264568567276,31.415376663208008,-10.394975662231445,40.492435455322266,-0.7346184849739075,0.007668212056159973,1.8039464950561523,-0.10339806228876114,-2.018486499786377,1.1210951805114746,-2.1137936115264893,0.8113023042678833,-0.3981298506259918,0.337869256734848,-1.5240368843078613,-1.496677041053772,0.33506497740745544,0.10355958342552185,-0.4348771274089813,0
665,6650169,0.026812195777893066,-0.0682925432920456,-0.9659274816513062,-0.2081087976694107,-0.19205045700073242,-0.3015049993991852,30.405813217163086,-11.643699645996094,39.680206298828125,-0.5869404673576355,0.5250424146652222,-1.5935389995574951,0.9274022579193115,1.001082181930542,0.6973455548286438,-0.23413720726966858,-0.7983076572418213,0.09638276696205139,-1.0709058046340942,0.6971248984336853,-0.4719066023826599,-1.4973423480987549,-1.9585593938827515,-0.1649152785539627,0
666,6660039,-0.01534326747059822,-0.031861357390880585,-1.0116944313049316,-0.4109463095664978,0.40476614236831665,-0.15809325873851776,29.236366271972656,-12.111364364624023,40.0537223815918,-0.7129642963409424,-0.3659779131412506,0.10818243026733398,-0.2150581032037735,0.3855968415737152,-1.25792396068573,1.1731808185577393,1.1172086000442505,-0.8938482403755188,-0.28001946210861206,0.742918848991394,0.2592747211456299,1.07535982131958,1.0679214000701904,-0.7244978547096252,0
667,6669820,0.08534158021211624,0.03163899481296539,-1.010118007659912,0.35099825263023376,-1.0774494409561157,1.1145206689834595,28.300640106201172,-11.458697319030762,39.28473663330078,0.7076928615570068,-1.4340673685073853,1.9345906972885132,0.41057515144348145,0.3667662739753723,1.2928391695022583,-1.0559983253479004,0.7474892735481262,-0.11940222233533859,-0.7589964866638184,0.5569234490394592,-0.4642331302165985,1.3061378002166748,0.9275363087654114,-0.409654825925827,0
668,6680251,-0.0841180607676506,0.0497836098074913,-1.0073978900909424,0.452973872423172,0.18340562283992767,-1.1055430173873901,30.652341842651367,-10.950490951538086,38.98545837402344,0.3604564070701599,-1.2410271167755127,-0.21116957068443298,-0.3589800298213959,0.9012590646743774,-0.6978510022163391,0.015250938944518566,0.05193678289651871,1.0730050802230835,-1.3912715911865234,0.23613883554935455,0.5086811780929565,-0.7740738391876221,-0.39383837580680847,0.6264055967330933,0
669,6689884,0.03411997854709625,0.05475025996565819,-0.9996454119682312,-0.7670513391494751,-1.1785423755645752,-0.7217816114425659,30.940942764282227,-9.275543212890625,40.047210693359375,-0.6882473230361938,0.03957283869385719,-0.20031103491783142,1.9518165588378906,0.035614293068647385,1.4186996221542358,-0.9464372396469116,0.4640728235244751,-0.5038281083106995,1.7267879247665405,-0.07295161485671997,-1.1064634323120117,0.07134309411048889,0.1847216784954071,-0.3179057240486145,0
670,6699678,0.0009468953940086067,-0.02981797233223915,-1.028295636177063,-0.4261111617088318,-0.8104943633079529,0.709421694278717,28.25208282470703,-11.197053909301758,40.16016387939453,-0.8451247215270996,-0.09168726205825806,0.29786190390586853,1.4584345817565918,-0.022685807198286057,1.2555917501449585,-0.12290332466363907,-0.5101884007453918,1.5671589374542236,-0.2583788335323334,-0.3295178711414337,0.9385904669761658,-0.5102076530456543,1.277685284614563,-0.11967696994543076,0
671,6710041,-0.032803405076265335,0.039614830166101456,-1.0198407173156738,0.33190450072288513,-0.7836799025535583,0.38672780990600586,30.467634201049805,-10.362992286682129,37.44807815551758,3.3038218021392822,0.10286126285791397,0.749226450920105,0.023263446986675262,2.6260857582092285,-0.7462158203125,-1.1784342527389526,-0.11648134142160416,0.4238587021827698,-1.26265549659729,2.109032154083252,1.2708680629730225,-0.9125524759292603,0.6984277963638306,1.0814775228500366,0
672,6720042,0.04479986056685448,-0.07434028387069702,-0.9808632731437683,-0.08523374795913696,0.3998072147369385,-0.8200262188911438,29.639509201049805,-10.803153038024902,38.807559967041016,-1.6711962223052979,0.5804954767227173,-0.7846137881278992,-0.09270045906305313,0.28337767720222473,0.4717805087566376,0.7623951435089111,0.7174524068832397,-0.3133108913898468,0.04412784054875374,1.1830867528915405,2.275686264038086,-0.46048206090927124,-1.6118319034576416,-0.0046568382531404495,0
673,6729969,-0.05457798019051552,-0.005263130646198988,-0.9809907078742981,-0.011915905401110649,0.6913022994995117,0.012431352399289608,29.461408615112305,-8.71263313293457,38.11995315551758,-1.1509029865264893,0.7606460452079773,-0.20276965200901031,0.6102456450462341,-1.1297848224639893,0.50087571144104,0.5093473196029663,0.47260746359825134,0.11268839985132217,0.06295377761125565,-1.7197891473770142,1.1616597175598145,-0.17520269751548767,0.15214036405086517,1.0737354755401611,0
674,6739955,-0.10559786856174469,0.02452174387872219,-0.9770895838737488,0.03757994621992111,0.07194340229034424,0.0511162094771862,30.270057678222656,-9.515830993652344,40.69294738769531,-0.47125113010406494,1.238487720489502,0.392583966255188,-0.3414788544178009,0.20290151238441467,-0.7787649631500244,1.9966522455215454,-0.6227247714996338,-1.1755415201187134,-1.182847499847412,-0.09574217349290848,-0.8261456489562988,-0.9690958857536316,-2.1930091381073,-0.9285333752632141,0
675,6750221,0.05292671173810959,0.055528104305267334,-0.9992181658744812,1.061220407485962,-0.4163089990615845,-0.4703017473220825,29.876039505004883,-10.005202293395996,39.30323028564453,-0.21563443541526794,0.5486419796943665,0.38767683506011963,1.1139661073684692,-0.13696107268333435,-0.8725317716598511,0.9180653095245361,-0.5022714138031006,-0.6797158718109131,0.949758768081665,-0.5613139271736145,-0.37809962034225464,0.23204456269741058,-1.2677592039108276,0.6852079033851624,0
676,6760082,-0.009579299949109554,0.028957424685359,-1.008449673652649,0.9934794306755066,-0.2156538963317871,0.5652133822441101,30.193788528442383,-10.11984634399414,39.19172286987305,0.36723387241363525,-0.17743739485740662,-1.3296692371368408,-1.040784239768982,-0.040239714086055756,-0.26543036103248596,0.579863429069519,1.6178884506225586,-0.5396238565444946,1.5593494176864624,-0.3097836971282959,-0.020439567044377327,-0.9395363330841064,1.1061040163040161,0.35180404782295227,0
677,6769806,0.015505642630159855,-0.00910077802836895,-1.0106323957443237,0.11890392005443573,0.18817752599716187,-0.5252990126609802,30.34893798828125,-9.855301856994629,40.56172180175781,-0.24263262748718262,0.8654786944389343,-0.7127115726470947,0.5422451496124268,0.31588542461395264,-0.21375805139541626,-0.001970465062186122,0.5938495993614197,2.080845594406128,-2.6925275325775146,0.07416142523288727,-0.9555531144142151,1.1580811738967896,-0.9948391914367676,0.448091596364975,0
678,6779888,-0.002167352009564638,0.05237271636724472,-1.0133671760559082,-0.3660973608493805,-0.04557011276483536,1.3602075576782227,28.905794143676758,-7.900647163391113,40.897315979003906,0.960940957069397,0.16587135195732117,1.1850318908691406,-2.003328323364258,0.5170173645019531,0.7492294311523438,0.8646492958068848,0.28670576214790344,3.1455817222595215,-1.1136630773544312,-0.5286507606506348,0.6583525538444519,0.0558161698281765,0.6734630465507507,-0.3603673577308655,0
679,6789825,-0.06531307101249695,0.03301842883229256,-1.0025625228881836,-0.0858212560415268,0.43679606914520264,0.5178946852684021,31.765024185180664,-10.552574157714844,40.786739349365234,0.21954643726348877,1.096260666847229,1.0197787284851074,0.4269765317440033,-0.07286826521158218,2.4456610679626465,0.2943197190761566,-1.0272175073623657,-0.2166571319103241,-1.7406467199325562,-1.3271150588989258,1.2401543855667114,0.9649540185928345,0.6544519662857056,-0.17986661195755005,0
680,6800073,0.04815923050045967,0.03074733167886734,-1.0087393522262573,0.19234630465507507,-0.8310756683349609,-1.241751790046692,29.285480499267578,-8.620804786682129,40.30955505371094,-0.5588849782943726,-0.3290008008480072,-0.09152502566576004,-0.4667651653289795,-0.3866773247718811,0.6770464777946472,-0.42793381214141846,-1.2307348251342773,0.18952955305576324,1.1084649562835693,-0.04160027205944061,1.2091246843338013,0.180901899933815,0.06642907857894897,1.30503249168396,0
681,6809925,-0.05394155904650688,-0.08316729217767715,-1.0363960266113281,-0.35123592615127563,0.48816877603530884,0.06659498810768127,30.361709594726562,-10.52660846710205,40.263641357421875,-1.2500340938568115,-1.4203433990478516,1.011552333831787,0.3209094703197479,0.37101903557777405,-0.41951778531074524,1.9753620624542236,0.054180607199668884,-1.9187368154525757,0.8846424221992493,0.895329475402832,-0.33364707231521606,-0.298895925283432,-0.9880289435386658,0.6331309676170349,0
682,6819888,-0.03069765865802765,0.03128556162118912,-1.0271689891815186,-0.33552274107933044,0.6456262469291687,0.3832201063632965,32.014434814453125,-9.058028221130371,39.16558074951172,0.916379988193512,2.358261823654175,-0.07446892559528351,0.09991922974586487,1.060274362564087,0.7986035346984863,-1.397456407546997,0.2279452681541443,-0.17046388983726501,-0.4193097651004791,-1.5771211385726929,1.830060362815857,1.1023986339569092,0.482872873544693,-1.830667495727539,0
683,6830095,-0.054703500121831894,-0.040652789175510406,-1.0039750337600708,-0.4668291509151459,0.29460814595222473,0.44116783142089844,31.064043045043945,-10.10677433013916,41.923789978027344,0.7626871466636658,0.5721392035484314,0.43842586874961853,-1.7304106950759888,-0.797885000705719,1.2527323961257935,-0.6638667583465576,-0.40966248512268066,-0.21834519505500793,-0.2868611812591553,0.6132279634475708,0.5347495079040527,0.7538995742797852,0.20946712791919708,1.1752375364303589,0
684,6840038,0.06537476927042007,-0.00818957481533289,-0.993140459060669,-0.7431217432022095,-0.7109254002571106,0.8213241696357727,30.094104766845703,-8.374815940856934,40.85919189453125,-0.7266644835472107,0.695039689540863,-0.2670019567012787,0.4240582585334778,-0.384379118680954,-1.1529996395111084,-0.28290536999702454,-1.6390970945358276,-0.8124884366989136,0.4974631071090698,-0.9075258374214172,-0.518830418586731,0.8246046304702759,-0.6783407926559448,-0.9039812088012695,0
685,6849921,-0.02153584733605385,-0.06135721877217293,-0.9912327527999878,-0.13378286361694336,0.37636667490005493,-0.5547808408737183,29.50215721130371,-8.508233070373535,41.2620964050293,-0.4541574716567993,2.106781005859375,-0.2546679973602295,-0.4070805609226227,-0.12710581719875336,2.150897741317749,1.0245962142944336,-0.5342508554458618,-0.6280712485313416,-0.9573847651481628,0.6790568232536316,-0.6967401504516602,-1.7400697469711304,-3.086573600769043,0.3514363765716553,0
686,6859934,-0.016210582107305527,-0.01054178923368454,-0.9962947368621826,-0.2205766886472702,1.5385817289352417,0.011912858113646507,31.124780654907227,-10.089162826538086,40.505088806152344,1.7075858116149902,-1.853792667388916,0.3338164985179901,0.1363477110862732,-0.8087764978408813,-0.829816997051239,0.37303227186203003,-0.3604487180709839,0.031383216381073,0.03627641126513481,0.6097931265830994,1.2820038795471191,-1.7155075073242188,-0.9827818870544434,0.7750292420387268,0
687,6870159,0.016281288117170334,0.005881341174244881,-0.9873899817466736,0.11629849672317505,-0.2445494532585144,-0.8610415458679199,30.14748764038086,-10.459351539611816,40.61610412597656,-0.31287142634391785,0.7712268233299255,-0.6061691045761108,-1.3748515844345093,-1.1258987188339233,-1.0729190111160278,0.29299378395080566,-0.8448686599731445,0.3723168969154358,1.0471694469451904,1.9747097492218018,0.8981186747550964,-1.2753568887710571,1.0364238023757935,-0.7541636228561401,0
688,6880147,-0.03128444030880928,0.053884897381067276,-1.0103100538253784,-0.24063298106193542,0.21477505564689636,-0.756708025932312,28.680858612060547,-10.353424072265625,41.30732727050781,-1.2669734954833984,0.7035513520240784,-0.4906662106513977,-0.6064147353172302,-1.1447663307189941,-1.1822926998138428,0.05864690989255905,0.46051064133644104,1.5352436304092407,0.18267586827278137,0.541325032711029,1.0775477886199951,-1.2029415369033813,-1.2982560396194458,0.03878295049071312,0
689,6889961,-0.019579654559493065,0.08035824447870255,-1.0213556289672852,0.20766083896160126,-0.10189532488584518,0.6144325137138367,30.69715690612793,-10.040570259094238,38.52729034423828,-0.22624452412128448,-1.7508869171142578,0.3289487063884735,0.4675484597682953,-0.6101404428482056,-0.17449888586997986,1.3724250793457031,0.6067219376564026,0.07717826962471008,0.9387038946151733,1.3095858097076416,0.4129053056240082,-0.008590216748416424,-0.7841356992721558,-1.4279382228851318,0
690,6899716,0.05470527708530426,0.03324955329298973,-0.9601999521255493,0.49613693356513977,-0.5480211973190308,-0.22577735781669617,30.055496215820312,-10.343003273010254,38.90092468261719,0.607664167881012,-0.8299241065979004,-0.4395386278629303,-0.0389459989964962,0.164465993642807,-0.5193519592285156,-0.8342568278312683,-0.9416081309318542,-0.2542402446269989,-0.15720193088054657,-0.5984026789665222,-1.0289965867996216,-0.08019965887069702,-0.45583897829055786,0.1769644320011139,0
691,6909810,-0.02384061925113201,-0.037984054535627365,-1.0085632801055908,0.4431052505970001,-0.0004360824532341212,0.13194264471530914,30.063180923461914,-10.724529266357422,39.770042419433594,0.19791613519191742,0.0828709527850151,-0.01070390921086073,-1.4424299001693726,-0.23141857981681824,0.018070567399263382,-0.7167960405349731,-0.8056060075759888,-0.31320130825042725,0.31377965211868286,1.7668455839157104,-1.074727177619934,0.5422239899635315,-2.0780820846557617,0.6022343039512634,0
692,6919913,0.04229528829455376,-0.013846421614289284,-1.0024945735931396,1.0250204801559448,0.08292978256940842,-1.089118242263794,27.648344039916992,-10.194189071655273,38.54434585571289,0.2045390009880066,1.3012627363204956,0.3628688454627991,-1.7660876512527466,-0.5799378752708435,-0.4904938340187073,-0.006468780338764191,0.12920613586902618,0.1875762790441513,-1.262535810470581,0.2734808325767517,1.7820957899093628,0.45884719491004944,-0.5016746520996094,-0.2325853705406189,0
693,6930050,-0.058794159442186356,-0.0250948965549469,-1.0507010221481323,-0.15935426950454712,-0.2579181492328644,-0.28830763697624207,29.950437545776367,-10.419646263122559,39.85213851928711,-2.187079429626465,-1.0451076030731201,-0.4862830936908722,-1.0463074445724487,-1.4146828651428223,0.8600044846534729,-0.21478602290153503,-0.8429896831512451,-0.8222376704216003,1.6107159852981567,0.1298353672027588,1.2737857103347778,0.5682348012924194,-0.15934865176677704,-0.5518191456794739,0
694,6939954,-0.0035916678607463837,0.0445224791765213,-0.9884150624275208,0.28240957856178284,-0.26182296872138977,-0.889270007610321,29.38698959350586,-8.644157409667969,40.99966049194336,0.6649603247642517,-0.5116580724716187,-1.723549723625183,-1.1535109281539917,1.150019645690918,0.03742849454283714,-0.22853253781795502,0.6630253195762634,-0.8323361277580261,0.6729817986488342,0.0920281931757927,0.4585946798324585,-1.353485345840454,-0.1722526252269745,0.6348716616630554,0
695,6950071,-0.009628690779209137,0.0782838985323906,-1.0036157369613647,0.11403191834688187,-0.43173933029174805,-0.16627594828605652,30.065580368041992,-9.942090034484863,41.45628356933594,0.3038782775402069,1.2084040641784668,-1.2777211666107178,0.7059146761894226,-0.03628052398562431,-0.08006320148706436,-0.2639685869216919,0.5297936201095581,-0.05271892249584198,0.9670751690864563,-0.44809702038764954,0.10350888967514038,1.073167085647583,0.7729809284210205,1.1351454257965088,0
696,6960284,-0.04823804274201393,-0.0543123297393322,-0.9763286709785461,0.061155181378126144,-0.07831045985221863,-0.5148143768310547,30.05449676513672,-10.544435501098633,39.42863082885742,0.3785769045352936,-1.418054223060608,-0.8763126730918884,-0.3184584677219391,1.6212143898010254,-1.2545450925827026,-0.16790710389614105,-0.8101884126663208,-1.2269415855407715,0.05298726633191109,-0.47924157977104187,0.6135404706001282,0.5499711632728577,0.5683187246322632,-0.5101544260978699,0
697,6970094,-0.08245187252759933,-0.03280934318900108,-0.99802565574646,-0.5420101284980774,0.1415650099515915,-0.5924018621444702,32.38615798950195,-9.379935264587402,40.29517364501953,-0.8561670780181885,0.16694726049900055,1.0899465084075928,-0.28082358837127686,-0.5074427723884583,1.1858779191970825,2.0699245929718018,0.31477946043014526,-0.6026078462600708,0.4016050100326538,-0.9804496169090271,-0.7513638138771057,-1.4568326473236084,-1.9509984254837036,-0.3708430826663971,0
698,6980151,0.010050499811768532,0.007920905947685242,-0.9972116351127625,0.13665463030338287,0.6470964550971985,-0.2773842513561249,30.97174835205078,-7.308760643005371,40.77744674682617,-0.9503178596496582,-0.40745463967323303,0.3875419795513153,1.519608497619629,-0.38470375537872314,0.18085728585720062,0.44169169664382935,0.5436004400253296,-2.2424635887145996,0.6532689332962036,0.09324513375759125,-0.009772628545761108,-0.12162968516349792,-0.1808004379272461,2.321199417114258,0
699,6989697,-0.05584211274981499,0.006541000679135323,-1.0225797891616821,0.5684716701507568,-1.3591254949569702,-0.013750957325100899,28.878154754638672,-10.06739330291748,39.71115493774414,-0.6648886799812317,0.5706082582473755,1.0113985538482666,1.1022870540618896,0.5793382525444031,-1.1453865766525269,-0.8330025672912598,0.013195727951824665,-1.0514624118804932,-1.5903748273849487,0.7060770392417908,0.9252519607543945,0.5107917189598083,0.22910787165164948,1.401854395866394,0
700,7000149,0.003598979441449046,0.05250408127903938,-0.9907552599906921,-0.7161422967910767,-0.28525248169898987,-0.7983221411705017,28.66498374938965,-10.124574661254883,38.658546447753906,0.09937287122011185,-0.09303512424230576,-0.5883095264434814,-1.5543826818466187,0.3820875585079193,-0.490451842546463,0.5966317057609558,0.13749513030052185,1.286439299583435,-0.34601297974586487,1.308902621269226,-0.8376969695091248,0.21860960125923157,0.46707698702812195,-1.4301669597625732,0
701,7010096,-0.03637439385056496,0.04874512180685997,-0.9796544909477234,0.2138390988111496,-0.06445984542369843,-0.3624702990055084,28.804426193237305,-10.010971069335938,39.12086868286133,0.26897621154785156,0.004475683905184269,-1.6727142333984375,-1.4194122552871704,-0.28098633885383606,-0.6481425166130066,0.9210782051086426,-0.9789096713066101,-0.1661442667245865,-0.7293033599853516,0.31535595655441284,0.2852095663547516,0.039996229112148285,0.23458296060562134,-2.2288694381713867,0
702,7020060,0.061282381415367126,0.061074573546648026,-1.0018982887268066,-0.5296799540519714,0.0028484207578003407,0.2787233889102936,30.452259063720703,-9.687003135681152,40.2318000793457,-0.7333150506019592,0.004615995567291975,-1.6604979038238525,-1.0774521827697754,-0.7896127104759216,-0.6291691660881042,-1.0957450866699219,0.6082048416137695,0.12263558804988861,0.48155853152275085,1.4441208839416504,1.6007087230682373,1.5827605724334717,1.8888165950775146,2.5670254230499268,0
703,7029899,-0.056692417711019516,-0.0552574098110199,-0.9893420934677124,0.029495857656002045,0.027396490797400475,-0.05911954492330551,29.64267349243164,-9.238551139831543,41.9796257019043,-2.3417038917541504,0.27375248074531555,0.6137431859970093,0.4196041524410248,0.28742021322250366,0.9632825255393982,1.8354839086532593,0.8034387826919556,0.4942465126514435,0.36181947588920593,0.388132780790329,-0.6796184778213501,0.07388453185558319,1.3420562744140625,0.80246502161026,0
704,7039920,0.09972477704286575,0.03606460243463516,-0.9876405596733093,-0.9800806045532227,-0.2278471738100052,-0.5299543738365173,29.950836181640625,-10.145468711853027,39.805728912353516,-0.10255149006843567,0.8664061427116394,-0.43461042642593384,-1.37416672706604,-1.2228626012802124,0.599937379360199,1.3221230506896973,-1.5691108703613281,-0.2186545431613922,-0.3151790499687195,-0.7685522437095642,-1.0180095434188843,-0.6478443145751953,1.2655811309814453,-0.446125328540802,0
705,7049915,0.05203541740775108,0.053448572754859924,-1.0025509595870972,0.1545407772064209,0.10759145766496658,0.9626001119613647,29.993080139160156,-10.57197380065918,39.74592971801758,0.2722669839859009,-1.771201491355896,0.4951951503753662,0.4136548340320587,-1.4916366338729858,-0.7455050349235535,0.1790163516998291,-0.5796517729759216,1.2482476234436035,0.45816513895988464,-1.6210055351257324,1.3595458269119263,0.38130316138267517,0.5664504170417786,-0.8367722034454346,0
706,7059958,-0.02310851216316223,-0.0043848734349012375,-1.014465570449829,0.20663893222808838,-0.32085344195365906,0.4435410499572754,30.67660903930664,-10.165294647216797,40.61130905151367,1.2942137718200684,1.8492422103881836,1.1275826692581177,0.0032201993744820356,-0.16821296513080597,0.8458706736564636,0.8115679621696472,-0.09086786955595016,0.00028609781293198466,0.131083145737648,0.9265733957290649,-0.19653825461864471,-0.6040400266647339,0.6901160478591919,-0.19686946272850037,0
707,7069844,0.004404963459819555,-0.04097393900156021,-0.9970278739929199,-0.0007352873799391091,-0.23660407960414886,-0.6178660988807678,28.318147659301758,-9.507210731506348,40.22309875488281,1.158000111579895,1.7682533264160156,0.4712381958961487,0.38934579491615295,0.12131021916866302,-0.0880136713385582,1.3202935457229614,1.068954586982727,0.7072813510894775,1.4623900651931763,-0.29214826226234436,-1.6915154457092285,-1.1223480701446533,0.3926921784877777,-0.9887588620185852,0
708,7080174,0.011136562563478947,0.0020628587808459997,-0.9860076904296875,-0.1176256611943245,0.7253556251525879,0.18602025508880615,28.21887969970703,-9.43823528289795,38.101959228515625,0.07364176213741302,-1.0654305219650269,-0.5538930296897888,0.1777380406856537,-1.4190980195999146,1.3401563167572021,1.3610751628875732,-0.53718501329422,0.6503668427467346,1.4171079397201538,-1.7347328662872314,2.324542999267578,-0.9660353064537048,-1.3121947050094604,0.42287853360176086,0
709,7090224,-0.12195732444524765,-0.02969319373369217,-0.9933711290359497,0.07854172587394714,-0.525658130645752,0.3128662407398224,29.35505485534668,-12.195035934448242,39.72251510620117,-1.2103750705718994,-1.000493049621582,-1.7233022451400757,1.0495691299438477,0.5441245436668396,-0.8413684368133545,1.1508592367172241,0.0689939484000206,0.7881446480751038,0.4956953227519989,-0.04313437640666962,0.10603854805231094,-1.363547921180725,-0.1981830596923828,-0.40861061215400696,0
710,7099959,0.02121664769947529,-0.02875644341111183,-1.0028445720672607,-0.4453175365924835,-0.1803283393383026,0.24938346445560455,31.530107498168945,-10.71142292022705,40.09149932861328,-0.2496139407157898,0.7667065262794495,1.94509756565094,1.0895922183990479,0.26662561297416687,0.6707366108894348,-1.373488187789917,0.12832039594650269,-0.5526735782623291,-0.28869736194610596,-0.7444668412208557,-1.0938602685928345,1.0507620573043823,-0.17405390739440918,-0.24353744089603424,0
711,7109943,0.0912720188498497,-0.06884946674108505,-0.9771101474761963,1.2826911211013794,0.23066161572933197,-0.09153926372528076,30.255399703979492,-9.627943992614746,41.469905853271484,0.5968385934829712,0.495864599943161,-0.07781630009412766,1.3876415491104126,-2.398850202560425,0.7151616215705872,-0.026694798842072487,0.8653729557991028,0.47499915957450867,-0.6920953989028931,-1.2293493747711182,-0.7818840146064758,-0.8365363478660583,-1.039732575416565,-0.2573854923248291,0
712,7120206,-0.023858696222305298,0.04150078073143959,-1.0186657905578613,-0.23918858170509338,0.17621219158172607,-0.3502536714076996,30.99658966064453,-8.088857650756836,40.365074157714844,0.9678300023078918,-0.7391915917396545,-0.557356595993042,-0.30432119965553284,0.24355104565620422,0.5711974501609802,0.004432472866028547,-0.25033363699913025,1.1837631464004517,-0.04184871166944504,-0.0552249439060688,-1.254594326019287,0.7379111051559448,0.1619119644165039,0.4482700824737549,0
713,7130304,-0.027937456965446472,-0.04300824552774429,-0.9913361668586731,-0.02656107023358345,-0.4707569181919098,0.13269367814064026,30.544252395629883,-8.461246490478516,40.85597610473633,-0.3728874921798706,-0.1592051088809967,-0.48754096031188965,-1.7378954887390137,-1.7195301055908203,0.6538432836532593,0.8496875762939453,-0.9500661492347717,-0.2685563564300537,-1.7731043100357056,-0.21336281299591064,-0.7996312379837036,0.010744140483438969,0.5508040189743042,0.10181959718465805,0
714,7140075,-0.06712640076875687,0.02974163182079792,-1.005245566368103,-0.07051732391119003,0.43390536308288574,0.5132784247398376,30.60828399658203,-9.05469036102295,39.81769943237305,0.7165579795837402,-0.16261713206768036,-0.2833236753940582,0.939134955406189,-0.6628157496452332,-1.068556308746338,-0.11441420018672943,-1.0779190063476562,-0.719023585319519,-0.27723103761672974,-2.141815662384033,-0.9918898940086365,0.03700168803334236,-0.13292571902275085,0.08604013919830322,0
715,7149938,0.00011962828284595162,-0.03109283745288849,-0.9694605469703674,0.08865106105804443,-0.19408951699733734,0.2929176688194275,31.287506103515625,-10.971451759338379,40.55964279174805,-1.659968614578247,0.8750852346420288,-0.6369170546531677,-2.015291929244995,0.25230470299720764,-0.2601960599422455,-0.9372604489326477,0.17975157499313354,-0.35786107182502747,-2.170539379119873,-1.1288025379180908,1.2698736190795898,1.2823200225830078,-0.017906520515680313,1.2218207120895386,0
716,7159766,0.01967414654791355,-0.06529171764850616,-1.020291805267334,0.6558727025985718,0.04509079456329346,0.5813421010971069,27.930953979492188,-10.937921524047852,39.132686614990234,1.5046119689941406,0.12386400997638702,-1.4474377632141113,-1.3239024877548218,-0.731387734413147,0.1549990475177765,2.0893118381500244,0.5473712682723999,2.075291872024536,1.8716118335723877,-2.899822235107422,1.191502332687378,2.636396646499634,0.7199264764785767,0.5406233668327332,0
717,7169837,0.005125726107507944,0.0036909820046275854,-0.9882504940032959,-0.3153761327266693,-0.38140782713890076,0.3028818368911743,29.90584373474121,-10.986810684204102,38.687191009521484,-0.8224614262580872,0.35593417286872864,1.3810104131698608,-0.44676700234413147,-0.24892692267894745,-0.874774158000946,0.1566501408815384,1.158793568611145,1.3730162382125854,-1.9507660865783691,0.4162880480289459,1.010154366493225,-0.20378564298152924,-0.491085410118103,-0.8863564729690552,0
718,7180076,-0.045003604143857956,0.06677442789077759,-0.9712126851081848,0.37567058205604553,-0.40288376808166504,0.2564485967159271,29.389013290405273,-8.74337100982666,41.149169921875,-0.7342154383659363,0.7639252543449402,0.09380939602851868,1.2695757150650024,-1.1284898519515991,0.8619328737258911,1.5543299913406372,-0.7759199142456055,-1.4752476215362549,0.11838371306657791,-0.5398682355880737,-0.7671744227409363,-0.9722912907600403,0.5679419636726379,0.7320122122764587,0
719,7189869,-0.03495415300130844,-0.035768069326877594,-0.982323169708252,-0.9015496969223022,-0.16603028774261475,-0.24213644862174988,28.91802215576172,-9.270833015441895,39.33066940307617,0.1198294460773468,-0.9444873929023743,1.5135728120803833,0.6305055618286133,0.08741837739944458,0.33480584621429443,-0.41642555594444275,1.3027715682983398,0.9009338617324829,0.9743528366088867,-0.656858503818512,-0.21002429723739624,1.274752140045166,-0.26792940497398376,-0.1396327018737793,0
720,7200172,-0.03471750020980835,-0.052494440227746964,-1.0073307752609253,-0.19657790660858154,-0.13405153155326843,0.6179416179656982,30.57781410217285,-9.228962898254395,38.01301193237305,0.4826228618621826,-0.4433600604534149,1.6064555644989014,0.019213363528251648,0.6076833605766296,-1.745968222618103,-0.19965438544750214,0.8049779534339905,-0.44503137469291687,-0.6270326972007751,0.4684794247150421,0.09035687893629074,-0.6577835083007812,-2.1141061782836914,-1.0565265417099,0
721,7209906,0.02413022145628929,-0.0656956136226654,-0.979877769947052,-0.29230111837387085,0.21826425194740295,1.4329257011413574,31.799434661865234,-9.210305213928223,41.50687789916992,-0.15061432123184204,0.46936509013175964,-2.7094662189483643,0.4712214767932892,0.9899323582649231,0.8178327083587646,-0.8881361484527588,-0.8019418120384216,-0.9630651473999023,-1.0634180307388306,0.22795626521110535,1.1675970554351807,-2.5295019149780273,-0.4682391583919525,0.404000461101532,0
722,7220047,0.04707846790552139,-0.08135593682527542,-0.9994158148765564,-0.6026722192764282,0.39027589559555054,-0.30747294425964355,29.81058120727539,-9.94072151184082,38.052490234375,-0.47782474756240845,-2.2943317890167236,0.2898511290550232,0.27770256996154785,-1.081889033317566,-0.19468390941619873,-0.6943982839584351,-0.2293291538953781,1.6077601909637451,-0.45950666069984436,0.5681881904602051,0.17115391790866852,0.36543136835098267,-0.1522579789161682,1.098220705986023,0
723,7230019,-0.03171563893556595,0.027313195168972015,-0.9990545511245728,-1.1133716106414795,-0.4155428409576416,0.6279540061950684,31.39435386657715,-9.085471153259277,39.013126373291016,1.3701974153518677,0.5443487167358398,-0.6421588063240051,-1.568138837814331,0.29795193672180176,0.5047997236251831,1.3573932647705078,-0.7457228899002075,-0.3910023272037506,0.1551695317029953,0.008916481398046017,-0.8234102725982666,-0.30199727416038513,0.9325785040855408,1.4583238363265991,0
724,7240053,0.06470716744661331,0.04514611139893532,-0.9886283278465271,0.11510586738586426,-0.39813435077667236,-0.6154893040657043,30.414533615112305,-8.675485610961914,40.06569290161133,-0.7551900744438171,1.1605091094970703,-0.4955257773399353,2.1012301445007324,1.8874449729919434,-0.6750906109809875,0.7195969820022583,1.1950666904449463,0.2486037313938141,-1.9782098531723022,-0.5626292824745178,-2.1382131576538086,-0.289739727973938,-0.5228463411331177,0.6347640752792358,0
725,7249986,-0.11001022905111313,-0.007039504591375589,-1.0125106573104858,-0.7604134678840637,-0.27353137731552124,0.271712064743042,30.814990997314453,-10.202953338623047,39.5853385925293,-0.496042937040329,-1.5028036832809448,-0.06669215112924576,-0.5090450048446655,0.33531054854393005,-0.6646122932434082,1.6411391496658325,0.681740403175354,1.4461095333099365,0.03978140279650688,-2.28534197807312,-0.6108788251876831,0.013822176493704319,0.06428632140159607,0.07674140483140945,0
726,7260110,-0.023741113021969795,-0.09896256774663925,-0.9778358340263367,-1.1059502363204956,-0.6954013705253601,0.5162163972854614,29.241792678833008,-11.306031227111816,39.10298156738281,-0.5584605932235718,-0.3900991678237915,0.9648527503013611,-0.5029613971710205,-1.2775722742080688,-0.22851677238941193,-0.23063914477825165,-1.4037494659423828,-2.093064069747925,-1.0090875625610352,-0.5575624704360962,0.8539149761199951,0.02921348437666893,0.3191162347793579,0.32051244378089905,0
727,7269708,-0.03517446294426918,-0.08573120832443237,-0.9797103404998779,0.3611461818218231,0.3436606824398041,0.4334293007850647,29.884490966796875,-9.579466819763184,41.228458404541016,-0.4367746114730835,1.2726788520812988,-1.3691242933273315,0.6494961380958557,-1.1386855840682983,-0.7822877764701843,3.0647308826446533,0.3941968083381653,0.22113056480884552,-0.23013441264629364,1.3382476568222046,0.48155179619789124,0.8697118163108826,1.0817164182662964,1.1531784534454346,0
728,7279906,0.016556305810809135,0.06856931000947952,-1.0282021760940552,0.24488529562950134,0.3098905682563782,0.6143807768821716,30.636268615722656,-9.854798316955566,40.57461929321289,0.28210026025772095,0.03776126354932785,0.513020396232605,0.8570354580879211,0.4980800449848175,-0.11234883219003677,-1.1415774822235107,-0.3036893308162689,-0.4323084056377411,-0.5038450956344604,1.219340205192566,-0.3601744472980499,-0.18426276743412018,-1.4516401290893555,0.8563245534896851,0
729,7289654,0.015058371238410473,0.03239654749631882,-1.0074856281280518,0.7022342681884766,0.5510637164115906,0.08157283812761307,31.027639389038086,-10.564752578735352,39.70964431762695,-1.8536981344223022,1.2843608856201172,0.7024861574172974,0.6764428019523621,-0.3186948597431183,0.03383880853652954,-1.649253487586975,1.8312925100326538,-0.26268550753593445,-0.4788195490837097,-1.7486231327056885,-0.9255270957946777,0.2202998250722885,1.236517071723938,-1.220375657081604,0
730,7299980,-0.03727011755108833,0.05894074961543083,-1.007030963897705,0.12328918278217316,-0.10727281123399734,-0.28864866495132446,28.89674186706543,-10.819862365722656,39.995765686035156,-0.6038742065429688,0.3888758420944214,2.2382423877716064,0.22798389196395874,0.11654532700777054,-1.0234272480010986,-1.451009750366211,-0.07607553899288177,-0.8437860012054443,-0.38613831996917725,0.3019116222858429,-1.6768144369125366,-2.016164779663086,-1.8289501667022705,0.7087458372116089,0
731,7310121,0.04906243085861206,0.1132289245724678,-1.0079220533370972,-0.006821843795478344,-0.2909396290779114,0.26490163803100586,28.670080184936523,-8.680059432983398,41.28868865966797,-1.2228697538375854,-0.23264136910438538,-2.1286866664886475,-1.122162103652954,-0.2806406617164612,0.5655286312103271,1.2098937034606934,-0.005561188794672489,0.030022040009498596,1.2323799133300781,-1.642421007156372,0.9036092758178711,-0.6297287344932556,0.36490440368652344,0.8323959112167358,0
732,7320005,0.08876998722553253,0.006222125608474016,-1.0202728509902954,0.44383761286735535,-0.2884547710418701,-0.8262706995010376,29.41453742980957,-11.264708518981934,39.23176193237305,-1.0001925230026245,0.14993108808994293,-0.4392845928668976,1.3395192623138428,-0.6521265506744385,-0.7787831425666809,-0.33705267310142517,-0.5709436535835266,-0.15449485182762146,-0.04241940379142761,-0.5902911424636841,-0.7404947876930237,0.46118730306625366,0.47888725996017456,-0.8524847030639648,0
733,7329976,-0.01192956417798996,0.03874364122748375,-0.9977110624313354,0.29714128375053406,0.19150568544864655,0.2724217474460602,29.296279907226562,-11.251440048217773,39.778865814208984,0.11623148620128632,-0.05180864408612251,-1.278215765953064,-0.10054256021976471,0.509647786617279,-1.6655985116958618,-0.38292551040649414,0.857384204864502,0.7669704556465149,0.4708872139453888,-0.9519588947296143,0.5031265616416931,-0.4039997458457947,-0.3422030210494995,-1.3010249137878418,0
734,7339875,-0.0469120517373085,0.03503435477614403,-0.9964724183082581,-0.18628957867622375,-0.1985289454460144,0.15842586755752563,30.896121978759766,-10.202841758728027,39.55685806274414,2.324768543243408,-0.5422367453575134,1.3543614149093628,-1.081790804862976,0.5170624852180481,-0.011828315444290638,-0.08483023941516876,-0.37524622678756714,0.5284046530723572,0.5982261300086975,0.1759832203388214,-1.5874462127685547,0.11246822029352188,1.0388537645339966,1.1301555633544922,0
735,7349917,-0.028933698311448097,-0.01838536746799946,-1.0105940103530884,-0.25939875841140747,1.037894368171692,-0.4851572513580322,32.9593391418457,-9.086799621582031,38.90982437133789,-0.6524629592895508,-1.5761163234710693,0.4740394651889801,-0.7275049686431885,0.6332026720046997,-0.507656455039978,-0.18756715953350067,0.5323047041893005,1.8796296119689941,-2.4148099422454834,0.3206225037574768,-0.6598262190818787,-1.2620025873184204,0.6725807785987854,1.6830739974975586,0
736,7359790,-0.07628446072340012,-0.048356734216213226,-0.990363359451294,-0.0797499269247055,0.7777625918388367,0.6129274368286133,29.758209228515625,-8.718768119812012,38.84523010253906,2.221348524093628,-1.097241997718811,-1.8147556781768799,-1.3371515274047852,0.74478679895401,-1.642825722694397,-0.178762286901474,-1.1977126598358154,0.02849281206727028,1.1341238021850586,0.04584896191954613,0.6793784499168396,-0.7550705075263977,0.47530871629714966,0.16550187766551971,0
737,7369988,0.015648340806365013,0.11245253682136536,-1.0054441690444946,-0.2995483875274658,0.3710324764251709,-0.11178748309612274,31.001909255981445,-9.232473373413086,39.87252426147461,0.6033169627189636,-0.3416358232498169,0.559177577495575,0.039689213037490845,-0.5528631806373596,0.07383905351161957,-1.3945046663284302,-0.691964864730835,-0.980983555316925,-0.13782861828804016,-0.14639529585838318,1.189224362373352,0.19787155091762543,0.7882948517799377,-0.17945390939712524,0
738,7379975,-0.018519282341003418,-0.025274118408560753,-0.9858365058898926,0.24898314476013184,0.034963686019182205,-0.07003412395715714,30.7871036529541,-9.790548324584961,39.258358001708984,0.398467481136322,0.6253728866577148,-0.339265376329422,1.6600171327590942,2.3112406730651855,0.4365699589252472,-1.8135815858840942,-0.7806630730628967,-0.96885746717453,-0.37933284044265747,-2.358220100402832,-1.2001780271530151,-0.2606704831123352,-0.23016802966594696,-1.180557370185852,0
739,7390116,-0.002650047419592738,-0.058144520968198776,-1.003659963607788,0.8084848523139954,-0.13608109951019287,-0.018441496416926384,29.380212783813477,-9.961423873901367,40.69768524169922,-0.08130669593811035,-0.5468538403511047,-0.11449112743139267,-0.3825888931751251,0.27940094470977783,0.7098547220230103,0.591228187084198,-0.7814441323280334,-0.06450717896223068,0.01343656238168478,0.08699625730514526,1.2926185131072998,0.5631239414215088,0.06752088665962219,1.645602822303772,0
740,7399843,-0.02600713074207306,0.01985013484954834,-0.9798527956008911,-0.23392295837402344,-0.10386189818382263,0.012049087323248386,29.880281448364258,-9.53346061706543,39.9520149230957,-0.9837493896484375,-2.170393705368042,0.175898477435112,0.16569021344184875,1.0802907943725586,0.1728094518184662,1.085567831993103,0.0005002059624530375,1.3121687173843384,-0.3580382466316223,-0.8107961416244507,1.0520553588867188,0.5714541077613831,-0.16667966544628143,0.8935728073120117,0
741,7409653,0.0017195107648149133,0.10192207992076874,-0.998956561088562,-0.06836174428462982,-0.4387531876564026,-0.7949333190917969,28.653179168701172,-9.660148620605469,38.297088623046875,-0.13013432919979095,-0.8454462289810181,0.8898370862007141,-0.44287216663360596,-1.92371666431427,-0.6118242740631104,-1.1755914688110352,-2.028388738632202,-0.5847373008728027,-1.0285804271697998,-0.14550581574440002,-0.08245252817869186,-0.517395555973053,-0.8773075342178345,0.7760363817214966,0
742,7419911,0.03660812973976135,0.09145262837409973,-1.0011993646621704,-0.48595941066741943,-0.5712140798568726,0.21118620038032532,30.150226593017578,-8.693554878234863,40.52372360229492,0.5277637243270874,-1.329659342765808,-1.457751750946045,0.03814353421330452,-0.1845756620168686,0.1338263899087906,2.276041269302368,1.7612934112548828,0.3550975024700165,-0.9816173911094666,0.7826529145240784,-1.7450159788131714,-0.5375903248786926,-0.4879966080188751,0.8765907883644104,0
743,7430302,-0.06946554034948349,0.03147763013839722,-1.0089322328567505,0.3435584008693695,0.08438799530267715,-0.16382141411304474,27.43560791015625,-11.177931785583496,40.52372741699219,-0.8435508012771606,-0.25583916902542114,0.4731556177139282,1.6454659700393677,-0.9978507161140442,0.5493035316467285,-0.7707439661026001,0.009129747748374939,-1.0076484680175781,-0.24815987050533295,1.0064986944198608,-0.7378283143043518,0.5455821752548218,-0.06825726479291916,-1.3169842958450317,0
744,7440230,0.0037379746790975332,0.08699063956737518,-0.9923830628395081,0.09310086816549301,0.22710151970386505,-0.15794523060321808,31.538522720336914,-8.258831977844238,39.382347106933594,-0.5639886856079102,1.0027873516082764,-1.23822021484375,-1.0093398094177246,-0.34111323952674866,-0.3695901930332184,0.11720263212919235,0.2422521412372589,2.6374449729919434,0.17872518301010132,1.0015003681182861,-0.85880047082901,0.984597384929657,-0.5438968539237976,1.9298973083496094,0
745,7450154,-0.011332562193274498,0.04887537658214569,-1.0316169261932373,0.6747878789901733,-0.25990617275238037,-0.3593958914279938,29.913177490234375,-9.360841751098633,41.238162994384766,1.0839993953704834,-1.581123948097229,-1.1138437986373901,0.48828527331352234,-0.12309765070676804,-0.8248594999313354,0.09983701258897781,1.1050444841384888,-0.7273366451263428,0.6916142106056213,-1.1211647987365723,0.43083006143569946,-2.494102954864502,-0.11052417010068893,-0.47181010246276855,0
746,7459900,-0.0444595031440258,-0.05032044276595116,-1.0106555223464966,-0.3713708221912384,-0.33277392387390137,-0.9315210580825806,29.962244033813477,-8.613697052001953,41.280303955078125,1.199142336845398,0.09497351199388504,-1.0027408599853516,0.29883748292922974,-1.3677451610565186,0.2614603340625763,-1.8695578575134277,0.8461032509803772,2.3326382637023926,-0.04032629728317261,-0.33319273591041565,-2.4479851722717285,-1.392045497894287,0.5608415007591248,-0.07374805212020874,0
747,7469877,0.011750062927603722,-0.029935188591480255,-0.9967156052589417,0.2669302225112915,0.11639129370450974,-0.10699966549873352,28.414960861206055,-9.443451881408691,40.50794219970703,-1.1676260232925415,0.7426434755325317,0.7104721069335938,-0.2896912097930908,0.8606593012809753,-0.37443411350250244,0.4376336932182312,0.853129506111145,1.185477375984192,-0.8339974284172058,-1.3162094354629517,-0.30811962485313416,0.9320312142372131,-0.5174310803413391,-1.5573382377624512,0
748,7480201,-0.031710173934698105,-0.03455774858593941,-0.9900992512702942,0.8414254188537598,-0.7409782409667969,-0.22571961581707,30.41679573059082,-9.310715675354004,39.394752502441406,0.599913477897644,0.04405786842107773,-0.6737796068191528,-0.38475340604782104,0.8121816515922546,0.10629433393478394,1.6327996253967285,-0.3581046164035797,1.0347509384155273,-1.9651134014129639,-0.763972818851471,-0.011882315389811993,0.09523807466030121,1.1069109439849854,-1.2857511043548584,0
749,7489691,-0.054626066237688065,0.05460771918296814,-1.0117703676223755,-0.05748634412884712,-0.2510737180709839,0.4386330842971802,30.380207061767578,-9.596860885620117,40.5185661315918,0.41158318519592285,-1.1760642528533936,-1.389819622039795,1.52693772315979,0.5341411232948303,-1.0607844591140747,-1.5850638151168823,0.738283634185791,-0.5392887592315674,0.5968855023384094,-0.01122365240007639,-1.7981120347976685,-0.6153983473777771,-1.4165219068527222,0.4066166579723358,0
750,7500049,0.06926184147596359,-0.05027680844068527,-1.0093921422958374,-0.695411205291748,0.0026987812016159296,-0.3478255867958069,29.97081756591797,-9.693102836608887,39.20127487182617,0.3228049576282501,0.5254327058792114,0.7251415252685547,-0.1767888367176056,-0.13136117160320282,0.397306889295578,0.34069329500198364,-0.34303009510040283,-0.2070768028497696,1.9571930170059204,-1.5594979524612427,1.5868586301803589,-1.9809924364089966,0.7043686509132385,0.7667924165725708,0
751,7509914,0.06790303438901901,0.05587741732597351,-0.9906783103942871,-0.07219387590885162,0.4933667778968811,-0.4948106110095978,28.186325073242188,-11.68173885345459,40.99555587768555,-0.500981330871582,-1.3458245992660522,-0.341948926448822,0.5772803425788879,-0.6402914524078369,-1.1852502822875977,-1.1396033763885498,1.2197234630584717,-0.8811578750610352,1.0980000495910645,0.7060303688049316,-0.591113805770874,-0.1860775351524353,-0.9361772537231445,0.21526002883911133,0
752,7519803,-0.0023057376965880394,-0.018712976947426796,-1.0074079036712646,0.15414462983608246,0.1596401482820511,0.21005778014659882,29.727519989013672,-10.378098487854004,40.76271438598633,0.8261304497718811,-1.0096454620361328,-1.143250823020935,-1.586409330368042,-0.5943506360054016,0.6215307116508484,-1.3919398784637451,-0.9502149224281311,0.652010977268219,1.2480982542037964,-0.3636528551578522,-0.2787928879261017,-0.8401719927787781,-1.641367793083191,0.22421199083328247,0
753,7530112,0.008297908119857311,-0.035799089819192886,-1.033290147781372,0.39687657356262207,0.6765094995498657,0.18891531229019165,29.78615951538086,-10.21573543548584,38.85301971435547,-1.3470553159713745,0.49199143052101135,0.5062912702560425,0.134181410074234,-0.9117514491081238,-0.8394147157669067,-0.6000279784202576,-0.36949318647384644,-2.1276376247406006,0.3556303381919861,-1.0809531211853027,1.6077399253845215,-0.7233507037162781,1.1892164945602417,-0.5224881768226624,0
754,7539999,-0.002758626826107502,0.03426850214600563,-0.9857277870178223,0.027312172576785088,-0.4946819841861725,-0.15416568517684937,31.5302734375,-10.041948318481445,40.057064056396484,-0.738608717918396,-0.3122176229953766,0.8830608129501343,0.5075188279151917,0.5956234335899353,-1.7013702392578125,1.1757575273513794,-0.5696343183517456,0.28992167115211487,-0.1255529820919037,-0.3668609857559204,-0.13850776851177216,-0.025960205122828484,-1.4675695896148682,0.19777391850948334,0
755,7549841,-0.03517429903149605,0.030112778767943382,-1.0022672414779663,-0.09335099160671234,-0.5308665633201599,-0.771740198135376,28.586633682250977,-9.116568565368652,41.19632339477539,-0.36765873432159424,-1.2987602949142456,1.3515832424163818,-0.8795558214187622,-1.1302443742752075,-1.3374871015548706,1.8035424947738647,0.27264493703842163,1.0964349508285522,0.47699210047721863,-0.32382988929748535,1.4633822441101074,-0.024582110345363617,1.0799237489700317,-0.6557733416557312,0
756,7560005,-0.04256189987063408,0.013840336352586746,-0.9915990829467773,0.6446367502212524,0.916607677936554,0.20456531643867493,29.68057632446289,-9.409956932067871,39.44963836669922,1.0870628356933594,0.5270354747772217,0.36727142333984375,-1.9891773462295532,1.0181374549865723,1.9529420137405396,-0.022275613620877266,0.6917163133621216,-1.4948360919952393,-1.7856695652008057,-1.5725187063217163,1.339918613433838,0.20039094984531403,-1.6763103008270264,-0.5675399899482727,0
757,7570037,0.0888945609331131,-0.06628821045160294,-0.9841201901435852,-0.3625894784927368,0.014359580352902412,0.3397366404533386,28.604694366455078,-8.933310508728027,41.43266296386719,-0.13864539563655853,0.9866787195205688,0.06921621412038803,3.2247250080108643,0.37557998299598694,0.1479496955871582,-1.4261462688446045,-0.43213003873825073,-0.5613821744918823,-0.0857270136475563,-0.37070003151893616,1.1803796291351318,0.31314370036125183,0.8994694352149963,-0.18377679586410522,0
758,7580004,0.05052492395043373,0.038681454956531525,-1.007063865661621,0.8941511511802673,0.07424885779619217,0.21461212635040283,28.938701629638672,-9.722442626953125,40.92552185058594,-0.7899091243743896,0.02533530443906784,1.1566277742385864,-0.23445895314216614,0.6202296614646912,0.21921949088573456,-0.19039709866046906,-0.5524886250495911,0.32777926325798035,0.7307723164558411,-0.8012964129447937,1.6108342409133911,-1.2361184358596802,0.5968342423439026,0.8750181794166565,0
759,7589968,0.03127983585000038,0.09259837120771408,-1.0067415237426758,-0.41315287351608276,0.592518150806427,0.19215276837348938,30.922588348388672,-9.332655906677246,41.517982482910156,1.425790548324585,-0.8232570290565491,0.16234531998634338,0.8463641405105591,0.464891642332077,-1.110445261001587,0.331622451543808,-2.4653711318969727,-2.73005747795105,0.4112020432949066,0.9142959117889404,1.3074009418487549,0.8871946930885315,1.4417963027954102,0.5994512438774109,0
760,7599935,-0.018451165407896042,-0.020487137138843536,-1.0247339010238647,0.14838199317455292,-0.48277032375335693,0.09441909193992615,31.138463973999023,-8.83464527130127,40.44947052001953,0.21756912767887115,-0.31755560636520386,1.8771097660064697,0.6500800848007202,-0.1878904402256012,1.778091311454773,-1.991891622543335,0.9959208965301514,-0.48130524158477783,-1.6273858547210693,-1.1108447313308716,1.2526888847351074,0.1258462816476822,0.6733300685882568,-0.052054956555366516,0
761,7610076,-0.04305727779865265,-0.06223184987902641,-0.9598718881607056,-0.4096601605415344,0.5297899842262268,0.129125714302063,28.97716522216797,-9.175222396850586,40.07268524169922,2.9393715858459473,-1.0086948871612549,0.24404026567935944,-0.06891480833292007,-0.21120169758796692,-2.5817322731018066,1.858594536781311,1.147489070892334,-1.376221776008606,1.0450258255004883,-0.7909494042396545,-0.456786572933197,2.8685693740844727,-0.9713243842124939,0.44064468145370483,0
762,7619881,-0.025276457890868187,-0.03765732795000076,-0.9903740882873535,-0.024690983816981316,-0.14750370383262634,0.07273203134536743,30.223651885986328,-9.01743221282959,40.14985275268555,2.972613573074341,1.7360525131225586,-1.0593724250793457,0.6389514803886414,-0.7754789590835571,-0.5248882174491882,0.7291123867034912,-0.5497902631759644,-0.41987520456314087,-0.6736373901367188,-0.8919553160667419,0.21648754179477692,-1.2333824634552002,0.38822948932647705,0.17255765199661255,0
763,7630091,-0.022947808727622032,0.051644232124090195,-1.0033237934112549,-0.36698123812675476,-0.597396194934845,0.06202349811792374,30.723508834838867,-9.294534683227539,40.84065628051758,0.28122973442077637,1.0509077310562134,-0.9387273192405701,0.5553357601165771,0.237933948636055,-1.690414309501648,-1.8730214834213257,0.2414831519126892,0.2060217708349228,0.6924136281013489,-0.829156219959259,-0.20169001817703247,-0.9548519253730774,-0.034477349370718,-0.5224228501319885,0
764,7639853,-0.028001250699162483,0.0322132334113121,-0.9738009572029114,-0.00802792701870203,-0.296212375164032,-0.7182117104530334,28.687267303466797,-10.701037406921387,38.56629180908203,-0.809761643409729,0.6569162011146545,-0.17323178052902222,-1.1749238967895508,0.2134390026330948,-1.0546818971633911,0.29278552532196045,-0.3146459758281708,-0.7171468734741211,-0.8502789735794067,0.07761149853467941,1.3161125183105469,-1.571447491645813,0.8611707091331482,0.6894813776016235,0
765,7650050,-0.02326853759586811,0.03573467582464218,-1.0051653385162354,-0.21840733289718628,0.7052164077758789,0.5983421206474304,27.763092041015625,-10.096185684204102,39.792388916015625,0.49344369769096375,-1.912487506866455,-0.428361713886261,0.2533091902732849,0.0488201305270195,0.40053871273994446,0.10401955246925354,-0.5181934237480164,-0.7008199095726013,-0.6157251596450806,0.1764301359653473,0.7791738510131836,-1.0693535804748535,-1.0104669332504272,1.3490326404571533,0
766,7659949,-0.03802340477705002,-0.013298412784934044,-1.0143457651138306,0.4280726909637451,0.6975510716438293,-0.20767496526241302,28.71211051940918,-9.909934043884277,39.71997833251953,-0.627455472946167,0.12655702233314514,-0.7456516623497009,-0.5310729742050171,0.02064887434244156,-0.28942278027534485,-0.9267506003379822,-1.1034681797027588,1.0783593654632568,-0.3612159490585327,0.3548540472984314,0.8424463868141174,0.6395922899246216,0.4074181020259857,-0.6369027495384216,0
767,7670172,0.024535395205020905,0.06782999634742737,-1.0155965089797974,-0.5198098421096802,0.05013492330908775,-0.0049356259405612946,30.2305908203125,-9.171469688415527,39.550533294677734,1.1661162376403809,-0.00965709425508976,0.525942325592041,1.445129156112671,1.7850009202957153,1.1210888624191284,0.6516157388687134,-1.3684695959091187,-0.2585338354110718,0.08580215275287628,2.4067142009735107,1.615207314491272,-0.7768397927284241,-0.011074334383010864,0.3929668366909027,0
768,7679921,0.032939452677965164,-0.07947008311748505,-0.9871475696563721,0.6153085827827454,-0.4439035654067993,-0.398254930973053,29.22368812561035,-9.720025062561035,39.896324157714844,0.4772847890853882,1.7797610759735107,1.2469959259033203,0.5428318977355957,-0.5101827383041382,1.0595600605010986,0.8470038175582886,-1.7995784282684326,0.5408108234405518,0.611068069934845,-1.0963040590286255,1.0426256656646729,-0.5969551205635071,1.185970425605774,-0.3306436240673065,0
769,7689852,0.038505908101797104,0.047498252242803574,-1.0254883766174316,0.38598015904426575,-0.7117017507553101,-0.7789247035980225,28.23651695251465,-11.446743965148926,39.74834060668945,-0.029874972999095917,0.9813086986541748,0.20052699744701385,0.27806997299194336,0.7021918892860413,-0.0579194650053978,0.28453555703163147,0.7006865739822388,-1.051682949066162,-0.9455627202987671,0.014246068894863129,0.314736008644104,-0.2581084370613098,0.5162060260772705,0.15942591428756714,0
770,7699869,0.02585533633828163,-0.10256551951169968,-0.9777243137359619,0.2804047763347626,0.28942975401878357,-0.04941239207983017,29.790342330932617,-10.257551193237305,41.1933479309082,0.014964230358600616,-1.4772326946258545,-0.487504243850708,1.3383660316467285,-1.3092459440231323,-1.1493256092071533,0.07021854817867279,0.6789868474006653,0.6753298044204712,0.5088157057762146,-0.2981281876564026,0.34704655408859253,0.45419031381607056,-0.6874352693557739,-0.4447561502456665,0
771,7709881,0.01869405433535576,0.11557160317897797,-0.9965664148330688,0.30310964584350586,0.09160590171813965,-0.587441623210907,30.151519775390625,-9.144368171691895,40.63918685913086,0.36330878734588623,-0.4901982545852661,-0.5210880637168884,-2.351111888885498,0.010798905044794083,-0.9601025581359863,1.1342182159423828,-1.9367992877960205,-0.6158660054206848,-0.7626723647117615,-0.176395982503891,-0.6558091640472412,-0.09429371356964111,-0.7274923920631409,-0.7361407279968262,0
772,7720110,-0.0076948716305196285,-0.002674103481695056,-1.0084010362625122,-0.2821125388145447,-0.6943899393081665,-1.1996439695358276,30.446269989013672,-9.38038158416748,38.305274963378906,-0.33045393228530884,0.5945417881011963,-0.4913140833377838,0.3972625434398651,-0.3626234233379364,-0.8276263475418091,-0.38848555088043213,-1.5095254182815552,0.5673325061798096,-0.21749737858772278,-0.12729401886463165,0.30235353112220764,-1.8988415002822876,-0.157087504863739,-0.4513340890407562,0
773,7729750,0.051852334290742874,-0.030525993555784225,-0.995476484298706,0.45138370990753174,0.7530036568641663,-0.7360681891441345,29.398849487304688,-9.088395118713379,39.79364776611328,0.41762158274650574,-0.4826921820640564,1.1503349542617798,1.4147354364395142,1.526792287826538,-0.8127191662788391,0.09124262630939484,0.22230294346809387,-1.410234808921814,1.1153719425201416,-1.2361149787902832,-0.4685927629470825,0.05974803864955902,-0.545650064945221,1.266897201538086,0
774,7740047,-0.07753299176692963,0.012412097305059433,-1.0263640880584717,-0.49033835530281067,0.9288636445999146,-0.43228188157081604,28.38581657409668,-9.548811912536621,40.48282241821289,-0.05355871468782425,-1.0065624713897705,0.49062174558639526,1.08359956741333,-1.333074688911438,0.3767392635345459,0.8684902191162109,0.6699537634849548,0.37366151809692383,-0.3304443359375,-1.2112715244293213,-0.10060741752386093,1.6499983072280884,-0.519094705581665,-1.8935922384262085,0
775,7750053,0.007375355344265699,0.025031227618455887,-0.9984899759292603,0.40779855847358704,-0.053869131952524185,0.26746946573257446,29.319923400878906,-9.159059524536133,41.43878173828125,0.5940733551979065,0.4671444296836853,-0.36489805579185486,-1.0574032068252563,1.1149415969848633,0.69214928150177,-0.23460331559181213,-0.8309147953987122,0.23660162091255188,-1.209030270576477,0.6249231100082397,-0.6229568123817444,0.2079160213470459,-0.5314334034919739,-1.741087555885315,0
776,7759801,0.031834665685892105,-0.08667853474617004,-1.0197645425796509,-0.4383397400379181,0.2121320515871048,-0.015624470077455044,29.829669952392578,-10.015016555786133,39.64336395263672,-0.6706482172012329,-0.9433323740959167,0.24130305647850037,-0.6807997822761536,-0.13182319700717926,0.046705462038517,-1.1445786952972412,3.2412211894989014,-1.3440985679626465,0.3535882532596588,-0.24719074368476868,-0.27491921186447144,1.55526864528656,-1.0002119541168213,0.33367303013801575,0
777,7770005,-0.04093041270971298,-0.016110610216856003,-0.9785906076431274,0.18540069460868835,-0.5393884181976318,0.6985974907875061,28.588932037353516,-9.996369361877441,38.590030670166016,-1.0141091346740723,-1.0566681623458862,-0.7606856822967529,0.8220805525779724,0.8562009930610657,-0.34099701046943665,-0.7805847525596619,-1.1252777576446533,-0.8175979852676392,-0.4356858432292938,1.8988398313522339,-0.7185530662536621,-1.594440221786499,-0.1634294092655182,1.8145184516906738,0
778,7780207,0.0387999601662159,-0.027864772826433182,-0.9862474203109741,0.7170777320861816,0.8716786503791809,0.11373505741357803,29.75390625,-9.578985214233398,38.39617919921875,0.22170193493366241,-1.1462559700012207,-0.8219853639602661,1.3230119943618774,-0.15510213375091553,-0.009686757810413837,-0.7415007948875427,0.8193743228912354,0.8092383742332458,-0.7158347368240356,0.6432610154151917,-0.5326477289199829,-1.5636005401611328,-0.70401531457901,1.0525380373001099,0
779,7789732,-0.012637849897146225,0.02029653824865818,-0.9862366318702698,0.020888660103082657,0.009954241104424,-0.19624245166778564,31.787208557128906,-9.972809791564941,39.9083251953125,-0.569208562374115,1.267860770225525,2.1563644409179688,-0.12095775455236435,0.7264155149459839,-0.4460194706916809,0.4066184461116791,0.9099485278129578,-0.8629639744758606,1.836307406425476,0.9500163197517395,0.2725237309932709,1.2462621927261353,-0.13921251893043518,0.7413065433502197,0
780,7799923,-0.0230390802025795,-0.0772654265165329,-1.0055546760559082,0.42016592621803284,-0.1439482867717743,-0.1799219250679016,28.479469299316406,-9.702651023864746,40.97345733642578,-0.922687828540802,-0.45261913537979126,-0.41992542147636414,-0.6355911493301392,-0.7216594219207764,0.044740427285432816,-0.5575173497200012,-0.679023265838623,2.3410046100616455,0.8679226040840149,0.006467760540544987,-1.439575433731079,0.3138705790042877,-0.6319660544395447,-0.8363201022148132,0
781,7810106,-0.06839244067668915,-0.020336491987109184,-0.9927083253860474,-1.2341285943984985,0.0038095067720860243,-0.5105319023132324,30.495771408081055,-8.329867362976074,41.094390869140625,1.6728092432022095,0.47518593072891235,-0.18083351850509644,-0.49561187624931335,-1.6226744651794434,-0.8110641241073608,-0.7677867412567139,-0.04211297631263733,2.075152635574341,-0.7494832277297974,0.36510327458381653,0.5916705131530762,0.5085148811340332,-0.16278237104415894,-0.2633746564388275,0
782,7820115,-0.024198027327656746,-0.057590190321207047,-0.9921121001243591,-0.09040407836437225,-0.9318583607673645,0.19639915227890015,30.513687133789062,-9.106127738952637,39.918487548828125,0.4479237496852875,0.6824887990951538,0.6312514543533325,1.5127270221710205,-0.21919606626033783,-1.211372971534729,-1.4755624532699585,-1.0269891023635864,-0.5813239812850952,-0.4713667631149292,-0.736454963684082,-0.021999673917889595,-0.6067424416542053,0.8252989649772644,0.08519179373979568,0
783,7830031,0.05554882809519768,-0.05329439789056778,-1.0600289106369019,-0.8830450773239136,-0.03122820146381855,0.9530032873153687,28.112106323242188,-9.502290725708008,41.036441802978516,-1.6724050045013428,-1.5166733264923096,-0.9774489998817444,-1.6574097871780396,-0.6851811408996582,-0.047564875334501266,0.6963422894477844,0.9333392381668091,1.8439061641693115,0.5972064733505249,-1.4748141765594482,-1.395310401916504,-1.019101858139038,-0.34133434295654297,1.5195988416671753,0
784,7839898,-0.0752444937825203,0.06342850625514984,-0.9558730721473694,0.621563732624054,-0.1640135794878006,-0.20992210507392883,31.859600067138672,-10.488356590270996,40.95096969604492,0.2790229916572571,-0.041002508252859116,-1.0558980703353882,-0.24963116645812988,-0.3662286400794983,0.43958258628845215,0.42983943223953247,-0.2773893177509308,0.7362427711486816,-0.037638552486896515,1.4605088233947754,0.6456562876701355,1.4199298620224,-1.1040279865264893,1.6452244520187378,0
785,7850111,0.11887653917074203,-0.06206183135509491,-1.0203417539596558,0.42762187123298645,0.3469828963279724,0.3199811577796936,29.108905792236328,-11.317720413208008,39.645809173583984,1.0399281978607178,-0.673799455165863,-0.19776101410388947,0.7104703187942505,0.008735456503927708,0.18198931217193604,-0.12976700067520142,0.34354671835899353,-0.8733764290809631,-0.18077506124973297,0.7996054887771606,1.9162118434906006,-0.15482458472251892,-1.2756654024124146,-1.6103122234344482,0
786,7860021,-0.013814928941428661,0.02971062622964382,-1.006535291671753,-0.20452284812927246,-0.011265628971159458,0.013243724592030048,28.780744552612305,-9.265969276428223,42.35939407348633,-0.33084607124328613,0.8643982410430908,-1.3966070413589478,-0.08940353244543076,0.14301808178424835,1.2738354206085205,-0.9698137044906616,1.2086527347564697,-0.3331052362918854,-0.5648781061172485,0.06602942198514938,0.32448047399520874,-1.1156461238861084,-1.3989554643630981,0.7186283469200134,0
787,7869861,-0.07081127911806107,-0.058568187057971954,-1.0214577913284302,0.5377346873283386,-0.08056756108999252,0.39838647842407227,29.277475357055664,-9.273603439331055,39.21931457519531,-0.10240142792463303,0.8731973171234131,0.7459472417831421,0.33662205934524536,-1.1296635866165161,0.8674397468566895,-0.40768179297447205,2.37127947807312,0.8574819564819336,0.9210758805274963,0.7668966054916382,-2.092258930206299,0.43290653824806213,-0.8316899538040161,-0.26982980966567993,0
