t,mx_uT,my_uT,mz_uT
0.0,37.27799686895167,-5.782180408051738,46.01608466003577
0.01,36.9598792598562,-4.352078579089613,46.19504878483277
0.02,36.42871229681088,-2.944271019632978,46.75564851614282
0.03,35.89504026803084,-1.7556998671135935,46.933745152046754
0.04,35.28765698583033,-0.6076482896908479,47.517760318975114
0.05,34.67163110909703,0.7786501007278629,47.823932357250705
0.06,34.051168930104545,2.1426122271134402,47.972931586232924
0.07,33.024719461242846,3.4506637505758784,48.081232042751715
0.08,32.389193424629646,4.518309914932151,48.282392280328054
0.09,31.856549145557917,6.039233630127622,48.51863578321958
0.1,30.872328930059382,7.185245636518276,48.59609274573096
0.11,30.1535574701768,8.597336046041766,48.850962797968535
0.12,29.19375835260225,9.855893184327702,48.55764225205804
0.13,28.443211223615094,11.106277980485928,48.473558988747
0.14,27.51618389458713,12.30570305636936,48.60659906257736
0.15,26.370078970177744,13.538373989911294,48.41639460100466
0.16,25.50355887117523,14.778733423730745,48.221809900969916
0.17,24.38129537557153,15.85581807728487,48.268984559962995
0.18,23.2770439705723,17.158524075842216,48.109404857659435
0.19,22.0741839081753,18.354832813243885,47.96750662723494
0.2,21.05851990484125,19.18807414185135,47.55255870017616
0.21,19.691374120909142,20.366524730665592,47.2432325683974
0.22,18.483240323827644,21.54646353531427,47.18239686847606
0.23,17.315551308167926,22.49182582379406,46.70734311183769
0.24,15.881279438573351,23.34479775842041,46.38561469012953
0.25,14.675890540457962,24.386142430676138,45.83623420998465
0.26,13.236561167011232,25.198451713350646,45.638791326255266
0.27,11.986481511305941,26.099369028192,45.01328937544631
0.28,10.55956037114151,26.707634696817045,44.507302165999164
0.29,9.099535241100027,27.495967603440192,44.00969489201412
0.3,7.362554737693276,28.134908147884094,43.46718356552071
0.31,6.037179376792658,28.822906038211116,43.097997022919195
0.32,4.390301979006169,29.566285048174503,42.343868450133165
0.33,2.827268207813154,30.211692622417967,41.88274559851366
0.34,1.4410227625980134,30.44635679058146,41.027143890128094
0.35000000000000003,-0.2166026217883859,30.98553300714845,40.58211784943241
0.36,-1.9420828658513765,31.194139457003292,39.84575712243597
0.37,-3.599198141844046,31.324229049426926,39.16088899265655
0.38,-5.246071909257815,31.676270419269624,38.56747299826626
0.39,-6.843024247035381,31.819389576965253,37.96343618739721
0.4,-8.584584975336302,32.03779804775989,37.295229219291556
0.41000000000000003,-10.301216879120721,31.640370527726976,36.46704574482356
0.42,-11.933006628287622,31.974994011676507,35.94806338276873
0.43,-13.535060645020751,31.68433660663578,35.25844791253583
0.44,-15.160110469781667,31.41772799603462,34.51126859822643
0.45,-16.68290549805028,31.10280248837207,33.87477276330375
0.46,-18.319389410255873,30.853342677799585,33.20512308439061
0.47000000000000003,-19.975496625684286,30.408617840392214,32.68052650705079
0.48,-21.611013283449136,29.995997025468476,31.835170818122922
0.49,-23.262712905072014,29.255637842334643,31.095530619296152
0.5,-24.735730977029686,28.682560554361448,30.499533481040263
0.51,-26.14729027767465,27.875079609383413,30.051797185392157
0.52,-27.762418887777944,27.187204799682497,29.449186285002167
0.53,-29.19495702792788,26.338064969531715,28.873061600292687
0.54,-30.652871761240714,25.16997220553513,28.48051326804478
0.55,-32.07533803126037,24.27354104297533,27.90668373181319
0.56,-33.17576020826812,23.505168123634352,27.43418970700922
0.5700000000000001,-34.66213655118968,22.403765313888165,26.798375578772013
0.58,-35.771688976350646,21.158777461672905,26.808130894517102
0.59,-36.96611608428206,19.977411868352455,26.13193395450632
0.6,-38.0832437226022,18.738881545976895,25.836950843108713
0.61,-39.036802678316306,17.468260661004273,25.316048553685324
0.62,-39.9154919280233,16.142604966400537,25.067053016855038
0.63,-40.75444111773613,14.674933904069437,24.81669092050037
0.64,-41.931762350640874,13.480608134951444,24.659259208995792
0.65,-42.530978923282525,11.629585805980318,24.263818382727493
0.66,-43.19848151600658,10.082281793862874,24.072522008564704
0.67,-43.83195869940752,8.694246267941935,23.942507831686672
0.68,-44.23038725050849,7.323908421145407,23.955153598527442
0.6900000000000001,-44.860566199552764,5.798640987835299,23.7212918392981
0.7000000000000001,-45.24188032616502,3.934941889867969,23.78885317774577
0.71,-45.387510844148615,2.416361064648426,23.671558546949214
0.72,-45.75815743597367,0.8564488985833176,23.864982078677095
0.73,-45.63033858443865,-0.9748004438070207,23.981008178156728
0.74,-45.88800503590169,-2.673149077031076,24.13165225583371
0.75,-45.726696287027764,-4.184321272394608,24.30929196256037
0.76,-45.687143214723584,-5.6891426922248,24.70083629674381
0.77,-45.44294397489726,-7.244132558498432,24.77336187312173
0.78,-45.24191427901628,-8.77792884881264,24.968529669494274
0.79,-44.79007334725112,-10.597707639811901,25.39556194890457
0.8,-44.46414561981602,-12.204162842197306,25.662364835041565
0.81,-43.718805277657395,-13.521441746572837,26.17975393173012
0.8200000000000001,-43.199521502373386,-14.96633984862068,26.432376649788008
0.8300000000000001,-42.361313965626614,-16.678584387650385,27.02431522756121
0.84,-41.68731561212934,-17.963783069000165,27.559510214334875
0.85,-40.79992716123569,-19.39812321456192,27.945021383066557
0.86,-39.84740023070481,-20.81237779602533,28.39958451674923
0.87,-38.8564569046534,-22.079133958760565,29.145039546058392
0.88,-37.733717755493835,-23.231266416930044,29.612527288415496
0.89,-36.71205304278966,-24.546127893642947,30.035037339799057
0.9,-35.449244071336594,-25.466572029357543,30.647707431269946
0.91,-34.186699370283684,-26.46371641385834,31.441703065583724
0.92,-32.992158746647426,-27.571052073206303,32.00966648435336
0.93,-31.368333542314748,-28.504967119601055,32.72092334551238
0.9400000000000001,-30.188026163081975,-29.45996919540739,33.322879220860145
0.9500000000000001,-28.263797585332625,-30.302605029208298,34.10266812841346
0.96,-26.9557786197157,-30.924784522754408,34.6107960195211
0.97,-25.18028186502117,-31.408446991980924,35.55872574570571
0.98,-23.655496660624653,-32.26316034465955,36.05812269403067
0.99,-22.010809751024173,-32.779901807077756,36.866096770797725
1.0,-20.175169709860608,-33.27655776044444,37.50965512614448
1.01,-18.457660737277795,-33.67389984482873,38.3044739362583
1.02,-16.877707445398116,-33.8097500214909,38.74753595804252
1.03,-15.098243994186989,-34.345134626793374,39.70003946392856
1.04,-13.199991639897096,-34.33185289127826,40.01268923549046
1.05,-11.431016654558965,-34.47870792304597,40.74884677419316
1.06,-9.760784837967774,-34.395861018010145,41.44941732750068
1.07,-7.53796424169889,-34.424321114507414,41.91681194019435
1.08,-6.027918052853854,-34.08821754242869,42.4980189680021
1.09,-4.053536117814795,-33.997330868531165,43.342647366676374
1.1,-2.195360271526609,-33.68399865706807,43.55273303895176
1.11,-0.2927223207702289,-33.31445276143705,44.230786506417346
1.12,1.5523727308313373,-32.97427661248493,44.64144038252247
1.1300000000000001,3.266006596049558,-32.636625329334514,45.190889870369084
1.1400000000000001,5.187709614829827,-32.054355317495244,45.579709177817705
1.1500000000000001,6.705842479259517,-31.472802720753982,45.833807112414966
1.16,8.486041217924498,-30.597784900311108,46.3478772490353
1.17,10.161990608518476,-30.136596239001584,46.731826028337494
1.18,11.862713517395454,-29.12780008392827,47.06383108327994
1.19,13.727058565768004,-28.341155186558183,47.38710436246746
1.2,15.353243309820819,-27.54244831784465,47.583910120570586
1.21,17.00010079526814,-26.428523341612745,47.58903771202655
1.22,18.483024904468596,-25.697436427801428,47.806799941975505
1.23,20.17836897835775,-24.605128881703866,48.11116760266062
1.24,21.69299906438433,-23.534223881281125,48.0410687895477
1.25,22.97145153649863,-22.576632696717205,48.344376261308746
1.26,24.419504856706613,-21.241622938889822,48.31866954985522
1.27,25.923164437444083,-20.129738842481032,48.186847644410086
1.28,27.31267665528202,-19.06718457735891,48.014226938833936
1.29,28.5903020401543,-17.763176815884293,47.98441817281632
1.3,29.863336650183726,-16.413071585406676,47.853465335479825
1.31,31.14882770233499,-15.27492076003807,47.654348703385686
1.32,32.230514418491836,-13.916504032566413,47.520077014183094
1.33,33.29112285592268,-12.789626793965748,47.06251659421915
1.34,34.381933396258354,-11.4878829651029,46.792934414707055
1.35,35.53639638714624,-10.137964814683524,46.48561961264541
1.36,36.390030386452835,-8.644120552313108,46.2064220182453
1.37,37.21728854655335,-7.511008015792236,45.73055241722203
1.3800000000000001,38.449117305800804,-6.1157126677742415,45.269259388387134
1.3900000000000001,39.31169037726193,-4.741390614604581,44.81875872663092
1.4000000000000001,40.01524849252204,-3.3560301588274926,44.34162520205586
1.41,40.825306120863374,-2.0057957243177413,43.69654516747407
1.42,41.59172435245419,-0.841024903778484,43.08961386635606
1.43,42.101743222673385,0.5250055262155349,42.331678551653084
1.44,42.76279508822195,1.9252669797871356,41.66283607776215
1.45,43.559903573939124,3.0001255236059663,41.01272842235795
1.46,43.87187104231067,4.428880764297939,40.24019076403517
1.47,44.46783205172537,5.791978445905457,39.71082105260795
1.48,44.87647589598278,7.1038873804678175,38.8816308988666
1.49,45.36500225100539,8.306184497995643,38.00820199199296
1.5,45.92678187621538,9.67924723880262,37.491862285424425
1.51,46.155357670019356,10.570545135283162,36.12921256456849
1.52,46.46994186000997,11.676069262770854,35.33788147619988
1.53,46.91834256878781,12.904874413567264,34.37976437066359
1.54,47.03112141686142,14.06718388342952,33.51642698351835
1.55,47.25356028929972,15.04915576456308,32.58158257128824
1.56,47.61295119026077,16.053310513837253,31.362790554119396
1.57,47.77054390700772,17.01086591604198,30.541392156608833
1.58,47.75190155866898,18.112438640525625,29.357070028187024
1.59,47.86131716646506,18.95761465429606,28.335620413817633
1.6,48.08441284409734,20.130543180541423,27.330862217245574
1.61,48.108977015704006,20.924192871742875,26.2131199445586
1.62,48.28488227344941,21.804757522392126,25.158127065130596
1.6300000000000001,48.2426865886022,22.775287567872674,24.04586515344659
1.6400000000000001,48.13244445953045,23.614662251393625,22.84688348771718
1.6500000000000001,48.31384682139397,24.14343873778689,21.683795699455576
1.6600000000000001,48.28972627274998,25.021040773271604,20.557737742793503
1.67,48.501150925864984,25.805624845079613,19.53961317897495
1.68,48.29048434021528,26.539599383733687,18.28811331550567
1.69,48.09854766200578,26.999226425071956,16.981218821066157
1.7,48.03618867287813,27.65863195528401,15.90114289752556
1.71,47.874944985290824,28.366292694534447,14.719430320243113
1.72,47.91605805095016,28.682755408591355,13.67010970946749
1.73,47.782051670849974,29.233467665634482,12.38534324431225
1.74,47.62825140452122,29.602032432899414,11.097285829597329
1.75,47.43423182033095,30.252537186782934,10.085822489890903
1.76,47.294814611731695,30.668723113477206,8.74869808219124
1.77,47.1523795279379,30.952555188865336,7.444693958381926
1.78,46.93164395957377,31.30813908994912,6.232621187247743
1.79,46.605660803183895,31.606022579873674,5.096288753251472
1.8,46.553450790618534,31.932393164698087,3.6920289513715345
1.81,46.227950551211485,32.08672656919207,2.4773710171817704
1.82,46.12418909064141,32.31811844367687,1.1729318402644138
1.83,46.04175750933239,32.296831494071355,0.050085800984531394
1.84,45.75255762778298,32.48934627143326,-1.2448994834149159
1.85,45.423205427281104,32.51075173299836,-2.3891815064409725
1.86,45.12861793083647,32.53493308587668,-3.5468866499026177
1.87,44.990994665006504,32.684398984901456,-4.7887956033254095
1.8800000000000001,44.58956347889315,32.77908579049987,-6.1399996008893085
1.8900000000000001,44.411892648460885,32.768711057330336,-7.140953968816726
1.9000000000000001,44.02078644506295,32.72128389481834,-8.320532524096022
1.9100000000000001,43.79223625718067,32.56854858211927,-9.651040917056761
1.92,43.58899326549863,32.48009685909338,-10.960677325212423
1.93,43.45316014278012,32.36941067240148,-12.045663365924884
1.94,42.939492934186845,32.18661381172384,-13.135168041442013
1.95,42.81184222333544,32.19060603746202,-14.206583879512076
1.96,42.387581963940804,31.70628855425905,-15.653336649843586
1.97,42.014220507071336,31.612603985960444,-16.65799757778906
1.98,41.60619171468466,31.358508978853823,-17.679697882373485
1.99,41.39501379711196,31.044047108436306,-18.834286195145708
2.0,40.9221926387066,30.566040787210575,-20.061258169121515
2.0100000000000002,40.57059391728151,30.309415526742225,-20.998503533953038
2.02,40.10006819639748,30.187814122472332,-21.933948437389713
2.0300000000000002,39.772126245784634,29.765719621975858,-23.170386889420435
2.04,39.492388843949556,29.3333076224255,-24.246828835689936
2.05,38.955957733903574,28.628174998714567,-25.569824823153
2.06,38.53309245170551,28.276863306395185,-26.557219194197394
2.07,38.00720920142984,28.079011700115917,-27.367271019953613
2.08,37.6005521571542,27.533610726850263,-28.65698662191282
2.09,37.05898109089081,26.88083082430318,-29.620132936595617
2.1,36.64150172675954,26.320585945510857,-30.32144674692156
2.11,36.23716885377678,25.99134722707,-31.423310252013
2.12,35.64859106433781,25.270266923806357,-32.201378262059656
2.13,35.0463866051205,24.595109026695877,-33.35838221465699
2.14,34.44423802884305,24.16363543365647,-34.09005952272076
2.15,34.15509766945347,23.644898033837723,-35.10829992112509
2.16,33.338668493984805,23.11564354987766,-35.73956065014495
2.17,32.687592968856656,22.47732183068607,-36.82168102243395
2.18,32.0472680707116,21.70340989267253,-37.471745401242465
2.19,31.452740859026164,21.19042117609301,-38.28854671340137
2.2,30.806968691760257,20.535965112792617,-39.183451666054104
2.21,30.10123735535116,19.648627750460268,-39.97228585795861
2.22,29.526971901870844,19.32506574666181,-40.70870566084351
2.23,28.47555382749434,18.669361752603173,-41.33748454088293
2.24,27.96440978738803,17.738841900369742,-42.15958436485193
2.25,27.04446727347522,17.299869922867707,-42.64806426813987
2.2600000000000002,26.299673913239552,16.824149171651715,-43.381505903360285
2.27,25.51935464938335,15.904082193332716,-44.01875562320199
2.2800000000000002,24.863414750573718,15.460105536154483,-44.85347659709657
2.29,23.890641599187752,14.900578284830223,-45.331695176569895
2.3000000000000003,23.030927854814877,14.170275814442387,-45.76422344390301
2.31,22.018044474854793,13.531261941182112,-46.4121496109383
2.32,21.296178928636817,13.099898903483767,-46.8122685416857
2.33,20.006485344514935,12.475953303357208,-47.20313799531932
2.34,19.1920790601698,11.816004572133478,-47.7458743060882
2.35,18.153288817447546,11.225787791984764,-48.117263535067934
2.36,17.148432156422167,10.76150528347862,-48.54006454438707
2.37,16.20423314403923,10.088168867801166,-48.817594179880665
2.38,15.105388304690669,9.7214893461181,-49.10124076942404
2.39,14.15655970920752,9.668151974672716,-49.44494444394963
2.4,12.763112540467647,8.857079115474543,-49.583012206112485
2.41,12.082544476506495,8.412014145049065,-50.038634323094385
2.42,10.828931770296816,8.001210933502174,-50.06181449013383
2.43,9.710757964950433,7.638545834789708,-50.13686562664372
2.44,8.590760582732791,7.185678918724591,-50.3870766007936
2.45,7.722807042039824,7.018801255613895,-50.54326740279792
2.46,6.35384919077188,6.810543719279934,-50.84730091216012
2.47,5.282937124797653,6.664417643452844,-50.5237845089002
2.48,4.011281294062539,6.552683933075114,-50.66084368471292
2.49,2.9913601671108583,6.350821258857245,-50.73153945769516
2.5,1.6611705925695275,5.783939477158011,-50.802297755315806
2.5100000000000002,0.5689555261225786,5.882687264595987,-50.64039790715522
2.52,-0.32928515993767665,5.777972023453431,-50.601638004166766
2.5300000000000002,-1.5151433353971087,5.800194029230715,-50.645336061336444
2.54,-2.603751700041044,5.78939827224686,-50.46172305588004
2.5500000000000003,-3.878626852750904,5.978676630396934,-49.88518259586166
2.56,-5.019542320504286,6.1726918070845365,-50.06908222475865
2.57,-6.011314290017995,6.1805114081652155,-49.72004132975742
2.58,-7.1305530470487835,6.178699920031728,-49.352342819436174
2.59,-8.085669229858082,6.535940925789801,-49.18917162347983
2.6,-9.071945626932298,6.767099230998271,-48.73680853135889
2.61,-10.084725210510499,7.249007706076257,-48.44972176957028
2.62,-11.020768482697804,7.467926360087023,-48.019188092654794
2.63,-11.826013314160559,8.070632763485138,-47.520448189417564
2.64,-12.878992679750299,8.26176361314768,-47.15933195165236
2.65,-13.652123338660855,8.544057765479097,-46.82006873011749
2.66,-14.467889193033812,9.306959013717462,-46.33070992178123
2.67,-15.226365836250993,9.704872959462104,-45.96943977413008
2.68,-15.96811142384965,10.198232099762636,-45.33840752887372
2.69,-16.418752574282994,11.073999380171147,-45.13462478206922
2.7,-17.25425697877341,11.608307378943582,-44.621016702797085
2.71,-17.743835848160753,12.143626482156442,-43.78173005171714
2.72,-18.425284196000256,12.98565888203227,-43.41435444899289
2.73,-19.064340743903937,13.627896295427044,-42.91425897507269
2.74,-19.32275781218255,14.457862090914286,-42.45412507259688
2.75,-19.702164425984034,15.370650604789349,-41.852649359049266
2.7600000000000002,-19.73337354495247,15.935233187413548,-41.13417193934572
2.77,-20.12305372525353,16.717948010613352,-40.63267150694077
2.7800000000000002,-20.455498481978108,17.634443844018804,-40.07030772411654
2.79,-20.428907172362315,18.700473383732984,-39.4501920468066
2.8000000000000003,-20.63002637557694,19.463673354449575,-38.944427669873555
2.81,-20.717360305625494,20.243454250032453,-38.23797740484472
2.82,-20.556211250682075,21.20349202007585,-37.66477047849243
2.83,-20.128086643624854,21.976222294754024,-37.06145874449424
2.84,-20.17834427190457,22.90685672879366,-36.411413181120786
2.85,-19.765837127569565,23.88364552310813,-36.090727466787484
2.86,-19.57148038176461,24.74222706648229,-35.44503251177192
2.87,-19.06214970990306,25.452974128701758,-34.9110567207608
2.88,-18.65167020060947,26.398744095560353,-34.290449394129496
2.89,-18.107389053132025,27.325195520391333,-33.96669830319947
2.9,-17.54801157131838,28.13854610346197,-33.391656859310494
2.91,-16.89239392766869,29.053871873120237,-32.95281474504539
2.92,-16.19050763725714,29.91177505524725,-32.256162876335516
2.93,-15.356473198909166,30.765292723426676,-31.998811983594212
2.94,-14.62041427509834,31.41118976049648,-31.379849081730196
2.95,-13.69586166057577,32.10349294243983,-31.039810411689896
2.96,-12.735521772289445,33.00267582648824,-30.600720603120088
2.97,-11.8652920030689,33.59086489912638,-30.222747087601388
2.98,-10.946492796614397,34.31323631137415,-29.72082231891917
2.99,-9.67459542047452,34.89034492054284,-29.36257388608205
3.0,-8.681539735402945,35.63768007648599,-29.085058357036946
3.0100000000000002,-7.423571197624136,36.11487558018856,-28.672564747848437
3.02,-6.286496351436827,36.529040165180405,-28.336917262538133
3.0300000000000002,-4.9453694200213585,36.94201433615589,-28.308707897493306
3.04,-3.897866087557899,37.54998138025477,-27.939665584937163
3.0500000000000003,-2.472003139420644,37.81305113566364,-27.541153065885897
3.06,-1.006406263592094,38.0723326269161,-27.364071401791172
3.0700000000000003,0.23073545533738893,38.296383045402216,-27.19015826360326
3.08,1.461231108278494,38.680483886038495,-27.18268507638812
3.09,2.7827660283378015,38.88056074896335,-27.125759479407694
3.1,4.068737418957512,38.94669347174938,-26.854124192706724
3.11,5.701414790982364,39.096826434004214,-26.728543330646065
3.12,6.976584974557949,39.156443648693354,-27.068413013767355
3.13,8.358287289761831,39.15719465109523,-26.74423132091959
3.14,9.898783709277923,39.03881281261466,-26.959437685117894
3.15,11.010005434689896,38.790519041718866,-27.018794202437586
3.16,12.623374382526995,38.62612789415756,-26.98282785552475
3.17,13.852142752151082,38.63408449274452,-27.091343047781322
3.18,15.058955751165,38.34667305653461,-27.20759287505824
3.19,16.488155894099705,37.8377588451756,-27.295970784423076
3.2,17.812597381867647,37.52699134598275,-27.496694441974498
3.21,18.956745151143263,37.303115603005715,-27.591593371884862
3.22,20.348698376621233,36.841935979652625,-27.678758450220577
3.23,21.50779658478306,36.447883951895165,-27.980578820377374
3.24,22.829859670853324,35.715316388701375,-28.24510851080016
3.25,24.027555572089145,35.2064594989137,-28.50660203150997
3.2600000000000002,24.926190697666016,34.38089828179581,-28.61491957973747
3.27,26.042310293377138,33.94208396162558,-29.154147988192367
3.2800000000000002,26.98346842103163,33.31669002642669,-29.288263522448414
3.29,28.113182684964425,32.481235978854905,-29.653881404277623
3.3000000000000003,29.001218675644648,31.598077929804138,-30.02378594272104
3.31,29.86644058928145,31.043471315338316,-30.42674475231853
3.3200000000000003,30.84534721674894,30.284857521898335,-30.51195807571292
3.33,31.436167583874774,29.41601936620341,-30.99182137274873
3.34,32.28752209454227,28.611716783862143,-31.50676776475666
3.35,33.160196841809515,27.751341819363056,-31.832435535708193
3.36,33.63109483825571,27.041292035418522,-32.16634083523373
3.37,34.11872242087381,25.962647664317345,-32.76548693912505
3.38,34.87268144252386,25.199739117107764,-33.06657951700318
3.39,35.4963416979481,24.388822209021775,-33.60030136931013
3.4,35.77628971353088,23.36007109066783,-33.99930490017209
3.41,36.341712214453516,22.390270684383783,-34.31242693826913
3.42,36.47397719330378,21.427349620675827,-34.74413116289707
3.43,37.02396068709612,20.808456853995114,-35.133313585239996
3.44,37.14198950244014,19.78386550842767,-35.546809168312556
3.45,37.27039379749724,18.842453106587627,-36.080409278140316
3.46,37.23195593358959,18.00393806852724,-36.48986679936704
3.47,37.5211264340841,17.084448505522936,-37.123439150045535
3.48,37.716562901561055,16.066265446553675,-37.28307824158576
3.49,37.627519874392604,15.318734227530113,-37.78386566656602
3.5,37.755395533006556,14.63155753760692,-38.07939358224259
3.5100000000000002,37.753565138098814,13.53132962152614,-38.55847133112704
3.52,37.421128229940116,12.87361861502085,-39.13449052695569
3.5300000000000002,37.469741271782546,12.101234621219117,-39.43978539144364
3.54,37.21012019321209,11.046624105214079,-39.882223601093386
3.5500000000000003,36.99507243860439,10.604386575777946,-40.188817678635274
3.56,36.734843437817794,9.701978940802425,-40.61874402215183
3.5700000000000003,36.550868156916536,8.866678021563514,-40.939771311408116
3.58,36.229667853843324,8.33780001656098,-41.32770573470223
3.59,35.749059031262945,7.700733419393894,-41.8215364982129
3.6,35.39703284180995,6.90716102029084,-42.12944983198782
3.61,35.05157563790194,6.276301137028208,-42.623826053055325
3.62,34.780259143087164,5.547523793195841,-42.88292668019851
3.63,34.08492106443875,5.21081761937899,-43.33933033509436
3.64,33.929356032648826,4.471449938958352,-43.83650387379446
3.65,33.376892238024844,3.9023175211512546,-44.06639094767474
3.66,32.8284036405754,3.6156697057640246,-44.37955811425931
3.67,32.38138196388993,2.9937501444365306,-44.63357321571034
3.68,31.72285821357469,2.7084088666559385,-44.8595938688868
3.69,31.427432368579375,2.314541552634769,-45.179930533683525
3.7,30.917218806886,1.6906806457350407,-45.56788249386923
3.71,30.079290515509147,1.4493606006719553,-45.8874528604864
3.72,29.710636152455553,1.322659854156977,-46.192511981833206
3.73,29.19346525804473,0.9284521619477722,-46.338237548638965
3.74,28.720701653490146,0.5370438174548928,-46.51685712223763
3.75,27.99304626641213,0.3983694587131968,-47.00361576720341
3.7600000000000002,27.561809161027764,0.3753922541591479,-47.012232778019396
3.77,27.040989497404023,-0.19475335596057222,-47.3477850276775
3.7800000000000002,26.544023574542795,-0.09306254958460217,-47.57970901286518
3.79,25.951369225673965,-0.4648079554837914,-47.92407653340518
3.8000000000000003,25.470544784785556,-0.4045170800491557,-47.953625861811105
3.81,24.723253449440847,-0.34603985530416104,-48.27804826787838
3.8200000000000003,24.274236905267124,-0.8117276743627879,-48.24354054318723
3.83,23.614199391111335,-0.6860897405206046,-48.55770668041215
3.84,23.214445991047246,-0.604492852867031,-48.91946663996834
3.85,22.835271948730952,-0.7547398398347962,-48.97891563832395
3.86,22.38681797146524,-0.46068492621456325,-49.244985371749095
3.87,21.717743078365913,-0.5632686576877695,-49.12459195670836
3.88,21.298741044074298,-0.5581658541854685,-49.46242822756254
3.89,20.860712685816214,-0.46429000380155705,-49.53422993956761
3.9,20.161018051730792,-0.3296139620030442,-49.57497526670125
3.91,19.974115660675082,0.04564691071396987,-49.58552537121416
3.92,19.419931846563294,0.12894948952697943,-49.78744651551846
3.93,19.0876526252344,0.1274835474452008,-49.96015993549969
3.94,18.40716890991717,0.48534303423874575,-49.87483663590475
3.95,18.27922985370976,0.555888825769086,-50.05688341536646
3.96,17.631929422292803,0.6206046435684561,-50.21906566779258
3.97,17.459728409384507,1.1550655307351563,-50.21442207859779
3.98,17.006500850845196,1.108649924726314,-50.200066694657295
3.99,16.69727242192988,1.3882451668080318,-50.42431657617006
4.0,16.416204199297606,1.5677763204484387,-50.45280774866968
4.01,15.917889339188843,2.0279910559619574,-50.320962030112796
4.0200000000000005,15.667979427105726,2.183144134680732,-50.367707289693186
4.03,15.486004622638855,2.4173712442347455,-50.459076788070796
4.04,15.111874520296709,2.7336247767381465,-50.41526884976385
4.05,14.756270697455577,3.1288937270725974,-50.49065046710794
4.0600000000000005,14.482585898661233,3.660160104178645,-50.344690291466456
4.07,14.536742467754873,4.05610162964991,-50.56423276542678
4.08,14.143031589340762,4.1883830704413825,-50.43100898472362
4.09,14.007057034761365,4.583487258929371,-50.328181772421786
4.1,13.740414875851254,5.100982446588515,-50.302385302684826
4.11,13.66293967736576,5.419690045949233,-50.45968556834638
4.12,13.068142999848062,5.751395705584533,-50.48836570300098
4.13,13.086580658188039,6.334814803818436,-50.3459822630429
4.14,12.88699199030588,6.63744607535651,-50.02949620241471
4.15,12.687757287290383,6.944846874596274,-50.14198059972457
4.16,12.559659868229827,7.34412754218243,-50.17471506002636
4.17,12.293134662370587,7.999031596606849,-49.989915348279084
4.18,12.267785101888423,8.39586198763719,-49.85076153510806
4.19,12.116559179712839,8.967827188269249,-49.88587137749726
4.2,11.994280221226836,9.33078450792049,-49.77048383478594
4.21,11.813736581079803,9.745780470753433,-49.47529532870117
4.22,11.608933281705983,10.171853473513167,-49.444437184792676
4.23,11.5973834179229,10.726793683539753,-49.3314471420793
4.24,11.415926909125737,11.18181087288851,-49.1924704070401
4.25,11.23007216898364,11.699898398915378,-49.21847963175091
4.26,11.038731135156715,12.05174284910604,-48.97401410245519
4.2700000000000005,11.118306324432847,12.408907490690732,-48.950186255085924
4.28,10.79458886736203,13.179152304131751,-48.738013083264754
4.29,10.878017528156558,13.601468641175565,-48.58462458085455
4.3,10.545081262848553,14.057712357550118,-48.47186882576991
4.3100000000000005,10.28344991883386,14.648059225148979,-48.4168176195993
4.32,10.364075156495478,15.024622922446326,-48.118309392078906
4.33,10.168530240355352,15.8044015479965,-47.65003097097278
4.34,10.038652587616289,16.147994346337455,-47.70403334759166
4.3500000000000005,9.933412632630716,16.566019639328704,-47.21138267673986
4.36,9.626179099403235,17.07102684685692,-47.06226356251237
4.37,9.543105665685502,17.64212107086067,-46.8780011786633
4.38,9.58945843481613,18.1157808461948,-46.6059576680719
4.39,9.206188114577374,18.610489093999853,-46.449950037177125
4.4,9.104292872337112,19.101431730647235,-46.096850894736335
4.41,8.868208132605835,19.836006174638804,-45.94281406253147
4.42,8.64153546760327,20.243479480008105,-45.64062390607942
4.43,8.430997068632921,20.801370922043805,-45.35045692488981
4.44,7.980744355964066,21.23422918451684,-45.10468061751991
4.45,7.740905458989022,21.742479971084453,-44.715300521025895
4.46,7.642728786939264,22.14758042451062,-44.51510132812034
4.47,7.337422694708001,23.03096519990601,-44.03696775083823
4.48,7.083332349244149,23.113507986122134,-43.832020628135524
4.49,6.578462182671605,23.623822365481942,-43.575559971765266
4.5,6.462270596708188,24.27159316850714,-43.39718726556717
4.51,6.124808706931524,24.72367586198241,-42.920427117526096
4.5200000000000005,5.62182847911999,24.934785761497274,-42.38090283624903
4.53,5.2799693827477405,25.540582497303287,-42.27441956896936
4.54,4.842222676380822,26.092417033816247,-41.89856717894693
4.55,4.4660243618710815,26.25553043198943,-41.366381192343354
4.5600000000000005,3.8955215112964416,26.906046669760585,-40.91169019928448
4.57,3.5590435318396114,27.343406729465972,-40.83808545335628
4.58,3.13833972159136,27.699421764938116,-40.401001408099965
4.59,2.6307451621322206,28.14188577646399,-39.853599384302896
4.6000000000000005,1.9397911120275118,28.51053670053374,-39.451333463157596
4.61,1.41268544478081,28.829937292778162,-39.210602076616375
4.62,0.8590816240511865,29.336451940679034,-38.81664475702641
4.63,0.3401828062959157,29.69720473429108,-38.30821704653681
4.64,-0.20399305041420945,30.024662475816257,-37.87096095228111
4.65,-0.7418249760931082,30.38791869226274,-37.59437963344194
4.66,-1.5760825456355543,30.497242404005448,-37.15008195444554
4.67,-2.35694613479553,30.8945574160536,-36.75299967878045
4.68,-2.9455766608888907,31.130484280880545,-36.427206689073785
4.69,-3.542062760089333,31.319978812566678,-36.0105103255351
4.7,-4.457453571158072,31.43282079330689,-35.647450323039756
4.71,-5.055231757435785,31.72040271290722,-35.0821767394727
4.72,-5.864398532876796,31.83962596788634,-34.593844211741434
4.73,-6.7390601576310925,31.893181630549908,-34.30991169298291
4.74,-7.435188466500453,31.931866486723507,-33.9151864561043
4.75,-8.37255672380536,32.13179687656274,-33.5635262205558
4.76,-9.27561719652422,32.17387846224141,-33.27176570798505
4.7700000000000005,-10.108742953413241,32.07723964040622,-32.97061263524384
4.78,-10.802638950449905,32.049494158260956,-32.57904209859493
4.79,-11.660398762578325,31.7989196910621,-32.124571833002975
4.8,-12.707266199289494,32.02398662134022,-31.847734331922847
4.8100000000000005,-13.53566874137212,31.833032419098746,-31.41701430100863
4.82,-14.504304225334607,31.697367295258044,-31.15042338250447
4.83,-15.39321194165088,31.52009002354044,-30.992107237348044
4.84,-16.155466682312664,31.11258989648277,-30.558155287368766
4.8500000000000005,-17.237368841858657,30.984860192299376,-30.399280605142124
4.86,-18.11690161929694,30.584459070828792,-30.02282381327058
4.87,-19.028573676064305,30.17465795951462,-29.917408700325538
4.88,-19.996770487687915,29.942193183627644,-29.652091705592014
4.89,-20.87136034136585,29.39027675174368,-29.629945457180774
4.9,-21.701914917631164,29.109562832309546,-29.423331021622047
4.91,-22.657714915126252,28.601237249548216,-29.21956323555423
4.92,-23.50257331828625,27.858997223177333,-29.006926436362242
4.93,-24.437500958250826,27.557774430657084,-28.818175751007928
4.94,-25.187768457526566,26.632445591167027,-28.914276250457533
4.95,-26.105042502888626,26.013490718239236,-28.60182573953288
4.96,-27.157835353559104,25.480414272228753,-28.783353308959676
4.97,-27.591948727422995,25.093787557618786,-28.599667918731054
4.98,-28.49281666644438,24.09057467037821,-28.67500703981911
4.99,-29.09789089811822,23.27699556364974,-28.610121864492132
5.0,-29.81896270435118,22.48779615964538,-28.97128458096743
5.01,-30.70507805353323,21.73293333413447,-28.86692984068795
5.0200000000000005,-31.155348986064936,20.95910376769181,-28.928049736381883
5.03,-31.6785515665151,19.896443981526218,-28.9532023182462
5.04,-32.19625955073358,19.161569687913325,-29.442318680263785
5.05,-32.8628378741215,18.212909164978704,-29.53434887753455
5.0600000000000005,-33.40113949242424,17.067836876596395,-29.772203974936655
5.07,-33.82591237564265,16.348575893770565,-30.04325577098097
5.08,-34.21695411266315,15.300337761157277,-30.171272254530567
5.09,-34.573134556186055,14.414709631660983,-30.604255374878456
5.1000000000000005,-34.72674050833773,13.187363802718872,-30.961494908830794
5.11,-34.860054318560415,12.242255116776962,-31.31469502946885
5.12,-35.15694635722273,11.053887714225219,-31.556935182392582
5.13,-35.28702015877252,10.198246520293955,-31.944572286254967
5.14,-35.523850470139465,9.253489934762163,-32.2454362406912
5.15,-35.064670678392666,8.10026639834692,-33.023326151640916
5.16,-35.19202620594755,7.273316756839271,-33.33256145877265
5.17,-34.898905370120715,6.199777543385801,-33.860457173711104
5.18,-34.88323723192696,5.185078312051852,-34.25247442341559
5.19,-34.508766646260696,4.156798932238089,-34.71423818077107
5.2,-34.37502216576789,3.2468529133977335,-35.2494884022671
5.21,-33.73137178386373,2.323873057816403,-35.8169338527961
5.22,-33.459058502111425,1.474875045087215,-36.50758416571916
5.23,-32.95031891003016,0.3918776800955612,-36.93066272848275
5.24,-32.2050927922105,-0.371101951447347,-37.464890364433295
5.25,-31.630172822613954,-1.436849064434655,-38.25836569342393
5.26,-30.993640766947447,-1.9739611854507444,-38.79812369075644
5.2700000000000005,-30.237806486560288,-3.014234274955051,-39.40680395335398
5.28,-29.55256176735927,-3.4675513271106513,-40.00389851860021
5.29,-28.461236927650532,-4.3710189477795005,-40.69506470335922
5.3,-27.511392915642695,-5.122598036018906,-41.35684641002656
5.3100000000000005,-26.455912361780516,-5.515685241626472,-41.96341422279018
5.32,-25.543510424521163,-6.138761264159713,-42.53627674024527
5.33,-24.56175333322011,-6.610458286943554,-43.15653420517113
5.34,-23.452932125116956,-6.932157051901312,-43.75733996403057
5.3500000000000005,-22.324222915894033,-7.458628387545937,-44.3074464780355
5.36,-21.24767710775945,-7.401392502549189,-45.00525034874257
5.37,-19.755299446267525,-8.193400492652366,-45.623066227173744
5.38,-18.60199833791476,-8.183173625440054,-46.096987739505984
5.39,-17.21927463978499,-8.728385745532384,-46.81642172784251
5.4,-15.99695759231397,-8.44818133892801,-47.0453293963738
5.41,-14.865996207332458,-8.669871191700784,-47.53769661852238
5.42,-13.271628034494077,-8.629827831423023,-48.01071046541502
5.43,-12.05492025747276,-8.568152126078777,-48.56981650391166
5.44,-10.484416402172702,-8.470866610689809,-48.905219467507976
5.45,-9.119971351467967,-8.249146108060733,-49.48147457986155
5.46,-7.7469962823740195,-8.116687824884355,-49.78023388368063
5.47,-6.124853687128166,-7.817692344782672,-50.29243583201824
5.48,-4.884925846463048,-7.404779056417058,-50.51555626677407
5.49,-3.4335350734313494,-6.871203205502368,-50.746761808030186
5.5,-1.9964652831830818,-6.336192295521711,-50.9709331468863
5.51,-0.6741503579281186,-5.9499301703825935,-51.1596911057411
5.5200000000000005,0.6458872325267115,-5.366452280320298,-51.2994481788768
5.53,2.0925294552513654,-4.649418978498124,-51.33546625705141
5.54,3.3179835262572492,-3.958222031735933,-51.4109978077857
5.55,4.777804623843704,-3.136227073767592,-51.447298260453344
5.5600000000000005,6.018145828398347,-2.5795768393919785,-51.65192789021714
5.57,7.231047160312107,-1.5185555619055837,-51.5222192717369
5.58,8.595489611403202,-0.6969004783115993,-51.2431821585249
5.59,9.506451071650028,0.4913046062056995,-51.368758504970465
5.6000000000000005,10.969411637459935,1.3980731846921186,-51.26117337476858
5.61,11.758116234213096,2.5086342899404173,-51.02240083965812
5.62,12.94442448934576,3.1789886151486098,-50.708094650101046
5.63,13.850258909439708,4.4472406103545055,-50.63149385873638
5.64,14.788311791809233,5.354480849442122,-50.34353182314243
5.65,15.77071479877084,6.571797134017689,-49.78674165202285
5.66,16.557196557804282,7.90290105450894,-49.45350673850589
5.67,17.513627314183307,8.98698336839662,-48.9442164681723
5.68,18.16315279207581,10.081040303224528,-48.43166995541556
5.69,18.98519101896716,11.35591358369465,-47.92886571062371
5.7,19.322870267642692,12.59518498878161,-47.40276847983583
5.71,20.136639375466473,13.693188825951099,-46.864343385166265
5.72,20.535189842528823,15.097491149181492,-46.22784128755708
5.73,20.96876040330231,16.174223223061606,-45.56138495084681
5.74,21.398902656847273,17.16201431815652,-44.85791016722504
5.75,21.791269588569985,18.59686138450673,-44.07792026985872
5.76,22.063563539073836,19.61268140133684,-43.39040539134718
5.7700000000000005,22.429801422481695,20.851352919800252,-42.48072080113542
5.78,22.415932538862457,22.102143275405037,-41.831531668831325
5.79,22.69911192485491,23.39955108237639,-41.10085304989599
5.8,22.562265954480036,24.69652051219269,-40.039841554866754
5.8100000000000005,22.555850151529334,25.75334113362639,-39.145965532259446
5.82,22.61907224139101,26.79841513979414,-38.231130122330796
5.83,22.336516477672497,27.92271038303218,-37.4516896781416
5.84,22.312600499799178,28.8851194341627,-36.570127835173714
5.8500000000000005,21.993761868633474,30.009224689209866,-35.6739361696338
5.86,21.751894139931157,31.275310119904077,-34.48007999809196
5.87,21.36851126192108,32.07826613945593,-33.73116637671022
5.88,21.07274747852607,33.10132047833733,-32.62493518522708
5.89,20.69098370008892,34.240700979980076,-31.707828826887827
5.9,20.283374870178022,34.71334281572746,-30.630338688382686
5.91,19.731186566729004,35.48360974844405,-29.701097838152638
5.92,19.209361638918693,36.73376476366745,-28.7305241940754
5.93,18.773768616439078,37.219839689456016,-27.55128090673088
5.94,18.019898341143595,37.97930065171209,-26.640043045631668
5.95,17.431566100443334,38.81759419965174,-25.725055317019592
5.96,16.742705237759438,39.4795821053384,-24.618697898585904
5.97,16.120575938164006,40.09712450011344,-23.556384843460783
5.98,15.135445553193662,40.943024772029645,-22.695714130860367
5.99,14.569244480167498,41.04605924895193,-21.593621722848972
6.0,13.807716692844815,41.85778004954696,-20.585934625875527
6.01,12.973747651740954,42.25296926774475,-19.66148947838042
6.0200000000000005,12.190556884198015,42.655656054463066,-18.772999718839802
6.03,11.402720770892616,43.20133306461574,-17.709820317166415
6.04,10.576780905338573,43.44429904271459,-16.869453557348965
6.05,9.810345954054766,43.82530549005377,-16.02206920725885
6.0600000000000005,8.875857317073121,44.27729473477131,-14.909882639328307
6.07,7.973870138579887,44.50979169513899,-14.123841839670966
6.08,7.342904483966133,44.69332905805667,-13.194496080694853
6.09,6.329524830971226,44.99256606647655,-12.659361422311864
6.1000000000000005,5.459209709938059,45.10587553332573,-11.683392888578323
6.11,4.590456752349109,45.40441773256328,-10.704910783333688
6.12,3.6463328365123258,45.45043207978894,-10.00592693094452
6.13,2.984487777761639,45.585249012727445,-9.124477318584837
6.140000000000001,1.9172102084357048,45.69980300198562,-8.262248886014994
6.15,1.2771057492142384,45.54203151195011,-7.537308310374804
6.16,0.31556084835268944,45.4289758465314,-6.848676986600369
6.17,-0.4477629575681067,45.76826271099477,-6.134596057427188
6.18,-1.4940854071261707,45.58487959925369,-5.527528170212175
6.19,-2.2516087216756486,45.534071930877225,-4.689945447127713
6.2,-2.9982776591538447,45.57283184255989,-4.378218345014689
6.21,-3.69200743082957,45.55034930509715,-3.6929017013969885
6.22,-4.672332023808861,45.36476748444402,-2.943129096812611
6.23,-5.039884245608187,45.28950945163403,-2.5552404989141055
6.24,-5.914719495346016,45.26089699703561,-1.9623813872535412
6.25,-6.7017980199832445,45.26800046139234,-1.2936341624095786
6.26,-7.313469033002279,45.0732340160279,-0.7561019471487844
6.2700000000000005,-8.00601666810521,44.7935525950708,-0.5091214978702567
6.28,-8.776133443282186,44.7695356717466,-0.0495395210312278
6.29,-9.38594523416809,44.609823776845985,0.5194375188018444
6.3,-9.999015335536466,44.44044806785693,0.9944721220435854
6.3100000000000005,-10.670374495826596,43.95381159624337,1.4721339664408983
6.32,-11.292871464463085,44.06181841241216,1.7319248416270798
6.33,-12.10571469194484,43.720613719168824,2.117053589879131
6.34,-12.45894318305935,43.63266784878431,2.5175428602197316
6.3500000000000005,-13.040617394331866,43.50283019027309,2.793356477331981
6.36,-13.536707336672963,43.28048009610425,3.3171773142533283
6.37,-14.014355984751727,43.16176822546671,3.217383980911834
6.38,-14.397350672240764,42.88176699559356,3.64511254596468
6.390000000000001,-14.906976022922748,42.8828947472955,4.046525728969312
6.4,-15.374300075689076,42.61535837379456,4.304703502204267
6.41,-15.627917355834853,42.34447052255025,4.498169353410409
6.42,-16.035319812576372,42.28372460094346,4.852992041884291
6.43,-16.217942030800998,42.24722109828638,5.053220131115008
6.44,-16.669845049576686,42.10980332649929,5.221032532045627
6.45,-16.812718938210942,41.84596484942789,5.510156551361406
6.46,-17.129824830647728,41.935382337943246,5.843325548712356
6.47,-17.42969413476759,41.76567049850489,5.937393149656216
6.48,-17.56543081915865,41.50651649912532,6.261218388505649
6.49,-17.77879226598972,41.50171109888206,6.187798064102482
6.5,-17.94752607486771,41.368949592944276,6.378343099544157
6.51,-17.829444884242935,41.33294282147868,6.506823000589353
6.5200000000000005,-18.027100450993103,41.14112847303899,6.628285742945955
6.53,-18.342987986568517,41.044434021292254,6.810728343144653
6.54,-18.07709659371075,41.281847803859534,7.033778660784777
6.55,-18.30009915625882,41.10052793501133,7.287323680589397
6.5600000000000005,-18.46708700358761,41.179997927738775,7.479373642338036
6.57,-18.279478420892374,41.139085983577345,7.7399131989839995
6.58,-18.185329365107204,41.06239360359255,7.732278325602778
6.59,-18.314335000413305,41.108625309197514,7.754910618564531
6.6000000000000005,-18.042749184177897,41.224275507349034,8.013503681340284
6.61,-17.994993351570088,41.19280687407378,8.242033941687135
6.62,-17.630567060794306,41.287817056224405,8.465408951517393
6.63,-17.64319354292822,41.20256166029717,8.545804891956974
6.640000000000001,-17.481915814526968,41.353750631393474,8.802491588751222
6.65,-16.864402134750083,41.39814679700037,9.06759259596351
6.66,-16.767870018988518,41.34004648050055,9.229896248443925
6.67,-16.52789034530051,41.664132075904504,9.371046533067608
6.68,-16.29352005845347,41.77732298199679,9.61199406774835
6.69,-16.05606281062261,41.8047014262857,9.887580588248028
6.7,-15.522183201267097,41.88003624781537,10.063417978316238
6.71,-14.89530168468672,41.96490133983334,10.419470965852717
6.72,-14.766308506924936,42.15237920546562,10.590154357003604
6.73,-14.287693427967863,42.21525777348054,10.839004248962972
6.74,-13.800675603341496,42.411091996085744,11.10746807929702
6.75,-13.411241532151596,42.331499393877024,11.366064306805047
6.76,-12.88960769199609,42.76248574082544,11.62662496503257
6.7700000000000005,-12.256142111225437,42.56861505163317,12.142863620880263
6.78,-11.821072222816529,43.01774381429635,12.339694116480425
6.79,-11.168241177207637,42.89162975489379,12.79988433335329
6.8,-10.482066408486137,42.95035446347883,13.038812716158636
6.8100000000000005,-10.038906470889279,43.18293382141945,13.383786674622568
6.82,-9.301771951475919,43.10302831529725,13.866016168067016
6.83,-8.71145707450541,43.39263076740321,14.229463845129711
6.84,-8.077654160764737,43.40259848688042,14.85730753088354
6.8500000000000005,-7.318612421810824,43.550647155413536,14.992532887019578
6.86,-6.491063831200663,43.52567973475871,15.786289271765058
6.87,-5.731683523265216,43.71997044598671,16.270409928565787
6.88,-5.053055473676014,43.60148783144311,16.448860019813132
6.890000000000001,-4.338459620778834,43.45651598920563,16.971684422183447
6.9,-3.4474079437496963,43.467207741307185,17.573245442299
6.91,-2.508815089660397,43.26753973758392,18.168919752395098
6.92,-1.940622657515709,43.682837228751175,18.638818486828168
6.93,-1.0232554679962602,43.44689877408888,19.231690045442036
6.94,-0.049736939477404554,43.25843543364936,19.79958970251269
6.95,0.763797301870398,43.25918450356718,20.651262170714737
6.96,1.6433669278294987,43.10085888904295,21.098459879013877
6.97,2.558856572814129,42.815724644406245,21.86008728912307
6.98,3.2982823988980168,42.86694718815895,22.311686416152302
6.99,4.384757012133532,42.38526117613791,22.976557585749372
7.0,4.990469450942153,42.17496477191654,23.660620230209013
7.01,6.105683689970321,41.99094214301821,24.46125446864979
7.0200000000000005,6.762626446390169,41.714807233504494,25.144793724437246
7.03,7.911837686197191,41.48159046943945,25.801715997858427
7.04,8.868228271196466,40.930929297677494,26.470614258847654
7.05,9.481711958506422,40.74295409395992,27.343264500915986
7.0600000000000005,10.5038521549682,40.26883214537856,27.95835171871768
7.07,11.509033812546866,39.857552274713264,28.724162552547224
7.08,12.447977959121703,39.177673391006365,29.525780289377998
7.09,13.29085996120617,38.97519559878585,30.162364118544332
7.1000000000000005,14.21875541477976,38.1736715269807,30.965425501619592
7.11,15.123690308879844,37.6803444123238,31.592211129542942
7.12,15.73251467829442,36.891518733840435,32.51403720509662
7.13,16.509693456744017,36.25573306995399,33.193298884466465
7.140000000000001,17.394243912404665,35.29951300087033,34.090122342741935
7.15,18.24160124164092,34.9697617291006,35.01707133972385
7.16,18.84076083196988,34.249050958179375,35.421304760045565
7.17,19.39963144651121,33.30360172244575,36.358977203154
7.18,20.37855773785514,32.40303576302943,36.99606741088139
7.19,20.99230280298538,31.49909425939854,37.896135575948094
7.2,21.58798751275703,30.769117813043483,38.70585171470807
7.21,22.190773742385876,29.572308629421332,39.270932649643015
7.22,22.67823089974953,28.479252912804952,40.14862281580795
7.23,23.46383795140274,27.685797590395637,41.003248464337496
7.24,23.800193858312362,26.584192283751026,41.68854788986543
7.25,24.252933065118874,25.461372725562274,42.257829154257855
7.26,24.631470248515157,24.364962529683588,43.059567558121856
7.2700000000000005,25.0322406924069,23.41353589799552,43.750686147186684
7.28,25.33341140886814,22.165009702716056,44.36462825486954
7.29,25.625785597420805,21.057404146894722,44.927133919127606
7.3,26.048679481440015,19.993476389054248,45.55378194694137
7.3100000000000005,26.19027792805387,18.76199988655479,46.20887380261611
7.32,26.18562818305194,17.74076004479075,46.74491728887454
7.33,26.148202464515098,16.202626820929485,47.645886319819795
7.34,26.3984066663074,14.851062895491948,48.030259027832386
7.3500000000000005,26.254150747741534,13.780410894987714,48.56559771479223
7.36,26.17555813649241,12.575769527775169,49.09752046392465
7.37,26.19505351662695,11.122785561838613,49.600810546497165
7.38,25.941650407065342,9.812202236980477,49.866360581191955
7.390000000000001,25.891724727427817,8.741449304351592,50.45747825524043
7.4,25.499364117174782,7.290107066800972,50.93510060029361
7.41,25.304467287002247,6.274499924473856,51.381396589555635
7.42,24.72603443608568,5.099670127503747,51.542959196288855
7.43,24.585754609052035,3.6261441579201956,51.92301265624588
7.44,23.811598412353312,2.396399654687647,52.540568261425115
7.45,23.3182193929345,1.216652544696718,52.44300900874302
7.46,22.8031193441689,-0.09985453030630867,52.82748537630092
7.47,22.272506337338243,-1.0830213474157866,53.12775078010599
7.48,21.445530725247703,-2.317464096541421,53.47510084183067
7.49,20.66389015215948,-3.5688226690482394,53.6349432429388
7.5,20.23734888088297,-4.650145162138805,53.6668037486205
7.51,19.375476587282094,-5.719267751655236,53.89506702530389
7.5200000000000005,18.46628467938933,-6.74929865354056,54.096635257857564
7.53,17.44478267493799,-7.9278792021891,53.97794245341351
7.54,16.444953671781978,-8.926790338263977,54.009557397295396
7.55,15.733021686313347,-9.791330338941183,54.00856483590777
7.5600000000000005,14.745471774486898,-10.860250588414932,54.15570831843901
7.57,13.652554291954925,-11.607412997890634,54.1307176270201
7.58,12.472299596855498,-12.702753547175764,54.24142532969617
7.59,11.452821415346905,-13.291190150020874,54.31589872954685
7.6000000000000005,10.362542299620642,-14.18314620032463,54.17298965702584
7.61,9.314518016772624,-14.830562699792296,54.012819231550765
7.62,8.129104454273984,-15.542372542745577,54.00876432045442
7.63,6.894019087822695,-15.93134786820936,53.919202472973524
7.640000000000001,5.852112066858279,-16.656889397273716,53.746834415995956
7.65,4.38412697515825,-17.01226511101025,53.416884584651584
7.66,3.2702380931357817,-17.5429546570888,53.56242251499711
7.67,2.164414176801745,-17.96723049431726,53.036202648244554
7.68,1.0229145956242613,-18.431887722895002,52.961811632784304
7.69,-0.3847893326043909,-18.82026644555758,52.78456260434235
7.7,-1.6004810019537847,-19.04160952917389,52.501850895054154
7.71,-2.6673728642728367,-19.39810245246956,52.244426602566136
7.72,-4.075007396623711,-19.615487539758337,52.17690480473017
7.73,-5.047477495337606,-19.7175428238573,51.68861362314377
7.74,-6.197102803751245,-19.604329565895814,51.53289499609241
7.75,-7.559152016372172,-19.55364077238755,51.36998860492328
7.76,-8.615520437373682,-19.7194727749897,50.91491329656548
7.7700000000000005,-9.733834343720442,-19.613424262930813,50.657142317852625
7.78,-10.824345791152286,-19.406424747340854,50.49901143977384
7.79,-11.937587396863288,-19.14589462830218,50.3812861545191
7.8,-12.791836814880813,-18.8723518102646,49.831454159050686
7.8100000000000005,-14.21109494625866,-18.627702827097625,49.58325879386141
7.82,-15.11845371663766,-18.421842971313687,49.384256206767525
7.83,-16.189452199839693,-18.010129382044074,49.03739670184889
7.84,-16.978424925019006,-17.747006941183187,48.778455381540155
7.8500000000000005,-17.94287560446561,-17.367702649986864,48.54985876941946
7.86,-18.764115944760213,-16.95594208103613,48.23151410934955
7.87,-19.51791517013335,-16.508210746049606,48.01225647154564
7.88,-20.379090698492128,-16.004513635435302,47.80410208261404
7.890000000000001,-21.19161028386077,-15.123074771569497,47.51223218257367
7.9,-21.941471175879588,-15.049031347352607,47.39809360409155
7.91,-22.45799390754147,-14.027686208770549,47.12505587627138
7.92,-23.229349462200954,-13.631216062965967,46.95026953301175
7.930000000000001,-23.800929574751883,-12.849546336717186,46.760776407102355
7.94,-24.50044932410013,-12.278727929301661,46.519010439814
7.95,-24.964743362366377,-11.706642079953284,46.41016517732132
7.96,-25.414097602878076,-11.172019541060479,46.30981822491607
7.97,-25.76033271788129,-10.219749842376087,46.14558337450458
7.98,-26.108781832305727,-9.617516931125715,45.99756005357629
7.99,-26.44106644043034,-8.74784543974539,45.9858885365592
8.0,-26.792971098742388,-8.079278513259501,45.73628419177581
8.01,-26.986225423998754,-7.439404361085542,45.739441902390936
8.02,-27.20609782310161,-6.538006837975479,45.78299345580112
8.03,-27.282994942897123,-5.951328105997147,45.6653568250076
8.040000000000001,-27.3902884918528,-5.089480295734441,45.58884274625237
8.05,-27.411104482868346,-4.373445004577927,45.37031249456182
8.06,-27.60512786252244,-3.7731118882928194,45.50000135742167
8.07,-27.534664055103296,-2.726907335327918,45.63885285145134
8.08,-27.533958470189177,-2.1006338487498852,45.47739393228623
8.09,-27.44941827344862,-1.239885055055119,45.432108521713516
8.1,-27.15863632063045,-0.7892224652749904,45.37612105667022
8.11,-26.8984785552404,-0.1285864981542032,45.79154461760183
8.120000000000001,-26.732549063371735,0.636969339390224,45.60983512397681
8.13,-26.57825994816057,1.4161460822309244,45.631550670991906
8.14,-26.501388182534967,2.025832571652445,45.97612776009923
8.15,-26.041025641660543,2.754447872081575,45.895614937404765
8.16,-25.845763277450985,3.0585153499913225,45.86893802466266
8.17,-25.3965792828044,3.838030135511083,46.18241781770598
8.18,-24.680906072381397,4.327550800506578,46.26821267941889
8.19,-24.561910651183627,4.81375162355972,46.45722846112846
8.2,-24.100242778313667,5.5744083708199135,46.556662188080224
8.21,-23.845881345833025,6.173413002942056,46.59455711385502
8.22,-23.18331218575172,6.651818052363306,46.78269735086703
8.23,-22.57868739372664,7.18196939397677,47.046381418198905
8.24,-21.920401540054776,7.516522036515948,47.415007703724605
8.25,-21.373701011991415,8.042358214914776,47.403519074882794
8.26,-20.861169800913444,8.293884029856946,47.89789527554329
8.27,-20.19892647172652,8.727380108400851,47.68290019086603
8.28,-19.412701914288395,9.031176788856401,48.111938617377206
8.290000000000001,-19.096709331547267,9.533092669614975,48.19403215028968
8.3,-18.366304440575497,9.862697629880126,48.37119695095542
8.31,-17.552231822205943,10.055900459476751,48.49898051494043
8.32,-17.05489418479719,10.425677536378556,48.78055069016253
8.33,-16.36056356550426,10.864355840126741,49.10852771503087
8.34,-15.441294816753738,10.968386931261474,48.93819585100082
8.35,-14.856692084065319,11.292652950356604,49.39385092789758
8.36,-14.097967097978147,11.488712676554865,49.62149773596005
8.370000000000001,-13.415992575789925,11.534753321107562,49.94730107683925
8.38,-12.550564394006061,11.679209351281802,50.081763510336806
8.39,-11.804053126623918,12.045262760960023,50.188331214989724
8.4,-10.976915492596603,12.07368166460915,50.321747541041965
8.41,-10.346413598231559,11.907490356609319,50.70361025962737
8.42,-9.366282269830458,12.09772368358103,51.03458364871042
8.43,-8.496941904054403,12.145078442131174,50.96923462142408
8.44,-7.798483514096802,12.080874235230594,51.17380283015046
8.45,-7.197369343074946,12.069232167505241,51.54795813154155
8.46,-6.378896251474332,12.024456608503364,51.84220644192833
8.47,-5.629317852626981,12.150163202214165,51.8652050491037
8.48,-4.698954296488838,12.226866695770951,52.063980518109986
8.49,-3.8798476299414433,12.039902617469483,52.00722851525311
8.5,-3.1545253604576633,12.163563725645696,52.335244772566526
8.51,-2.3385446630426787,12.094897184364898,52.56775055912902
8.52,-1.5361096663187042,11.830428297638326,52.67841715375353
8.53,-0.622830045382251,11.801632346037175,52.72669279687564
8.540000000000001,0.20204080166388377,11.601349329822034,52.860409874674595
8.55,1.0570051982100241,11.608148360996692,53.03170576968992
8.56,1.8287862569326945,11.616932128264574,53.163843811738225
8.57,2.635043810245274,11.155349645935454,53.197671271961745
8.58,3.3672672089441478,11.26297230956425,53.291424655453994
8.59,4.1906782531236635,11.090095853295054,53.498853895220094
8.6,5.189231179527752,10.891106872813365,53.529439875389926
8.61,5.796578898816481,10.488745099576565,53.41293377116803
8.620000000000001,6.724191447005366,10.638229052978712,53.45832716041645
8.63,7.642895276970478,10.477647657921882,53.6028513383384
8.64,8.236887407394407,10.341054953622226,53.66248086539499
8.65,9.254764038550467,10.099201103370998,53.697976300346426
8.66,9.952425968200348,10.010810902626622,53.61776585142126
8.67,10.8047012890217,10.064256833264647,53.56989801902309
8.68,11.730806774517498,9.551090645638435,53.51975401071924
8.69,12.399595202943015,9.614097301583397,53.47947137266273
8.700000000000001,13.091434959400111,9.333159848608839,53.44068002163252
8.71,14.140961823692024,9.334985074335584,53.24242106726686
8.72,15.056555248852838,9.113591450296054,53.37699243140696
8.73,15.91789893430488,8.939606613663393,52.957839854139586
8.74,16.53021110756428,8.597721379849503,52.91468282571935
8.75,17.576451035920883,8.747074594030762,52.8691248174972
8.76,18.31372542368921,8.577437589564427,52.71246535637985
8.77,19.29590643523095,8.40857374936053,52.7998311245763
8.78,19.91019539639937,8.45021077690345,52.34272256643011
8.790000000000001,20.944557342681602,8.311583272183942,51.92496622015928
8.8,21.61324361691508,8.063791409253325,52.13516234912188
8.81,22.463277471786725,8.193192226409376,51.77981211891875
8.82,23.285598936517918,8.05895972060033,51.50707293679554
8.83,24.075439975930184,8.109622866062253,51.27156051215791
8.84,25.027513617831033,8.026951083299426,51.00162453026158
8.85,25.69331222558049,7.826630292889889,50.70269151781467
8.86,26.58137875525528,8.011068490972509,50.47386762234635
8.870000000000001,27.42318254270832,7.879061967387469,50.17909886511212
8.88,28.27540857179209,8.21633761549364,49.51890772486012
8.89,28.918490069426074,8.07165697266471,49.209224042583564
8.9,29.83059055693696,8.240863689549405,48.80156879835691
8.91,30.84482468275282,8.311401478494538,48.39294696602148
8.92,31.295418874881992,8.567933832693015,47.910045573118154
8.93,32.34071369274561,8.800086691371506,47.568236287251466
8.94,33.013735365964976,8.7670711009667,47.17711676553706
8.950000000000001,33.768742735972424,8.990815892912009,46.41933721911173
8.96,34.55270648238559,9.319285380812442,46.15652190419147
8.97,35.42164918062697,9.50694667504964,45.5348093537033
8.98,36.160294745766166,9.97901943354964,45.19968845966211
8.99,36.777858125982185,9.910522885646039,44.2687594956223
9.0,37.414499716322354,10.346678725877362,44.03598776650356
9.01,37.93707137428814,10.79979809639181,43.17647718651895
9.02,38.869885770336296,11.352443413887682,42.559646644836114
9.03,39.52112582591386,11.541540292996348,42.00956674107652
9.040000000000001,39.88606116304727,11.813307024979299,41.471556180783395
9.05,40.69912964026971,12.365131935631556,40.643488654008564
9.06,41.16426217158817,12.900209681150322,39.96404282196773
9.07,41.55555417901466,13.496816830648706,39.24187669882884
9.08,42.233421500114225,13.729007582406945,38.4550842387928
9.09,42.75363711180235,14.68121073509655,37.8090292281679
9.1,43.09274664388954,15.252958927432566,37.04980657922304
9.11,43.65688810785424,15.759674677088688,36.360145599317974
9.120000000000001,43.93948858826891,16.46637634149368,35.47358970873676
9.13,44.3012135747502,17.148771829330684,34.615337261616475
9.14,44.568047177861786,17.602703967785125,33.97468010432177
9.15,44.99241816848205,18.55091713317988,33.020286669258304
9.16,45.21131101722118,19.320897599419396,32.23411302367974
9.17,45.36402468300062,20.07095959367461,31.317522370554077
9.18,45.458043871117525,20.864655414649135,30.396749370993827
9.19,45.48612618580174,21.85315697198399,29.697392156493034
9.200000000000001,45.47481323030015,22.527819149960795,28.55000775695581
9.21,45.60780265293938,23.36971187594869,27.82463981260559
9.22,45.462684206982615,24.110073824201304,26.906585666232868
9.23,45.1341928142321,25.006719968863962,26.07577974702003
9.24,44.930811430818636,26.064453727755872,25.038615218610698
9.25,44.728200013531584,26.863721070179892,24.09188582872991
9.26,44.68078701122066,27.771127452987137,23.025334758924593
9.27,44.33221806728577,28.577599813000422,22.35355236209719
9.28,43.799328851685885,29.378079576703332,21.348038857775066
9.290000000000001,43.352101971456975,30.360217529873267,20.430335938328888
9.3,42.74719457990336,31.38243412397079,19.35777542216264
9.31,42.264301396227026,32.33372800588895,18.31535479094497
9.32,41.46092552166341,33.138915515875205,17.418965253381337
9.33,40.84644677727276,34.18433505976296,16.64579032459784
9.34,39.69841628301836,34.87021782862203,15.750620683646604
9.35,39.082804580262675,35.89109211858268,14.703351810064271
9.36,38.13494266246119,36.75414427459467,13.952891370069487
9.370000000000001,36.90299148417119,37.68645730627059,13.233799945409574
9.38,35.71081634991615,38.5415697855967,12.229281294461007
9.39,34.3456209436998,39.4815404653972,11.572801737087733
9.4,33.283427756716584,40.12890726689065,10.574612164911494
9.41,32.13994358616379,40.80271802582502,9.812505639880557
9.42,30.61991170722989,41.509474528819005,8.89751344539074
9.43,29.110947100900514,42.215644473643074,8.083237578637936
9.44,27.520708111235137,42.759374667310446,7.598472768260043
9.450000000000001,26.04199506716611,43.48190522372284,6.838962106461144
9.46,24.4405267097636,43.954491311056856,6.304500742147858
9.47,22.750700626590806,44.48439248074175,5.476249153271475
9.48,20.878376121115462,45.23494232110621,5.285707306782813
9.49,19.256890364151314,45.41417708586744,4.492310156599046
9.5,17.386314239537278,45.721105307369996,4.109425586705435
9.51,15.485330639169067,46.088443898051004,3.4282687529684384
9.52,13.628311563227088,46.46920833355299,3.1643017628122716
9.53,11.624465477394597,46.402511453179855,2.6912036135026716
9.540000000000001,9.61964484805234,46.72481182356272,2.3573456766653167
9.55,7.348072869124184,46.802462463715024,1.9747874357385724
9.56,5.505700087252592,46.47968447115953,1.7465592948830497
9.57,3.368656016243771,46.52189890845034,1.5430693408243448
9.58,1.1472990445348341,46.50492400806261,1.2771763267773601
9.59,-0.8781530043108955,46.22635285504575,1.5323840704229075
9.6,-3.0448126562855204,45.970151110132285,1.1974479298633844
9.61,-5.152743604790163,45.40726786052112,1.1481100264045268
9.620000000000001,-7.349158435362836,45.104597602913145,1.28177747750452
9.63,-9.371797023965852,44.688220101194624,1.334761942325779
9.64,-11.54850178152449,43.87008263528512,1.5556474149787187
9.65,-13.625104227535164,43.29467776523267,1.7767999674659183
9.66,-15.555833936560541,42.65140921858005,2.001508346753207
9.67,-17.62990918471975,41.62863197807918,2.317502317068106
9.68,-19.74945514551757,40.83693107017438,2.6922710381142485
9.69,-21.642510411187114,39.92086428136582,3.097229329148467
9.700000000000001,-23.67387585127819,38.933181777968116,3.7222512993432804
9.71,-25.646219671639916,37.659558597208985,4.2543151318365835
9.72,-27.406255896877525,36.62972438802694,4.936069006157985
9.73,-29.073629962918712,35.40601085801137,5.481251772110156
9.74,-30.61759777303903,34.14868308187388,6.061803719300139
9.75,-32.33121273192941,32.78029203578972,6.910119698976949
9.76,-33.687516181738864,31.38840844318582,7.568103442456873
9.77,-35.40497017842197,29.75692534977214,8.561810010773476
9.78,-36.60084048855412,28.117843982979014,9.465125395569098
9.790000000000001,-37.97488870455787,26.744227289834917,10.327245028938457
9.8,-38.93459139043986,24.991353131980773,11.203134649635622
9.81,-40.10844706629184,23.465838136797167,12.18354524997897
9.82,-41.10275454206499,21.947689876392012,13.172066783602162
9.83,-41.967292964552016,20.186852456632383,14.093288235175747
9.84,-42.905253604989255,18.39546889648544,15.316664623598811
9.85,-43.487348105050216,16.866824882215933,16.36871944244895
9.86,-43.83285079885647,14.77033459913912,17.66615369926997
9.870000000000001,-44.216906956296405,13.122781200465113,18.74347745459324
9.88,-44.5887337283029,11.203327058633866,19.862192441885874
9.89,-44.700403646081206,9.610865434346778,20.973328905622697
9.9,-44.70047924856279,7.897439796175792,22.3072928403434
9.91,-44.68865487829763,6.105950027811741,23.600629477080812
9.92,-44.59406699415771,4.462753928763275,24.825916495788707
9.93,-44.240481828560725,2.549242167441098,26.01397979417881
9.94,-43.825580358163876,0.7695747606022968,27.426773561236992
9.950000000000001,-43.32274792627194,-0.6633973861411864,28.62954040590304
9.96,-42.820131443982035,-2.2433491668763357,29.83199736607945
9.97,-41.73337925950836,-3.8830427009529678,30.862529864884976
9.98,-41.07561131845063,-5.311420250774312,32.28910896537609
9.99,-39.89301673992449,-7.002791410818579,33.5429110221362
10.0,-38.95799277861971,-8.32419973442402,34.698285765181154
10.01,-37.65663039816748,-9.670292181252371,35.81965303528285
10.02,-36.50508710433182,-10.927463267141441,37.103368576876136
10.03,-34.98116362366383,-12.289686079875374,38.113773191785334
10.040000000000001,-33.45518777904568,-13.413628942395146,39.39250097484222
10.05,-32.147310272409875,-14.538461502247767,40.434541491860735
10.06,-30.44608979305225,-15.293708341987424,41.7122075031602
10.07,-28.67976324472766,-16.60291523449151,42.41007740749314
10.08,-26.963357152780524,-17.308574227818273,43.41148177131492
10.09,-24.887601941321197,-18.11783741652606,44.41433828672692
10.1,-23.086843616336466,-18.87205162287194,45.345500247149765
10.11,-21.18731595763875,-19.573002465868697,46.217619512629526
10.120000000000001,-19.01578949478258,-20.03918650909058,46.89524016083318
10.13,-16.8480938664311,-20.41994840695306,47.70525187532828
10.14,-14.930484998951018,-20.731093184189824,48.42531059636307
10.15,-12.856682115523862,-21.035950004862737,49.19812170632296
10.16,-10.658882854837584,-21.12212531453842,49.75196684182482
10.17,-8.345321387420084,-21.246459909548168,50.252000537001564
10.18,-6.364885623228116,-21.362667487788272,50.63729760257307
10.19,-4.081483550798151,-21.194160316872804,51.32449691281355
10.200000000000001,-1.813001086238495,-21.200246841371285,51.55996302297201
10.21,0.18221553533661816,-20.661795460486132,51.935938827978504
10.22,2.331032670956087,-20.472803151684854,52.291524464237206
10.23,4.545561008532694,-20.01212292873817,52.38317913062187
10.24,6.722343944820146,-19.488335701674234,52.589278907320484
10.25,8.724905830674876,-18.9377084081412,52.84780005695537
10.26,10.910915149923426,-18.414511507619498,52.812625274842375
10.27,12.970843494349381,-17.633306458671886,52.809884500529705
10.28,14.834152053148895,-16.712302258136724,52.56083084511222
10.290000000000001,16.787887037894887,-15.746923809367118,52.59592661106284
10.3,18.68257276447957,-15.160373626628823,52.44393171828191
10.31,20.817411656205778,-14.04717354946422,52.10607483382079
10.32,22.46878025318283,-13.002341511508705,51.87114724568845
10.33,24.116765700812852,-12.097911020361291,51.291583722979084
10.34,25.767716989174865,-10.848316256433861,51.00188746062187
10.35,27.471823027686106,-9.561629312909139,50.7022480294291
10.36,29.104292849832277,-8.380370887738035,50.23803798142052
10.370000000000001,30.43104696825747,-6.969185783108157,49.62802516033582
10.38,31.812155166321066,-5.898256609037321,49.0080817391424
10.39,33.40843657099663,-4.551087317651256,48.54221873531644
10.4,34.664479170934676,-3.2780823444962066,47.6941888990958
10.41,35.764931746169985,-1.801013921066212,46.95757823938312
10.42,37.003070057722276,-0.3327718739063844,46.45663476920882
10.43,38.09000021893718,0.9799667772895132,45.638124788065625
10.44,38.93819669869533,2.243458951856658,44.61705951568589
10.450000000000001,39.838891314327036,3.9555852718652673,44.000884254648284
10.46,40.766971106557136,5.305117006534837,42.99844740563395
10.47,41.472259629660876,6.732020272486435,42.216692334789386
10.48,41.98033290887746,8.065410350421864,41.11863202755414
10.49,42.39659242715544,9.547274018616438,40.02047685925507
10.5,43.12307354919411,11.030440569918866,39.26435768294945
10.51,43.64815001258473,12.381532157245895,37.98148509942096
10.52,43.9778800482614,13.849060862435586,37.07761132421238
10.53,44.33918526808992,15.050113232209014,35.98680702923661
10.540000000000001,44.45663730557129,16.497796984701143,34.980331213571155
10.55,44.72218878509007,17.877284377017396,33.795186375604466
10.56,44.67809218109146,19.379521678519435,32.55465112874691
10.57,44.74239681579065,20.573954777113272,31.44356683358714
10.58,44.782448873694925,21.871587442605215,30.257023479714746
10.59,44.73639085192955,22.866780627239354,29.256317999768527
10.6,44.4677991199811,24.12555964693998,27.743535487833487
10.61,44.348846997365236,25.407030959232017,26.609218986570962
10.620000000000001,44.30773288514976,26.422363181841224,25.42242339248843
10.63,43.82102025803544,27.429566429466615,24.31135044802613
10.64,43.60595715796952,28.748684712520458,23.04456534711674
10.65,43.329466460711735,29.457105379963192,21.92954355937254
10.66,42.94633503143752,30.709419426791815,20.677517946013154
10.67,42.56664426959574,31.519049524920636,19.426293200628823
10.68,41.912033243222105,32.62414870024725,18.202552981885994
10.69,41.463774937468926,33.19328494014345,16.98877169617692
10.700000000000001,40.793471642335795,34.04715278491552,15.824990031426006
10.71,40.315170577893085,34.94116376248479,14.77963756589277
10.72,39.70976149216389,35.72287895519122,13.491574573938793
10.73,39.11270726304645,36.287836957209215,12.406628058778614
10.74,38.385126893018246,37.144941093092,11.18889437093276
10.75,37.80379800619089,37.79016598491113,9.770906148225988
10.76,37.231135563607594,38.30655665425143,8.727773701097476
10.77,36.37732749240304,38.92175542382191,7.497775301986168
10.78,35.527624363054535,39.35550953347248,6.424726523121122
10.790000000000001,34.939008792759175,39.785055014825076,5.152320227772403
10.8,34.171492808235335,40.34992439855911,4.22479296822309
10.81,33.473965203646145,40.88575224281519,2.9851385664635712
10.82,32.77889514647519,41.06681720894091,1.8587393957841563
10.83,32.07719648999188,41.31592341159838,1.0667324846790438
10.84,31.329252028907536,41.71058081910531,-0.46004755745161463
10.85,30.80749261465807,42.14684757388969,-1.3648553539189001
10.86,29.927445825456832,42.11061888970906,-2.5374673254233664
10.870000000000001,29.180157279776626,42.4350249196221,-3.4372201887296145
10.88,28.529307015437425,42.56585396914871,-4.576476387332105
10.89,27.860228376480975,42.805582300149034,-5.5554864191158995
10.9,27.241715323814205,42.63422625765195,-6.692729344008028
10.91,26.337723864405376,42.718897566931034,-7.672000579638628
10.92,25.88540278403033,42.83356284276679,-8.70682099975154
10.93,25.07652479373656,42.54843894843902,-9.633590410352172
10.94,24.47641747207964,42.80724961037792,-10.672785032366114
10.950000000000001,23.786401547701924,42.84193585700489,-11.5016540152385
10.96,23.250183910000377,42.83030166164361,-12.641104990459414
10.97,22.403919027859263,42.52069819475053,-13.617931934281813
10.98,22.151945624526054,42.526305448747145,-14.497489645846683
10.99,21.4899324695246,42.16805286325452,-15.494740884113922
11.0,20.96427472819222,42.199510904741004,-16.358793085050902
11.01,20.353045577120835,41.963684608275116,-17.257643901933978
11.02,19.84749769128661,41.81419810888875,-18.07381125264578
11.03,19.4342653981655,41.43179354392733,-19.11464538545137
11.040000000000001,18.831793893535565,41.28259065404289,-19.994635519946993
11.05,18.293588291883864,41.079414905077314,-20.70842779938632
11.06,17.990766640354803,40.74270292034495,-21.68142779696488
11.07,17.50399086543238,40.507455255656055,-22.256519183541347
11.08,17.155121071165027,39.95874453596809,-23.22861892506399
11.09,17.032360189802954,39.84343290091753,-24.17709469925197
11.1,16.65395733137207,39.46848590003586,-24.806527779798518
11.11,16.145553215118028,38.97529272773023,-25.787886905481862
11.120000000000001,15.886772220921772,38.45939384682761,-26.675566442986316
11.13,15.392783206571712,37.97785360394725,-27.11625086413467
11.14,15.245768813668592,37.663523041462284,-28.00390785725326
11.15,15.00966252308788,37.30435315707622,-28.63150161539008
11.16,14.710917459029753,37.002395072717086,-29.719361832772098
11.17,14.540683299913775,36.34292512767707,-30.267327286394096
11.18,14.476834749010738,35.957868033936386,-31.078870667685862
11.19,14.149016728539603,35.21864631828937,-31.630478946238405
11.200000000000001,13.8686245276672,34.88983064688884,-32.243594950268914
11.21,13.917713364255599,34.26716603584027,-33.008247782325476
11.22,13.892332483576865,33.89948709661392,-33.742694059459225
11.23,13.54908682757263,33.33577412103764,-34.278299772716935
11.24,13.699893139241638,32.651314312401745,-35.11207245794565
11.25,13.757560147307379,32.06545952302901,-35.73517319663564
11.26,13.680173491591711,31.408155195673015,-36.46671360479315
11.27,13.693951304995418,30.95985810352602,-36.92294894205523
11.28,13.673125299622416,30.144957457691063,-37.523867127478184
11.290000000000001,13.711826642214117,29.542161563361432,-38.24789624716401
11.3,13.731792918925747,28.68625385390478,-38.8175101711231
11.31,13.672040732744293,28.412725815983613,-39.46367496853033
11.32,13.832815929015128,27.47570767265089,-39.97550034082025
11.33,13.909775681293011,26.703490062006342,-40.525087644733276
11.34,13.91944244868273,26.2449320332334,-41.05568231632627
11.35,14.052788813793288,25.55067439929184,-41.39113438113591
11.36,14.004056580426862,24.743861021700496,-42.189710678951776
11.370000000000001,13.996340409438995,24.02685088420363,-42.6288543265286
11.38,14.37300489596524,23.30331127081849,-42.99084206402441
11.39,14.363503333998084,22.479827459636244,-43.60690532697167
11.4,14.4529633732768,21.70937855408673,-44.085394329668034
11.41,14.665319884889557,20.822817959537044,-44.51431334894808
11.42,14.743019658736388,20.02115336290688,-44.819436290946946
11.43,14.976517642940353,19.255698596440507,-45.52136578294063
11.44,15.122962610053783,18.15996431943629,-45.94035289362541
11.450000000000001,15.1416536788509,17.375971447159614,-46.41306226266904
11.46,15.317739850875448,16.54121213981099,-46.5633002440918
11.47,15.321062714061593,15.713178992875218,-47.06883765767264
11.48,15.49687937453919,14.792611677923746,-47.434563973184424
11.49,15.675950185536266,13.710790327744604,-47.732417663159666
11.5,15.873562469280342,12.972679614232812,-48.01684213478215
11.51,15.970536059423896,12.030134286799905,-48.362053210997104
11.52,16.039896431227373,11.028491635166509,-48.7403405379852
11.53,16.206575529897737,9.938056142074757,-49.05081085273755
11.540000000000001,16.259399292056887,9.019605248314754,-49.194507512078374
11.55,16.29636156586425,8.158351640678541,-49.23329059979395
11.56,16.4236094280644,7.283621925978763,-49.70272231696062
11.57,16.447911945541698,6.149257609962976,-49.65844353026599
11.58,16.52713868111748,5.070735342527234,-49.90590196010929
11.59,16.364027692160647,4.046220573785641,-50.003773844500856
11.6,16.619036327640817,3.0835718948239412,-50.09651965210216
11.61,16.478835170434337,1.962713784811809,-50.364406245415054
11.620000000000001,16.45149749834886,0.8975389201429932,-50.46292538433079
11.63,16.381225151666868,-0.2776142018480577,-50.497785210711115
11.64,16.22661844362659,-1.327511550939654,-50.64665557964235
11.65,16.246876560210687,-2.650169171061874,-50.53366201635897
11.66,16.25805498045695,-3.43349249541543,-50.54729779120665
11.67,15.754045871850659,-4.529953232602829,-50.63584752309154
11.68,15.789027246148013,-5.733612302459657,-50.664996395140896
11.69,15.725334937592397,-6.5127571977779715,-50.25961142343964
11.700000000000001,15.074379679687222,-7.653696382588472,-50.316492300377654
11.71,14.9511631950058,-8.740688349285014,-50.33582689848891
11.72,14.717505623007137,-9.772685808182363,-49.96429898830727
11.73,14.386576871015253,-10.868116431399606,-49.94856971546375
11.74,14.132671606011343,-11.919997519374807,-49.67227433002661
11.75,13.537005322795082,-12.903554441399342,-49.485871749536166
11.76,13.206175205713992,-13.966259490012332,-49.32613035493403
11.77,12.743742500801075,-15.05572770444099,-49.30197278453208
11.78,12.114505862754712,-15.940316359508271,-48.86318971444827
11.790000000000001,11.779880873769946,-16.96871322336469,-48.45714479427114
11.8,11.408972278168273,-18.057857906589472,-48.420264812724355
11.81,10.783406912566067,-18.965524653451933,-48.14067556925881
11.82,10.13381106467629,-20.027494536154755,-47.87029318932848
11.83,9.352010461724303,-20.83429094000617,-47.411476198059866
11.84,8.793024864765,-21.763653838541003,-47.06711260226084
11.85,7.945786898965632,-22.626675547358456,-46.726652943534596
11.86,7.2426242060925325,-23.417430340396997,-46.39771151055981
11.870000000000001,6.423934798599727,-24.29942501106818,-46.16548343546697
11.88,5.683238998028466,-25.078802261195168,-45.6971405278692
11.89,5.121508486523699,-25.486055622436158,-45.28196087943127
11.9,4.027111963833169,-26.52563884479764,-44.69341509440027
11.91,3.1402156034070927,-27.003988036803708,-44.37070815555868
11.92,2.190942009295891,-27.78461770565283,-43.81893942945922
11.93,1.3954169780644532,-28.404722791867908,-43.43559104486591
11.94,0.3652443961078103,-28.83981246473513,-43.07394325728921
11.950000000000001,-0.5824588443995169,-29.6142153008268,-42.65176505251438
11.96,-1.4896376805255802,-29.916436015597565,-41.96781396533069
11.97,-2.5924791563345138,-30.308568442647076,-41.730403922440225
11.98,-3.8992166155522994,-30.812069188298437,-41.216864766941555
11.99,-4.63757663101395,-31.14003171446767,-41.034544128696915
12.0,-5.678187865639718,-31.449953937579377,-40.133529799334994
12.01,-6.66383067773621,-31.798629955769815,-39.6682875707336
12.02,-7.9731530897255665,-32.02094962876894,-39.66711062746545
12.030000000000001,-8.880619938794045,-32.124488528934776,-38.888142141779305
12.040000000000001,-9.84240322528017,-32.06598525338594,-38.503451544836935
12.05,-11.104043559106588,-32.058463123527616,-38.23916068804868
12.06,-12.364800768384372,-32.28692600115855,-37.81590528259415
12.07,-13.391724679222136,-32.38434701482435,-37.426588880016254
12.08,-14.388343667357605,-32.24820335174117,-37.0309381232126
12.09,-15.462921064506437,-31.91238928114232,-36.46075350298469
12.1,-16.562649594583526,-31.72907483574785,-36.17894962137512
12.11,-17.684170255505002,-31.67478416665852,-35.93938110673427
12.120000000000001,-18.631152265177516,-31.30338769559538,-35.31725291572356
12.13,-19.713560787637057,-30.956979636275495,-35.248502487266705
12.14,-20.5575476124924,-30.568601884315584,-34.7248845999276
12.15,-21.687217677461355,-30.294749066070544,-34.75997978418987
12.16,-22.39413488335061,-29.794140004720838,-34.48950371686357
12.17,-23.386027691056523,-29.33438469194545,-34.11524993466137
12.18,-24.20098174021361,-28.76558387303891,-34.10792427743193
12.19,-25.200649801222077,-28.217070576447345,-34.08645986718829
12.200000000000001,-25.936516498801264,-27.81032419713883,-33.53774072016598
12.21,-26.743750805547002,-27.217061230057183,-33.703131388086305
12.22,-27.562147367473997,-26.517398039803812,-33.61757220374495
12.23,-28.15174227956367,-25.741743624409064,-33.39270884356234
12.24,-28.918941482767675,-24.871363345513835,-33.33898152999647
12.25,-29.212728977449185,-24.3351651923413,-33.46919937885931
12.26,-29.961407989396438,-23.47646020368596,-33.491176092483975
12.27,-30.598641605836402,-22.813339664376507,-33.512051501224
12.280000000000001,-30.902250930730276,-21.926198162261098,-33.493522216913
12.290000000000001,-31.333628993727228,-21.198490499186935,-33.79919203611493
12.3,-31.806110975569407,-20.240299517746028,-33.79418538309063
12.31,-32.159784935408055,-19.47826765532711,-34.02609722997145
12.32,-32.16755204495115,-18.63054075023966,-34.10434730017128
12.33,-32.5136193064415,-17.74990164187226,-34.399999031945015
12.34,-32.82141494758625,-16.92724804096948,-34.4978208031005
12.35,-32.72085116553983,-16.04762508102983,-34.76605077474397
12.36,-32.90459868787243,-15.114818454299026,-35.027403536721486
12.370000000000001,-32.99362514501114,-14.13866572227915,-35.424169218870595
12.38,-32.98252830406883,-13.340178652894913,-35.77470129748299
12.39,-32.80941003953894,-12.707465793022926,-36.1448908560345
12.4,-32.55387584649458,-11.836078757645438,-36.42945597568223
12.41,-32.31996272340732,-11.070779816125953,-36.829353469483
12.42,-32.067371408321165,-10.133304468833495,-37.2876881049525
12.43,-31.681294716441286,-9.462233305940796,-37.80041159802379
12.44,-31.33931828166881,-8.75215655320968,-38.1061418030361
12.450000000000001,-30.90550282243929,-8.001903865892915,-38.31373335333885
12.46,-30.594671316713995,-7.415681664436777,-38.95103307765105
12.47,-29.90241109453264,-6.63189452965891,-39.2910489083626
12.48,-29.27141962306289,-5.888326193773175,-39.9921601525573
12.49,-28.986147329404712,-5.164781312022498,-40.70454554790206
12.5,-28.379829131308473,-4.811447851848016,-41.02738423910969
12.51,-27.601387136432102,-4.335286580488434,-41.306959622814375
12.52,-27.06463144584585,-3.834225468659376,-41.82379049920359
12.530000000000001,-26.05263543555004,-3.2487667185982634,-42.385562610746895
12.540000000000001,-25.299708373565675,-2.7800526327054635,-42.99940014894062
12.55,-24.489148143382135,-2.434560986780541,-43.37356723556266
12.56,-23.579218869350836,-2.263011411007274,-43.96849775922372
12.57,-22.680929230262272,-1.8856543748355123,-44.50936937280279
12.58,-21.63521090978075,-1.6128797903705827,-44.8713181030262
12.59,-20.805708933712783,-1.4210514603211664,-45.340455271091216
12.6,-19.633481300614324,-1.1883308173337888,-45.81454537369682
12.61,-18.998207462231683,-1.1047070436356714,-46.416874761994016
12.620000000000001,-17.878799530816632,-0.9709840384968399,-46.89626300969206
12.63,-16.59091242133256,-0.9375344077128709,-47.22217785154836
12.64,-15.701538270113595,-0.9218285889939464,-47.732252047554354
12.65,-14.645350512954327,-1.0325342448597945,-48.06280602137762
12.66,-13.66853502514295,-1.0680715865520503,-48.19996454934591
12.67,-12.55500965616755,-1.184148777049022,-48.73691589400622
12.68,-11.555858987542619,-1.2104822162025581,-49.104545798047546
12.69,-10.15058561487393,-1.6616105314473348,-49.23072190513391
12.700000000000001,-9.266513485053562,-2.0103245732908945,-49.84435490142663
12.71,-8.107791002388907,-2.17583158987262,-50.086864224703
12.72,-7.122218248221798,-2.5055567032647663,-50.170307240979
12.73,-5.939909724684458,-2.9980467643849407,-50.46993070970777
12.74,-4.794725782635701,-3.478209049686993,-50.76277618322503
12.75,-3.8331921268103644,-3.791181590031573,-50.65460134889966
12.76,-2.7840217853586524,-4.374762607659836,-50.988819198519394
12.77,-1.7335053178039177,-4.83047950454555,-50.9975792669807
12.780000000000001,-0.6263921253842248,-5.381518799756809,-51.11448065305624
12.790000000000001,0.4230322511436813,-5.974345438391581,-51.1714573415746
12.8,1.4585411090607359,-6.578856146111037,-51.28432210995765
12.81,2.544958915634287,-7.434488350773333,-51.24147064208657
12.82,3.4990979426386923,-7.84989431710355,-51.29182263329559
12.83,4.580837512865252,-8.638068099320181,-51.16773960646832
12.84,5.460057680554522,-9.389118738027678,-51.0267942908897
12.85,6.320387671773768,-10.13496382528161,-50.732386497456275
12.86,7.360263403592813,-10.893629428211845,-50.787236080952944
12.870000000000001,8.22744284883602,-11.55469481856017,-50.55142022838221
12.88,9.354153614606961,-12.259859706005162,-50.27804668030454
12.89,10.068405273909503,-13.357237330097353,-50.157174517047615
12.9,10.8942975259387,-14.128065484001045,-49.7597968459171
12.91,11.68517576506003,-14.84802957626492,-49.455473922735216
12.92,12.664497456103467,-15.6491703661101,-48.97306821441536
12.93,13.523146350088743,-16.618655974728355,-48.65695775535219
12.94,14.214732048646866,-17.339369350628097,-48.35024571010837
12.950000000000001,15.163475510197838,-18.231483567661762,-47.702379909372155
12.96,15.773140821187736,-19.04666075171242,-47.24759055717152
12.97,16.33798658623293,-19.984871550127206,-46.57753114460957
12.98,17.15318317127987,-20.917164377774217,-46.28554723312784
12.99,17.852074055883048,-21.75349229814427,-45.53846821727313
13.0,18.592160515208377,-22.633238108457075,-45.08894557945907
13.01,19.25294719357489,-23.654250349808915,-44.30172342950412
13.02,19.88575257819238,-24.19941862489173,-43.679948231367966
13.030000000000001,20.538831722460525,-25.186786123508586,-42.98048429522885
13.040000000000001,21.05932227186075,-25.919916952611953,-42.22922386771694
13.05,22.028002711225692,-26.796934378627213,-41.663158737823224
13.06,22.448889878154084,-27.796432400900375,-40.87252482736512
13.07,22.764867984157373,-28.560438723714803,-39.96247626607754
13.08,23.28664951827384,-29.492968255126176,-39.20776215760106
13.09,23.73840584986023,-29.942470019036797,-38.165380429355935
13.1,24.503323581348955,-30.975665790125692,-37.45877916998132
13.11,24.934050192036747,-31.695413783822527,-36.40987240323993
13.120000000000001,25.503946864820662,-32.43013068887925,-35.648811284416546
13.13,25.953550903157694,-33.1779958621454,-34.48148553931748
13.14,26.2049781740502,-33.79339553081163,-33.54576975714371
13.15,26.89712408624519,-34.72369868713867,-32.63967582972601
13.16,27.230796673033296,-35.22425863572863,-31.74762736027458
13.17,27.703225976727754,-35.926036646101515,-30.6972863057257
13.18,27.752921011652063,-36.60297406593396,-29.412663149187946
13.19,28.31466170831326,-37.10636411439545,-28.54277238518576
13.200000000000001,28.896597708555902,-37.86515081362527,-27.509481928730583
13.21,29.128191154912724,-38.08219233064313,-26.217997301368285
13.22,29.52340983865569,-38.92996618298853,-25.320363085544894
13.23,29.891313387967617,-39.29766675438442,-24.069059107276882
13.24,30.303819353545954,-39.933437998096736,-22.933512057159724
13.25,30.491932828745693,-40.38265516194122,-21.83892718088667
13.26,30.931140440008114,-40.597639407950254,-20.676964933211433
13.27,31.153689116004028,-41.275592875926804,-19.304273344341535
13.280000000000001,31.648664644366246,-41.47105021615136,-17.966984074863507
13.290000000000001,31.79710139708568,-41.95496101129122,-16.971753665617992
13.3,32.25481073952518,-42.15109917574387,-15.644449360500396
13.31,32.206464694999774,-42.42959637604701,-14.334059239229818
13.32,32.62894379269223,-42.72692903526882,-13.319841034962103
13.33,32.80172013664292,-43.02268248308732,-11.91076225202141
13.34,33.17229134906295,-43.226788305922376,-10.56292988516291
13.35,33.5305152186306,-43.275139051407386,-9.46625302571805
13.36,33.76502959975787,-43.37112988258409,-8.279165436292494
13.370000000000001,34.0092528283424,-43.61861346003522,-6.636462120960575
13.38,34.29396713482928,-43.92665602140448,-5.557627565046113
13.39,34.353750731633305,-43.807544551306194,-4.389299631267801
13.4,34.71763645623834,-43.787441557949414,-2.8719033316199583
13.41,34.95541998902554,-43.92515985150546,-1.6467856439691106
13.42,35.27298470010523,-43.6833188586349,-0.23967908234725738
13.43,35.47711657682724,-43.76056436030281,1.056562320434586
13.44,35.612419967782,-43.67222794377088,2.293735262674709
13.450000000000001,35.73172914554581,-43.64565884653416,3.501523634890773
13.46,36.02517541107076,-43.33068860562385,5.254018918754342
13.47,36.3362072613923,-42.96633678370745,6.053594180284144
13.48,36.533096780035,-42.97067735720684,7.586910016693248
13.49,36.510017613948655,-42.75115807118544,8.891014179114352
13.5,36.765210980982296,-42.29038624106726,10.236474230631906
13.51,36.89582575726382,-41.96600135484848,11.584285272031181
13.52,36.77118848141001,-41.573218551541515,12.860145784408752
13.530000000000001,37.098359428004095,-41.34953942098811,14.267748438177978
13.540000000000001,37.08764148561222,-40.967017632059935,15.510367122940163
13.55,37.186197328238656,-40.32077106021763,16.828019109885926
13.56,37.204483674532284,-39.88115443355186,17.908615553581896
13.57,37.24215785073638,-39.33355736865108,19.283783518036522
13.58,37.382686690727645,-38.99999019834667,20.56040540659266
13.59,37.42933656256303,-38.571038301214024,21.771854219588008
13.6,37.248890853603505,-37.878129685408034,23.148798189467907
13.61,37.36162299427167,-37.31331747763624,24.428644873827988
13.620000000000001,37.085110887680145,-36.47582112701612,25.646431655343996
13.63,37.18494235335026,-35.83964160422478,26.71920009967675
13.64,36.98573370157085,-35.17931827591169,27.98592281721332
13.65,37.20240348855339,-34.57586779117751,29.143064002107685
13.66,36.93878935702144,-33.668241667785765,30.163544059505874
13.67,36.64852605101555,-33.00276345908403,31.5372941120794
13.68,36.50036288970956,-32.12856734037059,32.58451855531363
13.69,36.106684036940315,-31.35985522247588,33.60981739983599
13.700000000000001,35.92361833440035,-30.737876414656476,34.75783474824738
13.71,35.830627753943,-29.79225847261784,35.90509023242259
13.72,35.40474945706743,-28.947488917599436,37.07086119772349
13.73,35.00253047616765,-28.17172868259362,38.0729508128123
13.74,34.687952857354276,-27.288729492987322,39.0541236333487
13.75,34.31543649110677,-26.56166952541728,40.15921403156352
13.76,33.76386095428858,-25.412777440008103,40.96283563783825
13.77,33.194487488025224,-24.53333328813917,41.8990064770931
13.780000000000001,32.682513194895144,-23.709120019633183,42.8422498001975
13.790000000000001,32.106211215118066,-22.551308191559144,43.84247315103731
13.8,31.366032944710845,-21.757658180247923,44.75459827222137
13.81,30.785248709846133,-20.733658829196823,45.550750212233694
13.82,30.255235503441178,-19.83692928188123,46.15912534265056
13.83,29.50641965761865,-18.728195017930016,46.92715265124341
13.84,28.73391333596011,-17.942451367053106,47.763725621015155
13.85,28.01342031133211,-17.02159737115508,48.4770471348634
13.86,27.458492085890068,-16.084211934555572,49.266806066913624
13.870000000000001,26.342124282884967,-15.414992957042864,49.90937550723505
13.88,25.613664546404173,-14.291235826232029,50.35396199956234
13.89,24.400808794456058,-13.499159704646852,51.0399039293192
13.9,23.61050417734573,-12.461128836271081,51.50864896412433
13.91,22.37172934829033,-11.690640187507464,52.03340654727077
13.92,21.418797689600815,-10.824942601008345,52.77843658564012
13.93,20.2538854090142,-9.830309505818311,53.22269346569173
13.94,19.344656136022014,-9.152995317230856,53.58822990686115
13.950000000000001,18.21373967718615,-8.502201266848553,53.82662251902557
13.96,17.14053090264167,-7.608962608612126,54.367230034467944
13.97,15.916835427271266,-6.890627867227315,54.411330661186234
13.98,14.828602877417286,-6.473671675301338,54.715360262824476
13.99,13.486063861932125,-5.751964552845383,55.063280260849005
14.0,12.065776917056047,-5.138111796866577,55.39097310627325
14.01,10.869866241346712,-4.312789699221978,55.37825893290521
14.02,9.593397172028585,-3.8799027291695722,55.54752990062682
14.030000000000001,8.288319921035317,-3.453773517707086,55.71102449457083
14.040000000000001,6.873235137175682,-3.021678262230942,55.65476271155277
14.05,5.66969408739642,-2.577426200585495,55.68443150649671
14.06,4.010159553762084,-2.2645115255867956,55.63749925281205
14.07,2.6047400931669022,-1.7990423956905253,55.8591475349221
14.08,1.4911397906962143,-1.8569174893685256,55.402979148413586
14.09,0.01278653661233258,-1.4237772509971867,55.3193113450777
14.1,-1.4090940910802827,-1.2038459791837868,55.28474843731381
14.11,-2.8099055952075584,-1.213567950967165,54.94947498032888
14.120000000000001,-4.250961967604866,-0.9965097320837539,54.64122338282732
14.13,-5.619561622602497,-1.0566349551657885,54.51723702113441
14.14,-6.801866400973483,-1.1096233085564675,54.31941831304068
14.15,-8.245730969757739,-1.1392874650692046,53.979744395666394
14.16,-9.598678418469774,-1.3294708448101644,53.75100688863124
14.17,-11.15776268359479,-1.5826073710453377,53.18754109469491
14.18,-12.38703995975948,-1.7320166364825877,52.8340081064419
14.19,-13.439586173559945,-2.186871868762052,52.6422864502323
14.200000000000001,-14.75639132337829,-2.511697277026637,52.111476168423565
14.21,-15.972323895875505,-2.84157263384524,51.562661721314264
14.22,-17.22719924270127,-3.2125819359141254,51.055405330023994
14.23,-18.45811351231046,-3.977568305211263,50.69753954097773
14.24,-19.493177231508614,-4.47487835613451,50.21807901131427
14.25,-20.500047938664988,-5.234151973521212,49.518290834028626
14.26,-21.449858715017793,-5.699602320797416,49.2106645199652
14.27,-22.192006810221198,-6.659601203806544,48.56945503296022
14.280000000000001,-23.15065328288135,-7.343408399861697,48.106890115516876
14.290000000000001,-24.086331834981355,-7.974945660689168,47.34476660015564
14.3,-24.86153391978049,-8.850661526694351,46.82934488600995
14.31,-25.501510114018515,-9.919623793203563,46.41574180658424
14.32,-26.342487787559108,-10.677696214584982,45.644321757419654
14.33,-26.91923090967223,-11.533881704945607,45.17900295967787
14.34,-27.334787105950255,-12.42822902972511,44.47392196479564
14.35,-27.880900173026102,-13.673029143671057,43.835018277000565
14.36,-28.32142978686538,-14.685280745884604,43.33371049028601
14.370000000000001,-28.647983908468422,-15.692045331457335,42.73805333018563
14.38,-28.9080609020261,-16.797395572366494,42.04670671221473
14.39,-29.154898062152654,-17.87824408954567,41.82445841308461
14.4,-29.189011526939147,-18.958114435631547,41.04243942927322
14.41,-29.383931950627254,-20.062005377810028,40.554402860343124
14.42,-29.201933517928975,-21.10913656934967,40.061767466971524
14.43,-29.096010550804714,-22.394883175175064,39.29451551259051
14.44,-28.902556634452793,-23.308635843142973,38.7923781598758
14.450000000000001,-28.788416647565164,-24.478506395969998,38.427708363877954
14.46,-28.37721179304835,-25.559695810121994,37.925349424777785
14.47,-28.06493864996928,-26.7501818940355,37.40584365615282
14.48,-27.652804769682646,-27.80453445683946,36.807086626968
14.49,-26.987077459017218,-28.824361232083696,36.74535893939837
14.5,-26.35166987344435,-29.78730887825108,36.11393303309549
14.51,-25.67499240706909,-30.84080040703676,35.65966099954837
14.52,-25.03843381593373,-31.99395845543402,35.33614071516165
14.530000000000001,-24.179575577549624,-32.98341414641509,34.85875110732884
14.540000000000001,-23.472579168549316,-34.06906269027958,34.63771524451642
14.55,-22.491274022544918,-34.73263089340888,34.28634561504016
14.56,-21.199428830481235,-35.59872341040757,33.80256957967298
14.57,-20.39758386933692,-36.46571754898076,33.6709735253091
14.58,-19.436856172503603,-37.43095101111214,33.28941834769691
14.59,-18.212294647132502,-38.147750509270374,33.10998764790763
14.6,-17.17392476338471,-39.06019989764387,32.617865427963046
14.61,-15.75659197025573,-39.7392969012435,32.672325867181364
14.620000000000001,-14.522543619428914,-40.23057313968823,32.45680765825779
14.63,-13.310184869251456,-40.89046347864997,32.14115272255413
14.64,-11.998020747309281,-41.36429424777555,32.179148926069026
14.65,-10.609464142459865,-41.78270804183147,32.01816811050786
14.66,-9.423551153212566,-42.19981186563357,32.07758061269209
14.67,-7.901770004106795,-42.6743369092189,31.816079610166504
14.68,-6.488921736458751,-43.05650335242961,31.969755319734347
14.69,-5.002774629820384,-43.364423607057304,31.746821148229632
14.700000000000001,-3.627783082836029,-43.607341550954786,31.72460150707272
14.71,-2.1560386214960996,-43.82938814093076,31.551921147265016
14.72,-0.6575276316792505,-43.93676569651635,31.71859923542705
14.73,0.8242857435564442,-43.968424539358075,31.916797301231153
14.74,2.2821072873080466,-44.03547066057989,31.867009919264095
14.75,3.856553082346262,-44.03440048546654,31.98339751803912
14.76,5.206587474970827,-43.86056739457467,32.17134187602143
14.77,6.9431443895568306,-43.7647998050396,32.194247374665345
14.780000000000001,8.051275781742847,-43.62757233989901,32.224451539237485
14.790000000000001,9.964046665537538,-43.26433114596786,32.515010501650174
14.8,11.103002571790746,-43.02055382000407,32.58269403455396
14.81,12.593613396864436,-42.82464302197873,32.68014357251365
14.82,13.714421778321384,-42.58438493734017,32.965200203847736
14.83,15.187194337004149,-41.93492325794622,33.23700547120598
14.84,16.666844789779596,-41.47836305426565,33.153161880315835
14.85,17.657334310221138,-41.035792605712004,33.61023890218919
14.86,19.170886916306074,-40.66015694164974,33.92607251213816
14.870000000000001,20.37131941448055,-39.9936625667993,33.97149724457534
14.88,21.61010030373441,-39.40622918280105,34.26812312009968
14.89,22.845322877329874,-38.64795359410886,34.369347743835355
14.9,23.94361886576182,-38.17923359908136,34.716841114059754
14.91,24.928533833031917,-37.48002470471653,34.88726655920675
14.92,26.28620448702749,-36.85534641284377,35.371233783957194
14.93,27.279785902435385,-35.897651571067314,35.44932730843962
14.94,28.18081258777859,-35.16975634826755,35.85037796701184
14.950000000000001,29.096959564570916,-34.52177065681288,35.88957879290669
14.96,30.186557457910208,-33.761942640579925,36.385990235729146
14.97,30.977546821180006,-32.957428328754176,36.44980736606083
14.98,31.804584046921352,-31.99234960014335,36.77746880053608
14.99,32.497891183033985,-31.139860660893778,37.22916976298867
15.0,33.43692904959415,-30.189882044503594,37.359921567173934
15.01,34.18970304567276,-29.308913299256318,37.79618081783235
15.02,34.81619142140047,-28.433159689086658,37.85154444695885
15.030000000000001,35.60091318283041,-27.764136613861446,38.04851850384445
15.040000000000001,36.019036801986815,-26.681801471795325,38.41217720354862
15.05,36.52169521497279,-25.612063484999442,38.298136618464994
15.06,37.16723361473622,-25.07100989349443,38.834584619569384
15.07,37.73031872284077,-24.137932911570925,38.90676813385993
15.08,38.06236959464298,-23.250702140807068,39.165353132177884
15.09,38.33845604089366,-22.321908702792946,39.33462167011784
15.1,38.745898839781034,-21.448696919227054,39.60103682767726
15.11,39.24890802707423,-20.472042380804606,39.88024736996765
15.120000000000001,39.61048838731491,-19.600682134894985,39.98656517206999
15.13,39.754582528102894,-18.853982786580445,40.335604927963
15.14,40.095638415251,-17.986424411776884,40.50184382209696
15.15,40.33927138046989,-17.114671509029062,40.61154855269691
15.16,40.47490908869494,-16.301958516116876,40.94831501034118
15.17,40.73411789644345,-15.162150454334789,41.25801663610226
15.18,40.892213184463785,-14.73385806432618,41.34633206114778
15.19,40.99758967929874,-13.878527907943996,41.296614586357975
15.200000000000001,41.31218387260111,-13.284634596313275,41.692771650396956
15.21,41.2572586249571,-12.1953497841063,41.63469800209172
15.22,41.278824513659075,-11.658575208966496,42.118970126546415
15.23,41.4182958721194,-10.954611653666898,41.84031004651725
15.24,41.302586749510844,-10.269247926209777,42.31216750334809
15.25,41.452435488850334,-9.625915300591489,42.16561287392168
15.26,41.4394879359815,-8.93001479324497,42.47446934813063
15.27,41.37541514359992,-8.27719131549712,42.440492617870255
15.280000000000001,41.24466875240121,-7.766190464279189,42.81923893396092
15.290000000000001,41.39217971427224,-7.140049305345837,42.79694025217651
15.3,41.41001108555534,-6.42151133117078,42.899977324474
15.31,41.2723057895594,-6.19152038599877,43.01275800961805
15.32,41.25270475554568,-5.470131119691321,43.04410085858024
15.33,41.298170160226725,-4.9892220008111945,43.11474422899466
15.34,40.96997899328674,-4.4381844178771095,43.274741579125255
15.35,41.22073489803423,-4.02643870508247,43.31489501319014
15.36,41.26661698106159,-3.324148248587165,43.63051170357551
15.370000000000001,41.097054452808436,-3.1191711678423064,43.38707507203596
15.38,40.97723554692172,-2.7599870520413434,43.5014203425353
15.39,40.8427506477997,-2.2629704819706915,43.56359794269664
15.4,40.83388622026365,-1.9382992495213502,43.487042660772644
15.41,40.718950989054235,-1.8431526586445233,43.60442106581593
15.42,40.744323142916066,-1.3047152926906125,43.72683564000865
15.43,40.889252885872395,-0.7949502288499978,43.808167812151986
15.44,40.73281787005358,-0.8288179909602373,43.74831109106032
15.450000000000001,40.52937097010246,-0.2820290390820979,43.623115365886086
15.46,40.571193311483114,-0.2568184879638774,43.74434447871718
15.47,40.81848751913002,-0.09799927535113848,43.43633093359112
15.48,40.703213956831085,0.14183143257080835,43.594679687982584
15.49,40.76750290615234,0.1787638387563088,43.61165889992914
15.5,40.58769665219748,0.575753029793668,43.83306988582605
15.51,40.61560678857857,0.6529518590998147,43.69557148431253
15.52,40.766626512901446,0.7768865709333458,43.78147894799407
15.530000000000001,40.81918832821632,0.7393800802253955,43.42967060671344
15.540000000000001,40.78202737929739,0.8093677842471374,43.51103581781762
15.55,40.56975614538601,0.8026144276486645,43.49810123974249
15.56,40.80440570398703,0.9254792398436898,43.4750483899732
15.57,41.19109986860527,0.9511788816927162,43.33087215305256
15.58,41.24159488813847,0.945660925387208,43.25676386195875
15.59,41.11191492455104,0.9518743667132018,43.18496287374056
15.6,41.21193697732057,0.7673970485842945,43.20113363040751
15.610000000000001,41.514445077377026,0.6630960508619863,42.81054485085801
15.620000000000001,41.44367378763891,0.5420250377727867,42.696983130999804
15.63,41.867712011884464,0.6649721732017307,42.64530918882394
15.64,42.03955986498221,0.34238948030879846,42.36164785011584
15.65,42.18782996884022,0.08843611898859155,42.733861184888674
15.66,42.05843542420845,0.03782650402046914,42.33447306390979
15.67,42.52649630250367,-0.12058219294821246,42.270185899866334
15.68,42.7356548591391,-0.4047288748501347,42.173760879609276
15.69,43.04386036703631,-0.7824022323524741,41.91535092891126
15.700000000000001,43.1644751581472,-0.7542130660183077,41.735485079480306
15.71,43.446010554750444,-1.0766254179939276,41.49756239695578
15.72,43.52235178414818,-1.5280672707042562,41.44711074261571
15.73,43.721578165584745,-1.735532987084175,40.98870574398011
15.74,44.09500868860783,-2.3063617187014325,40.85182436283498
15.75,44.423104638612564,-2.7048159256549806,40.60302593679582
15.76,44.62890522769599,-3.037880676605182,40.336915256880246
15.77,44.92972325692398,-3.416410932435306,40.04452806809052
15.780000000000001,45.18189097780002,-3.9349449941654204,39.81051214783933
15.790000000000001,45.416203276427154,-4.269074640481397,39.570250844124736
15.8,45.59973702570108,-5.0700994507401616,39.28867245324042
15.81,46.03015621623467,-5.352517259406729,39.08900327566934
15.82,46.09190380712135,-5.9122325716504625,38.552056291237236
15.83,46.39751653110229,-6.567377606206951,38.28509541761051
15.84,46.607506745563114,-7.097443923581173,37.85493208771077
15.85,46.78267613479723,-7.904942071743833,37.56447978349041
15.860000000000001,47.31958128641498,-8.353375685225044,37.15018903490779
15.870000000000001,47.31073394406827,-8.97587582282213,36.78434955974037
15.88,47.47643926946829,-9.837404324899532,36.305059784045355
15.89,47.74876577936716,-10.368169381695933,35.79721894190808
15.9,48.09349142653992,-11.032009876828793,35.5465658402726
15.91,48.18607939802134,-11.759136924271798,35.03055506448712
15.92,48.37720941879389,-12.69213231111288,34.4712716420081
15.93,48.452493769218805,-13.27170498664945,33.98664311942328
15.94,48.756976170495825,-14.289375074235746,33.59572379171413
15.950000000000001,48.76880885772002,-15.108989730174677,33.12003443942726
15.96,48.718992530801295,-16.054460410334112,32.487418943694685
15.97,48.91704656483236,-16.870522324391768,31.798400465369916
15.98,49.130661420324174,-17.86570752471899,31.257112012749246
15.99,48.78475074988932,-18.614228948137335,30.64156208385183
16.0,48.843417245140444,-19.547404071459404,29.9977393409204
16.01,48.79395116290713,-20.368419438322704,29.430704266203364
16.02,48.72597556450909,-21.3801259316018,28.512432129903473
16.03,48.43639669443287,-22.723714768058848,28.1240830487875
16.04,48.284786813701366,-23.40595759836873,27.483472388067206
16.05,48.04510776078277,-24.581194571012567,26.811827718719467
16.06,47.90342105406646,-25.656366672548696,25.8714030234456
16.07,47.472312380870456,-26.72952305092233,25.379128125397326
16.080000000000002,47.2037927266087,-27.516865231086435,24.611805117828325
16.09,46.64280778786079,-28.749311455739225,23.80492894055876
16.1,46.21169502491107,-29.78243958761007,23.02029776518981
16.11,45.74360418115554,-30.799309281652604,22.065645856689443
16.12,44.98640744944048,-32.06655274356826,21.19526739471626
16.13,44.65780467385164,-33.00015130189517,20.434188008179092
16.14,43.855530960148,-34.139625299066914,19.647123325298576
16.15,43.10937198161357,-35.16373587441159,18.977981700708032
16.16,42.33312226223214,-36.119571948010375,17.857100902160713
16.17,41.698283520092865,-37.232173108036704,17.251796600531453
16.18,40.51168425026717,-38.278888701616495,16.19720926502798
16.19,39.66034764449103,-39.39187265788352,15.356557679680217
16.2,38.412678030586044,-40.2629757449606,14.367817103131447
16.21,37.30078453977151,-41.17577159981523,13.45356259780855
16.22,36.21225187069262,-42.07606421075369,12.862348191950362
16.23,35.001503750340646,-43.013648068415485,11.5899961437767
16.240000000000002,33.88663669318288,-43.88686843932338,10.928552820912714
16.25,32.54761414110247,-44.968864614966726,10.17719508845398
16.26,31.137739992856183,-45.41838243448297,9.04970777836632
16.27,29.63211956101133,-46.548507806102684,8.229259538898143
16.28,28.09415975138684,-47.08319476382861,7.39918544673668
16.29,26.27963513670884,-48.15068712663158,6.556962407253372
16.3,24.701191560036968,-48.59450742587843,5.800841821066748
16.31,23.15758119237985,-49.075011190061254,4.812874215005259
16.32,21.349842362948973,-49.86034549707133,4.005304451309242
16.330000000000002,19.36616266680651,-50.34921423176677,3.326658438385447
16.34,17.485452662881528,-50.61047928350219,2.541774769006578
16.35,15.772021823328327,-51.02364816423045,1.5860797733523326
16.36,13.748060475063605,-51.28393544470146,1.2557654989232727
16.37,11.886592835617991,-51.74662485455646,0.3160828571490091
16.38,9.735900503638268,-51.87836327096032,-0.34639918764651845
16.39,7.519452955822757,-52.12375582718225,-0.9951378589899946
16.4,5.380493972707454,-52.16971637418673,-1.7671158874900708
16.41,3.5186497112760877,-51.87148724794377,-2.241217026294075
16.42,1.1255061932915624,-51.98543749959628,-2.9305589871774034
16.43,-0.9973429492518592,-51.74790281925045,-3.5540308343651716
16.44,-3.2731270239168846,-51.51663766084092,-3.8938329506179454
16.45,-5.398490026679947,-51.149804232281184,-4.371510574862412
16.46,-7.925179461722759,-50.8956245525664,-4.893534387777008
16.47,-9.936332375771569,-50.255098381544556,-4.9732272976747645
16.48,-12.051277140468892,-49.77215489066398,-5.209883044566946
16.490000000000002,-14.434922891101259,-48.95002913494106,-5.628801719748951
16.5,-16.397926683244233,-48.252790293466084,-5.835416173956909
16.51,-18.73966580095998,-47.459857822347985,-5.995592501277369
16.52,-20.800712835759555,-46.38680211554744,-6.037468403807277
16.53,-22.91662658076566,-45.23663704438,-6.028845739412433
16.54,-25.04603631948418,-44.495041908616145,-5.991837920383228
16.55,-27.157803585636568,-43.28028825436927,-6.0336712611989896
16.56,-29.009874039994457,-42.015830853077325,-5.85766483861191
16.57,-31.120405503952057,-40.86721939987801,-5.701762652822977
16.580000000000002,-32.92511110429579,-39.424683580180336,-5.443669833870441
16.59,-34.432935868083554,-37.629911041457845,-5.147242882535883
16.6,-36.445983203457466,-36.3658864318719,-4.854614025102846
16.61,-37.91035176961438,-34.910573233806105,-4.290745342559135
16.62,-39.74675683851401,-33.037200288156974,-3.8211172480811064
16.63,-41.13388231896301,-31.096166235500203,-3.2203498317893153
16.64,-42.48140121796124,-29.724842196422138,-2.6559023587150903
16.65,-44.009690123475444,-27.514023022579767,-2.027349318167427
16.66,-44.76717672399748,-25.92463860995104,-1.3032872003335478
16.67,-46.0425391137128,-24.08599037191584,-0.6226464172239287
16.68,-47.13024631719012,-22.08557164136924,0.35127993618085185
16.69,-47.90885773292878,-20.04404761914514,0.9580950367591006
16.7,-48.639874565574495,-17.990053541183855,1.9620209553477699
16.71,-49.20925847136143,-16.06017228658897,3.0169084627503855
16.72,-49.80101555846027,-14.180069535280564,3.894905302900806
16.73,-50.19600415578296,-11.755457517377263,4.943011521151013
16.740000000000002,-50.435509463596624,-9.896457822153588,5.860504295374883
16.75,-50.57521263638952,-7.814435091462008,7.322338536809601
16.76,-50.384118922604934,-5.8669627547494345,8.215438283233977
16.77,-50.2367812111156,-3.8774410889233177,9.410562991570355
16.78,-50.027069492286124,-1.6102407380917239,10.905628953144111
16.79,-49.701829837212124,0.07959191418650066,12.183149494968449
16.8,-49.111446160869974,2.3515462960833164,13.368608220822015
16.81,-48.468108265616756,4.044800258778613,14.584990938040386
16.82,-47.63499930860907,6.040362630202951,16.12316587174324
16.830000000000002,-46.650522726469866,7.9849531677468475,17.397512768603217
16.84,-45.701968021579916,9.700464509276788,18.6168290707029
16.85,-44.49184828133265,11.327031000948702,20.109734920641888
16.86,-43.32818277350531,12.805631514491733,21.223749541536353
16.87,-42.040956267530994,14.656081634554331,22.67059412388576
16.88,-40.49045742907246,16.252051672440608,24.098647746738816
16.89,-38.69175123270117,17.478944016382133,25.41965885111888
16.9,-37.03312786781169,19.044719863695477,26.79321038409773
16.91,-35.37165962914145,20.34549650395483,28.007584185010295
16.92,-33.556372011869364,21.506445786987936,29.359868593924705
16.93,-31.519801409371222,22.51703203476405,30.540801846908646
16.94,-29.558380226195407,23.638081508092785,31.881690165548648
16.95,-27.54694220751444,24.40588091853236,33.091256689197
16.96,-25.32966204172763,25.266800732414257,34.274113718312925
16.97,-22.848933961379384,26.021748657714483,35.363469741752844
16.98,-20.669259801633217,26.726363177668237,36.56110275153316
16.990000000000002,-18.21615116247964,27.05891636771099,37.58790727500501
17.0,-15.80711018261389,27.3825682342902,38.531220397127676
17.01,-13.354199421634638,27.53899548728345,39.4818186208061
17.02,-10.989190307187878,27.830329404555783,40.43015421289263
17.03,-8.361173182339444,28.002213981553762,41.35981300107922
17.04,-5.871936991482911,27.832094951590676,42.08832887458725
17.05,-3.3048040901665288,27.816772660504412,42.79621382720404
17.06,-0.9214786814232642,27.722880318902114,43.620642729010875
17.07,1.7455496198342841,27.437348108687743,44.01933710445032
17.080000000000002,4.508143140245877,26.947788852358112,44.839899321646634
17.09,6.739920500824274,26.459965632916937,45.166448103153165
17.1,9.360810935924333,25.662628588429367,45.78941489571301
17.11,11.722281982377947,24.969030017563046,45.96794413298452
17.12,14.004132304654162,24.04259179847029,46.20680631780229
17.13,16.684360222044806,23.176249749838483,46.31745245007929
17.14,18.886953551305286,22.067851085924133,46.57113249394098
17.150000000000002,20.932546387657194,21.16746027918732,46.599756481056126
17.16,23.153937857848263,19.83575943477978,46.405065091991055
17.17,25.423905882740097,18.64947233059514,46.11972344291674
17.18,27.414223534536365,17.34300982775582,46.23611654601116
17.19,29.42848245611901,15.893650276285214,46.09136551371927
17.2,31.420242885961354,14.557310227082398,45.719964525074445
17.21,33.30967379903389,13.397897541026751,45.540821825527445
17.22,35.07912833859276,11.748917456623486,44.85616396889822
17.23,36.71577122429761,10.112174597265913,44.34292920970437
17.240000000000002,38.346396731366774,8.615719837101334,43.85425687268128
17.25,39.9821491565771,6.8477432975741515,43.14614839917581
17.26,41.231726132435455,5.328723770185823,42.3657701136387
17.27,42.70362313110375,3.6790928521880564,41.62653595316587
17.28,43.8797252921152,1.8115221913467252,40.7921991927048
17.29,44.991887697623795,0.1494050778785407,39.82450243688248
17.3,46.0294325829953,-1.5529933787416081,38.94866242988691
17.31,47.06280808064958,-3.274702892283198,37.88229082778277
17.32,47.87263982708878,-5.16008994480081,36.57564115361606
17.330000000000002,48.65985782382997,-6.914320472743605,35.687117582563125
17.34,49.32550975358536,-8.547405889532772,34.38633141265558
17.35,49.906657532807394,-10.247897273922991,33.32858195701578
17.36,50.507139534865104,-11.858254117874745,32.08882939877801
17.37,50.9565981728622,-13.744980487539502,30.740003059248473
17.38,51.46650413702418,-15.3407107200647,29.204354718133423
17.39,51.33643350743008,-16.876067042334316,28.019704317793593
17.400000000000002,51.53771227810228,-18.55411545775958,26.59523440970999
17.41,51.74589159458777,-20.06743957871868,25.09217149163762
17.42,51.56626253857096,-21.788178337983208,23.795085245931617
17.43,51.47149966036549,-23.11768896235286,22.190677605821914
17.44,51.104686700555725,-24.565466862867105,20.704105133616846
17.45,50.913018718145445,-25.844811600799463,19.082079342122434
17.46,50.568265832429965,-27.434502324340244,17.63827012631333
17.47,50.01567965238304,-28.572663610982158,16.007513397875858
17.48,49.621940668711375,-29.957348842200332,14.382225889984008
17.490000000000002,49.20786088496261,-30.92361132837054,13.092772746043204
17.5,48.59355523425109,-32.30540287912155,11.337298063265932
17.51,47.883803667894014,-33.354325907317936,9.522984384980585
17.52,47.125974540439344,-34.30243490366591,8.184193184524961
17.53,46.27718264667145,-35.277586791383214,6.418478235491482
17.54,45.46080192196807,-36.3107040526883,5.049922136230013
17.55,44.596176836151926,-37.02768793065382,3.3256470900831467
17.56,43.757174901752265,-37.8114374114986,1.8552788908075764
17.57,42.65386385750575,-38.71190464820801,0.2874211320655635
17.580000000000002,41.72470105241915,-39.45220692122902,-1.141353350777755
17.59,40.654540173770755,-39.81544915820308,-2.819635449641469
17.6,39.605705974703476,-40.6343164183019,-4.271593610187995
17.61,38.4368100699861,-41.10310332421818,-5.881192788389389
17.62,37.15715451759532,-41.40215421783561,-7.443302605276929
17.63,36.10258987298302,-41.95681309403353,-9.035209506028576
17.64,35.119152244825464,-42.25616079944975,-10.112884970121168
17.650000000000002,33.8060624210311,-42.496342568579024,-11.61478450652693
17.66,32.746967461720885,-42.87400170396466,-12.950745728922621
17.67,31.541303329470914,-42.973596511429555,-14.486715202256113
17.68,30.203874788385576,-43.142131077251534,-15.92986448551491
17.69,28.98671268710286,-43.21264890135879,-16.887535815582304
17.7,27.96329512798167,-43.0844100261235,-18.341747929443745
17.71,26.698145221987414,-43.29868096558243,-19.590136462604573
17.72,24.971397600740186,-43.20023055760326,-20.972690529017704
17.73,24.040341625300716,-43.05430907273936,-22.19392441942601
17.740000000000002,22.580204129047388,-42.78019094663875,-23.047032591345967
17.75,21.482508788535146,-42.651114796963334,-24.409674176018292
17.76,20.170963184300202,-42.6601338416844,-25.555080654664582
17.77,19.187965506530464,-42.10263481967641,-26.440278658881674
17.78,17.89562891093752,-41.78295482604963,-27.690424876420757
17.79,16.459833115639416,-41.69475864995647,-28.68493808348582
17.8,15.208165590671305,-41.16578960357066,-29.441874445713108
17.81,14.002101084720138,-40.98500983231016,-30.60683890718753
17.82,12.795631448108681,-40.33396684472617,-31.27505370412168
17.830000000000002,11.691960550123062,-40.03802226918531,-31.99044983103052
17.84,10.541786128890422,-39.326389242637866,-32.78012282732774
17.85,9.174251160726909,-39.093318565688996,-33.69723602915902
17.86,8.36206043528904,-38.50065598295623,-34.55533205503067
17.87,7.068607311217308,-38.02185207606194,-35.10113534725051
17.88,5.882924568971582,-37.40765929285721,-35.90744236034424
17.89,4.565420689188289,-36.973977765971284,-36.55024009420558
17.900000000000002,3.788383337574659,-36.26774354274832,-37.08240334241068
17.91,2.6530495089564567,-35.67634536304777,-37.558136107592354
17.92,1.399551280723628,-34.933484468925684,-38.18567316579281
17.93,0.4748872065845386,-34.67262250505127,-38.935109491525374
17.94,-0.5550728907416835,-33.80362503773521,-39.2499719205068
17.95,-1.5950502115758043,-33.13266778024995,-39.73328345835688
17.96,-2.509891783165974,-32.484220915544554,-39.799799029773816
17.97,-3.567678017778941,-31.91537188966288,-40.248214828162915
17.98,-4.745688875653646,-31.21256109450461,-40.67162360600236
17.990000000000002,-5.564003208705528,-30.52153330950294,-40.9143591566671
18.0,-6.418611419291023,-30.08499968431601,-41.201730547811785
18.01,-7.277808158859099,-29.269417348912746,-41.44202087587681
18.02,-8.147906527219867,-28.86715099630356,-41.6093692666963
18.03,-9.066838813201203,-28.030315733884862,-42.07731012416781
18.04,-10.245967655814745,-27.366643938057297,-42.20906775970526
18.05,-10.826880260033239,-26.77617273593294,-42.137474665868524
18.06,-11.734083858509672,-26.310672192669863,-42.19496853252508
18.07,-12.724665405220485,-25.698455023139775,-42.38521267305477
18.080000000000002,-13.42530225738487,-25.220537164568697,-42.19941042229677
18.09,-14.106729388015387,-24.50804673625527,-42.425638651607905
18.1,-14.926049246331257,-24.14359260321844,-42.33176066565698
18.11,-15.722605381971178,-23.3661855972775,-42.47880989237128
18.12,-16.477506083288404,-22.925249052518566,-42.13732462924305
18.13,-17.14059711818406,-22.61059447370865,-42.15975114659314
18.14,-18.038119881908976,-22.234276942004882,-42.252989931297115
18.150000000000002,-18.798348807328537,-21.534432347014565,-42.04023188297394
18.16,-19.37729203003118,-21.334454699335616,-42.024687577496216
18.17,-20.111725567245212,-21.071345807278256,-41.64557260809186
18.18,-20.767182896606865,-20.38981355642256,-41.71719063951132
18.19,-21.250672072812296,-20.17070310853129,-41.51453289379091
18.2,-21.816412779301764,-19.72069407621104,-41.32365461761909
18.21,-22.650545759303323,-19.401753874697317,-40.93017718357196
18.22,-23.133075222866754,-19.076270340913002,-40.650447871629964
18.23,-23.8136862497611,-18.986141164360905,-40.55526557917362
18.240000000000002,-24.486442708767708,-18.55639341873487,-40.39588547110383
18.25,-24.982081578317448,-18.35565020773775,-39.82748047030528
18.26,-25.36968067016447,-18.311851998192747,-39.8681476417783
18.27,-25.796958163085357,-18.08922837193149,-39.377397342099215
18.28,-26.3744155271986,-18.03039337334428,-39.327757376228156
18.29,-26.939180758293972,-17.830470011501824,-38.92494131231124
18.3,-27.427691106695463,-17.777266812914522,-38.73031899726128
18.31,-27.77358082572748,-17.6757293149857,-38.30174429228118
18.32,-27.938929041297154,-18.04041854184345,-38.07862852359805
18.330000000000002,-28.733008124484037,-17.819491051218243,-37.51335109522811
18.34,-28.871620961005874,-17.549627295204118,-37.3832792378028
18.35,-29.134075730050057,-17.953822983220736,-37.270935160626905
18.36,-29.66770281801626,-18.005717661360965,-36.97328495212126
18.37,-29.919752836518374,-18.144940400449368,-36.6750746093258
18.38,-30.453929031965664,-18.214351373091883,-36.234804987413796
18.39,-30.50030284456002,-18.408788968019604,-36.05458085116573
18.400000000000002,-30.824260919599794,-18.367720630945175,-35.60093639660777
18.41,-30.794572588182213,-18.86103623155514,-35.54185362834138
18.42,-31.177657849074908,-19.123969070621655,-35.13513213212244
18.43,-31.243683744379002,-19.338012545392132,-34.772795624950845
18.44,-31.455121642053925,-19.477967478620485,-34.58764488276755
18.45,-31.450746333624373,-19.918166555439562,-34.35575071273611
18.46,-31.64324936582517,-20.23632400739978,-34.15393045163613
18.47,-31.594844547981335,-20.584334548331228,-33.77483980852215
18.48,-31.62923573612738,-21.045409927677916,-33.49697904296205
18.490000000000002,-31.43139863718071,-21.265732195740846,-33.31879637569887
18.5,-31.441541248461338,-21.704823794488398,-33.10748472566567
18.51,-31.423251043110433,-22.082935979575115,-33.16542271182848
18.52,-31.292918731081812,-22.42489939129286,-32.907583705060595
18.53,-31.14587633796048,-23.164232223394986,-32.89086303212958
18.54,-30.994381798273256,-23.46569512759507,-32.52769693714374
18.55,-30.847823463856482,-23.973763324214783,-32.37156207807227
18.56,-30.51711040237115,-24.4891029011076,-32.35996723177606
18.57,-30.299314142410093,-24.880142576002758,-32.44169361886636
18.580000000000002,-29.848822712133966,-25.530268043972374,-32.165749676859285
18.59,-29.50931472045851,-25.809142204632046,-32.214108507350254
18.6,-29.26734186829406,-26.279210671003263,-32.28827277572887
18.61,-28.786001076464192,-26.97105713044507,-32.163342699964836
18.62,-28.26077992393295,-27.257021296458444,-32.009611722631924
18.63,-27.73922294838827,-27.851111266338705,-32.00858858025248
18.64,-27.56486396199769,-28.359618864259392,-32.25141190475334
18.650000000000002,-26.70923382987398,-28.665250223437475,-32.306950032025696
18.66,-26.279564612711635,-29.09498730094448,-32.43781201100139
18.67,-25.442544285002704,-29.577227610786817,-32.456137658553004
18.68,-24.910692016786548,-30.044716168043355,-32.7506366106567
18.69,-24.284231018914685,-30.45189169427642,-32.934156435327715
18.7,-23.262297918618067,-30.890084308906555,-32.9393363268668
18.71,-22.67127937498761,-31.17211824639563,-33.15428395801927
18.72,-21.751009493821208,-31.44899955538836,-33.259385504683934
18.73,-20.7947445111994,-31.87978652422346,-33.57886947955079
18.740000000000002,-20.08406366996009,-32.34562929766785,-33.72626722622956
18.75,-19.151570168010903,-32.47470878294215,-34.12982914910786
18.76,-18.184393291347494,-32.75070179183203,-34.433331589745755
18.77,-17.134114878918467,-33.28676280128366,-34.47526950188394
18.78,-16.279576283634775,-33.30438285032668,-34.73308878797676
18.79,-15.24435001557813,-33.53454549444249,-35.193667196101195
18.8,-14.254124471137631,-33.81501863825866,-35.68840318849121
18.81,-13.332370292643947,-33.79290269291022,-36.128794843599
18.82,-12.139235814288192,-33.732732206547425,-36.321771734153145
18.830000000000002,-10.934965059474965,-33.79081994077716,-36.57925380242794
18.84,-10.0734405479042,-33.764183452634775,-37.10522732143378
18.85,-9.04761075177742,-33.72948941188617,-37.429376297294496
18.86,-7.702548407179554,-33.5556179606207,-37.954911067660845
18.87,-6.791523696890333,-33.39915428079345,-38.19963313405152
18.88,-5.607257526305913,-33.15909206117309,-38.79759459620771
18.89,-4.579092892409516,-33.175231285127566,-39.006274509249224
18.900000000000002,-3.2732726461304598,-32.774304414712375,-39.60942562228603
18.91,-2.0199124944116,-32.428010276834435,-40.06130289927392
18.92,-1.1528228689628033,-32.313923711301385,-40.41466474304652
18.93,0.13993775145823117,-31.900718375581775,-40.81850759488095
18.94,1.0411863448657868,-31.352546826000545,-41.358053163469336
18.95,2.336991168781182,-30.94650391994901,-41.716609502119425
18.96,3.34692826666467,-30.232281422840614,-42.31385261623297
18.97,4.638532624007983,-29.763687874504413,-42.59627520413762
18.98,5.510776708679833,-29.283372573121643,-43.11906228339312
18.990000000000002,6.5795793239961915,-28.407350271472083,-43.52456147475181
19.0,7.662148688098511,-27.653145323421395,-43.640023876867986
19.01,8.67556038150462,-27.077847239914462,-44.31805193637342
19.02,9.74889985992328,-26.05866900021049,-44.777570496515295
19.03,10.829616948954037,-25.44389649140746,-45.10973818946388
19.04,11.597552446442508,-24.527206931068978,-45.60963636035385
19.05,12.47999025906969,-23.54185894885459,-45.86048388619887
19.06,13.29913609901865,-22.70137037885726,-46.09851862190454
19.07,14.33614551035381,-21.556764221331953,-46.524818095406744
19.080000000000002,15.118039062142616,-20.741160883295013,-46.67121422646278
19.09,15.814846737597842,-19.831121694529262,-46.919352172661796
19.1,16.531070632551614,-18.55699899825563,-47.31369492912934
19.11,17.22086284410357,-17.627345125090915,-47.39469674802405
19.12,17.629573364678922,-16.38586852784794,-47.656222017585456
19.13,18.35051805357054,-15.270392751620927,-47.92495700939682
19.14,18.93755143806452,-14.14170290778421,-48.317155167375816
19.150000000000002,19.37643865482648,-12.740356596558946,-48.39000685820594
19.16,19.98439845785499,-11.866128031826376,-48.59690722520899
19.17,20.334139791835675,-10.575814781547459,-48.82612946592305
19.18,20.908691243025192,-9.299771341750487,-48.8129840892708
19.19,21.13735811709232,-8.20664362608121,-48.90410675272984
19.2,21.400294434820704,-6.927335862803882,-48.85202060795729
19.21,21.58394122065225,-5.812572307264036,-49.10630174168773
19.22,21.819656203782234,-4.407488354998908,-49.258205244917086
19.23,21.959864075838308,-3.146014593343725,-49.22729881121247
19.240000000000002,22.012938465946362,-1.7799115923661275,-49.01389094733796
19.25,21.918560900043552,-0.5409289979130536,-49.150545812437564
19.26,21.967953139414426,0.5771732971757549,-49.05998536195215
19.27,21.857059138063473,1.8326192432827297,-49.0622305493949
19.28,21.844428562883966,2.9297126239148916,-48.853371786000885
19.29,21.494227887907112,3.9925245505056144,-48.71336666965206
19.3,21.64209530295693,5.319313011961952,-48.61037954430033
19.31,21.160913044538404,6.3211940950284085,-48.575508630242346
19.32,21.02651619011239,7.808827425500175,-48.23553567256493
19.330000000000002,20.68628552024812,8.817462853596659,-48.132637615649685
19.34,20.324797253521382,9.953361652804121,-48.06700138039056
19.35,19.86358079069124,11.20503338353398,-47.589451797549714
19.36,19.542624803469057,12.067086982315654,-47.682821123695426
19.37,19.04860197204148,13.13214806022202,-47.28010303439218
19.38,18.66830389555008,14.156839990497105,-47.020049158242365
19.39,17.978874711606494,15.251397994812402,-46.75086857271454
19.400000000000002,17.288162086951665,16.069187568132637,-46.38101473144019
19.41,16.860860425278062,16.999950739172828,-46.164415059257145
19.42,16.296339329743017,18.013185485848783,-45.75295960506942
19.43,15.667671499159527,18.762001136305322,-45.47548242127001
19.44,14.895329903549616,19.94126692316874,-45.10073252491648
19.45,14.317124629299277,20.53937075711017,-44.92882816333949
19.46,13.525914625572266,21.436599534406117,-44.47539568928109
19.47,12.607051093299772,21.895846240796974,-43.95252381692721
19.48,11.924851121940643,22.84719560779375,-43.74237267012396
19.490000000000002,11.28907310857419,23.37308757304008,-43.42664757240708
19.5,10.432705066155114,23.946149968280842,-43.218388138850955
19.51,9.720502322984968,24.526667463683676,-42.73197310200572
19.52,8.88132010074315,25.142635716193663,-42.57989073007662
19.53,8.003452782896668,25.59374924357628,-42.0130949970081
19.54,7.203430978666957,26.396204917802564,-41.62345599221484
19.55,6.304216499595653,26.600356460013984,-41.10941469468527
19.56,5.725285339328394,27.1209015490321,-40.88538569040311
19.57,4.962050198214121,27.67110767240182,-40.46005779082369
19.580000000000002,3.8534379238239986,28.0299462597078,-40.21647172960484
19.59,3.1881979330541017,28.02119282413862,-39.75688206115192
19.6,2.4694401689975276,28.73088856237751,-39.51135956057396
19.61,1.8777612066653797,29.039231225715035,-39.03065110776583
19.62,0.9471144309989941,29.289347388303565,-38.9422642811944
19.63,0.04683697976332887,29.182980015115422,-38.35234879143998
19.64,-0.8267886059315004,29.67159044602645,-38.060861742764224
19.650000000000002,-1.453672266656156,29.918761586537496,-37.56454186295177
19.66,-2.1510873085206135,30.075125013562964,-37.44772476215881
19.67,-2.897740681572214,30.211416378799658,-37.18953598044166
19.68,-3.555708971357249,30.308625239254894,-36.87694223868118
19.69,-4.14427930491984,30.50439865570628,-36.911244966534454
19.7,-4.960035580221376,30.530767780212383,-36.34089196331235
19.71,-5.460847387243056,30.62456778818945,-36.27337853846844
19.72,-6.383964476360866,30.768152110099184,-35.93458379460782
19.73,-6.578870287312291,30.69075819512582,-35.564741169225734
19.740000000000002,-7.3697675447855335,30.60806127488996,-35.44071187310246
19.75,-7.907003355205457,30.547600495935026,-35.347277744395015
19.76,-8.412733034857723,30.558879024399985,-35.08203034003767
19.77,-9.166314484325001,30.72757441083297,-34.93681507337158
19.78,-9.675796806531782,30.503026886065566,-34.610879367155356
19.79,-9.940477621449404,30.804889375967544,-34.54110336475899
19.8,-10.57524559890404,30.515474494126977,-34.586904746310324
19.81,-10.997943478956062,30.63777494204911,-34.233709580027224
19.82,-11.37939810432249,30.518457215399852,-34.250003112635284
19.830000000000002,-11.85569149346108,30.496090311804057,-33.977469425821866
19.84,-12.03971467613349,30.40546467743034,-33.68308879447158
19.85,-12.690164931874135,30.303023483754707,-33.95163614511412
19.86,-12.550928563382984,30.284911427833443,-33.74916499315976
19.87,-12.963650311726239,30.125680141798526,-33.684305399992915
19.88,-13.125113500455555,30.328018575276946,-33.633416230560314
19.89,-13.371165713685562,29.967209656869773,-33.74714011983162
19.900000000000002,-13.688493359809522,29.81222100050456,-33.5683358946672
19.91,-13.894923536362361,29.896456012372592,-33.53446270924851
19.92,-14.023848296227923,29.757816159497718,-33.52269981637224
19.93,-14.301996346341205,29.744746053863327,-33.563025104858056
19.94,-14.427016223551586,29.641197744699245,-33.40453604034242
19.95,-14.157285887575535,29.714144790512737,-33.4954743855766
19.96,-14.205374382411598,29.597365262449333,-33.5210268075457
19.97,-14.235353142603632,29.64604023099423,-33.62331640631837
19.98,-14.185318451262141,29.65788121355105,-33.67155614644853
19.990000000000002,-14.178976005384923,29.748572569094087,-33.6476564612964
20.0,-14.090651259455862,29.73025166851045,-33.751288135503195
20.01,-13.970325505124864,29.75069911856724,-33.64110949153955
20.02,-13.946728143687313,29.81243436847366,-33.83790357791241
20.03,-13.691475716980637,29.946412307670613,-33.85037686608437
20.04,-13.517894848174368,29.78172937644524,-33.80351772444514
20.05,-13.277980720998936,29.77702225130146,-33.915299342461985
20.06,-13.03920335848904,29.894404767699875,-34.046771441545914
20.07,-12.507575148173203,29.97186256630586,-34.07473668481868
20.080000000000002,-12.485119862088215,30.077824845651378,-33.94395432513583
20.09,-12.003709096044227,30.33175459713594,-33.974194197326675
20.1,-11.798030761501025,30.290209185631007,-34.25391448990624
20.11,-11.489875197065004,30.485599944465537,-34.29408147033095
20.12,-10.942851075581054,30.604517011103265,-34.31326852581614
20.13,-10.598645187184855,30.54710891931955,-34.25388165019013
20.14,-10.02729194811212,30.863347627481414,-34.22649558498059
20.150000000000002,-9.48124396942477,31.210887068580547,-34.338981964421386
20.16,-9.1018608963297,31.169453670411617,-34.25056975672708
20.17,-8.366133647293179,31.288248491655857,-34.5202545129799
20.18,-7.783423185384442,31.510915193342754,-34.39673568624165
20.19,-7.451765065489746,31.72550240010382,-34.45731454998692
20.2,-6.688641820526441,31.788899566279348,-34.400746640938685
20.21,-6.0637962850803815,32.05045330278799,-34.637162902979135
20.22,-5.040975362531757,32.34506472933127,-34.40211383938017
20.23,-4.524715537089342,32.56545490531972,-34.45082108261543
20.240000000000002,-3.902893016315055,32.58484082378314,-34.37840886059483
20.25,-2.956199007988876,32.93187474443771,-34.213925007593005
20.26,-2.3834553804881664,33.211559504326914,-34.275327195764014
20.27,-1.3057895212051622,33.44962733335104,-34.256736356343986
20.28,-0.3068410667153503,33.47541128955046,-34.06157496052741
20.29,0.4525880398490193,33.71993413659813,-33.90302865821839
20.3,1.3211772914841546,34.06204701544802,-33.75179021995624
20.31,2.364629082583823,34.13043025456013,-33.74833107426358
20.32,3.1589079091323167,34.49434184535375,-33.6659190246831
20.330000000000002,4.256893154847195,34.67447121567094,-33.388906862382406
20.34,5.242221456730384,34.684967305983406,-33.098642725436434
20.35,6.221934834969871,34.92786008076521,-32.893070511637745
20.36,7.297600554115583,35.256629902055955,-32.621667777910126
20.37,8.476842843365235,35.16444715722052,-32.605807801473844
20.38,9.5895542552479,35.539017160177956,-32.146513528351264
20.39,10.71879328724987,35.581768475430586,-31.756489304222818
20.400000000000002,12.083363203436178,35.79744615674945,-31.45757579790152
20.41,13.27350179097396,35.9248396680621,-31.21271445146147
20.42,14.463450356245469,36.14957938083685,-30.583721002807
20.43,15.70231974667194,36.04423742784799,-30.385341946126648
20.44,16.843262118220686,36.010222106849184,-30.037122030958507
20.45,18.15373447905748,36.211825215836384,-29.267014115701926
20.46,19.33969092007472,36.24783449723009,-28.87269357836261
20.47,20.619142764082433,36.20113978988338,-28.497201032290683
20.48,21.95527503404705,36.29045141391797,-27.79607928327665
20.490000000000002,23.19406108027093,36.082584484988246,-27.500763606142357
20.5,24.585156162001468,36.032032559323135,-26.74584314210727
20.51,25.84641565587171,35.810853569274464,-26.244115011825766
20.52,27.524599081068395,35.755983566091466,-25.442343634642967
20.53,28.709892870451597,35.594793704021654,-24.89623493247475
20.54,30.07107975117061,35.17405073270518,-24.19511874564778
20.55,31.539851691424747,35.07915898872094,-23.30452980142303
20.56,32.82869800796043,34.779619737371455,-22.46738879188717
20.57,34.12673214707579,34.46294145886188,-21.840982923950378
20.580000000000002,35.55513960269388,34.163304901340396,-21.02132366744552
20.59,36.94411926652361,33.7063535721769,-20.223000434372675
20.6,38.23586215347265,33.235823438846204,-19.044393203921405
20.61,39.5341056672379,32.464161535643036,-18.2720981654348
20.62,40.758312135688776,32.11718932633856,-17.309888136989684
20.63,42.22170178553923,31.52303727551923,-16.337613942529316
20.64,43.60793953193198,30.945406050367545,-15.46052315654785
20.650000000000002,44.91976900016486,30.191846197012303,-14.352239726158075
20.66,45.86609278260335,29.303291718188454,-13.289683671468676
20.67,47.36961746985586,28.785988788925476,-12.280469847796374
20.68,48.36661277336494,27.86054939337121,-10.922696615567544
20.69,49.36366919151688,27.15930648564327,-9.539359735541387
20.7,50.53297537654398,26.251368918375906,-8.676318356116077
20.71,51.59775316179717,25.296841822890286,-7.501246210460265
20.72,52.468078389618476,24.231087270807848,-6.277446021258311
20.73,53.442975335114916,23.136613143718154,-4.942977223093314
20.740000000000002,54.5585158825568,22.01838934867336,-3.5936521272630895
20.75,55.23721621757328,20.97224207577692,-2.1597211260780993
20.76,56.016303192109035,19.653451636518174,-0.978042871923246
20.77,56.82378814655099,18.51279399249713,0.2925599729870869
20.78,57.52098714943455,17.288331319095764,1.7076523634229333
20.79,57.91297318980194,16.072553698598142,3.021855323241499
20.8,58.43939694730158,14.598754946431722,4.384949423399543
20.81,59.00596472846165,13.274040432547077,5.653350006107806
20.82,59.204758059588535,12.001660655139656,6.9982764079461335
20.830000000000002,59.77280900820314,10.42157149448126,8.58072925772316
20.84,59.60360295015144,8.87314707714832,9.96962710801618
20.85,59.8481178336004,7.387598531584771,11.412141154331849
20.86,59.66046243628972,5.975004946480085,12.808176259709198
20.87,59.78160303181494,4.265185096322861,14.071886339269764
20.88,59.5544319603616,2.9999875463558956,15.551082800316125
20.89,59.2357684034045,1.395328821317826,17.00853477667738
20.900000000000002,58.87594809316772,-0.10798871544326757,18.18870954848685
20.91,58.420913829472696,-1.8227384219913803,19.81326811428613
20.92,57.91249518315577,-3.554989639463396,20.949918620193404
20.93,57.10745427872902,-4.890645458411376,22.425830078398025
20.94,56.28755435094566,-6.408131442881575,23.909198792651388
20.95,55.35783111781288,-8.144494119012535,25.020458339570673
20.96,54.6367781022033,-9.649401623611848,26.31918694952182
20.97,53.675905743658376,-11.082237529806264,27.884165274190263
20.98,52.46886603116141,-12.886076714938724,29.002688246063038
20.990000000000002,51.28058352765509,-14.325102328326386,30.281979266077027
21.0,49.79953751973646,-15.674881634646274,31.195710373405973
21.01,48.260400096811466,-17.24497982848222,32.329936865491156
21.02,46.54007924460758,-18.58352643626881,33.460939534112526
21.03,44.96280898118335,-19.966975630136236,34.62938446831225
21.04,43.18633955638532,-21.183388672259056,35.70008543874777
21.05,41.60599000423619,-22.499775885675692,36.48218099734154
21.06,39.67666838958949,-23.536129407632508,37.459163432999866
21.07,37.45563716470044,-24.877361804549352,38.42667745411632
21.080000000000002,35.41917574037248,-26.04298214099515,39.117636451724096
21.09,33.364781458071896,-26.971049014629777,40.11601084213079
21.1,31.09354870264218,-27.790173137137963,40.91512112227831
21.11,28.994675150771997,-28.849357468884683,41.47285194982519
21.12,26.54227212518957,-29.400080940237412,42.03881721007215
21.13,24.116716682846317,-30.13433313817579,42.764421739619195
21.14,21.857645943271077,-30.958811241567602,43.2516172892485
21.150000000000002,19.367504862795144,-31.5520290928148,43.609746224044976
21.16,16.826701296920792,-31.943298304171226,44.03185384226817
21.17,14.243021854352648,-32.26066637824815,44.34773156292497
21.18,11.713394923118646,-32.254493377640166,44.559938495313816
21.19,9.007905498972976,-32.706050338676974,44.737659937033975
21.2,6.355170819863796,-32.61856463968252,44.93068653326278
21.21,3.8800069820924445,-32.60175394663093,44.990830648593224
21.22,1.3907472023759402,-32.44742569696921,45.22888794865456
21.23,-1.307091289596852,-32.42433676279908,44.99443641712416
21.240000000000002,-3.922812906539556,-31.953676087917486,44.98044405702187
21.25,-6.420685015632639,-31.63498181966456,44.76616060458256
21.26,-8.887341667998507,-31.123652414068594,44.285652412919276
21.27,-11.57519500393622,-30.49700855402274,44.11148754730502
21.28,-13.884570727029072,-29.819767413282293,43.660023237886506
21.29,-16.398614507458294,-29.252188372002028,43.258655925520685
21.3,-18.54029347960256,-27.975914675081558,42.7644537935759
21.31,-20.755194233830494,-26.9931430287683,42.17945332594408
21.32,-23.014026591244473,-25.9749940565076,41.69316661626643
21.330000000000002,-25.36326862918574,-24.874720768951587,41.04084471678465
21.34,-27.44191112341599,-23.655816480302402,40.14474044644758
21.35,-29.33430625734369,-22.517165351428392,39.518985847440106
21.36,-31.108147821210764,-20.91822023513872,38.42829652743601
21.37,-33.070309944188445,-19.218564444311404,37.64243335484341
21.38,-34.40964997284073,-17.794352044703672,36.805740079394766
21.39,-36.05124075204555,-16.448891444249078,35.97482934755713
21.400000000000002,-37.58495394634015,-14.398146281094718,34.76927505124221
21.41,-38.743612525736054,-12.809408853204394,33.66382072695489
21.42,-40.09788787794023,-11.007008605462289,32.7466888209574
21.43,-41.14045375827708,-9.052622642912736,31.723594578162647
21.44,-42.31594745548674,-7.291540939978858,30.63221534251235
21.45,-43.22406858112119,-5.547307719932226,29.273181067499337
21.46,-43.70726882539328,-3.4891460183371663,28.093202047232076
21.47,-44.49279222201294,-1.714833707742333,26.79682861222983
21.48,-44.97065671249834,0.1572152152571229,25.795655381270887
21.490000000000002,-45.2354197075642,2.1322190107262102,24.582394660748065
21.5,-45.54113777670709,4.40794750067994,23.12381128821875
21.51,-45.499638295129465,6.2357566917192635,21.830286830528014
21.52,-45.390448187242995,8.112427068323715,20.64431104276981
21.53,-45.43490038189071,10.128216831103247,19.400285476233687
21.54,-45.00236482481186,12.038381950763746,18.039593702767373
21.55,-44.62839207098547,13.999506531320026,16.92689853345786
21.56,-44.00074514910209,15.937458277030004,15.578914255790608
21.57,-43.473967327783065,17.898081338492563,14.285420775181262
21.580000000000002,-42.54714077171067,19.598805269347753,13.126434633226124
21.59,-41.783282970198506,21.59039575844349,11.763823332346833
21.6,-40.785605796703585,23.255747295555317,10.549000757943032
21.61,-39.643967794649285,24.943983997809887,9.433633653616718
21.62,-38.36502544640392,26.552478581696636,8.155098362405973
21.63,-36.998985200070294,28.129079142401014,7.084062599910183
21.64,-35.606875540770154,29.712428872632834,5.6954228864433905
21.650000000000002,-34.23929434676878,31.18696323041537,4.505631024667818
21.66,-32.565764307933826,32.79990921764427,3.5806647068021857
21.67,-31.308996324962855,33.91415200661976,2.521767790986863
21.68,-29.153427861235045,35.199651776627476,1.4270398856356379
21.69,-27.53148729420805,36.583645635392244,0.3651767059032165
21.7,-25.65814611115558,37.760643035171924,-0.335982394329676
21.71,-23.758516625439775,38.7529059624349,-1.438948860618554
21.72,-21.602741351786353,39.64584117957236,-2.449512372899128
21.73,-19.83726131653222,40.65053953269365,-3.301635728797301
21.740000000000002,-17.721014907890112,41.4713925109149,-3.9319285864459235
21.75,-15.853704757047575,42.282844233801924,-4.709884842881432
21.76,-13.533434313738407,42.982838628861536,-5.6899328252326935
21.77,-11.143128008286416,43.58927115926565,-6.279143218384231
21.78,-9.289748239947203,44.080054219416915,-7.014010611985847
21.79,-7.086802404677285,44.208854816522724,-7.6839262845886935
21.8,-4.806381194179566,44.72808172147121,-8.295545103446313
21.81,-2.626028720526991,45.083930218188975,-8.851240782253091
21.82,-0.2569462118432382,45.193516079609594,-9.226788642957386
21.830000000000002,1.7451196423156745,45.46850698992222,-9.777461760352226
21.84,4.033281612896103,45.42370295558327,-10.335890230449513
21.85,6.103703315771488,45.38155714213149,-10.615685314404505
21.86,8.285403119126006,45.33178379191892,-10.993068881729144
21.87,10.455677274036516,45.13011340949029,-11.236445367824013
21.88,12.63248073716028,44.95690323231045,-11.45442823821579
21.89,14.55674785621228,44.58820994654672,-11.851627231328377
21.900000000000002,16.78943710508698,44.418135658767724,-12.096967596044731
21.91,18.582748251308345,43.86235136416838,-11.8800321054515
21.92,20.66402950013618,43.363817698152715,-12.034317453790122
21.93,22.70198681685087,42.96801274998809,-12.282951491982608
21.94,24.550535366645335,42.450326130924374,-12.206632216968718
21.95,26.24946718187878,41.84578310804815,-12.313574503390475
21.96,28.171012760380496,40.990039048769155,-12.228815595887985
21.97,29.854117450011408,40.36341015456372,-12.127796447798083
21.98,31.550127653974112,39.54492755202991,-12.168053197377967
21.990000000000002,33.47945222379685,38.832689024562846,-12.055026734673266
22.0,34.964280071955486,37.978685768368976,-12.13805741807425
22.01,36.403007626794015,37.32864507960488,-11.740763006672474
22.02,37.88827846853036,36.514854390301885,-11.598063905219165
22.03,39.36891070518797,35.59919452163281,-11.378466758143931
22.04,40.66438924631965,34.55480999844194,-11.178153980511887
22.05,42.16547603958465,33.76296124105726,-10.92224337754473
22.06,43.410353859976034,32.8028658880297,-10.501350853434985
22.07,44.57661498487046,31.91323590186854,-10.440218219346843
22.080000000000002,45.71580121104717,31.0007574694735,-10.004076177985791
22.09,46.8506525828565,29.83373676790288,-9.751754938523359
22.1,47.91478514257128,28.96588024255215,-9.321709527971827
22.11,49.0178520684072,27.742858610244962,-9.016689478297476
22.12,49.94308334916451,26.804925700223993,-8.419917839711182
22.13,50.65189647034263,25.874601272906933,-7.987010603985869
22.14,51.697220487566575,24.934024540720458,-7.638966378562786
22.150000000000002,52.58311196392467,24.02360796617187,-7.16523505586835
22.16,53.0507344616085,23.049505255899774,-6.9756786980807775
22.17,53.904262632728745,22.145555138873295,-6.426682085733066
22.18,54.708191292527516,21.134803439812508,-6.039776429162623
22.19,55.102170259845515,20.296451190978125,-5.484958942733696
22.2,55.65017203150984,19.304133903081826,-5.193062136121234
22.21,56.29325513471928,18.54608846442603,-4.514868367010417
22.22,56.80236219867804,17.59640645671037,-4.012707370306964
22.23,57.137022590694755,16.78278454006332,-3.576647857130495
22.240000000000002,57.956836300954464,15.94821355356107,-2.9728880205399792
22.25,58.02820928167165,14.930583108959931,-2.55558603903208
22.26,58.54184127317187,14.343166177705623,-2.0463449338888777
22.27,58.82775449343637,13.344941025529366,-1.5096055052220136
22.28,58.999148456174744,12.686419427348001,-1.2888513520255187
22.29,59.57540740209687,11.95453106910204,-0.2647112753276003
22.3,59.66279309306058,11.247220705667562,0.035219180633270106
22.31,59.651108233643214,10.745792066071683,0.41583477683267234
22.32,60.243826775221606,10.217962976981047,0.7940571022182874
22.330000000000002,60.19476646977466,9.555927559642852,1.368618327058765
22.34,60.20037647155385,8.748200559101576,1.8621680044930629
22.35,60.497099987974266,8.298548842283443,2.2461686751144945
22.36,60.56591455226386,7.8764718872250095,2.670867938055962
22.37,60.71920998558298,7.418067107010496,3.487430838646549
22.38,60.7656736616042,7.003506193569762,3.8422362063257043
22.39,60.81395097737703,6.427236489379277,4.054313081025569
22.400000000000002,60.92927215243264,6.088242181613457,4.66345097315814
22.41,60.841044768880835,5.862529410855245,5.325825966945046
22.42,60.96884531402195,5.3858063920031976,5.709434508042184
22.43,60.945940636679325,5.096215985156581,6.251472197847398
22.44,60.84569197533677,4.793426257131288,6.551885261446777
22.45,61.04561059727212,4.820718826520887,6.870509392322646
22.46,60.81623994526718,4.433336935514192,7.537198349891112
22.47,60.837070470708426,4.231180377770932,7.903014958359538
22.48,60.75771764610798,4.096151534870329,7.924605096236714
22.490000000000002,60.73700602834966,3.8969162628849667,8.584038945197182
22.5,60.76907210586364,4.0218239772136695,9.002800540080962
22.51,60.67610992140356,4.029562421482745,9.156024253485143
22.52,60.621765462157704,4.00901883318558,9.727316023008552
22.53,60.67186992142972,3.942059949790746,10.00635214600411
22.54,60.39372934155351,4.198915943213105,10.165250094394041
22.55,60.326542156044844,4.128604239054356,10.557797269503522
22.56,60.389894773893474,4.26106296765927,10.91376174463508
22.57,60.36032976014661,4.463274052346359,11.221847705869733
22.580000000000002,60.04871277381405,4.737026648778573,11.533010050297245
22.59,60.25198391489626,4.865017308936008,11.471241449782594
22.6,60.02358405772969,5.37729258245747,11.728894496467882
22.61,59.973586548418105,5.456348966329782,12.1379304520968
22.62,59.82876810705926,6.150628000207929,12.191083191464566
22.63,59.733300733592436,6.343926019195245,12.322593771953617
22.64,59.538073019216185,6.770682727911442,12.406607876207135
22.650000000000002,59.69147710158949,7.009959616305488,12.578865648134379
22.66,59.43348422267129,7.398229139470821,13.019371344678184
22.67,59.390178247356985,7.89143462333284,12.888709388666971
22.68,59.288084476138025,8.322127844812012,12.958704083720075
22.69,59.161885076595986,8.983713964480282,12.880955489040533
22.7,58.83520654657172,9.572572783906256,13.165022741129041
22.71,58.73873351795865,10.015035894484232,12.994542018708907
22.72,58.67644803357261,10.775265743429335,13.114957637613617
22.73,58.34480675178828,11.241005257491585,13.020512578921307
22.740000000000002,58.1610734580215,12.10487615639016,13.039879428379328
22.75,57.90455593745817,12.490877623516788,12.81558264503093
22.76,57.70715524618758,13.382360323830436,12.852977973128374
22.77,57.53402649671804,14.14971091747018,12.659131114670558
22.78,57.34822513841911,14.839532121597667,12.417300069274408
22.79,56.9329463124176,15.536945037711954,12.327199002868957
22.8,56.75659423162508,16.351654381387558,12.11066606039163
22.81,56.141208187078185,17.20291573720807,12.035960187953641
22.82,55.818826854166694,17.8370714699722,11.618059007207929
22.830000000000002,55.52430367787109,18.74762168237872,11.440336054003438
22.84,55.098075837483876,19.671616096301005,11.153033722471461
22.85,54.790936404679556,20.34732101565545,10.842046926222364
22.86,54.16362635931361,21.411367142510993,10.299839997387364
22.87,53.90864117398619,22.419742666178337,10.156491631841629
22.88,53.24182926373552,23.038504065167512,9.811527320503538
22.89,52.61269595929487,24.172699046550452,9.286042282198569
22.900000000000002,52.07432944883754,25.059905342977952,8.792857033320377
22.91,51.44996964259819,25.903626474295464,8.40699382703975
22.92,50.84893033238012,27.045535599024646,7.862331456168778
22.93,50.33008038132152,27.626951358577976,7.401928343629168
22.94,49.379141548013365,28.54302089864304,6.946221596577101
22.95,48.46819740262751,29.63895647339454,6.410796913533697
22.96,47.92574502663572,30.491880360166,5.576136393483733
22.97,46.85747596488606,31.37729420316209,4.9449209914066925
22.98,45.79814626578155,32.2635912001145,4.644962333803927
22.990000000000002,44.95736886305717,33.22022250727931,3.766311497193739
23.0,44.04099753781371,33.984554463592794,3.2289489564282596
23.01,43.04948789106624,34.7442141423772,2.5944505391224313
23.02,42.14266376712565,35.8685263040294,1.6077659966113147
23.03,40.78278234779182,36.35408765268912,1.047768512838776
23.04,39.59156283152807,37.3667187644469,0.35223307607882604
23.05,38.37140550720592,38.06736606917037,-0.5636828930041136
23.06,36.88465520012826,38.75240830208168,-1.5712798918603093
23.07,36.00187530990864,39.332705299377785,-2.197132751184204
23.080000000000002,34.309376466625025,40.134630589653234,-2.9094717264508136
23.09,32.84852553270346,40.59696481050685,-3.7600303378828914
23.1,31.407241072784657,41.189493734195246,-4.5348135319700695
23.11,29.934980199938867,41.77181240932732,-5.198813296824783
23.12,28.347549877279445,42.28709493557183,-6.349735432826938
23.13,26.714503813262652,42.599712160420594,-7.033271690108855
23.14,25.21272826769408,43.20698667129502,-7.8300295503699076
23.150000000000002,23.33888250655499,43.44638567950791,-8.69301300626138
23.16,21.511795416902146,43.63367716046988,-9.54699267683738
23.17,19.81249910848573,44.130546659820205,-10.313989699729463
23.18,17.800513190664766,44.18750418321109,-11.297823057160112
23.19,15.982771227998088,44.52437598800834,-12.29833075136106
23.2,14.079983940479746,44.270328719016206,-12.879089869477097
23.21,12.213146713567992,44.23133359308841,-13.718478743661848
23.22,10.262642556838772,44.28943388030562,-14.625289454419326
23.23,8.026075637863068,44.082537303457784,-15.438469201494796
23.240000000000002,6.239640989691823,43.8352982630369,-16.190473140409804
23.25,4.351067785329251,43.55478811129014,-17.06006773968612
23.26,2.1514442952504473,43.1592177107427,-17.618701076343733
23.27,0.04962284655288627,42.583689254744,-18.44823120093791
23.28,-2.070331841732009,42.13141468228403,-19.121219235301545
23.29,-4.030970880396668,41.70895423836418,-19.767949635059857
23.3,-6.2918147078407225,40.92053936432499,-20.3757773354604
23.31,-8.026447960549717,40.109928306462585,-20.755089978849934
23.32,-10.261014409823845,39.16431210603955,-21.3314035702462
23.330000000000002,-12.376640143564407,38.272203307370056,-21.91047478767405
23.34,-14.548685301525762,37.17418210572096,-22.537300897993376
23.35,-16.31493659533999,36.22991954856042,-22.965453987828454
23.36,-18.63295715580095,35.0788435994384,-23.38263778702473
23.37,-20.510991995754107,33.73233484761598,-23.673995020538037
23.38,-22.29980070365992,32.38562586517526,-23.850838628533438
23.39,-24.272300558834605,31.16162104858991,-24.19075439609647
23.400000000000002,-26.196098207544846,29.566580338918563,-24.283474801658414
23.41,-27.98183456891621,28.145752876236138,-24.690398283886754
23.42,-29.663510930459257,26.384441981020153,-24.64321560535484
23.43,-31.474675646891153,24.874615602404067,-24.644507415690104
23.44,-32.951380712745646,23.158610710358907,-24.78842332240401
23.45,-34.44900040946957,21.086425718799884,-24.59064484911452
23.46,-35.94136448565073,19.416294710998017,-24.579174421395887
23.47,-37.57497925825426,17.42115838452515,-24.48351320251408
23.48,-38.87139749078473,15.529654406228167,-23.903557465035657
23.490000000000002,-39.797867687867154,13.35699906727186,-23.856499175158593
23.5,-41.03470320169409,11.168428873421863,-23.41680264033871
23.51,-42.182871026745445,9.210238537132094,-22.853514016353937
23.52,-43.202576590523385,6.916106312277444,-22.446052097475793
23.53,-43.98768422408487,4.839547168402828,-21.918501941785188
23.54,-44.59035187510969,2.8481483712681475,-21.028264700666956
23.55,-45.24192470842361,0.7138961934541616,-20.557264943841474
23.56,-46.0537523906203,-1.7080364762185352,-19.80931726787274
23.57,-46.14704086652149,-4.03801055501466,-19.185402734053966
23.580000000000002,-46.587630124545015,-6.36166106072581,-18.249958329078346
23.59,-46.58939767619474,-8.36626465964206,-17.470281134491735
23.6,-46.98930972654931,-10.804262541786153,-16.529304440524427
23.61,-46.80217494720943,-13.056956783104399,-15.576947297968458
23.62,-46.61411314645044,-15.18051004665355,-14.566989071270013
23.63,-46.27884294364872,-17.252488313973746,-13.589326315868263
23.64,-45.774330486583914,-19.52383773596276,-12.509809395982451
23.650000000000002,-45.32567653330734,-21.561379325974226,-11.352681210386338
23.66,-44.765487218347296,-23.728221516141023,-10.135772008939577
23.67,-43.9856903422567,-25.560142196654663,-9.113293642175348
23.68,-43.11170150036207,-27.478137307431528,-7.816212635070546
23.69,-41.91513111110142,-29.482996276060714,-6.774125087842395
23.7,-40.92896966576832,-31.251810983647,-5.287241936982397
23.71,-39.71066510799031,-33.20921166558951,-4.144238292655131
23.72,-38.34109604710981,-34.7810390075015,-2.780314598130661
23.73,-36.640747017291545,-36.31810936064985,-1.218953610598425
23.740000000000002,-35.30039355886605,-37.943355853567205,-0.09112458171489467
23.75,-33.65261149247772,-39.688598792605696,1.1121353216724292
23.76,-31.919843472708806,-40.809950943223654,2.3190525823046593
23.77,-29.717536010947484,-42.18682782985524,3.994703482197924
23.78,-27.84692985105039,-43.34708764236312,5.246722166823822
23.79,-25.96440517661391,-44.618832322222104,6.519481135132155
23.8,-23.983928464369548,-45.56342086334669,7.610310057415608
23.81,-21.783573406091197,-46.470877014453514,9.01603913455003
23.82,-19.456649426465805,-47.264631054251794,10.291545912015055
23.830000000000002,-17.200764343572843,-47.87221539635897,11.5762554415319
23.84,-14.742053019752115,-48.52072341009005,12.742109250945477
23.85,-12.524322040352205,-48.933959176166574,14.006019963671125
23.86,-9.973462494154948,-49.25964860257235,14.884645975373273
23.87,-7.499171291141593,-49.53191060537703,16.02479467328556
23.88,-4.984202140768998,-49.65692191291674,17.265548502809988
23.89,-2.528553842872588,-49.83796316843189,18.212699953187105
23.900000000000002,0.21121092182288292,-49.80506446163542,18.992896670317347
23.91,2.456055572107913,-49.66583795109026,19.99324603376612
23.92,5.062589625921104,-49.25922077019506,20.874454278627162
23.93,7.6757729365082605,-49.02168513219963,21.56045445673095
23.94,10.212421101334547,-48.41610674729051,22.17545102881335
23.95,12.8215432066622,-47.79667924733375,22.945005412683393
23.96,15.294172546828806,-47.17356706747231,23.609021025694563
23.97,17.75651560772383,-46.367134228521564,24.167101267426077
23.98,20.271713198396153,-45.47897082425525,24.48475681193969
23.990000000000002,22.48242670178844,-44.44768850658527,24.931034596163794
24.0,24.978717303106663,-43.35177491250518,25.398201589705867
24.01,27.359785111501978,-42.29706103125705,25.547018806277247
24.02,29.664768807000673,-41.08424291589562,25.836377615212452
24.03,32.009485618387416,-39.925303180768154,25.721912166035008
24.04,33.976278017862896,-38.700183394917836,25.893876308936562
24.05,35.906551775960466,-37.22082265549901,25.76244275862617
24.060000000000002,38.32686178226099,-35.416388460147736,25.771974811195935
24.07,40.179081124113736,-34.36641231100158,25.430201001533174
24.080000000000002,42.120329157147836,-32.79859303569444,25.254888892323336
24.09,43.94482914167083,-31.0657449801857,24.870893565197363
24.1,45.7043900043923,-29.48842024722709,24.45843263143309
24.11,47.231582737737874,-27.991821388747603,23.98912560356919
24.12,48.62076655099665,-26.108519057324994,23.401090597551715
24.13,50.22243234036925,-24.241662419364335,22.730657395225943
24.14,51.79972421146558,-22.636546628819577,22.289138748416402
24.150000000000002,52.983913259577484,-20.93260379126991,21.326126658938005
24.16,54.116792327172526,-19.109008518643098,20.54116858860967
24.17,55.29185031659127,-17.40209862654434,19.831312746972866
24.18,56.183634685645806,-15.618851348414434,18.86390810207931
24.19,57.30589107554633,-13.855579250596875,17.76987660549305
24.2,57.92676302075795,-12.110929799726586,16.678280393799444
24.21,58.70887034185875,-10.302822241115187,15.440176921821948
24.22,59.431817828590276,-8.352253674275788,14.512340597358074
24.23,59.83444761174794,-7.103943548691563,13.392863394786144
24.240000000000002,60.149349835409716,-5.274696202538731,12.379996904869838
24.25,60.713731398971426,-3.592072564062199,10.699490826513811
24.26,60.91118714322454,-1.954762631568521,9.379648175520074
24.27,61.17936302213365,-0.5120635842394712,7.895117341444044
24.28,61.33566717257903,1.060426057405454,6.631200476049384
24.29,61.40026542333256,2.472887751986834,5.322831432933117
24.3,61.31845736658216,4.122238043201561,3.9479162729627717
24.310000000000002,61.070083707958474,5.271016314315243,2.312141193955267
24.32,60.719701655571164,6.719306473951604,0.8036818171414278
24.330000000000002,60.44118030338909,7.9568630980446695,-0.6894281184895155
24.34,60.16458767033939,9.11139022331021,-2.1691760588142843
24.35,59.642472442860694,10.36899697800299,-3.9904248711376957
24.36,59.042738491691715,11.60340087348767,-5.3555234756774315
24.37,58.39871929889708,12.56768108196324,-6.840074072127027
24.38,57.683776548731366,13.648260311370004,-8.490287171464285
24.39,56.858805985321695,14.513397861086837,-10.100372255752925
24.400000000000002,56.15959064405196,15.656575893725712,-11.607083158245578
24.41,55.39839645347434,16.417179797066236,-13.115616576756269
24.42,54.49482984486193,17.120751086015996,-14.70236362826246
24.43,53.39964229569906,17.894142817455414,-16.245730752615447
24.44,52.23153144333982,18.42012813306104,-17.824147363446542
24.45,51.400438916063514,19.106208953420634,-19.24206186617949
24.46,50.18787894095057,19.31894325400747,-20.76490586613018
24.47,49.31190251255431,19.87900121573786,-22.26746426692778
24.48,47.9042867120019,20.405081830929166,-23.768594568105378
24.490000000000002,46.54183939055507,20.796927960090194,-25.145727954103442
24.5,45.62120666587906,20.875662161262333,-26.542123713503656
24.51,44.13839602413252,20.966475043155988,-27.969299230286026
24.52,42.88164224180279,21.267165205184476,-29.251042532087094
24.53,41.54235696006682,21.171254456971926,-30.590874311885198
24.54,40.075747863262805,21.377761135520224,-31.838104560459378
24.55,38.81585364984219,21.429392706396744,-33.17843730477007
24.560000000000002,37.264058648780875,21.270124391700307,-34.48243611730258
24.57,35.78802935722256,20.882546372905903,-35.4886945558202
24.580000000000002,34.53696670888534,20.84204250395146,-36.7971046160155
24.59,32.719090720820766,20.507993328036967,-37.86219613486519
24.6,31.4179605414468,20.22129053968501,-38.803616949966546
24.61,30.04256809363295,19.95454297221411,-39.955716798660454
24.62,28.55243646519408,19.57160685077788,-40.84381032175533
24.63,26.893403567559112,19.1750827993459,-41.82416378184761
24.64,25.308594459218007,18.88767663507688,-42.66139488350176
24.650000000000002,24.082913287801233,18.308945445290636,-43.48391717511259
24.66,22.428324849777407,17.76467780371963,-44.28602578211786
24.67,20.778670399786314,17.33515456885514,-45.162158236000366
24.68,19.31304502387398,16.501023817928495,-45.80543884213962
24.69,17.805117383846056,16.0005254571328,-46.37872648239733
24.7,16.26092246744423,15.354833519491628,-46.81493865770421
24.71,14.783955212249522,14.702126320775102,-47.405354798297616
24.72,13.192512688431627,14.205864460416594,-47.89605584040988
24.73,11.858168878120047,13.495285557189856,-48.51649653885157
24.740000000000002,10.355017652160507,12.723368337454502,-48.9697037787055
24.75,8.668075780754053,12.056283370003946,-49.07662387468946
24.76,7.109348764806897,11.426042718774514,-49.58926667655444
24.77,5.53372390645,10.596036326520197,-49.604777766138156
24.78,3.9265800879579973,9.855287434933894,-49.81319315653367
24.79,2.625546295221812,9.081008219768906,-50.03002288465405
24.8,1.0225145698675293,8.344552348424658,-50.06764310779291
24.810000000000002,-0.5029377421840219,7.572964920136793,-50.30385258583541
24.82,-1.655303107114947,6.665832970411005,-50.10887923744543
24.830000000000002,-3.3244969153162844,6.056821175590859,-50.10775933342708
24.84,-4.795892987094269,5.367121274751431,-49.96223001369665
24.85,-6.334570961380601,4.79715781532033,-49.818434230068455
24.86,-7.680745705345528,3.83620954085101,-49.65574455618051
24.87,-9.263663471352217,3.3385970750941114,-49.29039796738386
24.88,-10.440868489813802,2.7786174425464254,-49.02047950437888
24.89,-11.90936094491624,1.8919676495275763,-48.76537759485545
24.900000000000002,-13.106430251532027,1.3892582323959841,-48.353252103510506
24.91,-14.631739069568747,0.692711366043252,-47.949404467284594
24.92,-16.1114473907479,0.13259561213721135,-47.43222267687622
24.93,-17.336950294771725,-0.4662763435902295,-46.96370052633563
24.94,-18.706084162109963,-0.9712524708857485,-46.48006803599262
24.95,-20.047490428477207,-1.3637574186038317,-45.68992240407555
24.96,-21.11013818298511,-1.912853488791736,-45.292990984693496
24.97,-22.707648275857498,-2.2552763565204064,-44.45106116936227
24.98,-24.116482744087143,-2.7221033486849104,-43.72162486406165
24.990000000000002,-24.975252454774473,-3.167074221121751,-43.28798033678099
25.0,-26.264648423206005,-3.406442666649456,-42.376714105881035
25.01,-27.417087566108048,-3.81103333399378,-41.390154446400395
25.02,-28.808407568021934,-4.135245972464262,-40.571958366182706
25.03,-29.849754470380727,-4.291460560455106,-39.69698552128596
25.04,-30.980177965911764,-4.459529855110651,-38.99607831170835
25.05,-32.07185497528719,-4.4349480905021945,-38.03541381151735
25.060000000000002,-32.95939980293486,-4.554325077239017,-37.04035213309075
25.07,-34.19454723331535,-4.6981777094872115,-36.122413323341064
25.080000000000002,-35.15005279034865,-4.784382502853475,-35.081136102116076
25.09,-36.20897370009394,-4.581805657676708,-34.11106329555928
25.1,-37.086735177824984,-4.431912473485687,-33.28791878201719
25.11,-37.950817789816604,-4.403709852514527,-31.967675082463657
25.12,-39.137598407318215,-4.112509905590086,-30.791774976971034
25.13,-39.79832015659317,-3.9445739945959724,-29.752496218138702
25.14,-40.767615725415226,-3.674561439249037,-28.606509374342533
25.150000000000002,-41.482714781027354,-3.358309903840587,-27.7505232281426
25.16,-42.16215009592107,-2.959402643975247,-26.567939024767377
25.17,-43.081992040724586,-2.549929813274692,-25.45554600204243
25.18,-43.64091116884221,-1.8875223856305958,-24.332494468345566
25.19,-44.37370441803936,-1.3779858003760697,-23.164273554043376
25.2,-44.905775267552194,-0.8839052839324456,-22.233564487878184
25.21,-45.327731665419705,-0.1446895769916796,-21.08237340956478
25.22,-45.69655600960096,0.5671029278548275,-19.794494966844592
25.23,-46.15365607413202,1.3860857412731753,-18.631780241698074
25.240000000000002,-46.56810516512854,2.1127854386210356,-17.61366232222337
25.25,-46.64097315121928,2.879166005335967,-16.738497075274637
25.26,-47.188406355661705,3.8592820897704847,-15.519551505385811
25.27,-47.494306815577794,4.636199461279521,-14.479756687060412
25.28,-47.42728783996109,5.713525573736388,-13.284647151404624
25.29,-47.53214946709424,6.584584892988009,-12.352184202394639
25.3,-47.30128505485237,7.706569728445988,-11.324553054796807
25.310000000000002,-47.40757301118516,8.895650487271462,-10.243328442387606
25.32,-47.2830814204653,9.967871027462348,-9.482923727386497
25.330000000000002,-47.09460275881715,11.16126977028797,-8.129136194127017
25.34,-46.851410738522276,12.27088850452899,-7.155328388935317
25.35,-46.459850673567864,13.360533551010894,-6.460022923790428
25.36,-46.145832170640446,14.628697747254359,-5.563394293556957
25.37,-45.64191609898435,15.878956701688098,-4.863288529938716
25.38,-45.04188519058463,17.294187158502762,-3.996523995208724
25.39,-44.45279092506146,18.171383123830477,-3.3309996519352705
25.400000000000002,-43.827202680223415,19.81023787460896,-2.4468191324682103
25.41,-42.96867988483573,21.058345358381214,-1.5853138812536463
25.42,-42.26566084432672,22.26200822733265,-0.9889256202893949
25.43,-41.47889197692048,23.536422370463487,-0.7834611055574152
25.44,-40.389366264808245,24.90290630377138,0.21868950072540577
25.45,-39.20054755042393,26.118225689008476,0.7253451785262733
25.46,-38.15240180845697,27.403970263630498,1.0600137101636051
25.47,-36.929260757616234,28.668129274285953,1.5472568605370562
25.48,-35.905152813930215,30.117546459765745,2.060324509487057
25.490000000000002,-34.462640152152005,31.15818000754875,2.641962522678488
25.5,-32.952406184831126,32.500915401539515,2.6175910576546486
25.51,-31.648901825287773,33.5973293734715,3.1681556092995558
25.52,-30.04326001516568,34.62663504966935,3.347253347355601
25.53,-28.214025527521613,35.834034901448284,3.3531964169442032
25.54,-26.667940272798365,36.90513157770915,3.713574629798604
25.55,-25.085394969268865,38.075630912489046,3.7575958916667913
25.560000000000002,-23.263492868126907,38.90209880711573,3.9183635483979065
25.57,-21.33105132564827,39.988212612836016,3.8656182660504066
25.580000000000002,-19.564265974805455,40.85627006703424,3.932663003896845
25.59,-17.54005638226131,41.69940143027423,3.8055577484490835
25.6,-15.802087762075663,42.53652356351935,3.52867140446218
25.61,-13.61446490122009,43.344588850969515,3.3301997605458062
25.62,-11.49091857889775,43.90781992106943,3.246057057406189
25.63,-9.527907577908753,44.47787986377744,2.883561227579982
25.64,-7.283889029841623,45.13687346430298,2.656035596093369
25.650000000000002,-5.081331237626588,45.41949257212546,2.244718603345112
25.66,-2.912097217028389,45.96220245759273,1.9747668307199768
25.67,-0.6674070066249467,46.32234688325845,1.3627197597389917
25.68,1.419949514936549,46.238294780345726,0.927832216661508
25.69,3.557610251280709,46.53775778888174,0.6937577757290553
25.7,5.959544006524176,46.6910520038385,0.0798536521135284
25.71,8.166602152270555,46.79015371749476,-0.5507077878308937
25.72,10.255239553001745,46.55326723098469,-0.963158039422719
25.73,12.47219463747291,46.512509611733165,-1.6743484098248844
25.740000000000002,14.853208763765945,45.92987046620687,-2.3790088676256715
25.75,16.834652921073374,45.67086068893082,-3.1692508181517587
25.76,18.93534204266713,45.2768201456077,-3.859993972519366
25.77,21.292070611311903,44.80625042855439,-4.572969031367081
25.78,23.368743041385873,44.06204488644017,-5.263273243947096
25.79,25.269787639604832,43.41662108716099,-5.979939227796346
25.8,27.60413452854871,42.49851673790339,-6.694555649880913
25.810000000000002,29.34706249405954,41.86905894288666,-7.776928870899285
25.82,31.107082884369298,40.804536937424196,-8.350318972813277
25.830000000000002,33.129678369561944,39.78556750910798,-9.122376009765741
25.84,34.92832915583261,38.61215967262332,-10.059806720607986
25.85,36.67484948304908,37.558895339656715,-10.927363953028497
25.86,38.41535193977569,35.97211494702885,-11.875114055871443
25.87,39.795812534368096,34.608210973800354,-12.38009879966207
25.88,41.58098782314355,33.30149360081084,-13.228325393633934
25.89,43.00081872299155,31.936674898815326,-14.163544591758663
25.900000000000002,44.29829005046702,30.45635850268137,-14.989808606434403
25.91,45.47528295649877,28.600062433090276,-15.664056599055039
25.92,46.79701845154987,27.286133218999165,-16.692254619861835
25.93,47.71283306565535,25.35677459615363,-17.608087787044933
25.94,48.708960507506944,23.615813584355287,-18.135920758799962
25.95,49.650645406894625,21.836724098941467,-18.946863373507504
25.96,50.62859667605136,19.877457651203795,-19.719264515342
25.97,51.32488998588757,18.18244950426064,-20.4852814768453
25.98,52.003752433197455,16.168050333167805,-21.235528971589144
25.990000000000002,52.521393201035146,14.302031140245184,-21.797977163967996
26.0,52.77356683526617,12.300609743174054,-22.500371134251186
26.01,53.256078429155124,10.39857227643672,-22.982750721682514
26.02,53.35809293536704,8.291845711766603,-23.73131044627125
26.03,53.47585895800191,6.40808239976783,-24.519984225718762
26.04,53.53061864326439,4.2562616693611295,-24.85927394664461
26.05,53.09929298573434,2.224244874843387,-25.74009846369941
26.060000000000002,53.09488385060253,0.22571823953448253,-26.01985058421982
26.07,53.04172437721511,-1.7123207199348482,-26.53127525898497
26.080000000000002,52.41198840318305,-3.6442269354133288,-26.983210904381096
26.09,51.96697155600963,-5.802820479936792,-27.255928523189
26.1,51.56472693051754,-7.5658919136356335,-27.6789890196289
26.11,50.85301546798622,-9.504228972039929,-28.104976453280763
26.12,50.01776082267983,-11.477537090741295,-28.466689751522225
26.13,49.28328762620606,-13.399236490216296,-28.808463010990437
26.14,48.4361044974682,-15.16092142906841,-28.903783213484573
26.150000000000002,47.32327511371,-17.173622492228297,-29.35526222705299
26.16,46.17111500071673,-18.747203652723773,-29.311063765963507
26.17,45.25994796637746,-20.538888362135523,-29.97283373206199
26.18,44.19609802251033,-22.060862642693706,-30.055799181894702
26.19,42.538931637570826,-23.838712535192805,-30.152241592062705
26.2,41.25103098990269,-25.14137670219645,-30.093134926491505
26.21,39.84751673492859,-26.93474802513894,-30.12322059938496
26.22,38.67558111952455,-28.34900393694446,-30.465253812414595
26.23,36.62491057960307,-29.722034934659835,-30.487334256637748
26.240000000000002,35.23534034661373,-31.08025971803672,-30.262677464476532
26.25,33.707171231917506,-32.26101291625066,-30.455045920842352
26.26,32.02097994203617,-33.368380433657066,-30.338977328492945
26.27,30.461566589997936,-34.70947946284486,-30.280741079892106
26.28,28.695205354122606,-35.6663380212732,-30.25254807826681
26.29,27.02706946231102,-36.65873906182861,-30.006308704324297
26.3,25.12923177349797,-37.65106252012884,-29.87339708714128
26.310000000000002,23.21518952895649,-38.58353179873927,-29.8213396349285
26.32,21.411008555925125,-39.49194674003686,-29.717906518229217
26.330000000000002,19.72605853170293,-40.154264544672536,-29.61013601900788
26.34,17.925412009936025,-40.64302073171851,-29.26460779694251
26.35,16.194406580070698,-41.07017718313769,-29.022975812099574
26.36,14.372180288098793,-41.74947773543498,-29.057718361763683
26.37,12.54342404395673,-42.195426744563605,-28.701150685602627
26.38,10.544913319753805,-42.723273724984956,-28.669740798765496
26.39,8.883063188767737,-43.064871715372085,-28.444845384290677
26.400000000000002,7.182291787532559,-43.30045726552219,-28.084146655516573
26.41,5.290939397530207,-43.480222974761624,-27.892408841147546
26.42,3.409935180386938,-43.68473278540391,-27.691387035052887
26.43,1.796261990490713,-43.7423290586949,-27.511804803143015
26.44,-0.018547893382187555,-43.84343986911065,-27.296032140106114
26.45,-1.460171215937331,-43.8691346285526,-27.155321869109535
26.46,-3.237833153212955,-43.736584908436114,-26.716524650709225
26.47,-4.900668142305345,-43.70377750000391,-26.545526067991382
26.48,-6.565750913590123,-43.38829561938293,-26.398738711083624
26.490000000000002,-8.170754059775017,-43.274079548616335,-26.174799505381447
26.5,-9.475933998375375,-43.0882620218307,-26.08795990021158
26.51,-11.233084062530919,-42.5177483414742,-25.759422050777417
26.52,-12.577942152723441,-42.5715830899585,-25.65932531694782
26.53,-14.038762635540309,-41.948094393541034,-25.404980288132375
26.54,-15.349477252558719,-41.38541418142674,-25.146481364514806
26.55,-16.66016393024266,-41.4255274098729,-25.150924157317785
26.560000000000002,-17.76723691439547,-40.46270133470175,-24.819243097013544
26.57,-19.3169547533649,-40.255838119240686,-24.73366871980158
26.580000000000002,-20.496324582259543,-39.58966697583468,-24.64774776955563
26.59,-21.70050040374126,-38.95015247229392,-24.376329458223587
26.6,-22.704998327354264,-38.413796976808406,-24.191810003218833
26.61,-23.927847082066478,-37.88884193782375,-24.391058263441966
26.62,-24.896349710434894,-37.30129633091737,-24.263194809036662
26.63,-25.84422586705257,-36.529093567563834,-24.099491475595446
26.64,-26.758840870059924,-35.93270346600628,-24.028160608333078
26.650000000000002,-27.979578670999533,-35.36395041071917,-24.09350318091972
26.66,-28.888333863255962,-34.4243678843485,-23.930733187597816
26.67,-29.383106315590524,-33.95059938766086,-24.003133305269806
26.68,-30.40194996341199,-33.383955899836444,-24.04424233407652
26.69,-31.135031345919415,-32.48643420695229,-23.89983798184207
26.7,-31.652636628261913,-31.767406470932055,-23.8721669418771
26.71,-32.44430658387649,-31.24097625860201,-24.02205265744851
26.72,-33.123219284747236,-30.537171917296266,-24.090642398153033
26.73,-33.6119329407052,-29.778784249471286,-23.955239531724263
26.740000000000002,-34.11248803509896,-29.096293337118443,-24.089551670434883
26.75,-34.434981888605506,-28.369975800161843,-24.128086852493357
26.76,-35.175709526760976,-27.723089071314877,-24.335386962446844
26.77,-35.57868401965692,-27.279308883015297,-24.354004352954686
26.78,-35.95159557302176,-26.708334393905485,-24.569314931185875
26.79,-36.148638622065036,-25.827768257399033,-24.98938948266373
26.8,-36.44774005820669,-25.16450198473648,-24.726422102281376
26.810000000000002,-36.70979342513487,-24.419345007626905,-25.128360991785925
26.82,-37.15102190951572,-24.00836060906808,-25.200189817234484
26.830000000000002,-37.5538225627058,-23.29840694757935,-25.440501790530373
26.84,-37.477380688842736,-22.656127931295448,-25.65481990739243
26.85,-37.671878591556606,-22.116125002251835,-25.91657161419855
26.86,-37.78380283034904,-21.829357934946874,-26.12253808234807
26.87,-37.97205370232008,-21.30096250511062,-26.479521532323126
26.88,-37.81164626129389,-20.847592963377043,-26.704796799061643
26.89,-38.0191175488868,-20.06549258587941,-26.74891243319464
26.900000000000002,-38.17238664507565,-19.660578515246677,-27.101667036608923
26.91,-38.186708564971646,-19.207634530077936,-27.355323801026664
26.92,-38.124804028497145,-18.66963429095452,-27.800105007164873
26.93,-38.09662262140795,-18.443815453963243,-28.113594837224777
26.94,-37.92488788500484,-17.903269786852512,-28.608680978132032
26.95,-37.71838832412151,-17.49644217256616,-28.771172952397663
26.96,-37.853122362406985,-17.106313772453323,-29.03753647819507
26.97,-37.54299200033663,-16.82602470369799,-29.365967316585504
26.98,-37.377463189513946,-16.37339669859478,-29.80561744140457
26.990000000000002,-37.14981734214707,-16.278197144750703,-30.173069186745938
27.0,-36.99898734725845,-15.819596317852417,-30.44980194166611
27.01,-36.711614660422924,-15.710990636738224,-30.886445479183
27.02,-36.47459975174924,-15.472737396902243,-31.45600294029856
27.03,-36.21426512181196,-15.302955352489985,-31.766479535914232
27.04,-35.981514575027845,-15.1476197216439,-32.0317714422853
27.05,-35.64920403837567,-14.805966094142017,-32.62048831782692
27.060000000000002,-35.40088059013785,-14.590597543832686,-33.01296256409976
27.07,-34.80095826116305,-14.590337684949196,-33.239594591590546
27.080000000000002,-34.623064239427435,-14.483040687708858,-33.78290089928897
27.09,-34.16576059359321,-14.064975694453938,-34.19952088619736
27.1,-33.73499095166491,-14.28421480291326,-34.564354540839894
27.11,-33.48556129452068,-14.071843433112875,-34.97313570297001
27.12,-32.98033519972193,-14.228065733798744,-35.36996472729578
27.13,-32.35685181970519,-14.23342390686138,-35.92154216832424
27.14,-31.927801694601303,-14.119685147023194,-36.308423314514314
27.150000000000002,-31.41361725886645,-13.946793867023636,-36.945696586806754
27.16,-30.89614573654604,-14.099789958495986,-37.33256052775749
27.17,-30.395345077356037,-14.027448586773778,-37.80856601062999
27.18,-29.856644838631247,-14.271475542259534,-38.15243187884962
27.19,-28.995573929880464,-14.267451722318924,-38.36757465214571
27.2,-28.530731205650355,-14.311379874772225,-38.99843500882209
27.21,-27.81081823931378,-14.4271746213295,-39.564133740840596
27.22,-27.248300796651318,-14.364185522480014,-39.957953482905914
27.23,-26.447226930038596,-14.428085520382995,-40.407640707607044
27.240000000000002,-26.022393718627665,-14.393578527446872,-40.727404584387806
27.25,-25.366158931886126,-14.908453874487423,-41.26145831401678
27.26,-24.379036120633284,-14.879654836956258,-41.747268790945434
27.27,-23.776260719888366,-14.940733797181375,-42.08855181925618
27.28,-22.8242046617726,-15.03512891279682,-42.38393063209772
27.29,-21.971798152574618,-15.211598899638002,-42.828895841891374
27.3,-21.198518904180187,-15.45200628817825,-43.17324512572231
27.310000000000002,-20.398884986442432,-15.44382875348162,-43.65418921542205
27.32,-19.27816650646708,-15.557234867536259,-44.14370208233564
27.330000000000002,-18.505400797361062,-15.780988497783277,-44.560634600009955
27.34,-17.339286381283156,-15.818498548289158,-45.03510810717183
27.35,-16.3462872878797,-16.006494394749648,-45.266934230727344
27.36,-15.569329351049745,-15.992992707005275,-45.591159518940486
27.37,-14.358247185913216,-16.179194954666578,-45.99167462080174
27.38,-13.430831376863802,-16.318992658932547,-46.27625268653047
27.39,-12.4890767958297,-16.17685686848509,-46.756979090277916
27.400000000000002,-11.306646195647183,-16.34951883401437,-47.14678455343812
27.41,-9.884179656758937,-16.367483624460974,-47.300690648930946
27.42,-8.828272980197585,-16.297630879701238,-47.819042466825174
27.43,-7.815928080616289,-16.363622831280416,-47.84849843902172
27.44,-6.584270006993364,-16.55199078419634,-48.16480710543626
27.45,-5.201863062145293,-16.47690101766298,-48.32554290494076
27.46,-4.05301542971559,-16.57076712758817,-48.65470601035126
27.47,-2.9320731899958417,-16.35340709950556,-48.799555994663166
27.48,-1.6887643436381305,-16.245543263829028,-48.814413284144685
27.490000000000002,-0.37511203477818167,-16.231585404120313,-49.16914674228184
27.5,1.0610665773238281,-16.0665626981079,-49.297705246762
27.51,2.3414007567952653,-16.054483555676235,-49.457435851271434
27.52,3.8227117405325095,-15.749701970642024,-49.452479179924254
27.53,5.1097653439337725,-15.63511711713536,-49.619737791127214
27.54,6.465723924993794,-15.410630806526754,-49.75772776714025
27.55,7.838712583529453,-14.942903163833593,-49.60705292600897
27.560000000000002,9.232628218452968,-14.677304524121144,-49.533141900250996
27.57,10.461961397167059,-14.506133152091444,-49.7006197896799
27.580000000000002,12.15957431185385,-14.020775118387736,-49.6181609766869
27.59,13.289860465997991,-13.712931948480202,-49.557761131838696
27.6,14.995761077822523,-13.259023066595613,-49.523134288546494
27.61,16.30719903040414,-12.591312806032168,-49.31792287082328
27.62,17.36456190415248,-12.07337128176374,-49.096474417121115
27.63,18.971282077266967,-11.635733088505939,-49.043782259242136
27.64,20.362314650991102,-10.938832771010544,-48.48175006605099
27.650000000000002,21.644921372540328,-10.154807433796499,-48.501718540208536
27.66,22.947477525318458,-9.643466006581765,-48.06788495059224
27.67,24.42463439573077,-8.861179542799649,-48.006254265073764
27.68,25.638310079698623,-8.043757568971117,-47.38929951058593
27.69,26.97666944689606,-7.174934726491548,-47.04318988700385
27.7,28.20041014763994,-6.390967789783095,-46.52612128392726
27.71,29.402116670618,-5.411893668726542,-46.14754858141532
27.72,30.49222906493266,-4.572324995686262,-45.729270722805765
27.73,31.57960218546143,-3.6679411918701845,-45.32031604064925
27.740000000000002,32.79980088219697,-2.4011679311830196,-44.58820004639118
27.75,33.95447873596002,-1.390049992348191,-43.950645454601144
27.76,34.892533324432826,-0.18282268102834726,-43.54304717023511
27.77,35.92509250880468,1.0336254286808881,-42.82051212809744
27.78,36.76739028892142,2.198077290724118,-41.969813879925596
27.79,37.63272998436426,3.3832139411983557,-41.35447635355624
27.8,38.663061824537074,4.67196694444322,-40.81460911821274
27.810000000000002,39.13807247582355,6.050548964632962,-39.944067237824164
27.82,39.8858519590649,7.2829040973078865,-39.02603034157431
27.830000000000002,40.35495165860084,8.583033308335873,-38.41937116817765
27.84,40.794746073131954,9.958176416011645,-37.52776071509355
27.85,41.38184225725088,11.392429844590298,-36.73800284008575
27.86,41.64825470343579,12.762575501328367,-35.57483038772089
27.87,42.08690251218314,14.209196005900909,-34.885937163494994
27.88,42.32333978760465,15.76726460815309,-34.029816253971944
27.89,42.1464919735875,16.911194043269116,-33.14599228973603
27.900000000000002,42.50868181442296,18.381766200386952,-32.193647169059865
27.91,42.0606496775122,19.822227746307348,-31.05107969370501
27.92,42.075732678383865,21.241330124680793,-30.114800240123383
27.93,41.78646475917028,22.698866870412232,-29.09153255632248
27.94,41.537730972926525,24.086465602001894,-27.80564950959758
27.95,40.89777681672572,25.684554434907945,-27.28334416351237
27.96,40.47314111969578,27.185498920552018,-25.924245202396143
27.97,39.79809717338929,28.586358118786613,-24.84985761007576
27.98,38.90817876602942,29.78782610415788,-23.9878172895857
27.990000000000002,38.087184342729934,31.073276056256542,-22.869688464402575
28.0,37.212704626904326,32.438454507212214,-21.703033984930787
28.01,36.232012362691925,33.69529465669458,-20.795936728445582
28.02,35.05636056275244,34.94501470045234,-19.586729406452417
28.03,34.09922372308336,35.88164397357058,-18.73272296193478
28.04,32.67310330368412,37.15964812284048,-17.92625801023425
28.05,31.339844558680937,38.355401013928365,-16.82560427262644
28.060000000000002,29.766413350569703,39.46907590612529,-16.198931109116057
28.07,28.434708610563806,40.1257462003728,-14.84862568624775
28.080000000000002,26.681358193040797,41.20413820521177,-14.056220261575927
28.09,24.929547532969487,41.8755939926492,-13.02764090626803
28.1,23.213472947948514,42.624731268150114,-12.267970664136678
28.11,21.352687277780166,43.214837382664626,-11.524152073651548
28.12,19.5051001866332,44.0224043431282,-10.645458816559813
28.13,17.768543337003713,44.36034343098945,-10.040443426199584
28.14,15.508657805387818,45.01396651809901,-9.330583786349504
28.150000000000002,13.598681723247216,45.56132115034464,-8.528595974201803
28.16,11.462340691431287,45.62730077027569,-7.850846703134945
28.17,9.380365889559338,45.92105154449647,-7.276088797565729
28.18,7.4050986002645836,46.01156341485949,-6.733535075020634
28.19,5.07031002912648,46.09659619635716,-6.2395661134931
28.2,2.7281722407235542,46.036083978097764,-5.844301842992907
28.21,0.5893677248153706,46.005358836961946,-5.284137025284519
28.22,-1.5871028687992286,45.713310660922645,-5.214575572569132
28.23,-3.7537465787858526,45.318795412623885,-4.649919713173434
28.240000000000002,-5.989889876555994,45.09994972248305,-4.5074111557156105
28.25,-8.22527367312858,44.37316276525689,-4.2973572818664465
28.26,-10.220724002016484,43.89780146704033,-4.206349448049078
28.27,-12.365355260150492,43.14556938629111,-4.177998903366194
28.28,-14.480611442918446,42.58083908410114,-4.034001797978292
28.29,-16.659750147504237,41.89080830096627,-4.181168828752284
28.3,-18.638590920646436,41.10036495437608,-4.2523913014714685
28.310000000000002,-20.88008309369594,40.08325700358713,-4.520128811281118
28.32,-22.793911494251912,38.828164705121324,-4.770318986275092
28.330000000000002,-24.588075201690774,37.68794208340662,-4.930750817433893
28.34,-26.386864463871195,36.589096045307606,-4.894777368021988
28.35,-28.170526549108647,35.685469975016275,-5.551140299921492
28.36,-29.960497477679578,34.30719415166206,-6.005735279904458
28.37,-31.497093376834716,32.96606713556778,-6.337641330837262
28.38,-32.886263440864155,31.668382909590093,-6.997317393730412
28.39,-34.42661992318091,30.22966446440485,-7.640858439672726
28.400000000000002,-35.8042481111241,28.507216104163867,-8.028865496980817
28.41,-37.14928437518057,27.048481404239126,-8.921385316057423
28.42,-38.23846631374515,25.64176886761668,-9.236840358327818
28.43,-39.21412404280382,24.047303671854596,-10.330783583392124
28.44,-40.19427364916226,22.57252127659065,-11.204057239387598
28.45,-41.1983659137856,20.699776224542752,-12.053919589193447
28.46,-41.79215225954003,19.246887926120618,-12.79196322739469
28.47,-42.559677701801185,17.59986417166797,-13.754197116712914
28.48,-43.055472194428404,16.151833888163527,-14.644746839499346
28.490000000000002,-43.42840271720935,14.63951001408383,-15.757221970119392
28.5,-43.91731763949385,12.89244080996996,-16.609087509736803
28.51,-44.040584521427945,11.203517981955098,-17.748878990837007
28.52,-44.175858138853876,9.875891338596091,-18.770029255939747
28.53,-44.24976104357611,8.221792542100879,-19.966936440803444
28.54,-44.108667645144614,6.677340188521895,-20.880147970516163
28.55,-43.88241438677246,5.308524722558623,-22.048652094541982
28.560000000000002,-43.472262146925345,3.800872604026729,-22.999248628157705
28.57,-43.225727806509916,2.2822539325092,-24.34615007159552
28.580000000000002,-42.671555901552644,0.8252877835221619,-25.32737606565322
28.59,-42.11997225375908,-0.29378407427527053,-26.47353462645771
28.6,-41.476689165890306,-1.6907064769637505,-27.487059906926824
28.61,-40.64687039662765,-3.0150057857324537,-28.58768415033495
28.62,-39.828594403938,-4.199258659012545,-29.82689002365688
28.63,-39.00861083802277,-5.451243727545968,-30.914966729199755
28.64,-37.91700891680144,-6.421997461593796,-31.878129375236597
28.650000000000002,-36.816594043125356,-7.503478620725225,-33.031906078752776
28.66,-35.81069582095604,-8.218697178840099,-34.335051734764576
28.67,-34.54857025336435,-9.173585831631703,-35.244507986745596
28.68,-33.071794528689104,-10.082363379693762,-36.05774356462106
28.69,-32.03236863548653,-10.948058627487098,-37.24873351635083
28.7,-30.744895539173317,-11.40534593898118,-38.33098404372062
28.71,-28.833300213101577,-12.312726437781148,-39.16948431174376
28.72,-27.591906552587524,-12.601740930681922,-40.16656228831715
28.73,-25.984982853600123,-13.051219674089497,-41.12197249733357
28.740000000000002,-24.354239108327633,-13.42909527560257,-41.837919227331675
28.75,-22.870275993477424,-14.08744759203468,-42.859540610070276
28.76,-21.27689938291576,-14.233848523170632,-43.48187523895308
28.77,-19.50036055349878,-14.341550957448323,-44.27785351903063
28.78,-18.045873089843223,-14.381159019870898,-45.190192664954935
28.79,-16.144595048351487,-14.31587205740521,-45.94733915824767
28.8,-14.56166536492144,-14.514223250663802,-46.51266469821345
28.810000000000002,-12.82840398644588,-14.344373832825333,-46.99500193187357
28.82,-11.189662139931622,-14.149817048714745,-47.6806858435216
28.830000000000002,-9.380763729464116,-13.972020420494252,-48.25035021988254
28.84,-7.890778215687209,-13.529018009787615,-48.65226405653847
28.85,-5.99927268529217,-13.335225736919432,-49.01265863388811
28.86,-4.3687422632144255,-12.913603098132551,-49.61852378112709
28.87,-2.5463522050899763,-12.586306070091577,-49.88683946552658
28.88,-1.0421861767370157,-12.197257438995164,-50.106075819942134
28.89,0.5456066938547833,-11.328039362867923,-50.402914115448326
28.900000000000002,2.213772419126416,-10.940301080514606,-50.531086808709084
28.91,3.96919913359956,-10.322047060511501,-50.781583601109325
28.92,5.307627449225349,-9.477133630497681,-51.04822646328711
28.93,6.92713628943961,-8.845224871020468,-51.08415978565596
28.94,8.624815061978502,-8.01321245133421,-50.920754592809494
28.95,10.06727012053784,-7.250224367754708,-51.15672235987006
28.96,11.226246129987167,-6.534787338810526,-51.01975881157157
28.97,12.854579167354693,-5.672977612400537,-50.84158543268155
28.98,14.350063359929141,-4.654444463360529,-50.59075028481256
28.990000000000002,15.737904513816419,-3.83688521966031,-50.58802374100172
29.0,17.0881260580009,-2.9832513670087693,-50.343645527915236
29.01,18.34581068647035,-1.7951257043812376,-50.07123253709126
29.02,19.5186794437082,-1.1060122397616694,-49.94961172067353
29.03,20.813227412146286,-0.10536435442425134,-49.29754188493022
29.04,22.113582280636862,0.8798522907949371,-49.16545021287763
29.05,23.196520013814222,1.8822497170425327,-48.74806049914434
29.060000000000002,24.217478668475348,3.0335526351171502,-48.07795771808301
29.07,25.254063284433542,4.020224868703735,-47.56488406640518
29.080000000000002,26.284333222868522,4.952539576865216,-47.056191008317676
29.09,27.22258946491646,5.985398958558651,-46.71396244870928
29.1,28.248967676272773,7.078230150927942,-45.929594220469525
29.11,29.125861438499513,7.931971725381289,-45.21888035632138
29.12,30.140686438075548,9.068914296409996,-44.630267743840236
29.13,31.12022829331679,10.125473105836758,-44.05521608903325
29.14,31.694432248320677,11.290460557093002,-43.157000797068484
29.150000000000002,32.40897316016872,12.024017671686902,-42.19529713532312
29.16,33.31166231943131,13.065189505554924,-41.69770986659136
29.17,34.177651526138376,13.934710479724885,-40.77819365038795
29.18,34.643686124062654,15.068499814159695,-40.09131840243213
29.19,35.338281603449886,15.84524028477029,-39.031474074887456
29.2,36.02669009096888,17.026327873090256,-38.293963501969074
29.21,36.587535845876346,17.784222332955025,-37.19078007782749
29.22,37.25265760924508,18.50286918884487,-36.26503568153642
29.23,37.59095723912284,19.46550177692188,-35.185633277701896
29.240000000000002,38.2342012737932,20.257526364283102,-34.22458454288196
29.25,38.559406951558174,21.11462206048042,-33.334418221010715
29.26,39.27650960870201,21.865299203813304,-32.27888930855592
29.27,39.81081935298583,22.527093674372068,-31.01369676399456
29.28,40.342642677437965,23.158230871334748,-30.01888413372831
29.29,40.573624258119594,24.133333377692242,-29.13422504017921
29.3,40.80655879799135,24.485641617375908,-27.999688535468433
29.310000000000002,41.45102610510861,25.389970590825623,-27.014537506972168
29.32,41.883401629570706,25.84827006793275,-25.683298174303005
29.330000000000002,42.21985660093004,26.275986636826737,-24.641455840540203
29.34,42.73006840269983,27.148566026566762,-23.437903388897425
29.35,42.84912061889254,27.502654274559816,-22.258155703316937
29.36,43.235389432855634,27.96732305338074,-21.108237098624397
29.37,43.296533893464876,28.16053983954218,-19.825397141564395
29.38,43.91640909582032,28.63334658545046,-18.62548112558865
29.39,44.337179086341386,29.06687135629083,-17.311326783265557
29.400000000000002,44.683280682190485,29.49290457574173,-16.392642791634128
29.41,45.06490818660369,29.839170279632178,-15.113936610859534
29.42,45.07079197908579,29.974800376530737,-13.870143808837126
29.43,45.50989956424065,30.171715490227747,-12.760511025715331
29.44,45.800123363481234,30.173802750826006,-11.293346808235011
29.45,46.062531201835924,30.42428348414205,-10.391897798181665
29.46,46.34557901321397,30.44566250841595,-8.932051852095874
29.47,46.714890250640735,30.581444967355573,-7.84044059659012
29.48,46.83589684259137,30.53084298420798,-6.688731382414733
29.490000000000002,47.2226675335216,30.700900787251065,-5.329356865872299
29.5,47.48685980002189,30.691210085871074,-4.042056363354104
29.51,47.80698199812139,30.309329873554102,-2.9084207027730553
29.52,47.93175004994866,30.29951918467408,-1.5316058358394065
29.53,48.35012418591806,30.070506471708395,-0.41132761043568433
29.54,48.54439296632168,29.917514531829088,0.8069334739108874
29.55,48.83150925150422,29.573206471036322,2.0147742346295274
29.560000000000002,48.98355241816726,29.27257998843719,3.13112895663926
29.57,49.38416030854596,28.893732359039266,4.408464280480645
29.580000000000002,49.63358661549709,28.578044175416178,5.485843688395374
29.59,49.90377792824042,28.229884519000016,6.65959330510137
29.6,50.33181159528439,27.64764058013985,8.037083171578672
29.61,50.39060982359942,27.05846661711804,8.963784020679837
29.62,50.62137024863807,26.309378193319883,10.114889329261679
29.63,50.83438954682456,26.14937538939398,11.2852186424904
29.64,51.002850694325396,25.42417056102453,12.317457198625764
29.650000000000002,51.405484185812924,24.585587736779587,13.34034617074678
29.66,51.549952880038624,23.84894708566166,14.447532013536451
29.67,51.78125326880295,23.09822524986158,15.45376503766662
29.68,52.001618475439436,22.440922219237645,16.534597383167288
29.69,52.30001893367133,21.5702459532355,17.603994687642142
29.7,52.40118683075631,20.594055122572087,18.656476152185448
29.71,52.43845040088949,19.775817797307734,19.596173738955994
29.72,52.50735281242355,18.72552317727665,20.594379138763877
29.73,52.909658935050345,17.732299645064078,21.527334391391108
29.740000000000002,52.99338117562128,16.51051953104956,22.367231897532957
29.75,53.163648267662616,15.578241935427807,23.412227425750846
29.76,53.17789105387062,14.558824056378446,24.19711632657524
29.77,53.02679747086727,13.223320025881293,25.08253088838739
29.78,53.27180208935155,12.166487789992914,25.8764124494096
29.79,53.30554756462467,10.782407519949365,26.705271084678614
29.8,53.24592694697983,9.57120928459275,27.371241569831426
29.810000000000002,53.17655283825866,8.378463832358973,27.913454258529146
29.82,53.10563792563573,6.950331275983647,28.69547567858629
29.830000000000002,52.99106837005805,5.436594132363233,29.257861765099737
29.84,52.870650899810954,4.268452749898539,29.914712099579436
29.85,52.873827428896334,2.743573272677134,30.406343150312022
29.86,52.58934574064305,1.155065886408579,30.99280149904178
29.87,52.1267477910372,-0.11742991100763914,31.368635548535526
29.88,52.03016496444544,-1.5612157868204954,31.948506723548054
29.89,51.55580074233986,-3.0894717722637477,32.40406864447054
29.900000000000002,51.16883348237138,-4.627600129414306,32.778502835090286
29.91,50.852585755887645,-6.046049196834664,33.201693764393674
29.92,50.49270094279277,-7.9276630085566,33.30767686051378
29.93,50.04949079570857,-9.272305829881036,33.64733645772379
29.94,49.44198339241393,-11.106238390217202,33.83223886351105
29.95,48.85901503360174,-12.599564021163458,34.05468429561435
29.96,48.057630912135714,-14.041306064725088,34.36627551110647
29.97,47.37069140822856,-15.751032745750555,34.29882118813811
29.98,46.47024228635754,-17.32158653125869,34.30086760510094
29.990000000000002,46.05032405770907,-18.898300080416764,34.34455535641028
