seq,time_us,ax,ay,az,gx,gy,gz,mx,my,mz,drop_flag
0,22,0.027558453381061554,-0.010526475496590137,-1.031237244606018,0.1298390030860901,0.3051372170448303,-0.3044421374797821,29.858928680419922,-8.55301570892334,40.24626159667969,0
1,10101,-0.00180827546864748,0.005982191767543554,-1.0154415369033813,0.20200438797473907,0.3363926112651825,0.5699867010116577,31.619455337524414,-11.016448020935059,40.67584228515625,0
2,19922,0.04341532662510872,-0.037686437368392944,-1.005947232246399,-0.6132990121841431,0.26887038350105286,0.06733302026987076,29.367313385009766,-9.989274978637695,39.29545211791992,0
3,29937,-0.08020351827144623,0.06366098672151566,-1.0260390043258667,0.3244299590587616,0.6325082182884216,0.5641055703163147,29.17624282836914,-9.557476043701172,39.75870132446289,0
4,39939,-0.02576778084039688,-0.008431089110672474,-0.9822998642921448,-0.12707304954528809,0.6508920192718506,-1.0254886150360107,29.398784637451172,-10.88866138458252,39.743656158447266,0
5,49850,0.0424785390496254,0.05388227477669716,-0.9845615029335022,1.4682749509811401,0.9365233778953552,0.07227353006601334,29.73422622680664,-11.493300437927246,39.81102752685547,0
6,60071,-0.026994409039616585,0.05845027044415474,-0.9892002940177917,0.01998716965317726,0.10040141642093658,0.10555757582187653,30.240184783935547,-10.975261688232422,40.18351745605469,0
7,70219,0.09144540876150131,0.008380870334804058,-1.0003480911254883,-0.48031219840049744,1.5179959535598755,0.29494112730026245,30.157577514648438,-10.052151679992676,40.629695892333984,0
8,79848,0.004016179591417313,0.05580371618270874,-0.9972516298294067,-0.42560139298439026,-0.0031447545625269413,-0.5103054642677307,29.855144500732422,-9.122756004333496,40.82712936401367,0
9,89974,0.057145923376083374,-0.0037396776024252176,-0.9922114014625549,0.3289167881011963,0.16584186255931854,0.2951137125492096,29.171138763427734,-9.040841102600098,40.51555633544922,0
10,99652,-0.07530739158391953,0.025631528347730637,-0.9813951849937439,0.7005332112312317,0.22636626660823822,0.8671661615371704,27.856502532958984,-8.689465522766113,39.8178825378418,0
11,110197,0.05184832587838173,0.03829105198383331,-0.9968904852867126,0.3555787205696106,-1.0002537965774536,0.2977225184440613,31.689489364624023,-10.10203742980957,40.42021560668945,0
12,120182,0.013689731247723103,0.016838135197758675,-1.0257421731948853,-0.01779109053313732,0.007525139953941107,-0.27034705877304077,28.787704467773438,-9.473481178283691,39.55097961425781,0
13,129785,0.09810717403888702,0.024895543232560158,-1.0167328119277954,-0.17097194492816925,0.8837913870811462,0.6981049180030823,31.883241653442383,-8.85462760925293,39.97999572753906,0
14,139960,-0.055542755872011185,0.06174277514219284,-1.0018075704574585,-0.36372625827789307,0.1263435184955597,-0.18378567695617676,28.154739379882812,-10.818519592285156,38.06938552856445,0
15,149996,0.050562579184770584,0.029222577810287476,-0.9924635291099548,-1.1749494075775146,0.6864157915115356,0.11956436932086945,28.707794189453125,-8.470277786254883,40.4611701965332,0
16,159672,0.034135013818740845,0.014337587170302868,-0.992647647857666,-0.18233446776866913,0.2691611647605896,-0.792377233505249,27.483381271362305,-9.38454818725586,38.01296615600586,0
17,169972,0.01858396641910076,0.12909665703773499,-1.011029839515686,0.7477988600730896,0.2784026563167572,-0.5539173483848572,30.14318084716797,-9.585323333740234,41.257164001464844,0
18,180195,-0.07479803264141083,0.07992779463529587,-1.0252928733825684,-0.5484223365783691,0.08654184639453888,0.2253415733575821,29.7685604095459,-10.243913650512695,40.921566009521484,0
19,189905,0.03224559128284454,-0.0345417857170105,-1.0000430345535278,0.2019461989402771,-0.17274925112724304,0.4316430687904358,29.632217407226562,-9.940587043762207,39.59037399291992,0
20,200109,0.0006261086091399193,0.025553513318300247,-0.996690571308136,0.03978772088885307,-0.005581199657171965,0.6429191827774048,29.3035831451416,-11.186751365661621,39.89521789550781,0
21,209967,-0.02071980945765972,-0.02070564590394497,-0.9696786403656006,-0.6941419243812561,-0.00047546185669489205,0.9515469670295715,28.66948127746582,-11.137288093566895,39.221065521240234,0
22,220126,-0.007031699642539024,-0.02378794178366661,-0.9831673502922058,-0.22594118118286133,-0.7011078596115112,-0.19825126230716705,30.265470504760742,-10.300800323486328,40.67414093017578,0
23,230158,0.025972051545977592,0.0370170883834362,-1.0028809309005737,0.4948894679546356,-0.8104574084281921,0.104791559278965,28.938108444213867,-10.048027038574219,38.52510452270508,0
24,240055,-0.018101630732417107,-0.06139916554093361,-0.9545395374298096,-0.3510085344314575,0.665034830570221,-0.28783997893333435,30.400367736816406,-11.258862495422363,40.47398376464844,0
25,249829,0.0281965434551239,0.07419403642416,-0.9920307993888855,0.1865054816007614,-0.38201600313186646,0.18942393362522125,30.042133331298828,-10.480245590209961,40.73880386352539,0
26,260002,0.0100256921723485,0.06464844942092896,-0.9942013025283813,1.2633461952209473,0.5996674299240112,0.5255032181739807,31.255830764770508,-11.252620697021484,39.681949615478516,0
27,270112,-0.0488450862467289,-0.015309793874621391,-0.9849086403846741,-0.08690226823091507,-0.43945613503456116,-0.21438252925872803,32.59125518798828,-10.134034156799316,40.77569580078125,0
28,280090,0.03660520166158676,0.1253478080034256,-1.0310039520263672,-0.5379015207290649,-0.3329434096813202,-0.3812021315097809,29.459978103637695,-10.315747261047363,40.13644790649414,0
29,290122,0.031191915273666382,-0.01047484576702118,-1.0083197355270386,-1.087048888206482,-0.07469412684440613,0.6727614402770996,29.5521297454834,-10.411128044128418,38.478126525878906,0
30,299929,0.017997557297348976,-0.04458872228860855,-0.9671450257301331,-0.40602684020996094,-0.05201153829693794,-0.24743762612342834,27.66898536682129,-10.31591796875,40.745662689208984,0
31,309967,-0.0009546541259624064,-0.0134931281208992,-1.0583467483520508,-0.282041996717453,0.7612041234970093,-0.32397282123565674,32.2508544921875,-8.783676147460938,40.88751983642578,0
32,320006,-0.08407893776893616,0.0016473217401653528,-1.0362573862075806,-0.8897258639335632,-0.7692305445671082,0.15847158432006836,29.53553009033203,-9.353351593017578,40.10597229003906,0
33,330133,0.07323851436376572,0.15112881362438202,-1.0178602933883667,0.27043184638023376,0.5399962663650513,-0.7946476340293884,30.33774185180664,-9.35261344909668,39.69938278198242,0
34,339970,0.021283842623233795,0.04962950199842453,-0.9952040314674377,-1.4343949556350708,0.00525182718411088,-0.10744359344244003,29.23020362854004,-9.138870239257812,40.98057556152344,0
35,350036,-0.012028715573251247,-0.03455668315291405,-0.9840475916862488,-0.5135492086410522,0.7395059466362,0.5865319967269897,29.41853904724121,-10.553056716918945,39.70542907714844,0
36,360122,0.041850194334983826,0.04902315512299538,-0.9794686436653137,-0.05589788034558296,-0.02793419547379017,-0.6589332818984985,30.549867630004883,-9.858929634094238,40.522674560546875,0
37,370032,-0.10619300603866577,-0.04698457568883896,-0.9931002259254456,0.05074147880077362,-0.11679485440254211,-0.519472062587738,29.689035415649414,-11.63325309753418,39.03464889526367,0
38,380052,0.0026605736929923296,-0.006415960844606161,-1.0358574390411377,-0.21842654049396515,-0.19946551322937012,-0.37954825162887573,30.138973236083984,-9.558083534240723,40.39381408691406,0
39,390344,-0.10440327972173691,0.025150785222649574,-1.0085523128509521,0.31653693318367004,0.636419415473938,-0.20982681214809418,28.9488468170166,-9.519139289855957,39.979610443115234,0
40,399870,-0.03276112675666809,-0.040508925914764404,-0.993992805480957,-0.06901545077562332,-0.7418986558914185,0.0920235887169838,29.313478469848633,-9.982187271118164,39.88224411010742,0
41,409910,-0.01283938530832529,0.04429634287953377,-0.9781044721603394,-0.45474883913993835,-0.0013531207805499434,-0.08856313675642014,31.230613708496094,-9.530009269714355,39.122291564941406,0
42,419896,-0.0676666796207428,0.018508538603782654,-0.9859349131584167,-0.577975869178772,-0.3061434030532837,-0.018824558705091476,30.16254234313965,-11.483830451965332,39.12764358520508,0
43,429856,0.005693577229976654,-0.022718632593750954,-1.0345330238342285,0.31217917799949646,-0.0063366335816681385,0.07570164650678635,29.909454345703125,-9.768460273742676,38.30933380126953,0
44,439785,0.04407713934779167,-0.08229566365480423,-0.9921132922172546,-0.32069331407546997,0.5755252242088318,0.1868126541376114,30.077604293823242,-9.264044761657715,41.762638092041016,0
45,450028,-0.002506871009245515,-0.01649509370326996,-0.9781696796417236,0.919151246547699,0.526384711265564,0.041473306715488434,30.0386905670166,-10.032082557678223,41.817962646484375,0
46,459987,-0.047233566641807556,-0.05572466552257538,-1.0122264623641968,-0.16797195374965668,0.7198500633239746,-0.6358482241630554,28.9638614654541,-11.509946823120117,41.30873489379883,0
47,469915,-0.00900848675519228,0.05441243574023247,-0.9918647408485413,0.5273878574371338,0.39348840713500977,0.5449591279029846,29.33209991455078,-9.410715103149414,41.03196334838867,0
48,479727,-0.05397873371839523,-0.0580829493701458,-1.0102806091308594,-0.014365749433636665,0.648459792137146,-0.9209619164466858,30.955612182617188,-9.954023361206055,39.586143493652344,0
49,489753,-0.0031626145355403423,0.05590151622891426,-1.000998854637146,-1.3027793169021606,-0.038840167224407196,0.9225366711616516,29.958162307739258,-9.733560562133789,39.86875915527344,0
50,499990,0.007585874758660793,0.021348413079977036,-1.0130808353424072,0.018921546638011932,0.6094399094581604,-0.06666624546051025,30.859437942504883,-8.372520446777344,41.051151275634766,0
51,509970,0.032154254615306854,0.0012874737149104476,-0.9654120802879333,0.15671242773532867,0.20995591580867767,0.6725164651870728,30.81526756286621,-9.885292053222656,38.914363861083984,0
52,519849,0.04331163689494133,-0.003229959635064006,-1.0103955268859863,-0.10016825795173645,-0.11309424787759781,-0.027549849823117256,31.041669845581055,-8.485655784606934,40.398162841796875,0
53,529981,0.021015232428908348,0.02543523721396923,-0.9826215505599976,0.5895159244537354,0.3034120500087738,0.8625674247741699,30.763566970825195,-8.654082298278809,40.60457229614258,0
54,540124,0.09843336790800095,-0.0575718991458416,-0.9761880040168762,-0.8530788421630859,-0.9590124487876892,0.3482365310192108,29.829187393188477,-9.722408294677734,39.36678695678711,0
55,550011,0.03633955121040344,-0.10545714944601059,-1.001035213470459,-0.40408191084861755,0.7922557592391968,0.11751075834035873,29.28278923034668,-10.728947639465332,40.30141830444336,0
56,560050,-0.012376098893582821,0.02150670252740383,-0.9564642906188965,-0.4625895321369171,0.14915798604488373,0.031211309134960175,30.110931396484375,-9.464019775390625,41.825164794921875,0
57,570128,0.09733913838863373,-0.0297491867095232,-1.0023661851882935,0.16049519181251526,-0.0794273391366005,0.009159734472632408,30.387907028198242,-11.113447189331055,39.45198059082031,0
58,580127,-0.0314718522131443,-0.018333468586206436,-0.9950180053710938,0.16924500465393066,-0.2836286425590515,0.11740384250879288,28.743854522705078,-11.201045036315918,41.60850143432617,0
59,589966,0.05640822649002075,-0.026628730818629265,-1.007251262664795,0.07391154021024704,-0.5723759531974792,-0.03012797422707081,29.48723602294922,-10.485595703125,40.223907470703125,0
60,600007,0.03148246929049492,0.060944125056266785,-1.0244014263153076,0.40835797786712646,0.27798521518707275,0.08991315215826035,29.613340377807617,-8.39887523651123,38.15680694580078,0
61,609814,0.0795060321688652,-0.03025362826883793,-0.9798495769500732,-0.07508405297994614,-0.1481139063835144,-0.49519050121307373,30.841548919677734,-8.193593978881836,39.10093688964844,0
62,620025,-0.04596903175115585,-0.017038604244589806,-0.9792351722717285,-0.49410128593444824,-0.05713983252644539,0.035974759608507156,28.87566375732422,-10.126855850219727,39.263736724853516,0
63,629625,-0.09985366463661194,-0.025793718174099922,-0.9373202919960022,-0.573650598526001,0.09499821066856384,0.2997153401374817,31.78109359741211,-10.45531177520752,40.613861083984375,0
64,639965,-0.014918681234121323,0.001848176121711731,-1.0228763818740845,0.39711788296699524,0.10326247662305832,0.1123979464173317,31.186086654663086,-10.86190128326416,42.20073318481445,0
65,650080,0.01153799332678318,0.05674336850643158,-0.9913588166236877,0.15864388644695282,-0.9189199805259705,-0.2123422473669052,29.131803512573242,-11.17227554321289,39.80347442626953,0
66,659901,0.047835949808359146,-0.02440267615020275,-0.976017415523529,-0.34032997488975525,0.36696189641952515,-0.2825813889503479,30.720468521118164,-8.922513008117676,39.085819244384766,0
67,670015,-0.04956340044736862,0.05594451725482941,-0.9378357529640198,-0.05712652578949928,-0.2723342776298523,-0.4863796830177307,27.850610733032227,-10.116232872009277,40.01716232299805,0
68,680376,-0.010463040322065353,0.11160896718502045,-0.9764211773872375,-0.08992426842451096,0.968467652797699,0.42155322432518005,30.003141403198242,-13.257909774780273,39.33544158935547,0
69,689961,-0.052128929644823074,0.03789495676755905,-0.9811619520187378,0.8227787613868713,-0.004817413631826639,0.22332435846328735,29.751955032348633,-10.478538513183594,40.88102722167969,0
70,700092,0.09363275021314621,-0.015381859615445137,-1.0038156509399414,-0.8591912388801575,-0.5709741711616516,0.20243367552757263,29.29306411743164,-8.840402603149414,38.5667610168457,0
71,710071,0.024212606251239777,-0.0020060560200363398,-0.9764353036880493,-0.03861231356859207,-0.6985804438591003,0.4830898344516754,29.74298667907715,-10.687195777893066,40.11093521118164,0
72,719834,-0.001964538125321269,-0.13554802536964417,-0.9932180643081665,-1.155911922454834,0.670577883720398,1.049347996711731,29.692777633666992,-8.174588203430176,40.41250991821289,0
73,730023,0.09504478424787521,-0.04167691990733147,-1.0210987329483032,-0.5754172801971436,-0.055977270007133484,-0.5336533188819885,30.293487548828125,-8.758203506469727,38.91264343261719,0
74,739982,0.10656058043241501,0.028111575171351433,-0.9912770390510559,0.5065515637397766,-0.38495370745658875,0.7723601460456848,27.77284812927246,-9.510334968566895,40.39093017578125,0
75,749922,-0.023333722725510597,-0.007656162604689598,-0.991656482219696,-0.1089990958571434,0.945556104183197,0.005215983372181654,29.90446662902832,-9.339731216430664,40.34067153930664,0
76,759864,-0.0025840632151812315,0.008665535598993301,-1.002405047416687,0.6406567096710205,-0.736670196056366,0.13782577216625214,30.299894332885742,-10.619555473327637,40.81196594238281,0
77,769869,-0.016899466514587402,0.05311419069766998,-1.0143113136291504,0.06647205352783203,-0.17896385490894318,0.10500268638134003,29.562334060668945,-10.142834663391113,40.77095413208008,0
78,780146,-0.0358906164765358,-0.040303442627191544,-0.9985184073448181,-0.3256911635398865,0.32042941451072693,0.12601636350154877,30.377418518066406,-10.314530372619629,40.65662384033203,0
79,790126,0.06122547760605812,0.054051127284765244,-1.0218747854232788,-0.17829400300979614,-0.4971104562282562,-0.5308011770248413,30.874534606933594,-10.911188125610352,40.09800338745117,0
80,799758,0.07355920970439911,0.1671423614025116,-0.9932740330696106,0.1809917390346527,0.4726300537586212,-0.8038108348846436,30.10478973388672,-9.589879989624023,40.272884368896484,0
81,810073,0.009154485538601875,-0.04546723514795303,-0.9856483340263367,1.1999452114105225,-0.6484075784683228,0.22603945434093475,30.950672149658203,-11.198076248168945,39.04511642456055,0
82,820097,0.08191148936748505,-0.07034503668546677,-1.0190019607543945,0.2179744839668274,-0.006440767552703619,-0.6289729475975037,31.38988494873047,-9.516600608825684,40.33683776855469,0
83,830185,0.0185939259827137,-0.03174752742052078,-0.9834558963775635,-0.09678573906421661,0.06823708862066269,-0.04096924886107445,30.24984359741211,-10.70584487915039,39.396949768066406,0
84,839859,0.047413695603609085,-0.051033079624176025,-0.9949735999107361,-0.264922171831131,0.4221671521663666,0.522136926651001,29.709007263183594,-9.207977294921875,40.760562896728516,0
85,850030,-0.05821714922785759,0.04884011298418045,-0.996383011341095,-0.29160216450691223,0.28535863757133484,-0.20588131248950958,31.02652931213379,-9.661154747009277,39.3322639465332,0
86,860097,-0.03584503009915352,0.01836499385535717,-0.9563311338424683,0.4930008351802826,-0.5318851470947266,-0.2947624921798706,31.110191345214844,-10.179145812988281,42.09642028808594,0
87,870052,-0.0864483192563057,0.015860820189118385,-0.9676827788352966,-0.999627411365509,-0.16284316778182983,0.36825913190841675,30.678186416625977,-11.151933670043945,38.987518310546875,0
88,880060,-0.0027822181582450867,0.08783511072397232,-1.0151082277297974,-0.18644404411315918,0.49112796783447266,-0.6805557012557983,28.141868591308594,-8.370035171508789,40.13013458251953,0
89,890127,-0.05555156618356705,-0.036482393741607666,-1.0125689506530762,0.021225249394774437,-0.31030452251434326,0.8698108792304993,29.40850830078125,-11.06485652923584,40.4741096496582,0
90,899936,0.06566958129405975,0.10923153907060623,-0.9715948700904846,-0.3253530263900757,0.16534630954265594,0.44920170307159424,29.986711502075195,-11.041245460510254,40.16343688964844,0
91,909788,0.010187189094722271,-0.02582489140331745,-0.9958891868591309,0.029380356892943382,-0.004161149729043245,-0.16030801832675934,29.662752151489258,-9.444214820861816,40.53813171386719,0
92,920041,0.031924255192279816,0.010949132964015007,-1.0113608837127686,-0.25501036643981934,-0.1156473308801651,-0.27347761392593384,29.56850814819336,-7.520278453826904,39.71598815917969,0
93,930043,0.0010888595134019852,0.04731801524758339,-0.9932516813278198,-0.16721752285957336,0.38091447949409485,0.06099505349993706,29.453414916992188,-10.977100372314453,40.30064010620117,0
94,939893,0.02945132926106453,0.052855491638183594,-1.0043530464172363,-0.14589743316173553,1.0103460550308228,1.0670437812805176,30.21428108215332,-9.41788387298584,39.90235137939453,0
95,950025,-0.03503023833036423,0.00801944825798273,-1.0018470287322998,0.061103660613298416,0.2700635492801666,-0.3091139793395996,30.478744506835938,-10.739646911621094,40.878814697265625,0
96,960024,-0.0034368736669421196,-0.03873360902070999,-0.9989832043647766,-0.8659912943840027,-0.027459708973765373,0.46080538630485535,29.371736526489258,-10.766132354736328,39.484378814697266,0
97,969966,-0.04207727313041687,0.06973883509635925,-0.9858285784721375,-0.21430329978466034,-0.17532901465892792,-0.468252956867218,30.52757453918457,-10.324028968811035,41.48728942871094,0
98,980134,0.04588054120540619,-0.002653194358572364,-0.9892091155052185,-1.1347284317016602,0.24902337789535522,-0.36520329117774963,31.202260971069336,-8.91436767578125,39.91870880126953,0
99,990132,0.061086930334568024,0.036509543657302856,-0.9844152331352234,-0.07620464265346527,-0.3578087389469147,0.20330475270748138,29.03755760192871,-10.447281837463379,41.35148620605469,0
100,1000093,-0.021295277401804924,0.05643431097269058,-1.0132052898406982,-0.512723982334137,0.5913156867027283,-0.38016894459724426,29.532939910888672,-9.751245498657227,42.36624526977539,0
101,1010227,-0.0444910004734993,0.05833366885781288,-0.9856753945350647,-0.13345842063426971,0.45665138959884644,1.3149702548980713,32.54014587402344,-10.636358261108398,39.492313385009766,0
102,1019979,-0.019580667838454247,0.006324933376163244,-1.0447447299957275,-0.4080241620540619,0.44617992639541626,-0.37174108624458313,29.057228088378906,-10.529444694519043,40.97175979614258,0
103,1029779,0.05108487978577614,0.006160021293908358,-0.960882842540741,0.10476928949356079,0.8353610634803772,0.1453954577445984,30.458602905273438,-9.442526817321777,39.55976104736328,0
104,1039992,-0.034466736018657684,-0.017306622117757797,-0.9948471784591675,-0.06062323600053787,-0.24325530230998993,0.0458110012114048,30.882553100585938,-10.714723587036133,40.174537658691406,0
105,1049932,0.0003831654030364007,-0.12263494729995728,-1.0055872201919556,-1.050776720046997,0.051892202347517014,-0.3252231478691101,31.080583572387695,-9.643538475036621,41.012969970703125,0
106,1059903,0.09436497837305069,0.013964091427624226,-0.9951172471046448,0.2967335283756256,-0.42773574590682983,0.49326008558273315,29.286088943481445,-10.950201034545898,41.52558517456055,0
107,1069871,-0.019389059394598007,0.061198897659778595,-1.0020077228546143,-0.5110636353492737,-0.08113337308168411,-0.15291228890419006,30.134347915649414,-9.9652099609375,40.303218841552734,0
108,1080008,-0.06415051221847534,0.011345673352479935,-0.9743787050247192,0.751466691493988,-0.5824292302131653,-0.5099884867668152,28.216876983642578,-8.785325050354004,40.521785736083984,0
109,1090104,-0.044303152710199356,-0.09776633977890015,-0.9719027280807495,-0.029335245490074158,-0.8842846155166626,0.10184162855148315,32.9107551574707,-11.454156875610352,40.70329284667969,0
110,1099948,0.021411551162600517,0.10758882761001587,-1.0024322271347046,-0.05306212604045868,-0.03549948334693909,0.325846791267395,30.50698471069336,-9.753417015075684,41.834434509277344,0
111,1110212,0.05727614462375641,-0.01612480729818344,-1.017535924911499,-0.4904540181159973,-0.2598420977592468,0.11027079820632935,29.606218338012695,-11.223114013671875,39.54056167602539,0
112,1120286,0.057045821100473404,0.06150304526090622,-1.0156478881835938,-0.5785992741584778,0.5021533370018005,-0.373683363199234,29.195167541503906,-9.571680068969727,39.649742126464844,0
113,1129839,0.09536954015493393,-0.03768663853406906,-0.9900562167167664,0.24733126163482666,0.7030836939811707,0.1495099514722824,29.572572708129883,-11.149328231811523,39.4890251159668,0
114,1140085,0.042769771069288254,-0.19547630846500397,-0.9770823121070862,0.340211421251297,0.04803040623664856,0.688078761100769,30.375295639038086,-10.008589744567871,41.22373580932617,0
115,1150189,0.07204726338386536,-0.06272862106561661,-1.018885612487793,0.4247979521751404,0.7756157517433167,-0.7028213739395142,29.209754943847656,-10.88843059539795,39.6541862487793,0
116,1160035,-0.007936893031001091,0.07988690584897995,-0.9599818587303162,0.17550060153007507,0.717612624168396,0.2892707586288452,30.422134399414062,-10.537009239196777,39.90301513671875,0
117,1170163,0.033047329634428024,-0.02759562060236931,-1.0064278841018677,-0.11148682236671448,-0.4305099546909332,-1.271421194076538,31.372045516967773,-9.993424415588379,40.486507415771484,0
118,1179743,0.011696443893015385,-0.017412878572940826,-1.0046781301498413,-0.017544949427247047,-0.7914077043533325,0.2861776351928711,30.22480010986328,-10.095319747924805,39.715179443359375,0
119,1189971,0.046078383922576904,0.04430927336215973,-0.9978207349777222,-0.171885147690773,0.06505779176950455,0.17607343196868896,29.784582138061523,-9.93642520904541,40.470603942871094,0
120,1199946,0.002452095504850149,-0.05440496653318405,-1.0327469110488892,-0.493226021528244,-0.6494323015213013,0.7751830220222473,29.33196449279785,-9.738680839538574,38.42646789550781,0
121,1210074,0.02371269464492798,0.06225813180208206,-1.017784833908081,-0.07229112088680267,-0.06830776482820511,-0.272874116897583,30.956331253051758,-7.044262409210205,39.74819564819336,0
122,1219675,0.021703576669096947,-0.030494775623083115,-1.0135375261306763,-0.5836709141731262,0.1289033442735672,0.18907923996448517,30.034706115722656,-10.776535034179688,39.401405334472656,0
123,1229948,0.014114673249423504,-0.005897251423448324,-1.0156182050704956,-0.07693473249673843,0.36151617765426636,-0.4684736430644989,30.27559471130371,-9.633100509643555,39.618099212646484,0
124,1240077,-0.0823303684592247,0.02478867955505848,-0.9995063543319702,0.5444245338439941,0.18786734342575073,0.014194030314683914,30.77671241760254,-8.385015487670898,39.449283599853516,0
125,1249883,0.012755166739225388,-0.022950759157538414,-1.0216093063354492,-0.22442695498466492,-0.1373404860496521,-0.02160055935382843,29.58055877685547,-9.465230941772461,39.050331115722656,0
126,1259897,-0.08467315882444382,-0.05710902065038681,-0.9818047285079956,0.3744230270385742,-0.30927470326423645,0.666853666305542,29.42060089111328,-9.74854564666748,40.03996658325195,0
127,1269909,-0.0278145894408226,0.0554162859916687,-0.9324588179588318,-0.5447302460670471,0.30803605914115906,-0.12735910713672638,31.7360897064209,-10.271525382995605,37.9946174621582,0
128,1279861,-0.11148665100336075,0.057685744017362595,-0.9977142214775085,-0.400409072637558,0.007288369815796614,-0.1315862536430359,30.194854736328125,-9.585759162902832,39.07685470581055,0
129,1289967,-0.03743121027946472,-0.022966725751757622,-1.009755253791809,0.13089042901992798,0.8903692960739136,-0.8101040124893188,30.91494369506836,-11.155828475952148,40.28711700439453,0
130,1300150,0.02314578741788864,0.010762938298285007,-1.0193716287612915,0.11400724947452545,0.2065061330795288,0.4436074495315552,30.262351989746094,-11.17036247253418,38.63042068481445,0
131,1310148,0.006310879252851009,0.028144877403974533,-0.9903435111045837,0.08425887674093246,-0.3057059049606323,-1.1851296424865723,30.08040428161621,-10.284985542297363,40.726139068603516,0
132,1320024,0.033643946051597595,-0.024197131395339966,-1.0425019264221191,-0.62701416015625,0.040991369634866714,0.5467267036437988,29.557554244995117,-7.601831436157227,38.61327362060547,0
133,1329979,0.0028486670926213264,-0.03517693653702736,-1.0267689228057861,0.5080655813217163,0.7761924266815186,0.1431182622909546,31.4642391204834,-10.435227394104004,39.078365325927734,0
134,1340185,-0.021635817363858223,-0.0738052949309349,-1.0009839534759521,-0.4211227595806122,-0.35352444648742676,0.24556289613246918,29.26963233947754,-8.158674240112305,40.38884735107422,0
135,1349673,0.004622534848749638,0.008713646791875362,-1.001036286354065,-0.33655500411987305,-0.5186960101127625,0.4636058211326599,30.620824813842773,-9.108835220336914,39.72841262817383,0
136,1359589,0.00764142069965601,-0.011118084192276001,-1.0139931440353394,-0.18541787564754486,0.5759006142616272,-1.3164668083190918,29.1929874420166,-11.402202606201172,37.59184646606445,0
137,1370030,0.02510310336947441,-0.017464039847254753,-1.0276566743850708,-0.20577135682106018,-0.47995346784591675,-0.13538192212581635,30.5583438873291,-11.020528793334961,39.814395904541016,0
138,1379853,0.031180763617157936,0.0027153929695487022,-0.9866427183151245,-0.10992231965065002,0.1771698296070099,0.1793018877506256,30.192371368408203,-9.955930709838867,38.96764373779297,0
139,1389965,-0.06614243239164352,-0.123042531311512,-1.0097013711929321,-0.7031399011611938,0.16317757964134216,0.6880480051040649,29.422590255737305,-10.156153678894043,40.41532897949219,0
140,1399769,0.016237664967775345,-0.021322647109627724,-1.0236608982086182,-0.2318459004163742,-1.8552247285842896,-0.802983820438385,30.664260864257812,-8.46397590637207,38.506439208984375,0
141,1409995,-0.1124190092086792,-0.007042326033115387,-1.0279749631881714,-0.7965649962425232,-0.5099944472312927,-0.026233162730932236,27.566722869873047,-8.526301383972168,39.6413688659668,0
142,1420068,0.020305316895246506,0.0654381588101387,-0.9832252264022827,0.4869213104248047,-0.44812726974487305,-0.37331509590148926,28.7839412689209,-10.47153091430664,39.24306106567383,0
143,1430058,-0.04319041967391968,0.06491199880838394,-0.9928881525993347,-0.5929278135299683,-0.1923871487379074,0.3492850065231323,29.331626892089844,-10.363262176513672,39.57524490356445,0
144,1440019,-0.0234727431088686,0.047426775097846985,-0.9945436120033264,0.25165441632270813,0.8651970624923706,0.36528775095939636,29.691925048828125,-9.681771278381348,42.05780029296875,0
145,1449921,-0.08896157145500183,0.04596676677465439,-1.0011447668075562,0.17543458938598633,0.41253167390823364,-0.009953368455171585,30.646390914916992,-10.504809379577637,39.66896057128906,0
146,1460082,-0.03988220542669296,0.031709298491477966,-1.0162930488586426,0.07705066353082657,-0.8653683066368103,-0.4015136659145355,29.918292999267578,-8.151196479797363,38.12599563598633,0
147,1469740,-0.025938892737030983,0.06639038026332855,-0.9923082590103149,-0.23171451687812805,-0.14739146828651428,0.6408799886703491,29.114377975463867,-10.57792854309082,40.4534797668457,0
148,1480102,0.057928431779146194,-0.0015933867543935776,-1.0252702236175537,0.30441147089004517,-0.5448984503746033,0.10306648910045624,30.671045303344727,-10.43362045288086,40.284149169921875,0
149,1490247,-0.076872818171978,0.0341256819665432,-1.0129213333129883,0.18793945014476776,0.4343588650226593,-0.25622743368148804,28.524810791015625,-9.730475425720215,40.82518005371094,0
150,1500048,-0.04539250209927559,-0.08791214972734451,-0.9909040331840515,0.357164204120636,0.26084601879119873,-0.08417029678821564,29.032461166381836,-9.602696418762207,40.312225341796875,0
151,1510309,-0.021835127845406532,-0.014237037859857082,-0.9864119291305542,0.5923532247543335,0.3629639446735382,-0.3050139844417572,30.14551544189453,-9.652885437011719,38.725502014160156,0
152,1519753,-0.0019384409533813596,-0.08322171866893768,-0.9751161932945251,-0.1700037568807602,-0.039788514375686646,0.29996034502983093,29.35146713256836,-7.799937725067139,40.397708892822266,0
153,1530048,0.03769452124834061,0.023515136912465096,-0.9680970907211304,-0.17613458633422852,0.5814961791038513,-0.49220213294029236,29.07281494140625,-11.031842231750488,40.95040512084961,0
154,1540168,0.11975420266389847,-0.054915327578783035,-1.0001249313354492,0.006985809653997421,-0.11782268434762955,0.21103888750076294,28.23174476623535,-8.67573070526123,39.1094856262207,0
155,1550116,-0.005394810810685158,-0.05203146114945412,-1.0093278884887695,-0.004527402110397816,-0.5681753158569336,-0.19646714627742767,28.28017234802246,-9.254190444946289,39.51907730102539,0
156,1560117,0.03533124551177025,-0.03434424474835396,-1.010834813117981,-0.5537080764770508,0.47242623567581177,-0.06664903461933136,31.705795288085938,-10.0084810256958,39.95103073120117,0
157,1569979,0.0033688414841890335,-0.031160103157162666,-0.9956177473068237,-0.1287834793329239,0.9633187055587769,-0.6330300569534302,29.31745147705078,-10.335592269897461,39.006778717041016,0
158,1579854,-0.08387059718370438,-0.067476786673069,-0.9970957636833191,-0.6441904902458191,1.0282807350158691,-1.339552640914917,30.979700088500977,-10.666675567626953,41.110130310058594,0
159,1589897,0.008570367470383644,-0.0007223860011436045,-0.9771245121955872,-1.2278741598129272,1.2264667749404907,-0.0682869702577591,28.862478256225586,-10.96608829498291,40.6257438659668,0
160,1599629,0.017417361959815025,-0.032637231051921844,-0.9850581288337708,-0.3302932381629944,0.6252281665802002,0.8913896083831787,31.373197555541992,-10.197243690490723,39.99348068237305,0
161,1610149,0.02317148447036743,0.0356331393122673,-0.984833836555481,0.050374213606119156,-0.5090598464012146,-1.3474640846252441,29.562326431274414,-8.675707817077637,38.71579360961914,0
162,1620062,0.07929347455501556,-0.010267301462590694,-1.017837405204773,1.037155270576477,0.16495946049690247,-0.25591638684272766,31.299306869506836,-10.29415512084961,41.20463943481445,0
163,1629741,0.04855737462639809,0.02580859325826168,-1.0030854940414429,0.6321249604225159,0.0816064402461052,0.4312499463558197,29.42510223388672,-8.103261947631836,38.59492492675781,0
164,1640220,-0.06458855420351028,0.0007700279238633811,-0.9873312711715698,-0.9582164883613586,-0.313140869140625,0.9904465675354004,30.70414924621582,-8.770767211914062,38.80428695678711,0
165,1650313,0.01193715538829565,0.015663670375943184,-0.9788761138916016,-0.41002053022384644,-0.07665019482374191,-0.4776669144630432,29.440078735351562,-9.434308052062988,39.22187042236328,0
166,1660251,-0.041719865053892136,0.023455064743757248,-0.9797742962837219,-0.037771448493003845,-0.21931076049804688,-0.8786198496818542,28.646074295043945,-9.786521911621094,39.108917236328125,0
167,1670236,0.11489798873662949,0.019654655829072,-1.0130137205123901,0.5478429794311523,0.7261021733283997,0.1554786115884781,31.81070327758789,-8.976301193237305,40.547000885009766,0
168,1679852,0.06185624748468399,0.0006750171887688339,-0.9640287756919861,-0.16748371720314026,0.4839799106121063,1.1755626201629639,30.20906639099121,-10.102216720581055,40.005130767822266,0
169,1689894,-0.02816600538790226,-0.04043120518326759,-1.0088427066802979,0.25911444425582886,-0.18209810554981232,0.13810725510120392,30.342613220214844,-11.29686450958252,41.405155181884766,0
170,1700360,-0.007241981104016304,-0.12957102060317993,-0.9930130839347839,0.5523532032966614,-0.5179576277732849,-0.5187743306159973,29.374235153198242,-10.86444091796875,39.64154815673828,0
171,1709883,-0.04829280078411102,-0.0682947188615799,-1.0212050676345825,0.006063514389097691,-0.43317899107933044,-0.943263828754425,29.077226638793945,-10.673004150390625,40.11221694946289,0
172,1719837,0.019992364570498466,-0.06844543665647507,-0.9885441064834595,0.2641647458076477,-0.5696752071380615,-0.18349047005176544,32.27763366699219,-7.922982692718506,39.718807220458984,0
173,1729838,-0.008175860159099102,-0.05045827105641365,-1.0008705854415894,-0.9191333651542664,-0.09001398086547852,-1.1763561964035034,28.717082977294922,-10.457562446594238,39.31065368652344,0
174,1739735,0.1208934634923935,-0.037826862186193466,-1.0126264095306396,-0.4222972095012665,0.04149836674332619,0.016735561192035675,29.853193283081055,-9.148889541625977,41.3626594543457,0
175,1750055,-0.0073812659829854965,-0.04159269854426384,-1.0056606531143188,-0.2271115928888321,0.5075733661651611,-0.5607782602310181,29.269332885742188,-10.470779418945312,39.00020980834961,0
176,1760136,0.06919043511152267,-0.096809022128582,-0.9762335419654846,-0.2526685893535614,0.687285840511322,-0.7327185273170471,28.473426818847656,-11.441142082214355,39.6326789855957,0
177,1770221,-0.0247634444385767,0.03398273512721062,-1.0102641582489014,-0.21390506625175476,0.37192437052726746,-0.6033982038497925,30.346263885498047,-10.487290382385254,38.49824142456055,0
178,1779840,-0.03390048071742058,-0.047608211636543274,-1.0478993654251099,-0.5166241526603699,-0.2180674970149994,-1.0583585500717163,31.20822525024414,-9.835172653198242,40.08168411254883,0
179,1789931,0.0016241869889199734,-0.026002919301390648,-0.9903202056884766,-0.16152146458625793,-0.9141544699668884,0.762936532497406,28.797454833984375,-8.915727615356445,39.51573181152344,0
180,1800021,-0.005739457439631224,0.02993180975317955,-1.0249240398406982,-0.4287410080432892,0.3339674174785614,0.597891628742218,30.516998291015625,-11.344730377197266,41.7714958190918,0
181,1809964,0.0024750586599111557,0.020115401595830917,-1.0200204849243164,0.40673574805259705,0.4309663474559784,-0.551417350769043,27.45088768005371,-11.459692001342773,40.359649658203125,0
182,1819925,0.11035829037427902,-0.00441947765648365,-0.9769019484519958,0.38618817925453186,0.15706579387187958,0.19769631326198578,30.455345153808594,-9.35440731048584,39.68748474121094,0
183,1830011,0.0004574844497255981,0.016169805079698563,-1.0013678073883057,-0.25834059715270996,-0.025599131360650063,0.07904602587223053,28.766569137573242,-11.262496948242188,39.75009536743164,0
184,1840174,-0.02263008989393711,0.051549870520830154,-0.9883211255073547,0.3550466001033783,-0.36763516068458557,0.3674144446849823,30.897878646850586,-12.382166862487793,40.021915435791016,0
185,1849902,0.07225343585014343,-0.004257156513631344,-0.9895855784416199,-0.8646398186683655,0.49842238426208496,0.5463621616363525,30.545940399169922,-10.694089889526367,39.66181182861328,0
186,1859915,0.03515005111694336,-0.07275690138339996,-1.0187325477600098,0.04645624756813049,0.44526880979537964,0.9357543587684631,30.25711441040039,-9.753822326660156,40.01751708984375,0
187,1870252,-0.007179721724241972,-0.036596715450286865,-1.0181814432144165,0.4547217786312103,0.24331404268741608,0.27316829562187195,28.38349723815918,-10.752888679504395,40.74279022216797,0
188,1879870,0.005171399563550949,0.011493505910038948,-0.999366283416748,1.406675100326538,0.9028464555740356,-0.36095649003982544,29.147600173950195,-8.905899047851562,40.944034576416016,0
189,1889680,0.011933504603803158,0.02496715821325779,-0.9848045706748962,0.17487630248069763,0.8626402616500854,0.23878821730613708,29.319211959838867,-10.226343154907227,39.191078186035156,0
190,1899987,-0.045506540685892105,-0.007804433815181255,-0.9935035705566406,-0.06283176690340042,-0.19418060779571533,-0.07764358073472977,29.769207000732422,-10.220240592956543,38.92877197265625,0
191,1909903,0.021137019619345665,0.009667337872087955,-1.0083799362182617,0.11010289192199707,0.9415469765663147,0.1905880570411682,29.318519592285156,-10.983417510986328,39.04539108276367,0
192,1920111,-0.09267815202474594,0.0036113064270466566,-0.9884939193725586,0.057995155453681946,0.19248643517494202,-8.338930638274178e-05,29.537282943725586,-10.359146118164062,41.07909393310547,0
193,1930002,0.06629075855016708,0.047220174223184586,-1.001779317855835,-0.1722951978445053,-0.8374342918395996,-0.46421197056770325,29.975793838500977,-8.122590065002441,39.61955261230469,0
194,1939971,0.05766356363892555,-0.027300870046019554,-1.0010278224945068,-0.5919614434242249,-0.15467125177383423,-0.4887654781341553,31.243772506713867,-10.075726509094238,40.86280059814453,0
195,1950267,-0.013315057381987572,0.025119809433817863,-0.9964117407798767,-0.4004823565483093,-0.08433739095926285,-0.19241076707839966,29.795944213867188,-10.504976272583008,39.68914794921875,0
196,1959912,-0.027241501957178116,0.018597574904561043,-1.0028462409973145,0.6066372394561768,-0.31521162390708923,0.21073013544082642,31.108352661132812,-11.271050453186035,41.01760482788086,0
197,1970223,0.01120041124522686,0.00418779905885458,-1.0013847351074219,0.20216575264930725,0.5179299712181091,-0.24625885486602783,30.724428176879883,-9.314901351928711,41.13671875,0
198,1980047,0.05696261301636696,-0.05002838000655174,-1.0117194652557373,0.4310808479785919,-1.0192207098007202,-0.06322652101516724,29.63094711303711,-9.255758285522461,40.268768310546875,0
199,1990099,0.08344320207834244,-0.09101009368896484,-1.0226329565048218,-0.3742222487926483,-0.10058175027370453,0.38190534710884094,28.47368049621582,-9.738508224487305,39.7085075378418,0
200,1999795,0.02702050656080246,-0.0440104678273201,-1.017000675201416,0.31512442231178284,-0.492188036441803,0.09316372871398926,31.37953758239746,-10.139577865600586,41.643131256103516,0
201,2010165,-0.07723136246204376,0.029020188376307487,-0.9976410269737244,0.31604307889938354,0.4117959141731262,-0.2053675502538681,28.586610794067383,-12.241117477416992,39.23191833496094,0
202,2019953,0.04026861861348152,-0.052458710968494415,-1.0034406185150146,0.7567653656005859,0.10661488771438599,0.12916721403598785,29.83613395690918,-10.330144882202148,41.11422348022461,0
203,2030239,0.03348129987716675,-0.033275056630373,-0.9854602217674255,0.6762274503707886,-0.9046276211738586,-0.40714922547340393,29.782718658447266,-9.489480018615723,38.32318878173828,0
204,2040148,-0.001134110032580793,-0.025390727445483208,-1.030631184577942,-0.4102686047554016,0.14566895365715027,0.17689333856105804,30.757375717163086,-10.782758712768555,40.6164665222168,0
205,2049874,0.1278582513332367,-0.125218003988266,-0.9999154806137085,0.022230790928006172,0.6532673835754395,0.39652788639068604,29.160938262939453,-10.598183631896973,39.97352600097656,0
206,2060066,0.025028057396411896,0.02938493713736534,-1.011938214302063,-0.1947454810142517,0.5844537019729614,0.041228100657463074,30.279813766479492,-9.534908294677734,39.068721771240234,0
207,2069813,-0.10292664170265198,-0.1571512222290039,-1.001550316810608,0.4743419289588928,0.3329569399356842,0.61186283826828,30.03860855102539,-10.717635154724121,40.764610290527344,0
208,2080105,0.006272519938647747,0.02237987518310547,-1.0147398710250854,0.1170966625213623,0.245018869638443,0.1654433161020279,30.277652740478516,-11.054316520690918,40.38472366333008,0
209,2089935,0.04926330968737602,-0.041638217866420746,-0.9783948063850403,-0.30442237854003906,0.9619196653366089,-0.6093061566352844,30.30443572998047,-9.919438362121582,40.211585998535156,0
210,2100000,-0.01792079582810402,0.01858067885041237,-0.9834616184234619,0.029703598469495773,-0.7246190309524536,-0.09169819951057434,30.75682258605957,-11.793556213378906,39.81608200073242,0
211,2109955,-0.011818047612905502,-0.03984513506293297,-1.054356336593628,-0.30006739497184753,0.24573232233524323,0.6939901113510132,30.810157775878906,-7.707274913787842,39.21694564819336,0
212,2119810,0.020116787403821945,0.005105670541524887,-0.9768825769424438,-0.4086327850818634,-0.8029662370681763,-0.20571789145469666,30.71472930908203,-9.098490715026855,39.584529876708984,0
213,2129986,-0.060817375779151917,0.02861250378191471,-0.9764975309371948,0.5614165663719177,-0.03930804505944252,-0.7931702136993408,30.39582061767578,-10.590314865112305,38.315101623535156,0
214,2139880,-0.0861038938164711,0.058592021465301514,-1.024458885192871,-1.2083969116210938,-0.3393006920814514,-0.14420756697654724,31.515789031982422,-9.256168365478516,37.327205657958984,0
215,2150062,-0.014212396927177906,0.06700152158737183,-0.9840997457504272,0.025265207514166832,-0.14524589478969574,0.5803444385528564,29.827213287353516,-10.589038848876953,40.41811752319336,0
216,2160095,-0.009405204094946384,0.010185088962316513,-0.9780341982841492,0.6342515349388123,-0.10675448924303055,-0.05568718910217285,30.14239501953125,-10.386481285095215,40.24633026123047,0
217,2170192,-0.0022756787948310375,0.06170549616217613,-0.9828179478645325,-0.09570373594760895,0.4061841070652008,0.17991022765636444,29.766925811767578,-9.816133499145508,40.556434631347656,0
218,2180078,-0.06358268857002258,0.041987597942352295,-1.0014533996582031,0.06059864163398743,-0.12655507028102875,-0.05520716309547424,29.97509002685547,-10.664844512939453,39.42940139770508,0
219,2189847,-0.020299674943089485,0.017214365303516388,-1.0229755640029907,0.07137706875801086,0.6991996765136719,0.5665333271026611,29.927444458007812,-11.322521209716797,40.30226516723633,0
220,2200045,0.08451570570468903,0.01079026609659195,-1.0023161172866821,-0.6010048985481262,0.0808880478143692,0.5485754609107971,29.60114288330078,-10.912357330322266,42.07444381713867,0
221,2209967,-0.003015681402757764,0.0446786992251873,-0.9799187183380127,0.13745422661304474,0.6019687652587891,0.7994652986526489,30.696849822998047,-9.972883224487305,39.91862487792969,0
222,2219946,0.024245988577604294,-0.018772976472973824,-1.0151675939559937,0.5659059286117554,0.3633699417114258,0.009590895846486092,29.089866638183594,-8.92812728881836,40.071720123291016,0
223,2230198,-0.03904992714524269,0.007712036371231079,-0.9564903378486633,0.15121915936470032,-0.003563167294487357,-0.34767860174179077,32.00474166870117,-9.454427719116211,39.57332229614258,0
224,2239964,0.07069852948188782,0.055826492607593536,-1.0166876316070557,0.0017098054522648454,1.0372179746627808,0.5572327375411987,30.30425453186035,-9.262764930725098,40.632938385009766,0
225,2250053,0.043884098529815674,0.09468714147806168,-1.00283682346344,0.3784500062465668,0.5734548568725586,0.12247404456138611,31.697755813598633,-10.656614303588867,40.92548370361328,0
226,2259966,0.07193434238433838,-0.08104763925075531,-0.9950453042984009,0.48683151602745056,0.3900153338909149,-0.6086345314979553,28.784751892089844,-9.587672233581543,40.37841033935547,0
227,2269834,0.05011340230703354,-0.03584782034158707,-0.9832375049591064,0.22232826054096222,0.291578471660614,-0.820419192314148,33.0738410949707,-9.487997055053711,40.9390983581543,0
228,2279845,0.06097082421183586,0.07078901678323746,-0.9752375483512878,0.4496522545814514,0.6551125645637512,-0.5281530022621155,30.582950592041016,-11.0846586227417,39.958160400390625,0
229,2290049,0.055885713547468185,-0.07999392598867416,-0.997050940990448,0.1593441218137741,-0.48773425817489624,0.012742222286760807,28.434953689575195,-9.934087753295898,40.020389556884766,0
230,2300201,-0.03231038898229599,-0.09839416295289993,-0.9698111414909363,0.3172837197780609,0.5330770015716553,0.0808916762471199,29.900556564331055,-10.51722240447998,40.1265983581543,0
231,2310056,-0.00297362357378006,-0.04072124883532524,-0.9749391078948975,0.08466895669698715,0.9034242033958435,0.9413360953330994,29.45567512512207,-11.3858060836792,40.62179946899414,0
232,2320317,-0.024803554639220238,0.03806576505303383,-1.0082184076309204,-0.5844169855117798,0.19618786871433258,-0.12838979065418243,29.977697372436523,-9.74947738647461,37.93273162841797,0
233,2330330,0.019486671313643456,-0.08898359537124634,-1.0224692821502686,0.1170991063117981,0.8147270679473877,-0.49403688311576843,30.431209564208984,-10.631003379821777,40.82009506225586,0
234,2340164,0.001954925712198019,-0.03260263800621033,-1.0309749841690063,-0.4657227396965027,0.1599501669406891,-0.5524068474769592,31.79779052734375,-8.527828216552734,40.224853515625,0
235,2350270,-0.031248314306139946,-0.07438917458057404,-1.0009535551071167,-0.6851804256439209,0.408500999212265,0.8315243721008301,30.27520751953125,-8.38481330871582,40.51211929321289,0
236,2359883,0.0408998541533947,0.018737193197011948,-0.9797200560569763,0.16353802382946014,0.5047271251678467,0.03956613689661026,31.18743324279785,-9.617181777954102,41.07685852050781,0
237,2369991,0.0010410096729174256,0.054598793387413025,-1.0120879411697388,0.7911074757575989,0.2558310329914093,0.8614538908004761,28.377363204956055,-10.138507843017578,40.07915115356445,0
238,2379971,-0.012160958722233772,-0.08088088780641556,-0.9536557793617249,-0.04884612187743187,-0.49417129158973694,0.12274789065122604,28.82050895690918,-8.758395195007324,39.84483337402344,0
239,2389789,-0.0660674199461937,-0.058778874576091766,-0.9533455967903137,-0.20212657749652863,-1.232210397720337,0.3460725247859955,28.49538230895996,-9.24402904510498,39.68704605102539,0
240,2399939,0.048082634806632996,0.023617904633283615,-0.9984115958213806,-0.4939388632774353,0.49235743284225464,-0.6974161267280579,29.76102066040039,-10.421553611755371,38.904937744140625,0
241,2410233,-0.06376046687364578,0.05685847997665405,-1.0152230262756348,0.4332979619503021,0.521779477596283,0.08347050100564957,30.361366271972656,-10.70283031463623,39.411102294921875,0
242,2420293,0.08176612854003906,-0.0233590267598629,-0.9986643195152283,0.04068230465054512,0.17832940816879272,-0.1444614976644516,28.187028884887695,-10.149062156677246,39.855918884277344,0
243,2430154,0.053052742034196854,0.03320535644888878,-1.0219203233718872,-1.528509259223938,0.14160104095935822,0.6812623143196106,28.701250076293945,-8.488991737365723,39.26606750488281,0
244,2440137,0.031108029186725616,-0.038304463028907776,-1.0135544538497925,-0.7046934962272644,0.16606123745441437,-0.218623548746109,28.1783447265625,-10.245391845703125,39.386741638183594,0
245,2450127,-0.01615609973669052,0.05604877322912216,-0.9769604206085205,0.4913300573825836,0.3283039331436157,0.1055908128619194,30.78656768798828,-10.45530891418457,41.693145751953125,0
246,2460070,0.0246915053576231,-0.0050195930525660515,-1.0175575017929077,0.30964145064353943,0.7199927568435669,-0.3512718081474304,29.10195541381836,-11.041154861450195,40.73003387451172,0
247,2470076,0.013168602250516415,-0.0031029495876282454,-1.008514165878296,-0.5070887207984924,0.33050692081451416,-0.18423129618167877,30.11168098449707,-8.847285270690918,40.89975357055664,0
248,2480108,-0.0015264502726495266,-0.078583262860775,-0.9966437220573425,0.313787579536438,0.31256893277168274,0.08230971544981003,30.4343204498291,-10.66379165649414,40.07863235473633,0
249,2490113,0.02864844724535942,-0.06845523416996002,-1.0097025632858276,-0.6943235397338867,0.2332763969898224,0.41681572794914246,30.807018280029297,-9.250734329223633,40.04350280761719,0
250,2499755,0.0553208664059639,0.0014115633675828576,-0.9901279211044312,0.07658056169748306,0.09430839121341705,0.6495184302330017,31.04232406616211,-11.00294017791748,41.7712516784668,0
251,2510091,-0.04102277383208275,0.07187087088823318,-1.0255547761917114,0.09786663204431534,-0.9265277981758118,0.900742769241333,31.286340713500977,-9.707246780395508,38.97709655761719,0
252,2519778,-0.03212340548634529,-0.057221751660108566,-0.9886942505836487,-0.3510914444923401,0.3356563448905945,0.41449299454689026,29.402976989746094,-8.817606925964355,38.77463912963867,0
253,2530257,0.0422990582883358,0.03560676798224449,-1.0293529033660889,-0.9182766079902649,-0.5164742469787598,-0.3632969260215759,28.510995864868164,-9.812358856201172,39.11602020263672,0
254,2539808,-0.01873125322163105,-0.0623924620449543,-1.013726830482483,0.7601770162582397,0.23002204298973083,0.7756150364875793,29.231647491455078,-9.537952423095703,39.4505729675293,0
255,2549990,-0.020063482224941254,0.04333317279815674,-0.9951727390289307,-0.6898077726364136,-0.0009672927553765476,-1.1144763231277466,30.3854923248291,-10.46795654296875,37.497657775878906,0
256,2559823,0.00027182200574316084,-0.03357883170247078,-0.9853426218032837,0.03201369196176529,0.643992006778717,0.04238072410225868,29.893712997436523,-10.671130180358887,39.18271255493164,0
257,2569965,0.04546765983104706,0.0896892100572586,-0.9774075746536255,-0.1967596411705017,0.3005722463130951,-0.07265257835388184,29.5135555267334,-10.573478698730469,37.98455810546875,0
258,2579943,0.05977214127779007,0.08016437292098999,-0.9903225302696228,-0.4268995225429535,0.5884539484977722,-0.800936758518219,30.791240692138672,-9.164231300354004,39.7497444152832,0
259,2590146,-0.03227906674146652,0.03450099378824234,-1.0149167776107788,-0.3429691791534424,-0.614419162273407,-0.03246930241584778,29.442096710205078,-10.209074020385742,41.072608947753906,0
260,2600061,-0.0034203501418232918,0.050019826740026474,-0.9889312386512756,0.4011264145374298,-0.13149338960647583,0.030923714861273766,28.01308822631836,-9.664977073669434,40.404415130615234,0
261,2609695,-0.03905360773205757,0.009150906465947628,-1.003021240234375,0.7899600863456726,0.5496513843536377,0.2533789277076721,30.83437156677246,-9.953320503234863,40.08772277832031,0
262,2619884,0.09700970351696014,0.007839404977858067,-0.9926466941833496,0.4965393543243408,-0.2775403559207916,-0.06750773638486862,30.135303497314453,-10.930919647216797,40.32122802734375,0
263,2629685,0.0317663811147213,0.013008633628487587,-1.0450199842453003,-0.2804335653781891,-0.6386295557022095,1.3323619365692139,31.94679832458496,-8.715540885925293,39.843936920166016,0
264,2640268,-0.034807078540325165,0.1134304478764534,-0.9923313856124878,0.15640591084957123,0.22191114723682404,0.2387671172618866,29.796838760375977,-10.194703102111816,41.6942253112793,0
265,2649840,-0.03164489567279816,-0.02171880379319191,-1.0003210306167603,-0.17202340066432953,-0.43563973903656006,-0.1840137094259262,29.0436954498291,-8.74014663696289,39.622169494628906,0
266,2660047,-0.009594717994332314,-0.023792622610926628,-1.0029468536376953,-0.18130016326904297,-0.23099493980407715,-0.3764103949069977,31.543859481811523,-9.027375221252441,39.10340881347656,0
267,2670134,-0.055383674800395966,0.020751027390360832,-0.9888310432434082,-0.11988796293735504,0.6097530722618103,-0.31821703910827637,30.503995895385742,-10.691246032714844,39.88273239135742,0
268,2680203,-0.12223783135414124,0.04161016270518303,-0.9627024531364441,0.41726356744766235,1.0109113454818726,0.3584398925304413,31.219236373901367,-9.57100772857666,41.34892654418945,0
269,2690130,0.09683967381715775,-0.04875083267688751,-0.9934353232383728,-0.7290996313095093,-0.4873385429382324,0.3221063017845154,31.200284957885742,-8.036996841430664,38.91447448730469,0
270,2699886,0.08696858584880829,0.018517952412366867,-1.0148212909698486,1.192916750907898,0.10871060192584991,0.08989740908145905,30.165843963623047,-9.386848449707031,39.964237213134766,0
271,2709787,-0.008997817523777485,-0.11134744435548782,-0.9995370507240295,0.7434316873550415,0.36416468024253845,-0.5049140453338623,30.54920196533203,-9.757661819458008,39.486412048339844,0
272,2720105,0.03490676358342171,0.025658613070845604,-0.9788147211074829,-0.14716127514839172,0.055804457515478134,-0.5479681491851807,29.34628677368164,-10.608539581298828,40.885292053222656,0
273,2730185,-0.001601909170858562,-0.004474612418562174,-0.9781001806259155,-0.2609822750091553,0.4629088342189789,-0.8934802412986755,29.91819953918457,-10.043964385986328,40.10005569458008,0
274,2739853,-0.04491645470261574,-0.06359085440635681,-0.9817977547645569,0.36996713280677795,0.09554387629032135,0.8314081430435181,29.931901931762695,-9.520102500915527,40.802391052246094,0
275,2750118,-0.00841336976736784,-0.08057737350463867,-0.9945158958435059,-0.8285113573074341,-0.7933391332626343,0.1848384141921997,31.809593200683594,-10.12734603881836,39.89934539794922,0
276,2760234,0.022026853635907173,0.05269637331366539,-1.0158685445785522,-0.07854121178388596,0.4264557361602783,0.23894621431827545,28.603534698486328,-9.899698257446289,40.59069061279297,0
277,2770225,-0.055236030369997025,0.00889313593506813,-1.0337467193603516,-0.04847243055701256,-0.019201776012778282,0.12739315629005432,29.754737854003906,-9.763684272766113,40.93209457397461,0
278,2779751,0.015225186012685299,-0.04651379957795143,-0.9969249963760376,-0.48901936411857605,0.05278225243091583,-0.05870318040251732,29.461143493652344,-10.865400314331055,38.674095153808594,0
279,2790053,0.004905907437205315,-0.03252513334155083,-1.0168087482452393,0.1421210765838623,-0.18416078388690948,0.2556530237197876,27.7535343170166,-8.218453407287598,40.45756912231445,0
280,2799949,-0.012969442643225193,-0.05762411281466484,-0.9973971247673035,-0.47932082414627075,0.18993069231510162,-0.7498570680618286,29.367216110229492,-10.082510948181152,40.465782165527344,0
281,2809893,-0.06533312797546387,-0.08180897682905197,-0.983863115310669,-0.33937788009643555,-0.5481449961662292,-0.4227748215198517,29.27598762512207,-9.525975227355957,38.37016677856445,0
282,2820086,0.004244147799909115,-0.003623002441599965,-0.9821823835372925,0.6719688773155212,-0.08403953164815903,-0.5047449469566345,31.236221313476562,-11.120195388793945,39.60254669189453,0
283,2829944,0.03416949138045311,-0.04813546687364578,-1.0073606967926025,0.5621646642684937,0.0901048481464386,0.33972182869911194,30.63570785522461,-9.181537628173828,37.53793716430664,0
284,2839954,-0.11479058116674423,-0.017254523932933807,-0.9707175493240356,0.7700074315071106,0.2395695447921753,0.20945724844932556,29.31624412536621,-8.368741035461426,40.88945770263672,0
285,2850206,0.001573139219544828,0.030073821544647217,-0.9735122323036194,-0.06796993315219879,-0.7178490161895752,-0.019861940294504166,31.058399200439453,-10.456279754638672,39.404701232910156,0
286,2860018,-0.10304862260818481,0.03630803897976875,-1.0293433666229248,-0.4399321377277374,0.039302896708250046,-0.5095288157463074,29.67139434814453,-11.784457206726074,40.379058837890625,0
287,2869851,0.07852039486169815,-0.006689546164125204,-0.9722209572792053,0.24146798253059387,0.31580156087875366,-0.7353674173355103,31.530811309814453,-10.160430908203125,38.348480224609375,0
288,2879923,0.01901167817413807,0.012598555535078049,-1.016804814338684,-0.390388548374176,-0.4472145438194275,0.7482568025588989,31.144142150878906,-10.742509841918945,38.958805084228516,0
289,2889918,0.03131378814578056,0.0015224750386551023,-1.031048059463501,-0.2515213191509247,-0.9016743898391724,-0.4150877892971039,29.617717742919922,-8.841666221618652,37.920291900634766,0
290,2900104,0.09556002914905548,-0.08564277738332748,-1.0211843252182007,-0.9982010722160339,0.2884292006492615,-0.3237465023994446,30.826723098754883,-10.636777877807617,38.51505661010742,0
291,2909895,0.04275025799870491,-0.015616434626281261,-1.0286006927490234,0.5909773707389832,-0.5210511684417725,0.04106432944536209,31.098737716674805,-8.735358238220215,37.36236572265625,0
292,2920052,0.025487078353762627,-0.016951292753219604,-0.9661712646484375,0.9727777242660522,-0.6964309811592102,0.09983570873737335,29.357759475708008,-9.834259033203125,41.33389663696289,0
293,2929911,-0.040849048644304276,0.01656535640358925,-1.067226767539978,-0.0008315479499287903,-0.05141362547874451,0.2154276967048645,29.646894454956055,-10.017436027526855,40.04938888549805,0
294,2940202,0.07999677956104279,-0.02991015836596489,-1.0062365531921387,0.3558412790298462,-0.6459304094314575,1.289678692817688,30.16390609741211,-8.99777889251709,39.44098663330078,0
295,2949903,0.052421387284994125,0.08093493431806564,-1.0184227228164673,0.13734200596809387,-0.06998959183692932,-0.05220850929617882,28.7619571685791,-9.271368980407715,38.751949310302734,0
296,2960184,-0.012763665989041328,0.09839360415935516,-1.01450514793396,0.4148402214050293,-0.05938474088907242,0.9173386096954346,31.502201080322266,-10.267841339111328,38.854034423828125,0
297,2970200,0.013038665987551212,-0.1011454239487648,-0.9692883491516113,0.3103109896183014,-0.5226805806159973,-0.20783834159374237,30.90535545349121,-8.573822021484375,38.69167709350586,0
298,2979942,-0.011797325685620308,0.07818421721458435,-0.9982266426086426,0.3750147521495819,0.45986220240592957,-0.07625836879014969,30.174827575683594,-8.847356796264648,40.040863037109375,0
299,2989952,-0.08891265839338303,0.0596502423286438,-1.0093439817428589,-0.7405524253845215,-0.12432226538658142,-0.5192749500274658,29.873414993286133,-8.242154121398926,41.482425689697266,0
300,2999748,-0.0007575014606118202,-0.0676303282380104,-0.970843493938446,-0.8912549018859863,-0.18621443212032318,-0.9773393869400024,30.533597946166992,-9.008729934692383,40.0830192565918,0
301,3010018,0.009478634223341942,0.022009504958987236,-0.9584948420524597,0.41655656695365906,0.2355094999074936,-0.4279913604259491,29.945377349853516,-9.860968589782715,39.451229095458984,0
302,3019970,0.0012885420583188534,0.015314648859202862,-0.9889468550682068,0.9530731439590454,-0.01994551718235016,0.6311149001121521,30.625062942504883,-8.186203002929688,41.505531311035156,0
303,3029910,0.029161719605326653,-0.07200563699007034,-0.9825041890144348,0.4055909216403961,-0.7620198130607605,-0.06701759994029999,30.132095336914062,-7.591549873352051,39.01131820678711,0
304,3039835,-0.007619503885507584,-0.06659481674432755,-0.9976759552955627,-0.12225674837827682,0.1837519109249115,0.917404294013977,29.57886505126953,-10.713629722595215,40.989234924316406,0
305,3050040,0.049579497426748276,-0.01742570474743843,-0.9916517734527588,0.6250143647193909,-0.34389784932136536,0.31367847323417664,30.647802352905273,-10.106424331665039,41.18020248413086,0
306,3060019,0.05595247820019722,0.022902870550751686,-0.9674429297447205,-0.38939791917800903,-0.8579173684120178,-0.18740949034690857,30.011110305786133,-9.636164665222168,39.33415603637695,0
307,3070172,0.08337754756212234,-0.027798304334282875,-1.0268394947052002,0.23323886096477509,0.4881383776664734,0.9740768074989319,31.0695858001709,-11.164521217346191,38.53533172607422,0
308,3079868,0.059519436210393906,-0.002494957996532321,-1.0073091983795166,0.001268382533453405,-0.3697221279144287,0.7999640107154846,28.826391220092773,-9.871512413024902,42.122352600097656,0
309,3090190,-0.030106624588370323,-0.04222027584910393,-0.9837152361869812,-0.35916027426719666,-0.16658228635787964,-0.3071500062942505,29.632633209228516,-8.98237419128418,39.73400115966797,0
310,3100035,0.01719573698937893,0.0020764947403222322,-1.0235331058502197,-0.09898877143859863,0.5465757250785828,-0.49095118045806885,29.936397552490234,-9.360754013061523,38.28957748413086,0
311,3110049,0.06806077063083649,0.06166602298617363,-0.9828721284866333,0.34282544255256653,0.07049570232629776,-1.184084177017212,29.082935333251953,-10.4052734375,40.789207458496094,0
312,3120009,0.002609577029943466,0.06720907986164093,-0.9922928810119629,-0.09927970916032791,0.1026732474565506,0.591128408908844,30.35121726989746,-8.892403602600098,38.60103988647461,0
313,3130202,-0.0005994957173243165,0.02506321296095848,-1.0019891262054443,-0.48368924856185913,-0.29251277446746826,-0.26815736293792725,29.88896369934082,-9.689898490905762,40.8778190612793,0
314,3140077,-0.06536506116390228,-0.022308018058538437,-1.036406397819519,-0.4651769995689392,0.5299888849258423,-0.5717949867248535,29.695232391357422,-11.631000518798828,40.28874588012695,0
315,3149895,0.019260378554463387,-0.0049940450116992,-1.0378669500350952,0.6523867845535278,0.5391646027565002,0.11862911283969879,30.49591827392578,-9.236367225646973,39.23877716064453,0
316,3159937,-0.029459133744239807,0.013627804815769196,-1.0633543729782104,-0.4942004382610321,1.2058933973312378,0.49459221959114075,29.372068405151367,-9.922201156616211,40.73601531982422,0
317,3169871,-0.014464045874774456,-0.019407739862799644,-1.0326790809631348,-0.5203520059585571,-0.4099879860877991,0.7451158165931702,27.390928268432617,-9.877898216247559,40.324832916259766,0
318,3179711,-0.003764873370528221,-0.06560415774583817,-0.9943625330924988,0.6197677254676819,-0.1361760050058365,-0.30089813470840454,29.870635986328125,-9.310678482055664,40.09206771850586,0
319,3189912,0.04384669288992882,-0.015994613990187645,-0.9848083257675171,0.08837678283452988,-0.3969839811325073,-0.4894354045391083,29.640188217163086,-11.693181991577148,40.652854919433594,0
320,3199858,-0.03354005515575409,0.014492888934910297,-0.9729978442192078,-0.9287753701210022,0.5124936699867249,-0.3400959074497223,30.096263885498047,-10.547006607055664,38.68861389160156,0
321,3209877,-0.03046850860118866,0.003944776952266693,-1.0137617588043213,0.5865780711174011,-0.1687825620174408,-0.7560768723487854,29.47864532470703,-10.026930809020996,39.54960250854492,0
322,3219914,0.011710397899150848,-0.00635212566703558,-0.9947378635406494,-0.011160062626004219,-0.4682525098323822,-0.14124689996242523,30.71539306640625,-10.09223461151123,39.962982177734375,0
323,3229727,-0.07774823158979416,-0.1086970865726471,-0.978121817111969,0.5191553235054016,0.020748181268572807,0.21157632768154144,32.042213439941406,-9.086703300476074,40.129180908203125,0
324,3239803,-0.015477890148758888,0.06209471821784973,-1.019446849822998,0.5465647578239441,-0.5751376748085022,0.1273297369480133,30.991992950439453,-10.010499000549316,38.856224060058594,0
325,3250084,0.07667255401611328,0.05835583433508873,-0.9935979843139648,-0.8823939561843872,-0.019758665934205055,0.2015043944120407,29.54584503173828,-10.621164321899414,40.003173828125,0
326,3259986,-0.017077218741178513,-0.09843694418668747,-1.0113434791564941,-0.05184273421764374,-0.3103867173194885,0.27861544489860535,31.137483596801758,-9.44401741027832,39.3812370300293,0
327,3270089,-0.0776008889079094,0.10196515917778015,-1.0121970176696777,-0.21519139409065247,-0.8819355964660645,0.17097267508506775,30.227733612060547,-9.514578819274902,39.591373443603516,0
328,3279984,0.06296832859516144,-0.0037121642380952835,-0.9905046820640564,0.25356951355934143,0.8392158150672913,0.05852381885051727,31.29869270324707,-10.27674674987793,40.52344512939453,0
329,3289876,-0.035704948008060455,0.06750112026929855,-0.9771896004676819,-0.03810279443860054,0.12963993847370148,0.6084021329879761,30.795215606689453,-11.312214851379395,39.373130798339844,0
330,3300228,-0.0927603617310524,-0.013705193065106869,-0.9821900129318237,-0.6675650477409363,0.3195245563983917,-0.23202785849571228,29.603939056396484,-9.348944664001465,41.648311614990234,0
331,3310006,0.02107020653784275,0.05467543005943298,-1.0223872661590576,0.4019555449485779,-0.013485952280461788,-0.20363469421863556,29.137699127197266,-8.660545349121094,39.583675384521484,0
332,3319987,-0.04376418888568878,0.05231451243162155,-1.0054677724838257,-0.4831041693687439,0.44771692156791687,0.08983751386404037,30.41024398803711,-9.938735008239746,37.995697021484375,0
333,3329932,0.016504647210240364,-0.01787729747593403,-1.0280859470367432,0.3243786096572876,0.5084393620491028,0.32647112011909485,29.726978302001953,-9.403481483459473,40.18614196777344,0
334,3339781,0.05533672124147415,0.008337809704244137,-0.9727622866630554,0.11005064845085144,-0.24576900899410248,-0.7362029552459717,29.343578338623047,-9.10327434539795,40.43181228637695,0
335,3349968,0.023132149130105972,0.03796060383319855,-1.0025382041931152,0.018691308796405792,0.2248527854681015,-0.4124166667461395,29.11134910583496,-10.3404541015625,40.70969009399414,0
336,3359816,0.016824407503008842,0.017056511715054512,-1.0003045797348022,0.247965469956398,0.715419590473175,-0.43211814761161804,31.310230255126953,-11.473273277282715,40.253170013427734,0
337,3370192,0.004240356385707855,0.052024200558662415,-0.9823013544082642,0.6912404894828796,-0.36426103115081787,-0.45205259323120117,30.791261672973633,-11.174943923950195,38.960052490234375,0
338,3380265,-0.00042933947406709194,0.03425155207514763,-0.9807410836219788,-0.5521736741065979,0.08798842132091522,0.043600525707006454,31.578571319580078,-9.96172046661377,38.44098663330078,0
339,3389991,-0.04798521846532822,0.0015639839693903923,-1.0019747018814087,-0.6070670485496521,-0.47510650753974915,0.22657626867294312,30.280113220214844,-8.348780632019043,37.19200134277344,0
340,3400037,-0.12261053919792175,0.025796644389629364,-1.0117173194885254,-0.051777128130197525,-1.0302467346191406,0.24530908465385437,31.187393188476562,-8.363497734069824,41.033531188964844,0
341,3409993,0.055510442703962326,0.05527032911777496,-1.0012755393981934,-0.00300882151350379,-0.5251589417457581,-0.4074731469154358,30.634185791015625,-10.8454008102417,40.62443542480469,0
342,3419764,-0.06124856695532799,0.028709430247545242,-0.9701495170593262,-0.2712964713573456,0.40263018012046814,-0.9311116337776184,30.022947311401367,-11.038987159729004,40.227210998535156,0
343,3429795,-0.0660531297326088,-0.010844726115465164,-1.0120078325271606,-0.20706382393836975,-0.3830568492412567,0.43601128458976746,31.02081871032715,-9.331012725830078,40.394901275634766,0
344,3440018,-0.017944402992725372,0.00333401863463223,-0.9942525029182434,0.4007527232170105,0.7002997994422913,-0.10294535011053085,31.168018341064453,-9.789507865905762,40.23854446411133,0
345,3449990,-0.018625201657414436,-0.055043358355760574,-0.9943825602531433,0.2665243446826935,-0.2658097445964813,-0.05380462482571602,28.394094467163086,-11.30611801147461,40.131587982177734,0
346,3459781,-0.039742361754179,-0.062446411699056625,-0.9999822974205017,-0.5147709846496582,-0.884305477142334,1.4061306715011597,29.302276611328125,-11.960702896118164,39.28914260864258,0
347,3470186,-0.0020996483508497477,-0.02031603455543518,-1.0258219242095947,-0.030134130269289017,0.6038717031478882,-0.6426090002059937,31.93268585205078,-10.406061172485352,39.92226791381836,0
348,3480063,0.029089130461215973,-0.004078781232237816,-0.992942750453949,-0.38317176699638367,0.5131388902664185,-0.23436912894248962,32.03956604003906,-10.169204711914062,41.169002532958984,0
349,3490156,0.0036962300073355436,0.07502307742834091,-0.9943799376487732,-0.29536840319633484,-0.14341409504413605,0.7839211225509644,29.51300621032715,-11.018412590026855,41.83603286743164,0
350,3500106,-0.09635637700557709,-0.03053305670619011,-1.0116546154022217,-0.12279122322797775,-0.2379065752029419,-0.20660428702831268,31.66558265686035,-7.9673919677734375,37.95273208618164,0
351,3509547,0.05936871096491814,0.021191591396927834,-0.9986307621002197,-0.27789050340652466,0.2537650167942047,-0.06420747935771942,29.925447463989258,-9.4420166015625,39.93983459472656,0
352,3520120,-0.013031020760536194,-0.005080676171928644,-0.9887003898620605,-0.6796733736991882,0.4733150005340576,-0.20769989490509033,29.778520584106445,-7.668486595153809,41.19667434692383,0
353,3530225,0.052215415984392166,0.05284774303436279,-1.0271191596984863,0.25811782479286194,-0.27734729647636414,0.1559598594903946,28.858905792236328,-11.073664665222168,39.8169059753418,0
354,3540130,0.004660253878682852,0.04498795419931412,-1.0004369020462036,-0.06985998153686523,0.24448448419570923,-0.0646558478474617,31.15039825439453,-9.961405754089355,40.84867858886719,0
355,3549920,-0.01923833042383194,-0.018581440672278404,-0.9696403741836548,-0.5044378638267517,0.3740435540676117,0.39559629559516907,29.578369140625,-10.948498725891113,40.055198669433594,0
356,3559968,0.0309843011200428,0.045896440744400024,-1.0086796283721924,0.9165230989456177,-0.047449007630348206,0.5022937655448914,30.897205352783203,-9.894312858581543,40.293827056884766,0
357,3570211,-0.09225518256425858,0.029094642028212547,-1.0040068626403809,1.0893572568893433,-0.0740269273519516,1.1114758253097534,28.761707305908203,-11.54105281829834,39.09308624267578,0
358,3579894,0.023901326581835747,0.03518863022327423,-0.9868500232696533,0.9080994129180908,0.6747841238975525,0.1749831736087799,31.63875961303711,-10.53396987915039,40.40506362915039,0
359,3590067,0.005603291559964418,0.019478829577565193,-0.9713428020477295,0.3613661527633667,-0.438458651304245,-0.24845972657203674,29.56267547607422,-9.085843086242676,40.645755767822266,0
360,3599822,-0.019665900617837906,0.08176601678133011,-1.020836353302002,0.5588149428367615,-0.09119114279747009,-0.17256686091423035,29.37500762939453,-9.69856071472168,41.8121337890625,0
361,3610000,0.08218178153038025,-0.05508839711546898,-1.0310033559799194,-1.280184268951416,0.32013794779777527,-0.3706902861595154,29.55621337890625,-10.59160327911377,40.32619857788086,0
362,3619891,0.024077367037534714,-0.042853325605392456,-0.9974266886711121,0.1256963610649109,-0.01662105694413185,0.33956536650657654,28.70212173461914,-10.602346420288086,40.1074333190918,0
363,3630139,0.0005686033400706947,0.06373576074838638,-0.9962542057037354,0.06471267342567444,-0.8064504265785217,0.012614114210009575,32.0177116394043,-8.575542449951172,40.59224319458008,0
364,3640034,0.04533796012401581,-0.006204608827829361,-0.988900899887085,0.14324380457401276,-0.6759034991264343,-0.7885246276855469,30.81941795349121,-9.382152557373047,41.278953552246094,0
365,3649993,-0.1147514060139656,-0.01198023371398449,-0.9822572469711304,-0.518535315990448,-0.1143101155757904,0.00582937803119421,31.58394432067871,-8.196097373962402,38.884708404541016,0
366,3659891,-0.02407119795680046,0.005572184920310974,-1.0428305864334106,0.24124358594417572,0.5008020997047424,0.41421273350715637,30.166467666625977,-8.373435974121094,41.1049690246582,0
367,3670109,-0.052064161747694016,-0.09241516888141632,-1.0106711387634277,0.2861206531524658,-0.08601094782352448,0.42529186606407166,30.00058364868164,-10.880674362182617,38.7491569519043,0
368,3679972,0.01025334931910038,-0.037878602743148804,-0.9939830303192139,-0.0578390397131443,-0.6416544914245605,0.48981374502182007,29.9583740234375,-10.001172065734863,39.18061065673828,0
369,3690066,-0.03760497644543648,-0.004021874163299799,-1.0154318809509277,-0.28271210193634033,-0.4858728051185608,0.2542682886123657,30.276878356933594,-10.448500633239746,38.90175247192383,0
370,3700226,-0.06687702238559723,0.05243735387921333,-0.9884400367736816,0.5195968747138977,1.5594786405563354,-0.2667756676673889,29.00591468811035,-9.490193367004395,37.842552185058594,0
371,3710106,0.021782655268907547,0.044942524284124374,-0.9887353181838989,-0.01790137216448784,0.21327529847621918,0.4900657534599304,28.65898895263672,-10.064064979553223,39.06011199951172,0
372,3719967,0.008215385489165783,-0.00010384909546701238,-1.024990439414978,-0.21945174038410187,-0.2084272801876068,-0.2701129615306854,31.110126495361328,-10.233003616333008,40.33702850341797,0
373,3729969,-0.04242264851927757,0.02415487729012966,-1.0247787237167358,-1.0409047603607178,0.5939685106277466,0.4749213755130768,31.403467178344727,-10.296762466430664,41.58342742919922,0
374,3739902,-0.03260719031095505,-0.03299902006983757,-1.0438215732574463,-0.08185219019651413,0.07544639706611633,-0.22021406888961792,29.75048065185547,-9.603577613830566,40.72655487060547,0
375,3750129,-0.03804213926196098,0.021536817774176598,-0.9787501096725464,0.37085387110710144,0.010460984893143177,-0.5053435564041138,30.317806243896484,-10.280351638793945,39.9453125,0
376,3759892,-0.019464245066046715,0.0018994404235854745,-1.0316318273544312,-0.2964021861553192,-0.6851288080215454,0.12359113246202469,28.267024993896484,-10.267019271850586,41.99574279785156,0
377,3769921,0.032067298889160156,0.02502366155385971,-1.0013679265975952,0.32280421257019043,0.3239360451698303,0.06495692580938339,31.48114776611328,-9.860262870788574,39.42205810546875,0
378,3779776,0.03681163117289543,-0.015289857052266598,-0.9932438731193542,0.183559849858284,0.024519264698028564,0.3704899847507477,30.225631713867188,-9.677390098571777,40.47016906738281,0
379,3790004,-0.0476338192820549,0.0015885288594290614,-0.976358950138092,-0.14083777368068695,-0.12031367421150208,0.21821463108062744,31.08965492248535,-10.391288757324219,40.211997985839844,0
380,3799926,0.04989754408597946,0.008394434116780758,-1.0202149152755737,-0.12658658623695374,-0.7596617937088013,-1.1407389640808105,29.771799087524414,-8.629189491271973,38.74581527709961,0
381,3810089,0.026529528200626373,0.04323839396238327,-1.0398386716842651,0.22550982236862183,0.32021263241767883,0.072206512093544,29.597850799560547,-9.865096092224121,39.37372970581055,0
382,3820108,0.0096957478672266,0.03132207319140434,-0.9870366454124451,0.3981531262397766,-0.8340851664543152,0.42419949173927307,29.667390823364258,-9.80022144317627,39.62434768676758,0
383,3829720,0.010401873849332333,-0.028473475947976112,-1.0039138793945312,0.33072903752326965,0.3533784747123718,-0.1279674917459488,30.143774032592773,-10.87267780303955,40.82212448120117,0
384,3840000,0.11395639181137085,0.030697962269186974,-1.014409065246582,-0.013928357511758804,-0.7081677913665771,-0.10932362079620361,29.634248733520508,-11.053144454956055,40.12578201293945,0
385,3850092,0.017574001103639603,0.023588459938764572,-0.9935305714607239,0.06432650238275528,-0.35282835364341736,0.2843388617038727,30.806737899780273,-10.410439491271973,40.870941162109375,0
386,3859781,0.061045773327350616,0.13733184337615967,-0.9895214438438416,0.7667654156684875,0.7383338212966919,-0.39945924282073975,28.611814498901367,-9.714125633239746,40.72999954223633,0
387,3870214,-0.12637577950954437,-0.026308877393603325,-0.9833358526229858,1.3204622268676758,-0.32294028997421265,-0.3207092881202698,30.468324661254883,-9.245014190673828,39.109622955322266,0
388,3880064,-0.022757915779948235,0.04954149201512337,-0.9901036024093628,0.2704010009765625,0.08505170792341232,1.3130055665969849,28.744369506835938,-9.050189018249512,40.71446228027344,0
389,3889870,-0.06502837687730789,-0.014758226461708546,-0.9970501661300659,-0.1893591284751892,0.6351910829544067,0.1524198055267334,29.57056427001953,-9.659318923950195,40.934505462646484,0
390,3900073,-0.0425419956445694,-0.002946091117337346,-1.0585863590240479,0.19364018738269806,-0.33911073207855225,-0.6076425313949585,28.94151496887207,-11.016810417175293,39.71671676635742,0
391,3909848,0.03120071440935135,-0.052121374756097794,-0.9804706573486328,-0.33828216791152954,0.41502004861831665,-0.48269638419151306,29.5839786529541,-10.584278106689453,37.51829147338867,0
392,3919928,-0.007578978780657053,0.06231553107500076,-1.020614743232727,0.41998744010925293,1.3496383428573608,0.14428912103176117,30.39621925354004,-10.403775215148926,38.7874755859375,0
393,3930122,-0.01809835620224476,-0.0004467062244657427,-1.0056341886520386,-0.23633798956871033,-0.21879051625728607,-0.5385386347770691,29.831262588500977,-8.90673828125,40.53947448730469,0
394,3940265,0.005045531317591667,0.04356659576296806,-1.028544306755066,-0.18858282268047333,-0.2206335812807083,-0.21422353386878967,30.73225212097168,-10.068713188171387,39.92007064819336,0
395,3949731,0.008314888924360275,-0.02893914468586445,-0.9868147969245911,-0.47729161381721497,0.32045650482177734,-1.1699389219284058,28.943283081054688,-9.449705123901367,39.64141845703125,0
396,3959906,-0.05241824686527252,-0.09373469650745392,-0.9802880883216858,-0.864416778087616,-0.2889575660228729,0.24122458696365356,29.446144104003906,-11.30188274383545,39.11903381347656,0
397,3970168,-0.04166962578892708,0.021988196298480034,-1.0145825147628784,-0.340652197599411,0.6189559698104858,-0.578903317451477,29.942546844482422,-10.057257652282715,41.57612228393555,0
398,3979561,-0.016791896894574165,-0.027580853551626205,-1.0001779794692993,0.13073612749576569,0.5319965481758118,-0.9076828956604004,29.763938903808594,-9.643837928771973,40.188568115234375,0
399,3989964,0.01243250910192728,0.014743311330676079,-0.9896751046180725,1.1983070373535156,0.7790122628211975,-0.23926962912082672,28.704078674316406,-10.141816139221191,40.28352355957031,0
400,4000255,-0.07638866454362869,-0.07981579750776291,-1.0160454511642456,0.4545583128929138,0.38905027508735657,-0.27852973341941833,28.65174102783203,-9.977642059326172,41.37385559082031,0
401,4010030,0.08331145346164703,0.03458939865231514,-1.0262342691421509,-0.42047491669654846,0.6198573112487793,0.13118988275527954,30.720993041992188,-9.026104927062988,39.707366943359375,0
402,4019665,-0.037488341331481934,-0.02090270072221756,-1.0164350271224976,-0.0627746731042862,0.25938400626182556,0.38290151953697205,31.674226760864258,-8.911788940429688,38.28699493408203,0
403,4029955,-0.030717849731445312,-0.022610854357481003,-0.9840967059135437,0.13499394059181213,0.0554027296602726,1.09615159034729,30.385629653930664,-10.327717781066895,40.1092414855957,0
404,4040203,0.08882232755422592,0.035017743706703186,-1.010412335395813,-0.935643196105957,-0.10580825805664062,0.4764058589935303,29.661102294921875,-10.27595329284668,40.084293365478516,0
405,4050097,0.07477216422557831,0.019083654507994652,-0.9831693768501282,0.541558027267456,-0.43742793798446655,0.0214537400752306,30.325260162353516,-11.941373825073242,40.33877944946289,0
406,4060060,-0.06465122103691101,-0.09082463383674622,-1.0383063554763794,-0.5522372126579285,-0.011024708859622478,-0.17992843687534332,30.54296875,-11.517073631286621,39.751007080078125,0
407,4069848,-0.0002139436110155657,-0.018714994192123413,-0.9704726338386536,0.47669634222984314,0.22533999383449554,0.4887987971305847,31.198741912841797,-9.471559524536133,41.00235366821289,0
408,4079893,-0.11629404127597809,-0.04031083360314369,-1.0219119787216187,-0.36229968070983887,0.14120526611804962,-0.7369855046272278,29.548038482666016,-8.506190299987793,39.91761016845703,0
409,4090019,0.019475549459457397,-0.024941297248005867,-1.059415340423584,0.30631309747695923,-0.19641268253326416,0.3749473989009857,29.503740310668945,-10.313530921936035,40.02840042114258,0
410,4099962,0.053654178977012634,0.049552880227565765,-1.0149271488189697,-0.3022376298904419,0.39571186900138855,-0.2665317952632904,31.345138549804688,-9.047718048095703,38.856292724609375,0
411,4110112,0.004975438117980957,0.06496214866638184,-1.0219367742538452,0.18964122235774994,0.13785161077976227,-0.30540117621421814,28.37261390686035,-10.881942749023438,40.13545227050781,0
412,4120192,-0.029780883342027664,-0.06594652682542801,-0.9843212366104126,-0.19293975830078125,-0.28940340876579285,-0.5603959560394287,28.45921516418457,-10.850421905517578,39.23377990722656,0
413,4130293,0.04570156708359718,-0.02335788682103157,-1.0118720531463623,0.34843382239341736,-0.2136775702238083,-0.21743640303611755,29.72832679748535,-9.316010475158691,39.890811920166016,0
414,4139905,-0.007695232052356005,0.14368648827075958,-1.0148195028305054,-0.4993492662906647,-0.2279166728258133,-0.012530935928225517,29.93169593811035,-9.412532806396484,39.91278839111328,0
415,4150010,-0.06998707354068756,0.05169914662837982,-1.0048937797546387,0.30316677689552307,0.7123138308525085,0.41560718417167664,29.615262985229492,-10.91651725769043,38.98024368286133,0
416,4160057,0.05998891219496727,-0.051805347204208374,-0.9864435195922852,1.2331311702728271,-0.7186022400856018,0.08909552544355392,30.698863983154297,-9.319901466369629,40.381629943847656,0
417,4170015,0.019999586045742035,-0.0649363100528717,-1.014817714691162,0.3570059835910797,-0.30692243576049805,0.6560537815093994,29.809612274169922,-10.874056816101074,40.58997344970703,0
418,4180119,-0.014721591956913471,0.026723826304078102,-0.9878792762756348,-0.10120387375354767,0.2722305953502655,0.6980162858963013,30.365612030029297,-9.357742309570312,39.957820892333984,0
419,4190038,-0.03587508946657181,-0.0004650670744013041,-0.9642149209976196,-0.11779344826936722,-0.24822299182415009,0.34314167499542236,31.321895599365234,-9.052717208862305,40.8663444519043,0
420,4200214,-0.0016458557220175862,-0.04271915555000305,-1.0199756622314453,0.05057292804121971,1.391025424003601,0.08754545450210571,30.556978225708008,-8.31356430053711,40.816062927246094,0
421,4209849,-0.048494212329387665,0.0011024990817531943,-0.9995373487472534,0.8483129739761353,-0.334469735622406,-0.03925925865769386,31.199542999267578,-11.788152694702148,38.82635498046875,0
422,4219823,-0.018628384917974472,0.0029306961223483086,-1.00125253200531,-0.400588721036911,-0.6786566376686096,-0.17368412017822266,31.973060607910156,-9.322040557861328,39.11351776123047,0
423,4229786,-0.08326096832752228,-0.014088557101786137,-1.0050957202911377,-1.2611943483352661,0.07721032947301865,-0.6225463151931763,30.067157745361328,-9.039051055908203,40.34737777709961,0
424,4239924,-0.04310007020831108,0.007879971526563168,-1.0237035751342773,-0.020957546308636665,-0.5180625915527344,-0.6889193058013916,30.273395538330078,-9.107032775878906,39.1383056640625,0
425,4250116,-0.04169831797480583,0.03783775120973587,-0.991895854473114,0.004690267611294985,-0.4043694734573364,-0.4758414030075073,29.452722549438477,-9.735936164855957,38.10850143432617,0
426,4259797,-0.0946093425154686,0.0332944355905056,-0.9897640347480774,0.846932590007782,0.21586227416992188,0.17136052250862122,30.69355583190918,-10.583748817443848,38.55347442626953,0
427,4270251,-0.017020991072058678,0.033508047461509705,-0.9920399785041809,-0.48644450306892395,-0.13707350194454193,0.21806418895721436,30.361644744873047,-9.83416748046875,39.37837219238281,0
428,4279868,0.05557822063565254,-0.04017576575279236,-1.0263595581054688,0.06421242654323578,0.7793897390365601,-0.053955163806676865,30.359800338745117,-9.350440979003906,40.843833923339844,0
429,4290084,-0.005389010068029165,0.006794699467718601,-1.0067027807235718,0.45086392760276794,0.2610377371311188,-0.01900063082575798,30.56640625,-10.825017929077148,40.08151626586914,0
430,4299926,0.001999771222472191,-0.06930946558713913,-0.985187828540802,-0.3141557276248932,0.35442355275154114,-0.030360935255885124,29.004783630371094,-9.315857887268066,39.609134674072266,0
431,4309993,-0.06033492833375931,0.09301827847957611,-0.9655008912086487,-0.5634469985961914,0.5431903600692749,0.14340129494667053,29.552995681762695,-9.296249389648438,38.47479248046875,0
432,4320210,0.05791196599602699,-0.07451258599758148,-0.9914384484291077,0.13098253309726715,-0.27812856435775757,-0.15925166010856628,31.816173553466797,-10.077018737792969,40.19996643066406,0
433,4330000,-0.019503364339470863,-0.055990979075431824,-0.9944815635681152,-0.04295486956834793,-0.8064003586769104,0.33880752325057983,30.39627456665039,-9.926126480102539,40.638790130615234,0
434,4339961,-0.009261847473680973,-0.07199839502573013,-1.033993124961853,-0.6996361613273621,-0.09411560744047165,0.25100576877593994,29.743627548217773,-11.664345741271973,38.291351318359375,0
435,4349948,0.05458066239953041,0.0013313698582351208,-0.9830034375190735,-0.1851166933774948,-0.007208773400634527,-0.11855866760015488,30.68882942199707,-8.003206253051758,40.442176818847656,0
436,4359968,0.005660641007125378,-0.020237630233168602,-1.03174889087677,-0.8209455609321594,0.360226571559906,0.3924048840999603,29.6844482421875,-10.861379623413086,40.94233322143555,0
437,4369921,0.04097028449177742,0.06146471947431564,-0.9839426279067993,0.321429967880249,0.5519805550575256,0.7234591841697693,30.126123428344727,-11.249198913574219,40.30823516845703,0
438,4379860,-0.053069401532411575,0.029568970203399658,-0.9846067428588867,-0.05484006553888321,-0.4160516858100891,-0.560675323009491,28.96908187866211,-9.030203819274902,40.204078674316406,0
439,4390019,0.03546688333153725,0.014851348474621773,-1.033720850944519,-0.2886127233505249,0.9363845586776733,-0.08727439492940903,29.727691650390625,-9.956459045410156,40.460445404052734,0
440,4399980,0.02896338328719139,0.04813460260629654,-1.0070730447769165,-0.25785914063453674,-0.29330337047576904,-0.32501211762428284,30.085832595825195,-10.686488151550293,41.99100112915039,0
441,4410001,0.0852339118719101,-0.024285713210701942,-0.9758935570716858,1.6492677927017212,-1.160364031791687,-0.10323777794837952,31.19377326965332,-9.722837448120117,41.534000396728516,0
442,4420199,0.07682076096534729,-0.0057476176880300045,-0.9741581678390503,0.2633897662162781,-0.4796971082687378,0.45123547315597534,28.947683334350586,-9.240473747253418,39.93598175048828,0
443,4430010,-0.049035776406526566,-0.008835486136376858,-1.0426281690597534,-0.766252875328064,0.29698804020881653,-0.5897204875946045,30.436817169189453,-8.86563777923584,40.259544372558594,0
444,4439980,0.05233537033200264,0.000724160810932517,-1.014083743095398,-0.8321456909179688,-0.2690565884113312,1.255048394203186,31.141454696655273,-10.303335189819336,41.47063446044922,0
445,4449950,-0.008341853506863117,0.026995889842510223,-1.005545735359192,0.583797812461853,0.029142701998353004,-0.042853888124227524,28.834850311279297,-9.900073051452637,40.78022003173828,0
446,4460117,-0.07441101968288422,0.01653916947543621,-1.0332633256912231,0.23520858585834503,0.07142321020364761,-0.00626943726092577,31.7078800201416,-8.144655227661133,38.87363815307617,0
447,4470054,-0.026543615385890007,0.025227269157767296,-0.9331459999084473,0.07056309282779694,-0.09501367807388306,0.9876675605773926,30.347536087036133,-7.400180816650391,40.87000274658203,0
448,4480170,-0.03260031342506409,0.13614638149738312,-0.9794566035270691,0.38780659437179565,0.07558166980743408,0.24549494683742523,31.730642318725586,-11.202033042907715,39.721248626708984,0
449,4489966,0.01684798114001751,0.012360826134681702,-0.9935367107391357,-0.22059494256973267,0.66888427734375,0.6215309500694275,27.323543548583984,-9.343667984008789,38.36112976074219,0
450,4500045,0.005923309829086065,0.010356695391237736,-0.9909255504608154,-0.3310706317424774,0.2270137220621109,1.0899658203125,31.3220157623291,-11.206869125366211,39.2463264465332,0
451,4510004,0.006784541066735983,-0.019437938928604126,-1.0219858884811401,0.7433111071586609,0.25044652819633484,0.1263289749622345,30.526735305786133,-10.325960159301758,41.38845443725586,0
452,4519932,0.015485021285712719,-0.028478678315877914,-1.0043977499008179,-0.25992095470428467,-0.7223849892616272,0.22843393683433533,30.990522384643555,-9.828128814697266,40.2194709777832,0
453,4529764,-0.05515769496560097,0.05343030020594597,-1.01301908493042,-0.7257797718048096,0.6245390772819519,0.904694676399231,29.29743766784668,-10.533392906188965,39.65587615966797,0
454,4540056,0.01689942367374897,-0.06869731098413467,-1.003207802772522,0.07712999731302261,0.4048825204372406,-0.38715630769729614,31.613372802734375,-7.977298259735107,39.473487854003906,0
455,4550073,0.03963102400302887,-0.017742745578289032,-1.016945481300354,0.017058663070201874,0.16486746072769165,-0.7077479958534241,29.27645492553711,-11.261577606201172,39.120628356933594,0
456,4560093,-0.048053231090307236,0.0143468352034688,-1.003218412399292,0.47654369473457336,0.26047390699386597,-0.08639540523290634,31.678056716918945,-10.399056434631348,40.47867202758789,0
457,4570191,-0.04491414502263069,-0.08438048511743546,-1.0301430225372314,0.18623222410678864,-0.3712175488471985,0.6651141047477722,28.21012306213379,-10.079005241394043,39.405860900878906,0
458,4579867,0.050426118075847626,-0.0071002766489982605,-0.9958824515342712,-0.7249709367752075,-0.3286016285419464,-0.8447731137275696,30.665210723876953,-11.250836372375488,39.73653030395508,0
459,4590056,-0.01768563687801361,0.03694136068224907,-0.9887493848800659,0.2155277132987976,-0.10360642522573471,0.2894322872161865,29.656509399414062,-8.341856956481934,38.83174133300781,0
460,4600224,-0.0009982597548514605,0.01727749966084957,-1.031231164932251,-0.6918341517448425,0.14319433271884918,0.055972982197999954,30.285913467407227,-10.669903755187988,39.24711990356445,0
461,4609952,0.021655702963471413,0.03406369686126709,-1.0060635805130005,-1.0539621114730835,-0.26755788922309875,-0.3813268542289734,28.83811378479004,-11.951608657836914,39.61782455444336,0
462,4620010,0.03113802708685398,0.05530158057808876,-1.0174411535263062,-0.5561015605926514,-0.5524923205375671,-0.5239366888999939,29.73158836364746,-10.173853874206543,40.41622543334961,0
463,4630109,0.004886346869170666,0.030006196349859238,-0.9631761312484741,-0.307961106300354,0.45859208703041077,0.5665656924247742,27.61727523803711,-10.49642562866211,40.03141403198242,0
464,4639945,-0.0671737939119339,0.0006910216761752963,-0.9978725910186768,-0.11768270283937454,-0.6617702841758728,1.0160044431686401,28.846176147460938,-8.904685974121094,39.44704055786133,0
465,4649971,0.05988675728440285,0.009624793194234371,-0.9850372672080994,-0.17771613597869873,0.3891235589981079,0.62070232629776,31.296321868896484,-11.141895294189453,39.25074005126953,0
466,4660007,0.06624390184879303,-0.00044930080184713006,-0.9804070591926575,0.783214807510376,0.40659865736961365,0.6940447688102722,30.05530548095703,-8.25747299194336,40.95624542236328,0
467,4670050,0.010947400704026222,0.06669074296951294,-0.9926638603210449,0.18565678596496582,-0.3343508839607239,1.2199738025665283,30.64286994934082,-9.881677627563477,41.570457458496094,0
468,4680298,-0.011794961988925934,-0.03652689978480339,-0.9921722412109375,0.1704573631286621,-0.03296636790037155,0.023387862369418144,30.284650802612305,-9.422001838684082,40.621089935302734,0
469,4690017,-0.02111576870083809,0.015191272832453251,-1.0336732864379883,-0.033907681703567505,-0.4035307466983795,0.7261867523193359,31.10468864440918,-9.641671180725098,41.88669204711914,0
470,4700131,-0.04946205019950867,0.02758057601749897,-1.0086029767990112,-1.5627249479293823,-0.06083577126264572,-0.5156394839286804,30.30270767211914,-10.608951568603516,41.3094482421875,0
471,4710113,0.02793099172413349,0.068067267537117,-1.0161628723144531,0.12190650403499603,-0.18949005007743835,-0.0655699148774147,29.431272506713867,-9.337709426879883,40.8214111328125,0
472,4720206,-0.0030774015467613935,-0.02059945836663246,-1.0270373821258545,0.23102721571922302,-0.6912224292755127,0.2920626997947693,30.89647674560547,-9.523929595947266,40.75779342651367,0
473,4729919,-0.0036695091985166073,0.009539195336401463,-0.955268919467926,-0.8049604296684265,0.7149209976196289,0.19220978021621704,28.290569305419922,-8.399298667907715,38.340518951416016,0
474,4740020,-0.01656278781592846,0.015088872984051704,-1.0085022449493408,0.4235219955444336,-1.091469645500183,0.016255881637334824,29.098987579345703,-9.899405479431152,41.210941314697266,0
475,4749868,-0.01970527321100235,-0.02653077431023121,-0.9729554653167725,-0.38461872935295105,-0.1352609246969223,-0.7068589925765991,30.165983200073242,-11.046743392944336,40.89374542236328,0
476,4759523,-0.007416853215545416,0.10139638185501099,-1.005048394203186,0.29171115159988403,0.09083709120750427,0.639009952545166,31.057218551635742,-10.706077575683594,39.792457580566406,0
477,4770214,0.04029785841703415,-0.012921935878694057,-1.004956841468811,0.2577454149723053,-0.6770550608634949,-1.068017601966858,29.400745391845703,-11.034565925598145,40.80527114868164,0
478,4780504,-0.0605531707406044,-0.01952684298157692,-0.9833321571350098,0.0592896044254303,0.07196250557899475,-0.6454513072967529,30.564857482910156,-9.363161087036133,40.07574462890625,0
479,4789897,0.07381397485733032,0.009982573799788952,-1.002784013748169,0.5194549560546875,-0.10028094798326492,-0.09796566516160965,30.141508102416992,-8.117189407348633,39.21232604980469,0
480,4799989,-0.02630045637488365,0.03480743616819382,-0.9869825839996338,-0.15944154560565948,-0.25107306241989136,-0.2640123963356018,30.268632888793945,-10.549705505371094,40.43482208251953,0
481,4810160,-0.018441487103700638,-0.013606193475425243,-1.0361156463623047,0.26137834787368774,0.3754329979419708,-0.32823604345321655,28.566133499145508,-10.444231033325195,40.4610595703125,0
482,4819967,0.035559434443712234,0.04077090695500374,-1.05196213722229,0.36321407556533813,0.014245066791772842,-0.22315101325511932,29.077762603759766,-11.010614395141602,38.32795715332031,0
483,4829847,-0.0317181758582592,0.011433818377554417,-0.9951943159103394,-0.24551922082901,-0.549412190914154,0.2723621129989624,30.469289779663086,-9.81202507019043,41.65201187133789,0
484,4840169,0.03362804651260376,0.0634446069598198,-1.022161841392517,-0.22457373142242432,0.13459819555282593,-0.1182311549782753,30.365644454956055,-10.8837251663208,40.51253890991211,0
485,4849834,-0.05746496468782425,-0.07949373871088028,-1.0056618452072144,-0.279778391122818,0.024788012728095055,-0.37425434589385986,28.877708435058594,-9.560717582702637,39.974769592285156,0
486,4860081,-0.03555803745985031,0.005922685842961073,-1.0185939073562622,0.21225127577781677,-0.2454669177532196,0.015097247436642647,30.383691787719727,-10.950601577758789,40.27107238769531,0
487,4870021,-0.03566141426563263,-0.07423492521047592,-1.0290603637695312,-0.2295403927564621,0.3526367247104645,0.3109947741031647,28.88784408569336,-10.167854309082031,40.74485778808594,0
488,4879726,-0.0024846908636391163,-0.022479025647044182,-1.0322084426879883,0.08011258393526077,0.0803828239440918,-0.3896874785423279,30.09583282470703,-8.811726570129395,39.82132339477539,0
489,4889963,0.014516819268465042,0.017317844554781914,-0.9781522154808044,0.7902020812034607,-0.21241891384124756,-0.26959386467933655,29.97638702392578,-8.969260215759277,40.875457763671875,0
490,4900084,-0.010681482031941414,0.03096114844083786,-0.9854030609130859,0.4889463484287262,-0.23591002821922302,-0.19482865929603577,30.43519401550293,-10.003006935119629,39.323890686035156,0
491,4910119,-0.033604856580495834,-0.06063372641801834,-1.0052211284637451,-0.14320771396160126,-0.7959026098251343,0.3172265291213989,29.823633193969727,-9.996729850769043,39.57299041748047,0
492,4919988,-0.046888966113328934,0.0167713463306427,-0.993955671787262,-0.047758642584085464,0.5041615962982178,0.18871735036373138,29.10059356689453,-9.871658325195312,39.15349197387695,0
493,4930320,0.03421948105096817,-0.026329336687922478,-0.991694986820221,0.5661106109619141,-0.6004345417022705,-0.8631239533424377,30.50315284729004,-7.692715167999268,40.03268051147461,0
494,4939878,-0.06012589856982231,0.10316730290651321,-0.9755683541297913,-0.3978256285190582,0.5688585638999939,-0.6629648208618164,29.426301956176758,-9.959064483642578,41.17095184326172,0
495,4949876,0.013311583548784256,-0.03670656308531761,-0.9806811213493347,-0.02239144593477249,-0.6517941951751709,-0.8224839568138123,30.015193939208984,-8.693979263305664,41.21626663208008,0
496,4959968,-0.003559767035767436,-0.07658272236585617,-1.0148321390151978,-0.12720656394958496,-0.26637089252471924,-0.9962891340255737,30.93576431274414,-9.565460205078125,39.16905212402344,0
497,4970023,0.046604983508586884,0.05923692137002945,-0.9738871455192566,0.04574806988239288,-0.12588860094547272,-0.5382447838783264,28.786714553833008,-12.03523063659668,40.54126739501953,0
498,4979799,0.01852402277290821,0.058562275022268295,-1.0040985345840454,-1.110749363899231,0.20142272114753723,-0.45019280910491943,29.939640045166016,-10.02066707611084,38.971012115478516,0
499,4989897,0.011924066580832005,-0.08635589480400085,-1.0082871913909912,-0.039134688675403595,0.30118390917778015,-0.19739258289337158,29.765745162963867,-8.903759956359863,37.97627258300781,0
500,5000245,-0.00663265585899353,-0.09329131245613098,-0.9849937558174133,0.5736575126647949,-0.15048004686832428,-0.9343265891075134,29.55068016052246,-8.771674156188965,38.55744171142578,0
501,5010048,0.09450385719537735,-0.008287106640636921,-0.9862886071205139,0.5428157448768616,0.2424727827310562,-0.32765263319015503,30.728694915771484,-12.15985107421875,40.02122116088867,0
502,5019891,-0.048497479408979416,-0.03543121740221977,-0.9781163334846497,0.32733288407325745,0.17114216089248657,-0.06656123697757721,29.301713943481445,-10.772322654724121,39.401729583740234,0
503,5029776,0.023233195766806602,0.015302575193345547,-1.0107221603393555,-0.2960543632507324,0.24844343960285187,-0.1775985062122345,30.01870346069336,-10.149962425231934,41.830291748046875,0
504,5039849,-0.03228338062763214,0.06306438893079758,-1.0051789283752441,0.47090592980384827,0.8172705769538879,-0.04848460108041763,30.021066665649414,-9.493950843811035,41.000587463378906,0
505,5049934,-0.08402789384126663,-0.11211638152599335,-0.9821290969848633,0.8985390663146973,-0.32366499304771423,-0.1152462363243103,30.472108840942383,-9.676909446716309,39.38650894165039,0
506,5060152,-0.06876331567764282,-0.011439124122262001,-1.0029714107513428,-0.356352835893631,0.10423766076564789,0.39122888445854187,30.145675659179688,-9.711565971374512,38.91923904418945,0
507,5069960,0.010959217324852943,0.023255635052919388,-0.9718659520149231,1.056064248085022,0.8016148805618286,0.6895692348480225,27.76091957092285,-12.034560203552246,39.59846496582031,0
508,5080080,0.006901831366121769,0.023314662277698517,-1.0084083080291748,0.6936344504356384,-0.12560200691223145,-0.28472229838371277,28.43093490600586,-10.88585376739502,41.150169372558594,0
509,5089982,0.04158351942896843,0.033863190561532974,-0.9749271869659424,-0.006106627639383078,0.33770203590393066,0.25311365723609924,31.160869598388672,-9.912740707397461,39.95854568481445,0
510,5099957,-0.021743783727288246,0.03436087816953659,-1.023984432220459,0.3480567932128906,-0.024684442207217216,0.5177700519561768,28.465614318847656,-11.396178245544434,39.504661560058594,0
511,5110009,0.00015258113853633404,-0.02724449150264263,-1.0305228233337402,0.16280734539031982,-0.2200707644224167,-0.523804247379303,30.094865798950195,-11.716191291809082,39.21259307861328,0
512,5119989,0.09194021672010422,0.006943350192159414,-0.9906527996063232,-0.3049357533454895,0.04118429124355316,0.6083937883377075,28.642704010009766,-12.582103729248047,39.315185546875,0
513,5129890,0.0011235777055844665,-0.009003661572933197,-1.0087504386901855,0.4968681037425995,0.13600274920463562,-0.1880667507648468,27.160972595214844,-11.308889389038086,40.157466888427734,0
514,5140069,0.03664282709360123,-0.041845373809337616,-0.9954336881637573,0.20317378640174866,-0.29558297991752625,-0.09316214174032211,29.34295082092285,-10.397566795349121,40.14777374267578,0
515,5149906,0.029467590153217316,-0.01897558942437172,-0.9986139535903931,0.35552361607551575,-0.6637663245201111,-0.5319916605949402,31.469085693359375,-9.124674797058105,40.218814849853516,0
516,5160136,-0.061888910830020905,0.05374015122652054,-0.9895713329315186,1.3265432119369507,-1.174208402633667,0.6846055388450623,30.007951736450195,-9.652584075927734,39.089317321777344,0
517,5169946,-0.00688784196972847,0.04872073605656624,-1.0244842767715454,0.8409814834594727,-0.5671361088752747,0.8740924596786499,28.06006622314453,-8.665398597717285,38.260128021240234,0
518,5180045,-0.03814961016178131,-0.07489406317472458,-1.0148366689682007,0.21080948412418365,-0.09932348132133484,-0.45133310556411743,29.30709457397461,-9.9946928024292,40.76012420654297,0
519,5189858,-0.05244701728224754,-0.019692974165081978,-1.0188935995101929,0.0226943027228117,-1.0207020044326782,1.0254541635513306,30.594898223876953,-11.227375984191895,40.108436584472656,0
520,5199966,-0.04679860547184944,0.02928076684474945,-1.0145705938339233,-0.01789691485464573,0.06004934757947922,0.24782072007656097,30.860366821289062,-10.491901397705078,40.918880462646484,0
521,5209910,0.04997687041759491,0.034422263503074646,-0.9540892243385315,0.12973514199256897,-0.07858860492706299,0.7885247468948364,30.668800354003906,-9.664658546447754,38.632625579833984,0
522,5220100,0.04876067489385605,0.05039931833744049,-0.9695624709129333,-0.5517985224723816,0.5357998013496399,0.2360222190618515,28.846288681030273,-10.038799285888672,39.759281158447266,0
523,5229955,-0.05660350248217583,-0.0171003807336092,-0.9922131896018982,0.4647930860519409,-0.3831421732902527,0.9407405257225037,30.006343841552734,-13.117159843444824,38.847530364990234,0
524,5240229,0.026403650641441345,-0.03725988045334816,-0.9914442300796509,0.6855476498603821,0.4558556377887726,0.29325011372566223,29.78402328491211,-9.473068237304688,40.10034942626953,0
525,5250157,0.03390893340110779,0.09855488687753677,-0.9909717440605164,0.03743218258023262,-0.2278226912021637,-0.36596226692199707,29.38482093811035,-11.44861125946045,38.958824157714844,0
526,5259986,-0.0255910474807024,-0.02235190011560917,-0.9891079664230347,0.04237687215209007,-0.21620939671993256,-0.44518259167671204,29.91353416442871,-9.045934677124023,38.69584274291992,0
527,5270074,0.052702851593494415,-0.0021280336659401655,-1.0113288164138794,0.3689596354961395,-0.9170551896095276,0.714938759803772,30.872272491455078,-10.177539825439453,40.31543731689453,0
528,5280260,0.009063460864126682,-0.034281376749277115,-1.0046439170837402,-0.8613445162773132,-0.03257795050740242,-0.026313811540603638,29.34654426574707,-9.070859909057617,39.686439514160156,0
529,5289761,-0.10264197736978531,0.01852993853390217,-0.9867128729820251,0.8695615530014038,-0.1281174272298813,0.4722420573234558,30.89651870727539,-10.420066833496094,40.60356903076172,0
530,5299933,-0.06598009169101715,0.08750864863395691,-0.9916068911552429,0.3244304955005646,0.16607633233070374,0.4720887541770935,29.74431800842285,-10.450582504272461,39.22248840332031,0
531,5309673,-0.07353898137807846,0.023037856444716454,-0.988364040851593,0.8972691893577576,-0.061520688235759735,-0.6888293027877808,29.864105224609375,-9.996404647827148,40.55596160888672,0
532,5319911,-0.04354102164506912,0.060531679540872574,-0.9914624094963074,-0.070275217294693,0.14510853588581085,0.2920129895210266,29.973064422607422,-10.60620403289795,38.83936309814453,0
533,5330134,0.0032335498835891485,-0.022923048585653305,-1.0104457139968872,-0.12721194326877594,0.03079844079911709,-0.04330858215689659,29.377349853515625,-9.375414848327637,42.54975891113281,0
534,5339892,0.016819745302200317,-0.04674936830997467,-1.0159345865249634,0.7183598875999451,-0.37766945362091064,0.300666481256485,29.390625,-10.941187858581543,39.3267936706543,0
535,5349831,-0.04483691602945328,0.027066633105278015,-0.9736670851707458,0.1296122819185257,-0.6457273960113525,0.791554868221283,30.479726791381836,-10.53420352935791,40.151187896728516,0
536,5359683,-0.00428604893386364,0.00511612044647336,-1.0063345432281494,-0.5185427069664001,0.5719660520553589,0.15209755301475525,30.377199172973633,-8.269746780395508,39.50376510620117,0
537,5370161,0.017426511272788048,0.027868147939443588,-1.0134520530700684,-0.38362008333206177,0.8482003211975098,0.6461628079414368,30.660078048706055,-10.39412784576416,39.351966857910156,0
538,5379731,-0.022463897243142128,-0.10038015991449356,-0.9996827840805054,0.27755850553512573,-0.43287861347198486,-0.6275770664215088,28.898162841796875,-10.421687126159668,38.62091064453125,0
539,5389814,0.02569006197154522,-0.005697670392692089,-0.9861872792243958,0.5696365833282471,0.25009045004844666,0.15324749052524567,30.19069480895996,-11.206256866455078,39.905982971191406,0
540,5399898,0.003195851342752576,0.0019246411975473166,-1.0214018821716309,-0.38731253147125244,-0.35415419936180115,0.44549551606178284,29.808706283569336,-10.866914749145508,39.89455795288086,0
541,5410000,-0.026942918077111244,0.16113345324993134,-1.014521598815918,-0.09837190061807632,-1.5026915073394775,-1.1226824522018433,29.473628997802734,-8.453986167907715,39.16992950439453,0
542,5420279,0.05579676479101181,-0.03679799288511276,-1.0062837600708008,0.7592530250549316,0.20714125037193298,-0.07354701310396194,28.633039474487305,-8.06764030456543,41.46657180786133,0
543,5430086,0.10949264466762543,0.045684006065130234,-0.9985098838806152,0.6651012301445007,0.007567060645669699,-0.21159210801124573,30.37737464904785,-11.421934127807617,40.744544982910156,0
544,5440108,0.0965990200638771,-0.053459666669368744,-1.017635703086853,-0.42466241121292114,-0.07013372331857681,-0.8335309028625488,28.296955108642578,-11.345817565917969,41.93831253051758,0
545,5449943,-0.07025369256734848,-0.029681866988539696,-0.9917803406715393,0.0381927527487278,0.07153487205505371,-0.17736035585403442,29.16429901123047,-9.33516788482666,40.00520706176758,0
546,5460207,0.01824842393398285,0.029977921396493912,-1.026997447013855,0.3356013596057892,-0.18765859305858612,-0.20710119605064392,30.0788516998291,-11.603604316711426,38.86359405517578,0
547,5469998,-0.02078532613813877,0.0525231659412384,-0.9997986555099487,0.08956623822450638,0.7183965444564819,-0.5072042942047119,28.580564498901367,-10.037026405334473,40.23041915893555,0
548,5479724,0.00572601892054081,-0.008754389360547066,-1.0543169975280762,-0.7693154811859131,0.40391525626182556,-0.5549258589744568,29.813316345214844,-10.035000801086426,40.071533203125,0
549,5489658,-0.06442734599113464,0.03367311507463455,-1.0001168251037598,0.1529913693666458,-0.21686553955078125,0.020090017467737198,30.399417877197266,-10.32789421081543,39.729042053222656,0
550,5500047,-0.0346260629594326,-0.03338151052594185,-1.0132540464401245,0.11804909259080887,-0.21695195138454437,-0.15958870947360992,31.126224517822266,-9.546579360961914,40.056304931640625,0
551,5510149,0.05578571930527687,0.016552288085222244,-0.9921541213989258,0.0419674888253212,0.1613827794790268,-0.02314598485827446,27.49373435974121,-10.107866287231445,39.955657958984375,0
552,5519807,0.042656492441892624,-0.011370874010026455,-1.0228023529052734,0.5034014582633972,-0.6267135739326477,0.14134536683559418,30.851943969726562,-10.118083000183105,38.59579849243164,0
553,5530057,-0.016159942373633385,-0.010205087251961231,-1.0160704851150513,-0.5114953517913818,-0.10283982753753662,0.9359928965568542,30.57259750366211,-10.858063697814941,38.40852737426758,0
554,5540116,0.00870218314230442,-0.03128555044531822,-1.006177306175232,-0.2613242268562317,-0.0689789205789566,-0.07115346193313599,30.440780639648438,-10.126730918884277,40.02143859863281,0
555,5550120,0.0924898087978363,0.051273148506879807,-0.999718427658081,-0.19361726939678192,0.4454960823059082,-0.3518705666065216,29.406156539916992,-8.241196632385254,38.71818923950195,0
556,5559878,-0.03735518828034401,-0.038225479423999786,-1.009671688079834,0.14956003427505493,0.4151957035064697,0.6176692843437195,29.15329360961914,-8.71810531616211,41.51304244995117,0
557,5570230,-0.002414243994280696,0.008831006474792957,-1.0242767333984375,0.8805387020111084,-1.0715099573135376,0.4755842685699463,28.810890197753906,-11.310159683227539,40.08629608154297,0
558,5580086,-0.09264934062957764,-0.0944567322731018,-1.0185391902923584,0.40869149565696716,0.32615044713020325,-0.3688986897468567,29.70380401611328,-9.926515579223633,40.18425369262695,0
559,5589852,0.022839423269033432,-0.021028852090239525,-1.030855655670166,0.26400092244148254,-1.7760850191116333,-0.17386844754219055,31.453617095947266,-9.820137977600098,39.10845947265625,0
560,5599784,-0.02011026069521904,0.011503695510327816,-1.0010504722595215,-0.4100552201271057,-0.48132818937301636,-0.3421289920806885,31.48792839050293,-9.063300132751465,41.38783264160156,0
561,5610181,0.055953945964574814,-0.009175616316497326,-0.9959956407546997,-0.055447570979595184,0.2500009834766388,-0.09923605620861053,30.64893341064453,-9.529111862182617,39.352027893066406,0
562,5619853,-0.06452053785324097,-0.03780839219689369,-1.0242860317230225,-0.264428973197937,-0.6659929156303406,-0.5210606455802917,30.160913467407227,-11.389963150024414,41.1103630065918,0
563,5629912,0.013096479699015617,-0.028727851808071136,-1.000019907951355,0.001014025998301804,-0.08475885540246964,-0.6044240593910217,30.314823150634766,-9.799271583557129,39.84783172607422,0
564,5639994,0.06027901545166969,-0.062098078429698944,-1.0040961503982544,0.45633959770202637,1.1038429737091064,-0.6123152375221252,29.21737289428711,-11.117437362670898,40.199188232421875,0
565,5650173,-0.04653385654091835,0.013084297999739647,-0.9771941304206848,0.1410435140132904,0.3912512958049774,-0.05960865318775177,28.33958625793457,-10.575913429260254,41.021881103515625,0
566,5659885,-0.01861254870891571,0.05134018138051033,-0.9917130470275879,-0.224055215716362,-0.22117313742637634,-0.016529817134141922,29.859600067138672,-10.964567184448242,40.693450927734375,0
567,5670044,0.012424003332853317,0.013227222487330437,-0.9898146390914917,0.005492737051099539,-0.4172832667827606,-0.10955706983804703,29.79840660095215,-10.655963897705078,40.526798248291016,0
568,5680098,0.0034386245533823967,0.02232380397617817,-1.0011621713638306,-1.218295931816101,0.3664506673812866,0.12364775687456131,28.7182559967041,-10.406982421875,40.314918518066406,0
569,5689990,0.037863876670598984,0.059168741106987,-0.9994268417358398,-0.1474316120147705,-0.4466762840747833,0.41496187448501587,30.939329147338867,-8.941380500793457,41.993526458740234,0
570,5700051,-0.02278158813714981,0.06666465103626251,-1.0018608570098877,0.2074904590845108,-0.37780019640922546,0.8048070073127747,29.56494903564453,-10.912006378173828,40.70610046386719,0
571,5710285,-0.011761698871850967,0.010755986906588078,-0.9955047965049744,-0.2508944272994995,-0.32412803173065186,-0.3625064194202423,30.37328338623047,-9.905891418457031,39.80276870727539,0
572,5719889,-0.03840111196041107,-0.035847008228302,-0.9861125349998474,0.20245325565338135,0.20522350072860718,-0.37949779629707336,28.400005340576172,-10.745463371276855,39.83644485473633,0
573,5730145,-0.0895606204867363,0.021728962659835815,-0.9534481763839722,-0.5715727210044861,-0.3780343234539032,0.47401800751686096,29.734294891357422,-9.244211196899414,39.72723388671875,0
574,5740014,0.021174218505620956,-0.02892659790813923,-0.9701632857322693,0.2817988097667694,1.013927936553955,-0.9560177326202393,29.404970169067383,-10.903589248657227,39.84873580932617,0
575,5750049,-0.0476214736700058,-0.03633340820670128,-0.9682223200798035,1.3289844989776611,0.25451797246932983,0.5936300754547119,29.079912185668945,-11.147038459777832,38.0519905090332,0
576,5760079,0.018781984224915504,-0.03903518244624138,-0.9930509924888611,-0.5228115320205688,0.32292652130126953,0.4251948595046997,31.884693145751953,-9.156702041625977,40.168460845947266,0
577,5770219,0.04087298735976219,-0.04580216109752655,-1.004689335823059,-0.9286952018737793,0.06750693917274475,-0.17644476890563965,31.517662048339844,-12.927277565002441,38.940284729003906,0
578,5780083,0.0002751029678620398,0.021618757396936417,-1.005807876586914,-0.805246889591217,0.7000836730003357,-0.10177409648895264,29.496505737304688,-11.953059196472168,40.6383056640625,0
579,5790005,-0.04473530501127243,-0.02832218073308468,-0.9870885014533997,-0.20777562260627747,0.19022037088871002,-0.09752441197633743,28.86387062072754,-10.621567726135254,40.16116714477539,0
580,5800006,0.02219853550195694,0.011446732096374035,-0.9886514544487,0.1850007325410843,0.33567214012145996,-1.2571061849594116,31.487640380859375,-7.5908002853393555,41.54704666137695,0
581,5809856,0.01146284956485033,0.02581055648624897,-1.0206440687179565,-0.15259720385074615,0.7016139626502991,0.6981451511383057,29.96500587463379,-9.420111656188965,38.976654052734375,0
582,5819541,-0.01584872044622898,-0.018293067812919617,-0.9814721345901489,-0.41025349497795105,-0.4390075206756592,0.251605361700058,31.03934669494629,-11.38512134552002,40.81200408935547,0
583,5830255,-0.03893838822841644,0.051910627633333206,-0.9806097149848938,0.29515540599823,-0.7101989984512329,-0.025949589908123016,30.141271591186523,-10.421372413635254,40.11057662963867,0
584,5840142,0.14375200867652893,0.004338480532169342,-1.017101764678955,0.0016309849452227354,-0.36331576108932495,0.5553953647613525,28.57492446899414,-10.165457725524902,40.34364318847656,0
585,5850058,0.025265663862228394,0.014868144877254963,-1.0148460865020752,-0.04363075643777847,-0.45317545533180237,-0.06490353494882584,28.980417251586914,-11.249868392944336,41.326805114746094,0
586,5860125,-0.006384657695889473,0.016697939485311508,-1.0088707208633423,0.5126393437385559,-0.28517308831214905,-0.19277527928352356,30.26011085510254,-8.816763877868652,40.35491943359375,0
587,5870016,0.048400118947029114,-0.002685942454263568,-1.0119638442993164,-0.36632391810417175,-0.6291144490242004,-0.0844794511795044,31.51657485961914,-9.227992057800293,40.52561950683594,0
588,5880351,-0.025767559185624123,-0.03890235349535942,-1.0059446096420288,-0.1140558272600174,-0.2019193172454834,-0.013266711495816708,29.451292037963867,-9.118288040161133,39.75751876831055,0
589,5890074,-0.08545637130737305,-0.007715519983321428,-0.9956899285316467,0.36659830808639526,0.9763665795326233,0.14034277200698853,30.24620819091797,-9.59422779083252,40.22418975830078,0
590,5899726,-0.09360777586698532,-0.1139165610074997,-0.996844470500946,0.409426748752594,-0.050657425075769424,-0.6904267072677612,29.502735137939453,-9.766555786132812,39.535465240478516,0
591,5909842,0.10843755304813385,-0.02265741303563118,-0.9925639033317566,0.017019495368003845,-0.05289693921804428,0.06861694902181625,32.18427276611328,-8.575129508972168,39.46090316772461,0
592,5920020,0.0638386532664299,-0.0892753005027771,-1.0181455612182617,1.4141420125961304,0.5325939655303955,-1.0192503929138184,29.130836486816406,-9.196891784667969,39.27995300292969,0
593,5930126,0.10654640942811966,-0.03889927268028259,-0.9944398999214172,0.47505995631217957,-0.37455692887306213,0.534801185131073,30.618192672729492,-10.844511032104492,40.488121032714844,0
594,5939932,0.04919222742319107,0.03682557865977287,-0.9818047285079956,-0.20751745998859406,0.7034427523612976,-1.0117912292480469,30.464603424072266,-9.335944175720215,39.24269104003906,0
595,5950171,-0.0407855398952961,-0.020929692313075066,-0.9902006983757019,0.36778104305267334,0.8733386993408203,-0.32941508293151855,30.51804542541504,-8.899697303771973,38.76222229003906,0
596,5959779,0.011435378342866898,0.044391658157110214,-0.9794137477874756,-0.7242268919944763,-0.1982601284980774,-0.3311465382575989,30.81267547607422,-9.277108192443848,41.208518981933594,0
597,5969791,-0.042717110365629196,-0.028924843296408653,-1.0011672973632812,-0.021407708525657654,0.16354627907276154,0.18174225091934204,29.181367874145508,-9.204691886901855,40.87916564941406,0
598,5979959,0.04246160387992859,-0.03841410204768181,-1.0073440074920654,-0.5898637175559998,0.08386668562889099,-0.2232670933008194,31.396787643432617,-12.098508834838867,40.23473358154297,0
599,5989916,0.0468534454703331,0.018873507156968117,-1.0121240615844727,-0.40892958641052246,-0.12190258502960205,-1.0061745643615723,30.4287166595459,-9.870125770568848,40.07633590698242,0
600,5999781,-0.02458122931420803,-0.02591097727417946,-1.0300440788269043,-0.2716614007949829,0.06752046942710876,-0.23456436395645142,29.518718719482422,-9.915596008300781,40.06361770629883,0
601,6009974,0.0069506969302892685,0.05785010755062103,-1.02655827999115,0.15672694146633148,0.545876681804657,-0.8235534429550171,29.181121826171875,-11.822978973388672,41.081207275390625,0
602,6020050,0.01765938103199005,-0.034236226230859756,-1.0046652555465698,-0.18178397417068481,0.6223474740982056,-0.42043617367744446,31.443161010742188,-10.986854553222656,39.084354400634766,0
603,6029923,-0.046317026019096375,-0.033742111176252365,-0.9751275777816772,0.10613318532705307,-0.035282254219055176,-1.0626754760742188,30.89009666442871,-9.356640815734863,41.70341873168945,0
604,6039953,-0.07116660475730896,-0.015899261459708214,-1.0008018016815186,-0.4776664972305298,-0.9422423243522644,1.0405495166778564,30.058544158935547,-11.12148666381836,40.33464813232422,0
605,6049919,-0.002141822362318635,0.08962768316268921,-1.0129683017730713,-0.19859856367111206,0.2707937955856323,-0.2252713441848755,28.5400390625,-9.161035537719727,40.222938537597656,0
606,6060171,-0.01878168061375618,-0.0814419835805893,-0.9989811182022095,-0.2861473858356476,-0.0013760648434981704,0.364129900932312,29.2524356842041,-9.928726196289062,39.62164306640625,0
607,6069766,-0.06906113028526306,-0.016080345958471298,-1.0233213901519775,-0.5198419690132141,-0.5545745491981506,-0.09088516235351562,29.93814468383789,-11.181877136230469,41.145896911621094,0
608,6080003,-0.058097898960113525,-0.005534349009394646,-0.990687906742096,0.3532640039920807,0.5886207818984985,-0.2947198748588562,30.0079402923584,-11.19766902923584,41.75623321533203,0
609,6090078,0.014186318032443523,0.011198154650628567,-1.0084866285324097,-0.4597316086292267,-0.1330704391002655,0.6124613881111145,29.42391586303711,-9.598204612731934,40.08513641357422,0
610,6099995,-0.10010859370231628,-0.003166362177580595,-0.9872490167617798,0.8497509360313416,0.004447922110557556,0.2819085419178009,30.8668155670166,-9.190125465393066,41.79146194458008,0
611,6110222,0.01639208197593689,-0.0407971516251564,-1.0526822805404663,0.6314957737922668,0.3229486048221588,0.484992116689682,31.363386154174805,-12.271805763244629,37.13134765625,0
612,6119949,-0.02685159258544445,0.021387876942753792,-0.9745051860809326,-0.011787744238972664,-0.22949017584323883,-0.7724659442901611,30.177642822265625,-9.61484146118164,40.68383026123047,0
613,6129914,0.027043653652071953,0.011503665708005428,-1.0345715284347534,-0.3050954341888428,0.029256176203489304,-0.2922655940055847,32.10378646850586,-11.024616241455078,37.6900749206543,0
614,6140082,-0.010344117879867554,-0.01890326850116253,-0.9678449630737305,-0.3169982135295868,0.5394573211669922,0.6038171052932739,30.71997833251953,-9.96212100982666,39.8491325378418,0
615,6150125,-0.063841313123703,0.03446894511580467,-1.0090855360031128,0.4409957230091095,0.7268087267875671,-0.056965429335832596,30.29129981994629,-9.627135276794434,38.71511459350586,0
616,6159871,-0.008734478615224361,-0.018364647403359413,-0.9959893822669983,-0.5779535174369812,-0.5978745222091675,0.24482867121696472,30.581737518310547,-11.844932556152344,40.377559661865234,0
617,6169870,0.0096394382417202,0.04428770765662193,-1.010425090789795,-0.13454602658748627,-0.39392098784446716,0.43142229318618774,30.539674758911133,-10.926033020019531,40.03829574584961,0
618,6179741,-0.021521463990211487,0.03602210059762001,-0.994128942489624,0.05077487230300903,0.5694916248321533,-0.19512367248535156,30.726200103759766,-8.545087814331055,38.13727569580078,0
619,6189601,0.017955433577299118,-0.001349852653220296,-1.0426210165023804,0.5427092909812927,0.037595026195049286,0.6525865793228149,31.02421760559082,-10.14555549621582,39.09821319580078,0
620,6199847,-0.006050432100892067,0.024381497874855995,-1.0099763870239258,0.3395932912826538,-0.8060145378112793,-0.2534366846084595,30.814271926879883,-11.501298904418945,40.05808639526367,0
621,6210155,-0.04815772548317909,-0.014785648323595524,-0.9933806657791138,-0.4413306415081024,0.005851290188729763,0.38256219029426575,30.0952205657959,-9.892778396606445,39.56395721435547,0
622,6219941,-0.013193365186452866,0.000561447290237993,-1.0287201404571533,0.12474244832992554,0.06609135866165161,0.17277278006076813,30.463239669799805,-8.001241683959961,38.612918853759766,0
623,6230174,-0.029996544122695923,0.033789414912462234,-1.0073477029800415,0.21053682267665863,0.6045151948928833,0.36883431673049927,29.425537109375,-9.00250244140625,39.95048904418945,0
624,6239987,0.0647319033741951,-0.04277268797159195,-0.970654308795929,0.05909273400902748,-0.040212903171777725,0.4005601406097412,28.98126220703125,-10.626585006713867,39.672542572021484,0
625,6250174,-0.06351539492607117,-0.07547842711210251,-1.0284912586212158,-0.12720105051994324,0.5627679824829102,0.7039012908935547,30.77730941772461,-10.429744720458984,39.3536376953125,0
626,6260191,-0.06460805237293243,-0.03424165025353432,-1.0332869291305542,0.07000868767499924,0.9413060545921326,0.7865895628929138,30.41939926147461,-9.405226707458496,41.44924545288086,0
627,6269892,-0.08847928792238235,0.001029789331369102,-1.0276460647583008,0.08475323021411896,-0.1730017215013504,0.02882949449121952,29.833703994750977,-8.617392539978027,40.78917694091797,0
628,6280072,-0.02484913170337677,-0.0422300286591053,-0.9979544878005981,0.46262210607528687,-0.4255126714706421,-0.9698118567466736,29.944538116455078,-8.925503730773926,40.14301300048828,0
629,6289870,0.008978025987744331,-0.10913252085447311,-0.9999833703041077,0.1421842873096466,0.5880576968193054,0.5553709268569946,30.856664657592773,-9.459773063659668,38.0418701171875,0
630,6300060,0.041425466537475586,0.008321775123476982,-1.0114330053329468,0.23085159063339233,-0.2528156042098999,0.30080509185791016,30.797834396362305,-11.432076454162598,41.71236801147461,0
631,6310005,-0.036985572427511215,0.013429136946797371,-1.0155863761901855,-0.27367040514945984,0.016897117719054222,-0.37596964836120605,29.741649627685547,-9.245868682861328,40.60722351074219,0
632,6319915,-0.06654772162437439,0.05557925999164581,-0.9753389954566956,0.22489409148693085,-1.1927878856658936,0.23938429355621338,29.658008575439453,-12.473348617553711,40.558719635009766,0
633,6329699,-0.02859227918088436,0.06456058472394943,-0.9961647987365723,0.1177794560790062,-0.013383549638092518,-0.14929074048995972,31.3997859954834,-8.117036819458008,40.966224670410156,0
634,6340241,0.015425905585289001,-0.08924724906682968,-0.998195230960846,0.663506031036377,0.23271945118904114,-0.21886128187179565,29.852970123291016,-8.413864135742188,39.156612396240234,0
635,6349996,-0.00890382844954729,0.057337503880262375,-1.0241812467575073,-0.14921757578849792,-0.5628401041030884,-0.6021560430526733,31.59380340576172,-8.799689292907715,41.24810791015625,0
636,6359974,0.033920422196388245,-0.012691153213381767,-0.9569032788276672,-0.7149564027786255,0.7407861948013306,-0.16750065982341766,29.780302047729492,-9.720935821533203,40.01291275024414,0
637,6369926,0.05945689603686333,-0.030057543888688087,-1.0229099988937378,-0.04319554939866066,0.31790319085121155,-0.9055687189102173,30.443279266357422,-11.035845756530762,40.050025939941406,0
638,6379947,0.022953206673264503,0.04401208087801933,-1.0019277334213257,-0.4361233115196228,0.17793962359428406,0.2715872824192047,31.448871612548828,-9.190564155578613,40.292686462402344,0
639,6389973,-0.015339955687522888,-0.10896328091621399,-0.9603860974311829,-0.16739268600940704,-0.06441215425729752,0.26498162746429443,30.744388580322266,-8.383728981018066,39.8370361328125,0
640,6399987,-0.019763391464948654,-0.03398953005671501,-1.0061101913452148,-0.41995564103126526,-0.8728251457214355,0.0863046646118164,30.183975219726562,-9.470842361450195,39.902008056640625,0
641,6409994,-0.0008960635168477893,0.06566852331161499,-1.0154833793640137,0.7621846795082092,-0.43672433495521545,0.21206022799015045,30.165176391601562,-9.746770858764648,39.32637023925781,0
642,6420069,-0.012371601536870003,0.0345781035721302,-1.004410982131958,-0.0652928426861763,0.4911472201347351,0.189439058303833,30.032678604125977,-11.037924766540527,40.78561019897461,0
643,6430032,0.008670259267091751,-0.00348607636988163,-0.969474732875824,-0.17704178392887115,-0.13262204825878143,-1.3065451383590698,29.134281158447266,-11.967994689941406,41.24121856689453,0
644,6440237,-0.03442484512925148,-0.10415323823690414,-0.9994732141494751,-0.163224995136261,0.1496008038520813,0.7586293816566467,29.859554290771484,-10.169201850891113,41.49900436401367,0
645,6450235,0.028674526140093803,-0.09754590690135956,-0.9762336015701294,0.13020393252372742,-0.152372807264328,-0.11586645245552063,28.405731201171875,-10.233878135681152,38.84597396850586,0
646,6459968,-0.09592844545841217,0.021858178079128265,-0.9662361741065979,0.2075800895690918,0.41095107793807983,1.038455605506897,28.819408416748047,-9.959599494934082,38.375614166259766,0
647,6469954,-0.048427555710077286,-0.012464402243494987,-1.0065850019454956,-0.038755107671022415,0.2770330607891083,-0.9933462142944336,29.914318084716797,-9.987500190734863,39.12305450439453,0
648,6480060,-0.01220285426825285,0.08898875117301941,-0.9881340861320496,0.5633234977722168,-0.038876812905073166,-0.6245898008346558,30.744802474975586,-9.592012405395508,40.17212677001953,0
649,6490000,0.08242593705654144,0.04037126153707504,-0.9929943680763245,-0.325784832239151,0.3631677031517029,-0.06436712294816971,29.697189331054688,-10.619662284851074,40.186214447021484,0
650,6500218,-0.01726292446255684,-0.011664276011288166,-1.016029715538025,-0.10598660260438919,-0.11816300451755524,0.4440456032752991,30.719074249267578,-9.304380416870117,41.98062515258789,0
651,6509924,-0.029905572533607483,0.1187056452035904,-1.0572295188903809,-0.6858208775520325,-0.6266374588012695,0.9749946594238281,30.862592697143555,-8.725255012512207,40.40422821044922,0
652,6519971,-0.055862799286842346,-0.000779094931203872,-0.9802497625350952,0.9388540983200073,0.8215320706367493,0.5405426025390625,28.994211196899414,-9.747060775756836,40.206024169921875,0
653,6529787,-0.01626141183078289,0.05027937889099121,-0.9528397917747498,-0.3203364312648773,-0.31961479783058167,0.7899418473243713,30.60725212097168,-10.331130981445312,38.76213836669922,0
654,6539842,0.024226458743214607,0.0598280131816864,-1.0437530279159546,0.43774962425231934,0.13380597531795502,-0.02155199460685253,29.80034828186035,-9.070887565612793,39.19075393676758,0
655,6549957,0.0014207687927410007,-0.050685979425907135,-0.9966865181922913,0.2581011652946472,-0.284527063369751,0.34367331862449646,30.647308349609375,-10.10183334350586,39.16298294067383,0
656,6560440,-0.036518994718790054,-0.00966875720769167,-0.9931831359863281,0.4498506784439087,-0.4855720102787018,0.34570831060409546,31.369346618652344,-10.071623802185059,38.40424346923828,0
657,6569926,0.06326144188642502,-0.08143965899944305,-1.0206047296524048,0.2084936499595642,-0.1838015913963318,-0.5947917699813843,29.908435821533203,-10.864127159118652,39.880836486816406,0
658,6580024,-0.007109940052032471,-0.04511704668402672,-1.0106251239776611,-0.11085441708564758,1.1770247220993042,-0.6874967217445374,28.60820960998535,-8.892128944396973,40.83028793334961,0
659,6589976,0.07746114581823349,-0.050957947969436646,-1.0123546123504639,-0.14643314480781555,-0.2996023893356323,0.03570333495736122,30.59072494506836,-11.133283615112305,40.21965408325195,0
660,6600192,-0.06525498628616333,-0.00127436185721308,-1.024937629699707,-0.25572866201400757,0.19888989627361298,0.4782848358154297,30.11524772644043,-9.782655715942383,40.60372543334961,0
661,6609866,0.04397238790988922,-0.08386131376028061,-1.0033005475997925,-0.25771138072013855,-0.8949193954467773,0.7166230082511902,31.834936141967773,-8.735807418823242,39.86168670654297,0
662,6620108,-0.006219310220330954,-0.054583728313446045,-1.0037912130355835,-0.0790482759475708,0.23781120777130127,-0.7390838265419006,28.975921630859375,-10.398728370666504,42.12757110595703,0
663,6629809,-0.11530746519565582,0.020990822464227676,-1.0205962657928467,0.5164319276809692,-0.09916971623897552,-0.40427321195602417,29.456941604614258,-10.891599655151367,40.94686508178711,0
664,6640303,0.023141583427786827,-0.05268555507063866,-0.9885444045066833,-0.041951633989810944,0.14164875447750092,0.2718139588832855,29.846134185791016,-8.59862232208252,38.25849151611328,0
665,6649747,0.10818874835968018,0.029263459146022797,-1.0059270858764648,-0.14307169616222382,0.053632065653800964,0.4319433569908142,30.765047073364258,-9.727737426757812,40.357322692871094,0
666,6659624,0.02801627852022648,-0.029739510267972946,-0.9488089680671692,0.8056051135063171,0.10324963182210922,0.5014632940292358,28.98771858215332,-9.720602989196777,41.058631896972656,0
667,6670099,-0.016830114647746086,-0.12178192287683487,-0.9961554408073425,0.5520851612091064,-0.1830187290906906,-0.1666441261768341,31.719974517822266,-11.410640716552734,40.44788360595703,0
668,6679831,0.04265720024704933,0.03596389293670654,-1.0235048532485962,0.5493496656417847,-0.2128920555114746,-0.49784451723098755,29.19667625427246,-9.850635528564453,39.11653137207031,0
669,6690044,-0.017166847363114357,-0.05812447518110275,-0.9900765419006348,0.035322487354278564,0.011506824754178524,0.11049249768257141,30.740026473999023,-11.12993049621582,39.22910690307617,0
670,6699862,-0.03327548876404762,0.023820126429200172,-0.9956619739532471,-0.40411126613616943,-0.06781233102083206,-0.41200485825538635,28.651601791381836,-8.713976860046387,38.04603576660156,0
671,6710111,-0.018620597198605537,-0.003995777573436499,-1.0260896682739258,-0.6412074565887451,-0.5059817433357239,-0.48632746934890747,27.96306610107422,-9.668481826782227,37.73125076293945,0
672,6720308,-0.023764384910464287,-0.0033569782972335815,-0.9781222343444824,0.046403612941503525,-0.1933630257844925,0.24036724865436554,30.505126953125,-9.33433723449707,42.414894104003906,0
673,6730202,-0.009413439780473709,-0.03184882551431656,-1.00165593624115,0.09789998084306717,-1.147944450378418,0.3572404682636261,30.761049270629883,-11.781365394592285,40.789180755615234,0
674,6739773,0.005924088880419731,-0.04666701704263687,-1.0092231035232544,0.1039949581027031,0.10648804903030396,0.10009849816560745,29.542587280273438,-9.954558372497559,39.107810974121094,0
675,6750136,0.0019143627723678946,-0.011164643801748753,-1.0322518348693848,-0.04558664560317993,0.6602505445480347,-0.6169134378433228,30.922840118408203,-9.0724458694458,39.97114562988281,0
676,6760120,0.010617927648127079,-0.11327370256185532,-0.9945953488349915,0.10478785634040833,-0.31910440325737,1.200147032737732,30.595640182495117,-10.925392150878906,41.22195816040039,0
677,6769836,0.005291100591421127,-0.006933209951967001,-1.0131639242172241,0.6470841765403748,-0.13802459836006165,0.0897347554564476,28.918306350708008,-11.037005424499512,40.138954162597656,0
678,6780099,-0.00784368347376585,0.04983561858534813,-1.0217257738113403,-0.3429192006587982,-0.8904824256896973,0.2305060476064682,30.161178588867188,-9.512944221496582,39.61001205444336,0
679,6789926,-0.08850754797458649,-0.031841397285461426,-1.0169837474822998,-0.10771311819553375,0.11648881435394287,-1.2161504030227661,28.480405807495117,-11.501505851745605,39.54525375366211,0
680,6799881,0.0003797467506956309,0.014363425783813,-0.9889509677886963,0.8573447465896606,-0.29276737570762634,0.1285293847322464,29.65704345703125,-8.78560733795166,39.83088302612305,0
681,6810175,-0.06159024313092232,-0.035391271114349365,-0.9975268244743347,-0.4694456458091736,0.17806509137153625,-0.02323191426694393,31.106578826904297,-9.798859596252441,40.84695053100586,0
682,6820019,-0.0607328824698925,0.00828434620052576,-1.0024715662002563,-0.18351079523563385,-0.1274338662624359,0.786941409111023,27.12183380126953,-9.62883472442627,38.253265380859375,0
683,6829747,0.03468748554587364,0.06573231518268585,-1.0313063859939575,-0.2183733731508255,0.7209867238998413,-0.2997262477874756,29.451995849609375,-10.060003280639648,39.49078369140625,0
684,6839786,-0.08312676101922989,-0.01775515452027321,-0.9896700382232666,0.13970279693603516,-0.4575110077857971,-0.1253928542137146,29.999265670776367,-9.118979454040527,40.264034271240234,0
685,6850330,-0.016581812873482704,-0.08156537264585495,-0.9822357892990112,-0.29676148295402527,0.3522499203681946,-0.10852205753326416,29.64111328125,-10.671245574951172,42.03308868408203,0
686,6859988,0.09446318447589874,0.010741119273006916,-0.9988409280776978,-0.6476320028305054,0.6632068753242493,-0.06461098045110703,30.775346755981445,-9.732382774353027,38.1264533996582,0
687,6870163,0.05444157123565674,0.01980992779135704,-0.9920573234558105,-0.27989476919174194,-0.5808476805686951,0.25546994805336,29.393463134765625,-11.077524185180664,40.94915008544922,0
688,6880203,-0.0473623126745224,-0.08451914042234421,-1.00677490234375,0.2854959964752197,0.13428811728954315,-0.6323629021644592,30.09097671508789,-9.45320987701416,40.79597091674805,0
689,6890159,-0.04523564502596855,-0.032558877021074295,-0.9552306532859802,0.5146085023880005,-0.12855686247348785,1.1449757814407349,30.354887008666992,-9.702470779418945,39.747982025146484,0
690,6900053,-0.008734432980418205,-0.05317963287234306,-0.9965344071388245,0.03580073267221451,0.23363031446933746,0.6326512098312378,31.270109176635742,-10.358365058898926,40.032981872558594,0
691,6910178,-0.13493435084819794,-0.007511848583817482,-0.9963650703430176,-0.37431588768959045,0.03618723899126053,-0.27893587946891785,29.415233612060547,-10.077627182006836,39.76169204711914,0
692,6920009,-0.004331787116825581,-0.015933316200971603,-1.017428994178772,0.11451834440231323,-0.6445602178573608,0.019453708082437515,29.650243759155273,-11.343118667602539,42.68331527709961,0
693,6929956,0.07450950145721436,0.029766907915472984,-0.9983823299407959,0.10393970459699631,0.8081352710723877,-0.06284620612859726,27.719709396362305,-10.493206024169922,39.72527313232422,0
694,6939809,0.0204276442527771,-0.06241465359926224,-0.9986655116081238,-0.2790546119213104,0.7077049016952515,-0.028215797618031502,30.29283905029297,-9.887001037597656,40.496219635009766,0
695,6949862,-0.024752287194132805,-0.007835718803107738,-0.9781639575958252,-0.3304362893104553,-0.3356008529663086,0.3810931146144867,32.0704231262207,-10.267745971679688,42.60399627685547,0
696,6960109,0.05294610932469368,0.1371864378452301,-0.9885575771331787,0.5659605860710144,0.7854956984519958,-0.283635675907135,31.481468200683594,-11.152161598205566,37.07632827758789,0
697,6969900,0.040282245725393295,-0.09201744198799133,-1.000575065612793,-0.5373126864433289,-0.6418302059173584,0.624498724937439,28.442970275878906,-9.347065925598145,40.75495529174805,0
698,6980081,-0.10265445709228516,-0.012160803191363811,-0.9867749214172363,0.39010047912597656,0.24302133917808533,0.4393559396266937,31.698108673095703,-8.359688758850098,40.535675048828125,0
699,6989960,0.07008958607912064,-0.08745266497135162,-0.9943968653678894,0.7320176362991333,0.07203533500432968,0.2349804937839508,30.310054779052734,-8.731562614440918,39.91191482543945,0
700,7000153,-0.006418798118829727,-0.12084867805242538,-1.0209002494812012,0.6885461807250977,0.4568873345851898,0.31933772563934326,29.171445846557617,-9.273396492004395,39.964717864990234,0
701,7009926,-0.011830559000372887,0.08330042660236359,-1.0104857683181763,-0.29353010654449463,-0.6310111880302429,0.45315682888031006,29.841915130615234,-8.575867652893066,40.38572311401367,0
702,7019956,-0.04556063190102577,-0.019112523645162582,-1.001652479171753,0.23373925685882568,0.12923723459243774,0.36611223220825195,32.45254135131836,-10.97590160369873,40.14112854003906,0
703,7029935,0.03297244384884834,-0.08232175558805466,-1.0011544227600098,0.5577951669692993,-0.009731651283800602,-0.44136759638786316,30.02899742126465,-9.285313606262207,38.102230072021484,0
704,7040037,-0.09207487851381302,-0.05818738788366318,-1.0200395584106445,-0.5386788249015808,0.027247771620750427,-1.1446095705032349,29.72871971130371,-10.195056915283203,39.57136535644531,0
705,7049897,0.06508486717939377,-0.03425544872879982,-0.981401264667511,-1.043413758277893,-0.270666241645813,-0.09769964963197708,30.22299575805664,-10.777140617370605,39.692237854003906,0
706,7059776,0.03219395875930786,0.006025101523846388,-1.0160266160964966,-0.0011688662925735116,-0.9659500122070312,0.41689562797546387,29.3907527923584,-10.709427833557129,39.777366638183594,0
707,7069569,0.0383777990937233,0.05790570750832558,-1.0233145952224731,-0.13759355247020721,0.5716487765312195,-0.2515004873275757,30.13548469543457,-7.971737861633301,39.51508712768555,0
708,7080055,0.020834652706980705,-0.014983806759119034,-0.9896290302276611,-0.21815776824951172,0.6356390714645386,-0.31561070680618286,29.50530433654785,-9.672505378723145,40.00848388671875,0
709,7089890,-0.07134091109037399,0.03418083116412163,-0.9694412350654602,0.0063170818611979485,-0.17689301073551178,0.042744230479002,30.91602325439453,-10.946684837341309,40.968692779541016,0
710,7099791,-0.08685817569494247,0.11154643446207047,-0.995282769203186,-0.05378234013915062,0.4746417701244354,-0.5659564137458801,27.927783966064453,-9.889555931091309,40.69987869262695,0
711,7110055,0.052546750754117966,-0.006040990352630615,-1.0216569900512695,0.2688758075237274,-0.6012356281280518,0.8215243220329285,29.673625946044922,-9.494505882263184,41.03852081298828,0
712,7120234,-0.02876168303191662,-0.08835314214229584,-0.9994558691978455,0.3900352716445923,0.37311744689941406,0.4195029139518738,31.99356460571289,-8.518404960632324,39.77240753173828,0
713,7129765,0.0030982994940131903,0.0004496776091400534,-0.9839456677436829,-0.14801426231861115,-0.16000661253929138,1.2987091541290283,31.305418014526367,-9.581740379333496,38.516578674316406,0
714,7140031,-0.020362969487905502,0.008564730174839497,-0.9886996746063232,-1.1790544986724854,-0.4836035370826721,-0.7007936239242554,29.15028190612793,-9.551247596740723,40.735172271728516,0
715,7149851,0.062482330948114395,0.019782885909080505,-0.984603226184845,0.3636592924594879,-0.4737803339958191,0.44720155000686646,29.752965927124023,-10.790104866027832,40.477783203125,0
716,7160160,0.03311851620674133,-0.01873735524713993,-0.9995970129966736,-0.6921412348747253,-0.12080162763595581,-0.1527104377746582,30.69218635559082,-9.033605575561523,37.91122817993164,0
717,7169801,0.02550503797829151,0.11010172963142395,-0.9934782385826111,-0.07536131143569946,-0.02422824688255787,0.6175973415374756,28.828004837036133,-8.176291465759277,39.40106964111328,0
718,7180007,-0.05275386944413185,0.030158182606101036,-0.9921484589576721,0.9592185020446777,0.7436578273773193,0.2520216703414917,29.00654411315918,-11.884257316589355,39.41901397705078,0
719,7190226,-0.02610878460109234,-0.12340357899665833,-1.0473355054855347,-0.35702040791511536,-0.5817855596542358,0.003371087834239006,30.825258255004883,-8.90829086303711,40.621788024902344,0
720,7200172,-0.011537658050656319,0.07422659546136856,-0.9997705221176147,0.4740201532840729,0.2766794264316559,-0.4647291600704193,28.099929809570312,-10.521709442138672,39.259185791015625,0
721,7210177,0.0024853055365383625,-0.04149879142642021,-0.9949835538864136,0.7720560431480408,-0.3716048002243042,-0.17508336901664734,29.55764389038086,-9.673273086547852,39.37516403198242,0
722,7220304,0.015859421342611313,0.02787790820002556,-1.0280346870422363,-0.18644334375858307,0.28080660104751587,0.21701309084892273,29.984195709228516,-9.720784187316895,40.08578872680664,0
723,7229791,-0.010275126434862614,0.005499579478055239,-0.9918350577354431,0.4079260528087616,-0.28359705209732056,-0.1308647245168686,27.96798324584961,-9.147058486938477,38.925594329833984,0
724,7239978,-0.03885345906019211,-0.009713508188724518,-0.9924188852310181,-0.7399312257766724,-0.5083697438240051,-0.42520761489868164,31.019742965698242,-9.03255844116211,39.99093246459961,0
725,7249830,0.05314107611775398,-0.01975211687386036,-1.019338846206665,-0.17565318942070007,-0.988417387008667,-0.3145720660686493,27.991365432739258,-9.181876182556152,40.32822036743164,0
726,7260038,0.026191912591457367,-0.04475119709968567,-0.9826257824897766,0.11494903266429901,-0.6550756096839905,0.8512160181999207,29.03997230529785,-9.124046325683594,39.284854888916016,0
727,7269733,0.03135495260357857,-0.06579364091157913,-1.0139127969741821,-0.06618048250675201,-0.1301145702600479,0.22592945396900177,31.684480667114258,-11.44570255279541,41.79353713989258,0
728,7279908,-0.04569273442029953,-0.03646428510546684,-1.0010210275650024,-0.8505672216415405,0.19568593800067902,-0.09901712089776993,29.89297103881836,-11.229764938354492,39.27729415893555,0
729,7290031,0.014512874186038971,-0.028501523658633232,-1.0040345191955566,0.13852940499782562,-0.20341789722442627,-0.20156018435955048,29.36249351501465,-10.859556198120117,39.78706741333008,0
730,7300225,-0.10004483163356781,-0.05343350023031235,-1.0174177885055542,0.5974711179733276,0.5239672064781189,-0.8203644752502441,29.998414993286133,-9.548895835876465,39.983097076416016,0
731,7310197,-0.015234030783176422,-0.015743015334010124,-0.9855439066886902,0.06789185851812363,0.24557305872440338,-0.1278991848230362,28.3675594329834,-10.104035377502441,39.17180633544922,0
732,7320208,-0.05733741074800491,0.023534731939435005,-0.9663998484611511,0.19647268950939178,-0.24227459728717804,-0.335689902305603,30.667333602905273,-9.804892539978027,40.65818786621094,0
733,7330051,-0.1768379807472229,0.05409678816795349,-1.0202174186706543,0.2555883228778839,-0.9219965934753418,-0.12666191160678864,28.25682830810547,-7.592188358306885,39.17778396606445,0
734,7339888,-0.028172187507152557,0.018388552591204643,-0.9905639290809631,0.5267958045005798,-0.635193407535553,0.16927851736545563,30.25986671447754,-10.542939186096191,40.569915771484375,0
735,7350238,-0.08463702350854874,-0.01464508380740881,-1.026357650756836,-0.2158210277557373,0.6384784579277039,0.18555791676044464,28.84758758544922,-10.132568359375,39.32238006591797,0
736,7360301,-0.039492979645729065,-0.06649961322546005,-0.9878407716751099,-0.40930625796318054,-0.2874481678009033,0.8133957386016846,30.501888275146484,-8.054540634155273,41.23276901245117,0
737,7369947,-0.1346617192029953,0.09204155206680298,-0.9812998175621033,0.4590555727481842,0.5113896131515503,0.3705609440803528,27.558252334594727,-8.052963256835938,41.293067932128906,0
738,7380255,0.01681068167090416,-0.0928463414311409,-0.9968365430831909,0.2951418459415436,0.5878193378448486,-0.3372289836406708,29.83879280090332,-9.333990097045898,41.277767181396484,0
739,7390017,-0.04274704307317734,-0.01580687053501606,-0.9872835874557495,-0.33595919609069824,-0.09436921030282974,-0.46155065298080444,29.256567001342773,-9.60202407836914,41.72315979003906,0
740,7399982,0.033556971698999405,-0.06233140453696251,-0.9871488213539124,-0.6285227537155151,0.11405042558908463,0.37626099586486816,32.01625442504883,-10.266044616699219,40.88086700439453,0
741,7409879,-0.03511137142777443,-0.03026847168803215,-1.0147331953048706,-0.5093600153923035,-0.3004583418369293,-0.015650324523448944,30.30336570739746,-10.16217041015625,39.58420181274414,0
742,7420106,-0.03002982586622238,-0.046553462743759155,-0.9979116916656494,-0.3597007393836975,-0.1055876612663269,0.5430502891540527,29.146772384643555,-9.054444313049316,39.492034912109375,0
743,7430096,0.056139662861824036,0.0875101312994957,-0.9953874945640564,-0.43464791774749756,-0.09308292716741562,-0.5295358300209045,30.537633895874023,-9.280253410339355,40.60506820678711,0
744,7439793,-0.026140697300434113,0.09196817874908447,-0.9819784164428711,0.3002921938896179,0.20822882652282715,-0.18128320574760437,31.18331527709961,-8.9743013381958,38.756778717041016,0
745,7450085,-0.07181711494922638,0.010145328007638454,-0.980390191078186,-0.2423425316810608,-0.2594163417816162,-0.2582769989967346,29.33502769470215,-8.84784984588623,38.70647430419922,0
746,7459956,-0.02058597095310688,-0.028221238404512405,-1.0040866136550903,-0.6864221692085266,0.5344535708427429,1.0853701829910278,29.82058334350586,-11.513018608093262,39.37156295776367,0
747,7469845,-0.0500132255256176,0.015082261525094509,-0.9606188535690308,0.2649705708026886,-0.5556594729423523,-1.2960950136184692,29.936796188354492,-10.003368377685547,41.28289794921875,0
748,7480152,0.05068537965416908,-0.027544567361474037,-1.0102729797363281,-0.20221857726573944,0.3023946285247803,-0.7039822340011597,31.010541915893555,-10.987006187438965,39.002525329589844,0
749,7489715,-0.027960900217294693,-0.09657057374715805,-1.0102797746658325,0.2585974335670471,-0.3070119321346283,-0.5920611619949341,28.489704132080078,-11.11882209777832,40.517921447753906,0
750,7500072,0.004339085891842842,-0.014422382228076458,-0.9845789670944214,0.08682888746261597,-1.0377644300460815,0.3476950228214264,30.093156814575195,-9.499083518981934,40.864158630371094,0
751,7510175,-0.007744766306132078,-0.0013671654742211103,-0.9992653727531433,1.5568606853485107,0.32360178232192993,-0.5315612554550171,29.433870315551758,-10.822709083557129,39.96649169921875,0
752,7520013,0.0032941061072051525,-0.025749510154128075,-1.0027472972869873,0.4839787781238556,0.3762262761592865,-0.486167311668396,30.63552474975586,-12.397323608398438,41.64570617675781,0
753,7529928,-0.0027940659783780575,0.05676250159740448,-0.9625633358955383,0.26461124420166016,0.049765847623348236,0.07736767828464508,30.05341339111328,-9.819711685180664,39.46670150756836,0
754,7540073,0.033852819353342056,-0.05995947867631912,-1.0307114124298096,-0.6486754417419434,-0.2083587944507599,-0.14978432655334473,30.805870056152344,-12.344070434570312,38.79705810546875,0
755,7550002,-0.005115444306284189,-0.005835651885718107,-1.0050350427627563,-0.3670682907104492,0.7539158463478088,0.24669860303401947,28.23168182373047,-9.700414657592773,37.85325622558594,0
756,7559885,0.0451977364718914,0.0715436264872551,-0.9877208471298218,-0.26133233308792114,-0.09129898995161057,-0.49638980627059937,30.358882904052734,-10.724215507507324,39.17760467529297,0
757,7569807,-0.036102544516325,-0.03738318383693695,-0.9983910322189331,-1.112627625465393,0.1366715431213379,-0.3866800367832184,30.564651489257812,-9.76467514038086,39.9354362487793,0
758,7580028,0.0977196991443634,-0.04458664357662201,-1.0142422914505005,-0.3209281861782074,-1.2418971061706543,-0.08644291013479233,29.438386917114258,-11.376361846923828,38.851444244384766,0
759,7590142,0.039143022149801254,0.012305389158427715,-0.9934676885604858,0.24563804268836975,-0.14684931933879852,0.43354320526123047,30.22483253479004,-9.591903686523438,41.873329162597656,0
760,7600300,0.024853436276316643,0.0968347042798996,-0.9758749008178711,-0.3125580847263336,-0.7852308750152588,0.046914637088775635,30.65022850036621,-10.506538391113281,38.465980529785156,0
761,7610066,0.032079048454761505,-0.035903200507164,-0.9946108460426331,-0.8037524819374084,-0.8513342142105103,0.939863383769989,29.764862060546875,-8.351740837097168,39.55850601196289,0
762,7619959,-0.012448986992239952,-0.012794967740774155,-0.9833316206932068,-0.06384803354740143,0.5218067169189453,0.019825737923383713,30.899158477783203,-11.033652305603027,40.812896728515625,0
763,7630462,-0.028034087270498276,0.042851027101278305,-0.9957779049873352,0.08206431567668915,-0.8274747729301453,-0.06515062600374222,30.16954803466797,-12.501527786254883,39.1617546081543,0
764,7640074,-0.03769078478217125,-0.0639563575387001,-1.0278164148330688,-0.02145973965525627,-0.2498636543750763,0.8840683102607727,28.342815399169922,-9.478127479553223,41.664127349853516,0
765,7650094,-0.03200266510248184,0.026235515251755714,-1.0199581384658813,-0.7173502445220947,-0.19983293116092682,0.08280741423368454,27.76926040649414,-8.36169147491455,39.03114700317383,0
766,7659852,-0.06633959710597992,-0.07041861116886139,-1.0039687156677246,0.3395414352416992,0.45238640904426575,0.441997766494751,31.488983154296875,-10.559000968933105,39.31754684448242,0
767,7670024,-0.01939830183982849,-0.04809299111366272,-1.0497690439224243,0.23444980382919312,0.47371983528137207,0.31467127799987793,29.94576644897461,-8.912818908691406,40.20896530151367,0
768,7679947,0.010891216807067394,0.032102979719638824,-0.9911707639694214,-0.05040954053401947,-0.09328170865774155,0.7597838640213013,30.594669342041016,-9.561260223388672,39.9205207824707,0
769,7689789,0.058499474078416824,-0.07039554417133331,-0.9955689311027527,0.7580310702323914,-0.13527411222457886,-0.00173500319942832,30.59086799621582,-8.443459510803223,42.3194694519043,0
770,7699820,0.007995988242328167,-0.06147317960858345,-0.9815592169761658,-0.25463977456092834,-0.5426903367042542,-0.7870078682899475,31.91239356994629,-8.596901893615723,40.93355178833008,0
771,7709811,0.006805861834436655,0.0322631411254406,-1.0247632265090942,0.6539489030838013,0.05255943536758423,-0.2728361189365387,29.41997528076172,-9.269694328308105,38.66170120239258,0
772,7719865,0.014208848588168621,0.06703747808933258,-1.0013535022735596,0.7333827614784241,0.01786053366959095,-0.3343013525009155,30.57918357849121,-9.785975456237793,40.65389633178711,0
773,7729944,0.03781219571828842,0.03173196315765381,-1.046640157699585,0.4845326840877533,0.3945598602294922,-1.4195301532745361,30.796215057373047,-10.298222541809082,39.868167877197266,0
774,7740222,0.024112585932016373,0.05874881520867348,-0.9861446022987366,0.6782063245773315,0.3322712182998657,0.46748292446136475,31.503122329711914,-10.258995056152344,40.588172912597656,0
775,7750066,-0.007008168380707502,0.05027893930673599,-0.9922375082969666,-0.2362186312675476,0.7367716431617737,-0.31534722447395325,29.65589714050293,-10.114909172058105,39.28048324584961,0
776,7759965,0.025982318446040154,0.018827645108103752,-1.0146747827529907,0.06977993994951248,-0.3995557129383087,0.10985986143350601,29.981225967407227,-8.954917907714844,39.93447494506836,0
777,7769928,-0.04316703975200653,0.03239326924085617,-0.9831786751747131,-0.7128790020942688,0.2879406809806824,0.09932069480419159,29.66997528076172,-10.466706275939941,40.285240173339844,0
778,7780095,0.011914486065506935,0.007671015337109566,-0.9926241636276245,0.685260534286499,-0.03640209883451462,-0.40627583861351013,30.993581771850586,-10.1990966796875,40.659873962402344,0
779,7789827,-0.00985933281481266,-0.05444367229938507,-0.9826545119285583,-0.08523023128509521,-0.5426367521286011,-0.28908076882362366,29.83740997314453,-10.772266387939453,38.27924728393555,0
780,7799982,0.07257528603076935,0.011985120363533497,-0.9985718727111816,0.35810354351997375,0.6262497305870056,0.8906323909759521,29.674571990966797,-9.968952178955078,40.1038703918457,0
781,7810155,0.04731009900569916,0.006009944248944521,-0.9933634996414185,0.18268217146396637,-0.24254228174686432,0.5334508419036865,30.399879455566406,-9.881397247314453,39.178497314453125,0
782,7820062,0.020974021404981613,-0.0491797998547554,-0.9855151176452637,-0.22572845220565796,0.10095753520727158,-0.6624417901039124,29.17806625366211,-9.3491849899292,40.6290397644043,0
783,7829938,-0.00027961150044575334,-0.09803026914596558,-1.017295002937317,0.5516549348831177,0.26423147320747375,0.6832737326622009,28.155628204345703,-8.193137168884277,40.03752517700195,0
784,7840046,-0.06716413050889969,0.019662491977214813,-0.9869319796562195,-0.7227954268455505,0.280735582113266,-0.4217332899570465,28.156606674194336,-10.884539604187012,40.01772689819336,0
785,7850114,0.021863901987671852,0.1289605349302292,-0.9425881505012512,0.6060254573822021,-0.08019373565912247,-0.76920485496521,30.19976043701172,-10.173589706420898,40.249515533447266,0
786,7859904,-0.005820463877171278,-0.011221189051866531,-0.986413300037384,0.7517814040184021,0.08619985729455948,-0.2782715857028961,30.68321990966797,-10.57459545135498,40.428955078125,0
787,7869769,-0.029420312494039536,0.0207854975014925,-1.014114499092102,0.6496996283531189,0.5044651031494141,-0.279255211353302,28.533248901367188,-10.392189979553223,40.29761505126953,0
788,7880200,0.025090977549552917,-0.00025082880165427923,-1.0004500150680542,0.11028775572776794,0.09664236754179001,0.052077941596508026,30.796035766601562,-9.190458297729492,39.011131286621094,0
789,7889904,0.08760865777730942,0.02385905757546425,-1.005745530128479,0.25665780901908875,-0.07363691926002502,0.7171807885169983,28.696361541748047,-9.894988059997559,38.269683837890625,0
790,7899982,0.00795756559818983,-0.04359641298651695,-1.0148793458938599,-0.2410489022731781,-0.04572857916355133,0.21027953922748566,31.719207763671875,-10.122184753417969,39.03759765625,0
791,7910026,-0.01944190077483654,-0.003131549572572112,-0.9909855723381042,-0.12091391533613205,-0.00365758640691638,0.06744614988565445,30.095712661743164,-7.654966354370117,40.289913177490234,0
792,7920134,0.06338983029127121,-0.015460747294127941,-0.998000979423523,0.11491312831640244,0.9711495637893677,0.05994115397334099,30.301040649414062,-9.147663116455078,42.12065887451172,0
793,7930028,0.022743038833141327,-0.008289424702525139,-1.0019023418426514,-0.16829277575016022,-0.5406972169876099,-0.14643822610378265,28.9870662689209,-9.461426734924316,39.625579833984375,0
794,7940021,-0.01582680083811283,-0.02022913098335266,-0.9649488925933838,0.5783705115318298,-0.21998971700668335,0.7932197451591492,29.863706588745117,-9.727673530578613,41.30849075317383,0
795,7950066,-0.0649556964635849,-0.04946019500494003,-0.9822514653205872,0.047595810145139694,-0.33873745799064636,0.5307854413986206,30.138778686523438,-9.568748474121094,39.1422119140625,0
796,7960094,-0.05499359592795372,0.06416404247283936,-0.9761599898338318,-0.07082730531692505,-0.15100552141666412,-0.5434534549713135,30.561681747436523,-10.098590850830078,40.051292419433594,0
797,7970042,0.05480612441897392,0.043840859085321426,-1.0252199172973633,0.2639484107494354,0.39571961760520935,-0.3147823214530945,29.48888397216797,-9.706483840942383,37.86151123046875,0
798,7979772,-0.0023673432879149914,-0.029383379966020584,-0.9920184016227722,0.23811554908752441,-0.4812549948692322,-0.5551658272743225,29.319355010986328,-8.861837387084961,38.441226959228516,0
799,7990048,-0.010866106487810612,-0.040853485465049744,-1.0133671760559082,-0.6813153028488159,0.4018828272819519,-0.2785554826259613,29.938074111938477,-11.362016677856445,41.11023712158203,0
800,8000252,-0.06428395956754684,-0.03325366601347923,-1.005639910697937,-1.0134084224700928,0.7850728034973145,-0.3097221553325653,29.369630813598633,-8.394503593444824,40.03684997558594,0
801,8010164,0.10194491595029831,0.09149837493896484,-1.0224741697311401,0.19640778005123138,-0.6395113468170166,0.008233021013438702,29.798864364624023,-9.301448822021484,39.01743698120117,0
802,8019892,-0.018747340887784958,-0.03121320903301239,-0.9848173260688782,0.12675884366035461,0.5713560581207275,-0.7655169367790222,28.892658233642578,-7.716065883636475,40.77411651611328,0
803,8029797,-0.01401017140597105,0.14339080452919006,-1.003693699836731,-0.02381027489900589,-0.8343737125396729,1.2386375665664673,29.157712936401367,-11.024511337280273,39.715206146240234,0
804,8039725,0.02934759296476841,-0.0017754276050254703,-1.0053049325942993,-0.5116820335388184,0.7280786633491516,0.19834032654762268,30.62882423400879,-11.218911170959473,41.8123893737793,0
805,8050149,0.011341729201376438,-0.04602985084056854,-1.0096228122711182,-0.7749586701393127,-0.0854068472981453,0.6807312369346619,30.384639739990234,-9.88780403137207,37.99170684814453,0
806,8060064,-0.06573721021413803,0.0005314317531883717,-1.0249223709106445,0.4273706078529358,0.24781706929206848,-0.23348234593868256,32.038841247558594,-9.963400840759277,38.88508224487305,0
807,8070092,-0.03415337949991226,0.048542723059654236,-0.9762886762619019,0.35864344239234924,0.05398408696055412,-0.45239782333374023,30.633703231811523,-11.483896255493164,38.6057243347168,0
808,8080294,0.052878204733133316,-0.0033093637321144342,-0.9884611368179321,-0.08676166087388992,-0.3725794851779938,0.5334767699241638,29.38672637939453,-9.092556953430176,40.61810302734375,0
809,8089717,-0.06510020792484283,0.012961170636117458,-0.9847642183303833,0.33736658096313477,-0.5536277294158936,-0.29648706316947937,29.956615447998047,-12.886101722717285,40.663509368896484,0
810,8100292,-0.08744579553604126,-0.011370238848030567,-0.9925721287727356,0.007231017574667931,0.22413219511508942,-0.27536213397979736,31.079618453979492,-10.36397933959961,39.53972625732422,0
811,8109945,-0.052740678191185,0.04126792028546333,-1.0027129650115967,-0.07072536647319794,0.3516935706138611,-0.41362878680229187,30.398963928222656,-10.170387268066406,41.463130950927734,0
812,8120414,0.06094121187925339,0.03599085658788681,-0.9817340970039368,-0.12065425515174866,-0.6029725074768066,-0.48930662870407104,30.05852508544922,-8.442839622497559,40.010955810546875,0
813,8129772,0.006599227897822857,-0.04915463179349899,-0.9928542971611023,0.15374691784381866,1.1981128454208374,-0.3357774317264557,27.218463897705078,-10.856162071228027,39.65653610229492,0
814,8140039,-0.04420443996787071,-0.02882075309753418,-0.9652886390686035,0.07116422802209854,-0.14476053416728973,0.2360920011997223,29.6798095703125,-9.49836254119873,39.43642807006836,0
815,8149847,-0.02040063589811325,-0.05163140222430229,-1.0108476877212524,-0.48895472288131714,-0.3879685699939728,0.061949800699949265,29.45042610168457,-10.021772384643555,41.12092590332031,0
816,8160056,0.0385085754096508,-0.03963842988014221,-0.9675115942955017,0.011242488399147987,0.17460212111473083,-0.14284348487854004,31.880334854125977,-11.302826881408691,39.94001007080078,0
817,8169889,0.004265350289642811,0.015146693214774132,-0.996820867061615,-1.2051186561584473,0.4776955544948578,-0.5073217749595642,27.372417449951172,-9.315784454345703,41.00493240356445,0
818,8179998,-0.03754814341664314,-0.027374496683478355,-0.9835019707679749,0.41848665475845337,-0.7458754777908325,0.3996737599372864,29.858200073242188,-10.106574058532715,41.005577087402344,0
819,8189990,-0.020649056881666183,-0.003502841340377927,-1.0078184604644775,-0.3034600615501404,-0.2144027054309845,0.40277284383773804,29.31928825378418,-10.976975440979004,40.96162033081055,0
820,8199836,0.05249185860157013,-0.0062303305603563786,-1.0325068235397339,-0.1830914318561554,-0.5459320545196533,0.1759687215089798,29.33765983581543,-9.56207275390625,40.981964111328125,0
821,8210148,-0.009536812081933022,-0.02857731655240059,-1.012641191482544,-0.7630879878997803,-0.36376139521598816,0.6683982610702515,30.089618682861328,-9.36434555053711,41.228702545166016,0
822,8220027,-0.07969384640455246,-0.027488896623253822,-1.0070747137069702,0.06186782196164131,0.10889530926942825,0.17487506568431854,29.12591552734375,-8.286813735961914,40.789310455322266,0
823,8230254,-0.023719925433397293,0.07376722991466522,-0.9992877244949341,-0.579066276550293,-0.8248783349990845,-0.39613649249076843,30.47881507873535,-10.160292625427246,39.17269515991211,0
824,8240047,-0.041111432015895844,0.03209322690963745,-1.002115249633789,1.4712377786636353,0.581315815448761,-0.0911218523979187,30.01784896850586,-10.921147346496582,39.1530876159668,0
825,8249909,-0.04831058904528618,-0.02379230037331581,-1.0108617544174194,-1.05185866355896,-1.208480954170227,-0.07573799043893814,31.225080490112305,-11.242928504943848,39.95499801635742,0
826,8259692,-0.0012074450496584177,0.013120966032147408,-0.987896203994751,0.12481464445590973,-0.37440982460975647,0.7397424578666687,28.97779083251953,-9.755460739135742,39.50813674926758,0
827,8269828,0.038614798337221146,0.011969399638473988,-1.003035306930542,-0.19448046386241913,-0.11587715893983841,0.2918267846107483,29.934446334838867,-11.023506164550781,38.782962799072266,0
828,8279799,0.06003333255648613,-0.02133440226316452,-0.9823772311210632,-0.12509024143218994,0.7650412917137146,0.13916029036045074,29.015098571777344,-9.24592399597168,39.48371124267578,0
829,8289941,0.01163998432457447,-0.04553649201989174,-1.0195884704589844,0.13244938850402832,0.7315512895584106,0.47597822546958923,29.54598617553711,-7.897874355316162,38.89506149291992,0
830,8299985,0.0169268399477005,0.07022964209318161,-0.994543731212616,-0.36353543400764465,-0.8609833121299744,0.04467834532260895,30.329795837402344,-10.19642162322998,42.16060256958008,0
831,8310231,0.017747335135936737,-0.012992309406399727,-1.0199495553970337,-0.6613529920578003,-0.05675583705306053,-0.30982616543769836,31.241865158081055,-11.673242568969727,38.51753234863281,0
832,8320322,0.017123280093073845,-0.03668717294931412,-0.9840316772460938,0.25367963314056396,-1.0863760709762573,0.004879891872406006,31.3209285736084,-10.990917205810547,40.403594970703125,0
833,8329763,-0.038327835500240326,0.03547876700758934,-0.9675353169441223,-0.3772985339164734,-0.016311563551425934,-0.7771878838539124,30.417659759521484,-11.257392883300781,39.57954406738281,0
834,8339889,0.022916417568922043,0.05448170378804207,-0.98430997133255,-1.0517299175262451,1.307777762413025,-0.32350945472717285,30.275503158569336,-9.165091514587402,39.83048629760742,0
835,8349961,-0.006439883261919022,-0.02606121450662613,-0.9658856987953186,-0.07327095419168472,0.10610419511795044,0.7039307951927185,29.077648162841797,-9.245366096496582,39.01522445678711,0
836,8359914,-0.11174823343753815,-0.00138171948492527,-0.9720661640167236,-1.089788794517517,-0.2959219217300415,-0.39212343096733093,29.373092651367188,-8.867461204528809,38.18940353393555,0
837,8369885,0.045007217675447464,-0.05907879024744034,-0.9626405239105225,-0.19469471275806427,0.31609949469566345,0.11577051132917404,28.642120361328125,-10.182270050048828,39.68568420410156,0
838,8380024,-0.006081804633140564,0.11192706227302551,-1.0082460641860962,0.06940004974603653,0.053765345364809036,-0.9988080859184265,30.846120834350586,-9.821185111999512,40.37931442260742,0
839,8390017,0.023958513513207436,0.0523635633289814,-0.9921778440475464,-0.21924030780792236,-0.24318155646324158,0.03535955771803856,28.998451232910156,-10.815230369567871,38.72296905517578,0
840,8399705,0.015730202198028564,0.04317221790552139,-0.9793257713317871,-0.40165185928344727,0.4572984278202057,0.3074348568916321,29.50731658935547,-9.314807891845703,40.26715850830078,0
841,8409735,0.0209690909832716,-0.0562102235853672,-1.0137114524841309,-0.20413364470005035,0.08200594782829285,-0.9409306645393372,30.700300216674805,-10.058865547180176,39.15251541137695,0
842,8419852,0.07396136969327927,0.05514845624566078,-0.9899238348007202,-0.8211971521377563,0.9272919297218323,-0.15057267248630524,30.43128204345703,-9.125758171081543,40.95602798461914,0
843,8430050,0.05933068320155144,0.03889793902635574,-1.001347303390503,-0.9731256365776062,0.7921083569526672,0.49299031496047974,29.81517219543457,-11.220540046691895,41.76769256591797,0
844,8439905,-0.04179280251264572,0.023623205721378326,-1.0086714029312134,-0.21335597336292267,-0.3193628191947937,-0.47219377756118774,30.589035034179688,-9.90811538696289,39.88068771362305,0
845,8450019,0.03855796530842781,-0.0008162222220562398,-1.0103647708892822,0.17644698917865753,-0.5919955372810364,1.3956172466278076,30.332197189331055,-11.435097694396973,40.993038177490234,0
846,8460288,0.0918746143579483,0.10951315611600876,-0.9711297750473022,-0.31067004799842834,-0.015563733875751495,0.9306268692016602,29.824085235595703,-10.948123931884766,40.89384841918945,0
847,8470036,0.03739210218191147,0.0056273746304214,-0.982948362827301,-0.46497106552124023,0.3226735293865204,-0.3756411671638489,31.417644500732422,-9.657557487487793,38.98008728027344,0
848,8480008,0.02136552520096302,0.06882349401712418,-1.0081517696380615,-1.1525700092315674,-0.4595585763454437,-0.13122746348381042,30.700719833374023,-8.340631484985352,39.65243148803711,0
849,8489763,0.03157173469662666,0.00438053859397769,-0.983554482460022,0.2077285498380661,0.1913951337337494,-0.04911935329437256,29.291872024536133,-9.463313102722168,41.36915969848633,0
850,8500186,0.12488656491041183,-0.06603085994720459,-0.9631701707839966,-0.0011103559518232942,-0.04891560971736908,-0.6617331504821777,30.511953353881836,-9.731019973754883,40.36611557006836,0
851,8510074,-0.013455119915306568,0.02280186116695404,-1.0572987794876099,0.14200854301452637,0.48996490240097046,-0.03590203821659088,29.6455020904541,-9.180460929870605,40.335453033447266,0
852,8519920,-0.05002830922603607,-0.03471680358052254,-1.0089353322982788,0.09654771536588669,0.6309827566146851,-1.3043767213821411,30.52376937866211,-10.543713569641113,40.178619384765625,0
853,8530000,0.043217260390520096,0.011807821691036224,-1.0004606246948242,-0.738513171672821,-0.12478533387184143,-0.4275115430355072,31.40275001525879,-10.82042407989502,38.11026382446289,0
854,8540043,0.04899977520108223,0.037064820528030396,-1.0015608072280884,-1.5018600225448608,-0.2199448049068451,-0.36709126830101013,29.81421661376953,-9.544325828552246,39.195167541503906,0
855,8549897,0.007438556756824255,-0.004623033571988344,-0.9753779768943787,0.4675484299659729,-0.2786124646663666,-0.14225038886070251,30.82827377319336,-9.630717277526855,41.42120361328125,0
856,8560312,0.0011554495431482792,-0.029655909165740013,-1.025039792060852,0.6328218579292297,-0.40063104033470154,-0.7841337323188782,30.13373565673828,-9.442656517028809,40.19527816772461,0
857,8569993,0.0825791209936142,-0.010915550403296947,-1.023344874382019,0.1616075336933136,0.27092495560646057,-0.0055740512907505035,31.339082717895508,-11.15802001953125,41.338958740234375,0
858,8580182,0.0227285698056221,0.0009319678065367043,-1.0232576131820679,0.047145046293735504,-0.04569924995303154,0.1983843445777893,28.23439598083496,-10.351318359375,40.75151443481445,0
859,8589966,0.035218384116888046,-0.015251314267516136,-1.0155202150344849,-0.8329527974128723,0.13267306983470917,-0.10123943537473679,31.158113479614258,-11.131122589111328,38.13566207885742,0
860,8599806,0.11352167278528214,-0.04186984896659851,-0.9875280857086182,1.0262043476104736,-0.4650039076805115,-0.21971993148326874,28.285722732543945,-8.915976524353027,40.77641296386719,0
861,8610059,-0.04941534996032715,0.026092424988746643,-1.0154255628585815,0.27121973037719727,0.027039511129260063,-0.7938429713249207,28.293106079101562,-12.911423683166504,38.688961029052734,0
862,8620020,0.0338088795542717,0.08956801891326904,-0.9878054857254028,0.3648998439311981,0.10331881046295166,-0.17336809635162354,28.98025131225586,-10.925978660583496,40.51558303833008,0
863,8630079,0.04360199347138405,0.06967318803071976,-1.0076011419296265,-0.36342474818229675,0.11483193933963776,-0.3066752851009369,28.717966079711914,-11.304181098937988,40.87148666381836,0
864,8639948,0.09513626992702484,0.05858895555138588,-1.0114086866378784,0.2469286024570465,0.4621902108192444,-0.13070905208587646,30.085058212280273,-8.543476104736328,42.51933288574219,0
865,8649791,-0.032032161951065063,-0.04772075265645981,-1.0242217779159546,-0.5553686618804932,-0.27211993932724,-0.5121927261352539,30.346920013427734,-8.912631034851074,39.05038070678711,0
866,8659754,0.07870259881019592,0.07182364910840988,-0.9837539792060852,-0.7833197116851807,-0.139777272939682,0.2814130485057831,29.384929656982422,-9.472285270690918,39.620338439941406,0
867,8670041,0.0652683824300766,0.029947958886623383,-0.9963650107383728,1.182401180267334,0.4353795349597931,-0.13137860596179962,30.66825294494629,-8.950199127197266,38.47071075439453,0
868,8680071,0.1093980073928833,-0.004015424754470587,-1.0239406824111938,0.04174504801630974,-0.40816906094551086,0.2717636227607727,31.01959991455078,-11.017104148864746,40.268943786621094,0
869,8689958,0.06535830348730087,0.018315479159355164,-1.0033100843429565,0.15230964124202728,-0.24819228053092957,-0.5122451782226562,30.459514617919922,-10.434962272644043,39.54561233520508,0
870,8699962,0.020571622997522354,-0.060372862964868546,-1.0119032859802246,-0.651547908782959,0.1142476424574852,-0.2443995624780655,28.14067840576172,-9.328911781311035,39.19924545288086,0
871,8710038,0.07929550111293793,-0.02096189185976982,-1.0450068712234497,-0.009428007528185844,-0.3246314525604248,-0.26235297322273254,30.176753997802734,-9.066571235656738,40.3953971862793,0
872,8719970,0.0025477418676018715,0.057522259652614594,-0.9977546334266663,0.4506101608276367,0.3872244358062744,0.17048680782318115,31.412311553955078,-9.520285606384277,39.59263610839844,0
873,8729987,0.032368771731853485,0.06102607399225235,-1.0092967748641968,0.24559135735034943,-0.1976449340581894,-0.3269038200378418,30.307395935058594,-10.040971755981445,42.05809783935547,0
874,8740006,-0.03638642653822899,0.0728311836719513,-0.9809927940368652,0.2734054625034332,-0.8744416236877441,-0.08030277490615845,27.686376571655273,-10.061395645141602,40.75765609741211,0
875,8750146,-0.04204779863357544,0.08815986663103104,-0.9976709485054016,-0.14717113971710205,0.5302881598472595,-0.3789491355419159,31.31183433532715,-9.051326751708984,42.53030014038086,0
876,8760037,-0.03943052887916565,0.02806410938501358,-1.0013062953948975,0.688826858997345,0.24072079360485077,-0.2109852433204651,28.611459732055664,-10.21143913269043,41.46119689941406,0
877,8770045,-0.06474300473928452,0.02507735602557659,-1.026882529258728,-0.8328717350959778,0.12239017337560654,-0.22992652654647827,30.444547653198242,-9.184789657592773,41.37178039550781,0
878,8779892,-0.004027332179248333,-0.014371532015502453,-1.0312001705169678,0.5230070948600769,0.07335466891527176,-0.3841336667537689,29.564943313598633,-10.887459754943848,40.638427734375,0
879,8789958,0.049527447670698166,0.025820326060056686,-1.0090770721435547,-0.6630682349205017,-0.18922805786132812,0.36157917976379395,32.04681396484375,-10.712461471557617,39.83180236816406,0
880,8800052,0.04220254346728325,-0.025092167779803276,-1.000537395477295,-0.9545425176620483,-0.402426540851593,-0.3927837908267975,30.70929527282715,-9.438878059387207,39.37574768066406,0
881,8809807,-0.0796775072813034,-0.037123747169971466,-1.0002837181091309,0.14174996316432953,0.06035900115966797,-0.4130340814590454,30.12980079650879,-10.802760124206543,41.26301193237305,0
882,8819914,-0.02680768072605133,0.10219191759824753,-0.970468282699585,-0.2065839171409607,-0.8696384429931641,-0.041474342346191406,30.069671630859375,-8.606802940368652,38.659759521484375,0
883,8830036,-0.06152481213212013,-0.012567832134664059,-0.9963065385818481,-0.22264651954174042,-0.569130003452301,-0.8097060322761536,29.63692855834961,-10.067328453063965,39.36406326293945,0
884,8839903,-0.007765651680529118,0.02334626019001007,-1.0581233501434326,-0.6461471319198608,0.6437678337097168,-0.05752401798963547,29.153593063354492,-8.010808944702148,38.753662109375,0
885,8850316,-0.002281668595969677,0.05253467336297035,-0.9746342897415161,0.19128809869289398,-0.46056345105171204,-0.39244845509529114,30.18853187561035,-10.102254867553711,37.80377960205078,0
886,8859888,-0.004772537387907505,-0.046903979033231735,-1.0309821367263794,0.18341419100761414,-0.5630680918693542,-0.5620723962783813,30.894386291503906,-9.733824729919434,38.9554328918457,0
887,8870006,0.001132181379944086,-0.029838886111974716,-0.9980202913284302,0.16853250563144684,-0.20650097727775574,0.5481245517730713,29.816041946411133,-9.710338592529297,40.6318359375,0
888,8880004,0.02515369839966297,-0.004994320683181286,-1.0399582386016846,-0.07676756381988525,-0.29598304629325867,-0.1083715558052063,30.392845153808594,-10.307943344116211,41.50458908081055,0
889,8890077,-0.12671758234500885,-0.002599503844976425,-1.016113519668579,0.03810252621769905,0.1989734172821045,0.4678840637207031,29.426179885864258,-9.167990684509277,37.2647590637207,0
890,8899888,-0.0688132643699646,-0.07294519245624542,-1.0000532865524292,0.008096850477159023,0.20460256934165955,-0.12364892661571503,31.133243560791016,-9.758185386657715,41.84843444824219,0
891,8909976,0.016775481402873993,-0.028400903567671776,-1.0085049867630005,-1.0355349779129028,-0.06531868129968643,0.3444117307662964,30.375062942504883,-10.591755867004395,39.9088020324707,0
892,8919904,-0.00906180590391159,-0.08584723621606827,-0.9959841370582581,0.21555612981319427,-0.09459543973207474,-0.26609525084495544,29.356351852416992,-9.391081809997559,40.76741027832031,0
893,8930200,0.053097520023584366,-0.014708525501191616,-1.013069748878479,-0.7540643215179443,0.4393942356109619,0.10941047966480255,30.773204803466797,-10.774242401123047,38.93265151977539,0
894,8939645,-0.021708399057388306,-0.02377050742506981,-0.9639960527420044,-1.247053861618042,-0.23989997804164886,0.18352609872817993,30.202489852905273,-10.415884971618652,39.56814956665039,0
895,8950097,-0.033853236585855484,0.05560959503054619,-0.9964226484298706,0.7280715703964233,-0.2519167363643646,-0.1917296051979065,30.362667083740234,-10.628552436828613,39.9667854309082,0
896,8960189,0.03288751840591431,-0.025016648694872856,-0.9714972972869873,0.0015745657728984952,-0.14548592269420624,-0.08933436870574951,30.42921257019043,-9.943582534790039,41.357643127441406,0
897,8969962,-0.03180355578660965,-0.028893815353512764,-1.0127239227294922,0.41191425919532776,0.39215409755706787,-1.2276846170425415,29.902740478515625,-8.759765625,41.43217468261719,0
898,8979958,-0.012029408477246761,0.02996896766126156,-1.0274488925933838,0.48255226016044617,-0.29014626145362854,-0.04420053958892822,31.24027442932129,-10.5968599319458,39.69720458984375,0
899,8989929,-0.047938644886016846,0.02223488688468933,-1.0429500341415405,0.3729453980922699,-0.39586541056632996,-0.12601172924041748,29.892507553100586,-9.528449058532715,38.26385498046875,0
900,9000086,0.024093514308333397,-0.016468441113829613,-1.0130045413970947,0.7395765781402588,-0.5483648777008057,-1.2348496913909912,31.953094482421875,-10.387357711791992,39.91468811035156,0
901,9010036,0.05849124863743782,0.1263919472694397,-0.9910385012626648,-0.43125244975090027,-0.3881770372390747,0.20726527273654938,29.06401824951172,-10.29110050201416,39.339813232421875,0
902,9019784,-0.06430356949567795,0.05872056633234024,-0.9743069410324097,-0.8383538722991943,-0.11821018159389496,-0.3568325340747833,30.7015438079834,-11.028068542480469,41.33067321777344,0
903,9030155,0.00953089352697134,0.061755817383527756,-0.9969506859779358,-0.78755122423172,0.17472057044506073,-0.8080061078071594,30.00370216369629,-9.36928653717041,39.01355743408203,0
904,9040149,0.04426434263586998,-0.010565551929175854,-0.9939916133880615,-0.2127147614955902,-0.7468249797821045,0.2026933878660202,30.55765724182129,-8.924978256225586,40.32926559448242,0
905,9049486,-0.019095666706562042,-0.022950980812311172,-0.9991413950920105,0.11359762400388718,0.3543141186237335,-0.1644577980041504,29.789915084838867,-10.58131217956543,38.4691047668457,0
906,9060031,0.0117100290954113,-0.015604549087584019,-1.0008552074432373,0.055913057178258896,0.7489615678787231,1.426924228668213,30.112159729003906,-9.53781509399414,40.14054489135742,0
907,9070013,0.0015446257311850786,0.050949305295944214,-0.9828122854232788,0.27387765049934387,-0.2156047821044922,0.8205141425132751,30.65057373046875,-9.124133110046387,40.081321716308594,0
908,9080229,0.05026252940297127,-0.024269184097647667,-1.0002578496932983,-0.2541784644126892,0.21568793058395386,1.3567004203796387,29.152217864990234,-10.396814346313477,39.844791412353516,0
909,9090218,-0.012511991895735264,0.05543610826134682,-0.9741213321685791,-0.04522408917546272,-0.22506920993328094,-0.6631519198417664,29.62474250793457,-11.01336669921875,41.33400344848633,0
910,9100188,-0.01756444200873375,-0.002004506764933467,-0.9912217259407043,0.5367763638496399,0.11432597041130066,-0.43870237469673157,30.299867630004883,-9.392887115478516,38.81550598144531,0
911,9109943,-0.009621008299291134,-0.09067347645759583,-1.0130187273025513,-0.08960825949907303,-0.5727612972259521,0.02151392214000225,28.960172653198242,-11.557543754577637,39.16023254394531,0
912,9120137,-0.09882336854934692,-0.015989646315574646,-1.0171868801116943,-0.6851742267608643,-0.004597328137606382,-0.1531943529844284,31.220783233642578,-9.797163963317871,39.17374801635742,0
913,9130074,0.008571858517825603,-0.008634526282548904,-0.9854663014411926,0.2032833993434906,0.6317476034164429,0.5930033326148987,29.976533889770508,-8.01106071472168,39.66685485839844,0
914,9139713,-0.02639126032590866,0.006989150773733854,-0.9948226809501648,0.9224317073822021,0.37956225872039795,-0.1467674821615219,29.6339168548584,-9.221478462219238,38.990943908691406,0
915,9150021,0.09135039895772934,0.051734112203121185,-0.9835283756256104,0.4576635956764221,0.25350460410118103,-0.12003779411315918,29.727458953857422,-10.536791801452637,40.49469757080078,0
916,9160108,-0.021298427134752274,-0.07191692292690277,-1.0505385398864746,0.9925577044487,-0.5412541031837463,-0.248157799243927,28.870899200439453,-9.13347053527832,39.59030532836914,0
917,9170045,-0.03919214382767677,-0.024717142805457115,-1.0093711614608765,-0.29046985507011414,0.9992896914482117,-0.32953941822052,28.856748580932617,-11.391212463378906,38.72758865356445,0
918,9179973,-0.10401195287704468,-0.006378288380801678,-0.979252278804779,-0.48283275961875916,0.08520490676164627,-0.8425919413566589,30.632850646972656,-11.351369857788086,40.236961364746094,0
919,9190126,0.05773341283202171,0.04792626202106476,-1.0115364789962769,0.19193704426288605,-0.5112838745117188,-0.19641534984111786,32.053375244140625,-10.386382102966309,40.34773254394531,0
920,9199721,-0.005915594287216663,-0.027456585317850113,-1.0098119974136353,0.46772411465644836,-0.5489205121994019,0.015465528704226017,30.04782485961914,-8.88567066192627,39.46897506713867,0
921,9209693,-0.00040764614823274314,-0.06818407028913498,-0.9978035688400269,0.43306875228881836,-0.24009020626544952,-0.5935919880867004,28.24713897705078,-10.547603607177734,39.648014068603516,0
922,9220082,0.016292301937937737,-0.0078629981726408,-1.0325210094451904,-0.45545461773872375,0.18516948819160461,-0.5658607482910156,29.881433486938477,-8.843931198120117,41.17400360107422,0
923,9230086,0.006961605977267027,-0.03482356294989586,-0.9927594065666199,-0.4772335886955261,-0.1748880296945572,-0.06281757354736328,30.60885238647461,-8.332406997680664,40.04698944091797,0
924,9239865,-0.027717959135770798,0.01064296904951334,-0.9876173734664917,0.9435598850250244,0.021110426634550095,0.35129258036613464,29.226879119873047,-8.543840408325195,39.837711334228516,0
925,9249852,0.014594796113669872,0.0059029231779277325,-0.9999337196350098,0.6357024908065796,0.6976790428161621,0.4042820930480957,29.40221405029297,-9.624495506286621,40.228580474853516,0
926,9259825,0.062432095408439636,-0.014916877262294292,-1.0388598442077637,0.1611153930425644,0.3740919530391693,-0.45920464396476746,30.612628936767578,-10.108306884765625,40.15705871582031,0
927,9270052,-0.04527167230844498,-0.02460061013698578,-0.9978649616241455,-1.119632601737976,0.2811393439769745,-0.49704819917678833,30.447023391723633,-9.972410202026367,38.90739059448242,0
928,9279922,-0.03348306193947792,-0.01352677308022976,-0.9935193657875061,-0.25208303332328796,-0.5220179557800293,0.5151526927947998,28.717302322387695,-9.380230903625488,39.77131271362305,0
929,9290036,-0.10518430918455124,0.06618952006101608,-0.9854097366333008,-0.5645809769630432,0.022309208288788795,0.12295255810022354,29.419008255004883,-8.587109565734863,39.789772033691406,0
930,9299926,-0.06606470793485641,0.032090310007333755,-0.9897117614746094,0.7339924573898315,-0.718355655670166,0.36225175857543945,28.774751663208008,-10.647443771362305,39.998023986816406,0
931,9310164,-0.0226011723279953,0.042575493454933167,-0.9773813486099243,-0.1805720031261444,-0.42676952481269836,-0.365490198135376,28.988941192626953,-9.001113891601562,41.6156120300293,0
932,9320240,0.04749853163957596,0.024171432480216026,-1.0208148956298828,0.10650996118783951,0.09061314910650253,0.29803553223609924,30.586240768432617,-9.701988220214844,40.79312515258789,0
933,9329784,0.06517523527145386,0.047855328768491745,-1.0159823894500732,0.7616657614707947,-0.29708704352378845,-0.5591616630554199,30.845998764038086,-10.153587341308594,40.98506546020508,0
934,9340048,0.00015446670295204967,-0.0199002455919981,-1.0106854438781738,-0.011106153018772602,-0.46109795570373535,-0.18620137870311737,29.12004852294922,-10.224913597106934,41.39421463012695,0
935,9350017,0.009383291006088257,-0.021396419033408165,-1.015496015548706,-0.9550646543502808,-0.3636716306209564,0.060286831110715866,29.53412437438965,-10.956110000610352,39.35245895385742,0
936,9359861,0.02223154343664646,-0.00951774325221777,-1.0238316059112549,0.3143819570541382,-0.315219521522522,0.08190669119358063,28.53449821472168,-10.284786224365234,40.05167770385742,0
937,9370159,-0.03202757239341736,-0.0893874391913414,-1.0095546245574951,0.2457450032234192,-0.788421630859375,-0.09857586026191711,29.0941104888916,-10.766761779785156,39.1747932434082,0
938,9379889,0.05710740387439728,0.08195296674966812,-0.9990511536598206,1.189205288887024,-0.6026249527931213,-0.2632825970649719,30.02787208557129,-8.9273099899292,38.90267562866211,0
939,9389905,-0.014307812787592411,-0.07600268721580505,-1.0134881734848022,1.2221392393112183,-0.4453117549419403,-0.6486143469810486,29.176067352294922,-9.161480903625488,39.84234619140625,0
940,9400083,-0.05370734632015228,-0.011915243230760098,-0.9989405870437622,0.5387584567070007,-0.48528674244880676,-0.22627054154872894,28.114559173583984,-10.769571304321289,38.88386154174805,0
941,9409954,-0.035163622349500656,0.07508469372987747,-0.994562029838562,0.46857568621635437,-0.5801175236701965,0.31223011016845703,30.06844711303711,-10.310080528259277,40.754512786865234,0
942,9420100,-0.08831259608268738,-0.012490900233387947,-0.9907763004302979,-0.4167509078979492,0.36436522006988525,0.8521851897239685,31.092893600463867,-11.123812675476074,38.589637756347656,0
943,9430053,-0.050992365926504135,-0.07326357066631317,-0.9975359439849854,-0.7840616703033447,0.24358035624027252,0.21373404562473297,31.389734268188477,-10.745922088623047,39.96514892578125,0
944,9440072,0.01178952120244503,0.022321626543998718,-1.04848313331604,0.005720794200897217,-0.45337072014808655,-0.13907404243946075,30.628562927246094,-9.030754089355469,41.31596374511719,0
945,9450037,0.020496128126978874,0.003092220053076744,-1.0099685192108154,-0.5380113124847412,0.6432021260261536,0.39276039600372314,29.627511978149414,-10.204431533813477,39.36642074584961,0
946,9460074,0.023959657177329063,-0.00822410173714161,-0.993356466293335,0.07982484996318817,-0.29384633898735046,0.8379277586936951,29.780773162841797,-9.716355323791504,40.309478759765625,0
947,9469977,0.03164749965071678,-0.016726139932870865,-1.0270212888717651,-1.342242956161499,-0.1925671249628067,-0.6495009064674377,29.550996780395508,-9.66810131072998,40.20124816894531,0
948,9480153,-0.05650116130709648,0.018647337332367897,-1.0088565349578857,-0.1754903793334961,-0.02194272167980671,-0.30076339840888977,28.47081756591797,-9.766075134277344,39.20115661621094,0
949,9489734,0.06962647289037704,0.053884897381067276,-1.0265969038009644,1.1628879308700562,0.03822483867406845,0.05187620595097542,29.33247947692871,-8.862327575683594,39.88944625854492,0
950,9500029,-0.036411087960004807,-0.03664810582995415,-1.026993751525879,-0.3544040322303772,0.05078747496008873,0.7033926248550415,29.646343231201172,-10.280583381652832,39.97846221923828,0
951,9510212,-0.07986527681350708,-0.008096426725387573,-0.9928343296051025,-0.4791316092014313,-0.20633335411548615,0.32712945342063904,30.32748031616211,-10.398408889770508,41.69023513793945,0
952,9519745,0.006779878865927458,0.0176821481436491,-1.0455363988876343,0.3407074213027954,-0.13044418394565582,-0.4437202513217926,31.010833740234375,-9.31782341003418,38.24883270263672,0
953,9530155,-0.003604370402172208,-0.04434645175933838,-0.9833128452301025,0.4409465789794922,0.11447666585445404,0.38016462326049805,29.3592586517334,-10.54944133758545,40.77845764160156,0
954,9539891,-0.029995381832122803,0.04936850816011429,-1.023038625717163,0.259348601102829,0.6593392491340637,-0.20062988996505737,31.26628875732422,-8.49635124206543,40.42255401611328,0
955,9550138,-0.03185567632317543,0.011223155073821545,-0.9999203085899353,0.32671287655830383,-0.7512590885162354,0.008548405021429062,31.40433692932129,-9.694972038269043,39.98506164550781,0
956,9559762,-0.01564793661236763,-0.049848053604364395,-0.9914562702178955,0.18506202101707458,-0.2577570378780365,0.36930933594703674,28.115386962890625,-7.966609954833984,41.566375732421875,0
957,9570231,-0.039275672286748886,-0.06028374657034874,-0.9719332456588745,0.6601250767707825,0.3425944745540619,-0.18568925559520721,29.77342987060547,-8.99341106414795,39.11802291870117,0
958,9579971,0.055686358362436295,-0.03018120303750038,-0.9954991340637207,-0.6291731595993042,-1.0596503019332886,0.15618538856506348,33.408199310302734,-11.394868850708008,40.75495147705078,0
959,9589989,-0.017391014844179153,-0.0242923554033041,-0.9864283800125122,0.1713513433933258,-0.6891939043998718,0.4465785324573517,29.137611389160156,-9.428545951843262,39.999324798583984,0
960,9600015,-0.01572045125067234,-0.026250138878822327,-0.9794244766235352,0.14382150769233704,0.3532423973083496,-0.11528134346008301,29.195396423339844,-10.615702629089355,39.98932647705078,0
961,9610124,0.01804085448384285,-0.048153456300497055,-0.9788457751274109,0.07259775698184967,-0.3068141043186188,0.10011065751314163,30.593624114990234,-12.463342666625977,41.48992156982422,0
962,9620102,0.0015320961829274893,0.02456587553024292,-1.0107481479644775,-0.23464906215667725,0.4559755027294159,-0.15176841616630554,31.55975914001465,-10.38177490234375,40.06909942626953,0
963,9630206,0.027672119438648224,-0.06591028720140457,-0.9880714416503906,0.12194664031267166,-0.33319923281669617,-0.01432738546282053,30.459562301635742,-8.138276100158691,41.37603759765625,0
964,9639908,0.010344332084059715,-0.033583544194698334,-1.0140026807785034,-0.3301631212234497,-0.6175071001052856,0.1418338567018509,29.155027389526367,-10.07269287109375,38.6603889465332,0
965,9649887,0.05669224634766579,0.016839658841490746,-0.9736783504486084,0.7277553677558899,-0.3125225901603699,-0.2549645006656647,29.69498062133789,-10.428699493408203,40.667518615722656,0
966,9660122,0.02050808072090149,-0.012573031708598137,-0.9992029070854187,-1.3114898204803467,0.2042592614889145,0.07812628149986267,30.55629539489746,-10.064922332763672,41.47583770751953,0
967,9670112,-0.08889748156070709,-0.05102841928601265,-0.9686169624328613,0.11583060771226883,0.5332053303718567,-0.43867555260658264,30.868711471557617,-8.70285415649414,40.136688232421875,0
968,9679858,-0.02907452918589115,-0.06350396573543549,-1.0048741102218628,-0.1462782770395279,0.7996912598609924,-0.22057442367076874,29.848285675048828,-10.403907775878906,40.160301208496094,0
969,9689736,-0.042108047753572464,0.011133535765111446,-0.9919141530990601,-0.22183537483215332,-0.05700624734163284,-0.17090770602226257,30.367610931396484,-11.824763298034668,40.19707107543945,0
970,9700260,-0.03411844000220299,-0.0409979373216629,-1.0234187841415405,0.17517010867595673,0.22471167147159576,0.7775618433952332,28.903579711914062,-10.759258270263672,39.83950424194336,0
971,9710067,-0.01546064019203186,0.045692019164562225,-0.9951155781745911,-0.07105956971645355,-0.02338532730937004,-0.3446505069732666,29.163558959960938,-9.58515739440918,40.10593032836914,0
972,9719830,0.013768126256763935,-0.03166491538286209,-0.9725179672241211,-0.178007572889328,0.3677036464214325,0.7313589453697205,29.871219635009766,-8.185914039611816,41.09440612792969,0
973,9730022,-0.01365071814507246,-0.0718933716416359,-0.9776763916015625,0.7133231163024902,0.6675549745559692,0.2918677031993866,29.873201370239258,-10.220568656921387,38.44948196411133,0
974,9740251,-0.008158093318343163,-0.017746292054653168,-0.9808968901634216,-0.033463720232248306,0.7942912578582764,-0.9771609902381897,30.8851375579834,-10.987060546875,41.53196334838867,0
975,9750037,-0.02793707884848118,-0.02636406011879444,-1.0260162353515625,0.31563428044319153,-0.16538020968437195,-0.5787565112113953,29.4508056640625,-9.959931373596191,40.41724395751953,0
976,9759893,0.017260132357478142,0.0036336667835712433,-1.0159019231796265,0.4782559275627136,0.9459173083305359,0.5097602605819702,29.669902801513672,-9.674002647399902,41.341434478759766,0
977,9770138,0.018903793767094612,-0.03535088524222374,-0.9917861819267273,-0.5314226746559143,0.03764548525214195,-0.10036221891641617,30.54102325439453,-9.807718276977539,39.85313034057617,0
978,9779879,0.027079524472355843,-0.03434471786022186,-1.0345268249511719,-0.08776562660932541,-0.06507071107625961,-0.29182469844818115,32.33354949951172,-11.226319313049316,38.966766357421875,0
979,9790069,0.04160220921039581,-0.02986004203557968,-1.0138756036758423,0.46589818596839905,0.20717744529247284,0.17357082664966583,29.100421905517578,-9.75448226928711,40.97880935668945,0
980,9800046,-0.025447042658925056,-0.08560385555028915,-1.0344901084899902,0.09168705344200134,-0.12861588597297668,0.7578029036521912,29.91063117980957,-9.823526382446289,40.61284637451172,0
981,9809908,0.09916118532419205,-0.01171505730599165,-1.0045287609100342,0.7256247401237488,0.2369402050971985,0.07333594560623169,30.69703483581543,-8.872674942016602,39.49156188964844,0
982,9820340,-0.02995455078780651,-0.05905060097575188,-1.01646888256073,-0.3443731963634491,0.297268807888031,0.40461036562919617,28.292016983032227,-9.387861251831055,38.00669479370117,0
983,9830100,-0.011482697911560535,0.04487700015306473,-1.026687502861023,-0.04465620964765549,-0.39975255727767944,-0.7989369630813599,29.969987869262695,-9.942159652709961,39.678855895996094,0
984,9840208,0.038816191256046295,-0.0023882396053522825,-0.9871301054954529,-0.3860575556755066,0.05688335746526718,0.1892310529947281,29.586116790771484,-8.675394058227539,39.77191925048828,0
985,9849948,-0.0010090542491525412,-0.038667015731334686,-1.0064517259597778,-0.07783051580190659,-0.05651707202196121,0.5028216242790222,29.765056610107422,-9.388437271118164,40.49673080444336,0
986,9859977,0.007543887943029404,-0.010119909420609474,-0.9920346140861511,-0.19065989553928375,-0.6199631690979004,-0.14694610238075256,29.952167510986328,-9.0286283493042,39.400447845458984,0
987,9870070,0.08416840434074402,0.04567243158817291,-0.9966780543327332,-0.3042038083076477,-0.36142265796661377,-0.17277507483959198,30.695390701293945,-11.311004638671875,39.636409759521484,0
988,9879782,0.041686929762363434,0.019485007971525192,-0.986690104007721,0.25869160890579224,-0.4062789976596832,0.20779334008693695,30.15915298461914,-9.097822189331055,40.87005615234375,0
989,9889911,0.009959103539586067,-0.08071739226579666,-1.0219478607177734,-0.4592311680316925,-0.19853872060775757,-0.24270565807819366,29.860698699951172,-11.208588600158691,41.39105987548828,0
990,9899965,0.1375947743654251,-0.06222868338227272,-0.9470548629760742,-0.5385248064994812,0.15343442559242249,0.16772368550300598,30.594743728637695,-9.289719581604004,40.03193283081055,0
991,9910002,-0.008855661377310753,-0.03399307653307915,-1.0240437984466553,-0.2336624413728714,-0.3887251913547516,0.10026147216558456,29.506681442260742,-9.785794258117676,42.38345718383789,0
992,9920100,0.03694206103682518,0.049543336033821106,-1.005123257637024,-0.7235316634178162,0.16158513724803925,-0.4108025133609772,29.381162643432617,-10.549704551696777,38.54068374633789,0
993,9929831,-0.051038775593042374,0.12389654666185379,-1.0069167613983154,0.33791255950927734,-0.5929198861122131,-0.36354222893714905,30.216577529907227,-9.516371726989746,39.045230865478516,0
994,9939834,-0.06455598026514053,-0.04962938651442528,-0.9953411817550659,0.7633544206619263,-0.25819259881973267,0.5622126460075378,30.67198944091797,-10.084273338317871,38.93775939941406,0
995,9949995,0.02784241922199726,0.01843373104929924,-1.011067271232605,1.119504690170288,0.45232224464416504,-0.05579151585698128,29.107288360595703,-10.157280921936035,38.8626594543457,0
996,9959778,0.04134853556752205,-0.05317442864179611,-0.9972310066223145,0.7651592493057251,0.6266278028488159,-0.03392405062913895,31.607839584350586,-9.12973403930664,41.67818069458008,0
997,9970062,-0.09025806188583374,0.03809087723493576,-0.9900420904159546,0.3715877830982208,0.3758898675441742,0.15587608516216278,31.791404724121094,-9.498350143432617,40.7031135559082,0
998,9979998,0.028240665793418884,-0.0004988244618289173,-1.0205717086791992,0.09282601624727249,0.15935267508029938,-0.3055124282836914,28.70186996459961,-10.325825691223145,40.24650955200195,0
999,9990079,-0.08727319538593292,0.07615813612937927,-0.9972463250160217,0.5002175569534302,0.10361713916063309,0.06411131471395493,30.718626022338867,-9.51663875579834,38.646915435791016,0
1000,10000104,0.10559282451868057,-0.07434302568435669,-1.0094871520996094,0.21927334368228912,-0.26719343662261963,-0.6096803545951843,31.409561157226562,-8.063783645629883,41.016876220703125,0
1001,10009987,0.023011334240436554,0.002313535427674651,-1.004670262336731,-0.3356495201587677,0.19068259000778198,0.31972166895866394,30.901573181152344,-12.7506103515625,41.213199615478516,0
1002,10020159,-0.041312508285045624,-0.0007867045351304114,-0.9961024522781372,-0.198126882314682,-0.5407397150993347,0.3676522970199585,29.78507423400879,-9.229554176330566,41.37030792236328,0
1003,10029795,-0.012333277612924576,0.019705142825841904,-0.9846314191818237,-0.13744869828224182,0.11668480932712555,-0.8199042081832886,28.90591049194336,-11.639904022216797,41.43436050415039,0
1004,10040098,0.08074644953012466,-0.0013560352381318808,-1.0025333166122437,0.907006561756134,-0.17471952736377716,0.31395581364631653,30.223400115966797,-11.357793807983398,39.074153900146484,0
1005,10050088,-0.11279499530792236,0.0028180137742310762,-0.9836401343345642,0.18734249472618103,0.19255448877811432,-0.6365532875061035,29.57478904724121,-9.940202713012695,38.834293365478516,0
1006,10060133,-0.04225406423211098,-0.04532843083143234,-1.025699257850647,0.5553642511367798,0.6581404209136963,0.469905823469162,30.45527458190918,-8.627321243286133,39.69351577758789,0
1007,10069869,-0.07859792560338974,0.09401591867208481,-0.9949663877487183,-1.0284557342529297,0.12765663862228394,-1.029757022857666,29.888996124267578,-8.956074714660645,39.9259147644043,0
1008,10080170,-0.052443087100982666,0.023702021688222885,-1.0361360311508179,0.7363688349723816,-0.16977865993976593,0.707233726978302,29.20946502685547,-10.542534828186035,40.062408447265625,0
1009,10090141,-0.015722226351499557,0.042602311819791794,-0.9799772500991821,0.5549114942550659,-0.04222181439399719,0.6472411155700684,30.334705352783203,-10.57827091217041,40.15215301513672,0
1010,10100008,-0.012025579810142517,-0.006571815814822912,-0.9918007254600525,-0.81767737865448,-0.3104110658168793,0.6396539211273193,28.991342544555664,-10.483160018920898,38.98676300048828,0
1011,10110001,-0.05394655466079712,-0.017984244972467422,-0.9985430240631104,0.4069092869758606,-0.49406155943870544,0.011537273414433002,29.80659294128418,-8.777304649353027,39.435787200927734,0
1012,10120029,0.05531599000096321,0.055082593113183975,-0.9943641424179077,-0.17565695941448212,0.5062316656112671,0.028252866119146347,29.894977569580078,-10.482202529907227,40.55540466308594,0
1013,10129837,-0.04592694714665413,0.056715551763772964,-0.9950112104415894,0.6001862287521362,-0.4623735845088959,-0.0647440254688263,28.969663619995117,-9.632270812988281,38.392433166503906,0
1014,10139961,0.04815346375107765,-0.04793431982398033,-1.0015286207199097,0.3382633924484253,0.21984049677848816,-0.03028288297355175,29.23348045349121,-9.675198554992676,40.41144943237305,0
1015,10150101,0.04590436443686485,0.050975050777196884,-1.0201054811477661,0.16736720502376556,0.04065243527293205,-0.9184817671775818,29.96653175354004,-9.868231773376465,40.690547943115234,0
1016,10159995,-0.09296153485774994,0.018374186009168625,-0.9858270287513733,0.14223796129226685,-0.15530353784561157,-0.677730917930603,28.389183044433594,-9.605470657348633,39.558597564697266,0
1017,10169945,-0.0020856503397226334,0.0466342568397522,-1.0209771394729614,0.49452435970306396,-0.22154197096824646,0.4304465651512146,31.841028213500977,-8.912303924560547,41.93596649169922,0
1018,10180078,-0.05910069867968559,0.07714685052633286,-1.036952018737793,0.5809208154678345,-0.4468941390514374,-0.6193007230758667,30.716108322143555,-9.886200904846191,42.00946044921875,0
1019,10190138,0.008305082097649574,-0.08175844699144363,-1.0029445886611938,0.715812087059021,-0.16741615533828735,-0.7945853471755981,31.158042907714844,-11.267372131347656,38.26884460449219,0
1020,10200001,0.014277542009949684,0.011135358363389969,-0.9830990433692932,0.16904282569885254,-0.44616106152534485,-0.5376062393188477,28.764554977416992,-9.481391906738281,41.44594955444336,0
1021,10210067,-0.04928017780184746,0.005293048918247223,-1.0175590515136719,-0.38096746802330017,0.03546255826950073,-0.1820339411497116,29.98916244506836,-8.410696983337402,38.38412094116211,0
1022,10219828,-0.011289997957646847,-0.03241938352584839,-1.0091029405593872,-0.7889623045921326,0.6481443047523499,-0.17706865072250366,27.865934371948242,-11.211018562316895,40.11447525024414,0
1023,10229939,0.024031896144151688,0.12171310186386108,-1.0279065370559692,0.5593578219413757,0.32002589106559753,-0.024717310443520546,28.9709415435791,-10.840347290039062,39.4965705871582,0
1024,10240107,0.07113869488239288,-0.009679700247943401,-0.9964045882225037,-0.06862100213766098,-0.3964429199695587,0.9810065627098083,29.608217239379883,-9.405107498168945,41.67033767700195,0
1025,10250028,-0.02253761701285839,0.03188201040029526,-1.03025484085083,0.9764318466186523,-0.23132449388504028,0.20396846532821655,32.07294464111328,-9.794929504394531,39.58670425415039,0
1026,10260026,-0.06471329927444458,-0.017658168449997902,-1.0220973491668701,0.012852133251726627,-0.3592817485332489,-0.11276985704898834,29.509138107299805,-10.666597366333008,40.0410270690918,0
1027,10270207,0.0041334726847708225,-0.012566550634801388,-0.9929326772689819,0.24587765336036682,0.5601416230201721,0.5592221021652222,30.074989318847656,-11.29456615447998,38.935890197753906,0
1028,10279909,0.011379229836165905,0.07098668068647385,-0.9988351464271545,0.25726473331451416,0.458404004573822,0.16893795132637024,30.467676162719727,-9.763373374938965,40.64167022705078,0
1029,10290236,0.012627164833247662,-0.035152602940797806,-1.0008010864257812,0.5097765326499939,1.1203364133834839,-0.33490943908691406,29.065732955932617,-11.03191089630127,39.28557205200195,0
1030,10300246,0.09287183731794357,-0.10458309948444366,-0.9861602783203125,0.5552963018417358,-0.8936688303947449,-0.1076279878616333,29.49046516418457,-10.668919563293457,38.305259704589844,0
1031,10310170,-0.05047453194856644,0.03505833074450493,-1.0044065713882446,-0.37865734100341797,-0.12237412482500076,0.20633383095264435,29.324092864990234,-10.819744110107422,39.864315032958984,0
1032,10319825,-0.04710777476429939,0.01104317232966423,-1.0073883533477783,0.6992995142936707,0.22087273001670837,-0.40285974740982056,29.526330947875977,-10.250200271606445,38.67957305908203,0
1033,10329912,-0.06650684028863907,-0.046748194843530655,-1.0115923881530762,0.3914223313331604,0.19054126739501953,-0.1698160171508789,29.98517608642578,-11.083516120910645,41.9145622253418,0
1034,10340153,0.03464403375983238,-0.0009786902228370309,-0.9971508383750916,0.8377876877784729,-0.36411601305007935,1.5042498111724854,28.427661895751953,-10.523568153381348,40.55329895019531,0
1035,10349992,0.013281144201755524,0.06091901659965515,-1.0137838125228882,0.28556910157203674,-0.03311634808778763,-0.244949609041214,29.69048309326172,-9.677332878112793,40.62660217285156,0
1036,10360245,-0.00012870006321463734,-0.0007803862099535763,-1.0084480047225952,0.5444881319999695,-0.3022068440914154,0.805393397808075,30.575305938720703,-8.889898300170898,41.9222297668457,0
1037,10369879,0.009542584419250488,-0.04889300465583801,-0.9926141500473022,-0.8666492700576782,-0.06285708397626877,1.0544521808624268,31.08135223388672,-8.428887367248535,39.1922492980957,0
1038,10379992,0.001956867054104805,-0.030820801854133606,-0.9924882650375366,0.31629857420921326,0.05805506557226181,-0.638238251209259,29.144304275512695,-12.52922248840332,39.47565841674805,0
1039,10389922,-0.01994186080992222,0.001239235163666308,-0.9852263331413269,-0.4415225386619568,0.3555449843406677,-0.3379887044429779,27.275724411010742,-11.252899169921875,39.40184020996094,0
1040,10399835,0.033417973667383194,-0.012639881111681461,-1.0038506984710693,-0.3026399314403534,-0.8633613586425781,0.10830649733543396,30.12282371520996,-9.3539457321167,42.23054504394531,0
1041,10409836,0.06565156579017639,0.03736238181591034,-1.0045347213745117,0.1652887761592865,0.6551101803779602,-0.6066299676895142,29.70193099975586,-9.1769380569458,39.713565826416016,0
1042,10419840,-0.05200258642435074,-0.009515656158328056,-0.976938009262085,0.7037251591682434,-0.15430869162082672,-0.6392911076545715,31.0155086517334,-9.016091346740723,40.5534782409668,0
1043,10429859,-0.00982862152159214,-0.0939921960234642,-1.02121901512146,-0.5216204524040222,-0.2100965678691864,-0.46981173753738403,31.516592025756836,-11.007307052612305,40.95318603515625,0
1044,10440003,0.16031573712825775,0.006333139259368181,-1.0126978158950806,-0.2824573814868927,0.32269394397735596,-0.674704909324646,29.595590591430664,-11.643240928649902,38.93107604980469,0
1045,10449883,0.06418505311012268,0.025484668090939522,-1.0273534059524536,-0.4755893051624298,0.7597450613975525,0.07529203593730927,30.26557159423828,-8.662220001220703,40.4089469909668,0
1046,10459999,-0.046696003526449203,-0.03368901461362839,-0.9828933477401733,0.12740778923034668,-0.7618391513824463,-0.4170762002468109,28.810306549072266,-10.6041259765625,40.32493591308594,0
1047,10469795,0.04342716932296753,0.05536515638232231,-1.0069830417633057,0.41347673535346985,-0.5002827048301697,-0.06341193616390228,28.82819366455078,-10.656960487365723,40.28501892089844,0
1048,10480109,0.03866653889417648,0.01898447424173355,-0.9911267161369324,-0.34195476770401,0.19543927907943726,0.46112295985221863,29.364456176757812,-10.140024185180664,39.12729263305664,0
1049,10489924,0.025728698819875717,0.06610142439603806,-1.0074234008789062,0.31190359592437744,-0.2891446053981781,-0.4492824077606201,28.76992416381836,-8.967918395996094,41.80970001220703,0
1050,10500231,-0.014631661586463451,-0.018760716542601585,-1.0139257907867432,-0.2584511339664459,-0.595349907875061,-1.2632477283477783,29.05516242980957,-9.363090515136719,39.97431182861328,0
1051,10509997,0.12013863772153854,-0.030187508091330528,-1.0092829465866089,0.8787928223609924,-0.1836717575788498,1.0216176509857178,31.34772491455078,-10.059066772460938,40.57581329345703,0
1052,10519824,-0.029782144352793694,-0.008947359398007393,-1.025147795677185,0.07863103598356247,0.5180013179779053,0.3488231897354126,29.261093139648438,-10.151487350463867,41.59398651123047,0
1053,10530015,0.0012537701986730099,-0.03451971709728241,-1.0292948484420776,0.21145600080490112,-0.27029919624328613,0.4832499921321869,29.436216354370117,-10.350959777832031,40.756996154785156,0
1054,10540272,-0.02407415769994259,-0.03232911229133606,-0.9932365417480469,-0.6821638941764832,0.047936420887708664,0.3787331283092499,29.60240364074707,-11.186089515686035,40.72415542602539,0
1055,10549621,-0.04010343924164772,0.014029733836650848,-0.9888033270835876,0.7589743733406067,-0.3435072898864746,1.1248551607131958,30.177461624145508,-10.110438346862793,38.82798385620117,0
1056,10559834,-0.010798383504152298,-0.0047589740715920925,-1.001137614250183,-0.22086624801158905,-0.10199210047721863,0.5824422836303711,30.887210845947266,-11.727598190307617,40.32544708251953,0
1057,10570082,0.07951273024082184,0.001802056678570807,-1.0142309665679932,0.5478073358535767,0.0348670557141304,0.46123868227005005,30.482460021972656,-10.62909984588623,39.48941421508789,0
1058,10580118,0.04935614764690399,-0.016278838738799095,-0.994648814201355,0.5438030362129211,0.20291994512081146,0.5522540807723999,30.221914291381836,-9.910347938537598,39.18679428100586,0
1059,10589957,-0.08308503776788712,0.024752086028456688,-1.021513819694519,-0.05679643526673317,-0.5594165921211243,-0.7819229960441589,30.595205307006836,-9.964646339416504,39.68387985229492,0
1060,10600002,0.030011389404535294,-0.01692969724535942,-1.010915756225586,0.4867587983608246,0.7195990085601807,-0.0932992473244667,30.311994552612305,-8.991765022277832,39.564430236816406,0
1061,10609828,-0.01651782914996147,0.11673220247030258,-0.9735190868377686,0.6455938816070557,-0.35133787989616394,-0.09478746354579926,29.440420150756836,-10.750978469848633,40.57004165649414,0
1062,10620088,0.08128031343221664,0.11612235009670258,-0.9978165030479431,-0.1213051825761795,0.04030749946832657,-1.036801815032959,31.70606803894043,-9.086397171020508,41.13655090332031,0
1063,10629965,0.04285252094268799,0.07815591245889664,-1.007527232170105,-0.7364501953125,0.20968973636627197,0.23369106650352478,30.255626678466797,-9.459386825561523,38.76506042480469,0
1064,10640128,-0.052847445011138916,-0.0314088873565197,-0.9815417528152466,-0.07444866001605988,-0.08038541674613953,-0.13097861409187317,30.98341178894043,-10.26258659362793,38.16351318359375,0
1065,10649809,-0.042036525905132294,-0.012505936436355114,-0.97940993309021,-1.5900534391403198,1.0366235971450806,-0.5122443437576294,28.93874740600586,-10.748452186584473,41.115142822265625,0
1066,10659958,-0.0010790678206831217,-0.01680678315460682,-0.9965358376502991,0.32592108845710754,0.5832509994506836,0.6978211998939514,30.08465576171875,-9.32409381866455,37.975826263427734,0
1067,10669991,0.025900308042764664,-0.036332059651613235,-1.0044947862625122,-0.43396246433258057,0.5532618165016174,-0.5207924842834473,29.45297622680664,-10.209031105041504,40.405418395996094,0
1068,10680102,0.06876088678836823,-0.02969968691468239,-1.003440499305725,0.469584196805954,-0.0038719011936336756,-0.13343501091003418,30.505352020263672,-9.659821510314941,40.62696075439453,0
1069,10690105,-0.03274955600500107,-0.010277668945491314,-1.0173405408859253,0.8465530276298523,0.18413665890693665,0.028649350628256798,31.79001808166504,-8.32638168334961,40.73958969116211,0
1070,10699995,0.02516576647758484,0.028521131724119186,-1.0050954818725586,0.5525262951850891,-0.9904949069023132,-0.3690854609012604,30.076278686523438,-10.411675453186035,39.6737060546875,0
1071,10709718,-0.006758657284080982,0.05680394545197487,-0.9973701238632202,0.3186037242412567,-0.5886881947517395,-0.2537325322628021,29.95301055908203,-8.452180862426758,39.09359359741211,0
1072,10720261,0.04609745740890503,-0.062323637306690216,-1.0411243438720703,0.30311936140060425,0.030755899846553802,0.2858338952064514,29.842628479003906,-12.770977020263672,40.24654006958008,0
1073,10729802,0.015983441844582558,-0.10975360870361328,-1.0196070671081543,-1.2817959785461426,-0.09120799601078033,-0.8963263034820557,29.778179168701172,-8.840595245361328,41.38372802734375,0
1074,10739884,0.051058344542980194,0.02990386262536049,-0.9615522623062134,0.5598103404045105,0.6695356369018555,0.2917700409889221,29.50016975402832,-9.531832695007324,39.87595748901367,0
1075,10750037,0.06626385450363159,0.0398385263979435,-0.9800412058830261,-0.003024662146344781,-0.22426274418830872,-0.8873668313026428,30.42255210876465,-10.30813217163086,40.42575454711914,0
1076,10760285,0.023900777101516724,-0.10451521724462509,-1.0420715808868408,0.7641754150390625,-0.1282624900341034,0.6254035830497742,29.772550582885742,-10.315242767333984,40.42393112182617,0
1077,10769881,0.07848283648490906,0.07179037481546402,-0.9914922118186951,0.06072952225804329,0.14592556655406952,-0.9747410416603088,29.708545684814453,-11.13585090637207,39.71075439453125,0
1078,10779950,-0.00027478329138830304,-0.05411166325211525,-0.9896697402000427,-0.34554702043533325,-0.27304399013519287,-0.10216505825519562,30.02337074279785,-10.252022743225098,39.43090057373047,0
1079,10790083,0.0064002457074820995,0.06181209906935692,-1.0075372457504272,-0.2764792740345001,-0.5492437481880188,-0.5207492113113403,30.903287887573242,-10.864208221435547,40.99272537231445,0
1080,10800207,0.06950384378433228,-0.11606564372777939,-1.0015740394592285,0.16826264560222626,0.29435572028160095,-0.6311030387878418,30.591476440429688,-10.325716972351074,40.53724670410156,0
1081,10809863,-0.05200418457388878,0.01493854634463787,-1.0024076700210571,0.19094336032867432,-0.6293972134590149,0.337929368019104,29.94856834411621,-9.809057235717773,39.014930725097656,0
1082,10819843,-0.018034957349300385,-0.0018508794018998742,-1.0385715961456299,-0.19033537805080414,-0.19713106751441956,-0.7650210857391357,28.947969436645508,-8.90384578704834,39.073020935058594,0
1083,10829939,0.014232687652111053,0.01216978207230568,-1.0150067806243896,-1.0239580869674683,-0.47039079666137695,0.5264467000961304,30.4688663482666,-10.331884384155273,40.424991607666016,0
1084,10840144,-0.033508144319057465,-0.03037375956773758,-1.01030433177948,-0.28299087285995483,0.07117704302072525,-0.315907746553421,29.739301681518555,-9.900765419006348,40.08163070678711,0
1085,10849963,-0.05182727053761482,0.027221953496336937,-1.0229624509811401,-0.4887949526309967,-0.20611682534217834,-0.5583432912826538,29.031715393066406,-8.956021308898926,39.88685989379883,0
1086,10860305,0.019939007237553596,0.015362046658992767,-1.0018852949142456,-0.10244739800691605,-0.4570346772670746,-0.290235698223114,31.246780395507812,-10.550657272338867,40.784603118896484,0
1087,10869840,0.09646623581647873,-0.0035607072059065104,-0.98490309715271,0.9978122711181641,-0.08769427984952927,-0.18827207386493683,30.43766212463379,-9.782102584838867,40.294471740722656,0
1088,10879821,-0.018371663987636566,-0.00726423179730773,-0.9435065388679504,-0.42234817147254944,-0.4448091387748718,-0.42491933703422546,29.367950439453125,-9.191610336303711,40.32219696044922,0
1089,10889691,0.08019164949655533,-0.03465838357806206,-0.9968317151069641,-0.2614145576953888,-0.42524003982543945,-0.4220547676086426,29.90921401977539,-10.635605812072754,40.79301452636719,0
1090,10899762,0.08804310113191605,-0.022678472101688385,-1.005561113357544,0.1105516254901886,0.05903460085391998,0.9163185358047485,29.674598693847656,-9.489563941955566,41.587074279785156,0
1091,10910044,-0.06849072128534317,0.010602421127259731,-0.9994443655014038,-0.8848943114280701,0.9770604968070984,-0.4025900065898895,30.209285736083984,-10.389426231384277,40.63191223144531,0
1092,10920072,-0.03951064497232437,-0.09956686198711395,-1.0379242897033691,0.3657725155353546,-0.12773814797401428,-0.11617562919855118,29.562040328979492,-11.132471084594727,39.28445053100586,0
1093,10929672,0.032072458416223526,-0.013510704971849918,-0.9817705154418945,-0.37875601649284363,-0.33084961771965027,0.1373901516199112,31.006685256958008,-11.249367713928223,39.92508316040039,0
1094,10940190,0.01498913113027811,0.027696391567587852,-0.9894763827323914,-0.03208466246724129,0.18392977118492126,0.3529966175556183,29.389638900756836,-10.771285057067871,39.61391830444336,0
1095,10949981,0.011121836490929127,0.009768528863787651,-0.9352480173110962,-0.6250215172767639,0.6663001775741577,-0.7371604442596436,29.002302169799805,-9.781200408935547,39.37915802001953,0
1096,10959726,-0.027350198477506638,-0.03944050893187523,-1.0047632455825806,-0.8153472542762756,-0.88743656873703,0.7891802787780762,30.808420181274414,-10.323473930358887,39.093990325927734,0
1097,10969784,0.005827761255204678,0.0035052234306931496,-1.0320380926132202,0.3093569874763489,0.38013675808906555,0.6852537393569946,28.37978172302246,-8.132630348205566,39.16874313354492,0
1098,10980036,0.03011522814631462,0.03206123039126396,-1.0033738613128662,-0.5122483372688293,-0.44650083780288696,-0.04668093100190163,30.905841827392578,-10.407593727111816,40.884490966796875,0
1099,10990147,0.029281126335263252,0.01303943432867527,-0.9972902536392212,-0.15384691953659058,0.31814974546432495,0.09757884591817856,31.659709930419922,-9.237284660339355,41.80723571777344,0
1100,10999799,0.04376564174890518,0.09561039507389069,-0.9811699986457825,-0.28109297156333923,-0.15769797563552856,-0.36319783329963684,29.432918548583984,-8.220319747924805,41.01969909667969,0
1101,11010002,-0.07994404435157776,-0.053025923669338226,-0.9905218482017517,0.27354052662849426,-0.43374767899513245,-0.016416044905781746,29.15692710876465,-10.070140838623047,39.92729949951172,0
1102,11019843,0.0334274061024189,-0.06508152186870575,-0.9847726225852966,0.5796030163764954,0.6634671688079834,0.6068227291107178,31.431737899780273,-10.213549613952637,40.012508392333984,0
1103,11029869,0.03633350878953934,-0.015188061632215977,-1.0027928352355957,0.26720547676086426,-0.08241526037454605,0.6964308619499207,31.820165634155273,-8.559417724609375,40.727203369140625,0
1104,11039618,0.003165364731103182,-0.028088849037885666,-0.9986545443534851,0.5401251316070557,-0.21114452183246613,-0.4405040740966797,31.120817184448242,-9.587724685668945,40.94032669067383,0
1105,11049892,-0.059604741632938385,0.01823868788778782,-1.0202056169509888,0.14419817924499512,0.37274909019470215,-0.03464752063155174,29.18849754333496,-10.580921173095703,40.04552459716797,0
1106,11060035,-0.010100575163960457,0.043602123856544495,-1.0039812326431274,-0.21656112372875214,-0.12866929173469543,-0.4111490249633789,32.34214401245117,-10.104289054870605,39.612144470214844,0
1107,11069909,-0.07346400618553162,0.008445190265774727,-1.0113168954849243,0.9375689625740051,-0.42667362093925476,-0.01812915690243244,28.968708038330078,-10.993546485900879,37.65675735473633,0
1108,11080171,0.031032158061861992,0.08458250761032104,-1.003718614578247,-0.11869803071022034,0.751716136932373,0.10259228199720383,29.843679428100586,-10.133875846862793,37.34873580932617,0
1109,11090069,-0.029309846460819244,0.0005748863914050162,-0.9758398532867432,0.6912314891815186,-0.10610640048980713,-0.20909404754638672,29.560258865356445,-10.091399192810059,40.336639404296875,0
1110,11100242,-0.009738094173371792,0.026877466589212418,-0.9932918548583984,-1.2742799520492554,-0.4840991497039795,0.3245428204536438,29.869096755981445,-9.0216646194458,40.460079193115234,0
1111,11109735,-0.03304345905780792,0.11772871762514114,-0.9777899980545044,0.24325454235076904,-0.3061821460723877,0.49497783184051514,30.352079391479492,-8.620040893554688,38.85095977783203,0
1112,11120140,0.11283107101917267,0.04038138687610626,-1.0096932649612427,-0.24389967322349548,0.25897789001464844,0.9174817204475403,28.94487762451172,-10.854239463806152,39.51141357421875,0
1113,11129998,-0.014052986167371273,0.11054733395576477,-1.0348172187805176,0.08450111746788025,-0.01124303974211216,0.2070140838623047,29.980058670043945,-9.055928230285645,39.7649040222168,0
1114,11139801,0.018925605341792107,0.0785902738571167,-0.9869092106819153,-0.5905256271362305,-1.0528587102890015,0.07726950198411942,30.36732292175293,-11.15485954284668,41.79995346069336,0
1115,11149973,-0.10910812020301819,0.06922448426485062,-1.0177522897720337,0.4107784628868103,0.46500352025032043,0.22286514937877655,30.243141174316406,-6.813224792480469,39.63058090209961,0
1116,11159973,-0.030434751883149147,0.06837460398674011,-0.9998177886009216,-0.5625463724136353,0.3828670382499695,0.10404934734106064,30.686458587646484,-10.931655883789062,40.86732864379883,0
1117,11170085,0.04472403600811958,0.03989768400788307,-0.9986922144889832,-0.1046823039650917,0.38026511669158936,0.318808913230896,29.26053237915039,-10.444458961486816,39.19404602050781,0
1118,11180046,-0.0415642186999321,0.012163860723376274,-0.9956287145614624,0.09645022451877594,0.5432481169700623,-0.054992467164993286,30.113201141357422,-9.588461875915527,39.301025390625,0
1119,11189926,0.04101754352450371,0.02510312758386135,-1.0138494968414307,0.40185683965682983,0.28827664256095886,1.1056615114212036,28.793766021728516,-9.775723457336426,41.27157211303711,0
1120,11200122,-0.025892602279782295,0.06662990152835846,-0.9770231246948242,-0.546039879322052,0.27674469351768494,-0.331220805644989,30.515405654907227,-9.39147663116455,39.386810302734375,0
1121,11210011,-0.0205723624676466,-0.0004512422892730683,-0.986185610294342,-0.483071893453598,0.4037032723426819,0.05592482537031174,30.5556697845459,-8.900627136230469,39.12663650512695,0
1122,11219713,-0.04012870788574219,-0.010521790944039822,-0.9796997308731079,-0.45859062671661377,0.20432981848716736,0.0645948052406311,28.85409164428711,-10.419442176818848,40.67382049560547,0
1123,11229699,0.06389039009809494,0.008591417223215103,-1.001750111579895,0.5044057965278625,-0.121273472905159,0.22361646592617035,30.578704833984375,-9.0662202835083,39.788902282714844,0
1124,11239944,-0.05856598913669586,-0.006952318828552961,-0.9970883727073669,0.4170774221420288,0.04728418216109276,-0.1744851917028427,30.421558380126953,-10.881091117858887,39.75758743286133,0
1125,11249984,0.0009451705846004188,-0.08237585425376892,-1.011962890625,-0.2732086479663849,0.44884178042411804,0.7989028096199036,32.069400787353516,-9.773687362670898,39.59781265258789,0
1126,11260172,-0.01640923134982586,-0.03283318132162094,-0.9329804182052612,-0.027747487649321556,0.07222551107406616,-0.3524532914161682,28.28658103942871,-10.19526195526123,40.440025329589844,0
1127,11269905,-0.058914560824632645,-0.015243272297084332,-1.007835865020752,-0.2033311426639557,0.1298295259475708,-0.02725255861878395,29.97190284729004,-8.68664264678955,41.55537796020508,0
1128,11280038,-0.027226751670241356,-0.13314290344715118,-1.0153948068618774,-0.1355443000793457,-0.6566113233566284,0.6692484617233276,28.34294891357422,-8.734694480895996,38.71479797363281,0
1129,11289740,-0.02568221092224121,0.10852233320474625,-1.0202515125274658,0.2676835060119629,-0.3801144063472748,-0.5431635975837708,30.83768653869629,-10.639934539794922,39.516483306884766,0
1130,11300105,-0.03715651109814644,0.016340604051947594,-0.9810507893562317,0.20347988605499268,-0.7029769420623779,-0.9181134700775146,28.29667854309082,-10.991968154907227,38.14504623413086,0
1131,11310107,0.05659358948469162,-0.0617293119430542,-0.9811694025993347,0.3743644058704376,0.10047348588705063,-0.02508746087551117,29.642305374145508,-9.932575225830078,39.23699188232422,0
1132,11320099,0.02857740968465805,0.026595745235681534,-1.0063897371292114,-0.9750133156776428,-0.10456637293100357,0.5304673314094543,30.18028450012207,-11.768192291259766,40.456687927246094,0
1133,11330068,-0.08401712030172348,-0.1306258589029312,-1.0087615251541138,-0.6384381651878357,-0.2769186794757843,0.666836678981781,29.748931884765625,-9.279523849487305,39.14603805541992,0
1134,11340231,-0.014058731496334076,-0.11337476223707199,-0.988451361656189,0.1506471186876297,0.48707038164138794,-0.3353264331817627,29.068092346191406,-9.478313446044922,39.473106384277344,0
1135,11349814,-0.0001364443451166153,0.11285685002803802,-1.0017977952957153,-0.019194649532437325,0.3427731990814209,-0.702865481376648,29.523704528808594,-10.937590599060059,39.99799728393555,0
1136,11359845,0.04344670847058296,-0.029805725440382957,-0.9798247814178467,-0.059307534247636795,-0.5089004039764404,-0.8299145698547363,32.6331672668457,-10.420280456542969,39.19853973388672,0
1137,11370084,-0.021686317399144173,0.10605427622795105,-1.0084203481674194,0.2864939868450165,-0.6287064552307129,0.42635467648506165,30.004039764404297,-9.751128196716309,38.616943359375,0
1138,11380061,0.01084465254098177,-0.016419678926467896,-1.0455807447433472,0.4946490228176117,0.9677171111106873,-1.5124365091323853,30.733524322509766,-8.45107364654541,39.46409606933594,0
1139,11389888,0.03676901012659073,0.0031333405058830976,-1.0464202165603638,-0.3424084782600403,0.01396788191050291,0.409562349319458,29.435115814208984,-10.513385772705078,40.43751525878906,0
1140,11400069,-0.028179554268717766,-0.009565054439008236,-1.002220630645752,0.5945731401443481,-0.17501288652420044,0.6386791467666626,29.6874942779541,-11.950325012207031,40.94182205200195,0
1141,11409997,0.016264593228697777,-0.019223950803279877,-1.0000733137130737,-0.18590033054351807,0.36978310346603394,-0.40270787477493286,29.71312713623047,-10.049047470092773,41.54767990112305,0
1142,11420029,-0.06781453639268875,-0.039237137883901596,-0.9883620738983154,-0.17331619560718536,0.8356652855873108,0.33919715881347656,29.676822662353516,-10.356776237487793,40.6939582824707,0
1143,11429955,0.1323942244052887,-0.05512652173638344,-1.0020787715911865,-0.27854615449905396,0.5000464916229248,-0.4438796639442444,30.91581916809082,-8.87027645111084,41.92094421386719,0
1144,11439800,0.057113468647003174,0.03290699049830437,-0.9978725910186768,-0.368245005607605,-0.1508886218070984,-0.5192840695381165,30.326210021972656,-11.118191719055176,39.9228630065918,0
1145,11449856,0.04353131353855133,0.04500768333673477,-1.0147309303283691,-0.0940684899687767,0.02476469613611698,-0.4294113218784332,31.153141021728516,-10.338027954101562,40.64838409423828,0
1146,11460270,-0.0518866665661335,-0.05182085186243057,-1.0345827341079712,-0.33448827266693115,-0.3727361261844635,0.5070542097091675,30.341331481933594,-12.304309844970703,39.570613861083984,0
1147,11470200,-0.047524645924568176,-0.03305354341864586,-0.9876830577850342,0.44384080171585083,-0.02906004711985588,-0.21786656975746155,30.42972183227539,-10.618830680847168,42.1573486328125,0
1148,11479829,-0.07677344232797623,0.004326459486037493,-0.9793908596038818,0.2592407166957855,-0.12179818004369736,0.07103032618761063,29.480436325073242,-9.463325500488281,40.297786712646484,0
1149,11490268,-0.027929874137043953,0.0032845318783074617,-0.9799930453300476,0.4475884735584259,0.283589243888855,-0.8789767026901245,29.555328369140625,-8.78623104095459,39.35487365722656,0
1150,11500023,-0.0261872336268425,-0.034633439034223557,-1.0059186220169067,0.4050048291683197,-0.07643492519855499,-0.01468112226575613,30.414634704589844,-11.476346015930176,38.422996520996094,0
1151,11510002,0.018494363874197006,0.031068436801433563,-0.962501585483551,-0.5218528509140015,-0.4796012043952942,0.7450163960456848,32.09492874145508,-10.10950756072998,40.474246978759766,0
1152,11520144,0.02596399560570717,0.007693791296333075,-1.034818172454834,1.0651700496673584,-0.8585931062698364,-0.42212894558906555,27.947603225708008,-8.896416664123535,40.30781555175781,0
1153,11530101,0.06837338954210281,0.004462309647351503,-1.0207576751708984,0.39024513959884644,0.33723098039627075,-0.003307153470814228,30.783405303955078,-8.383341789245605,39.34917449951172,0
1154,11540086,0.03723333403468132,0.005722496192902327,-1.0435492992401123,1.0917236804962158,-0.0011216322891414165,-0.5518137812614441,28.651403427124023,-8.535835266113281,39.37847900390625,0
1155,11550083,0.08247344940900803,0.07199689745903015,-1.0123670101165771,0.21889227628707886,-0.5310394763946533,-0.6848289370536804,29.491790771484375,-10.988173484802246,40.33882141113281,0
1156,11559779,-0.008840585127472878,0.059958379715681076,-0.9728060960769653,0.09069014340639114,0.8874732255935669,-0.13054005801677704,29.592525482177734,-10.442750930786133,38.84429168701172,0
1157,11570126,-0.01340122614055872,0.006625798065215349,-1.0131196975708008,-1.351239800453186,-0.9691455364227295,0.07379913330078125,29.38494110107422,-7.913784980773926,39.67518615722656,0
1158,11580087,0.0036506708711385727,-0.07611530274152756,-1.0024008750915527,-0.227082297205925,0.5090282559394836,-0.2095641791820526,29.690906524658203,-8.180831909179688,40.693504333496094,0
1159,11589943,0.040647201240062714,0.016053052619099617,-1.0100228786468506,0.1395643800497055,0.10573866963386536,-0.22519533336162567,30.024852752685547,-9.14547348022461,41.08523178100586,0
1160,11600022,-0.030947042629122734,-0.05144215375185013,-0.9728084802627563,0.4678376615047455,-0.0657096579670906,-0.045681752264499664,29.90418243408203,-9.985944747924805,39.36972427368164,0
1161,11609786,0.026613958179950714,-0.018916204571723938,-0.9921036958694458,-0.17665022611618042,0.41626259684562683,0.17407698929309845,30.353870391845703,-8.5183744430542,41.81586456298828,0
1162,11619795,0.011546778492629528,-0.012725827284157276,-1.0232627391815186,-0.35053858160972595,-0.5016286969184875,-0.17567883431911469,29.867088317871094,-12.579014778137207,40.512184143066406,0
1163,11630029,0.0023865019902586937,-0.0742068737745285,-0.9809150695800781,0.6500338912010193,-0.8540216684341431,0.251809686422348,31.852060317993164,-10.139239311218262,39.39647674560547,0
1164,11640146,0.03769507259130478,-0.0006912773824296892,-0.9935018420219421,-0.17253607511520386,0.22726477682590485,-0.23710215091705322,30.199403762817383,-10.800145149230957,39.276206970214844,0
1165,11650128,-0.03327615186572075,0.014622396789491177,-1.036510944366455,1.189877986907959,-0.6212400197982788,0.4783272445201874,29.059524536132812,-9.62210464477539,42.33484649658203,0
1166,11660166,0.02448834292590618,-0.12688638269901276,-1.0521198511123657,0.1595374345779419,0.7363872528076172,0.46610891819000244,29.736433029174805,-10.312542915344238,39.07362365722656,0
1167,11669948,0.01890145242214203,-0.003548352513462305,-0.9817919135093689,-1.2013530731201172,0.46108394861221313,-0.7841342091560364,30.47808074951172,-11.803540229797363,40.70123291015625,0
1168,11680152,-0.0034818800631910563,0.016645697876811028,-1.007110595703125,-0.3181460201740265,0.19580143690109253,0.1350603550672531,31.43808364868164,-10.121225357055664,38.30791091918945,0
1169,11689941,0.006260317284613848,-0.004869391676038504,-1.0022809505462646,-0.8157902956008911,0.0023323092609643936,0.03889305144548416,29.558547973632812,-9.342381477355957,39.683982849121094,0
1170,11700133,0.029006903991103172,0.009649013169109821,-1.0212366580963135,-1.092901349067688,0.36822274327278137,0.3309361934661865,27.929439544677734,-10.48803424835205,39.062713623046875,0
1171,11709919,-0.05818842351436615,0.08584506064653397,-0.9993610978126526,0.23260566592216492,-0.6629021763801575,0.7806825637817383,29.382265090942383,-9.379195213317871,40.637691497802734,0
1172,11719955,0.06828132271766663,0.04544558748602867,-1.0016851425170898,0.2129521369934082,-0.6382813453674316,-0.23130033910274506,29.747718811035156,-12.224199295043945,39.9578742980957,0
1173,11729924,-0.032798103988170624,0.06403002887964249,-0.9982075691223145,0.13814349472522736,-0.17455187439918518,0.5928465127944946,29.17874526977539,-10.977160453796387,40.40203857421875,0
1174,11739726,-0.08980943262577057,0.036921992897987366,-0.9541953206062317,0.078193798661232,-0.11427202075719833,-0.7818622589111328,30.3902645111084,-10.280723571777344,39.02229690551758,0
1175,11750225,0.06623794138431549,0.10235350579023361,-1.0081554651260376,-0.23584520816802979,-0.0853751003742218,0.08463791757822037,30.59686851501465,-11.169903755187988,39.365562438964844,0
1176,11759843,-0.09773406386375427,-0.054229509085416794,-0.9932441711425781,0.2947397828102112,0.39812856912612915,-0.39805224537849426,31.601163864135742,-10.564727783203125,40.58958053588867,0
1177,11770075,0.06401242315769196,0.12387500703334808,-0.9972196221351624,-0.15445393323898315,0.7353525161743164,-0.7709386348724365,30.04898452758789,-9.310819625854492,40.33308029174805,0
1178,11780008,-0.04990417882800102,0.0070124426856637,-0.992061972618103,0.21791325509548187,0.9550735354423523,0.5593677759170532,30.252023696899414,-10.12075138092041,39.92392349243164,0
1179,11790184,-0.05507790297269821,-0.05941843241453171,-1.0045497417449951,-0.6135646104812622,0.03471475467085838,0.07549023628234863,30.29477310180664,-10.022743225097656,41.415557861328125,0
1180,11800051,-0.020133286714553833,-0.06857609003782272,-1.0093400478363037,0.2844637334346771,0.4084929823875427,-0.046608854085206985,31.095874786376953,-8.973133087158203,39.9066276550293,0
1181,11810022,0.04751026630401611,-0.040399499237537384,-0.9926236271858215,0.3250887989997864,0.06571352481842041,0.18617717921733856,30.140003204345703,-9.39370346069336,42.18323516845703,0
1182,11820089,0.0040582772344350815,-0.023793300613760948,-0.9462519288063049,0.39606282114982605,0.9414370059967041,0.024521997198462486,28.1489315032959,-10.182886123657227,40.59977722167969,0
1183,11830344,-0.0458671860396862,-0.08339962363243103,-0.9761581420898438,0.3441823124885559,-0.17056481540203094,-0.7585464715957642,30.239587783813477,-10.237618446350098,38.227012634277344,0
1184,11839938,0.1067117378115654,0.020073868334293365,-0.9706935882568359,0.36622580885887146,0.24343043565750122,-0.9929737448692322,29.429689407348633,-7.458353519439697,39.701480865478516,0
1185,11849893,-0.02530764415860176,0.10783424228429794,-0.9887714982032776,0.8338708281517029,0.9385824203491211,0.3180837035179138,31.64147186279297,-10.601032257080078,40.21461486816406,0
1186,11859846,-0.08433549851179123,0.028526339679956436,-1.0070537328720093,0.48933789134025574,0.6781940460205078,0.6232011318206787,28.883508682250977,-8.784676551818848,39.01778793334961,0
1187,11869699,0.01875196024775505,0.07140064239501953,-0.9854547381401062,-0.6748034358024597,-1.660056710243225,-0.141983762383461,31.930633544921875,-9.888066291809082,41.10048294067383,0
1188,11879940,-0.0661812573671341,-0.013769581913948059,-1.0258265733718872,-0.03523053601384163,-0.2309488207101822,0.2197728008031845,28.10227394104004,-10.368125915527344,39.6718864440918,0
1189,11889791,-0.00806340016424656,0.07529687881469727,-0.9626563787460327,-0.04764654114842415,-0.14978578686714172,-0.15943126380443573,30.205068588256836,-10.917715072631836,39.50349807739258,0
1190,11899979,-0.06288744509220123,-0.006212039850652218,-0.9849668145179749,-0.6684983372688293,-0.591515064239502,-0.08638554066419601,28.667997360229492,-11.329622268676758,39.652462005615234,0
1191,11910168,-0.039107099175453186,-0.04831993952393532,-0.9882950782775879,-0.5003238916397095,0.25188323855400085,-0.5960094332695007,30.093687057495117,-12.09984302520752,40.35955047607422,0
1192,11919901,0.033931709825992584,0.001877230009995401,-1.0078645944595337,0.23243312537670135,-0.11835554987192154,-0.054576557129621506,28.679473876953125,-10.177661895751953,40.52720642089844,0
1193,11929949,-0.07068172097206116,0.017825402319431305,-1.006196141242981,-0.22671259939670563,0.6167774796485901,-0.3362099230289459,30.35253143310547,-9.640312194824219,38.82731246948242,0
1194,11940050,0.0052292016334831715,-0.008857406675815582,-1.01790189743042,0.4970175325870514,-0.10562758147716522,-0.2421773225069046,30.925167083740234,-9.662922859191895,40.56144332885742,0
1195,11950222,0.0360480397939682,-0.08199018239974976,-1.0397555828094482,0.23711246252059937,-0.11682147532701492,-0.1641818732023239,29.831022262573242,-9.191156387329102,41.443111419677734,0
1196,11959918,0.035042330622673035,0.03798104450106621,-0.9648983478546143,0.02525300718843937,-0.7783832550048828,0.2126949578523636,29.432117462158203,-8.584285736083984,39.079288482666016,0
1197,11970026,0.02021588757634163,0.0822453573346138,-0.9975299835205078,-0.09071848541498184,-0.4350506663322449,0.8542171120643616,27.162179946899414,-10.074260711669922,41.807350158691406,0
1198,11979937,0.07673297077417374,-0.06190945580601692,-0.9863085746765137,-0.4836864173412323,-0.14279700815677643,0.4871503412723541,28.89213752746582,-9.749418258666992,38.52388381958008,0
1199,11990194,0.004918708465993404,0.07454052567481995,-0.9941577911376953,-0.7932438850402832,-0.4628891944885254,0.023737363517284393,30.9429874420166,-10.662511825561523,40.733055114746094,0
1200,11999896,0.032411910593509674,-0.007342836353927851,-1.0309969186782837,-0.21918396651744843,-0.3935783803462982,0.42443931102752686,29.866979598999023,-9.754294395446777,39.80058288574219,0
1201,12009932,-0.03704167529940605,0.08378413319587708,-1.0111879110336304,-0.11958924680948257,-0.011316224001348019,0.41768360137939453,30.39210319519043,-8.828947067260742,40.75270080566406,0
1202,12019941,-0.02129657194018364,-0.05187578126788139,-1.0109448432922363,0.5428949594497681,0.8342214226722717,0.726483941078186,30.143442153930664,-11.854909896850586,38.967708587646484,0
1203,12029888,0.026433255523443222,0.06080532446503639,-0.9859563112258911,-0.5206987261772156,-0.9248382449150085,0.05049518123269081,30.621353149414062,-10.643963813781738,40.809410095214844,0
1204,12039852,0.005426917690783739,0.00703770387917757,-1.0214312076568604,1.0772106647491455,-0.08877434581518173,-0.003212909447029233,31.277132034301758,-8.97274398803711,39.7775764465332,0
1205,12050280,0.0981459841132164,0.011057913303375244,-0.9975900053977966,0.2635476291179657,-0.11073330789804459,0.6816111207008362,28.85822868347168,-10.286276817321777,40.136287689208984,0
1206,12059895,-0.04496614262461662,0.02646920271217823,-1.0024257898330688,0.36934980750083923,1.1699481010437012,-0.6726842522621155,30.54987335205078,-10.234753608703613,39.6243896484375,0
1207,12070049,-0.05142349749803543,-0.057361163198947906,-1.0218294858932495,-0.6090018153190613,0.18353469669818878,0.6159953474998474,28.45969009399414,-10.308235168457031,40.77106475830078,0
1208,12080036,-0.043569426983594894,-0.025602329522371292,-0.9919964671134949,0.4322350025177002,-0.6722293496131897,0.3133801221847534,30.80741310119629,-10.35321044921875,39.1258544921875,0
1209,12089673,0.008152099326252937,0.006737442687153816,-0.9917720556259155,-0.15745539963245392,0.1910245716571808,-0.2688902020454407,29.87860679626465,-10.066828727722168,39.32816696166992,0
1210,12099786,0.04732812941074371,-0.030840128660202026,-0.9589900374412537,-0.273020476102829,0.6585760116577148,-0.6814380884170532,29.917396545410156,-9.41599178314209,39.273983001708984,0
1211,12110129,-0.03075101040303707,-0.003561377292498946,-1.01600980758667,0.4367523491382599,-0.21167457103729248,-0.7923343181610107,29.93637466430664,-9.933384895324707,39.885353088378906,0
1212,12120087,-0.0012298461515456438,0.006987880449742079,-0.9897767305374146,0.5241090655326843,-0.09398148208856583,0.48243528604507446,28.281940460205078,-9.765990257263184,38.80491256713867,0
1213,12129883,0.0790557935833931,-0.03462832048535347,-1.0248314142227173,-0.3709602653980255,0.11024752259254456,0.5946279764175415,29.99310302734375,-9.756682395935059,38.223785400390625,0
1214,12139976,0.07080748677253723,0.11056064069271088,-1.0017340183258057,-0.07097125053405762,1.0796804428100586,-0.33933138847351074,30.875600814819336,-10.286420822143555,39.41466522216797,0
1215,12149958,0.013718193396925926,0.04084668308496475,-0.983421266078949,-0.19576039910316467,0.09935600310564041,-0.08593466877937317,28.957307815551758,-9.913675308227539,40.749637603759766,0
1216,12160243,-0.05424670875072479,0.04858731850981712,-1.0149071216583252,0.11789501458406448,0.5613433718681335,0.8256022930145264,27.839303970336914,-9.451302528381348,41.18830108642578,0
1217,12170147,0.010160945355892181,-0.06115362420678139,-1.0289329290390015,-0.1256481409072876,-0.03046870231628418,0.5679942965507507,30.16766357421875,-10.95114803314209,40.652259826660156,0
1218,12180081,0.03252847120165825,0.10619597136974335,-1.0101081132888794,-0.13938957452774048,0.30380237102508545,-0.017190702259540558,32.06623077392578,-10.552045822143555,40.05266189575195,0
1219,12189806,0.0016091895522549748,-0.12339429557323456,-0.9756945371627808,0.528834879398346,0.06860563904047012,-0.12706507742404938,29.548418045043945,-9.360715866088867,39.87026596069336,0
1220,12199904,-0.041539955884218216,-0.11783674359321594,-0.987071692943573,0.3259352743625641,-0.31099778413772583,0.21871653199195862,31.68320083618164,-10.074151992797852,40.13051223754883,0
1221,12209835,-0.018064353615045547,-0.10839822143316269,-1.023302435874939,-0.4544907808303833,0.42087188363075256,0.5607506036758423,30.236473083496094,-10.355700492858887,39.634037017822266,0
1222,12219885,-0.0067861685529351234,-0.06088562309741974,-0.9809730648994446,-0.4753429889678955,-0.14933116734027863,0.9886311888694763,29.076139450073242,-7.932537078857422,39.58806228637695,0
1223,12229660,0.048878151923418045,0.007795917801558971,-1.004009485244751,-0.1264629364013672,0.035353079438209534,-0.45074695348739624,31.35701560974121,-10.812262535095215,38.297401428222656,0
1224,12240024,-0.05514758080244064,-0.0015299407532438636,-1.0342732667922974,-0.09912095963954926,0.4672936797142029,0.34058043360710144,28.3397159576416,-11.522503852844238,39.889320373535156,0
1225,12249826,-0.041021641343832016,0.020888932049274445,-0.999007523059845,-0.7176114320755005,-0.9671234488487244,0.26685816049575806,30.732994079589844,-10.941615104675293,40.59590530395508,0
1226,12259962,0.1501547396183014,-0.04432157427072525,-1.0149766206741333,1.07211172580719,0.33699050545692444,0.14010994136333466,29.67593765258789,-8.266267776489258,39.29655838012695,0
1227,12270040,0.04275912791490555,-0.07572665065526962,-0.9929997324943542,0.32105928659439087,-0.5400004982948303,0.38614240288734436,29.979087829589844,-10.081513404846191,39.246089935302734,0
1228,12280119,-0.04671904072165489,-0.1034383624792099,-1.0071078538894653,1.2152785062789917,-0.012297646142542362,-0.2525642216205597,32.102149963378906,-9.486641883850098,39.654415130615234,0
1229,12289931,-0.05640008673071861,-0.03254605457186699,-1.0018373727798462,-0.6224536299705505,-0.5895223617553711,-0.24700123071670532,28.30889320373535,-8.989506721496582,40.338619232177734,0
1230,12300242,-0.027985746040940285,0.0006945431814529002,-1.0023906230926514,0.2225639671087265,-0.6115644574165344,-0.1896180659532547,29.860158920288086,-10.30648136138916,40.10546112060547,0
1231,12310067,0.0012021362781524658,-0.061853498220443726,-1.005340337753296,-0.38788846135139465,0.5362316966056824,0.24894484877586365,30.20866584777832,-10.484837532043457,41.406761169433594,0
1232,12320156,0.06609059125185013,-0.049001406878232956,-1.0072717666625977,0.8222714066505432,-0.33362510800361633,-0.37610697746276855,29.422698974609375,-12.130906105041504,37.63728713989258,0
1233,12329767,-0.030081072822213173,0.009041590616106987,-1.027680516242981,-0.9589479565620422,-0.28667834401130676,0.5455077886581421,27.474241256713867,-9.766265869140625,40.293846130371094,0
1234,12339840,-0.0005041424301452935,-0.00847212877124548,-0.9889050722122192,0.12999561429023743,-0.170643612742424,0.9416120052337646,28.15025520324707,-10.050639152526855,40.021759033203125,0
1235,12349898,0.015554153360426426,0.03078348934650421,-1.0006991624832153,-1.2787301540374756,-0.6267447471618652,-0.3004254400730133,29.998008728027344,-9.906603813171387,41.778568267822266,0
1236,12360185,0.008654821664094925,-0.036531317979097366,-1.001845121383667,-0.704204797744751,0.3586362302303314,0.4805362820625305,28.903621673583984,-11.300384521484375,39.24089813232422,0
1237,12370035,0.01488299947232008,0.04632023349404335,-0.9858824610710144,0.2827345132827759,0.08283766359090805,0.4171861708164215,30.69253158569336,-11.424338340759277,38.98771667480469,0
1238,12380230,0.05142916738986969,-0.03543734550476074,-1.0212998390197754,0.7615732550621033,-0.3959859013557434,0.819209098815918,30.218229293823242,-10.90705394744873,38.97157669067383,0
1239,12390055,-0.008879371918737888,-0.012857467867434025,-1.013965129852295,-1.5213106870651245,0.7930014729499817,-0.4185471832752228,29.342449188232422,-10.737420082092285,40.79294967651367,0
1240,12399955,0.02838180586695671,-0.1495390087366104,-1.0054633617401123,-1.2217973470687866,-0.2598058581352234,-0.42606887221336365,29.72139549255371,-9.707026481628418,39.30377960205078,0
1241,12409790,-0.05104413256049156,0.0010386835783720016,-0.9455963969230652,-0.5430926084518433,-0.15543131530284882,-0.08955440670251846,30.350717544555664,-11.430315017700195,39.3792724609375,0
1242,12420026,0.058526135981082916,0.02299574203789234,-1.0002000331878662,-1.3524740934371948,0.32238855957984924,0.49985942244529724,29.867450714111328,-8.780254364013672,38.823795318603516,0
1243,12429960,0.0644526332616806,0.07190367579460144,-0.9853435158729553,-0.03198119252920151,-0.8192071914672852,0.451850950717926,29.500375747680664,-10.425715446472168,40.12348556518555,0
1244,12440202,-0.04221431910991669,0.039152227342128754,-0.9893603920936584,-0.17667317390441895,0.7670069932937622,0.3277994990348816,30.805566787719727,-10.60303783416748,38.905113220214844,0
1245,12449752,0.002365983324125409,0.020491713657975197,-0.9932694435119629,0.11435812711715698,0.26970428228378296,0.02924182265996933,29.04348373413086,-9.135473251342773,39.620086669921875,0
1246,12460162,0.011901425197720528,0.016166945919394493,-1.0020803213119507,0.40530726313591003,0.24398717284202576,-0.11306542903184891,28.358680725097656,-9.923325538635254,40.64813995361328,0
1247,12470096,-0.07599560916423798,-0.05822708457708359,-0.989821195602417,0.21400196850299835,-0.19340799748897552,-0.48703449964523315,30.210695266723633,-7.880599021911621,39.168067932128906,0
1248,12480176,-0.04133078455924988,0.0230618454515934,-1.0170150995254517,-0.057018183171749115,-0.1336207389831543,0.01604270562529564,29.110994338989258,-10.393776893615723,40.11166763305664,0
1249,12490170,0.03379751741886139,0.012258287519216537,-1.0358877182006836,-0.49516960978507996,-0.7703979015350342,-0.2924685478210449,29.91221046447754,-8.826984405517578,40.676246643066406,0
1250,12499979,-0.003220771439373493,-0.08140304684638977,-0.9893063902854919,0.6078526973724365,0.5713545083999634,-0.348684698343277,30.99742317199707,-9.483674049377441,40.33224105834961,0
1251,12509793,-0.008904527872800827,0.06961221247911453,-1.0082381963729858,-0.17922115325927734,0.7245635986328125,0.38732123374938965,32.24960708618164,-8.697498321533203,41.23249435424805,0
1252,12520195,0.11748769134283066,-0.06991852074861526,-0.9991518259048462,0.46054959297180176,0.20047181844711304,0.4841539263725281,28.64457893371582,-9.347580909729004,41.284446716308594,0
1253,12529986,0.07998058944940567,-0.05042896792292595,-0.9920789003372192,-0.07601124048233032,-0.6862491369247437,0.8903020620346069,30.65575408935547,-10.050089836120605,39.82295227050781,0
1254,12539977,0.019128592684864998,0.016134370118379593,-0.9983401298522949,-0.25272199511528015,0.18682412803173065,-0.358502060174942,29.697864532470703,-10.918386459350586,38.52113342285156,0
1255,12549976,0.048088934272527695,-0.035881076008081436,-1.0158339738845825,0.5705006718635559,0.537214994430542,-0.10995180159807205,30.93389320373535,-9.30094051361084,39.87511444091797,0
1256,12560125,-0.00570291792973876,0.016397003084421158,-0.994251012802124,0.23852324485778809,0.3874789774417877,0.4320641756057739,29.596220016479492,-9.99974536895752,39.6466064453125,0
1257,12569929,-0.003374089952558279,0.03781500086188316,-0.9757453799247742,0.19268178939819336,-0.6291760802268982,-0.5294818878173828,29.050575256347656,-10.609955787658691,41.887447357177734,0
1258,12580083,0.03346410021185875,-0.018773680552840233,-0.9951847195625305,-0.38090988993644714,-0.38251304626464844,-0.2477557361125946,29.1401309967041,-9.359244346618652,39.48345184326172,0
1259,12589873,0.07420849055051804,-0.027513958513736725,-1.00765061378479,0.6982942819595337,-0.30225834250450134,0.38208141922950745,32.170841217041016,-11.52994441986084,40.79714584350586,0
1260,12600094,0.033779993653297424,0.08469913899898529,-0.9854022860527039,0.2779005765914917,0.1696665734052658,-0.23141799867153168,29.723960876464844,-9.148652076721191,41.594112396240234,0
1261,12610040,0.03656664863228798,-0.0035799744073301554,-0.9806450605392456,0.7058441042900085,0.4902796447277069,0.49923253059387207,30.473655700683594,-10.967484474182129,41.34344482421875,0
1262,12620166,-0.13843375444412231,0.010376371443271637,-1.0408552885055542,-0.04184076189994812,0.06678896397352219,-0.31322455406188965,29.963409423828125,-11.473114967346191,38.90965270996094,0
1263,12629983,-0.006722343619912863,0.003181981621310115,-1.014794111251831,0.2604944407939911,-0.7641386985778809,-0.45134320855140686,30.25966453552246,-8.936426162719727,40.12517166137695,0
1264,12639868,0.0761689618229866,-0.03112354874610901,-1.025722861289978,-0.2103578746318817,0.4101056754589081,-0.6052007675170898,31.08333969116211,-12.375060081481934,38.856266021728516,0
1265,12650112,-0.0745716318488121,-0.039879538118839264,-1.0022169351577759,0.8636763691902161,-0.06203698739409447,0.14847756922245026,30.340152740478516,-10.86603832244873,40.00250244140625,0
1266,12659648,0.022021444514393806,-0.007853823713958263,-0.9700695276260376,-0.7106252908706665,0.29817402362823486,-0.3574528098106384,29.625947952270508,-10.47940731048584,41.09380340576172,0
1267,12669813,0.004308321513235569,-0.0872005820274353,-0.9895736575126648,-0.6101433038711548,-0.5200352072715759,-0.29709136486053467,29.272958755493164,-9.802701950073242,41.00402069091797,0
1268,12680125,0.01763465255498886,0.062163032591342926,-0.9556111097335815,-0.9488778114318848,-0.09983868896961212,-0.07101774215698242,30.90915298461914,-8.673083305358887,41.01564025878906,0
1269,12690087,-0.07840932905673981,0.034834567457437515,-1.0122791528701782,-0.8511554598808289,0.2823079228401184,0.58140629529953,31.16411781311035,-9.956384658813477,39.91658020019531,0
1270,12700168,0.02701418660581112,0.06405558437108994,-1.0137693881988525,-0.6766815781593323,0.17697221040725708,-0.04209776967763901,31.97994041442871,-11.292928695678711,40.855873107910156,0
1271,12709912,0.03890823945403099,0.059334881603717804,-0.9996252655982971,0.054338037967681885,-0.45503494143486023,0.9232658743858337,28.775827407836914,-10.842668533325195,38.275333404541016,0
1272,12720218,0.018089525401592255,0.058798857033252716,-1.0212080478668213,0.16845695674419403,-0.13199305534362793,0.9031569361686707,28.96677589416504,-9.588471412658691,41.722412109375,0
1273,12730138,-0.02305581606924534,0.03687146678566933,-1.0094361305236816,0.2471187263727188,0.8286774158477783,-0.3813798129558563,29.789695739746094,-11.680313110351562,38.56446075439453,0
1274,12739864,0.08779985457658768,-0.05339926481246948,-0.963191568851471,0.9270238280296326,-0.2816166281700134,-0.7887704372406006,31.558609008789062,-10.718481063842773,38.51799774169922,0
1275,12750002,-0.06580328196287155,0.03186684474349022,-1.013525366783142,1.107785940170288,0.13507449626922607,-0.25936514139175415,30.026350021362305,-10.372952461242676,40.43865203857422,0
1276,12760198,0.02085091732442379,-0.013541786931455135,-0.9949522018432617,0.5723976492881775,0.4405013620853424,0.27441075444221497,31.447755813598633,-10.884777069091797,40.05706024169922,0
1277,12769872,-0.007122499402612448,-0.035212595015764236,-0.9984239935874939,-0.6125847101211548,-0.10817546397447586,-0.06232159212231636,29.920452117919922,-9.880759239196777,38.93901062011719,0
1278,12780018,0.01577443815767765,0.06443104892969131,-1.0008567571640015,-0.9023613929748535,0.26861822605133057,-0.47558265924453735,30.609453201293945,-11.392081260681152,40.75475311279297,0
1279,12790094,-0.008082146756350994,0.07655182480812073,-0.9821128845214844,0.5909326672554016,-0.3773597478866577,-0.17439639568328857,28.739032745361328,-10.5157470703125,39.103824615478516,0
1280,12800208,-0.06085877865552902,0.011761137284338474,-0.9792504906654358,-0.5124686360359192,0.48649272322654724,-1.102053165435791,31.614774703979492,-9.438556671142578,41.1982307434082,0
1281,12809815,0.002048698952421546,0.07472309470176697,-0.996566116809845,0.2983763813972473,-0.28056877851486206,0.7951648235321045,31.147642135620117,-9.83305835723877,38.57431411743164,0
1282,12819862,0.061298761516809464,-0.051567111164331436,-0.9939214587211609,0.6765698790550232,0.25136780738830566,-0.0817124992609024,31.099884033203125,-10.736226081848145,40.442626953125,0
1283,12829865,0.031776927411556244,-0.06709887832403183,-0.9855015277862549,-1.2087621688842773,-0.018840370699763298,-0.03279299661517143,30.453603744506836,-10.625869750976562,40.04437255859375,0
1284,12840138,0.015537681058049202,-0.010757986456155777,-0.9971611499786377,0.7463507056236267,0.38901057839393616,0.33613666892051697,30.792329788208008,-9.59601879119873,40.772789001464844,0
1285,12849959,-0.021702302619814873,-0.0512247160077095,-0.976131796836853,0.059985287487506866,1.1327780485153198,-0.41858574748039246,29.228477478027344,-9.69782543182373,40.548892974853516,0
1286,12860042,0.01359563134610653,0.05296867713332176,-1.0096288919448853,0.28033357858657837,-0.2887256145477295,-0.15988804399967194,29.867141723632812,-8.935375213623047,41.52534484863281,0
1287,12870014,0.03108946420252323,0.12228958308696747,-0.9802554249763489,-0.005452699027955532,-0.3177553415298462,-0.9650629758834839,30.507883071899414,-10.500264167785645,40.517398834228516,0
1288,12880019,-0.04754788056015968,-0.028594372794032097,-0.9822030663490295,-0.5330783724784851,0.7014194130897522,0.1556539684534073,28.839080810546875,-10.2431001663208,40.80323791503906,0
1289,12889914,-0.022024858742952347,0.05888262391090393,-0.989756166934967,-0.10963726788759232,0.9017611742019653,-0.9751147031784058,30.288705825805664,-11.703500747680664,38.97458267211914,0
1290,12899782,-0.007159301545470953,-0.009445727802813053,-1.000971794128418,-0.8753595352172852,-0.6761295795440674,0.17232470214366913,28.74287986755371,-9.611113548278809,39.599761962890625,0
1291,12909774,-0.0274876207113266,0.06144121661782265,-0.9583157300949097,-0.21003073453903198,0.28004127740859985,0.7001992464065552,31.166622161865234,-9.006603240966797,40.09592819213867,0
1292,12919989,-0.052501846104860306,0.06274577975273132,-0.9812350273132324,0.793972909450531,0.7288270592689514,0.43239134550094604,28.24502944946289,-9.598026275634766,39.68858337402344,0
1293,12930230,0.02862929180264473,0.006990345194935799,-0.9950851798057556,-0.5283229351043701,-0.36683663725852966,-0.03368082270026207,28.568538665771484,-11.481841087341309,38.66283416748047,0
1294,12940051,-0.01003957912325859,0.09082788228988647,-0.9978868365287781,0.09307827055454254,-0.4677954316139221,0.5628386735916138,29.932498931884766,-9.289945602416992,40.38771057128906,0
1295,12950252,-0.014961019158363342,-0.03437376022338867,-0.9751145243644714,-0.09126653522253036,0.06709054112434387,0.21039867401123047,31.001129150390625,-10.375205039978027,40.322959899902344,0
1296,12960280,0.1245647594332695,0.06665497273206711,-1.0035057067871094,-0.7952219843864441,-0.00389477307908237,0.3589959442615509,29.698257446289062,-10.121392250061035,40.9427375793457,0
1297,12970277,0.06153013929724693,0.07375570386648178,-0.9716497659683228,-0.030971819534897804,-0.11543267220258713,0.5101988315582275,30.49456214904785,-11.043100357055664,39.847442626953125,0
1298,12979742,0.049239978194236755,0.05685458704829216,-1.0015171766281128,-0.4123196601867676,0.09197615087032318,-0.4835207164287567,28.675506591796875,-10.394872665405273,41.62419509887695,0
1299,12989961,0.00826085451990366,-0.04426654055714607,-0.979282557964325,-1.2418642044067383,0.2546537220478058,-0.15357661247253418,31.001859664916992,-8.68005657196045,39.9283447265625,0
1300,13000066,0.05192143842577934,0.017276395112276077,-1.0036864280700684,-0.25165942311286926,-0.03973306342959404,-0.9370161294937134,30.662187576293945,-10.159029960632324,40.36027145385742,0
1301,13009772,0.07223479449748993,0.03381824120879173,-0.9984971880912781,0.609126627445221,0.20986510813236237,-0.41914933919906616,28.471847534179688,-10.584216117858887,40.09145736694336,0
1302,13020082,-0.02228621020913124,0.10135895013809204,-0.9900150895118713,0.0588579922914505,-0.10595433413982391,-0.8537774682044983,30.41085433959961,-9.784501075744629,40.19486999511719,0
1303,13029854,0.036226604133844376,0.03903675079345703,-0.9570607542991638,-0.533789336681366,-0.18909147381782532,-0.897139847278595,29.082956314086914,-10.20383358001709,39.6205940246582,0
1304,13039900,0.00851049181073904,-0.020305413752794266,-0.9932819604873657,-0.47366955876350403,0.2570340037345886,-0.45907169580459595,27.296327590942383,-10.2391996383667,39.9393196105957,0
1305,13049838,0.01774507388472557,-0.026267074048519135,-0.9776678085327148,-0.20692411065101624,-0.19094187021255493,0.4377014935016632,28.42962646484375,-9.211030960083008,39.204315185546875,0
1306,13059865,-0.04438971355557442,-0.007135349791496992,-1.0058221817016602,-0.12127330154180527,1.000109314918518,-0.3385404646396637,30.469154357910156,-8.576550483703613,40.76118087768555,0
1307,13069875,-0.08835210651159286,0.010532342828810215,-0.9841164350509644,-1.015510082244873,-0.41882097721099854,0.08065412938594818,30.09967041015625,-9.372856140136719,40.39555740356445,0
1308,13079932,0.01132295373827219,-0.02082899771630764,-1.0027759075164795,0.5843704342842102,1.1623517274856567,-1.1511662006378174,32.25239181518555,-8.890090942382812,41.67162322998047,0
1309,13089799,0.07423452287912369,-0.04366978257894516,-0.9970594644546509,-0.10200910270214081,-0.0935741439461708,0.42143967747688293,28.719099044799805,-10.482439994812012,40.61642837524414,0
1310,13100319,0.09259897470474243,-0.027827350422739983,-1.0058525800704956,-0.7129837870597839,0.45411908626556396,-0.6132903695106506,31.105775833129883,-8.118579864501953,38.4433479309082,0
1311,13109877,-0.05038490146398544,-0.011917851865291595,-0.9939801692962646,-0.31764960289001465,0.45223739743232727,0.6114773750305176,30.106321334838867,-9.722841262817383,39.384830474853516,0
1312,13120028,-0.03900744765996933,0.03811582550406456,-1.0340899229049683,0.12435116618871689,-0.5038099884986877,0.8514923453330994,28.670427322387695,-10.138503074645996,41.48887634277344,0
1313,13130194,-0.022044483572244644,0.056002117693424225,-1.0068830251693726,-0.5749455094337463,-0.9182102680206299,0.3107270300388336,31.308725357055664,-9.298468589782715,39.7692756652832,0
1314,13139915,-0.01742612011730671,0.0017538962420076132,-0.9999560117721558,-0.5507767796516418,0.4518187344074249,0.32613319158554077,29.756105422973633,-10.704669952392578,38.663272857666016,0
1315,13149851,-0.039219003170728683,-0.02056427113711834,-0.9766701459884644,-0.10587713867425919,1.082215428352356,0.13184769451618195,29.216411590576172,-10.521332740783691,41.520545959472656,0
1316,13160187,0.04086175933480263,0.09579818695783615,-1.0237460136413574,1.4053761959075928,0.10257600992918015,0.2164701521396637,29.98496437072754,-10.519878387451172,40.314266204833984,0
1317,13169954,0.02063337154686451,-0.04655620828270912,-0.9759641885757446,0.21262921392917633,0.44077762961387634,-0.39765822887420654,27.656448364257812,-8.171693801879883,41.051658630371094,0
1318,13180166,0.054037049412727356,-0.06808529049158096,-1.0091661214828491,-0.3281867802143097,-0.032661642879247665,-0.30498233437538147,31.034215927124023,-9.422281265258789,41.302825927734375,0
1319,13189893,-0.06199789419770241,0.02881379798054695,-0.9765121936798096,-0.2653167247772217,0.02490973100066185,0.2877865135669708,30.8292236328125,-10.206402778625488,40.68238067626953,0
1320,13200337,0.002703947015106678,0.02045644260942936,-0.9995518922805786,-0.6348284482955933,-0.6654742360115051,0.1643434464931488,29.549421310424805,-9.528424263000488,38.67096710205078,0
1321,13210199,0.008451862260699272,0.02149725891649723,-1.0055714845657349,-1.0416330099105835,0.7787572145462036,0.5169994831085205,29.307209014892578,-8.923341751098633,40.56246566772461,0
1322,13220004,0.08960138261318207,0.003177698701620102,-0.9833948016166687,-1.1786741018295288,-0.0024764714762568474,-0.957335889339447,30.147335052490234,-9.273405075073242,40.764163970947266,0
1323,13230177,-0.032930709421634674,-0.041769012808799744,-0.967751145362854,0.11536440253257751,-0.9336299896240234,-0.5114707946777344,29.063386917114258,-10.202752113342285,39.021881103515625,0
1324,13239922,-0.06734111160039902,0.005009787157177925,-1.0255353450775146,-0.43756571412086487,-0.07617031782865524,-0.03244100138545036,29.458595275878906,-8.480984687805176,40.04881286621094,0
1325,13249933,-0.0418599471449852,0.014538852497935295,-0.9819524884223938,-0.6493693590164185,0.5260570049285889,-0.2549537718296051,29.965648651123047,-9.488478660583496,39.820133209228516,0
1326,13259997,-0.04552705958485603,-0.023474907502532005,-0.9813059568405151,0.279969185590744,-0.4072231948375702,-0.371356725692749,28.89606285095215,-9.819723129272461,40.196495056152344,0
1327,13269822,-0.07489939033985138,0.04428171366453171,-0.9784294962882996,0.6400884985923767,-0.01354899536818266,-0.5440887808799744,29.229001998901367,-9.354710578918457,39.56562042236328,0
1328,13279978,0.04711134731769562,-0.00099497742485255,-1.0394237041473389,0.09532109647989273,-0.6966350674629211,-0.27824291586875916,29.679426193237305,-9.544453620910645,40.27349853515625,0
1329,13289749,0.07049544900655746,-0.08788283169269562,-1.018668532371521,-0.8116145730018616,0.32222187519073486,0.3136556148529053,30.919349670410156,-11.276201248168945,40.384674072265625,0
1330,13300211,0.07457251101732254,-0.026395367458462715,-0.992845892906189,0.7820041179656982,-0.5034551024436951,0.44078516960144043,30.69141960144043,-10.185925483703613,39.345298767089844,0
1331,13309807,0.0682077705860138,-0.017550824210047722,-0.9964442253112793,-0.3000906705856323,0.14471350610256195,0.10807670652866364,30.48063850402832,-10.572443962097168,39.646488189697266,0
1332,13319992,-0.10690039396286011,-0.043467115610837936,-1.0226768255233765,-0.3062479496002197,0.19253213703632355,0.8456295132637024,29.220264434814453,-8.649670600891113,39.05744934082031,0
1333,13330167,0.011359061114490032,0.019992981106042862,-1.012055516242981,0.07484745979309082,-0.27442800998687744,-0.2429034411907196,30.102750778198242,-11.372307777404785,39.78973388671875,0
1334,13339900,-0.11026088148355484,-0.019457753747701645,-0.9907811284065247,0.040693119168281555,0.5221523642539978,0.46438539028167725,28.935882568359375,-10.301106452941895,40.761497497558594,0
1335,13349925,0.029847634956240654,-0.013851841911673546,-0.9928074479103088,0.2658993601799011,0.08666610717773438,-0.3612474203109741,30.363248825073242,-9.51145076751709,39.47134017944336,0
1336,13360158,0.02296583354473114,-0.010240892879664898,-1.0009742975234985,-0.2936720848083496,-0.08071886748075485,0.3395592272281647,30.34633445739746,-10.238492965698242,39.09346008300781,0
1337,13369799,0.10077017545700073,0.12556010484695435,-0.997833788394928,0.899870753288269,-0.41132381558418274,-0.4227965772151947,31.028406143188477,-10.52747631072998,40.44154739379883,0
1338,13380038,-0.03708130121231079,-0.06040000542998314,-1.0157227516174316,0.7229767441749573,0.042969074100255966,0.760002076625824,29.799949645996094,-9.837580680847168,37.971397399902344,0
1339,13390011,0.09834277629852295,-0.054026298224925995,-0.9912607073783875,-0.039631448686122894,0.31132033467292786,0.05646022781729698,28.964500427246094,-12.031486511230469,39.98036193847656,0
1340,13399873,0.027218328788876534,-0.022174378857016563,-0.9891982078552246,0.20547759532928467,-0.5013604760169983,0.14521580934524536,30.68498992919922,-10.050836563110352,40.01179885864258,0
1341,13410338,-0.02974068745970726,-0.046963512897491455,-0.9869308471679688,0.06602959334850311,-0.27531930804252625,-0.6440237760543823,30.17249298095703,-10.60629653930664,39.838260650634766,0
1342,13420092,-0.04927457123994827,0.0012109392555430532,-1.0063766241073608,0.36839768290519714,-0.29184821248054504,0.022580977529287338,29.326412200927734,-10.693198204040527,38.75127029418945,0
1343,13430073,0.04555533826351166,-0.05741603299975395,-0.9863635301589966,0.233971506357193,-0.0237387977540493,0.3312809467315674,28.571123123168945,-10.869218826293945,41.7874870300293,0
1344,13439875,-0.019950181245803833,0.05164821073412895,-1.0075567960739136,-0.8668567538261414,-0.0058031040243804455,-0.695155143737793,29.67578125,-8.882414817810059,39.255950927734375,0
1345,13449874,-0.020885048434138298,-0.010022290982306004,-0.976767361164093,0.7657129168510437,-1.0290127992630005,-0.31193533539772034,31.56032371520996,-11.690150260925293,39.654144287109375,0
1346,13459958,0.02444462664425373,-0.027224652469158173,-0.9968294501304626,-0.8507055640220642,0.21289363503456116,-0.19021856784820557,28.036165237426758,-10.712600708007812,39.08175277709961,0
1347,13470304,0.05522394925355911,0.02524193376302719,-0.9729391932487488,-0.3400754928588867,0.7757078409194946,-0.34524279832839966,30.91259002685547,-11.512764930725098,39.292884826660156,0
1348,13480054,0.10851973295211792,-0.04376593977212906,-1.0402699708938599,-0.13154883682727814,0.03245780989527702,-0.22692903876304626,30.996965408325195,-10.033056259155273,41.31416702270508,0
1349,13489946,-0.02095591090619564,-0.007341447751969099,-0.9712086915969849,0.48843732476234436,0.07246961444616318,-0.3024907112121582,30.800081253051758,-8.819219589233398,38.19428253173828,0
1350,13500112,0.0188161451369524,-0.05296501889824867,-0.9830020666122437,-0.21081110835075378,0.8668953776359558,-0.6674718260765076,31.148853302001953,-10.487473487854004,38.69028854370117,0
1351,13510297,-0.012863642536103725,-0.029597235843539238,-0.99012690782547,0.24097445607185364,0.49419188499450684,0.14927540719509125,29.86583709716797,-9.246636390686035,39.61495590209961,0
1352,13520114,-0.016947215422987938,0.019161688163876534,-0.9886329770088196,0.4771929979324341,0.38850119709968567,0.42245039343833923,28.291213989257812,-9.413216590881348,40.93804168701172,0
1353,13529957,-0.0261921938508749,0.07548166066408157,-1.008321762084961,0.4689007103443146,0.5303331017494202,-0.3826668858528137,32.46769332885742,-10.01713752746582,39.544593811035156,0
1354,13539808,0.00604388490319252,0.02131607010960579,-0.9903932213783264,-0.6416757702827454,-0.19376304745674133,-0.011546578258275986,29.89531707763672,-7.609941482543945,40.43599319458008,0
1355,13550294,0.03727937117218971,-0.02807759679853916,-0.9865463972091675,0.20373959839344025,-0.38688603043556213,-0.5682364106178284,30.5662841796875,-9.65417194366455,39.416133880615234,0
1356,13560055,0.035023562610149384,-0.01435095351189375,-1.0033135414123535,0.793006420135498,-0.6169992685317993,-0.6276824474334717,30.257335662841797,-9.488125801086426,38.78057098388672,0
1357,13569997,0.06666015088558197,0.00842165295034647,-0.958566427230835,0.2798146903514862,1.1284918785095215,0.38625064492225647,30.8481388092041,-12.435676574707031,40.382694244384766,0
1358,13579919,0.0005757088656537235,-0.0214123222976923,-1.005454659461975,0.8575459122657776,-0.1083998903632164,0.32641342282295227,30.084115982055664,-10.081825256347656,40.07850646972656,0
1359,13589949,0.013174871914088726,0.16529223322868347,-0.9866791367530823,0.529608428478241,0.7353991270065308,-0.5213608741760254,31.373945236206055,-10.44316577911377,38.92088317871094,0
1360,13600077,0.05249780789017677,0.03979584202170372,-0.9856427907943726,-0.005061562173068523,0.5523119568824768,-1.5193244218826294,30.44624900817871,-9.800158500671387,40.12361145019531,0
1361,13609865,0.051364462822675705,0.07588032633066177,-1.003823161125183,0.45347970724105835,0.22929227352142334,-0.31328853964805603,30.680431365966797,-10.848213195800781,41.340415954589844,0
1362,13619766,-0.02918585203588009,-0.014393369667232037,-0.9867528676986694,0.303682804107666,-0.08333349227905273,0.21883228421211243,31.70522689819336,-8.31807804107666,40.53901672363281,0
1363,13630156,-0.009996664710342884,-0.029755093157291412,-1.0078299045562744,0.7988794445991516,0.1365927755832672,-0.49276915192604065,31.2808780670166,-10.107895851135254,40.56409454345703,0
1364,13640169,0.0668032318353653,-0.030986042693257332,-1.026462435722351,-0.4693833887577057,-0.9298373460769653,-0.14854800701141357,30.986461639404297,-11.420408248901367,40.46205520629883,0
1365,13649830,-0.03444285690784454,0.04479772970080376,-1.0048413276672363,-0.5025804042816162,0.25363028049468994,-0.48849210143089294,30.44007682800293,-11.265581130981445,38.359466552734375,0
1366,13659984,0.01696273684501648,-0.028667006641626358,-0.9780085682868958,-0.28538960218429565,0.375124990940094,0.4703400135040283,30.468605041503906,-10.752801895141602,39.266876220703125,0
1367,13670045,-0.061793625354766846,-0.03577718138694763,-1.0107271671295166,0.9371290802955627,-0.2424555867910385,-0.7354903817176819,29.00958251953125,-10.201061248779297,40.948997497558594,0
1368,13680166,-0.08804936707019806,-0.014147819951176643,-0.9884461164474487,0.19332727789878845,-0.15093648433685303,-0.2816320061683655,30.214277267456055,-11.017471313476562,41.29549789428711,0
1369,13689927,-0.019564976915717125,-0.06103901565074921,-1.0033494234085083,0.41244298219680786,-0.8878214359283447,-1.0941797494888306,28.204511642456055,-10.260082244873047,39.40446472167969,0
1370,13699907,-0.016835955902934074,0.05157943814992905,-1.0025286674499512,-0.1416526883840561,-0.8761124610900879,-0.24553854763507843,29.978343963623047,-8.428305625915527,39.302467346191406,0
1371,13710085,-0.023334158584475517,-0.06861893832683563,-0.9961640238761902,0.5823568105697632,-0.16936543583869934,0.04230460897088051,30.076419830322266,-8.834782600402832,40.136810302734375,0
1372,13719847,-0.052767276763916016,-0.015717443078756332,-1.018902063369751,0.7511488199234009,0.142623633146286,0.6403303146362305,28.624616622924805,-8.902640342712402,40.210914611816406,0
1373,13730081,-0.0015575061552226543,0.027480851858854294,-1.0036284923553467,-0.11137579381465912,-0.46412840485572815,-0.5330456495285034,29.943769454956055,-11.535745620727539,40.097503662109375,0
1374,13739856,-0.04732060804963112,-0.060498014092445374,-0.9927206635475159,-0.28461581468582153,-0.19784240424633026,0.0908161848783493,29.226221084594727,-10.153413772583008,40.442649841308594,0
1375,13749928,-0.0204937681555748,0.00422637490555644,-0.9884757399559021,0.2417745292186737,0.07090263813734055,-0.7387841939926147,29.244787216186523,-9.555130958557129,39.910865783691406,0
1376,13759826,0.0034979721531271935,0.1065162718296051,-0.998714029788971,-0.1295844316482544,0.3902491629123688,-0.40567630529403687,29.501480102539062,-9.846759796142578,39.27912521362305,0
1377,13769885,0.029801106080412865,0.05482030659914017,-0.966895580291748,0.13542017340660095,0.49904778599739075,-0.1338329017162323,29.575904846191406,-9.746603965759277,41.68379592895508,0
1378,13779826,-0.051520783454179764,-0.018710168078541756,-1.043676733970642,-0.1247563511133194,0.08492250740528107,-0.0021099953446537256,27.907791137695312,-9.802486419677734,40.685115814208984,0
1379,13789810,-0.023028625175356865,0.02304171584546566,-1.000994324684143,-0.37560343742370605,-0.6137633919715881,-0.2583296597003937,30.10736656188965,-11.312432289123535,40.38199234008789,0
1380,13799924,-0.07232785224914551,-0.06831147521734238,-1.011157512664795,0.060341060161590576,0.3803218603134155,0.09763588011264801,30.899320602416992,-10.301655769348145,42.27035140991211,0
1381,13810217,-0.04700073227286339,-0.05031933635473251,-1.0329316854476929,0.7645734548568726,0.07637882232666016,0.5291035771369934,29.577404022216797,-10.869155883789062,41.57402801513672,0
1382,13820052,-0.018823381513357162,0.011547572910785675,-0.9887858629226685,-0.08048934489488602,0.29654210805892944,-0.7975114583969116,32.060604095458984,-10.908226013183594,39.68366241455078,0
1383,13829937,-0.08974330127239227,0.007038004696369171,-0.9804283976554871,-0.0353274829685688,0.24686090648174286,-0.3910582363605499,31.058025360107422,-8.89621639251709,41.41341018676758,0
1384,13839806,-0.012729858048260212,-0.039111871272325516,-0.9722399115562439,-0.23653875291347504,0.6369664669036865,-0.24580392241477966,30.020418167114258,-8.939274787902832,40.16084671020508,0
1385,13849868,-0.06871240586042404,-0.008773691020905972,-1.007906436920166,-0.25585678219795227,0.504510760307312,-0.332742303609848,29.2921085357666,-11.382146835327148,40.14649963378906,0
1386,13860057,-0.08345002681016922,0.029380114749073982,-1.0292024612426758,0.5385753512382507,0.28249138593673706,0.5889167785644531,31.872417449951172,-8.4055814743042,42.10869598388672,0
1387,13870276,0.061121441423892975,-0.003094820538535714,-1.0098320245742798,-0.015918033197522163,-0.30571290850639343,-0.13774442672729492,30.129384994506836,-8.868342399597168,39.18510437011719,0
1388,13880074,0.04776380956172943,-0.049328237771987915,-0.9968782663345337,-1.1000646352767944,0.31803080439567566,0.5338627696037292,29.282947540283203,-9.778386116027832,38.886619567871094,0
1389,13889889,-0.05711200460791588,-0.0058893864043056965,-0.9999414682388306,-0.3380279541015625,-0.8025830388069153,0.29515892267227173,29.823375701904297,-9.244549751281738,39.35685348510742,0
1390,13899943,-0.04809214919805527,-0.006502162665128708,-0.9710847735404968,0.27102234959602356,-0.335357666015625,-0.19667848944664001,31.822580337524414,-10.223695755004883,41.00504684448242,0
1391,13910106,-0.07082118839025497,-0.007283109240233898,-1.0077033042907715,0.18455761671066284,0.11957675218582153,0.7281110882759094,29.413911819458008,-10.450431823730469,40.71996307373047,0
1392,13920000,-0.033432189375162125,0.01167640183120966,-0.9994377493858337,0.06376101076602936,-0.1560123711824417,0.9667384624481201,29.885892868041992,-9.489792823791504,39.21846008300781,0
1393,13929959,-0.024413641542196274,-0.03099738620221615,-0.9772096872329712,-0.32888245582580566,0.04737541079521179,-0.24491657316684723,30.20832633972168,-10.99271011352539,41.41287612915039,0
1394,13939857,-0.028673848137259483,-0.010879948735237122,-0.996539831161499,-0.8105114102363586,-0.057034000754356384,-0.36556780338287354,30.616580963134766,-10.908349990844727,41.347415924072266,0
1395,13949755,0.022377626970410347,-0.011057744733989239,-1.02675199508667,0.010004466399550438,0.38959813117980957,-0.1707489937543869,29.814815521240234,-10.702199935913086,39.019134521484375,0
1396,13959895,-0.06199994310736656,0.05446687713265419,-1.0063526630401611,-0.3702969551086426,0.0010143422987312078,0.5297832489013672,30.289779663085938,-10.593790054321289,39.546138763427734,0
1397,13970014,0.021469656378030777,-0.019878584891557693,-0.9948582649230957,-0.756843090057373,-0.40318194031715393,0.8974895477294922,30.21677017211914,-9.671584129333496,40.76704788208008,0
1398,13979769,-0.03402233496308327,-0.014252200722694397,-0.9840370416641235,0.053866274654865265,0.056273482739925385,0.1564481109380722,29.481489181518555,-10.465710639953613,39.38621520996094,0
1399,13990480,-0.06315677613019943,-0.06508553773164749,-1.0265692472457886,-0.3487154245376587,-0.06927907466888428,0.504616916179657,31.271446228027344,-9.940062522888184,40.56252670288086,0
1400,14000267,-0.02170388586819172,-0.12472467869520187,-1.036293864250183,0.2457655370235443,0.345996618270874,0.04043196514248848,31.396854400634766,-9.324731826782227,41.58768081665039,0
1401,14010167,-0.036221131682395935,0.019881881773471832,-1.0085930824279785,0.017087439075112343,0.751239538192749,-0.21609723567962646,30.196157455444336,-11.558098793029785,38.912864685058594,0
1402,14019929,-0.07515814155340195,0.001116923987865448,-1.0150443315505981,-0.7168723344802856,-0.13045349717140198,-0.2802954912185669,29.702390670776367,-7.704468727111816,40.22004318237305,0
1403,14029716,0.04659075289964676,-0.002664790488779545,-0.998976469039917,0.3398836553096771,0.7768221497535706,-0.871023416519165,29.121294021606445,-9.247902870178223,39.68440246582031,0
1404,14040156,-0.022510403767228127,-0.07775704562664032,-1.0024597644805908,-0.17761816084384918,-0.10406719893217087,0.07100696116685867,29.232728958129883,-8.619319915771484,39.916404724121094,0
1405,14050127,0.001420126762241125,0.03616289794445038,-1.0236279964447021,0.20114465057849884,-0.35822027921676636,0.12384293973445892,29.213197708129883,-9.433219909667969,41.07726287841797,0
1406,14060009,0.09395396709442139,-0.017349373549222946,-1.0026679039001465,1.3436706066131592,-0.1462525576353073,-0.32750096917152405,28.305221557617188,-10.01274299621582,41.62031555175781,0
1407,14069888,-0.028902264311909676,-0.1186583936214447,-0.9889494776725769,0.6819806098937988,0.3045065104961395,0.17888030409812927,29.300626754760742,-10.178008079528809,39.61371612548828,0
1408,14079936,-0.06497412174940109,0.0066421846859157085,-0.9833616614341736,-0.8826988339424133,1.3290529251098633,0.058697376400232315,29.732973098754883,-9.079079627990723,40.11815643310547,0
1409,14090059,-0.04602457582950592,-0.011031952686607838,-1.0154404640197754,0.725395917892456,-0.14359618723392487,-0.21365314722061157,29.270023345947266,-11.380462646484375,40.01324462890625,0
1410,14099925,-0.07459746301174164,-0.017652247101068497,-1.0277820825576782,-0.5876159071922302,-1.159765601158142,0.08360283821821213,30.59220314025879,-9.817225456237793,39.90250778198242,0
1411,14110070,0.0934758186340332,-0.036118391901254654,-1.017444372177124,0.2242187112569809,0.07645858824253082,-0.15948370099067688,30.541337966918945,-11.145106315612793,39.40129089355469,0
1412,14119924,0.0387146957218647,8.701715705683455e-05,-0.9590933918952942,-0.37264809012413025,0.6440503597259521,-0.08959832042455673,31.514041900634766,-10.421915054321289,41.65238952636719,0
1413,14129952,-0.006030200514942408,-0.018974609673023224,-1.0371668338775635,0.8447796702384949,-0.02729722298681736,-0.15679825842380524,30.56050682067871,-10.212955474853516,39.30411911010742,0
1414,14139762,0.08053851127624512,0.04722047597169876,-1.0060547590255737,-0.36071106791496277,0.029685337096452713,-0.4962305426597595,31.283273696899414,-10.064969062805176,40.50807189941406,0
1415,14149928,-0.03797028958797455,-0.07049301266670227,-0.993880033493042,-0.34006285667419434,0.4454062283039093,-0.08933229744434357,30.821481704711914,-11.027795791625977,39.50886917114258,0
1416,14159858,0.10122720152139664,0.029649779200553894,-0.9941221475601196,0.09649763256311417,0.07544117420911789,0.8953458666801453,28.52428436279297,-10.496737480163574,38.965126037597656,0
1417,14170092,0.02061716839671135,-0.06616947799921036,-1.015684962272644,-0.9702847599983215,0.005726299714297056,-0.25761672854423523,30.131011962890625,-9.79971981048584,38.61472702026367,0
1418,14179862,0.025152817368507385,0.087079718708992,-1.0040998458862305,-0.01456739567220211,0.21840986609458923,0.2857542634010315,32.73767852783203,-9.358942985534668,39.01767349243164,0
1419,14189784,-0.0638383999466896,0.004864124581217766,-0.9895254969596863,-0.20386384427547455,0.6772612929344177,0.6005670428276062,30.806285858154297,-9.750163078308105,40.84979248046875,0
1420,14200135,-0.028197402134537697,0.031071744859218597,-1.041346549987793,-0.8280566334724426,-0.6675006747245789,0.7690532207489014,28.058475494384766,-9.895576477050781,40.840919494628906,0
1421,14210214,0.06897091865539551,0.055371519178152084,-0.999485969543457,0.9639697670936584,-0.24788859486579895,1.0673764944076538,30.014631271362305,-8.98816204071045,41.79597854614258,0
1422,14219901,0.03753560781478882,-0.023999810218811035,-0.9913725256919861,-0.5469030141830444,-0.0894848182797432,1.8746724128723145,29.23286247253418,-9.517038345336914,39.486751556396484,0
1423,14230234,-0.022439703345298767,-0.026936672627925873,-0.9913160800933838,0.5860671997070312,-0.6451491713523865,-0.2914361357688904,32.84467315673828,-8.669941902160645,38.57781982421875,0
1424,14240073,-0.0775749683380127,-0.0021616127341985703,-1.0017744302749634,-0.11481069028377533,0.4616922438144684,0.4768518805503845,31.711774826049805,-10.642532348632812,39.954627990722656,0
1425,14249796,0.04045834392309189,0.04035242274403572,-0.994482696056366,-0.879109799861908,-0.4554046392440796,0.31595107913017273,30.641881942749023,-11.285634994506836,39.89209747314453,0
1426,14259778,-0.03317205607891083,-0.060031864792108536,-0.9985015392303467,-0.2803055942058563,0.26802799105644226,-0.2970266044139862,29.490036010742188,-7.894454002380371,40.74048614501953,0
1427,14270003,0.05670861527323723,-0.05307890102267265,-1.0245561599731445,-0.1239239051938057,0.4514186680316925,0.4864625334739685,28.654489517211914,-10.366249084472656,40.774410247802734,0
1428,14279932,-0.044928282499313354,-0.03696036711335182,-0.9420956969261169,-0.7460601329803467,-0.11310146003961563,-0.26876911520957947,32.012779235839844,-10.66275691986084,39.45393371582031,0
1429,14290166,0.045183148235082626,0.03715961426496506,-0.9929370880126953,0.236505389213562,-0.17959485948085785,-0.06411711871623993,31.534929275512695,-10.807717323303223,39.78852844238281,0
1430,14300122,-0.025945622473955154,0.021446771919727325,-0.9894376397132874,0.4086006283760071,-0.5152327418327332,-0.7770411968231201,29.76548957824707,-9.796781539916992,39.251380920410156,0
1431,14310031,-0.07424720376729965,0.1124502420425415,-0.9939692616462708,-0.2581447958946228,-0.11451458185911179,-0.6504625082015991,29.974008560180664,-8.95301342010498,39.787567138671875,0
1432,14320119,-0.020238911733031273,0.05571391060948372,-0.9986609816551208,1.4101859331130981,0.5931885838508606,-0.6074802875518799,30.150781631469727,-10.705185890197754,39.55667495727539,0
1433,14330388,-0.013389497995376587,0.012022825889289379,-0.9776171445846558,-0.3814851939678192,0.3456982374191284,0.4930606782436371,29.170663833618164,-11.035186767578125,39.5356330871582,0
1434,14340077,-0.028354667127132416,0.10759623348712921,-0.9916675686836243,-0.033169202506542206,0.0057131084613502026,0.7493730187416077,30.90871238708496,-8.58764362335205,40.76150894165039,0
1435,14350354,-0.01950559765100479,0.03619975969195366,-0.9801986813545227,-1.0572700500488281,0.08932967483997345,0.4014209508895874,27.351306915283203,-8.693703651428223,38.55120849609375,0
1436,14359986,0.09793103486299515,0.029209250584244728,-1.0058282613754272,1.037481427192688,-1.1269749402999878,0.2833869159221649,30.36017608642578,-11.138060569763184,43.0051155090332,0
1437,14369974,0.034851547330617905,0.011510533280670643,-1.0092414617538452,0.0570266917347908,-0.2189410924911499,-0.15153470635414124,29.704238891601562,-10.014315605163574,41.38013458251953,0
1438,14379986,-0.06266821175813675,0.11634370684623718,-0.9913315176963806,-0.1666148453950882,-0.10544343292713165,0.37718015909194946,30.390201568603516,-10.823566436767578,38.82841110229492,0
1439,14390207,-0.13567505776882172,0.11983143538236618,-0.9749048352241516,-0.08181808888912201,0.022272685542702675,0.2284581959247589,31.67041778564453,-9.336421012878418,42.65947723388672,0
1440,14399941,0.10285539925098419,0.008706226944923401,-1.0276869535446167,0.3719416856765747,0.2700746953487396,-0.1130891740322113,29.547550201416016,-9.310235977172852,38.43345642089844,0
1441,14409911,0.03137506544589996,0.033648304641246796,-1.0052096843719482,-0.741112232208252,-0.7429002523422241,-0.4032478630542755,29.13609504699707,-11.276949882507324,40.13404083251953,0
1442,14420035,0.10288674384355545,0.030522074550390244,-1.0028274059295654,1.2611875534057617,-0.1103389635682106,-0.6634159684181213,29.261934280395508,-9.282559394836426,39.32988357543945,0
1443,14430203,0.04493934288620949,-0.041108716279268265,-0.9857625961303711,-0.0008887273725122213,0.4304524064064026,0.6159001588821411,30.895984649658203,-10.188748359680176,41.148712158203125,0
1444,14440085,0.1114642471075058,0.0017219887813553214,-1.0320379734039307,-0.5906960368156433,-0.6851493120193481,0.5668262243270874,30.72752571105957,-10.700826644897461,39.753841400146484,0
1445,14449886,0.022793225944042206,-0.012767727486789227,-0.9903691411018372,-0.32004988193511963,-0.18150730431079865,0.3196336627006531,30.770414352416992,-8.77206802368164,39.42949676513672,0
1446,14460180,-0.022027909755706787,0.05731524899601936,-0.9946985840797424,-0.2220880091190338,-0.08694978058338165,0.059033576399087906,31.569137573242188,-10.579527854919434,41.978271484375,0
1447,14469921,-0.0022388657089322805,-0.062189310789108276,-0.998182475566864,1.0243009328842163,0.08395418524742126,0.12828251719474792,30.577890396118164,-11.047253608703613,39.648311614990234,0
1448,14479940,-0.032979484647512436,0.018758244812488556,-1.0126897096633911,-0.10545243322849274,0.09053768962621689,-0.6890766620635986,28.51317596435547,-10.187027931213379,39.258750915527344,0
1449,14489948,0.003006760496646166,0.047085318714380264,-0.987698495388031,-0.33295929431915283,0.6451728343963623,-0.5536156892776489,29.819679260253906,-11.407325744628906,40.1248893737793,0
1450,14499956,0.12536273896694183,-0.09230408072471619,-0.9599650502204895,-0.3044852912425995,1.0209397077560425,0.037184085696935654,28.686731338500977,-11.812833786010742,40.26039123535156,0
1451,14510042,0.1617937684059143,-0.02534954622387886,-1.0126879215240479,0.570659339427948,0.1666218787431717,-0.8354546427726746,29.555355072021484,-10.54046630859375,40.654666900634766,0
1452,14519945,-0.0033818671945482492,0.07457920908927917,-0.9958515763282776,-0.32984688878059387,0.36213281750679016,-0.5387960076332092,29.945375442504883,-10.791738510131836,39.685890197753906,0
1453,14529743,0.020004883408546448,-0.031188352033495903,-0.9724211096763611,0.410199910402298,-0.7363424897193909,0.4375573694705963,28.86158561706543,-10.927301406860352,40.561004638671875,0
1454,14539965,-0.02146483212709427,0.008337744511663914,-0.9581319093704224,-0.09334513545036316,0.26430636644363403,-0.41830193996429443,28.891555786132812,-9.656478881835938,40.899505615234375,0
1455,14549913,0.03358045965433121,-0.094500832259655,-0.982986569404602,1.0877851247787476,0.3535189926624298,0.43621155619621277,29.65611457824707,-11.071640968322754,39.79130172729492,0
1456,14559784,0.09119953960180283,0.0388638898730278,-0.9991810917854309,-0.005804999731481075,0.751675546169281,-0.014079918153584003,28.3536376953125,-10.073204040527344,40.533958435058594,0
1457,14569997,-0.08708793669939041,-0.07857784628868103,-0.9736236333847046,0.3745724558830261,0.17003382742404938,-0.3021473288536072,30.15842628479004,-11.172186851501465,41.408851623535156,0
1458,14580177,0.004453692119568586,-0.012199711054563522,-1.0084632635116577,0.6777611970901489,0.1905241161584854,-0.08652935922145844,29.483827590942383,-9.998533248901367,40.29812240600586,0
1459,14589987,0.028980499133467674,0.03661249950528145,-1.0006791353225708,-0.08254588395357132,-0.10203762352466583,0.26670894026756287,29.444015502929688,-10.195385932922363,39.68895721435547,0
1460,14599976,0.05069563910365105,0.10771812498569489,-1.0039559602737427,0.5878695249557495,0.5046530961990356,-0.3013547956943512,31.27140998840332,-9.38381576538086,40.63499450683594,0
1461,14610065,-0.023206107318401337,0.03691999614238739,-0.9879169464111328,0.8593619465827942,-0.1818143129348755,-0.9693225026130676,29.82344627380371,-10.48741340637207,40.89708709716797,0
1462,14620096,-0.09756992757320404,-0.036491759121418,-0.9667335748672485,-0.34836241602897644,-0.23606278002262115,0.3352699279785156,30.456830978393555,-8.744155883789062,38.93761444091797,0
1463,14629880,0.01756696030497551,-0.004749840125441551,-0.9779812693595886,-0.09321258217096329,0.8884864449501038,-0.22508592903614044,30.100784301757812,-10.813119888305664,41.5380973815918,0
1464,14640082,0.005558358505368233,-0.03454988822340965,-1.0104544162750244,0.5196409821510315,-0.12216312438249588,-0.24005544185638428,30.900327682495117,-9.975500106811523,39.819068908691406,0
1465,14650114,0.11861700564622879,0.01613328978419304,-1.0383013486862183,-0.4128051698207855,-0.044686753302812576,0.6107602119445801,31.497928619384766,-8.375855445861816,40.22343063354492,0
1466,14659869,0.03140184283256531,0.016936372965574265,-0.9943584203720093,-0.8105359673500061,-0.13338877260684967,-0.1154981479048729,29.499162673950195,-9.727639198303223,40.91351318359375,0
1467,14669936,0.04600125178694725,0.0045864880084991455,-0.9750343561172485,0.3524238169193268,0.2828594148159027,-0.05784015357494354,31.604997634887695,-9.662948608398438,41.22782897949219,0
1468,14679801,0.015855345875024796,0.0177842415869236,-1.0087227821350098,0.7149055004119873,-0.020041853189468384,1.3817856311798096,31.10980224609375,-10.530033111572266,38.43070602416992,0
1469,14689653,-0.028594890609383583,0.05999954417347908,-0.9865624904632568,-0.25676020979881287,0.5012844800949097,-0.7737622857093811,28.60279655456543,-8.608002662658691,41.193115234375,0
1470,14699842,-0.10018177330493927,-0.017007404938340187,-0.9777079224586487,-0.8122776746749878,0.2885017991065979,0.348554790019989,30.206510543823242,-9.14440631866455,38.14017868041992,0
1471,14710280,0.03156121075153351,-0.008258331567049026,-1.003762125968933,0.41816380620002747,-0.07207164168357849,0.10075774043798447,28.76656150817871,-11.000944137573242,40.20415115356445,0
1472,14719899,0.024088192731142044,-0.04151154309511185,-0.995529055595398,-0.06364593654870987,0.32017526030540466,-0.16057652235031128,30.4006290435791,-9.667035102844238,39.91073989868164,0
1473,14729948,0.018902016803622246,0.02532954327762127,-1.0202338695526123,0.26515281200408936,0.44270893931388855,0.05436297506093979,30.058349609375,-8.820564270019531,41.448516845703125,0
1474,14739724,0.06617394089698792,0.0650634691119194,-0.9816511869430542,-0.22170548141002655,-1.198258399963379,-0.08720964193344116,29.56905174255371,-9.048027992248535,40.33985137939453,0
1475,14749586,0.08346911519765854,-0.027468014508485794,-0.9978933334350586,0.06179958954453468,0.4821780323982239,0.2110978662967682,30.99664878845215,-8.049661636352539,40.824886322021484,0
1476,14760157,-0.011064896360039711,-0.09008632600307465,-0.9985657334327698,-0.20798344910144806,0.25685590505599976,0.33718782663345337,29.47503662109375,-10.225886344909668,39.36996841430664,0
1477,14770101,-0.02187282033264637,-0.06467792391777039,-1.0055042505264282,0.061656564474105835,0.6159522533416748,-0.2005627155303955,30.36133575439453,-10.858634948730469,39.47055435180664,0
1478,14779834,-0.023042019456624985,-0.018286410719156265,-1.018195390701294,-0.6708692312240601,0.04904378205537796,0.21143418550491333,31.022159576416016,-11.63807487487793,40.82072067260742,0
1479,14789875,0.011392546817660332,0.05261687561869621,-0.9837831258773804,0.4961431622505188,0.13179251551628113,0.16624046862125397,28.0274600982666,-12.066398620605469,39.6945686340332,0
1480,14800032,-0.05933889374136925,0.09525875747203827,-1.013900876045227,-0.10469964146614075,-0.511911928653717,-0.3946931064128876,30.3262939453125,-9.696782112121582,37.855934143066406,0
1481,14809896,-0.001396693754941225,-0.024393627420067787,-1.0232393741607666,0.05260097607970238,-0.1318860948085785,-0.23865288496017456,28.519886016845703,-9.549189567565918,40.07109832763672,0
1482,14819802,0.012897518463432789,-0.009437626227736473,-0.9623165130615234,-0.21665112674236298,1.0089257955551147,-0.21699215471744537,29.939687728881836,-10.466595649719238,39.26730728149414,0
1483,14830182,0.018481148406863213,-0.027028344571590424,-1.0268433094024658,-1.1928400993347168,-1.2053505182266235,-0.8922104835510254,30.092546463012695,-9.941205024719238,39.10894775390625,0
1484,14840201,-0.005913746543228626,0.005635772366076708,-0.9813738465309143,-0.1970323920249939,-0.38181832432746887,0.27666160464286804,30.350492477416992,-9.50468921661377,39.77849197387695,0
1485,14850039,-0.007224852219223976,0.016400953754782677,-1.0093626976013184,0.6423958539962769,0.5691390037536621,-0.38132989406585693,30.004541397094727,-8.789243698120117,39.62791442871094,0
1486,14860275,0.04414491727948189,0.021938921883702278,-0.9992948770523071,0.438476026058197,-0.8716235756874084,-0.1903224140405655,28.89244842529297,-9.888830184936523,40.995880126953125,0
1487,14869968,-0.0068688471801579,0.03631392866373062,-0.9937754273414612,-0.05104865878820419,0.8386576771736145,0.02833007648587227,28.882217407226562,-12.017607688903809,39.91865158081055,0
1488,14880064,-0.05115580931305885,-0.04123999923467636,-0.9847475290298462,-0.5829005837440491,-0.37116292119026184,-0.04940158128738403,29.91706657409668,-10.51844310760498,41.97737503051758,0
1489,14889794,-0.026542650535702705,-0.008039926178753376,-0.9841641187667847,0.6656487584114075,-0.5957697629928589,-0.5080286264419556,29.366092681884766,-8.45163631439209,38.98793411254883,0
1490,14899929,0.05612097680568695,0.050901636481285095,-1.0138098001480103,-0.4978633224964142,-0.11695266515016556,-0.2885289788246155,31.22905921936035,-10.810647964477539,38.273109436035156,0
1491,14910125,0.014044764451682568,0.06887227296829224,-0.9995055198669434,0.20712454617023468,-0.2893715798854828,-0.13037224113941193,31.028961181640625,-8.807656288146973,40.346641540527344,0
1492,14920084,-0.04219359904527664,0.021170785650610924,-0.9792290329933167,0.611962616443634,0.19806654751300812,-0.4859829246997833,30.536808013916016,-9.005224227905273,40.61842346191406,0
1493,14929773,-0.03145955130457878,-0.003387654200196266,-0.991401195526123,0.9199244379997253,0.3487282991409302,0.17719317972660065,29.887657165527344,-9.010177612304688,39.49741744995117,0
1494,14939979,0.02388972043991089,-0.00911091547459364,-1.017310380935669,-0.21449218690395355,-0.6399924159049988,0.6572263240814209,31.033252716064453,-9.146087646484375,40.04775619506836,0
1495,14949946,0.047882601618766785,0.04062238708138466,-1.0244330167770386,0.1381290853023529,0.44848501682281494,0.20846663415431976,31.389795303344727,-9.353111267089844,38.61675262451172,0
1496,14959814,-0.08511298149824142,-0.0034152038861066103,-0.9901017546653748,0.19677388668060303,0.05525067076086998,-0.5957415699958801,30.44710350036621,-9.463878631591797,38.28102493286133,0
1497,14970004,0.014566806145012379,0.042372677475214005,-1.0185930728912354,-0.7449578642845154,0.8257113099098206,0.295511931180954,30.95170783996582,-9.925597190856934,38.980804443359375,0
1498,14980054,-7.905164966359735e-05,0.044087398797273636,-1.0119149684906006,0.1812502145767212,0.48178884387016296,-0.7725372314453125,29.88665199279785,-10.653722763061523,40.84670639038086,0
1499,14989836,-0.010143707506358624,0.033740635961294174,-1.0087846517562866,-0.26767465472221375,0.2596324682235718,-0.7388370037078857,30.708553314208984,-12.089184761047363,40.76190185546875,0
1500,15000136,0.02369547076523304,-0.030789345502853394,-0.9861725568771362,-0.38734084367752075,0.656926691532135,-0.21473988890647888,28.347097396850586,-10.553071022033691,38.429359436035156,0
1501,15009750,0.031751327216625214,-0.004134363029152155,-0.9920215010643005,-0.21541185677051544,0.3357514441013336,-0.6075538396835327,29.1574649810791,-10.25338363647461,38.96997833251953,0
1502,15020005,-0.01615690253674984,0.027409745380282402,-1.0205157995224,-0.16235588490962982,-0.589984118938446,0.019349999725818634,28.14778709411621,-9.904837608337402,39.32426834106445,0
1503,15029926,-0.03730068355798721,0.07434281706809998,-1.0481523275375366,0.5570756196975708,0.03860427811741829,-0.26217955350875854,28.16110610961914,-9.371280670166016,40.019832611083984,0
1504,15040137,-0.06074090674519539,0.08662819117307663,-0.990464448928833,0.19277916848659515,0.1078793853521347,0.3706803023815155,29.50946044921875,-8.914655685424805,39.82503890991211,0
1505,15049981,-0.01440200675278902,-0.060119789093732834,-1.0039587020874023,-0.3163945972919464,-0.23681309819221497,-0.012785155326128006,30.74584197998047,-10.043768882751465,39.98084259033203,0
1506,15059840,0.09493080526590347,0.003248755820095539,-0.998042643070221,0.6196430921554565,-0.41592085361480713,0.3851226568222046,31.086469650268555,-11.614601135253906,39.15827560424805,0
1507,15069944,-0.10795396566390991,-0.02860022708773613,-0.9956872463226318,-0.5981637835502625,0.13412593305110931,-0.11395024508237839,30.519746780395508,-10.189502716064453,40.613521575927734,0
1508,15079885,-0.06928166002035141,0.026930522173643112,-0.9733876585960388,0.6261820197105408,-0.8539118766784668,0.927801251411438,30.337528228759766,-9.395391464233398,40.39686584472656,0
1509,15090106,-0.02007962577044964,0.10767754912376404,-0.996085524559021,0.1221722662448883,0.4081292748451233,-0.29795199632644653,31.94675064086914,-10.750576972961426,39.91817092895508,0
1510,15099891,0.09367500245571136,0.01750248484313488,-1.0135791301727295,-0.4964674413204193,-0.19075357913970947,-0.4695722758769989,32.910980224609375,-9.12913703918457,40.00541687011719,0
1511,15110095,0.04514380916953087,0.07084020972251892,-1.0118807554244995,-0.43365609645843506,-0.1978248953819275,1.0165629386901855,30.690471649169922,-9.840961456298828,40.49569320678711,0
1512,15119796,-0.04279834404587746,0.02271304652094841,-1.002140998840332,0.18976327776908875,1.0033916234970093,-0.6222178936004639,30.262609481811523,-9.431523323059082,39.767417907714844,0
1513,15130278,-0.009664530865848064,-0.10575954616069794,-0.9827349781990051,-0.10442672669887543,-0.37377244234085083,0.6047776937484741,29.182483673095703,-9.6400146484375,40.83240509033203,0
1514,15139910,-0.04741907864809036,0.00708941463381052,-0.9862897396087646,-0.5664028525352478,-0.07837513834238052,0.5475147366523743,31.100921630859375,-10.546415328979492,39.74827575683594,0
1515,15149982,0.027135545387864113,0.012675242498517036,-1.005054235458374,-0.17370213568210602,0.27157512307167053,-0.538033127784729,29.569204330444336,-12.022398948669434,39.72810363769531,0
1516,15160003,-0.02309058979153633,-0.062522292137146,-1.0227768421173096,0.14582999050617218,-0.2859248220920563,0.2632625102996826,29.891761779785156,-9.876121520996094,41.79098129272461,0
1517,15169709,-0.05910306051373482,0.012003587558865547,-1.009907603263855,0.6391306519508362,0.4390086531639099,0.7855173945426941,30.44374656677246,-9.15145206451416,39.72334289550781,0
1518,15179998,0.07450754195451736,0.009413096122443676,-0.9971529841423035,-0.7507426142692566,0.967464804649353,0.23498477041721344,29.918989181518555,-9.928553581237793,40.54631423950195,0
1519,15189900,0.008669020608067513,-0.07584894448518753,-1.0127758979797363,-0.5697078108787537,0.14029191434383392,-0.38484621047973633,30.80034828186035,-8.653521537780762,38.38978958129883,0
1520,15199954,0.044882651418447495,0.03446030989289284,-0.9762786030769348,0.2155648171901703,0.08177412301301956,-0.3466522991657257,29.14630126953125,-10.600630760192871,38.59053421020508,0
1521,15210146,0.04683034494519234,0.028416572138667107,-0.9775084257125854,-0.08907566219568253,-1.0528749227523804,0.3013312518596649,29.49942970275879,-9.44581127166748,39.00357437133789,0
1522,15219719,0.06822098791599274,0.018241465091705322,-0.9532915949821472,0.43459367752075195,-0.1657213568687439,-0.13101522624492645,30.16617202758789,-10.813584327697754,39.40217590332031,0
1523,15229941,-0.04347697272896767,-0.021298788487911224,-0.9847902059555054,-0.515660285949707,0.24843552708625793,-0.8677007555961609,29.280391693115234,-9.501800537109375,41.29267883300781,0
1524,15239829,0.03287507966160774,0.010207422077655792,-0.9656974673271179,-0.6991159319877625,0.6959453821182251,0.26383283734321594,31.814743041992188,-9.333866119384766,38.54349899291992,0
1525,15249985,-0.0460648313164711,0.02602485381066799,-0.9729142189025879,0.5943663716316223,-0.1651490330696106,0.21977224946022034,30.11187171936035,-10.416006088256836,39.81960678100586,0
1526,15259999,0.025470659136772156,0.027782760560512543,-0.9854444265365601,0.3154357969760895,0.20177742838859558,0.8012570142745972,28.734331130981445,-8.938492774963379,39.75545120239258,0
1527,15269902,0.01901630312204361,0.005550361704081297,-1.012480616569519,-1.2660343647003174,0.19456647336483002,-0.3307763636112213,31.130756378173828,-11.690340042114258,40.778507232666016,0
1528,15280042,-0.07519606500864029,-0.028107641264796257,-1.0077219009399414,-1.0500773191452026,0.21049846708774567,-0.1020040512084961,31.608022689819336,-9.214868545532227,40.5271110534668,0
1529,15289765,-0.047884222120046616,0.02835654467344284,-1.0005344152450562,-0.18573454022407532,-0.6103746294975281,0.5856385827064514,29.633115768432617,-9.779476165771484,38.609989166259766,0
1530,15300194,-0.06257577985525131,0.04320157319307327,-0.9961302876472473,0.09514666348695755,-0.12801165878772736,0.15448492765426636,29.909927368164062,-10.036133766174316,39.344669342041016,0
1531,15309989,0.08097337931394577,0.0419921949505806,-1.0047417879104614,0.21452906727790833,0.39299747347831726,-0.10989274829626083,29.57917022705078,-9.389164924621582,40.064754486083984,0
1532,15320140,-0.07006889581680298,-0.006948063150048256,-0.9826493263244629,-0.5694031119346619,-0.768562912940979,-0.24632705748081207,30.895238876342773,-10.422196388244629,39.979793548583984,0
1533,15329909,0.0012832017382606864,0.03002217598259449,-0.9906169772148132,-0.3842010498046875,0.4118066728115082,0.42177537083625793,30.435731887817383,-10.701318740844727,40.99662780761719,0
1534,15340260,0.015524551272392273,-0.00279940664768219,-1.0265685319900513,-0.22354400157928467,-1.9296174049377441,0.12975099682807922,29.92706871032715,-9.652392387390137,40.14652633666992,0
1535,15350046,0.010808347724378109,-0.024123629555106163,-0.9720447659492493,-0.3510601818561554,-0.5455108880996704,-0.12089134752750397,29.890745162963867,-9.82137680053711,40.27839279174805,0
1536,15359973,0.015562114305794239,0.041556522250175476,-1.0041147470474243,-0.2634914815425873,-0.2818984389305115,-0.0540018267929554,29.886306762695312,-10.348699569702148,39.63102722167969,0
1537,15370050,-0.06981021910905838,-0.0024650339037179947,-1.0186175107955933,-0.4223216474056244,0.960468053817749,0.02973475679755211,29.600433349609375,-10.698321342468262,41.22272872924805,0
1538,15380152,-0.07868025451898575,-0.027173088863492012,-0.9997432827949524,-0.7821094393730164,-0.48033607006073,-0.5432411432266235,29.272884368896484,-8.72087287902832,38.85893249511719,0
1539,15390188,0.013493974693119526,-0.015580295585095882,-0.9931933283805847,-0.10965036600828171,0.3537856936454773,0.2296890765428543,28.99506950378418,-9.277351379394531,40.24036407470703,0
1540,15399905,-0.10078378021717072,-0.06823886930942535,-1.01117742061615,0.08771909773349762,-0.7254471778869629,-0.08978500217199326,31.941682815551758,-11.54473876953125,40.42913818359375,0
1541,15410005,0.02878778800368309,0.04758685827255249,-0.9935777187347412,-0.8842239379882812,0.42367029190063477,0.8450029492378235,30.713977813720703,-11.024044036865234,41.92640686035156,0
1542,15420158,-0.023221438750624657,0.020564768463373184,-0.9961916208267212,0.3532502353191376,0.24208633601665497,-0.13930141925811768,30.94837188720703,-10.296507835388184,40.1426887512207,0
1543,15429989,-0.07956869155168533,-0.038843072950839996,-1.011672019958496,0.1527295559644699,-0.10832510143518448,0.005375453270971775,29.264434814453125,-11.795167922973633,38.94356155395508,0
1544,15439944,-0.02397087775170803,0.05869009718298912,-0.9682983160018921,-0.17866665124893188,-0.4322677254676819,0.4956270754337311,28.255226135253906,-8.692089080810547,38.92477798461914,0
1545,15449778,-0.05410197749733925,-0.022626902908086777,-1.0488414764404297,0.30544835329055786,-0.47317612171173096,0.13886454701423645,31.295202255249023,-12.415369987487793,38.88663101196289,0
1546,15459942,-0.01326009538024664,-0.011773914098739624,-1.0332765579223633,0.6318061351776123,-0.29468777775764465,-0.14207005500793457,31.11044692993164,-9.343389511108398,40.19994354248047,0
1547,15469926,-0.03780447319149971,0.039691049605607986,-1.033950686454773,-0.7466620802879333,-0.4660320281982422,-0.4100256860256195,29.918447494506836,-9.86182975769043,38.847999572753906,0
1548,15479839,0.02171381749212742,-0.029054775834083557,-1.0252083539962769,0.8034760355949402,-1.4540674686431885,0.4307999312877655,30.955820083618164,-9.002652168273926,40.547794342041016,0
1549,15490341,-0.027533451095223427,0.005400064401328564,-0.9906914830207825,-0.26987382769584656,-0.5614979267120361,0.25467774271965027,29.97435188293457,-10.981623649597168,37.860164642333984,0
1550,15499977,-0.05474172160029411,-0.009069578722119331,-1.0123817920684814,0.4935115575790405,0.25248289108276367,0.03695973753929138,29.65936279296875,-9.0906982421875,40.733951568603516,0
1551,15509825,-0.007479012478142977,0.07105401158332825,-1.0069737434387207,0.010591801255941391,-0.4646764099597931,-0.40729114413261414,31.502220153808594,-9.368077278137207,42.92793273925781,0
1552,15519785,0.06551612168550491,-0.05201248079538345,-1.041569471359253,0.22568917274475098,0.09291441738605499,-0.8927066326141357,29.85175895690918,-10.999473571777344,39.769290924072266,0
1553,15529900,0.030466871336102486,-0.006418210454285145,-1.0273946523666382,0.48875918984413147,-0.19440653920173645,-1.0666108131408691,30.347320556640625,-10.430538177490234,39.40951156616211,0
1554,15539864,0.036103688180446625,0.01632399670779705,-0.9813025593757629,0.31739476323127747,0.24137242138385773,0.04825202375650406,29.776844024658203,-10.471315383911133,38.89433670043945,0
1555,15550031,-0.015934228897094727,-0.0108418557792902,-1.0001330375671387,-0.31076499819755554,0.3422984778881073,0.8013008236885071,28.749847412109375,-8.051822662353516,41.942989349365234,0
1556,15560010,0.014889070764183998,0.034887418150901794,-0.9893916845321655,-0.2506825625896454,0.9584771990776062,-0.12741678953170776,29.560848236083984,-10.788814544677734,37.79448699951172,0
1557,15570069,-0.024233894422650337,-0.000923628977034241,-0.9965890645980835,0.39576512575149536,0.2871571183204651,0.07628133893013,29.381942749023438,-11.064804077148438,41.37743377685547,0
1558,15579986,0.02239244431257248,0.0064041633158922195,-0.9620980024337769,-0.2927137017250061,0.4700782597064972,0.6291111707687378,29.990074157714844,-11.244616508483887,38.99578094482422,0
1559,15590142,-0.03394227474927902,0.0005593497771769762,-1.0162168741226196,0.12087195366621017,-0.5550369024276733,-0.8074260354042053,29.028766632080078,-9.984626770019531,40.409271240234375,0
1560,15599640,-0.04425857588648796,0.03332386910915375,-1.0329550504684448,1.0213508605957031,0.06044904515147209,1.1869717836380005,29.509559631347656,-9.792757034301758,41.00328063964844,0
1561,15609992,-0.060830824077129364,0.04422016441822052,-1.0102838277816772,0.6540963649749756,-0.4657074809074402,0.31126296520233154,29.437686920166016,-10.818707466125488,38.44438934326172,0
1562,15619833,0.05150046572089195,-0.044556550681591034,-1.0410958528518677,-1.124534249305725,-0.3713435232639313,-0.7324523329734802,29.029333114624023,-10.48160457611084,40.05839157104492,0
1563,15630065,0.004831002093851566,0.031045736744999886,-0.9780296087265015,0.6994819045066833,-0.3490647077560425,0.7149599194526672,30.281999588012695,-8.404194831848145,39.73105239868164,0
1564,15639957,-0.034600239247083664,-0.045115720480680466,-1.0325803756713867,-0.04940778762102127,0.17890703678131104,0.38745689392089844,31.53886604309082,-11.28455638885498,40.01654052734375,0
1565,15649937,-0.02466689608991146,0.06820759177207947,-0.9865099787712097,-0.4472566545009613,-0.3316103219985962,-0.0987493097782135,31.835180282592773,-10.468059539794922,41.95598602294922,0
1566,15659825,-0.07685650885105133,-0.016661476343870163,-1.0410335063934326,-0.41571274399757385,-0.01015088614076376,0.2577999532222748,29.948787689208984,-9.619588851928711,38.82941818237305,0
1567,15669990,-0.00473230192437768,-0.02859555371105671,-0.9865149259567261,0.2617465555667877,0.44168800115585327,0.33144092559814453,28.079370498657227,-9.083712577819824,38.93855667114258,0
1568,15680284,0.024675525724887848,0.06509382277727127,-0.9821248650550842,-0.30149438977241516,-0.05219161882996559,0.09335945546627045,29.85053253173828,-9.756241798400879,40.12605285644531,0
1569,15690039,0.07387427240610123,0.037921737879514694,-1.0029640197753906,0.8873338103294373,0.6233219504356384,0.1185329258441925,28.940481185913086,-12.127793312072754,39.675689697265625,0
1570,15700012,0.025788085535168648,0.011670279316604137,-0.984719455242157,0.4255083203315735,-0.6367411017417908,0.8956485390663147,30.721363067626953,-8.755681037902832,38.55287170410156,0
1571,15709962,-0.04558220133185387,-0.08210383355617523,-1.041445016860962,-0.3388919532299042,0.27763691544532776,-0.562554657459259,29.867795944213867,-8.396099090576172,38.97944259643555,0
1572,15719873,0.052246395498514175,0.04043630138039589,-1.0256104469299316,0.12271024286746979,0.12275880575180054,0.2704920768737793,30.368560791015625,-10.921449661254883,41.41319274902344,0
1573,15730250,-0.020365120843052864,-0.01565035805106163,-0.9724709987640381,0.22568301856517792,-0.3447030484676361,0.8857665657997131,30.367151260375977,-10.657232284545898,39.420936584472656,0
1574,15739944,0.04948344826698303,-0.022214375436306,-1.0147480964660645,0.20725403726100922,0.41618767380714417,0.11298982053995132,29.486713409423828,-10.425148010253906,38.718990325927734,0
1575,15750164,-0.05771782994270325,-0.025842716917395592,-0.9945123195648193,-0.3077380061149597,0.07669341564178467,0.2489330917596817,31.456867218017578,-12.183425903320312,41.68136215209961,0
1576,15759926,-0.08040165901184082,-0.0804576724767685,-1.0135297775268555,0.3541586399078369,-0.040868036448955536,0.5823187828063965,29.311784744262695,-10.85466480255127,40.90987777709961,0
1577,15769984,0.0662832111120224,0.07637312263250351,-0.9885521531105042,0.32130512595176697,-0.19666340947151184,0.461387038230896,29.75467872619629,-9.793707847595215,38.75764846801758,0
1578,15779822,-0.07960943132638931,0.04005708545446396,-0.9989555478096008,-0.7422666549682617,-0.005702409893274307,-0.1232672780752182,29.553524017333984,-10.144390106201172,40.162574768066406,0
1579,15789987,0.032382622361183167,-0.01611798070371151,-0.9920657277107239,-0.8521512746810913,-0.6099005937576294,0.1286359578371048,29.137805938720703,-9.87360668182373,38.7193489074707,0
1580,15799846,0.026407158002257347,0.06703364849090576,-0.991983950138092,-0.45788830518722534,-0.5818066596984863,0.36166268587112427,27.970802307128906,-6.597661018371582,40.55517578125,0
1581,15809734,0.002069719135761261,0.015310348942875862,-0.996225118637085,-1.0915770530700684,-1.2596436738967896,-0.5635790824890137,29.437564849853516,-10.733856201171875,40.18061828613281,0
1582,15819986,-0.014805600047111511,0.057586438953876495,-0.9970181584358215,0.3536653518676758,0.07771632075309753,1.0040867328643799,29.8090877532959,-9.7256498336792,40.99483871459961,0
1583,15830167,0.005535558331757784,0.045972198247909546,-0.977538526058197,0.023035190999507904,-0.330670565366745,-0.34298425912857056,28.844602584838867,-10.509808540344238,40.38741683959961,0
1584,15839784,0.07056774199008942,0.01883765123784542,-0.9998728036880493,0.8346493244171143,-0.7552517056465149,-0.8720743656158447,30.428680419921875,-10.814821243286133,38.87517166137695,0
1585,15849700,-0.04649883881211281,0.024650638923048973,-1.011846661567688,-0.03325529769062996,0.08956751972436905,0.6655312776565552,30.472620010375977,-11.94278621673584,39.945133209228516,0
1586,15860086,-0.01139860413968563,0.012058770284056664,-1.0172154903411865,-0.08185303956270218,0.05961233749985695,-0.6265656352043152,30.91843032836914,-10.318713188171387,39.12309646606445,0
1587,15870162,0.03508470207452774,0.027856307104229927,-1.0165644884109497,1.5042654275894165,-0.3348346948623657,-0.11064504086971283,29.991321563720703,-9.235157012939453,41.48269271850586,0
1588,15879917,-0.030324503779411316,-0.05354895070195198,-0.9964572787284851,-0.48540443181991577,-0.8265184760093689,0.4671827554702759,29.822620391845703,-10.325616836547852,41.52396011352539,0
1589,15889804,-0.05233851820230484,0.07776878029108047,-1.0008130073547363,0.6621385216712952,-0.14732469618320465,-0.4043172299861908,28.622913360595703,-8.941166877746582,38.85689926147461,0
1590,15900019,-0.040060292929410934,-0.02141842432320118,-1.0396056175231934,-0.131954163312912,-0.16507144272327423,0.1980348825454712,31.180374145507812,-8.908625602722168,39.71036911010742,0
1591,15910116,-0.058156583458185196,0.00046247165300883353,-0.9887476563453674,-0.5204703211784363,-1.051620602607727,0.1983162760734558,29.762422561645508,-11.461759567260742,39.1468620300293,0
1592,15920115,-0.059048835188150406,0.030710846185684204,-1.0046724081039429,-0.06709803640842438,-0.7261777520179749,-0.11273648589849472,29.704124450683594,-10.004114151000977,39.26108932495117,0
1593,15930095,-0.002931780880317092,0.005583677440881729,-0.994867205619812,0.02887379750609398,0.08699027448892593,0.2905867397785187,30.59512710571289,-9.604875564575195,39.39985656738281,0
1594,15939986,-0.13806909322738647,0.040672410279512405,-0.9817859530448914,-0.1393805891275406,-0.2760257124900818,0.44450053572654724,29.992155075073242,-10.302730560302734,41.22749710083008,0
1595,15950205,0.01249865721911192,-0.04207276552915573,-1.005895733833313,-0.14255382120609283,0.14470075070858002,0.2307199388742447,28.345787048339844,-11.408108711242676,40.1037483215332,0
1596,15959995,-0.036380965262651443,-0.024392420426011086,-1.0128324031829834,-0.08791893720626831,0.5830314755439758,-0.5749730467796326,30.888273239135742,-11.528279304504395,41.11628341674805,0
1597,15970047,0.03584667667746544,0.021639378741383553,-1.0069524049758911,-0.28441938757896423,0.6361166834831238,-0.5290298461914062,29.065366744995117,-9.127762794494629,39.39543151855469,0
1598,15979810,-0.0005574499955400825,0.0072384183295071125,-0.9986667633056641,-0.6024463772773743,0.06978068500757217,0.2398137003183365,30.68982696533203,-11.255021095275879,39.28881072998047,0
1599,15990038,0.041461147367954254,0.02671138197183609,-0.968476414680481,0.5473678708076477,0.3963107168674469,0.13844537734985352,30.49257469177246,-8.610832214355469,39.824398040771484,0
1600,16000270,-0.08518814295530319,0.04576035961508751,-0.9911857843399048,-0.6787510514259338,-0.3040502369403839,-0.9189785122871399,28.698863983154297,-8.622663497924805,39.6456298828125,0
1601,16010074,-0.05470768362283707,0.04447882995009422,-0.979494035243988,-0.9506604671478271,0.7264596819877625,0.5707342624664307,29.221967697143555,-10.822084426879883,38.12528610229492,0
1602,16019849,0.046984605491161346,-0.08997035026550293,-1.011743426322937,-0.41726991534233093,0.962151288986206,-0.44849464297294617,29.77389907836914,-8.405110359191895,40.0453987121582,0
1603,16029944,0.02903617173433304,0.024780895560979843,-0.9721404910087585,0.33519497513771057,-0.15735061466693878,0.006093943957239389,30.290220260620117,-10.382184028625488,40.594722747802734,0
1604,16040052,-0.030959727242588997,0.10762253403663635,-0.9752223491668701,-0.2694844901561737,-0.6730442643165588,-0.40538084506988525,28.876508712768555,-11.48024845123291,40.12312316894531,0
1605,16050076,0.014063824899494648,0.016611339524388313,-0.961587131023407,0.29151788353919983,0.16658943891525269,-0.1351262778043747,29.113229751586914,-11.47829818725586,39.182952880859375,0
1606,16060019,-0.010559357702732086,-0.013091192580759525,-1.002983808517456,-1.221641182899475,0.37618088722229004,-1.0514293909072876,30.24759864807129,-10.359635353088379,40.93302536010742,0
1607,16070046,0.12269606441259384,0.04054117202758789,-0.974107027053833,-0.5304200649261475,-0.07068634778261185,0.8220707774162292,29.75005340576172,-10.065990447998047,39.533843994140625,0
1608,16079903,0.0031406714115291834,0.059714242815971375,-0.9879207015037537,0.06284468621015549,0.2820020616054535,-0.18150721490383148,29.329652786254883,-9.948258399963379,40.64485549926758,0
1609,16089907,-0.026021666824817657,-0.024935610592365265,-1.0326348543167114,0.23624351620674133,0.4017553925514221,-0.004450071137398481,27.20404052734375,-8.940367698669434,39.45769500732422,0
1610,16100041,-0.056818313896656036,0.018233979120850563,-1.028106689453125,0.16351847350597382,-0.44409826397895813,-0.5303705334663391,32.1258430480957,-9.87458610534668,39.410423278808594,0
1611,16110196,0.08839817345142365,-0.01798771694302559,-0.9970575571060181,0.09175364673137665,-0.258938193321228,0.07587507367134094,30.280250549316406,-10.506874084472656,39.36540985107422,0
1612,16120155,-0.024529173970222473,0.011361892335116863,-0.992042064666748,0.11562134325504303,-0.4427523910999298,-0.7844359874725342,31.51923179626465,-10.52437973022461,40.115745544433594,0
1613,16129779,0.024449199438095093,0.06295880675315857,-0.9982792139053345,-0.3057019114494324,0.22570191323757172,0.6818857192993164,29.41411590576172,-9.561738967895508,40.42266082763672,0
1614,16140015,0.019050663337111473,-0.052456486970186234,-0.9887936115264893,-0.5878171920776367,0.5088241696357727,0.20511449873447418,30.412195205688477,-11.013744354248047,40.52634811401367,0
1615,16149727,0.019599178805947304,0.0119842030107975,-0.9955987334251404,0.0057839397341012955,0.49201712012290955,0.258143812417984,32.29246139526367,-10.730082511901855,39.433223724365234,0
1616,16159904,0.03074720874428749,0.11325009167194366,-0.996659517288208,0.7038731575012207,0.1310078650712967,-0.6731429100036621,29.339582443237305,-9.034392356872559,39.42425537109375,0
1617,16170047,0.04610650986433029,-0.03626011684536934,-0.986752986907959,-0.18930041790008545,-0.4105170965194702,-0.6037371158599854,30.516740798950195,-9.842939376831055,41.129695892333984,0
1618,16180020,-0.04101812094449997,0.0011026285355910659,-0.9453109502792358,-0.8181329965591431,-0.4774923026561737,-0.2325732409954071,31.218326568603516,-8.60703182220459,38.5989990234375,0
1619,16189993,0.04371275380253792,0.05089452117681503,-1.0322281122207642,0.32745739817619324,0.2956172823905945,0.7558216452598572,27.602344512939453,-7.8182549476623535,39.96638870239258,0
1620,16199979,-0.044573403894901276,0.014923772774636745,-1.0137395858764648,0.7296450734138489,-0.5636715292930603,0.7160978317260742,30.9686222076416,-9.27589225769043,38.588260650634766,0
1621,16210001,-0.015242359600961208,-0.009664148092269897,-0.982719898223877,0.5973325371742249,-0.33703193068504333,-0.4347940981388092,29.364425659179688,-9.09807014465332,39.99147415161133,0
1622,16220007,-0.11945163458585739,0.004758367780596018,-1.0024538040161133,0.677666425704956,0.25041308999061584,0.5307700634002686,30.577253341674805,-8.372977256774902,39.48762130737305,0
1623,16229848,-0.007203369867056608,0.05392799898982048,-1.0323758125305176,-0.01913350075483322,0.8831889033317566,1.0565277338027954,30.075769424438477,-11.032017707824707,40.25604248046875,0
1624,16239995,-0.02399921789765358,0.03478628396987915,-0.9937657117843628,0.1939370483160019,-0.0541011244058609,0.5103336572647095,30.60930633544922,-9.27393913269043,39.584449768066406,0
1625,16250094,0.0503520667552948,-0.01732461526989937,-0.9852416515350342,-0.7690161466598511,-0.167072594165802,0.36735624074935913,29.2664794921875,-9.7147798538208,40.10335159301758,0
1626,16259988,0.034476060420274734,0.03177746757864952,-1.0041042566299438,-0.8505927324295044,-0.054255109280347824,-0.4819507300853729,29.027847290039062,-9.58967399597168,38.39686584472656,0
1627,16270197,0.017048969864845276,-0.0045503899455070496,-1.0006736516952515,-0.015534136444330215,0.36755284667015076,-0.35491955280303955,28.359573364257812,-10.787927627563477,41.05667495727539,0
1628,16279885,0.02330118417739868,-0.029560063034296036,-0.9856707453727722,-0.12105285376310349,0.4526713490486145,-0.4987580478191376,30.115821838378906,-9.607630729675293,37.34161376953125,0
1629,16289971,0.03186963498592377,-0.06408905237913132,-0.9529526829719543,0.1451898217201233,0.9786692261695862,-0.054384540766477585,27.588518142700195,-10.620260238647461,39.648155212402344,0
1630,16299951,0.01608380116522312,0.027597786858677864,-1.0076390504837036,-0.062336791306734085,0.43154963850975037,-0.7266137599945068,27.900863647460938,-8.662725448608398,39.677608489990234,0
1631,16310257,0.03263837844133377,0.002588951727375388,-1.0064858198165894,-0.4111347794532776,0.3615756034851074,-0.6267691850662231,29.800100326538086,-10.121338844299316,38.28852462768555,0
1632,16320190,-0.04602868854999542,0.006323025096207857,-0.9777995347976685,-0.33462172746658325,-1.1479588747024536,0.026664745062589645,29.97258949279785,-9.278692245483398,39.78688049316406,0
1633,16330043,-0.025948403403162956,-0.04120916500687599,-0.9686295390129089,-0.42998242378234863,-1.1192514896392822,-0.4621905982494354,29.440773010253906,-10.57835578918457,39.53251647949219,0
1634,16339990,-0.07767181098461151,0.05123496428132057,-0.985837996006012,-0.5510928630828857,0.017994381487369537,0.4078480899333954,28.50585174560547,-9.401981353759766,39.427940368652344,0
1635,16350154,-0.07382361590862274,-0.018284212797880173,-0.9514275193214417,0.25636687874794006,-0.1525341421365738,-0.6939293742179871,30.346874237060547,-11.086684226989746,40.196990966796875,0
1636,16359973,0.052026551216840744,0.07119002193212509,-0.9949218034744263,-0.37550246715545654,-0.3701886534690857,0.6962409019470215,29.23294448852539,-9.75331974029541,40.02162170410156,0
1637,16369706,-0.024047432467341423,-0.0642724335193634,-1.018850326538086,-1.154237151145935,0.8338239192962646,0.09176789969205856,28.621973037719727,-10.880571365356445,39.847206115722656,0
1638,16379976,0.03223685920238495,-0.028796395286917686,-1.0244373083114624,-0.45942768454551697,0.33146002888679504,-0.27934688329696655,29.951200485229492,-9.166096687316895,39.941463470458984,0
1639,16390289,0.014375096186995506,0.0040687015280127525,-0.9818361401557922,-0.24544145166873932,0.7949331402778625,0.32562246918678284,29.92669677734375,-11.063554763793945,40.96316146850586,0
1640,16399859,-0.07927009463310242,-0.03337613865733147,-0.9619109630584717,0.31635594367980957,-0.3597013056278229,0.24713468551635742,30.000995635986328,-7.978720188140869,38.15586471557617,0
1641,16410009,0.07877137511968613,-0.01853848062455654,-0.9959781765937805,0.8508983254432678,-0.8667483329772949,0.024987181648612022,27.603561401367188,-10.14401626586914,38.88334274291992,0
1642,16420007,0.033678166568279266,-0.04981182515621185,-1.0005533695220947,-0.08840523660182953,0.5348799824714661,-0.013773452490568161,31.116294860839844,-10.019485473632812,38.27360916137695,0
1643,16430216,-0.03188220039010048,-0.0009922757744789124,-0.9996086359024048,-0.34750497341156006,0.024286290630698204,0.3561917841434479,30.097515106201172,-9.113436698913574,39.51106643676758,0
1644,16439799,0.05195185914635658,-0.08467140048742294,-1.0211169719696045,-1.0359636545181274,-0.6999168992042542,0.5530160665512085,30.54703140258789,-9.614365577697754,39.88423156738281,0
1645,16449899,0.10981591790914536,0.017497416585683823,-1.0061501264572144,0.055886246263980865,0.7732453346252441,0.26105695962905884,28.744770050048828,-11.722224235534668,39.07925033569336,0
1646,16459775,0.03714384138584137,0.04434754699468613,-1.0039986371994019,0.19298048317432404,1.0038646459579468,0.08439722657203674,32.045448303222656,-9.854513168334961,39.748897552490234,0
1647,16470084,-0.0287869181483984,-0.030216172337532043,-1.005279541015625,-0.2637893557548523,1.0578421354293823,-0.1417807638645172,29.760066986083984,-8.432230949401855,40.3946647644043,0
1648,16479964,-0.03963988274335861,0.014154566451907158,-1.0267106294631958,-0.14267988502979279,-0.4384074807167053,-0.27148017287254333,28.90182876586914,-10.540590286254883,40.72325897216797,0
1649,16490018,-0.04400612413883209,-0.012756183743476868,-1.0003254413604736,0.6574958562850952,-0.06318691372871399,0.3295711576938629,31.434370040893555,-10.327499389648438,40.35862731933594,0
1650,16499868,-0.02415323443710804,0.0399332232773304,-1.0037692785263062,-0.1238655373454094,-0.31754064559936523,0.21056756377220154,31.523340225219727,-9.84089469909668,39.33710861206055,0
1651,16509859,0.01948583498597145,0.028398294001817703,-1.0141677856445312,0.7248453497886658,-0.510297954082489,0.32635974884033203,30.343549728393555,-10.582541465759277,39.26821517944336,0
1652,16519963,0.09694040566682816,0.03779993951320648,-1.0026531219482422,0.6360697746276855,1.1568069458007812,-0.7585090398788452,29.43635368347168,-10.370672225952148,42.655738830566406,0
1653,16530116,-0.018748925998806953,0.08144044876098633,-0.9988856315612793,-0.4907118082046509,0.5286253094673157,-0.2636014223098755,29.454635620117188,-9.147231101989746,40.28330993652344,0
1654,16539922,-0.0030211778357625008,-0.0769040510058403,-0.9585626721382141,0.09168844670057297,0.6229154467582703,0.29302772879600525,29.22051239013672,-11.428397178649902,40.988616943359375,0
1655,16550023,0.05093540996313095,0.0260563213378191,-0.996322512626648,0.11688098311424255,-0.013786554336547852,0.7948852777481079,30.266456604003906,-9.15227222442627,40.74867630004883,0
1656,16559950,0.11566990613937378,-0.010844111442565918,-0.9881211519241333,-0.26303812861442566,-0.8030427694320679,0.13609665632247925,30.479475021362305,-11.217184066772461,41.10838317871094,0
1657,16570063,0.04188990592956543,-0.017720678821206093,-0.9622219204902649,-0.10691295564174652,0.33107608556747437,0.6947206258773804,29.565431594848633,-8.338589668273926,38.78857421875,0
1658,16579964,0.017214138060808182,0.031021544709801674,-0.9698576927185059,0.7610484957695007,-0.45124682784080505,-0.5211610198020935,29.91555404663086,-10.827669143676758,40.161468505859375,0
1659,16590133,-0.021164515987038612,0.07734796404838562,-0.9964495897293091,-0.2604026794433594,0.6215662956237793,0.09998924285173416,29.963308334350586,-9.944775581359863,40.83015823364258,0
1660,16600029,-0.018021736294031143,-0.0037275038193911314,-1.028499960899353,-0.5599240660667419,0.3813498020172119,-0.9304297566413879,30.92315101623535,-10.653790473937988,40.69725799560547,0
1661,16609933,-0.006170444656163454,-0.013998410664498806,-1.0129331350326538,0.25602003931999207,0.05903387814760208,0.35107168555259705,29.624814987182617,-9.349617958068848,39.21837615966797,0
1662,16619901,-0.016993971541523933,0.01255775336176157,-1.0424357652664185,0.12513680756092072,0.39263808727264404,-0.41808122396469116,30.03769874572754,-9.37537670135498,39.481056213378906,0
1663,16629809,-0.06496941298246384,0.0626664012670517,-1.0075587034225464,-0.705596387386322,-0.08199407160282135,-0.33814865350723267,29.148502349853516,-10.025009155273438,40.2410774230957,0
1664,16639925,-0.05202985182404518,0.06014766916632652,-1.0095232725143433,0.8194876909255981,-0.08131086826324463,0.11677195876836777,29.6447811126709,-8.975144386291504,39.926883697509766,0
1665,16650205,-0.01351272314786911,-0.01197158731520176,-1.038926124572754,-0.8005356192588806,-0.7778477668762207,-0.510068416595459,30.51807403564453,-10.904569625854492,40.48440933227539,0
1666,16659775,0.09212104231119156,0.10014557838439941,-1.009440302848816,0.32433563470840454,0.32806193828582764,-0.7306973338127136,30.319446563720703,-10.228965759277344,40.831031799316406,0
1667,16669740,-0.06048480048775673,-0.014845406636595726,-0.9991644620895386,0.7883524894714355,-0.015248863026499748,0.7804514169692993,30.62751579284668,-10.90294361114502,39.93075942993164,0
1668,16679766,-0.012415550649166107,-0.0368921160697937,-1.0075989961624146,1.145276665687561,0.42282766103744507,-0.3964146077632904,29.11380958557129,-11.53439998626709,39.07978820800781,0
1669,16689845,-0.044348012655973434,0.0734175443649292,-0.9772824645042419,0.04576871916651726,-0.44460827112197876,0.0777299776673317,29.63428497314453,-8.807254791259766,39.9812126159668,0
1670,16699868,-0.0010541268857195973,-0.01351128239184618,-1.0290024280548096,0.023635055869817734,0.16152288019657135,0.5631687045097351,30.310346603393555,-9.168548583984375,38.99967575073242,0
1671,16709961,0.14930321276187897,-0.0925377681851387,-0.9769948720932007,0.520275354385376,0.1309143304824829,-0.41843268275260925,29.505470275878906,-9.157766342163086,38.1230583190918,0
1672,16720303,0.07412106543779373,0.054141510277986526,-1.014094591140747,0.8702783584594727,0.7005481719970703,0.23687949776649475,29.521320343017578,-7.977324962615967,41.556434631347656,0
1673,16730002,0.06738359481096268,-0.0401044599711895,-0.9892106652259827,0.5466518402099609,1.053583025932312,0.06701856106519699,28.709484100341797,-7.679061412811279,39.69672775268555,0
1674,16739972,0.039935152977705,-0.08975628018379211,-1.0173182487487793,-0.23330014944076538,-1.1126116514205933,-0.2903408110141754,28.634679794311523,-11.21606731414795,38.62456512451172,0
1675,16749746,-0.052305031567811966,0.04356832802295685,-1.0033013820648193,-0.2864927053451538,0.08946792036294937,0.14780749380588531,30.127065658569336,-10.682337760925293,40.843223571777344,0
1676,16759860,-0.00846000574529171,-0.07460438460111618,-1.0181183815002441,0.09496479481458664,-0.9339855909347534,0.4409625828266144,30.541332244873047,-8.91551399230957,40.60693359375,0
1677,16769983,-0.09307414293289185,-0.04504995420575142,-0.9869956374168396,0.1779627799987793,-0.1062559112906456,0.2897767722606659,30.429039001464844,-11.216814041137695,40.11522674560547,0
1678,16780064,0.02271505631506443,-0.039743442088365555,-0.9742966890335083,0.17740914225578308,-0.11854737251996994,0.052837539464235306,28.884782791137695,-12.489579200744629,40.42378616333008,0
1679,16790025,0.024091463536024094,-0.0012042798334732652,-1.0028784275054932,-0.016323616728186607,-0.010412878356873989,-0.5173457264900208,28.725505828857422,-8.212997436523438,39.77550506591797,0
1680,16800046,-0.006537230685353279,-0.10341640561819077,-0.9824413061141968,-0.10845650732517242,-0.09814895689487457,0.11365657299757004,30.43077850341797,-10.177876472473145,40.16594314575195,0
1681,16809891,0.011680055409669876,-0.10043628513813019,-0.9649127721786499,-0.5871226191520691,-0.08412415534257889,0.03928706794977188,30.436891555786133,-10.715381622314453,40.64927291870117,0
1682,16820130,-0.03783711418509483,0.02642553113400936,-1.017591118812561,0.07551863044500351,-0.44636186957359314,0.06663793325424194,32.14091491699219,-10.423203468322754,39.43824768066406,0
1683,16829980,0.03297838941216469,-0.02542153000831604,-0.9828057885169983,0.1499212086200714,0.564568817615509,-0.2048211395740509,29.038156509399414,-8.764399528503418,39.64771270751953,0
1684,16839952,-0.07547155767679214,-0.03367028757929802,-0.9859387874603271,-0.845984697341919,-0.2316976636648178,-1.0875158309936523,30.692235946655273,-9.372944831848145,40.017822265625,0
1685,16850183,0.0045551429502666,0.026329347863793373,-0.9948086738586426,0.47684773802757263,-0.08459033817052841,-1.120596170425415,32.34664535522461,-10.378543853759766,40.947235107421875,0
1686,16860114,-0.007133239880204201,0.050810426473617554,-0.9992706775665283,-0.06867881119251251,-0.7085215449333191,0.17735391855239868,29.770326614379883,-9.412328720092773,38.9699592590332,0
1687,16869842,-0.021404480561614037,0.1364937275648117,-0.9873748421669006,-0.431988000869751,-0.4014587998390198,0.5915992856025696,30.56061363220215,-8.628362655639648,38.31888961791992,0
1688,16879797,-0.01864010840654373,-0.0004824662464670837,-0.9744606018066406,-0.752845287322998,0.3069747984409332,0.013602422550320625,28.530946731567383,-9.779951095581055,39.25082778930664,0
1689,16889883,0.06316256523132324,-0.05942995846271515,-0.9926090836524963,0.6800936460494995,-0.12423983216285706,0.31615975499153137,31.335044860839844,-10.43683910369873,39.72116470336914,0
1690,16900160,-0.020143112167716026,-0.09295405447483063,-0.9910522699356079,-0.00562691455706954,0.37840110063552856,0.2604089081287384,31.14796257019043,-11.193169593811035,40.98078918457031,0
1691,16910027,0.02825859561562538,-0.02227630838751793,-0.9785818457603455,-0.46434101462364197,-0.21571893990039825,0.08965879678726196,31.144100189208984,-9.260721206665039,40.25752258300781,0
1692,16920218,0.043858014047145844,0.03297749161720276,-0.9971812963485718,0.7083427906036377,-0.46732085943222046,0.3487251102924347,29.80251693725586,-11.33629035949707,39.13732147216797,0
1693,16930084,-0.016021685674786568,-0.008477848023176193,-1.0033364295959473,-0.044155366718769073,-0.9076476097106934,0.1775580793619156,30.35962677001953,-9.794235229492188,40.68754577636719,0
1694,16940055,-0.03467930853366852,0.048700276762247086,-0.977066159248352,-0.6992889046669006,-0.10513880103826523,-0.31685584783554077,29.36985969543457,-11.152581214904785,39.423057556152344,0
1695,16950418,0.02752087451517582,-0.0012692570453509688,-0.99733966588974,-0.10498335212469101,0.7675191164016724,0.530267059803009,29.255096435546875,-11.181626319885254,39.09619903564453,0
1696,16960082,-0.071625716984272,0.05480203777551651,-1.008596420288086,-0.19654175639152527,-0.2699727714061737,0.42134904861450195,31.0286808013916,-10.353906631469727,39.38011932373047,0
1697,16970380,-0.10926584899425507,0.05441196262836456,-0.9973540902137756,0.2665177285671234,0.5446937084197998,0.7378535270690918,28.653833389282227,-8.974076271057129,40.41476821899414,0
1698,16979929,0.05460580065846443,0.027535809203982353,-1.0212676525115967,-0.10736937820911407,-0.7063024640083313,0.7137882113456726,30.350784301757812,-9.860321998596191,41.064762115478516,0
1699,16989960,-0.024988040328025818,0.010543950833380222,-1.029232382774353,-0.9012463092803955,0.15889376401901245,-0.20106351375579834,30.636241912841797,-10.069046020507812,38.794986724853516,0
1700,16999802,-0.0020432225428521633,0.002873622579500079,-1.0107462406158447,0.2944822311401367,-0.6446494460105896,0.4229699373245239,28.930648803710938,-9.78900146484375,39.39897155761719,0
1701,17009833,0.028575167059898376,-0.02430552802979946,-0.9822304248809814,0.6040558218955994,-0.06551668792963028,0.09048768877983093,31.43468475341797,-10.534958839416504,37.17270278930664,0
1702,17020159,0.0069532738998532295,0.04938114434480667,-1.0161678791046143,-0.41612404584884644,-0.6700105667114258,0.49863311648368835,31.020221710205078,-9.230171203613281,40.610294342041016,0
1703,17029839,0.04761097580194473,-0.027751242741942406,-0.9856318831443787,0.42728084325790405,-0.9237905144691467,-0.5410398244857788,30.12887954711914,-9.56436824798584,40.86101531982422,0
1704,17039934,0.09827184677124023,-0.06843678653240204,-1.0228549242019653,0.27409064769744873,-0.26881474256515503,0.025228526443243027,29.818540573120117,-9.698676109313965,39.78553771972656,0
1705,17049728,0.017246181145310402,-0.048701636493206024,-1.0152063369750977,-0.20066793262958527,-0.5111108422279358,0.13823071122169495,30.53557777404785,-9.986764907836914,39.08610916137695,0
1706,17060229,-0.007486400660127401,-0.001456843107007444,-0.9908306002616882,0.3157814145088196,-0.9178891181945801,0.4766262471675873,31.128232955932617,-8.579144477844238,40.824745178222656,0
1707,17070061,-0.019485658034682274,-0.013542648404836655,-1.0052595138549805,-0.44397681951522827,-0.3465246260166168,-0.8850732445716858,29.20158576965332,-9.156907081604004,41.231563568115234,0
1708,17079867,0.040356025099754333,0.1290910840034485,-0.9715288877487183,-0.3923434615135193,0.43001788854599,-0.07706178724765778,29.518783569335938,-9.49854850769043,40.913230895996094,0
1709,17090169,0.14309683442115784,0.058351024985313416,-0.981265127658844,0.373402863740921,-0.468951940536499,-0.31636402010917664,28.28359603881836,-10.520341873168945,40.443214416503906,0
1710,17099978,-0.0907668024301529,-0.007650310639292002,-0.969470202922821,0.4236471951007843,-0.6008162498474121,-0.030365487560629845,31.583328247070312,-10.724281311035156,41.3168830871582,0
1711,17110155,-0.0046759555116295815,0.053286854177713394,-1.001497507095337,-0.09150318801403046,0.3797886073589325,-0.12630461156368256,31.694068908691406,-9.773782730102539,40.41437530517578,0
1712,17120157,0.012714958749711514,0.06389820575714111,-0.9889148473739624,0.43270963430404663,1.1788280010223389,-0.4846568703651428,29.45061492919922,-10.50005054473877,41.36457824707031,0
1713,17129837,-0.07968000322580338,-0.0611257366836071,-1.0184462070465088,0.4440455734729767,-0.4632302224636078,-0.11206886917352676,30.691789627075195,-9.731947898864746,41.30386734008789,0
1714,17140235,0.02002471312880516,0.10355212539434433,-0.9889887571334839,0.19823986291885376,1.0571528673171997,-0.41480764746665955,31.138221740722656,-9.075987815856934,39.240447998046875,0
1715,17150146,0.0004941140068694949,-0.05938364937901497,-0.9813759922981262,-0.15774700045585632,-0.0786193385720253,-0.3259892463684082,31.095006942749023,-10.545679092407227,40.131351470947266,0
1716,17160011,-0.10161060094833374,-0.09639599919319153,-0.9898098707199097,0.700398325920105,-0.624561071395874,-0.5876765847206116,29.997167587280273,-8.927410125732422,39.234981536865234,0
1717,17170140,-0.04899785667657852,-0.012488233856856823,-0.9798704385757446,1.113839864730835,0.22310194373130798,0.3168906271457672,31.478124618530273,-11.831435203552246,40.76222610473633,0
1718,17179894,-0.0761207789182663,0.06278561800718307,-0.9841498136520386,0.5278734564781189,-0.373389333486557,0.37861961126327515,28.81006622314453,-7.3556928634643555,39.29756164550781,0
1719,17190122,-0.007691227365285158,-0.06191214546561241,-0.9583161473274231,0.4777693748474121,0.29047858715057373,0.058084722608327866,30.719646453857422,-8.765395164489746,39.6320915222168,0
1720,17200219,0.021826567128300667,-0.05426918715238571,-0.994250476360321,-0.20403863489627838,-0.06687507033348083,-0.22668080031871796,31.267553329467773,-10.694133758544922,39.700172424316406,0
1721,17210212,0.06541992723941803,-0.013519944623112679,-0.9916499853134155,-1.0505709648132324,-0.5286124348640442,-0.07920469343662262,30.18468475341797,-11.245079040527344,41.35127258300781,0
1722,17220142,-0.01887364126741886,-0.054997753351926804,-1.022315502166748,0.0827878937125206,0.5994300246238708,0.4728200435638428,30.697961807250977,-9.249412536621094,39.54875564575195,0
1723,17229916,-0.03201551362872124,0.002327436115592718,-1.0119659900665283,0.26742449402809143,0.8746700286865234,-0.7240381836891174,28.987977981567383,-9.390775680541992,41.60359191894531,0
1724,17240167,0.022568874061107635,0.04362250119447708,-0.9945862293243408,0.739524245262146,-0.43578559160232544,0.5024933815002441,29.389049530029297,-10.74238395690918,41.20828628540039,0
1725,17250227,-0.05518181622028351,0.06035269424319267,-0.9782179594039917,-0.29813313484191895,-0.4586717188358307,-0.4618554711341858,30.6766357421875,-9.983945846557617,39.67966842651367,0
1726,17259998,-0.043737176805734634,0.021121889352798462,-0.9904534816741943,0.3288509249687195,-0.25588658452033997,0.4983252286911011,28.522598266601562,-11.029470443725586,40.42460250854492,0
1727,17270167,0.0004994953633286059,-0.007964392192661762,-0.9941777586936951,0.24467189610004425,0.7064751982688904,-0.03222291171550751,30.546890258789062,-10.335925102233887,40.53849792480469,0
1728,17279970,0.03379178047180176,0.10238216072320938,-0.9847482442855835,-0.18289554119110107,-0.5085328221321106,0.58870530128479,30.886432647705078,-10.052721977233887,37.98647689819336,0
1729,17290064,-0.010844466276466846,0.051435016095638275,-0.9576089978218079,-0.8552660942077637,0.5220991373062134,1.5791058540344238,30.933807373046875,-9.722015380859375,38.785919189453125,0
1730,17299906,0.012010718695819378,0.012477170675992966,-0.9911850094795227,0.05221318081021309,-0.40136757493019104,-0.9369139075279236,29.464941024780273,-9.597736358642578,40.7993278503418,0
1731,17310052,0.0663256123661995,0.008208973333239555,-1.0180063247680664,0.5076594948768616,-0.3679966926574707,-0.12406989187002182,30.422739028930664,-10.861207008361816,41.21751403808594,0
1732,17320097,-0.004863142501562834,-0.0036586427595466375,-0.990642786026001,0.40893903374671936,-0.2876739501953125,0.00014216300041880459,32.21132278442383,-10.899279594421387,39.86432647705078,0
1733,17329762,-0.10664428025484085,-0.03430774807929993,-0.9892807006835938,0.6196252107620239,0.03939749300479889,0.34393569827079773,29.364986419677734,-9.74877643585205,41.789825439453125,0
1734,17340098,0.02632731758058071,0.017081277444958687,-1.0153977870941162,-0.08272776752710342,0.51311856508255,-0.5496438145637512,28.615861892700195,-9.856011390686035,41.09846496582031,0
1735,17350134,0.03247389569878578,-0.11075803637504578,-0.9849272966384888,0.7918965220451355,0.43067666888237,0.3868630826473236,32.00503158569336,-10.567598342895508,40.805999755859375,0
1736,17360028,0.03516256809234619,0.05500858649611473,-1.0150564908981323,0.29269126057624817,0.14745493233203888,0.6810871362686157,28.579904556274414,-12.735734939575195,38.905818939208984,0
1737,17369953,-0.09768827259540558,0.016031086444854736,-0.9644504189491272,0.5396926999092102,0.036719657480716705,0.0392538383603096,31.0588436126709,-9.406606674194336,38.753177642822266,0
1738,17379774,-0.029504600912332535,-0.054351821541786194,-1.0223182439804077,0.6956049203872681,-0.5655546188354492,-0.5612810850143433,31.004737854003906,-7.539459705352783,40.28731918334961,0
1739,17389957,0.008627395145595074,0.09549999237060547,-1.0026382207870483,-0.25388845801353455,-0.019588546827435493,-0.07710821181535721,29.229270935058594,-11.023404121398926,37.61289978027344,0
1740,17399886,-0.009788156487047672,-0.031037744134664536,-1.0655065774917603,-0.8503437042236328,0.10318892449140549,-0.17749391496181488,28.672592163085938,-10.72496223449707,39.55891799926758,0
1741,17410012,-0.03143993020057678,0.02444889023900032,-0.9778796434402466,0.45084550976753235,-0.5914463996887207,-0.9170346260070801,30.18617057800293,-9.423808097839355,40.355491638183594,0
1742,17420217,0.006481190212070942,0.059854909777641296,-1.0227606296539307,-0.03965561464428902,-0.9142212867736816,0.6142686009407043,29.05382537841797,-10.361372947692871,41.43506622314453,0
1743,17430043,-0.03512176126241684,0.051666248589754105,-1.0261601209640503,0.0573088638484478,0.5235050916671753,-0.2695990204811096,29.121427536010742,-10.910764694213867,39.64760971069336,0
1744,17440013,-0.033989403396844864,-0.053187329322099686,-0.9732524156570435,-0.31533825397491455,-0.5566458106040955,0.42356637120246887,30.73265838623047,-9.672181129455566,40.286075592041016,0
1745,17449981,-0.08379846811294556,-0.07270877808332443,-0.9853914976119995,-0.3807089626789093,-0.9100911617279053,-0.12001147121191025,29.988262176513672,-8.594803810119629,39.46330642700195,0
1746,17459913,0.06822504103183746,-0.04379159212112427,-0.9679972529411316,-0.9890463352203369,0.13672904670238495,0.9646450877189636,31.848146438598633,-7.58012580871582,40.30769729614258,0
1747,17470153,0.06952422112226486,0.05551191046833992,-1.0146780014038086,0.1277746856212616,0.740750253200531,0.2951357066631317,31.04155921936035,-10.165008544921875,40.86226272583008,0
1748,17480392,0.06508535146713257,-0.0418240986764431,-0.9630627036094666,0.49535006284713745,-0.021827558055520058,-0.7270737886428833,29.479084014892578,-8.065396308898926,40.429290771484375,0
1749,17489864,-0.021033944562077522,0.03468107432126999,-0.9720985293388367,0.34609124064445496,1.0687365531921387,-0.5634282231330872,29.267318725585938,-10.1660795211792,40.34849166870117,0
1750,17500057,-0.03027656488120556,0.09362062811851501,-0.9895318150520325,-0.8437304496765137,0.22526563704013824,0.9539291858673096,29.300748825073242,-9.677226066589355,38.61802673339844,0
1751,17509800,-0.0012044033501297235,0.011515517719089985,-1.0614235401153564,0.21975231170654297,-0.7723165154457092,0.511734664440155,30.191789627075195,-8.910184860229492,38.59537887573242,0
1752,17519874,-0.04140475392341614,0.059752486646175385,-0.994946300983429,-0.4041444957256317,0.3298906683921814,-0.4625338912010193,30.241239547729492,-10.678610801696777,38.89126968383789,0
1753,17530059,0.060340020805597305,0.12526962161064148,-1.0109320878982544,-0.49796435236930847,-0.17450638115406036,-0.43420863151550293,28.758447647094727,-11.376128196716309,40.80418395996094,0
1754,17539997,-0.019565673545002937,0.026553230360150337,-0.9832937717437744,0.3756193518638611,-0.906915009021759,-0.39473122358322144,30.89549446105957,-8.979707717895508,40.9526481628418,0
1755,17550252,0.04023680463433266,-0.0314340777695179,-0.9768720269203186,-0.2815307676792145,-0.14194050431251526,0.6785004734992981,29.374679565429688,-10.066871643066406,39.749568939208984,0
1756,17560232,-0.028801290318369865,0.0030996957793831825,-0.9849845767021179,-0.5660380721092224,0.18846768140792847,0.6228318214416504,29.428394317626953,-10.061736106872559,40.432037353515625,0
1757,17569750,0.15452617406845093,0.05992070585489273,-0.9732076525688171,0.17512162029743195,0.7779550552368164,-0.6348773837089539,30.329360961914062,-10.425771713256836,40.79914474487305,0
1758,17580060,0.09067092835903168,0.06764007359743118,-0.9938973784446716,0.3255259394645691,0.3466877043247223,-0.051948804408311844,31.638690948486328,-8.769113540649414,39.309478759765625,0
1759,17589993,-0.04110300913453102,0.010314513929188251,-1.0033849477767944,-0.5415887236595154,-0.5263397693634033,0.4180701673030853,30.66046905517578,-10.247797012329102,41.26751708984375,0
1760,17599961,0.03027838096022606,-0.04391046240925789,-1.0043621063232422,0.15073399245738983,0.004153241403400898,-0.09164576232433319,29.30449867248535,-10.606499671936035,41.07564163208008,0
1761,17610077,-0.02404932491481304,-0.027210542932152748,-0.9736014008522034,0.5710008144378662,-0.5813630223274231,-0.32899388670921326,30.4598331451416,-11.372440338134766,40.72783279418945,0
1762,17619907,0.00131001858972013,0.04504728317260742,-1.019976258277893,0.6496788859367371,-0.14969921112060547,0.19817958772182465,29.964523315429688,-9.179530143737793,39.14036178588867,0
1763,17629910,-0.005881445482373238,0.00394178181886673,-0.960526704788208,0.464731365442276,0.5661887526512146,0.7883061766624451,30.14560317993164,-10.366048812866211,40.236331939697266,0
1764,17640264,0.04185755178332329,0.050659216940402985,-0.9960951209068298,0.4882024824619293,-0.4749997854232788,-0.17829766869544983,28.9489803314209,-9.127936363220215,41.08578109741211,0
1765,17649842,-0.0067534064874053,0.038879524916410446,-0.9767628908157349,0.3945457637310028,0.7162413597106934,-0.32021015882492065,31.121868133544922,-10.154648780822754,41.6744499206543,0
1766,17659962,-0.022322412580251694,0.13921207189559937,-0.9992736577987671,-0.3024396002292633,0.6606602072715759,0.024889564141631126,30.273284912109375,-11.686525344848633,39.30002975463867,0
1767,17670202,0.0015286034904420376,0.05680643767118454,-0.9937332272529602,-0.2252688854932785,-0.4642687439918518,-0.5403885841369629,29.514604568481445,-9.820038795471191,40.43098831176758,0
1768,17680151,0.05824380740523338,0.052053969353437424,-1.018708348274231,0.4238820970058441,0.13639305531978607,-0.06874430924654007,30.7078800201416,-12.24004077911377,38.90236282348633,0
1769,17690110,0.0721919983625412,0.006552171893417835,-0.9434918165206909,0.3344896137714386,-0.5231946110725403,0.4109068512916565,30.463661193847656,-9.397073745727539,40.02473068237305,0
1770,17700024,0.06844978779554367,-0.02109896019101143,-0.9890151023864746,0.2308739274740219,-0.981042742729187,0.9022030234336853,31.920717239379883,-10.02282428741455,40.1491813659668,0
1771,17710098,0.0017621307633817196,-0.046667445451021194,-0.9963688850402832,-0.4897253215312958,0.40398791432380676,0.5811592936515808,31.576059341430664,-7.834765911102295,41.065879821777344,0
1772,17719843,-0.06003035977482796,-0.08728639781475067,-1.0116561651229858,0.14991578459739685,0.45271697640419006,-0.06939055770635605,29.209957122802734,-9.205588340759277,37.551300048828125,0
1773,17729937,0.02470412105321884,-0.060077764093875885,-0.9722602367401123,-0.5264250040054321,-0.5308342576026917,0.04580768570303917,31.330121994018555,-10.779518127441406,39.893184661865234,0
1774,17739941,0.009078757837414742,-0.03410211205482483,-1.0100300312042236,0.2118813544511795,-0.37293243408203125,-0.3178536593914032,30.695066452026367,-9.741376876831055,41.506351470947266,0
1775,17750017,0.019398394972085953,0.10306163132190704,-0.9786139726638794,0.027373939752578735,-0.688075065612793,0.141627237200737,29.80175018310547,-10.467028617858887,39.362979888916016,0
1776,17759877,-0.0265656728297472,-0.1139288917183876,-1.0193201303482056,-0.7961340546607971,-0.8911957740783691,-0.09990454465150833,30.38885498046875,-10.986080169677734,39.77231216430664,0
1777,17769888,-0.035673588514328,-0.0801624208688736,-0.9943153262138367,0.8961992859840393,0.46510976552963257,0.020994706079363823,30.556337356567383,-9.905207633972168,40.11778259277344,0
1778,17779883,0.047795310616493225,0.12430136650800705,-0.9834814071655273,-0.21883563697338104,0.17304708063602448,0.48027661442756653,28.969608306884766,-10.275794982910156,39.704246520996094,0
1779,17789806,-0.0051620760932564735,0.0013467618264257908,-0.9946432113647461,0.18642552196979523,-0.8157790303230286,0.08554939925670624,28.73553466796875,-9.169754028320312,41.010257720947266,0
1780,17800084,0.018880724906921387,0.041052743792533875,-0.9948632121086121,-0.14131543040275574,-0.2073315978050232,0.7020938396453857,31.63262176513672,-9.780572891235352,39.10995864868164,0
1781,17809870,0.07586101442575455,0.05273035913705826,-0.9969707727432251,0.13038213551044464,0.8984760046005249,0.6689904928207397,28.555688858032227,-8.851412773132324,41.80083465576172,0
1782,17819875,0.03239404037594795,0.006575858220458031,-1.0436137914657593,0.19107837975025177,-0.5506804585456848,1.2782084941864014,31.030393600463867,-10.669210433959961,40.749263763427734,0
1783,17830121,-0.062472738325595856,-0.030127154663205147,-1.0016472339630127,-0.07694356143474579,0.6018539071083069,-0.601064920425415,30.61956214904785,-8.239481925964355,39.24281311035156,0
1784,17839698,-0.08070466667413712,-0.05376623943448067,-0.9923579096794128,0.5055360794067383,0.3447076082229614,-0.6046281456947327,29.07936668395996,-10.616250991821289,40.345516204833984,0
1785,17850232,-0.007913628593087196,0.009333815425634384,-1.0236634016036987,-0.4616416096687317,-0.33681628108024597,-0.5682626962661743,30.792495727539062,-9.423765182495117,39.43882369995117,0
1786,17859850,0.024495087563991547,0.04872789978981018,-0.9588339328765869,-0.9362713098526001,-0.5900599956512451,-0.5902727842330933,30.47585105895996,-9.154925346374512,39.630882263183594,0
1787,17870153,-0.05186251178383827,0.11578525602817535,-0.9891789555549622,0.20778539776802063,-0.6924834251403809,-0.986325740814209,28.57748794555664,-7.924224376678467,41.56388854980469,0
1788,17879729,0.041147518903017044,-0.030009901151061058,-1.0192813873291016,-0.21864476799964905,0.14730511605739594,0.36445239186286926,30.184249877929688,-10.446681022644043,39.806236267089844,0
1789,17889968,0.020245123654603958,-0.0887647196650505,-0.9899529814720154,-0.08201788365840912,0.7917966842651367,1.4125452041625977,30.580400466918945,-8.550735473632812,38.759422302246094,0
1790,17900143,0.07638942450284958,0.05895812809467316,-0.9949177503585815,0.4682338833808899,0.6009377837181091,-0.6276111006736755,29.68144989013672,-10.220561027526855,37.86328887939453,0
1791,17909959,0.029244955629110336,-0.08213838189840317,-0.9988455772399902,-1.3115348815917969,-0.5192686915397644,0.557622492313385,29.2729434967041,-9.688630104064941,40.16592025756836,0
1792,17920066,-0.06598763912916183,-0.07844865322113037,-1.0028057098388672,0.034798718988895416,-0.2769632041454315,-0.7107921242713928,31.563081741333008,-11.1895112991333,38.84724426269531,0
1793,17929889,-0.06743239611387253,-0.08384214341640472,-1.00566828250885,0.19287391006946564,-0.19740262627601624,-0.7128551006317139,28.845050811767578,-10.156920433044434,40.927467346191406,0
1794,17939868,0.018867287784814835,-0.03769839555025101,-1.014985203742981,0.6311630010604858,0.14445149898529053,0.7404352426528931,29.987878799438477,-10.532569885253906,37.03810119628906,0
1795,17950046,-0.011504306457936764,-0.020693732425570488,-0.9858850240707397,-0.5256810784339905,0.2518099248409271,-0.4786175489425659,30.938154220581055,-8.655217170715332,39.885528564453125,0
1796,17959599,0.05262722820043564,0.06405723094940186,-1.0152095556259155,-0.8804606795310974,0.8100590705871582,0.4465702176094055,29.2542781829834,-9.41274642944336,41.95695114135742,0
1797,17969989,-0.0006178433541208506,0.007667969446629286,-0.9892993569374084,0.35755789279937744,-0.3244270980358124,0.5634732842445374,29.833263397216797,-10.312665939331055,40.672908782958984,0
1798,17979746,-0.02495630830526352,0.0030461440328508615,-1.0315090417861938,0.25165441632270813,-0.05028829723596573,-0.28472253680229187,29.93568229675293,-10.468406677246094,39.82590103149414,0
1799,17989790,0.01990165188908577,-0.05819874629378319,-0.9973618984222412,-0.3600040376186371,0.585625946521759,0.3559134304523468,31.5208683013916,-9.99927806854248,41.34785842895508,0
1800,17999914,-0.11444102972745895,0.05879318714141846,-1.0082738399505615,-0.012589800171554089,0.46644455194473267,0.5647565722465515,29.202241897583008,-8.67236328125,39.49125289916992,0
1801,18009824,-0.05572123825550079,0.04286643862724304,-1.0372042655944824,0.4667099714279175,-0.6363885402679443,0.2606704831123352,29.038835525512695,-10.007649421691895,41.288780212402344,0
1802,18019911,-0.06696498394012451,-0.04301431030035019,-0.9829643964767456,1.0629130601882935,0.05256296321749687,0.9703015089035034,29.293590545654297,-8.386730194091797,39.89866638183594,0
1803,18030065,-0.007535513490438461,0.07206684350967407,-0.9688608646392822,0.2557929754257202,-0.4525628685951233,0.2620243430137634,31.20584487915039,-9.394942283630371,41.6971549987793,0
1804,18040194,0.05375490337610245,-0.02595686726272106,-1.0212509632110596,-0.11799847334623337,0.220714271068573,-0.536780059337616,28.147014617919922,-10.184420585632324,40.63871383666992,0
1805,18050057,-0.026870492845773697,0.11839909106492996,-1.0011252164840698,-0.21684473752975464,1.216179609298706,0.6020557880401611,28.45772933959961,-9.411900520324707,40.59337615966797,0
1806,18060126,0.04630153998732567,-0.07189380377531052,-0.9516809582710266,-0.10179927200078964,0.7997958064079285,0.17838460206985474,29.457626342773438,-10.667202949523926,41.62247085571289,0
1807,18070308,-0.024686921387910843,0.021313456818461418,-1.0083171129226685,-0.10298174619674683,-0.4284965991973877,-0.5046094059944153,30.153717041015625,-10.736788749694824,39.39763259887695,0
1808,18079899,0.04345613345503807,0.02554425597190857,-0.9955809116363525,0.7833777070045471,0.9125357270240784,0.26033324003219604,28.74531364440918,-11.39419174194336,40.23953628540039,0
1809,18089785,-0.0435401052236557,-0.054935939610004425,-0.9931957125663757,0.02352515235543251,-0.14310932159423828,-0.29490795731544495,29.95140266418457,-9.869818687438965,40.64048385620117,0
1810,18100060,-0.05332168936729431,0.041003063321113586,-1.0222644805908203,-0.039938002824783325,-0.2298768162727356,0.3250602185726166,28.244831085205078,-8.91948127746582,39.510589599609375,0
1811,18109648,9.602083446225151e-05,0.052017539739608765,-0.9923833608627319,-0.2702859938144684,-0.02516239508986473,-0.5859577655792236,28.738628387451172,-10.635894775390625,40.883094787597656,0
1812,18120073,-0.0403190515935421,-0.038792505860328674,-1.0283573865890503,0.545246958732605,-0.579982340335846,0.29264792799949646,29.08933448791504,-8.158720016479492,42.21637725830078,0
1813,18129919,-0.007583245635032654,0.020361963659524918,-1.0173202753067017,1.03449285030365,0.27407899498939514,0.304496169090271,30.260835647583008,-7.445868015289307,40.88092041015625,0
1814,18140068,0.07230859994888306,-0.03833511471748352,-0.9852303862571716,0.5264205932617188,0.45220956206321716,0.029660586267709732,29.870698928833008,-8.240378379821777,39.182613372802734,0
1815,18149965,0.03976352885365486,0.02019031159579754,-0.9951370358467102,-0.13393069803714752,0.6818645000457764,0.16008321940898895,30.997732162475586,-9.007702827453613,39.96455764770508,0
1816,18159989,0.050468809902668,-0.04983830079436302,-0.9827580451965332,-0.49347320199012756,0.07864836603403091,-0.1722572296857834,28.096527099609375,-10.066189765930176,38.946502685546875,0
1817,18170076,0.027518732473254204,0.041439030319452286,-1.0232882499694824,0.04508107900619507,0.18247832357883453,0.3314644694328308,30.139745712280273,-11.411466598510742,40.79044723510742,0
1818,18180031,0.04877966642379761,-0.05064476281404495,-0.9986271858215332,0.9138934016227722,-0.0675981342792511,-0.9196712970733643,31.526269912719727,-10.340666770935059,38.89496994018555,0
1819,18190034,0.011332262307405472,-0.037329643964767456,-0.9892393946647644,0.42854902148246765,-0.054469719529151917,0.5914519429206848,31.12742042541504,-7.6528191566467285,37.71642303466797,0
1820,18199720,-0.020782195031642914,-0.019512636587023735,-1.0162938833236694,-0.07087131589651108,0.31300923228263855,0.4095820486545563,30.850658416748047,-10.260350227355957,40.603355407714844,0
1821,18209940,-0.05692574009299278,0.025631241500377655,-0.9767996668815613,0.22542016208171844,0.062313858419656754,-0.07068444043397903,28.747406005859375,-9.326567649841309,38.30259704589844,0
1822,18219648,-0.024241074919700623,-0.04084980487823486,-1.0297187566757202,0.09141973406076431,0.24229776859283447,-0.16128818690776825,28.939762115478516,-11.088231086730957,40.19296646118164,0
1823,18230090,0.0035392101854085922,0.020949332043528557,-1.0167096853256226,-0.5470595359802246,0.41624686121940613,-0.12047594785690308,30.401874542236328,-10.722963333129883,41.93247985839844,0
1824,18240092,0.03665449097752571,0.013821348547935486,-0.9821404814720154,-0.2018873244524002,-0.012412413023412228,0.009954456239938736,32.115543365478516,-10.308053970336914,38.751312255859375,0
1825,18249701,0.031006870791316032,-0.055994048714637756,-0.9830746650695801,-0.14440646767616272,-0.07101819664239883,-0.06345899403095245,30.841176986694336,-11.088748931884766,39.760684967041016,0
1826,18260009,-0.044197145849466324,0.005643247626721859,-1.015613079071045,0.2157936841249466,0.04687538743019104,0.5336036682128906,30.92388153076172,-9.428387641906738,39.857948303222656,0
1827,18269930,0.10749246925115585,0.10254719853401184,-0.9656972289085388,-0.6164448857307434,-0.437697172164917,0.37431401014328003,29.301387786865234,-11.47419261932373,40.02126693725586,0
1828,18279905,-0.03174106776714325,-0.056611742824316025,-0.9956840872764587,0.062013767659664154,0.6606928110122681,0.3849349319934845,29.923002243041992,-9.13320255279541,38.947059631347656,0
1829,18290255,-0.04535233974456787,0.0305106770247221,-0.9847049713134766,-0.6043863892555237,0.2198721021413803,0.2925214469432831,30.729352951049805,-9.181092262268066,38.60590362548828,0
1830,18300097,-0.03791860491037369,0.08292649686336517,-1.032731533050537,0.30428311228752136,0.1523137241601944,0.386279433965683,31.811017990112305,-8.800301551818848,40.4493408203125,0
1831,18309938,0.02595764584839344,-0.012133604846894741,-1.054900884628296,0.534084677696228,-0.12953253090381622,0.33164069056510925,29.50752067565918,-9.508744239807129,40.442413330078125,0
1832,18319895,-0.0082251513376832,0.014966421760618687,-1.0000215768814087,-0.42484819889068604,0.17024239897727966,0.29843488335609436,29.634376525878906,-8.18811321258545,40.657447814941406,0
1833,18329921,0.01537934597581625,-0.04044885188341141,-1.010656714439392,-0.9624323844909668,0.8612027168273926,0.7368794083595276,29.887155532836914,-10.6902494430542,39.24026870727539,0
1834,18339782,0.05669375881552696,-0.0927523747086525,-1.0181692838668823,0.3284558653831482,1.0151571035385132,0.5263755917549133,31.948951721191406,-9.050081253051758,39.224300384521484,0
1835,18349878,-0.04111424461007118,0.02726098708808422,-1.0328923463821411,-0.08115142583847046,0.33139172196388245,-0.08648797869682312,30.476070404052734,-10.305092811584473,39.49044418334961,0
1836,18359865,0.006507145706564188,0.08101177960634232,-1.0230149030685425,-0.5579552054405212,-0.27586880326271057,1.2285395860671997,29.884435653686523,-10.051480293273926,39.09054946899414,0
1837,18369786,-0.03694548457860947,-0.0006526541546918452,-1.0196888446807861,-1.1035356521606445,-0.08748827129602432,0.047307875007390976,28.469675064086914,-9.80605697631836,40.58154296875,0
1838,18379962,-0.033102210611104965,0.037696219980716705,-1.010289192199707,0.07374617457389832,0.1154826208949089,0.10070854425430298,30.72622299194336,-9.351602554321289,43.495086669921875,0
1839,18389820,-0.0027722902595996857,0.0042277914471924305,-0.9833195805549622,-0.3621322512626648,0.4303457736968994,-0.225189670920372,28.483179092407227,-10.056768417358398,40.31622314453125,0
1840,18399926,0.05671386048197746,-0.024012144654989243,-1.0248644351959229,0.517879068851471,-0.20220986008644104,-0.7084776163101196,29.563058853149414,-10.081613540649414,39.50761795043945,0
1841,18410386,0.15139253437519073,0.0023848628625273705,-0.9944035410881042,-0.3709476888179779,-1.050573468208313,0.28294944763183594,29.296714782714844,-9.314802169799805,41.64698028564453,0
1842,18419881,0.07573577761650085,0.08959411084651947,-1.0022059679031372,0.17018690705299377,0.6710890531539917,-0.11148405820131302,28.491533279418945,-11.240846633911133,39.72910690307617,0
1843,18430069,0.11437788605690002,-0.004047088790684938,-1.0044245719909668,0.1479824185371399,0.20272554457187653,0.4616807699203491,30.04094886779785,-9.40176010131836,39.66539764404297,0
1844,18439989,0.05352000147104263,-0.02692452259361744,-0.9929364919662476,-0.13004682958126068,-0.17045645415782928,-0.254212886095047,29.99017906188965,-11.858254432678223,38.56291580200195,0
1845,18450373,-0.022064685821533203,0.0031742954161018133,-1.0138449668884277,0.6175402998924255,0.09977824985980988,0.3992331922054291,30.95899772644043,-9.58792781829834,39.17262649536133,0
1846,18459924,-0.10448109358549118,0.04466942325234413,-0.9919012188911438,0.015116946771740913,0.8688461184501648,0.6874204277992249,30.190889358520508,-10.561989784240723,42.5119514465332,0
1847,18469778,-0.050617318600416183,-0.04244425520300865,-0.9963704943656921,0.28146639466285706,0.26928219199180603,0.39888647198677063,30.16106605529785,-9.187665939331055,40.172149658203125,0
1848,18480299,-0.057490136474370956,-0.057073090225458145,-1.001811146736145,0.0015617972239851952,0.04050908610224724,-0.18694941699504852,30.06887435913086,-9.026901245117188,40.47063064575195,0
1849,18489886,-0.04064539447426796,0.06722379475831985,-0.9838555455207825,0.8330450057983398,0.5459427833557129,-0.052624307572841644,29.434865951538086,-8.701637268066406,40.802120208740234,0
1850,18499982,-0.03197775036096573,-0.010705268941819668,-1.0178512334823608,0.09861981123685837,-0.6918089389801025,0.6411392688751221,31.87311363220215,-10.472665786743164,39.11111068725586,0
1851,18510227,-0.07716315984725952,-0.002042324747890234,-1.0255810022354126,0.3121033012866974,1.1230618953704834,-0.0352761335670948,29.003652572631836,-10.242810249328613,39.21166229248047,0
1852,18519726,0.013950184918940067,0.014549348503351212,-1.019526720046997,-0.08424842357635498,-0.48736894130706787,-0.5607343912124634,30.745929718017578,-10.824495315551758,40.61441421508789,0
1853,18530026,0.025635449215769768,-0.03530691936612129,-0.998262345790863,-0.8759625554084778,0.7727588415145874,-0.6296717524528503,29.33317756652832,-11.249286651611328,38.66294860839844,0
1854,18540112,-0.11367124319076538,-0.11190866678953171,-1.0188435316085815,0.1876549869775772,0.7642183303833008,0.3416265845298767,29.07454490661621,-11.73548698425293,41.332000732421875,0
1855,18550006,-0.038290634751319885,-0.040982719510793686,-0.9779850244522095,-0.32545962929725647,0.11931771785020828,0.7703611254692078,29.078296661376953,-9.873372077941895,39.62864685058594,0
1856,18559905,0.021831879392266273,0.006565730553120375,-0.9717488884925842,-0.6640877723693848,-0.22473573684692383,0.42757532000541687,31.918180465698242,-10.537412643432617,41.369606018066406,0
1857,18570157,-0.054925430566072464,0.05087381601333618,-1.0008904933929443,0.8844597935676575,-0.7865113019943237,-0.376198410987854,30.069215774536133,-10.007596015930176,41.57570266723633,0
1858,18580073,0.035317014902830124,-0.08887182921171188,-1.0236725807189941,0.1273522675037384,1.0371909141540527,0.11712262034416199,28.606779098510742,-9.217692375183105,38.2923469543457,0
1859,18589976,-0.04485875368118286,-0.04460602253675461,-1.0001248121261597,-0.7266451716423035,0.7483276128768921,0.06880278140306473,31.179351806640625,-10.309183120727539,41.44232940673828,0
1860,18600049,-0.019223805516958237,0.002569465897977352,-1.0143680572509766,-0.11162427812814713,-0.04688556492328644,-0.14710979163646698,29.80207061767578,-10.862957954406738,39.78301239013672,0
1861,18609599,0.0705016627907753,0.014459488913416862,-0.99835205078125,0.49545371532440186,-0.23272842168807983,0.3162398338317871,30.424325942993164,-10.428030014038086,39.0467529296875,0
1862,18619936,-0.017991112545132637,-0.05643555894494057,-1.0163185596466064,1.1719130277633667,0.7156891226768494,0.14092566072940826,29.44708824157715,-11.194907188415527,40.18674850463867,0
1863,18630295,0.11368381977081299,-0.029303833842277527,-0.9749584197998047,-0.08451319485902786,0.09665758907794952,0.14402610063552856,30.104110717773438,-9.629216194152832,38.70447540283203,0
1864,18640128,0.006442327983677387,-0.051465753465890884,-0.9859699010848999,-0.7110691666603088,0.9260075092315674,0.05468032509088516,30.108461380004883,-9.773242950439453,40.507022857666016,0
1865,18649848,-0.022580184042453766,0.06599687784910202,-0.9958699941635132,0.37196287512779236,-0.03465859964489937,-0.37287580966949463,31.010683059692383,-8.731419563293457,40.23079299926758,0
1866,18660016,-0.046925537288188934,-0.0009344759164378047,-0.9843341112136841,0.6713757514953613,-0.388965904712677,0.35855773091316223,30.85504722595215,-10.41145133972168,40.19118881225586,0
1867,18670085,0.020388994365930557,0.004708532709628344,-1.0073491334915161,-0.14455033838748932,-0.8965739607810974,-0.2680504024028778,29.892148971557617,-9.637816429138184,39.9736442565918,0
1868,18679939,0.0963061973452568,-0.05317482352256775,-0.9852233529090881,0.6552137732505798,-0.37221625447273254,0.48125702142715454,30.612796783447266,-10.498242378234863,41.521324157714844,0
1869,18690009,-0.013350235298275948,0.0063941217958927155,-1.0148613452911377,-0.3162083923816681,0.16433776915073395,-0.266375869512558,30.769859313964844,-9.191703796386719,40.685821533203125,0
1870,18699968,-0.0030323155224323273,-0.04290997236967087,-1.0076146125793457,0.0740748792886734,-0.30539706349372864,0.31674429774284363,30.576847076416016,-10.653804779052734,40.36909103393555,0
1871,18710155,0.011130412109196186,-0.09252910315990448,-0.9964133501052856,0.529479444026947,-0.8326053619384766,0.4314308762550354,30.321096420288086,-8.758667945861816,40.63243865966797,0
1872,18719845,0.047144223004579544,-0.05538461357355118,-0.9726206660270691,-0.9065348505973816,-0.33306679129600525,0.022459590807557106,28.631826400756836,-11.502936363220215,39.7537727355957,0
1873,18729968,0.007939937524497509,-0.08431391417980194,-1.0077624320983887,-0.48989972472190857,-0.6123642921447754,-0.29270637035369873,31.483739852905273,-10.266210556030273,40.953758239746094,0
1874,18740018,-0.06773408502340317,-0.044596582651138306,-1.0212724208831787,-0.08315025269985199,0.4448559284210205,0.7121192216873169,28.80071258544922,-9.906641006469727,40.613037109375,0
1875,18749984,-0.04667764529585838,-0.043377771973609924,-1.0280091762542725,0.9259495735168457,-0.6595109105110168,-0.5517191290855408,29.748897552490234,-9.305516242980957,38.98493957519531,0
1876,18760271,-0.01587902568280697,0.033871643245220184,-0.9841738343238831,0.5125643014907837,0.482385516166687,0.5117515325546265,29.325727462768555,-9.971531867980957,42.11397933959961,0
1877,18769889,0.005969629622995853,-0.029848873615264893,-0.9952888488769531,0.8235160112380981,0.7959754467010498,0.12774623930454254,31.492408752441406,-9.758685111999512,39.903465270996094,0
1878,18779989,-0.0650004968047142,0.04157693311572075,-1.0153415203094482,-0.07297996431589127,0.3262519836425781,-0.14691326022148132,28.29318618774414,-9.970492362976074,38.615196228027344,0
1879,18789862,0.008027887903153896,0.00021908066992182285,-0.9747205972671509,0.3623363971710205,-0.09962833672761917,0.15732555091381073,31.80299949645996,-8.279837608337402,37.79772186279297,0
1880,18800073,0.023830300197005272,0.12602490186691284,-1.024086356163025,-0.07523483037948608,-0.48832809925079346,0.07792625576257706,28.868589401245117,-11.058097839355469,39.83876037597656,0
1881,18810014,0.021516818553209305,-0.05100242793560028,-0.96026611328125,-0.18511229753494263,0.14957156777381897,0.9163568019866943,28.78885841369629,-10.605145454406738,39.656593322753906,0
1882,18819793,0.03736613690853119,-0.050919488072395325,-1.0391957759857178,-0.5499899387359619,0.12769539654254913,-0.39410486817359924,30.116756439208984,-10.576935768127441,40.980812072753906,0
1883,18830012,0.023292673751711845,0.011864181607961655,-0.9859928488731384,-0.39844799041748047,0.08165046572685242,0.7857859134674072,30.296676635742188,-11.105426788330078,38.76960372924805,0
1884,18840095,-0.08597183227539062,-0.027025649324059486,-1.025597333908081,-0.4450203478336334,-0.2690431475639343,-0.19136835634708405,30.905458450317383,-10.266927719116211,39.0368766784668,0
1885,18849869,0.04528989642858505,-0.03981320932507515,-0.9874551296234131,-0.47639238834381104,0.6792255640029907,-0.8538157939910889,29.789188385009766,-10.229776382446289,38.9400520324707,0
1886,18859984,-0.04737275093793869,0.06691582500934601,-0.949200451374054,-0.2862599790096283,-1.0626204013824463,-0.8792448043823242,29.519935607910156,-9.669660568237305,38.54085922241211,0
1887,18869935,-0.0572812594473362,0.0199680607765913,-1.0080921649932861,-0.20595937967300415,0.16612355411052704,-1.0366941690444946,28.747432708740234,-11.28738021850586,38.47073745727539,0
1888,18879915,0.020386843010783195,0.03887399658560753,-0.993877112865448,-0.0497705340385437,-0.07988931238651276,-0.3184811770915985,28.793336868286133,-11.03399658203125,39.959930419921875,0
1889,18890037,0.025798382237553596,0.026241743937134743,-1.006531000137329,-0.9640777111053467,0.181907519698143,-0.38045331835746765,26.954404830932617,-10.602738380432129,41.23094940185547,0
1890,18900144,0.016558926552534103,0.04660063609480858,-0.9908136129379272,-0.3311852216720581,0.6362964510917664,0.13020926713943481,30.238861083984375,-11.326515197753906,40.10176086425781,0
1891,18910143,-0.061863794922828674,-0.003797287819907069,-1.0071440935134888,-0.5366613864898682,-0.41004806756973267,-0.024715030565857887,28.399450302124023,-9.98086929321289,39.84018325805664,0
1892,18919826,-0.04315220192074776,0.03382185101509094,-0.9684457778930664,-0.9262599349021912,-0.1604573130607605,-0.3905518651008606,31.039989471435547,-10.525148391723633,40.130409240722656,0
1893,18930091,-0.049279216676950455,-0.009082150645554066,-0.9818430542945862,-0.07280442118644714,0.23045288026332855,-0.14937502145767212,29.911701202392578,-11.017160415649414,40.18166732788086,0
1894,18940108,-0.053094834089279175,0.029256360605359077,-1.0280216932296753,0.035161618143320084,-0.006133420392870903,0.6237961053848267,31.346323013305664,-9.66222095489502,39.677913665771484,0
1895,18950148,0.0664391964673996,-0.041581545025110245,-0.9969439506530762,0.5133246183395386,0.014036742970347404,-0.7149509191513062,30.534732818603516,-9.607145309448242,40.39382553100586,0
1896,18960112,-0.049294911324977875,-0.014383475296199322,-1.0045900344848633,1.2412762641906738,-0.5755022764205933,0.2743726968765259,29.677804946899414,-9.274279594421387,39.404693603515625,0
1897,18969966,0.0533357709646225,-0.0797463059425354,-0.9927379488945007,0.6651949286460876,-0.671576738357544,0.23458990454673767,31.051029205322266,-8.501300811767578,39.46787643432617,0
1898,18980012,-0.017764031887054443,0.08438932150602341,-1.008597731590271,0.2979782521724701,-0.02340080961585045,-0.2041895091533661,30.205442428588867,-11.123869895935059,40.09023666381836,0
1899,18990180,-0.02594013139605522,-0.022437289357185364,-1.0080515146255493,0.9640688896179199,0.38803228735923767,-0.5097472071647644,30.23525047302246,-9.930015563964844,39.805328369140625,0
1900,18999748,-0.009389745071530342,-0.024250265210866928,-0.9800323247909546,-0.4545975625514984,1.025403618812561,0.18080829083919525,30.096508026123047,-10.769695281982422,41.41122817993164,0
1901,19009831,0.017473796382546425,0.029251495376229286,-0.9729130268096924,-0.4058690667152405,0.2465691715478897,-0.45025867223739624,30.635540008544922,-9.626304626464844,42.75865936279297,0
1902,19019827,-0.03421667963266373,-0.07168253511190414,-0.9998058676719666,-0.22133873403072357,0.4390113353729248,-1.0163483619689941,29.9174747467041,-9.290395736694336,38.56067657470703,0
1903,19030001,-0.005158551037311554,0.002952093258500099,-0.9904547929763794,0.5456821918487549,0.2460533082485199,1.0319397449493408,29.950843811035156,-11.21258544921875,39.91450500488281,0
1904,19040213,0.06659230589866638,-0.07154108583927155,-0.9798189401626587,0.8352248072624207,-0.19243164360523224,0.34593138098716736,31.238218307495117,-9.618310928344727,39.898380279541016,0
1905,19050054,-0.004641338717192411,-0.013711666688323021,-0.9658715128898621,-0.043312013149261475,-0.4034949839115143,-0.03831439092755318,29.777366638183594,-10.263160705566406,39.20549011230469,0
1906,19060045,0.018749479204416275,0.02434563636779785,-0.9916885495185852,-0.09164498001337051,0.7700605988502502,-0.6236175298690796,29.406578063964844,-10.400773048400879,39.84577178955078,0
1907,19070000,0.008911429904401302,-0.04135289788246155,-1.0032258033752441,0.8115191459655762,0.0006982354097999632,-0.1843673288822174,31.123937606811523,-10.126267433166504,39.86368179321289,0
1908,19079983,-0.052621323615312576,0.08428874611854553,-1.025171160697937,-0.2633006274700165,-0.14396671950817108,-0.57497638463974,32.7484130859375,-8.983562469482422,39.39204788208008,0
1909,19089885,0.005630736704915762,0.010543707758188248,-0.9837595224380493,-0.9300883412361145,0.004658415913581848,-0.3199099898338318,30.48063850402832,-10.13626766204834,40.62754821777344,0
1910,19099958,0.05271103233098984,-0.0371052548289299,-1.001311182975769,-0.8514636754989624,-0.13428163528442383,0.5296755433082581,28.187528610229492,-7.727639675140381,39.42422866821289,0
1911,19110129,0.09091083705425262,-0.02248927764594555,-0.989681601524353,0.08207479119300842,0.16605162620544434,-0.5223742723464966,28.5877742767334,-9.895441055297852,40.75958251953125,0
1912,19120064,-0.09516921639442444,0.07581010460853577,-0.9537534713745117,0.47150948643684387,-0.7276293039321899,0.875342071056366,30.975217819213867,-11.499269485473633,41.7240104675293,0
1913,19130045,0.007628341671079397,-0.029318995773792267,-0.9733098745346069,0.6417807340621948,0.3681744635105133,-0.6541758179664612,29.570959091186523,-10.664989471435547,38.675960540771484,0
1914,19140043,-0.09447263926267624,-0.08729694783687592,-1.0009913444519043,0.5904608368873596,0.21235595643520355,1.2195324897766113,28.367137908935547,-8.383075714111328,38.797664642333984,0
1915,19150115,-0.18169203400611877,0.029957804828882217,-1.0021495819091797,-0.26066139340400696,0.15580426156520844,-0.973019540309906,32.13531494140625,-7.9728217124938965,40.494815826416016,0
1916,19160127,0.01910417713224888,0.06182355433702469,-1.0118027925491333,0.42844730615615845,0.3693748414516449,0.15187443792819977,28.579736709594727,-11.298687934875488,39.91826248168945,0
1917,19170179,-0.0007826151559129357,0.04162031039595604,-0.9803886413574219,0.5986151099205017,-0.7342634201049805,-0.3576723635196686,30.49237823486328,-9.79265022277832,40.10676193237305,0
1918,19179914,-0.009541792795062065,-0.07798875868320465,-0.9903225302696228,0.16015608608722687,1.0937719345092773,0.030889378860592842,29.545217514038086,-10.333742141723633,39.57493591308594,0
1919,19190136,-0.05367941036820412,0.008473175577819347,-1.0299171209335327,-0.6034984588623047,0.2236151546239853,-0.24235869944095612,29.53710174560547,-10.280019760131836,39.506072998046875,0
1920,19200011,-0.03507372364401817,0.01637434773147106,-0.9880928993225098,0.5645378232002258,-0.1472119688987732,0.1918845921754837,29.864110946655273,-10.616355895996094,41.506004333496094,0
1921,19209861,-0.07645551860332489,0.022053400054574013,-1.024606466293335,-1.0466896295547485,0.7431798577308655,1.1781142950057983,29.586795806884766,-8.906190872192383,40.415069580078125,0
1922,19220148,-0.05635427311062813,-0.005706556141376495,-0.9870864748954773,0.8670613765716553,-0.5526155829429626,0.08327969908714294,30.331829071044922,-11.140067100524902,40.199317932128906,0
1923,19229895,-0.043481212109327316,-0.10211843252182007,-0.997806966304779,-0.0876343622803688,0.705502986907959,0.31716567277908325,30.739179611206055,-9.600138664245605,40.8848876953125,0
1924,19239949,-0.04740937426686287,0.05134701728820801,-1.0202912092208862,0.46680107712745667,-0.07748114317655563,0.03227558359503746,26.465246200561523,-10.49319076538086,39.253971099853516,0
1925,19249677,-0.04440201446413994,-0.05219041556119919,-0.957969605922699,0.28511691093444824,0.3441580832004547,-0.032985202968120575,29.51846694946289,-9.611175537109375,40.20954895019531,0
1926,19260025,0.044316794723272324,0.02961220033466816,-1.0163536071777344,0.8686648607254028,-0.6625267267227173,1.0022706985473633,31.068857192993164,-9.569774627685547,39.114444732666016,0
1927,19269860,-0.027761824429035187,-0.03378603979945183,-1.0108510255813599,0.08926782757043839,0.3216707408428192,0.13466596603393555,30.629180908203125,-10.549385070800781,40.00920104980469,0
1928,19280156,0.068763367831707,0.10370341688394547,-1.000329613685608,-0.46673262119293213,0.027091991156339645,0.5469851493835449,29.39557647705078,-9.103608131408691,41.00249481201172,0
1929,19290065,0.038451485335826874,-0.012139847502112389,-0.9984885454177856,-0.30529117584228516,0.43149733543395996,-0.515167236328125,30.50053596496582,-10.380656242370605,42.56428527832031,0
1930,19299735,0.056241583079099655,-0.024559026584029198,-0.9995239973068237,-0.4132261872291565,0.6674924492835999,-0.1267625093460083,29.562273025512695,-9.614901542663574,41.144134521484375,0
1931,19310011,0.019914695993065834,-0.031592853367328644,-1.0224785804748535,0.26554083824157715,-0.33252960443496704,-0.6384295225143433,30.980051040649414,-9.919456481933594,40.158851623535156,0
1932,19320123,-0.002452314365655184,0.031187843531370163,-1.0008171796798706,-0.0163789764046669,0.5641111731529236,-0.26588550209999084,30.230737686157227,-10.64734172821045,39.80156707763672,0
1933,19330348,0.01855490356683731,-0.06923757493495941,-1.009804606437683,-0.06005644053220749,-0.4397473633289337,0.22010983526706696,30.251880645751953,-8.081583976745605,40.092529296875,0
1934,19340000,-0.017544221132993698,0.030158385634422302,-1.0198616981506348,-0.5810590982437134,0.5048978328704834,-0.0714651420712471,29.84082794189453,-9.552817344665527,39.044044494628906,0
1935,19349801,0.06004221364855766,0.0068052951246500015,-0.9966586828231812,0.08339390903711319,0.7323516011238098,-0.15429484844207764,28.668445587158203,-10.262401580810547,40.00111389160156,0
1936,19360012,-0.06022085249423981,-0.032827652990818024,-1.0212147235870361,-0.33350643515586853,-0.4607996642589569,-0.23489771783351898,28.821273803710938,-10.052286148071289,39.638916015625,0
1937,19370079,0.01673385500907898,-0.016349034383893013,-0.9850109815597534,-0.08371581882238388,0.39336785674095154,0.8089195489883423,29.074481964111328,-10.781423568725586,41.03080368041992,0
1938,19380202,-0.07345305383205414,0.018535945564508438,-1.0189226865768433,-0.11119037121534348,0.26414954662323,1.0744585990905762,30.387807846069336,-11.701762199401855,39.90473937988281,0
1939,19390000,0.05681581050157547,-0.05534118041396141,-1.0042177438735962,-0.18147116899490356,0.39172491431236267,-0.4503326714038849,29.20949363708496,-8.535636901855469,40.33313751220703,0
1940,19400023,0.0009231046424247324,-0.0822700709104538,-0.9982942342758179,-0.6860576868057251,0.2691444456577301,0.3501109778881073,29.879974365234375,-10.110983848571777,38.7993049621582,0
1941,19409860,-0.06137416139245033,-0.01905973069369793,-0.999675989151001,-0.11006765067577362,0.36078378558158875,-0.4893135726451874,30.771526336669922,-8.879615783691406,38.63107681274414,0
1942,19419991,0.010593036189675331,-0.07762229442596436,-1.0137643814086914,0.44367295503616333,0.3783726394176483,-0.6474079489707947,28.753135681152344,-9.339252471923828,39.374839782714844,0
1943,19429770,-0.02314082160592079,-0.04077063500881195,-1.0222746133804321,-0.29726991057395935,0.35912296175956726,0.7892732620239258,30.337265014648438,-9.452251434326172,40.41703414916992,0
1944,19439525,0.05895885452628136,0.053578201681375504,-1.0062874555587769,0.7014631628990173,-0.6190614104270935,-0.31740802526474,29.009803771972656,-11.344904899597168,40.28631591796875,0
1945,19449703,-0.08162451535463333,0.048348456621170044,-1.030261516571045,0.21483662724494934,-0.23269528150558472,-0.5083314776420593,30.231578826904297,-10.295004844665527,40.7812614440918,0
1946,19460042,-0.015678511932492256,0.026726922020316124,-0.9971527457237244,0.30286112427711487,-0.15665841102600098,0.22431163489818573,29.66895294189453,-11.17181396484375,39.71289825439453,0
1947,19469860,0.08123395591974258,0.12241028994321823,-1.0004981756210327,0.07350429147481918,-0.7284806966781616,-1.17021644115448,29.44081687927246,-10.061881065368652,41.00261688232422,0
1948,19479700,0.0558704137802124,0.04337724670767784,-0.9862561225891113,-0.2694324553012848,0.14349445700645447,0.11515769362449646,30.613445281982422,-9.884356498718262,38.978675842285156,0
1949,19490039,0.012163401581346989,-0.010968523100018501,-1.0036064386367798,1.0574140548706055,0.08610602468252182,0.2378103882074356,30.191415786743164,-10.226417541503906,40.95791244506836,0
1950,19500064,0.0058443499729037285,-0.018472887575626373,-0.9818082451820374,-0.01226152665913105,0.08570760488510132,0.07446569204330444,30.449377059936523,-10.428139686584473,37.887290954589844,0
1951,19510262,-0.09677356481552124,-0.024718988686800003,-1.0026880502700806,0.06213173642754555,0.015522041358053684,-0.8477972149848938,30.260183334350586,-7.539220809936523,41.286502838134766,0
1952,19519980,0.03027830831706524,-0.025325842201709747,-1.0114812850952148,0.4954196512699127,0.22388720512390137,0.4825214147567749,29.40378761291504,-10.95787239074707,41.564002990722656,0
1953,19530224,-0.013820111751556396,-0.039001643657684326,-1.0081301927566528,0.8500527739524841,-0.13589464128017426,0.054075296968221664,29.880300521850586,-10.751700401306152,41.075557708740234,0
1954,19539967,-0.007644793950021267,0.025367366150021553,-1.011322259902954,0.20237524807453156,0.13001447916030884,-0.3782215416431427,30.349958419799805,-11.161941528320312,39.142242431640625,0
1955,19549880,0.1089651882648468,0.02620263583958149,-0.9906564354896545,-0.05549829080700874,0.31345969438552856,-0.08447682857513428,30.401836395263672,-9.73077392578125,38.58222579956055,0
1956,19559949,0.032565854489803314,0.03620509058237076,-0.9617419242858887,-0.39319464564323425,-0.8541876673698425,0.5993346571922302,29.83892059326172,-11.902909278869629,39.87836456298828,0
1957,19569871,-0.036027323454618454,-0.03107893280684948,-0.989255964756012,-0.22298964858055115,-0.6208987236022949,0.18416661024093628,31.515277862548828,-9.51413345336914,40.454551696777344,0
1958,19579958,-0.0346689410507679,0.012232653796672821,-0.9959121942520142,-0.26858219504356384,0.22469386458396912,0.23575878143310547,29.15404510498047,-11.377532958984375,39.484310150146484,0
1959,19590299,0.0386541523039341,-0.038963790982961655,-0.9947479963302612,-0.8392627239227295,0.2684025764465332,0.22771751880645752,29.51129150390625,-9.983936309814453,38.0941276550293,0
1960,19600069,-0.05412476509809494,-0.060889311134815216,-0.9892194271087646,-0.211563840508461,0.07559702545404434,0.3467307686805725,29.57106590270996,-11.145222663879395,41.68099594116211,0
1961,19609904,-0.03609402850270271,0.025250837206840515,-1.0116302967071533,-0.21946781873703003,0.31893065571784973,-0.36675575375556946,29.580568313598633,-8.813806533813477,38.8121223449707,0
1962,19619968,-0.05109662935137749,0.060531485825777054,-1.0066537857055664,-0.5477814674377441,0.39066654443740845,0.28565916419029236,30.855440139770508,-9.371315002441406,41.148162841796875,0
1963,19629915,0.0011363527737557888,0.024357475340366364,-1.003631591796875,0.3399924337863922,0.33131855726242065,1.1883080005645752,30.834239959716797,-10.535123825073242,41.49679183959961,0
1964,19639767,-0.028573738411068916,-0.02047913335263729,-0.979497492313385,-0.27723729610443115,0.05090523883700371,-0.04538578912615776,30.95296859741211,-10.564348220825195,40.134830474853516,0
1965,19649937,-0.044675614684820175,0.055186156183481216,-0.9817850589752197,0.33155515789985657,-0.3148905038833618,0.3072264790534973,28.957887649536133,-8.24871826171875,40.80839538574219,0
1966,19660176,0.11191782355308533,-0.05642331391572952,-0.9576188921928406,-0.1443864107131958,0.9822466969490051,0.1586047112941742,30.575119018554688,-9.045368194580078,38.74905776977539,0
1967,19670016,-0.05162715166807175,0.020405402407050133,-0.9995628595352173,0.8493557572364807,0.029572978615760803,0.36960190534591675,28.89086151123047,-10.292200088500977,39.731685638427734,0
1968,19680182,-0.0165016558021307,0.06572424620389938,-0.9699559211730957,-0.15184028446674347,-0.00984744168817997,0.18536867201328278,29.845394134521484,-8.213445663452148,40.63688659667969,0
1969,19689876,0.0020377449691295624,0.003211457282304764,-1.0162148475646973,-0.6236721277236938,-0.22761939465999603,0.15649621188640594,29.82666778564453,-10.921880722045898,38.70211410522461,0
1970,19700176,-0.042275868356227875,-0.06699944287538528,-0.9920493960380554,-0.1315145343542099,1.5180844068527222,-0.4825475215911865,30.510761260986328,-10.101563453674316,41.218841552734375,0
1971,19709990,0.022264491766691208,-0.0015318682417273521,-1.0399612188339233,0.3101622760295868,0.22635629773139954,-0.12890960276126862,28.485885620117188,-9.603070259094238,40.225826263427734,0
1972,19720013,0.1302485466003418,-0.04315444454550743,-0.9758445024490356,-0.05628826096653938,0.029430769383907318,0.19514550268650055,30.84089469909668,-8.667196273803711,38.838558197021484,0
1973,19729648,-0.026528721675276756,0.19007529318332672,-1.0037111043930054,0.3679153025150299,1.0793774127960205,-0.45719584822654724,30.506044387817383,-9.698956489562988,39.70915603637695,0
1974,19739977,-0.0395025834441185,-0.0184042826294899,-0.9912001490592957,-0.5841432213783264,0.2340792864561081,-1.5894434452056885,30.390501022338867,-9.80666446685791,39.49193572998047,0
1975,19749823,-0.03346886485815048,-0.013620586134493351,-1.0150500535964966,0.6033000946044922,0.4760102331638336,0.07727959007024765,31.158945083618164,-12.70069694519043,39.408409118652344,0
1976,19759803,-0.07989390939474106,-0.008817332796752453,-0.9931052327156067,0.22994641959667206,0.18052810430526733,0.5846537947654724,28.471345901489258,-9.851446151733398,40.081790924072266,0
1977,19769862,0.02917378582060337,-0.0418434664607048,-1.018850564956665,0.4465206563472748,-0.33856692910194397,0.29484203457832336,30.321090698242188,-10.107392311096191,40.14762878417969,0
1978,19780156,0.11436743289232254,0.058147184550762177,-1.0053040981292725,-0.14634576439857483,-0.35853806138038635,0.6733913421630859,29.10947608947754,-9.129093170166016,40.75840759277344,0
1979,19790153,-0.09670906513929367,0.0016135895857587457,-0.9932059049606323,-0.024840136989951134,-0.8968631029129028,-0.2444763034582138,29.78121566772461,-10.847382545471191,42.44578170776367,0
1980,19800077,0.03963107615709305,0.014157979749143124,-1.0106548070907593,-0.8043994903564453,-0.3041871190071106,-0.20548614859580994,29.06108856201172,-9.22478199005127,40.801856994628906,0
1981,19809976,0.09282538294792175,0.0890423059463501,-1.006850242614746,-0.06271415948867798,0.5014370083808899,0.06996645033359528,30.99413299560547,-9.272527694702148,39.607086181640625,0
1982,19819990,-0.019243981689214706,0.04868675768375397,-0.9822273850440979,-0.23664279282093048,0.15735319256782532,-0.4898185133934021,29.593875885009766,-12.123496055603027,40.35323715209961,0
1983,19830011,0.04685916006565094,0.006930001545697451,-1.0045655965805054,-1.3938143253326416,-0.14926308393478394,0.0179437268525362,27.874248504638672,-10.196770668029785,39.805294036865234,0
1984,19840078,0.022537602111697197,-0.010053832083940506,-1.0001189708709717,0.5847022533416748,0.14736886322498322,-0.3428925573825836,30.643896102905273,-9.431084632873535,40.555843353271484,0
1985,19850067,0.03522510454058647,0.051852352917194366,-1.0348854064941406,-0.5334514379501343,0.03821457549929619,-0.21190954744815826,29.948944091796875,-8.709793090820312,41.38036346435547,0
1986,19859889,0.07246313989162445,-0.05731673166155815,-0.9356839656829834,0.278435617685318,-0.7474485635757446,-0.4035174548625946,29.482797622680664,-6.415648460388184,38.52693176269531,0
1987,19870346,0.009515604004263878,0.019650591537356377,-0.9930002093315125,-0.3319348394870758,0.8519065380096436,0.5663983821868896,29.865379333496094,-9.479350090026855,39.53630828857422,0
1988,19879999,0.009979392401874065,-0.009090219624340534,-0.9917218685150146,0.8203696012496948,-0.5934474468231201,0.1937153935432434,29.94934844970703,-8.868167877197266,40.26029586791992,0
1989,19890314,0.13837897777557373,0.04907858744263649,-1.0425903797149658,0.6227214932441711,-0.3824065625667572,-0.22883003950119019,29.118791580200195,-11.019548416137695,40.1018180847168,0
1990,19900023,0.03270849213004112,-0.03490925580263138,-0.9818688035011292,-0.5919484496116638,-0.09888555109500885,0.19862100481987,31.85935401916504,-8.05752182006836,39.952388763427734,0
1991,19909971,-0.05752966180443764,0.02108565717935562,-0.9987164735794067,-0.2651669681072235,-0.8727649450302124,0.3343302607536316,29.780004501342773,-11.306554794311523,39.76082992553711,0
1992,19919968,0.02426498755812645,0.07612019777297974,-1.0089311599731445,0.045632172375917435,0.42908719182014465,0.43075400590896606,30.360977172851562,-11.040506362915039,39.34619903564453,0
1993,19930093,-0.056902848184108734,-0.06316836923360825,-1.0067641735076904,-0.43419453501701355,-0.20167480409145355,-0.6819944977760315,29.648717880249023,-8.343666076660156,39.27111053466797,0
1994,19940113,0.03144431859254837,0.04611784219741821,-1.0247925519943237,-1.0748400688171387,0.48126906156539917,-0.8742525577545166,30.132190704345703,-11.02525520324707,39.946685791015625,0
1995,19949965,-0.061455003917217255,0.03245151415467262,-0.9770336747169495,0.8137280344963074,0.025413604453206062,-0.06317580491304398,29.366989135742188,-10.720867156982422,39.47138214111328,0
1996,19959828,0.0012604158837348223,-0.019421951845288277,-1.014990210533142,-0.04342998191714287,0.7423709034919739,-0.7819920182228088,29.39286231994629,-9.804776191711426,39.026466369628906,0
1997,19970111,-0.08004236966371536,-0.06078021228313446,-1.0142872333526611,0.26317501068115234,-0.4740879237651825,-0.22482694685459137,31.003080368041992,-10.736091613769531,41.63529586791992,0
1998,19979865,0.06633932143449783,0.015263641253113747,-0.9934963583946228,0.8058369159698486,-0.09867987781763077,0.5479084849357605,30.232894897460938,-10.30707836151123,39.60907745361328,0
1999,19990041,-0.05358684062957764,-0.03887791186571121,-0.9748238325119019,0.05677821859717369,0.7386938333511353,-0.8108246326446533,30.46885108947754,-11.077081680297852,39.76485061645508,0
2000,20000179,-0.0037672396283596754,-0.03026961348950863,-1.0300699472427368,0.8670672178268433,0.29147252440452576,-0.8887957334518433,28.430017471313477,-10.832927703857422,40.16592788696289,0
2001,20009937,-0.01296144351363182,-0.041164763271808624,-1.025210976600647,0.17144615948200226,1.095225214958191,-0.580077588558197,30.016685485839844,-10.007572174072266,39.74750518798828,0
2002,20020016,0.11813760548830032,-0.03900465369224548,-0.995107114315033,0.1844422072172165,-0.42117053270339966,0.5079803466796875,29.982086181640625,-9.448919296264648,39.81657409667969,0
2003,20030181,-0.03936491161584854,-0.08364028483629227,-0.9865121245384216,0.019155588001012802,0.727701723575592,0.17181138694286346,31.18766975402832,-9.924287796020508,40.18195724487305,0
2004,20039812,0.044251903891563416,-0.004089486785233021,-1.0037734508514404,-0.5703369379043579,0.2713058292865753,0.9643678069114685,29.78603744506836,-9.215995788574219,40.00091552734375,0
2005,20049984,0.07625450193881989,0.06138282269239426,-0.9997449517250061,-0.7920534610748291,0.12485183775424957,0.48559293150901794,31.554519653320312,-10.290284156799316,39.325077056884766,0
2006,20059860,-0.01464963797479868,-0.010165921412408352,-1.0075615644454956,1.0340176820755005,0.05346358194947243,0.004996627569198608,30.851137161254883,-11.099963188171387,40.29087829589844,0
2007,20069829,0.0312352254986763,-0.03527170419692993,-1.0240265130996704,0.07187438756227493,-0.14020949602127075,0.8156325817108154,30.396121978759766,-9.56128215789795,40.13145446777344,0
2008,20079883,0.006928933784365654,-0.03389847278594971,-0.9946547746658325,1.2645623683929443,-0.517505943775177,-0.5025540590286255,29.195405960083008,-9.135127067565918,41.18181610107422,0
2009,20089878,0.004528749734163284,0.02059296704828739,-0.9911388158798218,-0.1288965493440628,-0.8043270707130432,-0.5284466743469238,30.310604095458984,-10.221394538879395,41.24409103393555,0
2010,20099641,-0.02571769244968891,0.06660138070583344,-0.9883832335472107,-1.1207568645477295,0.09959053248167038,0.6579599380493164,30.028682708740234,-9.478437423706055,38.43865203857422,0
2011,20109856,-0.018573366105556488,-0.017958441749215126,-0.9777022004127502,-0.16925151646137238,-0.3503412902355194,-0.26614314317703247,29.770946502685547,-9.382772445678711,38.84766387939453,0
2012,20120103,0.002354667754843831,-0.10001237690448761,-1.011940598487854,-0.3422844707965851,-1.0166929960250854,0.2307291179895401,29.89817237854004,-9.47244644165039,40.8997688293457,0
2013,20129988,-0.003713355166837573,-0.06397416442632675,-0.9724546670913696,-1.0871391296386719,-0.331655353307724,-0.006052469834685326,29.87432861328125,-11.42689323425293,41.41853713989258,0
2014,20139979,0.0335690937936306,-0.040060270577669144,-1.0114905834197998,0.6641104221343994,0.4381246566772461,0.016713183373212814,28.3043212890625,-9.726910591125488,41.50956344604492,0
2015,20149870,0.023980271071195602,0.012378556653857231,-1.0372337102890015,-0.23724405467510223,-0.3081849217414856,-0.06899247318506241,29.953569412231445,-8.973464965820312,39.80625915527344,0
2016,20159908,0.05380256101489067,0.015329410322010517,-1.0206423997879028,0.06038049980998039,-0.042997948825359344,-0.4253288805484772,27.251298904418945,-10.880043983459473,41.465633392333984,0
2017,20170057,-0.0692305639386177,0.009577971883118153,-0.999034583568573,0.13306111097335815,0.5498389005661011,-0.45752859115600586,30.268985748291016,-8.515064239501953,39.30341339111328,0
2018,20179777,-0.001807406428270042,0.013107206672430038,-1.0277018547058105,-0.3461993336677551,-0.016694722697138786,0.622211217880249,29.69031524658203,-10.462366104125977,40.23030090332031,0
2019,20189949,0.018214151263237,0.02322007343173027,-0.9817811250686646,-0.8812031149864197,0.5851900577545166,0.8065500259399414,30.015979766845703,-8.950736999511719,38.93321228027344,0
2020,20199883,-0.01807725802063942,-0.0895807147026062,-0.9891580939292908,0.38146528601646423,0.40091267228126526,-0.31644904613494873,30.246265411376953,-9.293702125549316,41.01121139526367,0
2021,20210163,-0.025877144187688828,-0.01694962941110134,-0.9791182279586792,-0.07832475751638412,-0.25631988048553467,0.05170458182692528,32.00228500366211,-10.181415557861328,38.66123580932617,0
2022,20219948,0.0619039312005043,-0.09634985774755478,-1.0274580717086792,1.2879067659378052,-0.45452266931533813,-0.09389389306306839,31.032384872436523,-10.649199485778809,38.89905548095703,0
2023,20230117,-0.024251140654087067,-0.0428052581846714,-1.0524134635925293,-0.2075134664773941,0.795619785785675,-0.21613165736198425,29.574769973754883,-9.949464797973633,39.199039459228516,0
2024,20239883,0.08227120339870453,-0.03932803124189377,-1.0238196849822998,-0.7712569832801819,-0.17554396390914917,-0.059657007455825806,28.42594337463379,-9.488129615783691,39.488704681396484,0
2025,20250086,0.031463462859392166,-0.018051540479063988,-0.9982998967170715,-0.6321877837181091,0.2716456949710846,-0.3694586753845215,28.695663452148438,-11.301935195922852,42.53445816040039,0
2026,20259998,-0.0024671880528330803,-0.06646938621997833,-0.9840038418769836,0.22768427431583405,0.5508447289466858,-0.3894991874694824,29.39080238342285,-9.603513717651367,38.78608322143555,0
2027,20270189,0.06697285920381546,-0.017542744055390358,-0.9903188347816467,-0.03246266022324562,-0.26240578293800354,0.6914991140365601,29.156681060791016,-9.520195007324219,39.09521484375,0
2028,20280053,0.022783832624554634,-0.08996909111738205,-1.0261427164077759,0.3171001970767975,-0.599098265171051,0.5929213762283325,31.57175636291504,-10.707480430603027,39.40790557861328,0
2029,20289826,0.007694633211940527,-0.0749700665473938,-1.0078388452529907,0.39910557866096497,0.357258677482605,0.023351462557911873,29.34186363220215,-11.261960983276367,39.25758743286133,0
2030,20300105,-0.04216182231903076,0.018397264182567596,-1.009650468826294,-0.40211033821105957,-0.2918078899383545,0.34544575214385986,29.785804748535156,-10.057734489440918,40.16812515258789,0
2031,20309858,-0.04681077599525452,0.09967021644115448,-1.0313966274261475,-0.7571897506713867,1.0671875476837158,0.3984906077384949,30.41567611694336,-9.52444839477539,41.7976188659668,0
2032,20319858,-0.02246868796646595,0.09015780687332153,-1.0436609983444214,-0.29952844977378845,0.07980699837207794,-0.025242779403924942,31.72001075744629,-10.180070877075195,40.43288040161133,0
2033,20329910,-0.056970879435539246,0.006712520029395819,-0.9978506565093994,0.537016749382019,0.7525949478149414,0.013837355189025402,27.843286514282227,-9.528939247131348,39.46525955200195,0
2034,20340258,0.07672116905450821,-0.024838797748088837,-1.0189814567565918,-0.5240004658699036,0.42985421419143677,-0.4800523817539215,30.625957489013672,-10.591980934143066,38.8295783996582,0
2035,20350067,-0.005690452642738819,0.046349845826625824,-0.9678303003311157,-0.9748097062110901,0.36483368277549744,0.10703619569540024,31.473737716674805,-8.68043041229248,39.14431381225586,0
2036,20359861,-0.03458080068230629,0.05365903303027153,-0.9873255491256714,-0.16670167446136475,0.649907648563385,-0.27281221747398376,30.398279190063477,-10.074657440185547,39.8251953125,0
2037,20370350,0.0190549585968256,0.02343072183430195,-1.0119613409042358,0.19629976153373718,-0.9667006731033325,0.5749790668487549,28.263948440551758,-9.115516662597656,41.108367919921875,0
2038,20380222,0.091391921043396,-0.02869989164173603,-0.995947003364563,-0.29599499702453613,0.5098032355308533,-0.12467363476753235,28.92646026611328,-10.67138385772705,39.874935150146484,0
2039,20389957,0.08369874209165573,0.013834038749337196,-1.0047996044158936,0.3756721615791321,0.1502343863248825,0.061621543020009995,29.842084884643555,-8.83737564086914,38.8576774597168,0
2040,20400098,0.028136901557445526,-0.011961601674556732,-1.0206236839294434,-0.43645259737968445,-0.35146769881248474,0.03646188974380493,29.355878829956055,-10.942139625549316,42.429962158203125,0
2041,20410170,0.030375532805919647,0.024310056120157242,-1.0043675899505615,0.21332325041294098,0.7740139961242676,0.38858985900878906,28.630937576293945,-11.077167510986328,38.414791107177734,0
2042,20420139,-0.04425176978111267,0.06253843754529953,-1.0243701934814453,0.005038089584559202,0.22681623697280884,0.3835727870464325,31.686504364013672,-8.043882369995117,40.551082611083984,0
2043,20430181,-0.03709077090024948,0.026456207036972046,-0.9986876845359802,0.7155635356903076,0.03730529919266701,1.0332852602005005,29.204179763793945,-10.609933853149414,42.23149108886719,0
2044,20440166,-0.05133679136633873,0.07212142646312714,-0.9766242504119873,-0.031114453449845314,-0.40388166904449463,-0.061944421380758286,30.67369270324707,-9.188395500183105,39.97592544555664,0
2045,20449865,-0.04430427774786949,0.019875802099704742,-0.9983071684837341,0.0986834242939949,1.408624529838562,0.21954086422920227,29.015220642089844,-9.39193058013916,39.39820098876953,0
2046,20460035,-0.035677436739206314,-0.002133146394044161,-1.0217903852462769,0.33734866976737976,0.4364694356918335,-1.2258332967758179,30.445310592651367,-10.178667068481445,38.92934036254883,0
2047,20470045,-0.09252506494522095,-0.06541047245264053,-0.9919220209121704,-0.7333417534828186,-0.6988638639450073,-0.1705947369337082,28.967205047607422,-9.36417007446289,40.064476013183594,0
2048,20480153,-0.005561793688684702,0.0793820470571518,-1.0273014307022095,0.8174832463264465,-0.3572750687599182,0.574023425579071,32.04678726196289,-10.92085075378418,42.441097259521484,0
2049,20489749,0.07864580303430557,-0.08460746705532074,-0.9973587989807129,0.3720052242279053,-1.8040112257003784,0.5509670972824097,31.1328125,-10.110075950622559,40.14040756225586,0
2050,20499885,-0.0328323096036911,-0.0054340120404958725,-1.0057183504104614,-0.48008468747138977,0.16210034489631653,0.5185301303863525,30.96693229675293,-11.41465950012207,38.479888916015625,0
2051,20510103,0.013225652277469635,0.032657917588949203,-1.0419797897338867,-0.10358145833015442,0.40846484899520874,-0.22370658814907074,30.179073333740234,-10.672538757324219,39.54230499267578,0
2052,20519938,-0.05563702806830406,0.007988876663148403,-0.9895554780960083,0.06819724291563034,0.07408750057220459,-1.122523307800293,32.69564437866211,-10.533082962036133,39.16969299316406,0
2053,20530034,-0.039953071624040604,0.016412779688835144,-0.9993355870246887,0.6330870985984802,-0.6828724145889282,-0.9872385859489441,29.03281021118164,-9.053979873657227,39.858760833740234,0
2054,20539944,0.033365506678819656,0.1475914865732193,-0.9482214450836182,0.4384981691837311,0.42417722940444946,-0.32778602838516235,30.546192169189453,-10.238417625427246,39.183048248291016,0
2055,20549813,-0.04477870464324951,0.018325360491871834,-1.0052684545516968,0.3756922483444214,-0.2028394490480423,-0.20741616189479828,30.263591766357422,-10.62224292755127,38.834232330322266,0
2056,20560090,-0.079373799264431,-0.03898855671286583,-0.9904292821884155,-0.6713048219680786,-0.42892393469810486,-0.139376699924469,29.805416107177734,-8.720902442932129,41.17102813720703,0
2057,20569843,0.056196752935647964,-0.028832988813519478,-1.0013388395309448,-0.9357876181602478,0.07185567915439606,0.9684468507766724,30.46807861328125,-10.223467826843262,40.39348602294922,0
2058,20579963,0.04033325985074043,-0.006209181156009436,-0.9735267758369446,-0.045365411788225174,0.08716942369937897,0.01525497529655695,29.52863883972168,-10.55531120300293,39.5328369140625,0
2059,20590048,-0.02347584441304207,0.04131121560931206,-0.9611528515815735,0.3161412179470062,0.27982035279273987,0.7236922383308411,28.95665168762207,-11.487676620483398,39.187416076660156,0
2060,20599945,-0.04895267263054848,-0.007817041128873825,-0.9784345626831055,-0.48545053601264954,0.4641001224517822,-0.2787856459617615,28.828994750976562,-9.61586856842041,40.73196029663086,0
2061,20610213,0.044801488518714905,-0.007570494897663593,-1.0340808629989624,-0.39363083243370056,0.1578962355852127,0.06515848636627197,31.662372589111328,-10.383728981018066,40.846492767333984,0
2062,20619875,0.03628048300743103,-0.021797116845846176,-0.9809841513633728,0.09296763688325882,-0.3273076117038727,-0.8185977339744568,29.192935943603516,-10.5271635055542,38.26670837402344,0
2063,20630063,0.010635125450789928,-0.03489260748028755,-1.0333495140075684,-0.5007602572441101,0.20313017070293427,-0.043950341641902924,28.900070190429688,-11.048394203186035,41.27980041503906,0
2064,20640197,-0.0003059783484786749,0.013245620764791965,-1.034726858139038,-0.18505583703517914,-0.455275297164917,-0.5576626062393188,30.428020477294922,-9.111343383789062,40.37156677246094,0
2065,20650050,-0.016804276034235954,0.07096866518259048,-0.995746910572052,-0.11928555369377136,0.7265296578407288,0.761620044708252,28.41115951538086,-11.112844467163086,39.360435485839844,0
2066,20660074,0.09354306757450104,-0.014062820933759212,-0.9857357740402222,0.49428263306617737,-0.02994014509022236,0.2365211695432663,31.01500701904297,-11.718770027160645,40.858463287353516,0
2067,20670019,0.026057157665491104,0.03155236318707466,-0.9776624441146851,-0.028132403269410133,0.24862642586231232,-1.1346384286880493,29.782976150512695,-9.16338062286377,38.74070358276367,0
2068,20680372,-0.009702861309051514,-0.034796297550201416,-1.0458983182907104,-0.22022290527820587,-0.12506768107414246,-0.37608984112739563,28.31766700744629,-12.767068862915039,39.854007720947266,0
2069,20690078,0.01233287900686264,-0.0004036013560835272,-0.9992868304252625,-0.8413809537887573,-0.3651353120803833,0.08449170738458633,29.934707641601562,-9.745880126953125,39.576873779296875,0
2070,20699830,-0.015280986204743385,-0.06355980038642883,-1.015592336654663,-0.21351225674152374,0.154262974858284,0.09571938216686249,30.073131561279297,-11.566116333007812,38.02908706665039,0
2071,20709879,0.09880669414997101,-0.10829520225524902,-1.02019464969635,-0.3426911234855652,-0.8574557304382324,0.0925092101097107,29.92246437072754,-9.859018325805664,39.934757232666016,0
2072,20720112,0.07017899304628372,-0.031701043248176575,-1.0067014694213867,-0.32902002334594727,1.075103759765625,0.39382436871528625,30.56658363342285,-10.026514053344727,40.449432373046875,0
2073,20730252,-0.012291737832129002,-0.038769595324993134,-0.9841961860656738,0.4870415925979614,1.1783828735351562,-0.04069511219859123,30.059194564819336,-9.103645324707031,40.93473815917969,0
2074,20739854,-0.04015914723277092,0.02229280397295952,-1.0142053365707397,0.15721924602985382,-0.42124292254447937,0.1730031669139862,28.073659896850586,-8.992874145507812,40.872154235839844,0
2075,20750067,0.00754837179556489,-0.0444905161857605,-0.9796752333641052,-0.08096645027399063,0.31543779373168945,-0.5638455748558044,31.64580535888672,-10.992637634277344,40.50110626220703,0
2076,20760230,-0.030767282471060753,-0.04352537542581558,-1.0181182622909546,-0.15012715756893158,-1.2654073238372803,0.7079599499702454,29.675647735595703,-10.312413215637207,40.643863677978516,0
2077,20770004,0.07726755738258362,-0.03361748903989792,-0.9898979663848877,0.08196362107992172,0.10434911400079727,0.09244095534086227,31.07122230529785,-11.316951751708984,40.0171012878418,0
2078,20779967,-0.11470520496368408,-0.016167886555194855,-1.0210797786712646,0.2502870261669159,0.20989957451820374,-0.1064663827419281,30.018402099609375,-11.784790992736816,40.739105224609375,0
2079,20790123,0.02668583206832409,0.057158853858709335,-0.9987515807151794,-0.22709842026233673,-0.0011956862872466445,0.40360790491104126,29.996257781982422,-9.8592529296875,40.41694641113281,0
2080,20799766,-0.006174204871058464,0.0013957517221570015,-0.9903208613395691,-0.8850414156913757,0.07807247340679169,-0.6684972047805786,30.529895782470703,-11.233993530273438,39.412349700927734,0
2081,20810044,-0.0019995723851025105,-0.03500475361943245,-0.9965527057647705,0.10713990777730942,-0.4096508324146271,-0.04528052359819412,31.21087074279785,-10.902685165405273,39.07697677612305,0
2082,20819927,-0.06586633622646332,-0.13261117041110992,-1.0297269821166992,-0.06759849935770035,-0.2561686038970947,0.4756375551223755,31.00636100769043,-10.636767387390137,40.81249237060547,0
2083,20830212,-0.06612591445446014,0.027878237888216972,-0.9543347954750061,0.02268867753446102,-0.3560332655906677,-1.1999294757843018,29.496137619018555,-10.868783950805664,40.976539611816406,0
2084,20840021,0.029624756425619125,-0.02461208775639534,-0.9967638254165649,-0.4377501606941223,0.44593656063079834,-0.006195046938955784,27.197612762451172,-9.977246284484863,40.67829513549805,0
2085,20849917,-0.010110080242156982,-0.02044113166630268,-1.0053354501724243,-0.591539740562439,0.25405195355415344,-0.4916142523288727,29.905826568603516,-8.196701049804688,41.52521896362305,0
2086,20860235,0.004851676523685455,0.0015740154776722193,-1.0426257848739624,0.42297348380088806,-0.46870848536491394,0.6899019479751587,29.834753036499023,-8.2634859085083,39.4640007019043,0
2087,20869679,-0.023026976734399796,0.1338203102350235,-1.0051673650741577,-0.6908361315727234,0.19609899818897247,0.19616244733333588,29.68935775756836,-10.07009506225586,40.455142974853516,0
2088,20880040,0.02526957169175148,0.057438839226961136,-1.0115715265274048,0.4425492286682129,0.0021761206444352865,-0.5879170894622803,27.13077735900879,-10.028070449829102,38.986637115478516,0
2089,20890058,-0.09574037045240402,0.07921886444091797,-1.003679633140564,1.078303337097168,0.6005691885948181,-0.4127941429615021,29.815584182739258,-9.66656494140625,38.88052749633789,0
2090,20900126,0.030657872557640076,-0.08483358472585678,-1.005693793296814,0.26535743474960327,0.42910563945770264,0.005245034582912922,29.992351531982422,-9.743046760559082,39.61322784423828,0
2091,20909960,-0.0984436646103859,-0.03259168192744255,-0.9731066823005676,0.17632725834846497,0.6760714650154114,-0.13675081729888916,30.571176528930664,-9.912203788757324,41.30297088623047,0
2092,20919912,-0.008123940788209438,-0.04178764298558235,-1.0124026536941528,0.391597718000412,-0.2651926577091217,-0.15701016783714294,30.900135040283203,-10.13718032836914,39.59111022949219,0
2093,20929789,-0.08664834499359131,-0.08491014689207077,-1.0313150882720947,-0.09093630313873291,0.40885552763938904,0.6465847492218018,30.005949020385742,-11.02955150604248,38.52531433105469,0
2094,20939927,-0.0038071447052061558,-0.013476991094648838,-1.0177642107009888,0.03636229410767555,-0.1536893993616104,0.5429725050926208,29.176244735717773,-10.090020179748535,39.80579376220703,0
2095,20949909,-0.03351740166544914,0.07532300800085068,-1.0067540407180786,0.3516678214073181,-0.27835533022880554,-0.802425742149353,30.330881118774414,-10.6596040725708,38.56901168823242,0
2096,20959754,-0.027524299919605255,0.0018996032886207104,-1.0094329118728638,-0.9109418392181396,-0.787337601184845,-0.667961835861206,31.727787017822266,-9.737184524536133,39.358638763427734,0
2097,20969851,-0.009311500005424023,0.061921849846839905,-0.9999107718467712,0.39097920060157776,-0.5726884007453918,0.0886867567896843,30.21426773071289,-7.749389171600342,40.43491744995117,0
2098,20980027,-0.01772998832166195,0.057897236198186874,-0.990566074848175,0.16400431096553802,0.29549548029899597,-0.47729092836380005,28.918193817138672,-9.926774978637695,38.092716217041016,0
2099,20990155,-0.011537067592144012,0.09215186536312103,-0.9835139513015747,0.10891681164503098,-1.008906602859497,0.6401275396347046,29.88786506652832,-10.648941040039062,39.38115692138672,0
2100,21000020,0.0811702236533165,0.030396563932299614,-1.001447319984436,-0.11151812225580215,-0.20814906060695648,0.11337719112634659,30.238842010498047,-9.65385913848877,39.03538513183594,0
2101,21009931,0.06308288127183914,0.043010856956243515,-1.000497817993164,-0.6389874815940857,0.22143352031707764,-0.03230157867074013,31.06513023376465,-9.877401351928711,39.30933380126953,0
2102,21020017,0.023419305682182312,-0.021106787025928497,-1.0118306875228882,-0.9032312631607056,0.24318251013755798,0.42957812547683716,28.17691993713379,-11.961983680725098,41.72795486450195,0
2103,21029958,-0.03696873039007187,-0.03967278078198433,-0.9964279532432556,-0.020159630104899406,-0.20684796571731567,-0.09119195491075516,28.485673904418945,-9.682430267333984,39.99664306640625,0
2104,21039920,-0.0023896479979157448,-0.03713945299386978,-1.0319181680679321,-0.40979236364364624,-0.26739993691444397,0.8899524807929993,29.549745559692383,-7.535043716430664,39.75034713745117,0
2105,21049930,0.03396352753043175,-0.01604088395833969,-1.0041236877441406,-0.04830161854624748,0.11728128045797348,-0.03187095373868942,32.10590744018555,-10.93275260925293,41.08403015136719,0
2106,21060083,-0.015556520782411098,0.030591553077101707,-0.9985591769218445,-0.628375232219696,0.14259856939315796,0.47125792503356934,29.95523452758789,-8.69239616394043,40.507232666015625,0
2107,21069909,-0.055956579744815826,-0.06672599911689758,-1.0076566934585571,0.23527054488658905,0.4806790351867676,-0.5480177402496338,29.377567291259766,-11.286291122436523,38.36420822143555,0
2108,21080034,0.08891644328832626,0.012348701246082783,-0.9901478886604309,1.0620040893554688,0.32151132822036743,-0.6346125602722168,30.671485900878906,-10.56287670135498,39.639122009277344,0
2109,21089909,-0.06800573319196701,-0.016057394444942474,-0.9713777899742126,-0.3691874146461487,-0.021266518160700798,0.13030631840229034,28.68170166015625,-10.143978118896484,39.275421142578125,0
2110,21099978,0.011730858124792576,0.06875118613243103,-1.00190007686615,-0.09270898997783661,-0.5856543183326721,-0.6812931299209595,28.183992385864258,-10.629865646362305,37.84780502319336,0
2111,21110114,-0.05957280099391937,-0.0027755163609981537,-0.974822461605072,0.2775346040725708,-0.7222920060157776,0.14025487005710602,29.685321807861328,-9.12208080291748,39.80942153930664,0
2112,21119629,0.019220156595110893,-0.07561561465263367,-1.0190114974975586,0.28754088282585144,-1.0162925720214844,0.1211342066526413,31.52066993713379,-10.127570152282715,40.75649642944336,0
2113,21130014,-0.06675495207309723,-0.02878342755138874,-0.9893396496772766,0.2693237066268921,-0.08176477998495102,-0.2370748370885849,31.327346801757812,-9.694830894470215,39.10929489135742,0
2114,21140252,-0.0045579588040709496,-0.004726924002170563,-0.9889437556266785,-0.8105407357215881,-0.2327943593263626,0.6434339880943298,31.01955223083496,-10.517777442932129,39.53995132446289,0
2115,21149933,-0.007530339993536472,-0.035918399691581726,-0.9793727993965149,-0.4133656919002533,-0.23162111639976501,-0.1420823186635971,31.02676010131836,-9.021392822265625,39.10232162475586,0
2116,21159962,-0.1259763091802597,-0.050753023475408554,-0.9901752471923828,-0.10813744366168976,0.19162915647029877,-0.00520136347040534,29.965124130249023,-9.137863159179688,39.621063232421875,0
2117,21169853,-0.0490078404545784,0.020928161218762398,-0.9934398531913757,0.032080598175525665,0.3251916170120239,0.10716250538825989,31.46491050720215,-8.90215015411377,38.808956146240234,0
2118,21179899,-0.040912218391895294,0.024372583255171776,-1.002272605895996,0.11748476326465607,0.25744470953941345,0.6334364414215088,30.601226806640625,-10.760490417480469,39.72525405883789,0
2119,21189791,0.02621675655245781,-0.09222057461738586,-0.9960877299308777,0.8043112754821777,0.493784636259079,0.8378308415412903,29.518051147460938,-10.19306468963623,38.98769760131836,0
2120,21200277,0.056707702577114105,-0.10396019369363785,-0.9640730619430542,0.8619496822357178,-0.2464183270931244,-0.17980171740055084,30.587217330932617,-10.509652137756348,40.61654281616211,0
2121,21209896,-0.08341677486896515,-0.03024081513285637,-1.007693886756897,-0.41048377752304077,-0.0889497920870781,0.14918231964111328,31.40976905822754,-9.434172630310059,40.55925369262695,0
2122,21220017,0.0276641808450222,0.05827859789133072,-1.0098516941070557,-0.004734893329441547,0.6747816801071167,0.5195974707603455,29.50397491455078,-9.831192970275879,39.06673049926758,0
2123,21229770,0.00879565067589283,-0.0729319304227829,-1.0049655437469482,0.11319773644208908,-0.7055936455726624,-0.03138623386621475,29.24891471862793,-10.99724292755127,39.440006256103516,0
2124,21240022,-0.08258602768182755,0.005940103903412819,-0.9961849451065063,-0.6692372560501099,0.18415112793445587,0.06662066280841827,29.37639045715332,-10.215110778808594,40.15263366699219,0
2125,21250258,0.022170422598719597,-0.0675523653626442,-1.0088157653808594,-0.24925033748149872,-0.07229753583669662,0.0453297458589077,31.677650451660156,-9.154454231262207,40.27859115600586,0
2126,21259853,-0.024652203544974327,-0.05439649149775505,-1.0145375728607178,0.4304710030555725,0.9311298727989197,-0.546493411064148,30.493545532226562,-10.382380485534668,39.01268768310547,0
2127,21269951,0.025425836443901062,-0.039699140936136246,-1.0210496187210083,-0.6543499827384949,-0.018504206091165543,-0.2638361155986786,30.350862503051758,-10.87012004852295,40.991477966308594,0
2128,21280160,-0.06955721229314804,-0.037763338536024094,-1.0210750102996826,0.19483286142349243,-0.03771777078509331,0.407126247882843,30.06085777282715,-11.061267852783203,39.63608169555664,0
2129,21289970,0.07778264582157135,0.034860894083976746,-1.028565526008606,-0.1756274253129959,0.5347728133201599,0.08732172101736069,29.8455810546875,-10.482561111450195,39.420162200927734,0
2130,21299877,-0.036270465701818466,0.0740300863981247,-1.0305498838424683,-0.379888117313385,-0.6347784399986267,0.2975294291973114,28.505290985107422,-9.431069374084473,41.47216796875,0
2131,21310019,-0.0393361859023571,-0.026246754452586174,-0.9523463249206543,0.7693018317222595,-0.5953434109687805,0.6235486268997192,29.907930374145508,-11.78115463256836,39.08820724487305,0
2132,21320002,0.014549975283443928,0.03212960436940193,-1.0034433603286743,0.28874844312667847,-0.2406361997127533,1.4691485166549683,31.21430015563965,-8.242023468017578,41.267539978027344,0
2133,21329989,0.1014428436756134,0.042339734733104706,-0.9909047484397888,-0.3384276032447815,0.3836555480957031,0.14497408270835876,30.774166107177734,-9.938141822814941,39.97261428833008,0
2134,21340294,-0.004203354939818382,0.00955014768987894,-0.9941661953926086,0.2895011305809021,-0.06714783608913422,-1.1805340051651,29.930402755737305,-9.75937271118164,40.74500274658203,0
2135,21349923,-0.045256100594997406,0.07878134399652481,-1.042250156402588,-0.9364330172538757,-0.5627374649047852,-0.9044750928878784,28.74228286743164,-9.238005638122559,37.18910217285156,0
2136,21359851,-0.0024139038287103176,-0.002215996850281954,-1.0082018375396729,1.009806752204895,-0.4351605474948883,-0.40890833735466003,29.284038543701172,-10.238411903381348,39.190208435058594,0
2137,21369879,-0.056556861847639084,-0.06501642614603043,-1.0070229768753052,0.3676062226295471,-0.771072506904602,-0.16591890156269073,30.908884048461914,-10.982596397399902,38.66994857788086,0
2138,21380012,0.019483378157019615,-0.027416078373789787,-0.9682455062866211,0.322977751493454,0.6588520407676697,0.11903665214776993,28.288026809692383,-9.287424087524414,38.23885726928711,0
2139,21389997,-0.005134140141308308,-0.049622029066085815,-1.001341462135315,-0.04674438014626503,-0.41353991627693176,0.08479256927967072,29.00625991821289,-10.943408966064453,40.290565490722656,0
2140,21400088,0.07593435049057007,0.0666770190000534,-1.0015372037887573,0.4383540749549866,0.2847369909286499,0.6057518720626831,31.857879638671875,-9.626252174377441,38.98940658569336,0
2141,21410019,-0.04178943857550621,-0.03515708073973656,-0.9802405834197998,-0.12149616330862045,0.007144576404243708,-0.1770603209733963,30.529029846191406,-10.011855125427246,42.5451545715332,0
2142,21419738,-0.06723685562610626,-0.009926477447152138,-0.9587538838386536,0.47015395760536194,-0.02327166497707367,-0.2208983600139618,29.796863555908203,-10.279444694519043,40.526954650878906,0
2143,21429884,-0.029791157692670822,0.05553201213479042,-0.9879090785980225,0.35747721791267395,0.07910186797380447,0.14305716753005981,28.77656364440918,-11.036110877990723,40.13209915161133,0
2144,21439893,0.112849161028862,0.010709613561630249,-1.0146713256835938,-0.22499501705169678,-0.47934383153915405,-0.8599629998207092,29.598419189453125,-9.38282299041748,40.18731689453125,0
2145,21449954,0.002456949558109045,-0.019540101289749146,-1.0244280099868774,-0.037152018398046494,-0.8356683850288391,-0.1401282697916031,30.55274200439453,-10.017536163330078,39.838687896728516,0
2146,21460178,-0.06051762029528618,0.04376748949289322,-0.9978697896003723,-0.48208725452423096,0.48227936029434204,-0.1576259881258011,30.7263126373291,-10.967708587646484,41.669010162353516,0
2147,21470027,0.07221708446741104,0.0038354755379259586,-0.9883885979652405,-0.23533517122268677,0.16909141838550568,0.30638325214385986,30.54229164123535,-9.461262702941895,39.372013092041016,0
2148,21479992,0.054781440645456314,0.02818909101188183,-1.0088649988174438,0.7124156951904297,-0.0838509202003479,-1.5808099508285522,28.66864776611328,-10.011945724487305,40.693077087402344,0
2149,21489731,-0.057056181132793427,0.0482618473470211,-0.9845691323280334,0.21398475766181946,-0.04694308340549469,-0.17885395884513855,29.376264572143555,-10.174104690551758,40.8288459777832,0
2150,21499987,-0.026572925969958305,0.013685240410268307,-1.0012340545654297,-0.4410695731639862,-0.07030579447746277,-0.7012807726860046,30.178598403930664,-8.052136421203613,39.3355598449707,0
2151,21509861,-0.04422364756464958,0.059296417981386185,-0.9841572642326355,0.7443974018096924,-0.15174318850040436,0.4896845519542694,29.969493865966797,-9.674641609191895,41.317626953125,0
2152,21519848,0.003072017105296254,-0.07879091799259186,-1.0016533136367798,0.531444787979126,0.3808162808418274,-0.35442641377449036,30.345617294311523,-10.510692596435547,40.402061462402344,0
2153,21529979,-0.02224913239479065,0.022103456780314445,-0.9995256662368774,0.5613905787467957,-0.4263691008090973,0.4277237355709076,30.14132308959961,-9.758594512939453,41.008548736572266,0
2154,21540053,0.06821680814027786,-0.031920261681079865,-1.0191118717193604,-0.9501262307167053,-0.7052766680717468,0.2489236742258072,29.764331817626953,-9.273287773132324,39.82390594482422,0
2155,21549973,-0.015054259449243546,0.01088753156363964,-1.0419161319732666,0.6658539175987244,0.49185752868652344,-0.12028545141220093,31.169775009155273,-9.698468208312988,40.422264099121094,0
2156,21560136,0.04612523317337036,0.04071223363280296,-1.0064353942871094,0.4279126822948456,0.29925769567489624,-0.35660165548324585,30.268146514892578,-11.48076343536377,41.51611328125,0
