t,mx_uT,my_uT,mz_uT
0.0,37.27799686895167,-5.782180408051738,46.01608466003577
0.01,36.9598792598562,-4.352078579089613,46.19504878483277
0.02,36.42871229681088,-2.944271019632978,46.75564851614282
0.03,35.89504026803084,-1.7556998671135935,46.933745152046754
0.04,35.28765698583033,-0.6076482896908479,47.517760318975114
0.05,34.67163110909703,0.7786501007278629,47.823932357250705
0.06,34.051168930104545,2.1426122271134402,47.972931586232924
0.07,33.024719461242846,3.4506637505758784,48.081232042751715
0.08,32.389193424629646,4.518309914932151,48.282392280328054
0.09,31.856549145557917,6.039233630127622,48.51863578321958
0.1,30.872328930059382,7.185245636518276,48.59609274573096
0.11,30.1535574701768,8.597336046041766,48.850962797968535
0.12,29.19375835260225,9.855893184327702,48.55764225205804
0.13,28.443211223615094,11.106277980485928,48.473558988747
0.14,27.51618389458713,12.30570305636936,48.60659906257736
0.15,26.370078970177744,13.538373989911294,48.41639460100466
0.16,25.50355887117523,14.778733423730745,48.221809900969916
0.17,24.38129537557153,15.85581807728487,48.268984559962995
0.18,23.2770439705723,17.158524075842216,48.109404857659435
0.19,22.0741839081753,18.354832813243885,47.96750662723494
0.2,21.05851990484125,19.18807414185135,47.55255870017616
0.21,19.691374120909142,20.366524730665592,47.2432325683974
0.22,18.483240323827644,21.54646353531427,47.18239686847606
0.23,17.315551308167926,22.49182582379406,46.70734311183769
0.24,15.881279438573351,23.34479775842041,46.38561469012953
0.25,14.675890540457962,24.386142430676138,45.83623420998465
0.26,13.236561167011232,25.198451713350646,45.638791326255266
0.27,11.986481511305941,26.099369028192,45.01328937544631
0.28,10.55956037114151,26.707634696817045,44.507302165999164
0.29,9.099535241100027,27.495967603440192,44.00969489201412
0.3,7.362554737693276,28.134908147884094,43.46718356552071
0.31,6.037179376792658,28.822906038211116,43.097997022919195
0.32,4.390301979006169,29.566285048174503,42.343868450133165
0.33,2.827268207813154,30.211692622417967,41.88274559851366
0.34,1.4410227625980134,30.44635679058146,41.027143890128094
0.35000000000000003,-0.2166026217883859,30.98553300714845,40.58211784943241
0.36,-1.9420828658513765,31.194139457003292,39.84575712243597
0.37,-3.599198141844046,31.324229049426926,39.16088899265655
0.38,-5.246071909257815,31.676270419269624,38.56747299826626
0.39,-6.843024247035381,31.819389576965253,37.96343618739721
0.4,-8.584584975336302,32.03779804775989,37.295229219291556
0.41000000000000003,-10.301216879120721,31.640370527726976,36.46704574482356
0.42,-11.933006628287622,31.974994011676507,35.94806338276873
0.43,-13.535060645020751,31.68433660663578,35.25844791253583
0.44,-15.160110469781667,31.41772799603462,34.51126859822643
0.45,-16.68290549805028,31.10280248837207,33.87477276330375
0.46,-18.319389410255873,30.853342677799585,33.20512308439061
0.47000000000000003,-19.975496625684286,30.408617840392214,32.68052650705079
0.48,-21.611013283449136,29.995997025468476,31.835170818122922
0.49,-23.262712905072014,29.255637842334643,31.095530619296152
0.5,-24.735730977029686,28.682560554361448,30.499533481040263
0.51,-26.14729027767465,27.875079609383413,30.051797185392157
0.52,-27.762418887777944,27.187204799682497,29.449186285002167
0.53,-29.19495702792788,26.338064969531715,28.873061600292687
0.54,-30.652871761240714,25.16997220553513,28.48051326804478
0.55,-32.07533803126037,24.27354104297533,27.90668373181319
0.56,-33.17576020826812,23.505168123634352,27.43418970700922
0.5700000000000001,-34.66213655118968,22.403765313888165,26.798375578772013
0.58,-35.771688976350646,21.158777461672905,26.808130894517102
0.59,-36.96611608428206,19.977411868352455,26.13193395450632
0.6,-38.0832437226022,18.738881545976895,25.836950843108713
0.61,-39.036802678316306,17.468260661004273,25.316048553685324
0.62,-39.9154919280233,16.142604966400537,25.067053016855038
0.63,-40.75444111773613,14.674933904069437,24.81669092050037
0.64,-41.931762350640874,13.480608134951444,24.659259208995792
0.65,-42.530978923282525,11.629585805980318,24.263818382727493
0.66,-43.19848151600658,10.082281793862874,24.072522008564704
0.67,-43.83195869940752,8.694246267941935,23.942507831686672
0.68,-44.23038725050849,7.323908421145407,23.955153598527442
0.6900000000000001,-44.860566199552764,5.798640987835299,23.7212918392981
0.7000000000000001,-45.24188032616502,3.934941889867969,23.78885317774577
0.71,-45.387510844148615,2.416361064648426,23.671558546949214
0.72,-45.75815743597367,0.8564488985833176,23.864982078677095
0.73,-45.63033858443865,-0.9748004438070207,23.981008178156728
0.74,-45.88800503590169,-2.673149077031076,24.13165225583371
0.75,-45.726696287027764,-4.184321272394608,24.30929196256037
0.76,-45.687143214723584,-5.6891426922248,24.70083629674381
0.77,-45.44294397489726,-7.244132558498432,24.77336187312173
0.78,-45.24191427901628,-8.77792884881264,24.968529669494274
0.79,-44.79007334725112,-10.597707639811901,25.39556194890457
0.8,-44.46414561981602,-12.204162842197306,25.662364835041565
0.81,-43.718805277657395,-13.521441746572837,26.17975393173012
0.8200000000000001,-43.199521502373386,-14.96633984862068,26.432376649788008
0.8300000000000001,-42.361313965626614,-16.678584387650385,27.02431522756121
0.84,-41.68731561212934,-17.963783069000165,27.559510214334875
0.85,-40.79992716123569,-19.39812321456192,27.945021383066557
0.86,-39.84740023070481,-20.81237779602533,28.39958451674923
0.87,-38.8564569046534,-22.079133958760565,29.145039546058392
0.88,-37.733717755493835,-23.231266416930044,29.612527288415496
0.89,-36.71205304278966,-24.546127893642947,30.035037339799057
0.9,-35.449244071336594,-25.466572029357543,30.647707431269946
0.91,-34.186699370283684,-26.46371641385834,31.441703065583724
0.92,-32.992158746647426,-27.571052073206303,32.00966648435336
0.93,-31.368333542314748,-28.504967119601055,32.72092334551238
0.9400000000000001,-30.188026163081975,-29.45996919540739,33.322879220860145
0.9500000000000001,-28.263797585332625,-30.302605029208298,34.10266812841346
0.96,-26.9557786197157,-30.924784522754408,34.6107960195211
0.97,-25.18028186502117,-31.408446991980924,35.55872574570571
0.98,-23.655496660624653,-32.26316034465955,36.05812269403067
0.99,-22.010809751024173,-32.779901807077756,36.866096770797725
1.0,-20.175169709860608,-33.27655776044444,37.50965512614448
1.01,-18.457660737277795,-33.67389984482873,38.3044739362583
1.02,-16.877707445398116,-33.8097500214909,38.74753595804252
1.03,-15.098243994186989,-34.345134626793374,39.70003946392856
1.04,-13.199991639897096,-34.33185289127826,40.01268923549046
1.05,-11.431016654558965,-34.47870792304597,40.74884677419316
1.06,-9.760784837967774,-34.395861018010145,41.44941732750068
1.07,-7.53796424169889,-34.424321114507414,41.91681194019435
1.08,-6.027918052853854,-34.08821754242869,42.4980189680021
1.09,-4.053536117814795,-33.997330868531165,43.342647366676374
1.1,-2.195360271526609,-33.68399865706807,43.55273303895176
1.11,-0.2927223207702289,-33.31445276143705,44.230786506417346
1.12,1.5523727308313373,-32.97427661248493,44.64144038252247
1.1300000000000001,3.266006596049558,-32.636625329334514,45.190889870369084
1.1400000000000001,5.187709614829827,-32.054355317495244,45.579709177817705
1.1500000000000001,6.705842479259517,-31.472802720753982,45.833807112414966
1.16,8.486041217924498,-30.597784900311108,46.3478772490353
1.17,10.161990608518476,-30.136596239001584,46.731826028337494
1.18,11.862713517395454,-29.12780008392827,47.06383108327994
1.19,13.727058565768004,-28.341155186558183,47.38710436246746
1.2,15.353243309820819,-27.54244831784465,47.583910120570586
1.21,17.00010079526814,-26.428523341612745,47.58903771202655
1.22,18.483024904468596,-25.697436427801428,47.806799941975505
1.23,20.17836897835775,-24.605128881703866,48.11116760266062
1.24,21.69299906438433,-23.534223881281125,48.0410687895477
1.25,22.97145153649863,-22.576632696717205,48.344376261308746
1.26,24.419504856706613,-21.241622938889822,48.31866954985522
1.27,25.923164437444083,-20.129738842481032,48.186847644410086
1.28,27.31267665528202,-19.06718457735891,48.014226938833936
1.29,28.5903020401543,-17.763176815884293,47.98441817281632
1.3,29.863336650183726,-16.413071585406676,47.853465335479825
1.31,31.14882770233499,-15.27492076003807,47.654348703385686
1.32,32.230514418491836,-13.916504032566413,47.520077014183094
1.33,33.29112285592268,-12.789626793965748,47.06251659421915
1.34,34.381933396258354,-11.4878829651029,46.792934414707055
1.35,35.53639638714624,-10.137964814683524,46.48561961264541
1.36,36.390030386452835,-8.644120552313108,46.2064220182453
1.37,37.21728854655335,-7.511008015792236,45.73055241722203
1.3800000000000001,38.449117305800804,-6.1157126677742415,45.269259388387134
1.3900000000000001,39.31169037726193,-4.741390614604581,44.81875872663092
1.4000000000000001,40.01524849252204,-3.3560301588274926,44.34162520205586
1.41,40.825306120863374,-2.0057957243177413,43.69654516747407
1.42,41.59172435245419,-0.841024903778484,43.08961386635606
1.43,42.101743222673385,0.5250055262155349,42.331678551653084
1.44,42.76279508822195,1.9252669797871356,41.66283607776215
1.45,43.559903573939124,3.0001255236059663,41.01272842235795
1.46,43.87187104231067,4.428880764297939,40.24019076403517
1.47,44.46783205172537,5.791978445905457,39.71082105260795
1.48,44.87647589598278,7.1038873804678175,38.8816308988666
1.49,45.36500225100539,8.306184497995643,38.00820199199296
1.5,45.92678187621538,9.67924723880262,37.491862285424425
1.51,46.155357670019356,10.570545135283162,36.12921256456849
1.52,46.46994186000997,11.676069262770854,35.33788147619988
1.53,46.91834256878781,12.904874413567264,34.37976437066359
1.54,47.03112141686142,14.06718388342952,33.51642698351835
1.55,47.25356028929972,15.04915576456308,32.58158257128824
1.56,47.61295119026077,16.053310513837253,31.362790554119396
1.57,47.77054390700772,17.01086591604198,30.541392156608833
1.58,47.75190155866898,18.112438640525625,29.357070028187024
1.59,47.86131716646506,18.95761465429606,28.335620413817633
1.6,48.08441284409734,20.130543180541423,27.330862217245574
1.61,48.108977015704006,20.924192871742875,26.2131199445586
1.62,48.28488227344941,21.804757522392126,25.158127065130596
1.6300000000000001,48.2426865886022,22.775287567872674,24.04586515344659
1.6400000000000001,48.13244445953045,23.614662251393625,22.84688348771718
1.6500000000000001,48.31384682139397,24.14343873778689,21.683795699455576
1.6600000000000001,48.28972627274998,25.021040773271604,20.557737742793503
1.67,48.501150925864984,25.805624845079613,19.53961317897495
1.68,48.29048434021528,26.539599383733687,18.28811331550567
1.69,48.09854766200578,26.999226425071956,16.981218821066157
1.7,48.03618867287813,27.65863195528401,15.90114289752556
1.71,47.874944985290824,28.366292694534447,14.719430320243113
1.72,47.91605805095016,28.682755408591355,13.67010970946749
1.73,47.782051670849974,29.233467665634482,12.38534324431225
1.74,47.62825140452122,29.602032432899414,11.097285829597329
1.75,47.43423182033095,30.252537186782934,10.085822489890903
1.76,47.294814611731695,30.668723113477206,8.74869808219124
1.77,47.1523795279379,30.952555188865336,7.444693958381926
1.78,46.93164395957377,31.30813908994912,6.232621187247743
1.79,46.605660803183895,31.606022579873674,5.096288753251472
1.8,46.553450790618534,31.932393164698087,3.6920289513715345
1.81,46.227950551211485,32.08672656919207,2.4773710171817704
1.82,46.12418909064141,32.31811844367687,1.1729318402644138
1.83,46.04175750933239,32.296831494071355,0.050085800984531394
1.84,45.75255762778298,32.48934627143326,-1.2448994834149159
1.85,45.423205427281104,32.51075173299836,-2.3891815064409725
1.86,45.12861793083647,32.53493308587668,-3.5468866499026177
1.87,44.990994665006504,32.684398984901456,-4.7887956033254095
1.8800000000000001,44.58956347889315,32.77908579049987,-6.1399996008893085
1.8900000000000001,44.411892648460885,32.768711057330336,-7.140953968816726
1.9000000000000001,44.02078644506295,32.72128389481834,-8.320532524096022
1.9100000000000001,43.79223625718067,32.56854858211927,-9.651040917056761
1.92,43.58899326549863,32.48009685909338,-10.960677325212423
1.93,43.45316014278012,32.36941067240148,-12.045663365924884
1.94,42.939492934186845,32.18661381172384,-13.135168041442013
1.95,42.81184222333544,32.19060603746202,-14.206583879512076
1.96,42.387581963940804,31.70628855425905,-15.653336649843586
1.97,42.014220507071336,31.612603985960444,-16.65799757778906
1.98,41.60619171468466,31.358508978853823,-17.679697882373485
1.99,41.39501379711196,31.044047108436306,-18.834286195145708
2.0,40.9221926387066,30.566040787210575,-20.061258169121515
2.0100000000000002,40.57059391728151,30.309415526742225,-20.998503533953038
2.02,40.10006819639748,30.187814122472332,-21.933948437389713
2.0300000000000002,39.772126245784634,29.765719621975858,-23.170386889420435
2.04,39.492388843949556,29.3333076224255,-24.246828835689936
2.05,38.955957733903574,28.628174998714567,-25.569824823153
2.06,38.53309245170551,28.276863306395185,-26.557219194197394
2.07,38.00720920142984,28.079011700115917,-27.367271019953613
2.08,37.6005521571542,27.533610726850263,-28.65698662191282
2.09,37.05898109089081,26.88083082430318,-29.620132936595617
2.1,36.64150172675954,26.320585945510857,-30.32144674692156
2.11,36.23716885377678,25.99134722707,-31.423310252013
2.12,35.64859106433781,25.270266923806357,-32.201378262059656
2.13,35.0463866051205,24.595109026695877,-33.35838221465699
2.14,34.44423802884305,24.16363543365647,-34.09005952272076
2.15,34.15509766945347,23.644898033837723,-35.10829992112509
2.16,33.338668493984805,23.11564354987766,-35.73956065014495
2.17,32.687592968856656,22.47732183068607,-36.82168102243395
2.18,32.0472680707116,21.70340989267253,-37.471745401242465
2.19,31.452740859026164,21.19042117609301,-38.28854671340137
2.2,30.806968691760257,20.535965112792617,-39.183451666054104
2.21,30.10123735535116,19.648627750460268,-39.97228585795861
2.22,29.526971901870844,19.32506574666181,-40.70870566084351
2.23,28.47555382749434,18.669361752603173,-41.33748454088293
2.24,27.96440978738803,17.738841900369742,-42.15958436485193
2.25,27.04446727347522,17.299869922867707,-42.64806426813987
2.2600000000000002,26.299673913239552,16.824149171651715,-43.381505903360285
2.27,25.51935464938335,15.904082193332716,-44.01875562320199
2.2800000000000002,24.863414750573718,15.460105536154483,-44.85347659709657
2.29,23.890641599187752,14.900578284830223,-45.331695176569895
2.3000000000000003,23.030927854814877,14.170275814442387,-45.76422344390301
2.31,22.018044474854793,13.531261941182112,-46.4121496109383
2.32,21.296178928636817,13.099898903483767,-46.8122685416857
2.33,20.006485344514935,12.475953303357208,-47.20313799531932
2.34,19.1920790601698,11.816004572133478,-47.7458743060882
2.35,18.153288817447546,11.225787791984764,-48.117263535067934
2.36,17.148432156422167,10.76150528347862,-48.54006454438707
2.37,16.20423314403923,10.088168867801166,-48.817594179880665
2.38,15.105388304690669,9.7214893461181,-49.10124076942404
2.39,14.15655970920752,9.668151974672716,-49.44494444394963
2.4,12.763112540467647,8.857079115474543,-49.583012206112485
2.41,12.082544476506495,8.412014145049065,-50.038634323094385
2.42,10.828931770296816,8.001210933502174,-50.06181449013383
2.43,9.710757964950433,7.638545834789708,-50.13686562664372
2.44,8.590760582732791,7.185678918724591,-50.3870766007936
2.45,7.722807042039824,7.018801255613895,-50.54326740279792
2.46,6.35384919077188,6.810543719279934,-50.84730091216012
2.47,5.282937124797653,6.664417643452844,-50.5237845089002
2.48,4.011281294062539,6.552683933075114,-50.66084368471292
2.49,2.9913601671108583,6.350821258857245,-50.73153945769516
2.5,1.6611705925695275,5.783939477158011,-50.802297755315806
2.5100000000000002,0.5689555261225786,5.882687264595987,-50.64039790715522
2.52,-0.32928515993767665,5.777972023453431,-50.601638004166766
2.5300000000000002,-1.5151433353971087,5.800194029230715,-50.645336061336444
2.54,-2.603751700041044,5.78939827224686,-50.46172305588004
2.5500000000000003,-3.878626852750904,5.978676630396934,-49.88518259586166
2.56,-5.019542320504286,6.1726918070845365,-50.06908222475865
2.57,-6.011314290017995,6.1805114081652155,-49.72004132975742
2.58,-7.1305530470487835,6.178699920031728,-49.352342819436174
2.59,-8.085669229858082,6.535940925789801,-49.18917162347983
2.6,-9.071945626932298,6.767099230998271,-48.73680853135889
2.61,-10.084725210510499,7.249007706076257,-48.44972176957028
2.62,-11.020768482697804,7.467926360087023,-48.019188092654794
2.63,-11.826013314160559,8.070632763485138,-47.520448189417564
2.64,-12.878992679750299,8.26176361314768,-47.15933195165236
2.65,-13.652123338660855,8.544057765479097,-46.82006873011749
2.66,-14.467889193033812,9.306959013717462,-46.33070992178123
2.67,-15.226365836250993,9.704872959462104,-45.96943977413008
2.68,-15.96811142384965,10.198232099762636,-45.33840752887372
2.69,-16.418752574282994,11.073999380171147,-45.13462478206922
2.7,-17.25425697877341,11.608307378943582,-44.621016702797085
2.71,-17.743835848160753,12.143626482156442,-43.78173005171714
2.72,-18.425284196000256,12.98565888203227,-43.41435444899289
2.73,-19.064340743903937,13.627896295427044,-42.91425897507269
2.74,-19.32275781218255,14.457862090914286,-42.45412507259688
2.75,-19.702164425984034,15.370650604789349,-41.852649359049266
2.7600000000000002,-19.73337354495247,15.935233187413548,-41.13417193934572
2.77,-20.12305372525353,16.717948010613352,-40.63267150694077
2.7800000000000002,-20.455498481978108,17.634443844018804,-40.07030772411654
2.79,-20.428907172362315,18.700473383732984,-39.4501920468066
2.8000000000000003,-20.63002637557694,19.463673354449575,-38.944427669873555
2.81,-20.717360305625494,20.243454250032453,-38.23797740484472
2.82,-20.556211250682075,21.20349202007585,-37.66477047849243
2.83,-20.128086643624854,21.976222294754024,-37.06145874449424
2.84,-20.17834427190457,22.90685672879366,-36.411413181120786
2.85,-19.765837127569565,23.88364552310813,-36.090727466787484
2.86,-19.57148038176461,24.74222706648229,-35.44503251177192
2.87,-19.06214970990306,25.452974128701758,-34.9110567207608
2.88,-18.65167020060947,26.398744095560353,-34.290449394129496
2.89,-18.107389053132025,27.325195520391333,-33.96669830319947
2.9,-17.54801157131838,28.13854610346197,-33.391656859310494
2.91,-16.89239392766869,29.053871873120237,-32.95281474504539
2.92,-16.19050763725714,29.91177505524725,-32.256162876335516
2.93,-15.356473198909166,30.765292723426676,-31.998811983594212
2.94,-14.62041427509834,31.41118976049648,-31.379849081730196
2.95,-13.69586166057577,32.10349294243983,-31.039810411689896
2.96,-12.735521772289445,33.00267582648824,-30.600720603120088
2.97,-11.8652920030689,33.59086489912638,-30.222747087601388
2.98,-10.946492796614397,34.31323631137415,-29.72082231891917
2.99,-9.67459542047452,34.89034492054284,-29.36257388608205
3.0,-8.681539735402945,35.63768007648599,-29.085058357036946
3.0100000000000002,-7.423571197624136,36.11487558018856,-28.672564747848437
3.02,-6.286496351436827,36.529040165180405,-28.336917262538133
3.0300000000000002,-4.9453694200213585,36.94201433615589,-28.308707897493306
3.04,-3.897866087557899,37.54998138025477,-27.939665584937163
3.0500000000000003,-2.472003139420644,37.81305113566364,-27.541153065885897
3.06,-1.006406263592094,38.0723326269161,-27.364071401791172
3.0700000000000003,0.23073545533738893,38.296383045402216,-27.19015826360326
3.08,1.461231108278494,38.680483886038495,-27.18268507638812
3.09,2.7827660283378015,38.88056074896335,-27.125759479407694
3.1,4.068737418957512,38.94669347174938,-26.854124192706724
3.11,5.701414790982364,39.096826434004214,-26.728543330646065
3.12,6.976584974557949,39.156443648693354,-27.068413013767355
3.13,8.358287289761831,39.15719465109523,-26.74423132091959
3.14,9.898783709277923,39.03881281261466,-26.959437685117894
3.15,11.010005434689896,38.790519041718866,-27.018794202437586
3.16,12.623374382526995,38.62612789415756,-26.98282785552475
3.17,13.852142752151082,38.63408449274452,-27.091343047781322
3.18,15.058955751165,38.34667305653461,-27.20759287505824
3.19,16.488155894099705,37.8377588451756,-27.295970784423076
3.2,17.812597381867647,37.52699134598275,-27.496694441974498
3.21,18.956745151143263,37.303115603005715,-27.591593371884862
3.22,20.348698376621233,36.841935979652625,-27.678758450220577
3.23,21.50779658478306,36.447883951895165,-27.980578820377374
3.24,22.829859670853324,35.715316388701375,-28.24510851080016
3.25,24.027555572089145,35.2064594989137,-28.50660203150997
3.2600000000000002,24.926190697666016,34.38089828179581,-28.61491957973747
3.27,26.042310293377138,33.94208396162558,-29.154147988192367
3.2800000000000002,26.98346842103163,33.31669002642669,-29.288263522448414
3.29,28.113182684964425,32.481235978854905,-29.653881404277623
3.3000000000000003,29.001218675644648,31.598077929804138,-30.02378594272104
3.31,29.86644058928145,31.043471315338316,-30.42674475231853
3.3200000000000003,30.84534721674894,30.284857521898335,-30.51195807571292
3.33,31.436167583874774,29.41601936620341,-30.99182137274873
3.34,32.28752209454227,28.611716783862143,-31.50676776475666
3.35,33.160196841809515,27.751341819363056,-31.832435535708193
3.36,33.63109483825571,27.041292035418522,-32.16634083523373
3.37,34.11872242087381,25.962647664317345,-32.76548693912505
3.38,34.87268144252386,25.199739117107764,-33.06657951700318
3.39,35.4963416979481,24.388822209021775,-33.60030136931013
3.4,35.77628971353088,23.36007109066783,-33.99930490017209
3.41,36.341712214453516,22.390270684383783,-34.31242693826913
3.42,36.47397719330378,21.427349620675827,-34.74413116289707
3.43,37.02396068709612,20.808456853995114,-35.133313585239996
3.44,37.14198950244014,19.78386550842767,-35.546809168312556
3.45,37.27039379749724,18.842453106587627,-36.080409278140316
3.46,37.23195593358959,18.00393806852724,-36.48986679936704
3.47,37.5211264340841,17.084448505522936,-37.123439150045535
3.48,37.716562901561055,16.066265446553675,-37.28307824158576
3.49,37.627519874392604,15.318734227530113,-37.78386566656602
3.5,37.755395533006556,14.63155753760692,-38.07939358224259
3.5100000000000002,37.753565138098814,13.53132962152614,-38.55847133112704
3.52,37.421128229940116,12.87361861502085,-39.13449052695569
3.5300000000000002,37.469741271782546,12.101234621219117,-39.43978539144364
3.54,37.21012019321209,11.046624105214079,-39.882223601093386
3.5500000000000003,36.99507243860439,10.604386575777946,-40.188817678635274
3.56,36.734843437817794,9.701978940802425,-40.61874402215183
3.5700000000000003,36.550868156916536,8.866678021563514,-40.939771311408116
3.58,36.229667853843324,8.33780001656098,-41.32770573470223
3.59,35.749059031262945,7.700733419393894,-41.8215364982129
3.6,35.39703284180995,6.90716102029084,-42.12944983198782
3.61,35.05157563790194,6.276301137028208,-42.623826053055325
3.62,34.780259143087164,5.547523793195841,-42.88292668019851
3.63,34.08492106443875,5.21081761937899,-43.33933033509436
3.64,33.929356032648826,4.471449938958352,-43.83650387379446
3.65,33.376892238024844,3.9023175211512546,-44.06639094767474
3.66,32.8284036405754,3.6156697057640246,-44.37955811425931
3.67,32.38138196388993,2.9937501444365306,-44.63357321571034
3.68,31.72285821357469,2.7084088666559385,-44.8595938688868
3.69,31.427432368579375,2.314541552634769,-45.179930533683525
3.7,30.917218806886,1.6906806457350407,-45.56788249386923
3.71,30.079290515509147,1.4493606006719553,-45.8874528604864
3.72,29.710636152455553,1.322659854156977,-46.192511981833206
3.73,29.19346525804473,0.9284521619477722,-46.338237548638965
3.74,28.720701653490146,0.5370438174548928,-46.51685712223763
3.75,27.99304626641213,0.3983694587131968,-47.00361576720341
3.7600000000000002,27.561809161027764,0.3753922541591479,-47.012232778019396
3.77,27.040989497404023,-0.19475335596057222,-47.3477850276775
3.7800000000000002,26.544023574542795,-0.09306254958460217,-47.57970901286518
3.79,25.951369225673965,-0.4648079554837914,-47.92407653340518
3.8000000000000003,25.470544784785556,-0.4045170800491557,-47.953625861811105
3.81,24.723253449440847,-0.34603985530416104,-48.27804826787838
3.8200000000000003,24.274236905267124,-0.8117276743627879,-48.24354054318723
3.83,23.614199391111335,-0.6860897405206046,-48.55770668041215
3.84,23.214445991047246,-0.604492852867031,-48.91946663996834
3.85,22.835271948730952,-0.7547398398347962,-48.97891563832395
3.86,22.38681797146524,-0.46068492621456325,-49.244985371749095
3.87,21.717743078365913,-0.5632686576877695,-49.12459195670836
3.88,21.298741044074298,-0.5581658541854685,-49.46242822756254
3.89,20.860712685816214,-0.46429000380155705,-49.53422993956761
3.9,20.161018051730792,-0.3296139620030442,-49.57497526670125
3.91,19.974115660675082,0.04564691071396987,-49.58552537121416
3.92,19.419931846563294,0.12894948952697943,-49.78744651551846
3.93,19.0876526252344,0.1274835474452008,-49.96015993549969
3.94,18.40716890991717,0.48534303423874575,-49.87483663590475
3.95,18.27922985370976,0.555888825769086,-50.05688341536646
3.96,17.631929422292803,0.6206046435684561,-50.21906566779258
3.97,17.459728409384507,1.1550655307351563,-50.21442207859779
3.98,17.006500850845196,1.108649924726314,-50.200066694657295
3.99,16.69727242192988,1.3882451668080318,-50.42431657617006
4.0,16.416204199297606,1.5677763204484387,-50.45280774866968
4.01,15.917889339188843,2.0279910559619574,-50.320962030112796
4.0200000000000005,15.667979427105726,2.183144134680732,-50.367707289693186
4.03,15.486004622638855,2.4173712442347455,-50.459076788070796
4.04,15.111874520296709,2.7336247767381465,-50.41526884976385
4.05,14.756270697455577,3.1288937270725974,-50.49065046710794
4.0600000000000005,14.482585898661233,3.660160104178645,-50.344690291466456
4.07,14.536742467754873,4.05610162964991,-50.56423276542678
4.08,14.143031589340762,4.1883830704413825,-50.43100898472362
4.09,14.007057034761365,4.583487258929371,-50.328181772421786
4.1,13.740414875851254,5.100982446588515,-50.302385302684826
4.11,13.66293967736576,5.419690045949233,-50.45968556834638
4.12,13.068142999848062,5.751395705584533,-50.48836570300098
4.13,13.086580658188039,6.334814803818436,-50.3459822630429
4.14,12.88699199030588,6.63744607535651,-50.02949620241471
4.15,12.687757287290383,6.944846874596274,-50.14198059972457
4.16,12.559659868229827,7.34412754218243,-50.17471506002636
4.17,12.293134662370587,7.999031596606849,-49.989915348279084
4.18,12.267785101888423,8.39586198763719,-49.85076153510806
4.19,12.116559179712839,8.967827188269249,-49.88587137749726
4.2,11.994280221226836,9.33078450792049,-49.77048383478594
4.21,11.813736581079803,9.745780470753433,-49.47529532870117
4.22,11.608933281705983,10.171853473513167,-49.444437184792676
4.23,11.5973834179229,10.726793683539753,-49.3314471420793
4.24,11.415926909125737,11.18181087288851,-49.1924704070401
4.25,11.23007216898364,11.699898398915378,-49.21847963175091
4.26,11.038731135156715,12.05174284910604,-48.97401410245519
4.2700000000000005,11.118306324432847,12.408907490690732,-48.950186255085924
4.28,10.79458886736203,13.179152304131751,-48.738013083264754
4.29,10.878017528156558,13.601468641175565,-48.58462458085455
4.3,10.545081262848553,14.057712357550118,-48.47186882576991
4.3100000000000005,10.28344991883386,14.648059225148979,-48.4168176195993
4.32,10.364075156495478,15.024622922446326,-48.118309392078906
4.33,10.168530240355352,15.8044015479965,-47.65003097097278
4.34,10.038652587616289,16.147994346337455,-47.70403334759166
4.3500000000000005,9.933412632630716,16.566019639328704,-47.21138267673986
4.36,9.626179099403235,17.07102684685692,-47.06226356251237
4.37,9.543105665685502,17.64212107086067,-46.8780011786633
4.38,9.58945843481613,18.1157808461948,-46.6059576680719
4.39,9.206188114577374,18.610489093999853,-46.449950037177125
4.4,9.104292872337112,19.101431730647235,-46.096850894736335
4.41,8.868208132605835,19.836006174638804,-45.94281406253147
4.42,8.64153546760327,20.243479480008105,-45.64062390607942
4.43,8.430997068632921,20.801370922043805,-45.35045692488981
4.44,7.980744355964066,21.23422918451684,-45.10468061751991
4.45,7.740905458989022,21.742479971084453,-44.715300521025895
4.46,7.642728786939264,22.14758042451062,-44.51510132812034
4.47,7.337422694708001,23.03096519990601,-44.03696775083823
4.48,7.083332349244149,23.113507986122134,-43.832020628135524
4.49,6.578462182671605,23.623822365481942,-43.575559971765266
4.5,6.462270596708188,24.27159316850714,-43.39718726556717
4.51,6.124808706931524,24.72367586198241,-42.920427117526096
4.5200000000000005,5.62182847911999,24.934785761497274,-42.38090283624903
4.53,5.2799693827477405,25.540582497303287,-42.27441956896936
4.54,4.842222676380822,26.092417033816247,-41.89856717894693
4.55,4.4660243618710815,26.25553043198943,-41.366381192343354
4.5600000000000005,3.8955215112964416,26.906046669760585,-40.91169019928448
4.57,3.5590435318396114,27.343406729465972,-40.83808545335628
4.58,3.13833972159136,27.699421764938116,-40.401001408099965
4.59,2.6307451621322206,28.14188577646399,-39.853599384302896
4.6000000000000005,1.9397911120275118,28.51053670053374,-39.451333463157596
4.61,1.41268544478081,28.829937292778162,-39.210602076616375
4.62,0.8590816240511865,29.336451940679034,-38.81664475702641
4.63,0.3401828062959157,29.69720473429108,-38.30821704653681
4.64,-0.20399305041420945,30.024662475816257,-37.87096095228111
4.65,-0.7418249760931082,30.38791869226274,-37.59437963344194
4.66,-1.5760825456355543,30.497242404005448,-37.15008195444554
4.67,-2.35694613479553,30.8945574160536,-36.75299967878045
4.68,-2.9455766608888907,31.130484280880545,-36.427206689073785
4.69,-3.542062760089333,31.319978812566678,-36.0105103255351
4.7,-4.457453571158072,31.43282079330689,-35.647450323039756
4.71,-5.055231757435785,31.72040271290722,-35.0821767394727
4.72,-5.864398532876796,31.83962596788634,-34.593844211741434
4.73,-6.7390601576310925,31.893181630549908,-34.30991169298291
4.74,-7.435188466500453,31.931866486723507,-33.9151864561043
4.75,-8.37255672380536,32.13179687656274,-33.5635262205558
4.76,-9.27561719652422,32.17387846224141,-33.27176570798505
4.7700000000000005,-10.108742953413241,32.07723964040622,-32.97061263524384
4.78,-10.802638950449905,32.049494158260956,-32.57904209859493
4.79,-11.660398762578325,31.7989196910621,-32.124571833002975
4.8,-12.707266199289494,32.02398662134022,-31.847734331922847
4.8100000000000005,-13.53566874137212,31.833032419098746,-31.41701430100863
4.82,-14.504304225334607,31.697367295258044,-31.15042338250447
4.83,-15.39321194165088,31.52009002354044,-30.992107237348044
4.84,-16.155466682312664,31.11258989648277,-30.558155287368766
4.8500000000000005,-17.237368841858657,30.984860192299376,-30.399280605142124
4.86,-18.11690161929694,30.584459070828792,-30.02282381327058
4.87,-19.028573676064305,30.17465795951462,-29.917408700325538
4.88,-19.996770487687915,29.942193183627644,-29.652091705592014
4.89,-20.87136034136585,29.39027675174368,-29.629945457180774
4.9,-21.701914917631164,29.109562832309546,-29.423331021622047
4.91,-22.657714915126252,28.601237249548216,-29.21956323555423
4.92,-23.50257331828625,27.858997223177333,-29.006926436362242
4.93,-24.437500958250826,27.557774430657084,-28.818175751007928
4.94,-25.187768457526566,26.632445591167027,-28.914276250457533
4.95,-26.105042502888626,26.013490718239236,-28.60182573953288
4.96,-27.157835353559104,25.480414272228753,-28.783353308959676
4.97,-27.591948727422995,25.093787557618786,-28.599667918731054
4.98,-28.49281666644438,24.09057467037821,-28.67500703981911
4.99,-29.09789089811822,23.27699556364974,-28.610121864492132
5.0,-29.81896270435118,22.48779615964538,-28.97128458096743
5.01,-30.70507805353323,21.73293333413447,-28.86692984068795
5.0200000000000005,-31.155348986064936,20.95910376769181,-28.928049736381883
5.03,-31.6785515665151,19.896443981526218,-28.9532023182462
5.04,-32.19625955073358,19.161569687913325,-29.442318680263785
5.05,-32.8628378741215,18.212909164978704,-29.53434887753455
5.0600000000000005,-33.40113949242424,17.067836876596395,-29.772203974936655
5.07,-33.82591237564265,16.348575893770565,-30.04325577098097
5.08,-34.21695411266315,15.300337761157277,-30.171272254530567
5.09,-34.573134556186055,14.414709631660983,-30.604255374878456
5.1000000000000005,-34.72674050833773,13.187363802718872,-30.961494908830794
5.11,-34.860054318560415,12.242255116776962,-31.31469502946885
5.12,-35.15694635722273,11.053887714225219,-31.556935182392582
5.13,-35.28702015877252,10.198246520293955,-31.944572286254967
5.14,-35.523850470139465,9.253489934762163,-32.2454362406912
5.15,-35.064670678392666,8.10026639834692,-33.023326151640916
5.16,-35.19202620594755,7.273316756839271,-33.33256145877265
5.17,-34.898905370120715,6.199777543385801,-33.860457173711104
5.18,-34.88323723192696,5.185078312051852,-34.25247442341559
5.19,-34.508766646260696,4.156798932238089,-34.71423818077107
5.2,-34.37502216576789,3.2468529133977335,-35.2494884022671
5.21,-33.73137178386373,2.323873057816403,-35.8169338527961
5.22,-33.459058502111425,1.474875045087215,-36.50758416571916
5.23,-32.95031891003016,0.3918776800955612,-36.93066272848275
5.24,-32.2050927922105,-0.371101951447347,-37.464890364433295
5.25,-31.630172822613954,-1.436849064434655,-38.25836569342393
5.26,-30.993640766947447,-1.9739611854507444,-38.79812369075644
5.2700000000000005,-30.237806486560288,-3.014234274955051,-39.40680395335398
5.28,-29.55256176735927,-3.4675513271106513,-40.00389851860021
5.29,-28.461236927650532,-4.3710189477795005,-40.69506470335922
5.3,-27.511392915642695,-5.122598036018906,-41.35684641002656
5.3100000000000005,-26.455912361780516,-5.515685241626472,-41.96341422279018
5.32,-25.543510424521163,-6.138761264159713,-42.53627674024527
5.33,-24.56175333322011,-6.610458286943554,-43.15653420517113
5.34,-23.452932125116956,-6.932157051901312,-43.75733996403057
5.3500000000000005,-22.324222915894033,-7.458628387545937,-44.3074464780355
5.36,-21.24767710775945,-7.401392502549189,-45.00525034874257
5.37,-19.755299446267525,-8.193400492652366,-45.623066227173744
5.38,-18.60199833791476,-8.183173625440054,-46.096987739505984
5.39,-17.21927463978499,-8.728385745532384,-46.81642172784251
5.4,-15.99695759231397,-8.44818133892801,-47.0453293963738
5.41,-14.865996207332458,-8.669871191700784,-47.53769661852238
5.42,-13.271628034494077,-8.629827831423023,-48.01071046541502
5.43,-12.05492025747276,-8.568152126078777,-48.56981650391166
5.44,-10.484416402172702,-8.470866610689809,-48.905219467507976
5.45,-9.119971351467967,-8.249146108060733,-49.48147457986155
5.46,-7.7469962823740195,-8.116687824884355,-49.78023388368063
5.47,-6.124853687128166,-7.817692344782672,-50.29243583201824
5.48,-4.884925846463048,-7.404779056417058,-50.51555626677407
5.49,-3.4335350734313494,-6.871203205502368,-50.746761808030186
5.5,-1.9964652831830818,-6.336192295521711,-50.9709331468863
5.51,-0.6741503579281186,-5.9499301703825935,-51.1596911057411
5.5200000000000005,0.6458872325267115,-5.366452280320298,-51.2994481788768
5.53,2.0925294552513654,-4.649418978498124,-51.33546625705141
5.54,3.3179835262572492,-3.958222031735933,-51.4109978077857
5.55,4.777804623843704,-3.136227073767592,-51.447298260453344
5.5600000000000005,6.018145828398347,-2.5795768393919785,-51.65192789021714
5.57,7.231047160312107,-1.5185555619055837,-51.5222192717369
5.58,8.595489611403202,-0.6969004783115993,-51.2431821585249
5.59,9.506451071650028,0.4913046062056995,-51.368758504970465
5.6000000000000005,10.969411637459935,1.3980731846921186,-51.26117337476858
5.61,11.758116234213096,2.5086342899404173,-51.02240083965812
5.62,12.94442448934576,3.1789886151486098,-50.708094650101046
5.63,13.850258909439708,4.4472406103545055,-50.63149385873638
5.64,14.788311791809233,5.354480849442122,-50.34353182314243
5.65,15.77071479877084,6.571797134017689,-49.78674165202285
5.66,16.557196557804282,7.90290105450894,-49.45350673850589
5.67,17.513627314183307,8.98698336839662,-48.9442164681723
5.68,18.16315279207581,10.081040303224528,-48.43166995541556
5.69,18.98519101896716,11.35591358369465,-47.92886571062371
5.7,19.322870267642692,12.59518498878161,-47.40276847983583
5.71,20.136639375466473,13.693188825951099,-46.864343385166265
5.72,20.535189842528823,15.097491149181492,-46.22784128755708
5.73,20.96876040330231,16.174223223061606,-45.56138495084681
5.74,21.398902656847273,17.16201431815652,-44.85791016722504
5.75,21.791269588569985,18.59686138450673,-44.07792026985872
5.76,22.063563539073836,19.61268140133684,-43.39040539134718
5.7700000000000005,22.429801422481695,20.851352919800252,-42.48072080113542
5.78,22.415932538862457,22.102143275405037,-41.831531668831325
5.79,22.69911192485491,23.39955108237639,-41.10085304989599
5.8,22.562265954480036,24.69652051219269,-40.039841554866754
5.8100000000000005,22.555850151529334,25.75334113362639,-39.145965532259446
5.82,22.61907224139101,26.79841513979414,-38.231130122330796
5.83,22.336516477672497,27.92271038303218,-37.4516896781416
5.84,22.312600499799178,28.8851194341627,-36.570127835173714
5.8500000000000005,21.993761868633474,30.009224689209866,-35.6739361696338
5.86,21.751894139931157,31.275310119904077,-34.48007999809196
5.87,21.36851126192108,32.07826613945593,-33.73116637671022
5.88,21.07274747852607,33.10132047833733,-32.62493518522708
5.89,20.69098370008892,34.240700979980076,-31.707828826887827
5.9,20.283374870178022,34.71334281572746,-30.630338688382686
5.91,19.731186566729004,35.48360974844405,-29.701097838152638
5.92,19.209361638918693,36.73376476366745,-28.7305241940754
5.93,18.773768616439078,37.219839689456016,-27.55128090673088
5.94,18.019898341143595,37.97930065171209,-26.640043045631668
5.95,17.431566100443334,38.81759419965174,-25.725055317019592
5.96,16.742705237759438,39.4795821053384,-24.618697898585904
5.97,16.120575938164006,40.09712450011344,-23.556384843460783
5.98,15.135445553193662,40.943024772029645,-22.695714130860367
5.99,14.569244480167498,41.04605924895193,-21.593621722848972
6.0,13.807716692844815,41.85778004954696,-20.585934625875527
6.01,12.973747651740954,42.25296926774475,-19.66148947838042
6.0200000000000005,12.190556884198015,42.655656054463066,-18.772999718839802
6.03,11.402720770892616,43.20133306461574,-17.709820317166415
6.04,10.576780905338573,43.44429904271459,-16.869453557348965
6.05,9.810345954054766,43.82530549005377,-16.02206920725885
6.0600000000000005,8.875857317073121,44.27729473477131,-14.909882639328307
6.07,7.973870138579887,44.50979169513899,-14.123841839670966
6.08,7.342904483966133,44.69332905805667,-13.194496080694853
6.09,6.329524830971226,44.99256606647655,-12.659361422311864
6.1000000000000005,5.459209709938059,45.10587553332573,-11.683392888578323
6.11,4.590456752349109,45.40441773256328,-10.704910783333688
6.12,3.6463328365123258,45.45043207978894,-10.00592693094452
6.13,2.984487777761639,45.585249012727445,-9.124477318584837
6.140000000000001,1.9172102084357048,45.69980300198562,-8.262248886014994
6.15,1.2771057492142384,45.54203151195011,-7.537308310374804
6.16,0.31556084835268944,45.4289758465314,-6.848676986600369
6.17,-0.4477629575681067,45.76826271099477,-6.134596057427188
6.18,-1.4940854071261707,45.58487959925369,-5.527528170212175
6.19,-2.2516087216756486,45.534071930877225,-4.689945447127713
6.2,-2.9982776591538447,45.57283184255989,-4.378218345014689
6.21,-3.69200743082957,45.55034930509715,-3.6929017013969885
6.22,-4.672332023808861,45.36476748444402,-2.943129096812611
6.23,-5.039884245608187,45.28950945163403,-2.5552404989141055
6.24,-5.914719495346016,45.26089699703561,-1.9623813872535412
6.25,-6.7017980199832445,45.26800046139234,-1.2936341624095786
6.26,-7.313469033002279,45.0732340160279,-0.7561019471487844
6.2700000000000005,-8.00601666810521,44.7935525950708,-0.5091214978702567
6.28,-8.776133443282186,44.7695356717466,-0.0495395210312278
6.29,-9.38594523416809,44.609823776845985,0.5194375188018444
6.3,-9.999015335536466,44.44044806785693,0.9944721220435854
6.3100000000000005,-10.670374495826596,43.95381159624337,1.4721339664408983
6.32,-11.292871464463085,44.06181841241216,1.7319248416270798
6.33,-12.10571469194484,43.720613719168824,2.117053589879131
6.34,-12.45894318305935,43.63266784878431,2.5175428602197316
6.3500000000000005,-13.040617394331866,43.50283019027309,2.793356477331981
6.36,-13.536707336672963,43.28048009610425,3.3171773142533283
6.37,-14.014355984751727,43.16176822546671,3.217383980911834
6.38,-14.397350672240764,42.88176699559356,3.64511254596468
6.390000000000001,-14.906976022922748,42.8828947472955,4.046525728969312
6.4,-15.374300075689076,42.61535837379456,4.304703502204267
6.41,-15.627917355834853,42.34447052255025,4.498169353410409
6.42,-16.035319812576372,42.28372460094346,4.852992041884291
6.43,-16.217942030800998,42.24722109828638,5.053220131115008
6.44,-16.669845049576686,42.10980332649929,5.221032532045627
6.45,-16.812718938210942,41.84596484942789,5.510156551361406
6.46,-17.129824830647728,41.935382337943246,5.843325548712356
6.47,-17.42969413476759,41.76567049850489,5.937393149656216
6.48,-17.56543081915865,41.50651649912532,6.261218388505649
6.49,-17.77879226598972,41.50171109888206,6.187798064102482
6.5,-17.94752607486771,41.368949592944276,6.378343099544157
6.51,-17.829444884242935,41.33294282147868,6.506823000589353
6.5200000000000005,-18.027100450993103,41.14112847303899,6.628285742945955
6.53,-18.342987986568517,41.044434021292254,6.810728343144653
6.54,-18.07709659371075,41.281847803859534,7.033778660784777
6.55,-18.30009915625882,41.10052793501133,7.287323680589397
6.5600000000000005,-18.46708700358761,41.179997927738775,7.479373642338036
6.57,-18.279478420892374,41.139085983577345,7.7399131989839995
6.58,-18.185329365107204,41.06239360359255,7.732278325602778
6.59,-18.314335000413305,41.108625309197514,7.754910618564531
6.6000000000000005,-18.042749184177897,41.224275507349034,8.013503681340284
6.61,-17.994993351570088,41.19280687407378,8.242033941687135
6.62,-17.630567060794306,41.287817056224405,8.465408951517393
6.63,-17.64319354292822,41.20256166029717,8.545804891956974
6.640000000000001,-17.481915814526968,41.353750631393474,8.802491588751222
6.65,-16.864402134750083,41.39814679700037,9.06759259596351
6.66,-16.767870018988518,41.34004648050055,9.229896248443925
6.67,-16.52789034530051,41.664132075904504,9.371046533067608
6.68,-16.29352005845347,41.77732298199679,9.61199406774835
6.69,-16.05606281062261,41.8047014262857,9.887580588248028
6.7,-15.522183201267097,41.88003624781537,10.063417978316238
6.71,-14.89530168468672,41.96490133983334,10.419470965852717
6.72,-14.766308506924936,42.15237920546562,10.590154357003604
6.73,-14.287693427967863,42.21525777348054,10.839004248962972
6.74,-13.800675603341496,42.411091996085744,11.10746807929702
6.75,-13.411241532151596,42.331499393877024,11.366064306805047
6.76,-12.88960769199609,42.76248574082544,11.62662496503257
6.7700000000000005,-12.256142111225437,42.56861505163317,12.142863620880263
6.78,-11.821072222816529,43.01774381429635,12.339694116480425
6.79,-11.168241177207637,42.89162975489379,12.79988433335329
6.8,-10.482066408486137,42.95035446347883,13.038812716158636
6.8100000000000005,-10.038906470889279,43.18293382141945,13.383786674622568
6.82,-9.301771951475919,43.10302831529725,13.866016168067016
6.83,-8.71145707450541,43.39263076740321,14.229463845129711
6.84,-8.077654160764737,43.40259848688042,14.85730753088354
6.8500000000000005,-7.318612421810824,43.550647155413536,14.992532887019578
6.86,-6.491063831200663,43.52567973475871,15.786289271765058
6.87,-5.731683523265216,43.71997044598671,16.270409928565787
6.88,-5.053055473676014,43.60148783144311,16.448860019813132
6.890000000000001,-4.338459620778834,43.45651598920563,16.971684422183447
6.9,-3.4474079437496963,43.467207741307185,17.573245442299
6.91,-2.508815089660397,43.26753973758392,18.168919752395098
6.92,-1.940622657515709,43.682837228751175,18.638818486828168
6.93,-1.0232554679962602,43.44689877408888,19.231690045442036
6.94,-0.049736939477404554,43.25843543364936,19.79958970251269
6.95,0.763797301870398,43.25918450356718,20.651262170714737
6.96,1.6433669278294987,43.10085888904295,21.098459879013877
6.97,2.558856572814129,42.815724644406245,21.86008728912307
6.98,3.2982823988980168,42.86694718815895,22.311686416152302
6.99,4.384757012133532,42.38526117613791,22.976557585749372
7.0,4.990469450942153,42.17496477191654,23.660620230209013
7.01,6.105683689970321,41.99094214301821,24.46125446864979
7.0200000000000005,6.762626446390169,41.714807233504494,25.144793724437246
7.03,7.911837686197191,41.48159046943945,25.801715997858427
7.04,8.868228271196466,40.930929297677494,26.470614258847654
7.05,9.481711958506422,40.74295409395992,27.343264500915986
7.0600000000000005,10.5038521549682,40.26883214537856,27.95835171871768
7.07,11.509033812546866,39.857552274713264,28.724162552547224
7.08,12.447977959121703,39.177673391006365,29.525780289377998
7.09,13.29085996120617,38.97519559878585,30.162364118544332
7.1000000000000005,14.21875541477976,38.1736715269807,30.965425501619592
7.11,15.123690308879844,37.6803444123238,31.592211129542942
7.12,15.73251467829442,36.891518733840435,32.51403720509662
7.13,16.509693456744017,36.25573306995399,33.193298884466465
7.140000000000001,17.394243912404665,35.29951300087033,34.090122342741935
7.15,18.24160124164092,34.9697617291006,35.01707133972385
7.16,18.84076083196988,34.249050958179375,35.421304760045565
7.17,19.39963144651121,33.30360172244575,36.358977203154
7.18,20.37855773785514,32.40303576302943,36.99606741088139
7.19,20.99230280298538,31.49909425939854,37.896135575948094
7.2,21.58798751275703,30.769117813043483,38.70585171470807
7.21,22.190773742385876,29.572308629421332,39.270932649643015
7.22,22.67823089974953,28.479252912804952,40.14862281580795
7.23,23.46383795140274,27.685797590395637,41.003248464337496
7.24,23.800193858312362,26.584192283751026,41.68854788986543
7.25,24.252933065118874,25.461372725562274,42.257829154257855
7.26,24.631470248515157,24.364962529683588,43.059567558121856
7.2700000000000005,25.0322406924069,23.41353589799552,43.750686147186684
7.28,25.33341140886814,22.165009702716056,44.36462825486954
7.29,25.625785597420805,21.057404146894722,44.927133919127606
7.3,26.048679481440015,19.993476389054248,45.55378194694137
7.3100000000000005,26.19027792805387,18.76199988655479,46.20887380261611
7.32,26.18562818305194,17.74076004479075,46.74491728887454
7.33,26.148202464515098,16.202626820929485,47.645886319819795
7.34,26.3984066663074,14.851062895491948,48.030259027832386
7.3500000000000005,26.254150747741534,13.780410894987714,48.56559771479223
7.36,26.17555813649241,12.575769527775169,49.09752046392465
7.37,26.19505351662695,11.122785561838613,49.600810546497165
7.38,25.941650407065342,9.812202236980477,49.866360581191955
7.390000000000001,25.891724727427817,8.741449304351592,50.45747825524043
7.4,25.499364117174782,7.290107066800972,50.93510060029361
7.41,25.304467287002247,6.274499924473856,51.381396589555635
7.42,24.72603443608568,5.099670127503747,51.542959196288855
7.43,24.585754609052035,3.6261441579201956,51.92301265624588
7.44,23.811598412353312,2.396399654687647,52.540568261425115
7.45,23.3182193929345,1.216652544696718,52.44300900874302
7.46,22.8031193441689,-0.09985453030630867,52.82748537630092
7.47,22.272506337338243,-1.0830213474157866,53.12775078010599
7.48,21.445530725247703,-2.317464096541421,53.47510084183067
7.49,20.66389015215948,-3.5688226690482394,53.6349432429388
7.5,20.23734888088297,-4.650145162138805,53.6668037486205
7.51,19.375476587282094,-5.719267751655236,53.89506702530389
7.5200000000000005,18.46628467938933,-6.74929865354056,54.096635257857564
7.53,17.44478267493799,-7.9278792021891,53.97794245341351
7.54,16.444953671781978,-8.926790338263977,54.009557397295396
7.55,15.733021686313347,-9.791330338941183,54.00856483590777
7.5600000000000005,14.745471774486898,-10.860250588414932,54.15570831843901
7.57,13.652554291954925,-11.607412997890634,54.1307176270201
7.58,12.472299596855498,-12.702753547175764,54.24142532969617
7.59,11.452821415346905,-13.291190150020874,54.31589872954685
7.6000000000000005,10.362542299620642,-14.18314620032463,54.17298965702584
7.61,9.314518016772624,-14.830562699792296,54.012819231550765
7.62,8.129104454273984,-15.542372542745577,54.00876432045442
7.63,6.894019087822695,-15.93134786820936,53.919202472973524
7.640000000000001,5.852112066858279,-16.656889397273716,53.746834415995956
7.65,4.38412697515825,-17.01226511101025,53.416884584651584
7.66,3.2702380931357817,-17.5429546570888,53.56242251499711
7.67,2.164414176801745,-17.96723049431726,53.036202648244554
7.68,1.0229145956242613,-18.431887722895002,52.961811632784304
7.69,-0.3847893326043909,-18.82026644555758,52.78456260434235
7.7,-1.6004810019537847,-19.04160952917389,52.501850895054154
7.71,-2.6673728642728367,-19.39810245246956,52.244426602566136
7.72,-4.075007396623711,-19.615487539758337,52.17690480473017
7.73,-5.047477495337606,-19.7175428238573,51.68861362314377
7.74,-6.197102803751245,-19.604329565895814,51.53289499609241
7.75,-7.559152016372172,-19.55364077238755,51.36998860492328
7.76,-8.615520437373682,-19.7194727749897,50.91491329656548
7.7700000000000005,-9.733834343720442,-19.613424262930813,50.657142317852625
7.78,-10.824345791152286,-19.406424747340854,50.49901143977384
7.79,-11.937587396863288,-19.14589462830218,50.3812861545191
7.8,-12.791836814880813,-18.8723518102646,49.831454159050686
7.8100000000000005,-14.21109494625866,-18.627702827097625,49.58325879386141
7.82,-15.11845371663766,-18.421842971313687,49.384256206767525
7.83,-16.189452199839693,-18.010129382044074,49.03739670184889
7.84,-16.978424925019006,-17.747006941183187,48.778455381540155
7.8500000000000005,-17.94287560446561,-17.367702649986864,48.54985876941946
7.86,-18.764115944760213,-16.95594208103613,48.23151410934955
7.87,-19.51791517013335,-16.508210746049606,48.01225647154564
7.88,-20.379090698492128,-16.004513635435302,47.80410208261404
7.890000000000001,-21.19161028386077,-15.123074771569497,47.51223218257367
7.9,-21.941471175879588,-15.049031347352607,47.39809360409155
7.91,-22.45799390754147,-14.027686208770549,47.12505587627138
7.92,-23.229349462200954,-13.631216062965967,46.95026953301175
7.930000000000001,-23.800929574751883,-12.849546336717186,46.760776407102355
7.94,-24.50044932410013,-12.278727929301661,46.519010439814
7.95,-24.964743362366377,-11.706642079953284,46.41016517732132
7.96,-25.414097602878076,-11.172019541060479,46.30981822491607
7.97,-25.76033271788129,-10.219749842376087,46.14558337450458
7.98,-26.108781832305727,-9.617516931125715,45.99756005357629
7.99,-26.44106644043034,-8.74784543974539,45.9858885365592
8.0,-26.792971098742388,-8.079278513259501,45.73628419177581
8.01,-26.986225423998754,-7.439404361085542,45.739441902390936
8.02,-27.20609782310161,-6.538006837975479,45.78299345580112
8.03,-27.282994942897123,-5.951328105997147,45.6653568250076
8.040000000000001,-27.3902884918528,-5.089480295734441,45.58884274625237
8.05,-27.411104482868346,-4.373445004577927,45.37031249456182
8.06,-27.60512786252244,-3.7731118882928194,45.50000135742167
8.07,-27.534664055103296,-2.726907335327918,45.63885285145134
8.08,-27.533958470189177,-2.1006338487498852,45.47739393228623
8.09,-27.44941827344862,-1.239885055055119,45.432108521713516
8.1,-27.15863632063045,-0.7892224652749904,45.37612105667022
8.11,-26.8984785552404,-0.1285864981542032,45.79154461760183
8.120000000000001,-26.732549063371735,0.636969339390224,45.60983512397681
8.13,-26.57825994816057,1.4161460822309244,45.631550670991906
8.14,-26.501388182534967,2.025832571652445,45.97612776009923
8.15,-26.041025641660543,2.754447872081575,45.895614937404765
8.16,-25.845763277450985,3.0585153499913225,45.86893802466266
8.17,-25.3965792828044,3.838030135511083,46.18241781770598
8.18,-24.680906072381397,4.327550800506578,46.26821267941889
8.19,-24.561910651183627,4.81375162355972,46.45722846112846
8.2,-24.100242778313667,5.5744083708199135,46.556662188080224
8.21,-23.845881345833025,6.173413002942056,46.59455711385502
8.22,-23.18331218575172,6.651818052363306,46.78269735086703
8.23,-22.57868739372664,7.18196939397677,47.046381418198905
8.24,-21.920401540054776,7.516522036515948,47.415007703724605
8.25,-21.373701011991415,8.042358214914776,47.403519074882794
8.26,-20.861169800913444,8.293884029856946,47.89789527554329
8.27,-20.19892647172652,8.727380108400851,47.68290019086603
8.28,-19.412701914288395,9.031176788856401,48.111938617377206
8.290000000000001,-19.096709331547267,9.533092669614975,48.19403215028968
8.3,-18.366304440575497,9.862697629880126,48.37119695095542
8.31,-17.552231822205943,10.055900459476751,48.49898051494043
8.32,-17.05489418479719,10.425677536378556,48.78055069016253
8.33,-16.36056356550426,10.864355840126741,49.10852771503087
8.34,-15.441294816753738,10.968386931261474,48.93819585100082
8.35,-14.856692084065319,11.292652950356604,49.39385092789758
8.36,-14.097967097978147,11.488712676554865,49.62149773596005
8.370000000000001,-13.415992575789925,11.534753321107562,49.94730107683925
8.38,-12.550564394006061,11.679209351281802,50.081763510336806
8.39,-11.804053126623918,12.045262760960023,50.188331214989724
8.4,-10.976915492596603,12.07368166460915,50.321747541041965
8.41,-10.346413598231559,11.907490356609319,50.70361025962737
8.42,-9.366282269830458,12.09772368358103,51.03458364871042
8.43,-8.496941904054403,12.145078442131174,50.96923462142408
8.44,-7.798483514096802,12.080874235230594,51.17380283015046
8.45,-7.197369343074946,12.069232167505241,51.54795813154155
8.46,-6.378896251474332,12.024456608503364,51.84220644192833
8.47,-5.629317852626981,12.150163202214165,51.8652050491037
8.48,-4.698954296488838,12.226866695770951,52.063980518109986
8.49,-3.8798476299414433,12.039902617469483,52.00722851525311
8.5,-3.1545253604576633,12.163563725645696,52.335244772566526
8.51,-2.3385446630426787,12.094897184364898,52.56775055912902
8.52,-1.5361096663187042,11.830428297638326,52.67841715375353
8.53,-0.622830045382251,11.801632346037175,52.72669279687564
8.540000000000001,0.20204080166388377,11.601349329822034,52.860409874674595
8.55,1.0570051982100241,11.608148360996692,53.03170576968992
8.56,1.8287862569326945,11.616932128264574,53.163843811738225
8.57,2.635043810245274,11.155349645935454,53.197671271961745
8.58,3.3672672089441478,11.26297230956425,53.291424655453994
8.59,4.1906782531236635,11.090095853295054,53.498853895220094
8.6,5.189231179527752,10.891106872813365,53.529439875389926
8.61,5.796578898816481,10.488745099576565,53.41293377116803
8.620000000000001,6.724191447005366,10.638229052978712,53.45832716041645
8.63,7.642895276970478,10.477647657921882,53.6028513383384
8.64,8.236887407394407,10.341054953622226,53.66248086539499
8.65,9.254764038550467,10.099201103370998,53.697976300346426
8.66,9.952425968200348,10.010810902626622,53.61776585142126
8.67,10.8047012890217,10.064256833264647,53.56989801902309
8.68,11.730806774517498,9.551090645638435,53.51975401071924
8.69,12.399595202943015,9.614097301583397,53.47947137266273
8.700000000000001,13.091434959400111,9.333159848608839,53.44068002163252
8.71,14.140961823692024,9.334985074335584,53.24242106726686
8.72,15.056555248852838,9.113591450296054,53.37699243140696
8.73,15.91789893430488,8.939606613663393,52.957839854139586
8.74,16.53021110756428,8.597721379849503,52.91468282571935
8.75,17.576451035920883,8.747074594030762,52.8691248174972
8.76,18.31372542368921,8.577437589564427,52.71246535637985
8.77,19.29590643523095,8.40857374936053,52.7998311245763
8.78,19.91019539639937,8.45021077690345,52.34272256643011
8.790000000000001,20.944557342681602,8.311583272183942,51.92496622015928
8.8,21.61324361691508,8.063791409253325,52.13516234912188
8.81,22.463277471786725,8.193192226409376,51.77981211891875
8.82,23.285598936517918,8.05895972060033,51.50707293679554
8.83,24.075439975930184,8.109622866062253,51.27156051215791
8.84,25.027513617831033,8.026951083299426,51.00162453026158
8.85,25.69331222558049,7.826630292889889,50.70269151781467
8.86,26.58137875525528,8.011068490972509,50.47386762234635
8.870000000000001,27.42318254270832,7.879061967387469,50.17909886511212
8.88,28.27540857179209,8.21633761549364,49.51890772486012
8.89,28.918490069426074,8.07165697266471,49.209224042583564
8.9,29.83059055693696,8.240863689549405,48.80156879835691
8.91,30.84482468275282,8.311401478494538,48.39294696602148
8.92,31.295418874881992,8.567933832693015,47.910045573118154
8.93,32.34071369274561,8.800086691371506,47.568236287251466
8.94,33.013735365964976,8.7670711009667,47.17711676553706
8.950000000000001,33.768742735972424,8.990815892912009,46.41933721911173
8.96,34.55270648238559,9.319285380812442,46.15652190419147
8.97,35.42164918062697,9.50694667504964,45.5348093537033
8.98,36.160294745766166,9.97901943354964,45.19968845966211
8.99,36.777858125982185,9.910522885646039,44.2687594956223
9.0,37.414499716322354,10.346678725877362,44.03598776650356
9.01,37.93707137428814,10.79979809639181,43.17647718651895
9.02,38.869885770336296,11.352443413887682,42.559646644836114
9.03,39.52112582591386,11.541540292996348,42.00956674107652
9.040000000000001,39.88606116304727,11.813307024979299,41.471556180783395
9.05,40.69912964026971,12.365131935631556,40.643488654008564
9.06,41.16426217158817,12.900209681150322,39.96404282196773
9.07,41.55555417901466,13.496816830648706,39.24187669882884
9.08,42.233421500114225,13.729007582406945,38.4550842387928
9.09,42.75363711180235,14.68121073509655,37.8090292281679
9.1,43.09274664388954,15.252958927432566,37.04980657922304
9.11,43.65688810785424,15.759674677088688,36.360145599317974
9.120000000000001,43.93948858826891,16.46637634149368,35.47358970873676
9.13,44.3012135747502,17.148771829330684,34.615337261616475
9.14,44.568047177861786,17.602703967785125,33.97468010432177
9.15,44.99241816848205,18.55091713317988,33.020286669258304
9.16,45.21131101722118,19.320897599419396,32.23411302367974
9.17,45.36402468300062,20.07095959367461,31.317522370554077
9.18,45.458043871117525,20.864655414649135,30.396749370993827
9.19,45.48612618580174,21.85315697198399,29.697392156493034
9.200000000000001,45.47481323030015,22.527819149960795,28.55000775695581
9.21,45.60780265293938,23.36971187594869,27.82463981260559
9.22,45.462684206982615,24.110073824201304,26.906585666232868
9.23,45.1341928142321,25.006719968863962,26.07577974702003
9.24,44.930811430818636,26.064453727755872,25.038615218610698
9.25,44.728200013531584,26.863721070179892,24.09188582872991
9.26,44.68078701122066,27.771127452987137,23.025334758924593
9.27,44.33221806728577,28.577599813000422,22.35355236209719
9.28,43.799328851685885,29.378079576703332,21.348038857775066
9.290000000000001,43.352101971456975,30.360217529873267,20.430335938328888
9.3,42.74719457990336,31.38243412397079,19.35777542216264
9.31,42.264301396227026,32.33372800588895,18.31535479094497
9.32,41.46092552166341,33.138915515875205,17.418965253381337
9.33,40.84644677727276,34.18433505976296,16.64579032459784
9.34,39.69841628301836,34.87021782862203,15.750620683646604
9.35,39.082804580262675,35.89109211858268,14.703351810064271
9.36,38.13494266246119,36.75414427459467,13.952891370069487
9.370000000000001,36.90299148417119,37.68645730627059,13.233799945409574
9.38,35.71081634991615,38.5415697855967,12.229281294461007
9.39,34.3456209436998,39.4815404653972,11.572801737087733
9.4,33.283427756716584,40.12890726689065,10.574612164911494
9.41,32.13994358616379,40.80271802582502,9.812505639880557
9.42,30.61991170722989,41.509474528819005,8.89751344539074
9.43,29.110947100900514,42.215644473643074,8.083237578637936
9.44,27.520708111235137,42.759374667310446,7.598472768260043
9.450000000000001,26.04199506716611,43.48190522372284,6.838962106461144
9.46,24.4405267097636,43.954491311056856,6.304500742147858
9.47,22.750700626590806,44.48439248074175,5.476249153271475
9.48,20.878376121115462,45.23494232110621,5.285707306782813
9.49,19.256890364151314,45.41417708586744,4.492310156599046
9.5,17.386314239537278,45.721105307369996,4.109425586705435
9.51,15.485330639169067,46.088443898051004,3.4282687529684384
9.52,13.628311563227088,46.46920833355299,3.1643017628122716
9.53,11.624465477394597,46.402511453179855,2.6912036135026716
9.540000000000001,9.61964484805234,46.72481182356272,2.3573456766653167
9.55,7.348072869124184,46.802462463715024,1.9747874357385724
9.56,5.505700087252592,46.47968447115953,1.7465592948830497
9.57,3.368656016243771,46.52189890845034,1.5430693408243448
9.58,1.1472990445348341,46.50492400806261,1.2771763267773601
9.59,-0.8781530043108955,46.22635285504575,1.5323840704229075
9.6,-3.0448126562855204,45.970151110132285,1.1974479298633844
9.61,-5.152743604790163,45.40726786052112,1.1481100264045268
9.620000000000001,-7.349158435362836,45.104597602913145,1.28177747750452
9.63,-9.371797023965852,44.688220101194624,1.334761942325779
9.64,-11.54850178152449,43.87008263528512,1.5556474149787187
9.65,-13.625104227535164,43.29467776523267,1.7767999674659183
9.66,-15.555833936560541,42.65140921858005,2.001508346753207
9.67,-17.62990918471975,41.62863197807918,2.317502317068106
9.68,-19.74945514551757,40.83693107017438,2.6922710381142485
9.69,-21.642510411187114,39.92086428136582,3.097229329148467
9.700000000000001,-23.67387585127819,38.933181777968116,3.7222512993432804
9.71,-25.646219671639916,37.659558597208985,4.2543151318365835
9.72,-27.406255896877525,36.62972438802694,4.936069006157985
9.73,-29.073629962918712,35.40601085801137,5.481251772110156
9.74,-30.61759777303903,34.14868308187388,6.061803719300139
9.75,-32.33121273192941,32.78029203578972,6.910119698976949
9.76,-33.687516181738864,31.38840844318582,7.568103442456873
9.77,-35.40497017842197,29.75692534977214,8.561810010773476
9.78,-36.60084048855412,28.117843982979014,9.465125395569098
9.790000000000001,-37.97488870455787,26.744227289834917,10.327245028938457
9.8,-38.93459139043986,24.991353131980773,11.203134649635622
9.81,-40.10844706629184,23.465838136797167,12.18354524997897
9.82,-41.10275454206499,21.947689876392012,13.172066783602162
9.83,-41.967292964552016,20.186852456632383,14.093288235175747
9.84,-42.905253604989255,18.39546889648544,15.316664623598811
9.85,-43.487348105050216,16.866824882215933,16.36871944244895
9.86,-43.83285079885647,14.77033459913912,17.66615369926997
9.870000000000001,-44.216906956296405,13.122781200465113,18.74347745459324
9.88,-44.5887337283029,11.203327058633866,19.862192441885874
9.89,-44.700403646081206,9.610865434346778,20.973328905622697
9.9,-44.70047924856279,7.897439796175792,22.3072928403434
9.91,-44.68865487829763,6.105950027811741,23.600629477080812
9.92,-44.59406699415771,4.462753928763275,24.825916495788707
9.93,-44.240481828560725,2.549242167441098,26.01397979417881
9.94,-43.825580358163876,0.7695747606022968,27.426773561236992
9.950000000000001,-43.32274792627194,-0.6633973861411864,28.62954040590304
9.96,-42.820131443982035,-2.2433491668763357,29.83199736607945
9.97,-41.73337925950836,-3.8830427009529678,30.862529864884976
9.98,-41.07561131845063,-5.311420250774312,32.28910896537609
9.99,-39.89301673992449,-7.002791410818579,33.5429110221362
10.0,-38.95799277861971,-8.32419973442402,34.698285765181154
10.01,-37.65663039816748,-9.670292181252371,35.81965303528285
10.02,-36.50508710433182,-10.927463267141441,37.103368576876136
10.03,-34.98116362366383,-12.289686079875374,38.113773191785334
10.040000000000001,-33.45518777904568,-13.413628942395146,39.39250097484222
10.05,-32.147310272409875,-14.538461502247767,40.434541491860735
10.06,-30.44608979305225,-15.293708341987424,41.7122075031602
10.07,-28.67976324472766,-16.60291523449151,42.41007740749314
10.08,-26.963357152780524,-17.308574227818273,43.41148177131492
10.09,-24.887601941321197,-18.11783741652606,44.41433828672692
10.1,-23.086843616336466,-18.87205162287194,45.345500247149765
10.11,-21.18731595763875,-19.573002465868697,46.217619512629526
10.120000000000001,-19.01578949478258,-20.03918650909058,46.89524016083318
10.13,-16.8480938664311,-20.41994840695306,47.70525187532828
10.14,-14.930484998951018,-20.731093184189824,48.42531059636307
10.15,-12.856682115523862,-21.035950004862737,49.19812170632296
10.16,-10.658882854837584,-21.12212531453842,49.75196684182482
10.17,-8.345321387420084,-21.246459909548168,50.252000537001564
10.18,-6.364885623228116,-21.362667487788272,50.63729760257307
10.19,-4.081483550798151,-21.194160316872804,51.32449691281355
10.200000000000001,-1.813001086238495,-21.200246841371285,51.55996302297201
10.21,0.18221553533661816,-20.661795460486132,51.935938827978504
10.22,2.331032670956087,-20.472803151684854,52.291524464237206
10.23,4.545561008532694,-20.01212292873817,52.38317913062187
10.24,6.722343944820146,-19.488335701674234,52.589278907320484
10.25,8.724905830674876,-18.9377084081412,52.84780005695537
10.26,10.910915149923426,-18.414511507619498,52.812625274842375
10.27,12.970843494349381,-17.633306458671886,52.809884500529705
10.28,14.834152053148895,-16.712302258136724,52.56083084511222
10.290000000000001,16.787887037894887,-15.746923809367118,52.59592661106284
10.3,18.68257276447957,-15.160373626628823,52.44393171828191
10.31,20.817411656205778,-14.04717354946422,52.10607483382079
10.32,22.46878025318283,-13.002341511508705,51.87114724568845
10.33,24.116765700812852,-12.097911020361291,51.291583722979084
10.34,25.767716989174865,-10.848316256433861,51.00188746062187
10.35,27.471823027686106,-9.561629312909139,50.7022480294291
10.36,29.104292849832277,-8.380370887738035,50.23803798142052
10.370000000000001,30.43104696825747,-6.969185783108157,49.62802516033582
10.38,31.812155166321066,-5.898256609037321,49.0080817391424
10.39,33.40843657099663,-4.551087317651256,48.54221873531644
10.4,34.664479170934676,-3.2780823444962066,47.6941888990958
10.41,35.764931746169985,-1.801013921066212,46.95757823938312
10.42,37.003070057722276,-0.3327718739063844,46.45663476920882
10.43,38.09000021893718,0.9799667772895132,45.638124788065625
10.44,38.93819669869533,2.243458951856658,44.61705951568589
10.450000000000001,39.838891314327036,3.9555852718652673,44.000884254648284
10.46,40.766971106557136,5.305117006534837,42.99844740563395
10.47,41.472259629660876,6.732020272486435,42.216692334789386
10.48,41.98033290887746,8.065410350421864,41.11863202755414
10.49,42.39659242715544,9.547274018616438,40.02047685925507
10.5,43.12307354919411,11.030440569918866,39.26435768294945
10.51,43.64815001258473,12.381532157245895,37.98148509942096
10.52,43.9778800482614,13.849060862435586,37.07761132421238
10.53,44.33918526808992,15.050113232209014,35.98680702923661
10.540000000000001,44.45663730557129,16.497796984701143,34.980331213571155
10.55,44.72218878509007,17.877284377017396,33.795186375604466
10.56,44.67809218109146,19.379521678519435,32.55465112874691
10.57,44.74239681579065,20.573954777113272,31.44356683358714
10.58,44.782448873694925,21.871587442605215,30.257023479714746
10.59,44.73639085192955,22.866780627239354,29.256317999768527
10.6,44.4677991199811,24.12555964693998,27.743535487833487
10.61,44.348846997365236,25.407030959232017,26.609218986570962
10.620000000000001,44.30773288514976,26.422363181841224,25.42242339248843
10.63,43.82102025803544,27.429566429466615,24.31135044802613
10.64,43.60595715796952,28.748684712520458,23.04456534711674
10.65,43.329466460711735,29.457105379963192,21.92954355937254
10.66,42.94633503143752,30.709419426791815,20.677517946013154
10.67,42.56664426959574,31.519049524920636,19.426293200628823
10.68,41.912033243222105,32.62414870024725,18.202552981885994
10.69,41.463774937468926,33.19328494014345,16.98877169617692
10.700000000000001,40.793471642335795,34.04715278491552,15.824990031426006
10.71,40.315170577893085,34.94116376248479,14.77963756589277
10.72,39.70976149216389,35.72287895519122,13.491574573938793
10.73,39.11270726304645,36.287836957209215,12.406628058778614
10.74,38.385126893018246,37.144941093092,11.18889437093276
10.75,37.80379800619089,37.79016598491113,9.770906148225988
10.76,37.231135563607594,38.30655665425143,8.727773701097476
10.77,36.37732749240304,38.92175542382191,7.497775301986168
10.78,35.527624363054535,39.35550953347248,6.424726523121122
10.790000000000001,34.939008792759175,39.785055014825076,5.152320227772403
10.8,34.171492808235335,40.34992439855911,4.22479296822309
10.81,33.473965203646145,40.88575224281519,2.9851385664635712
10.82,32.77889514647519,41.06681720894091,1.8587393957841563
10.83,32.07719648999188,41.31592341159838,1.0667324846790438
10.84,31.329252028907536,41.71058081910531,-0.46004755745161463
10.85,30.80749261465807,42.14684757388969,-1.3648553539189001
10.86,29.927445825456832,42.11061888970906,-2.5374673254233664
10.870000000000001,29.180157279776626,42.4350249196221,-3.4372201887296145
10.88,28.529307015437425,42.56585396914871,-4.576476387332105
10.89,27.860228376480975,42.805582300149034,-5.5554864191158995
10.9,27.241715323814205,42.63422625765195,-6.692729344008028
10.91,26.337723864405376,42.718897566931034,-7.672000579638628
10.92,25.88540278403033,42.83356284276679,-8.70682099975154
10.93,25.07652479373656,42.54843894843902,-9.633590410352172
10.94,24.47641747207964,42.80724961037792,-10.672785032366114
10.950000000000001,23.786401547701924,42.84193585700489,-11.5016540152385
10.96,23.250183910000377,42.83030166164361,-12.641104990459414
10.97,22.403919027859263,42.52069819475053,-13.617931934281813
10.98,22.151945624526054,42.526305448747145,-14.497489645846683
10.99,21.4899324695246,42.16805286325452,-15.494740884113922
11.0,20.96427472819222,42.199510904741004,-16.358793085050902
11.01,20.353045577120835,41.963684608275116,-17.257643901933978
11.02,19.84749769128661,41.81419810888875,-18.07381125264578
11.03,19.4342653981655,41.43179354392733,-19.11464538545137
11.040000000000001,18.831793893535565,41.28259065404289,-19.994635519946993
11.05,18.293588291883864,41.079414905077314,-20.70842779938632
11.06,17.990766640354803,40.74270292034495,-21.68142779696488
11.07,17.50399086543238,40.507455255656055,-22.256519183541347
11.08,17.155121071165027,39.95874453596809,-23.22861892506399
11.09,17.032360189802954,39.84343290091753,-24.17709469925197
11.1,16.65395733137207,39.46848590003586,-24.806527779798518
11.11,16.145553215118028,38.97529272773023,-25.787886905481862
11.120000000000001,15.886772220921772,38.45939384682761,-26.675566442986316
11.13,15.392783206571712,37.97785360394725,-27.11625086413467
11.14,15.245768813668592,37.663523041462284,-28.00390785725326
11.15,15.00966252308788,37.30435315707622,-28.63150161539008
11.16,14.710917459029753,37.002395072717086,-29.719361832772098
11.17,14.540683299913775,36.34292512767707,-30.267327286394096
11.18,14.476834749010738,35.957868033936386,-31.078870667685862
11.19,14.149016728539603,35.21864631828937,-31.630478946238405
11.200000000000001,13.8686245276672,34.88983064688884,-32.243594950268914
11.21,13.917713364255599,34.26716603584027,-33.008247782325476
11.22,13.892332483576865,33.89948709661392,-33.742694059459225
11.23,13.54908682757263,33.33577412103764,-34.278299772716935
11.24,13.699893139241638,32.651314312401745,-35.11207245794565
11.25,13.757560147307379,32.06545952302901,-35.73517319663564
11.26,13.680173491591711,31.408155195673015,-36.46671360479315
11.27,13.693951304995418,30.95985810352602,-36.92294894205523
11.28,13.673125299622416,30.144957457691063,-37.523867127478184
11.290000000000001,13.711826642214117,29.542161563361432,-38.24789624716401
11.3,13.731792918925747,28.68625385390478,-38.8175101711231
11.31,13.672040732744293,28.412725815983613,-39.46367496853033
11.32,13.832815929015128,27.47570767265089,-39.97550034082025
11.33,13.909775681293011,26.703490062006342,-40.525087644733276
11.34,13.91944244868273,26.2449320332334,-41.05568231632627
11.35,14.052788813793288,25.55067439929184,-41.39113438113591
11.36,14.004056580426862,24.743861021700496,-42.189710678951776
11.370000000000001,13.996340409438995,24.02685088420363,-42.6288543265286
11.38,14.37300489596524,23.30331127081849,-42.99084206402441
11.39,14.363503333998084,22.479827459636244,-43.60690532697167
11.4,14.4529633732768,21.70937855408673,-44.085394329668034
11.41,14.665319884889557,20.822817959537044,-44.51431334894808
11.42,14.743019658736388,20.02115336290688,-44.819436290946946
11.43,14.976517642940353,19.255698596440507,-45.52136578294063
11.44,15.122962610053783,18.15996431943629,-45.94035289362541
11.450000000000001,15.1416536788509,17.375971447159614,-46.41306226266904
11.46,15.317739850875448,16.54121213981099,-46.5633002440918
11.47,15.321062714061593,15.713178992875218,-47.06883765767264
11.48,15.49687937453919,14.792611677923746,-47.434563973184424
11.49,15.675950185536266,13.710790327744604,-47.732417663159666
11.5,15.873562469280342,12.972679614232812,-48.01684213478215
11.51,15.970536059423896,12.030134286799905,-48.362053210997104
11.52,16.039896431227373,11.028491635166509,-48.7403405379852
11.53,16.206575529897737,9.938056142074757,-49.05081085273755
11.540000000000001,16.259399292056887,9.019605248314754,-49.194507512078374
11.55,16.29636156586425,8.158351640678541,-49.23329059979395
11.56,16.4236094280644,7.283621925978763,-49.70272231696062
11.57,16.447911945541698,6.149257609962976,-49.65844353026599
11.58,16.52713868111748,5.070735342527234,-49.90590196010929
11.59,16.364027692160647,4.046220573785641,-50.003773844500856
11.6,16.619036327640817,3.0835718948239412,-50.09651965210216
11.61,16.478835170434337,1.962713784811809,-50.364406245415054
11.620000000000001,16.45149749834886,0.8975389201429932,-50.46292538433079
11.63,16.381225151666868,-0.2776142018480577,-50.497785210711115
11.64,16.22661844362659,-1.327511550939654,-50.64665557964235
11.65,16.246876560210687,-2.650169171061874,-50.53366201635897
11.66,16.25805498045695,-3.43349249541543,-50.54729779120665
11.67,15.754045871850659,-4.529953232602829,-50.63584752309154
11.68,15.789027246148013,-5.733612302459657,-50.664996395140896
11.69,15.725334937592397,-6.5127571977779715,-50.25961142343964
11.700000000000001,15.074379679687222,-7.653696382588472,-50.316492300377654
11.71,14.9511631950058,-8.740688349285014,-50.33582689848891
11.72,14.717505623007137,-9.772685808182363,-49.96429898830727
11.73,14.386576871015253,-10.868116431399606,-49.94856971546375
11.74,14.132671606011343,-11.919997519374807,-49.67227433002661
11.75,13.537005322795082,-12.903554441399342,-49.485871749536166
11.76,13.206175205713992,-13.966259490012332,-49.32613035493403
11.77,12.743742500801075,-15.05572770444099,-49.30197278453208
11.78,12.114505862754712,-15.940316359508271,-48.86318971444827
11.790000000000001,11.779880873769946,-16.96871322336469,-48.45714479427114
11.8,11.408972278168273,-18.057857906589472,-48.420264812724355
11.81,10.783406912566067,-18.965524653451933,-48.14067556925881
11.82,10.13381106467629,-20.027494536154755,-47.87029318932848
11.83,9.352010461724303,-20.83429094000617,-47.411476198059866
11.84,8.793024864765,-21.763653838541003,-47.06711260226084
11.85,7.945786898965632,-22.626675547358456,-46.726652943534596
11.86,7.2426242060925325,-23.417430340396997,-46.39771151055981
11.870000000000001,6.423934798599727,-24.29942501106818,-46.16548343546697
11.88,5.683238998028466,-25.078802261195168,-45.6971405278692
11.89,5.121508486523699,-25.486055622436158,-45.28196087943127
11.9,4.027111963833169,-26.52563884479764,-44.69341509440027
11.91,3.1402156034070927,-27.003988036803708,-44.37070815555868
11.92,2.190942009295891,-27.78461770565283,-43.81893942945922
11.93,1.3954169780644532,-28.404722791867908,-43.43559104486591
11.94,0.3652443961078103,-28.83981246473513,-43.07394325728921
11.950000000000001,-0.5824588443995169,-29.6142153008268,-42.65176505251438
11.96,-1.4896376805255802,-29.916436015597565,-41.96781396533069
11.97,-2.5924791563345138,-30.308568442647076,-41.730403922440225
11.98,-3.8992166155522994,-30.812069188298437,-41.216864766941555
11.99,-4.63757663101395,-31.14003171446767,-41.034544128696915
12.0,-5.678187865639718,-31.449953937579377,-40.133529799334994
12.01,-6.66383067773621,-31.798629955769815,-39.6682875707336
12.02,-7.9731530897255665,-32.02094962876894,-39.66711062746545
12.030000000000001,-8.880619938794045,-32.124488528934776,-38.888142141779305
12.040000000000001,-9.84240322528017,-32.06598525338594,-38.503451544836935
12.05,-11.104043559106588,-32.058463123527616,-38.23916068804868
12.06,-12.364800768384372,-32.28692600115855,-37.81590528259415
12.07,-13.391724679222136,-32.38434701482435,-37.426588880016254
12.08,-14.388343667357605,-32.24820335174117,-37.0309381232126
12.09,-15.462921064506437,-31.91238928114232,-36.46075350298469
12.1,-16.562649594583526,-31.72907483574785,-36.17894962137512
12.11,-17.684170255505002,-31.67478416665852,-35.93938110673427
12.120000000000001,-18.631152265177516,-31.30338769559538,-35.31725291572356
12.13,-19.713560787637057,-30.956979636275495,-35.248502487266705
12.14,-20.5575476124924,-30.568601884315584,-34.7248845999276
12.15,-21.687217677461355,-30.294749066070544,-34.75997978418987
12.16,-22.39413488335061,-29.794140004720838,-34.48950371686357
12.17,-23.386027691056523,-29.33438469194545,-34.11524993466137
12.18,-24.20098174021361,-28.76558387303891,-34.10792427743193
12.19,-25.200649801222077,-28.217070576447345,-34.08645986718829
12.200000000000001,-25.936516498801264,-27.81032419713883,-33.53774072016598
12.21,-26.743750805547002,-27.217061230057183,-33.703131388086305
12.22,-27.562147367473997,-26.517398039803812,-33.61757220374495
12.23,-28.15174227956367,-25.741743624409064,-33.39270884356234
12.24,-28.918941482767675,-24.871363345513835,-33.33898152999647
12.25,-29.212728977449185,-24.3351651923413,-33.46919937885931
12.26,-29.961407989396438,-23.47646020368596,-33.491176092483975
12.27,-30.598641605836402,-22.813339664376507,-33.512051501224
12.280000000000001,-30.902250930730276,-21.926198162261098,-33.493522216913
12.290000000000001,-31.333628993727228,-21.198490499186935,-33.79919203611493
12.3,-31.806110975569407,-20.240299517746028,-33.79418538309063
12.31,-32.159784935408055,-19.47826765532711,-34.02609722997145
12.32,-32.16755204495115,-18.63054075023966,-34.10434730017128
12.33,-32.5136193064415,-17.74990164187226,-34.399999031945015
12.34,-32.82141494758625,-16.92724804096948,-34.4978208031005
12.35,-32.72085116553983,-16.04762508102983,-34.76605077474397
12.36,-32.90459868787243,-15.114818454299026,-35.027403536721486
12.370000000000001,-32.99362514501114,-14.13866572227915,-35.424169218870595
12.38,-32.98252830406883,-13.340178652894913,-35.77470129748299
12.39,-32.80941003953894,-12.707465793022926,-36.1448908560345
12.4,-32.55387584649458,-11.836078757645438,-36.42945597568223
12.41,-32.31996272340732,-11.070779816125953,-36.829353469483
12.42,-32.067371408321165,-10.133304468833495,-37.2876881049525
12.43,-31.681294716441286,-9.462233305940796,-37.80041159802379
12.44,-31.33931828166881,-8.75215655320968,-38.1061418030361
12.450000000000001,-30.90550282243929,-8.001903865892915,-38.31373335333885
12.46,-30.594671316713995,-7.415681664436777,-38.95103307765105
12.47,-29.90241109453264,-6.63189452965891,-39.2910489083626
12.48,-29.27141962306289,-5.888326193773175,-39.9921601525573
12.49,-28.986147329404712,-5.164781312022498,-40.70454554790206
12.5,-28.379829131308473,-4.811447851848016,-41.02738423910969
12.51,-27.601387136432102,-4.335286580488434,-41.306959622814375
12.52,-27.06463144584585,-3.834225468659376,-41.82379049920359
12.530000000000001,-26.05263543555004,-3.2487667185982634,-42.385562610746895
12.540000000000001,-25.299708373565675,-2.7800526327054635,-42.99940014894062
12.55,-24.489148143382135,-2.434560986780541,-43.37356723556266
12.56,-23.579218869350836,-2.263011411007274,-43.96849775922372
12.57,-22.680929230262272,-1.8856543748355123,-44.50936937280279
12.58,-21.63521090978075,-1.6128797903705827,-44.8713181030262
12.59,-20.805708933712783,-1.4210514603211664,-45.340455271091216
12.6,-19.633481300614324,-1.1883308173337888,-45.81454537369682
12.61,-18.998207462231683,-1.1047070436356714,-46.416874761994016
12.620000000000001,-17.878799530816632,-0.9709840384968399,-46.89626300969206
12.63,-16.59091242133256,-0.9375344077128709,-47.22217785154836
12.64,-15.701538270113595,-0.9218285889939464,-47.732252047554354
12.65,-14.645350512954327,-1.0325342448597945,-48.06280602137762
12.66,-13.66853502514295,-1.0680715865520503,-48.19996454934591
12.67,-12.55500965616755,-1.184148777049022,-48.73691589400622
12.68,-11.555858987542619,-1.2104822162025581,-49.104545798047546
12.69,-10.15058561487393,-1.6616105314473348,-49.23072190513391
12.700000000000001,-9.266513485053562,-2.0103245732908945,-49.84435490142663
12.71,-8.107791002388907,-2.17583158987262,-50.086864224703
12.72,-7.122218248221798,-2.5055567032647663,-50.170307240979
12.73,-5.939909724684458,-2.9980467643849407,-50.46993070970777
12.74,-4.794725782635701,-3.478209049686993,-50.76277618322503
12.75,-3.8331921268103644,-3.791181590031573,-50.65460134889966
12.76,-2.7840217853586524,-4.374762607659836,-50.988819198519394
12.77,-1.7335053178039177,-4.83047950454555,-50.9975792669807
12.780000000000001,-0.6263921253842248,-5.381518799756809,-51.11448065305624
12.790000000000001,0.4230322511436813,-5.974345438391581,-51.1714573415746
12.8,1.4585411090607359,-6.578856146111037,-51.28432210995765
12.81,2.544958915634287,-7.434488350773333,-51.24147064208657
12.82,3.4990979426386923,-7.84989431710355,-51.29182263329559
12.83,4.580837512865252,-8.638068099320181,-51.16773960646832
12.84,5.460057680554522,-9.389118738027678,-51.0267942908897
12.85,6.320387671773768,-10.13496382528161,-50.732386497456275
12.86,7.360263403592813,-10.893629428211845,-50.787236080952944
12.870000000000001,8.22744284883602,-11.55469481856017,-50.55142022838221
12.88,9.354153614606961,-12.259859706005162,-50.27804668030454
12.89,10.068405273909503,-13.357237330097353,-50.157174517047615
12.9,10.8942975259387,-14.128065484001045,-49.7597968459171
12.91,11.68517576506003,-14.84802957626492,-49.455473922735216
12.92,12.664497456103467,-15.6491703661101,-48.97306821441536
12.93,13.523146350088743,-16.618655974728355,-48.65695775535219
12.94,14.214732048646866,-17.339369350628097,-48.35024571010837
12.950000000000001,15.163475510197838,-18.231483567661762,-47.702379909372155
12.96,15.773140821187736,-19.04666075171242,-47.24759055717152
12.97,16.33798658623293,-19.984871550127206,-46.57753114460957
12.98,17.15318317127987,-20.917164377774217,-46.28554723312784
12.99,17.852074055883048,-21.75349229814427,-45.53846821727313
13.0,18.592160515208377,-22.633238108457075,-45.08894557945907
13.01,19.25294719357489,-23.654250349808915,-44.30172342950412
13.02,19.88575257819238,-24.19941862489173,-43.679948231367966
13.030000000000001,20.538831722460525,-25.186786123508586,-42.98048429522885
13.040000000000001,21.05932227186075,-25.919916952611953,-42.22922386771694
13.05,22.028002711225692,-26.796934378627213,-41.663158737823224
13.06,22.448889878154084,-27.796432400900375,-40.87252482736512
13.07,22.764867984157373,-28.560438723714803,-39.96247626607754
13.08,23.28664951827384,-29.492968255126176,-39.20776215760106
13.09,23.73840584986023,-29.942470019036797,-38.165380429355935
13.1,24.503323581348955,-30.975665790125692,-37.45877916998132
13.11,24.934050192036747,-31.695413783822527,-36.40987240323993
13.120000000000001,25.503946864820662,-32.43013068887925,-35.648811284416546
13.13,25.953550903157694,-33.1779958621454,-34.48148553931748
13.14,26.2049781740502,-33.79339553081163,-33.54576975714371
13.15,26.89712408624519,-34.72369868713867,-32.63967582972601
13.16,27.230796673033296,-35.22425863572863,-31.74762736027458
13.17,27.703225976727754,-35.926036646101515,-30.6972863057257
13.18,27.752921011652063,-36.60297406593396,-29.412663149187946
13.19,28.31466170831326,-37.10636411439545,-28.54277238518576
13.200000000000001,28.896597708555902,-37.86515081362527,-27.509481928730583
13.21,29.128191154912724,-38.08219233064313,-26.217997301368285
13.22,29.52340983865569,-38.92996618298853,-25.320363085544894
13.23,29.891313387967617,-39.29766675438442,-24.069059107276882
13.24,30.303819353545954,-39.933437998096736,-22.933512057159724
13.25,30.491932828745693,-40.38265516194122,-21.83892718088667
13.26,30.931140440008114,-40.597639407950254,-20.676964933211433
13.27,31.153689116004028,-41.275592875926804,-19.304273344341535
13.280000000000001,31.648664644366246,-41.47105021615136,-17.966984074863507
13.290000000000001,31.79710139708568,-41.95496101129122,-16.971753665617992
13.3,32.25481073952518,-42.15109917574387,-15.644449360500396
13.31,32.206464694999774,-42.42959637604701,-14.334059239229818
13.32,32.62894379269223,-42.72692903526882,-13.319841034962103
13.33,32.80172013664292,-43.02268248308732,-11.91076225202141
13.34,33.17229134906295,-43.226788305922376,-10.56292988516291
13.35,33.5305152186306,-43.275139051407386,-9.46625302571805
13.36,33.76502959975787,-43.37112988258409,-8.279165436292494
13.370000000000001,34.0092528283424,-43.61861346003522,-6.636462120960575
13.38,34.29396713482928,-43.92665602140448,-5.557627565046113
13.39,34.353750731633305,-43.807544551306194,-4.389299631267801
13.4,34.71763645623834,-43.787441557949414,-2.8719033316199583
13.41,34.95541998902554,-43.92515985150546,-1.6467856439691106
13.42,35.27298470010523,-43.6833188586349,-0.23967908234725738
13.43,35.47711657682724,-43.76056436030281,1.056562320434586
13.44,35.612419967782,-43.67222794377088,2.293735262674709
13.450000000000001,35.73172914554581,-43.64565884653416,3.501523634890773
13.46,36.02517541107076,-43.33068860562385,5.254018918754342
13.47,36.3362072613923,-42.96633678370745,6.053594180284144
13.48,36.533096780035,-42.97067735720684,7.586910016693248
13.49,36.510017613948655,-42.75115807118544,8.891014179114352
13.5,36.765210980982296,-42.29038624106726,10.236474230631906
13.51,36.89582575726382,-41.96600135484848,11.584285272031181
13.52,36.77118848141001,-41.573218551541515,12.860145784408752
13.530000000000001,37.098359428004095,-41.34953942098811,14.267748438177978
13.540000000000001,37.08764148561222,-40.967017632059935,15.510367122940163
13.55,37.186197328238656,-40.32077106021763,16.828019109885926
13.56,37.204483674532284,-39.88115443355186,17.908615553581896
13.57,37.24215785073638,-39.33355736865108,19.283783518036522
13.58,37.382686690727645,-38.99999019834667,20.56040540659266
13.59,37.42933656256303,-38.571038301214024,21.771854219588008
13.6,37.248890853603505,-37.878129685408034,23.148798189467907
13.61,37.36162299427167,-37.31331747763624,24.428644873827988
13.620000000000001,37.085110887680145,-36.47582112701612,25.646431655343996
13.63,37.18494235335026,-35.83964160422478,26.71920009967675
13.64,36.98573370157085,-35.17931827591169,27.98592281721332
13.65,37.20240348855339,-34.57586779117751,29.143064002107685
13.66,36.93878935702144,-33.668241667785765,30.163544059505874
13.67,36.64852605101555,-33.00276345908403,31.5372941120794
13.68,36.50036288970956,-32.12856734037059,32.58451855531363
13.69,36.106684036940315,-31.35985522247588,33.60981739983599
13.700000000000001,35.92361833440035,-30.737876414656476,34.75783474824738
13.71,35.830627753943,-29.79225847261784,35.90509023242259
13.72,35.40474945706743,-28.947488917599436,37.07086119772349
13.73,35.00253047616765,-28.17172868259362,38.0729508128123
13.74,34.687952857354276,-27.288729492987322,39.0541236333487
13.75,34.31543649110677,-26.56166952541728,40.15921403156352
13.76,33.76386095428858,-25.412777440008103,40.96283563783825
13.77,33.194487488025224,-24.53333328813917,41.8990064770931
13.780000000000001,32.682513194895144,-23.709120019633183,42.8422498001975
13.790000000000001,32.106211215118066,-22.551308191559144,43.84247315103731
13.8,31.366032944710845,-21.757658180247923,44.75459827222137
13.81,30.785248709846133,-20.733658829196823,45.550750212233694
13.82,30.255235503441178,-19.83692928188123,46.15912534265056
13.83,29.50641965761865,-18.728195017930016,46.92715265124341
13.84,28.73391333596011,-17.942451367053106,47.763725621015155
13.85,28.01342031133211,-17.02159737115508,48.4770471348634
13.86,27.458492085890068,-16.084211934555572,49.266806066913624
13.870000000000001,26.342124282884967,-15.414992957042864,49.90937550723505
13.88,25.613664546404173,-14.291235826232029,50.35396199956234
13.89,24.400808794456058,-13.499159704646852,51.0399039293192
13.9,23.61050417734573,-12.461128836271081,51.50864896412433
13.91,22.37172934829033,-11.690640187507464,52.03340654727077
13.92,21.418797689600815,-10.824942601008345,52.77843658564012
13.93,20.2538854090142,-9.830309505818311,53.22269346569173
13.94,19.344656136022014,-9.152995317230856,53.58822990686115
13.950000000000001,18.21373967718615,-8.502201266848553,53.82662251902557
13.96,17.14053090264167,-7.608962608612126,54.367230034467944
13.97,15.916835427271266,-6.890627867227315,54.411330661186234
13.98,14.828602877417286,-6.473671675301338,54.715360262824476
13.99,13.486063861932125,-5.751964552845383,55.063280260849005
14.0,12.065776917056047,-5.138111796866577,55.39097310627325
14.01,10.869866241346712,-4.312789699221978,55.37825893290521
14.02,9.593397172028585,-3.8799027291695722,55.54752990062682
14.030000000000001,8.288319921035317,-3.453773517707086,55.71102449457083
14.040000000000001,6.873235137175682,-3.021678262230942,55.65476271155277
14.05,5.66969408739642,-2.577426200585495,55.68443150649671
14.06,4.010159553762084,-2.2645115255867956,55.63749925281205
14.07,2.6047400931669022,-1.7990423956905253,55.8591475349221
14.08,1.4911397906962143,-1.8569174893685256,55.402979148413586
14.09,0.01278653661233258,-1.4237772509971867,55.3193113450777
14.1,-1.4090940910802827,-1.2038459791837868,55.28474843731381
14.11,-2.8099055952075584,-1.213567950967165,54.94947498032888
14.120000000000001,-4.250961967604866,-0.9965097320837539,54.64122338282732
14.13,-5.619561622602497,-1.0566349551657885,54.51723702113441
14.14,-6.801866400973483,-1.1096233085564675,54.31941831304068
14.15,-8.245730969757739,-1.1392874650692046,53.979744395666394
14.16,-9.598678418469774,-1.3294708448101644,53.75100688863124
14.17,-11.15776268359479,-1.5826073710453377,53.18754109469491
14.18,-12.38703995975948,-1.7320166364825877,52.8340081064419
14.19,-13.439586173559945,-2.186871868762052,52.6422864502323
14.200000000000001,-14.75639132337829,-2.511697277026637,52.111476168423565
14.21,-15.972323895875505,-2.84157263384524,51.562661721314264
14.22,-17.22719924270127,-3.2125819359141254,51.055405330023994
14.23,-18.45811351231046,-3.977568305211263,50.69753954097773
14.24,-19.493177231508614,-4.47487835613451,50.21807901131427
14.25,-20.500047938664988,-5.234151973521212,49.518290834028626
14.26,-21.449858715017793,-5.699602320797416,49.2106645199652
14.27,-22.192006810221198,-6.659601203806544,48.56945503296022
14.280000000000001,-23.15065328288135,-7.343408399861697,48.106890115516876
14.290000000000001,-24.086331834981355,-7.974945660689168,47.34476660015564
14.3,-24.86153391978049,-8.850661526694351,46.82934488600995
14.31,-25.501510114018515,-9.919623793203563,46.41574180658424
14.32,-26.342487787559108,-10.677696214584982,45.644321757419654
14.33,-26.91923090967223,-11.533881704945607,45.17900295967787
14.34,-27.334787105950255,-12.42822902972511,44.47392196479564
14.35,-27.880900173026102,-13.673029143671057,43.835018277000565
14.36,-28.32142978686538,-14.685280745884604,43.33371049028601
14.370000000000001,-28.647983908468422,-15.692045331457335,42.73805333018563
14.38,-28.9080609020261,-16.797395572366494,42.04670671221473
14.39,-29.154898062152654,-17.87824408954567,41.82445841308461
14.4,-29.189011526939147,-18.958114435631547,41.04243942927322
14.41,-29.383931950627254,-20.062005377810028,40.554402860343124
14.42,-29.201933517928975,-21.10913656934967,40.061767466971524
14.43,-29.096010550804714,-22.394883175175064,39.29451551259051
14.44,-28.902556634452793,-23.308635843142973,38.7923781598758
14.450000000000001,-28.788416647565164,-24.478506395969998,38.427708363877954
14.46,-28.37721179304835,-25.559695810121994,37.925349424777785
14.47,-28.06493864996928,-26.7501818940355,37.40584365615282
14.48,-27.652804769682646,-27.80453445683946,36.807086626968
14.49,-26.987077459017218,-28.824361232083696,36.74535893939837
14.5,-26.35166987344435,-29.78730887825108,36.11393303309549
14.51,-25.67499240706909,-30.84080040703676,35.65966099954837
14.52,-25.03843381593373,-31.99395845543402,35.33614071516165
14.530000000000001,-24.179575577549624,-32.98341414641509,34.85875110732884
14.540000000000001,-23.472579168549316,-34.06906269027958,34.63771524451642
14.55,-22.491274022544918,-34.73263089340888,34.28634561504016
14.56,-21.199428830481235,-35.59872341040757,33.80256957967298
14.57,-20.39758386933692,-36.46571754898076,33.6709735253091
14.58,-19.436856172503603,-37.43095101111214,33.28941834769691
14.59,-18.212294647132502,-38.147750509270374,33.10998764790763
14.6,-17.17392476338471,-39.06019989764387,32.617865427963046
14.61,-15.75659197025573,-39.7392969012435,32.672325867181364
14.620000000000001,-14.522543619428914,-40.23057313968823,32.45680765825779
14.63,-13.310184869251456,-40.89046347864997,32.14115272255413
14.64,-11.998020747309281,-41.36429424777555,32.179148926069026
14.65,-10.609464142459865,-41.78270804183147,32.01816811050786
14.66,-9.423551153212566,-42.19981186563357,32.07758061269209
14.67,-7.901770004106795,-42.6743369092189,31.816079610166504
14.68,-6.488921736458751,-43.05650335242961,31.969755319734347
14.69,-5.002774629820384,-43.364423607057304,31.746821148229632
14.700000000000001,-3.627783082836029,-43.607341550954786,31.72460150707272
14.71,-2.1560386214960996,-43.82938814093076,31.551921147265016
14.72,-0.6575276316792505,-43.93676569651635,31.71859923542705
14.73,0.8242857435564442,-43.968424539358075,31.916797301231153
14.74,2.2821072873080466,-44.03547066057989,31.867009919264095
14.75,3.856553082346262,-44.03440048546654,31.98339751803912
14.76,5.206587474970827,-43.86056739457467,32.17134187602143
14.77,6.9431443895568306,-43.7647998050396,32.194247374665345
14.780000000000001,8.051275781742847,-43.62757233989901,32.224451539237485
14.790000000000001,9.964046665537538,-43.26433114596786,32.515010501650174
14.8,11.103002571790746,-43.02055382000407,32.58269403455396
14.81,12.593613396864436,-42.82464302197873,32.68014357251365
14.82,13.714421778321384,-42.58438493734017,32.965200203847736
14.83,15.187194337004149,-41.93492325794622,33.23700547120598
14.84,16.666844789779596,-41.47836305426565,33.153161880315835
14.85,17.657334310221138,-41.035792605712004,33.61023890218919
14.86,19.170886916306074,-40.66015694164974,33.92607251213816
14.870000000000001,20.37131941448055,-39.9936625667993,33.97149724457534
14.88,21.61010030373441,-39.40622918280105,34.26812312009968
14.89,22.845322877329874,-38.64795359410886,34.369347743835355
14.9,23.94361886576182,-38.17923359908136,34.716841114059754
14.91,24.928533833031917,-37.48002470471653,34.88726655920675
14.92,26.28620448702749,-36.85534641284377,35.371233783957194
14.93,27.279785902435385,-35.897651571067314,35.44932730843962
14.94,28.18081258777859,-35.16975634826755,35.85037796701184
14.950000000000001,29.096959564570916,-34.52177065681288,35.88957879290669
14.96,30.186557457910208,-33.761942640579925,36.385990235729146
14.97,30.977546821180006,-32.957428328754176,36.44980736606083
14.98,31.804584046921352,-31.99234960014335,36.77746880053608
14.99,32.497891183033985,-31.139860660893778,37.22916976298867
15.0,33.43692904959415,-30.189882044503594,37.359921567173934
15.01,34.18970304567276,-29.308913299256318,37.79618081783235
15.02,34.81619142140047,-28.433159689086658,37.85154444695885
15.030000000000001,35.60091318283041,-27.764136613861446,38.04851850384445
15.040000000000001,36.019036801986815,-26.681801471795325,38.41217720354862
15.05,36.52169521497279,-25.612063484999442,38.298136618464994
15.06,37.16723361473622,-25.07100989349443,38.834584619569384
15.07,37.73031872284077,-24.137932911570925,38.90676813385993
15.08,38.06236959464298,-23.250702140807068,39.165353132177884
15.09,38.33845604089366,-22.321908702792946,39.33462167011784
15.1,38.745898839781034,-21.448696919227054,39.60103682767726
15.11,39.24890802707423,-20.472042380804606,39.88024736996765
15.120000000000001,39.61048838731491,-19.600682134894985,39.98656517206999
15.13,39.754582528102894,-18.853982786580445,40.335604927963
15.14,40.095638415251,-17.986424411776884,40.50184382209696
15.15,40.33927138046989,-17.114671509029062,40.61154855269691
15.16,40.47490908869494,-16.301958516116876,40.94831501034118
15.17,40.73411789644345,-15.162150454334789,41.25801663610226
15.18,40.892213184463785,-14.73385806432618,41.34633206114778
15.19,40.99758967929874,-13.878527907943996,41.296614586357975
15.200000000000001,41.31218387260111,-13.284634596313275,41.692771650396956
15.21,41.2572586249571,-12.1953497841063,41.63469800209172
15.22,41.278824513659075,-11.658575208966496,42.118970126546415
15.23,41.4182958721194,-10.954611653666898,41.84031004651725
15.24,41.302586749510844,-10.269247926209777,42.31216750334809
15.25,41.452435488850334,-9.625915300591489,42.16561287392168
15.26,41.4394879359815,-8.93001479324497,42.47446934813063
15.27,41.37541514359992,-8.27719131549712,42.440492617870255
15.280000000000001,41.24466875240121,-7.766190464279189,42.81923893396092
15.290000000000001,41.39217971427224,-7.140049305345837,42.79694025217651
15.3,41.41001108555534,-6.42151133117078,42.899977324474
15.31,41.2723057895594,-6.19152038599877,43.01275800961805
15.32,41.25270475554568,-5.470131119691321,43.04410085858024
15.33,41.298170160226725,-4.9892220008111945,43.11474422899466
15.34,40.96997899328674,-4.4381844178771095,43.274741579125255
15.35,41.22073489803423,-4.02643870508247,43.31489501319014
15.36,41.26661698106159,-3.324148248587165,43.63051170357551
15.370000000000001,41.097054452808436,-3.1191711678423064,43.38707507203596
15.38,40.97723554692172,-2.7599870520413434,43.5014203425353
15.39,40.8427506477997,-2.2629704819706915,43.56359794269664
15.4,40.83388622026365,-1.9382992495213502,43.487042660772644
15.41,40.718950989054235,-1.8431526586445233,43.60442106581593
15.42,40.744323142916066,-1.3047152926906125,43.72683564000865
15.43,40.889252885872395,-0.7949502288499978,43.808167812151986
15.44,40.73281787005358,-0.8288179909602373,43.74831109106032
15.450000000000001,40.52937097010246,-0.2820290390820979,43.623115365886086
15.46,40.571193311483114,-0.2568184879638774,43.74434447871718
15.47,40.81848751913002,-0.09799927535113848,43.43633093359112
15.48,40.703213956831085,0.14183143257080835,43.594679687982584
15.49,40.76750290615234,0.1787638387563088,43.61165889992914
15.5,40.58769665219748,0.575753029793668,43.83306988582605
15.51,40.61560678857857,0.6529518590998147,43.69557148431253
15.52,40.766626512901446,0.7768865709333458,43.78147894799407
15.530000000000001,40.81918832821632,0.7393800802253955,43.42967060671344
15.540000000000001,40.78202737929739,0.8093677842471374,43.51103581781762
15.55,40.56975614538601,0.8026144276486645,43.49810123974249
15.56,40.80440570398703,0.9254792398436898,43.4750483899732
15.57,41.19109986860527,0.9511788816927162,43.33087215305256
15.58,41.24159488813847,0.945660925387208,43.25676386195875
15.59,41.11191492455104,0.9518743667132018,43.18496287374056
15.6,41.21193697732057,0.7673970485842945,43.20113363040751
15.610000000000001,41.514445077377026,0.6630960508619863,42.81054485085801
15.620000000000001,41.44367378763891,0.5420250377727867,42.696983130999804
15.63,41.867712011884464,0.6649721732017307,42.64530918882394
15.64,42.03955986498221,0.34238948030879846,42.36164785011584
15.65,42.18782996884022,0.08843611898859155,42.733861184888674
15.66,42.05843542420845,0.03782650402046914,42.33447306390979
15.67,42.52649630250367,-0.12058219294821246,42.270185899866334
15.68,42.7356548591391,-0.4047288748501347,42.173760879609276
15.69,43.04386036703631,-0.7824022323524741,41.91535092891126
15.700000000000001,43.1644751581472,-0.7542130660183077,41.735485079480306
15.71,43.446010554750444,-1.0766254179939276,41.49756239695578
15.72,43.52235178414818,-1.5280672707042562,41.44711074261571
15.73,43.721578165584745,-1.735532987084175,40.98870574398011
15.74,44.09500868860783,-2.3063617187014325,40.85182436283498
15.75,44.423104638612564,-2.7048159256549806,40.60302593679582
15.76,44.62890522769599,-3.037880676605182,40.336915256880246
15.77,44.92972325692398,-3.416410932435306,40.04452806809052
15.780000000000001,45.18189097780002,-3.9349449941654204,39.81051214783933
15.790000000000001,45.416203276427154,-4.269074640481397,39.570250844124736
15.8,45.59973702570108,-5.0700994507401616,39.28867245324042
15.81,46.03015621623467,-5.352517259406729,39.08900327566934
15.82,46.09190380712135,-5.9122325716504625,38.552056291237236
15.83,46.39751653110229,-6.567377606206951,38.28509541761051
15.84,46.607506745563114,-7.097443923581173,37.85493208771077
15.85,46.78267613479723,-7.904942071743833,37.56447978349041
15.860000000000001,47.31958128641498,-8.353375685225044,37.15018903490779
15.870000000000001,47.31073394406827,-8.97587582282213,36.78434955974037
15.88,47.47643926946829,-9.837404324899532,36.305059784045355
15.89,47.74876577936716,-10.368169381695933,35.79721894190808
15.9,48.09349142653992,-11.032009876828793,35.5465658402726
15.91,48.18607939802134,-11.759136924271798,35.03055506448712
15.92,48.37720941879389,-12.69213231111288,34.4712716420081
15.93,48.452493769218805,-13.27170498664945,33.98664311942328
15.94,48.756976170495825,-14.289375074235746,33.59572379171413
15.950000000000001,48.76880885772002,-15.108989730174677,33.12003443942726
15.96,48.718992530801295,-16.054460410334112,32.487418943694685
15.97,48.91704656483236,-16.870522324391768,31.798400465369916
15.98,49.130661420324174,-17.86570752471899,31.257112012749246
15.99,48.78475074988932,-18.614228948137335,30.64156208385183
16.0,48.843417245140444,-19.547404071459404,29.9977393409204
16.01,48.79395116290713,-20.368419438322704,29.430704266203364
16.02,48.72597556450909,-21.3801259316018,28.512432129903473
16.03,48.43639669443287,-22.723714768058848,28.1240830487875
16.04,48.284786813701366,-23.40595759836873,27.483472388067206
16.05,48.04510776078277,-24.581194571012567,26.811827718719467
16.06,47.90342105406646,-25.656366672548696,25.8714030234456
16.07,47.472312380870456,-26.72952305092233,25.379128125397326
16.080000000000002,47.2037927266087,-27.516865231086435,24.611805117828325
16.09,46.64280778786079,-28.749311455739225,23.80492894055876
16.1,46.21169502491107,-29.78243958761007,23.02029776518981
16.11,45.74360418115554,-30.799309281652604,22.065645856689443
16.12,44.98640744944048,-32.06655274356826,21.19526739471626
16.13,44.65780467385164,-33.00015130189517,20.434188008179092
16.14,43.855530960148,-34.139625299066914,19.647123325298576
16.15,43.10937198161357,-35.16373587441159,18.977981700708032
16.16,42.33312226223214,-36.119571948010375,17.857100902160713
16.17,41.698283520092865,-37.232173108036704,17.251796600531453
16.18,40.51168425026717,-38.278888701616495,16.19720926502798
16.19,39.66034764449103,-39.39187265788352,15.356557679680217
16.2,38.412678030586044,-40.2629757449606,14.367817103131447
16.21,37.30078453977151,-41.17577159981523,13.45356259780855
16.22,36.21225187069262,-42.07606421075369,12.862348191950362
16.23,35.001503750340646,-43.013648068415485,11.5899961437767
16.240000000000002,33.88663669318288,-43.88686843932338,10.928552820912714
16.25,32.54761414110247,-44.968864614966726,10.17719508845398
16.26,31.137739992856183,-45.41838243448297,9.04970777836632
16.27,29.63211956101133,-46.548507806102684,8.229259538898143
16.28,28.09415975138684,-47.08319476382861,7.39918544673668
16.29,26.27963513670884,-48.15068712663158,6.556962407253372
16.3,24.701191560036968,-48.59450742587843,5.800841821066748
16.31,23.15758119237985,-49.075011190061254,4.812874215005259
16.32,21.349842362948973,-49.86034549707133,4.005304451309242
16.330000000000002,19.36616266680651,-50.34921423176677,3.326658438385447
16.34,17.485452662881528,-50.61047928350219,2.541774769006578
16.35,15.772021823328327,-51.02364816423045,1.5860797733523326
16.36,13.748060475063605,-51.28393544470146,1.2557654989232727
16.37,11.886592835617991,-51.74662485455646,0.3160828571490091
16.38,9.735900503638268,-51.87836327096032,-0.34639918764651845
16.39,7.519452955822757,-52.12375582718225,-0.9951378589899946
16.4,5.380493972707454,-52.16971637418673,-1.7671158874900708
16.41,3.5186497112760877,-51.87148724794377,-2.241217026294075
16.42,1.1255061932915624,-51.98543749959628,-2.9305589871774034
16.43,-0.9973429492518592,-51.74790281925045,-3.5540308343651716
16.44,-3.2731270239168846,-51.51663766084092,-3.8938329506179454
16.45,-5.398490026679947,-51.149804232281184,-4.371510574862412
16.46,-7.925179461722759,-50.8956245525664,-4.893534387777008
16.47,-9.936332375771569,-50.255098381544556,-4.9732272976747645
16.48,-12.051277140468892,-49.77215489066398,-5.209883044566946
16.490000000000002,-14.434922891101259,-48.95002913494106,-5.628801719748951
16.5,-16.397926683244233,-48.252790293466084,-5.835416173956909
16.51,-18.73966580095998,-47.459857822347985,-5.995592501277369
16.52,-20.800712835759555,-46.38680211554744,-6.037468403807277
16.53,-22.91662658076566,-45.23663704438,-6.028845739412433
16.54,-25.04603631948418,-44.495041908616145,-5.991837920383228
16.55,-27.157803585636568,-43.28028825436927,-6.0336712611989896
16.56,-29.009874039994457,-42.015830853077325,-5.85766483861191
16.57,-31.120405503952057,-40.86721939987801,-5.701762652822977
16.580000000000002,-32.92511110429579,-39.424683580180336,-5.443669833870441
16.59,-34.432935868083554,-37.629911041457845,-5.147242882535883
16.6,-36.445983203457466,-36.3658864318719,-4.854614025102846
16.61,-37.91035176961438,-34.910573233806105,-4.290745342559135
16.62,-39.74675683851401,-33.037200288156974,-3.8211172480811064
16.63,-41.13388231896301,-31.096166235500203,-3.2203498317893153
16.64,-42.48140121796124,-29.724842196422138,-2.6559023587150903
16.65,-44.009690123475444,-27.514023022579767,-2.027349318167427
16.66,-44.76717672399748,-25.92463860995104,-1.3032872003335478
16.67,-46.0425391137128,-24.08599037191584,-0.6226464172239287
16.68,-47.13024631719012,-22.08557164136924,0.35127993618085185
16.69,-47.90885773292878,-20.04404761914514,0.9580950367591006
16.7,-48.639874565574495,-17.990053541183855,1.9620209553477699
16.71,-49.20925847136143,-16.06017228658897,3.0169084627503855
16.72,-49.80101555846027,-14.180069535280564,3.894905302900806
16.73,-50.19600415578296,-11.755457517377263,4.943011521151013
16.740000000000002,-50.435509463596624,-9.896457822153588,5.860504295374883
16.75,-50.57521263638952,-7.814435091462008,7.322338536809601
16.76,-50.384118922604934,-5.8669627547494345,8.215438283233977
16.77,-50.2367812111156,-3.8774410889233177,9.410562991570355
16.78,-50.027069492286124,-1.6102407380917239,10.905628953144111
16.79,-49.701829837212124,0.07959191418650066,12.183149494968449
16.8,-49.111446160869974,2.3515462960833164,13.368608220822015
16.81,-48.468108265616756,4.044800258778613,14.584990938040386
16.82,-47.63499930860907,6.040362630202951,16.12316587174324
16.830000000000002,-46.650522726469866,7.9849531677468475,17.397512768603217
16.84,-45.701968021579916,9.700464509276788,18.6168290707029
16.85,-44.49184828133265,11.327031000948702,20.109734920641888
16.86,-43.32818277350531,12.805631514491733,21.223749541536353
16.87,-42.040956267530994,14.656081634554331,22.67059412388576
16.88,-40.49045742907246,16.252051672440608,24.098647746738816
16.89,-38.69175123270117,17.478944016382133,25.41965885111888
16.9,-37.03312786781169,19.044719863695477,26.79321038409773
16.91,-35.37165962914145,20.34549650395483,28.007584185010295
16.92,-33.556372011869364,21.506445786987936,29.359868593924705
16.93,-31.519801409371222,22.51703203476405,30.540801846908646
16.94,-29.558380226195407,23.638081508092785,31.881690165548648
16.95,-27.54694220751444,24.40588091853236,33.091256689197
16.96,-25.32966204172763,25.266800732414257,34.274113718312925
16.97,-22.848933961379384,26.021748657714483,35.363469741752844
16.98,-20.669259801633217,26.726363177668237,36.56110275153316
16.990000000000002,-18.21615116247964,27.05891636771099,37.58790727500501
17.0,-15.80711018261389,27.3825682342902,38.531220397127676
17.01,-13.354199421634638,27.53899548728345,39.4818186208061
17.02,-10.989190307187878,27.830329404555783,40.43015421289263
17.03,-8.361173182339444,28.002213981553762,41.35981300107922
17.04,-5.871936991482911,27.832094951590676,42.08832887458725
17.05,-3.3048040901665288,27.816772660504412,42.79621382720404
17.06,-0.9214786814232642,27.722880318902114,43.620642729010875
17.07,1.7455496198342841,27.437348108687743,44.01933710445032
17.080000000000002,4.508143140245877,26.947788852358112,44.839899321646634
17.09,6.739920500824274,26.459965632916937,45.166448103153165
17.1,9.360810935924333,25.662628588429367,45.78941489571301
17.11,11.722281982377947,24.969030017563046,45.96794413298452
17.12,14.004132304654162,24.04259179847029,46.20680631780229
17.13,16.684360222044806,23.176249749838483,46.31745245007929
17.14,18.886953551305286,22.067851085924133,46.57113249394098
17.150000000000002,20.932546387657194,21.16746027918732,46.599756481056126
17.16,23.153937857848263,19.83575943477978,46.405065091991055
17.17,25.423905882740097,18.64947233059514,46.11972344291674
17.18,27.414223534536365,17.34300982775582,46.23611654601116
17.19,29.42848245611901,15.893650276285214,46.09136551371927
17.2,31.420242885961354,14.557310227082398,45.719964525074445
17.21,33.30967379903389,13.397897541026751,45.540821825527445
17.22,35.07912833859276,11.748917456623486,44.85616396889822
17.23,36.71577122429761,10.112174597265913,44.34292920970437
17.240000000000002,38.346396731366774,8.615719837101334,43.85425687268128
17.25,39.9821491565771,6.8477432975741515,43.14614839917581
17.26,41.231726132435455,5.328723770185823,42.3657701136387
17.27,42.70362313110375,3.6790928521880564,41.62653595316587
17.28,43.8797252921152,1.8115221913467252,40.7921991927048
17.29,44.991887697623795,0.1494050778785407,39.82450243688248
17.3,46.0294325829953,-1.5529933787416081,38.94866242988691
17.31,47.06280808064958,-3.274702892283198,37.88229082778277
17.32,47.87263982708878,-5.16008994480081,36.57564115361606
17.330000000000002,48.65985782382997,-6.914320472743605,35.687117582563125
17.34,49.32550975358536,-8.547405889532772,34.38633141265558
17.35,49.906657532807394,-10.247897273922991,33.32858195701578
17.36,50.507139534865104,-11.858254117874745,32.08882939877801
17.37,50.9565981728622,-13.744980487539502,30.740003059248473
17.38,51.46650413702418,-15.3407107200647,29.204354718133423
17.39,51.33643350743008,-16.876067042334316,28.019704317793593
17.400000000000002,51.53771227810228,-18.55411545775958,26.59523440970999
17.41,51.74589159458777,-20.06743957871868,25.09217149163762
17.42,51.56626253857096,-21.788178337983208,23.795085245931617
17.43,51.47149966036549,-23.11768896235286,22.190677605821914
17.44,51.104686700555725,-24.565466862867105,20.704105133616846
17.45,50.913018718145445,-25.844811600799463,19.082079342122434
17.46,50.568265832429965,-27.434502324340244,17.63827012631333
17.47,50.01567965238304,-28.572663610982158,16.007513397875858
17.48,49.621940668711375,-29.957348842200332,14.382225889984008
17.490000000000002,49.20786088496261,-30.92361132837054,13.092772746043204
17.5,48.59355523425109,-32.30540287912155,11.337298063265932
17.51,47.883803667894014,-33.354325907317936,9.522984384980585
17.52,47.125974540439344,-34.30243490366591,8.184193184524961
17.53,46.27718264667145,-35.277586791383214,6.418478235491482
17.54,45.46080192196807,-36.3107040526883,5.049922136230013
17.55,44.596176836151926,-37.02768793065382,3.3256470900831467
17.56,43.757174901752265,-37.8114374114986,1.8552788908075764
17.57,42.65386385750575,-38.71190464820801,0.2874211320655635
17.580000000000002,41.72470105241915,-39.45220692122902,-1.141353350777755
17.59,40.654540173770755,-39.81544915820308,-2.819635449641469
17.6,39.605705974703476,-40.6343164183019,-4.271593610187995
17.61,38.4368100699861,-41.10310332421818,-5.881192788389389
17.62,37.15715451759532,-41.40215421783561,-7.443302605276929
17.63,36.10258987298302,-41.95681309403353,-9.035209506028576
17.64,35.119152244825464,-42.25616079944975,-10.112884970121168
17.650000000000002,33.8060624210311,-42.496342568579024,-11.61478450652693
17.66,32.746967461720885,-42.87400170396466,-12.950745728922621
17.67,31.541303329470914,-42.973596511429555,-14.486715202256113
17.68,30.203874788385576,-43.142131077251534,-15.92986448551491
17.69,28.98671268710286,-43.21264890135879,-16.887535815582304
17.7,27.96329512798167,-43.0844100261235,-18.341747929443745
17.71,26.698145221987414,-43.29868096558243,-19.590136462604573
17.72,24.971397600740186,-43.20023055760326,-20.972690529017704
17.73,24.040341625300716,-43.05430907273936,-22.19392441942601
17.740000000000002,22.580204129047388,-42.78019094663875,-23.047032591345967
17.75,21.482508788535146,-42.651114796963334,-24.409674176018292
17.76,20.170963184300202,-42.6601338416844,-25.555080654664582
17.77,19.187965506530464,-42.10263481967641,-26.440278658881674
17.78,17.89562891093752,-41.78295482604963,-27.690424876420757
17.79,16.459833115639416,-41.69475864995647,-28.68493808348582
17.8,15.208165590671305,-41.16578960357066,-29.441874445713108
17.81,14.002101084720138,-40.98500983231016,-30.60683890718753
17.82,12.795631448108681,-40.33396684472617,-31.27505370412168
17.830000000000002,11.691960550123062,-40.03802226918531,-31.99044983103052
17.84,10.541786128890422,-39.326389242637866,-32.78012282732774
17.85,9.174251160726909,-39.093318565688996,-33.69723602915902
17.86,8.36206043528904,-38.50065598295623,-34.55533205503067
17.87,7.068607311217308,-38.02185207606194,-35.10113534725051
17.88,5.882924568971582,-37.40765929285721,-35.90744236034424
17.89,4.565420689188289,-36.973977765971284,-36.55024009420558
17.900000000000002,3.788383337574659,-36.26774354274832,-37.08240334241068
17.91,2.6530495089564567,-35.67634536304777,-37.558136107592354
17.92,1.399551280723628,-34.933484468925684,-38.18567316579281
17.93,0.4748872065845386,-34.67262250505127,-38.935109491525374
17.94,-0.5550728907416835,-33.80362503773521,-39.2499719205068
17.95,-1.5950502115758043,-33.13266778024995,-39.73328345835688
17.96,-2.509891783165974,-32.484220915544554,-39.799799029773816
17.97,-3.567678017778941,-31.91537188966288,-40.248214828162915
17.98,-4.745688875653646,-31.21256109450461,-40.67162360600236
17.990000000000002,-5.564003208705528,-30.52153330950294,-40.9143591566671
18.0,-6.418611419291023,-30.08499968431601,-41.201730547811785
18.01,-7.277808158859099,-29.269417348912746,-41.44202087587681
18.02,-8.147906527219867,-28.86715099630356,-41.6093692666963
18.03,-9.066838813201203,-28.030315733884862,-42.07731012416781
18.04,-10.245967655814745,-27.366643938057297,-42.20906775970526
18.05,-10.826880260033239,-26.77617273593294,-42.137474665868524
18.06,-11.734083858509672,-26.310672192669863,-42.19496853252508
18.07,-12.724665405220485,-25.698455023139775,-42.38521267305477
18.080000000000002,-13.42530225738487,-25.220537164568697,-42.19941042229677
18.09,-14.106729388015387,-24.50804673625527,-42.425638651607905
18.1,-14.926049246331257,-24.14359260321844,-42.33176066565698
18.11,-15.722605381971178,-23.3661855972775,-42.47880989237128
18.12,-16.477506083288404,-22.925249052518566,-42.13732462924305
18.13,-17.14059711818406,-22.61059447370865,-42.15975114659314
18.14,-18.038119881908976,-22.234276942004882,-42.252989931297115
18.150000000000002,-18.798348807328537,-21.534432347014565,-42.04023188297394
18.16,-19.37729203003118,-21.334454699335616,-42.024687577496216
18.17,-20.111725567245212,-21.071345807278256,-41.64557260809186
18.18,-20.767182896606865,-20.38981355642256,-41.71719063951132
18.19,-21.250672072812296,-20.17070310853129,-41.51453289379091
18.2,-21.816412779301764,-19.72069407621104,-41.32365461761909
18.21,-22.650545759303323,-19.401753874697317,-40.93017718357196
18.22,-23.133075222866754,-19.076270340913002,-40.650447871629964
18.23,-23.8136862497611,-18.986141164360905,-40.55526557917362
18.240000000000002,-24.486442708767708,-18.55639341873487,-40.39588547110383
18.25,-24.982081578317448,-18.35565020773775,-39.82748047030528
18.26,-25.36968067016447,-18.311851998192747,-39.8681476417783
18.27,-25.796958163085357,-18.08922837193149,-39.377397342099215
18.28,-26.3744155271986,-18.03039337334428,-39.327757376228156
18.29,-26.939180758293972,-17.830470011501824,-38.92494131231124
18.3,-27.427691106695463,-17.777266812914522,-38.73031899726128
18.31,-27.77358082572748,-17.6757293149857,-38.30174429228118
18.32,-27.938929041297154,-18.04041854184345,-38.07862852359805
18.330000000000002,-28.733008124484037,-17.819491051218243,-37.51335109522811
18.34,-28.871620961005874,-17.549627295204118,-37.3832792378028
18.35,-29.134075730050057,-17.953822983220736,-37.270935160626905
18.36,-29.66770281801626,-18.005717661360965,-36.97328495212126
18.37,-29.919752836518374,-18.144940400449368,-36.6750746093258
18.38,-30.453929031965664,-18.214351373091883,-36.234804987413796
18.39,-30.50030284456002,-18.408788968019604,-36.05458085116573
18.400000000000002,-30.824260919599794,-18.367720630945175,-35.60093639660777
18.41,-30.794572588182213,-18.86103623155514,-35.54185362834138
18.42,-31.177657849074908,-19.123969070621655,-35.13513213212244
18.43,-31.243683744379002,-19.338012545392132,-34.772795624950845
18.44,-31.455121642053925,-19.477967478620485,-34.58764488276755
18.45,-31.450746333624373,-19.918166555439562,-34.35575071273611
18.46,-31.64324936582517,-20.23632400739978,-34.15393045163613
18.47,-31.594844547981335,-20.584334548331228,-33.77483980852215
18.48,-31.62923573612738,-21.045409927677916,-33.49697904296205
18.490000000000002,-31.43139863718071,-21.265732195740846,-33.31879637569887
18.5,-31.441541248461338,-21.704823794488398,-33.10748472566567
18.51,-31.423251043110433,-22.082935979575115,-33.16542271182848
18.52,-31.292918731081812,-22.42489939129286,-32.907583705060595
18.53,-31.14587633796048,-23.164232223394986,-32.89086303212958
18.54,-30.994381798273256,-23.46569512759507,-32.52769693714374
18.55,-30.847823463856482,-23.973763324214783,-32.37156207807227
18.56,-30.51711040237115,-24.4891029011076,-32.35996723177606
18.57,-30.299314142410093,-24.880142576002758,-32.44169361886636
18.580000000000002,-29.848822712133966,-25.530268043972374,-32.165749676859285
18.59,-29.50931472045851,-25.809142204632046,-32.214108507350254
18.6,-29.26734186829406,-26.279210671003263,-32.28827277572887
18.61,-28.786001076464192,-26.97105713044507,-32.163342699964836
18.62,-28.26077992393295,-27.257021296458444,-32.009611722631924
18.63,-27.73922294838827,-27.851111266338705,-32.00858858025248
18.64,-27.56486396199769,-28.359618864259392,-32.25141190475334
18.650000000000002,-26.70923382987398,-28.665250223437475,-32.306950032025696
18.66,-26.279564612711635,-29.09498730094448,-32.43781201100139
18.67,-25.442544285002704,-29.577227610786817,-32.456137658553004
18.68,-24.910692016786548,-30.044716168043355,-32.7506366106567
18.69,-24.284231018914685,-30.45189169427642,-32.934156435327715
18.7,-23.262297918618067,-30.890084308906555,-32.9393363268668
18.71,-22.67127937498761,-31.17211824639563,-33.15428395801927
18.72,-21.751009493821208,-31.44899955538836,-33.259385504683934
18.73,-20.7947445111994,-31.87978652422346,-33.57886947955079
18.740000000000002,-20.08406366996009,-32.34562929766785,-33.72626722622956
18.75,-19.151570168010903,-32.47470878294215,-34.12982914910786
18.76,-18.184393291347494,-32.75070179183203,-34.433331589745755
18.77,-17.134114878918467,-33.28676280128366,-34.47526950188394
18.78,-16.279576283634775,-33.30438285032668,-34.73308878797676
18.79,-15.24435001557813,-33.53454549444249,-35.193667196101195
18.8,-14.254124471137631,-33.81501863825866,-35.68840318849121
18.81,-13.332370292643947,-33.79290269291022,-36.128794843599
18.82,-12.139235814288192,-33.732732206547425,-36.321771734153145
18.830000000000002,-10.934965059474965,-33.79081994077716,-36.57925380242794
18.84,-10.0734405479042,-33.764183452634775,-37.10522732143378
18.85,-9.04761075177742,-33.72948941188617,-37.429376297294496
18.86,-7.702548407179554,-33.5556179606207,-37.954911067660845
18.87,-6.791523696890333,-33.39915428079345,-38.19963313405152
18.88,-5.607257526305913,-33.15909206117309,-38.79759459620771
18.89,-4.579092892409516,-33.175231285127566,-39.006274509249224
18.900000000000002,-3.2732726461304598,-32.774304414712375,-39.60942562228603
18.91,-2.0199124944116,-32.428010276834435,-40.06130289927392
18.92,-1.1528228689628033,-32.313923711301385,-40.41466474304652
18.93,0.13993775145823117,-31.900718375581775,-40.81850759488095
18.94,1.0411863448657868,-31.352546826000545,-41.358053163469336
18.95,2.336991168781182,-30.94650391994901,-41.716609502119425
18.96,3.34692826666467,-30.232281422840614,-42.31385261623297
18.97,4.638532624007983,-29.763687874504413,-42.59627520413762
18.98,5.510776708679833,-29.283372573121643,-43.11906228339312
18.990000000000002,6.5795793239961915,-28.407350271472083,-43.52456147475181
19.0,7.662148688098511,-27.653145323421395,-43.640023876867986
19.01,8.67556038150462,-27.077847239914462,-44.31805193637342
19.02,9.74889985992328,-26.05866900021049,-44.777570496515295
19.03,10.829616948954037,-25.44389649140746,-45.10973818946388
19.04,11.597552446442508,-24.527206931068978,-45.60963636035385
19.05,12.47999025906969,-23.54185894885459,-45.86048388619887
19.06,13.29913609901865,-22.70137037885726,-46.09851862190454
19.07,14.33614551035381,-21.556764221331953,-46.524818095406744
19.080000000000002,15.118039062142616,-20.741160883295013,-46.67121422646278
19.09,15.814846737597842,-19.831121694529262,-46.919352172661796
19.1,16.531070632551614,-18.55699899825563,-47.31369492912934
19.11,17.22086284410357,-17.627345125090915,-47.39469674802405
19.12,17.629573364678922,-16.38586852784794,-47.656222017585456
19.13,18.35051805357054,-15.270392751620927,-47.92495700939682
19.14,18.93755143806452,-14.14170290778421,-48.317155167375816
19.150000000000002,19.37643865482648,-12.740356596558946,-48.39000685820594
19.16,19.98439845785499,-11.866128031826376,-48.59690722520899
19.17,20.334139791835675,-10.575814781547459,-48.82612946592305
19.18,20.908691243025192,-9.299771341750487,-48.8129840892708
19.19,21.13735811709232,-8.20664362608121,-48.90410675272984
19.2,21.400294434820704,-6.927335862803882,-48.85202060795729
19.21,21.58394122065225,-5.812572307264036,-49.10630174168773
19.22,21.819656203782234,-4.407488354998908,-49.258205244917086
19.23,21.959864075838308,-3.146014593343725,-49.22729881121247
19.240000000000002,22.012938465946362,-1.7799115923661275,-49.01389094733796
19.25,21.918560900043552,-0.5409289979130536,-49.150545812437564
19.26,21.967953139414426,0.5771732971757549,-49.05998536195215
19.27,21.857059138063473,1.8326192432827297,-49.0622305493949
19.28,21.844428562883966,2.9297126239148916,-48.853371786000885
19.29,21.494227887907112,3.9925245505056144,-48.71336666965206
19.3,21.64209530295693,5.319313011961952,-48.61037954430033
19.31,21.160913044538404,6.3211940950284085,-48.575508630242346
19.32,21.02651619011239,7.808827425500175,-48.23553567256493
19.330000000000002,20.68628552024812,8.817462853596659,-48.132637615649685
19.34,20.324797253521382,9.953361652804121,-48.06700138039056
19.35,19.86358079069124,11.20503338353398,-47.589451797549714
19.36,19.542624803469057,12.067086982315654,-47.682821123695426
19.37,19.04860197204148,13.13214806022202,-47.28010303439218
19.38,18.66830389555008,14.156839990497105,-47.020049158242365
19.39,17.978874711606494,15.251397994812402,-46.75086857271454
19.400000000000002,17.288162086951665,16.069187568132637,-46.38101473144019
19.41,16.860860425278062,16.999950739172828,-46.164415059257145
19.42,16.296339329743017,18.013185485848783,-45.75295960506942
19.43,15.667671499159527,18.762001136305322,-45.47548242127001
19.44,14.895329903549616,19.94126692316874,-45.10073252491648
19.45,14.317124629299277,20.53937075711017,-44.92882816333949
19.46,13.525914625572266,21.436599534406117,-44.47539568928109
19.47,12.607051093299772,21.895846240796974,-43.95252381692721
19.48,11.924851121940643,22.84719560779375,-43.74237267012396
19.490000000000002,11.28907310857419,23.37308757304008,-43.42664757240708
19.5,10.432705066155114,23.946149968280842,-43.218388138850955
19.51,9.720502322984968,24.526667463683676,-42.73197310200572
19.52,8.88132010074315,25.142635716193663,-42.57989073007662
19.53,8.003452782896668,25.59374924357628,-42.0130949970081
19.54,7.203430978666957,26.396204917802564,-41.62345599221484
19.55,6.304216499595653,26.600356460013984,-41.10941469468527
19.56,5.725285339328394,27.1209015490321,-40.88538569040311
19.57,4.962050198214121,27.67110767240182,-40.46005779082369
19.580000000000002,3.8534379238239986,28.0299462597078,-40.21647172960484
19.59,3.1881979330541017,28.02119282413862,-39.75688206115192
19.6,2.4694401689975276,28.73088856237751,-39.51135956057396
19.61,1.8777612066653797,29.039231225715035,-39.03065110776583
19.62,0.9471144309989941,29.289347388303565,-38.9422642811944
19.63,0.04683697976332887,29.182980015115422,-38.35234879143998
19.64,-0.8267886059315004,29.67159044602645,-38.060861742764224
19.650000000000002,-1.453672266656156,29.918761586537496,-37.56454186295177
19.66,-2.1510873085206135,30.075125013562964,-37.44772476215881
19.67,-2.897740681572214,30.211416378799658,-37.18953598044166
19.68,-3.555708971357249,30.308625239254894,-36.87694223868118
19.69,-4.14427930491984,30.50439865570628,-36.911244966534454
19.7,-4.960035580221376,30.530767780212383,-36.34089196331235
19.71,-5.460847387243056,30.62456778818945,-36.27337853846844
19.72,-6.383964476360866,30.768152110099184,-35.93458379460782
19.73,-6.578870287312291,30.69075819512582,-35.564741169225734
19.740000000000002,-7.3697675447855335,30.60806127488996,-35.44071187310246
19.75,-7.907003355205457,30.547600495935026,-35.347277744395015
19.76,-8.412733034857723,30.558879024399985,-35.08203034003767
19.77,-9.166314484325001,30.72757441083297,-34.93681507337158
19.78,-9.675796806531782,30.503026886065566,-34.610879367155356
19.79,-9.940477621449404,30.804889375967544,-34.54110336475899
19.8,-10.57524559890404,30.515474494126977,-34.586904746310324
19.81,-10.997943478956062,30.63777494204911,-34.233709580027224
19.82,-11.37939810432249,30.518457215399852,-34.250003112635284
19.830000000000002,-11.85569149346108,30.496090311804057,-33.977469425821866
19.84,-12.03971467613349,30.40546467743034,-33.68308879447158
19.85,-12.690164931874135,30.303023483754707,-33.95163614511412
19.86,-12.550928563382984,30.284911427833443,-33.74916499315976
19.87,-12.963650311726239,30.125680141798526,-33.684305399992915
19.88,-13.125113500455555,30.328018575276946,-33.633416230560314
19.89,-13.371165713685562,29.967209656869773,-33.74714011983162
19.900000000000002,-13.688493359809522,29.81222100050456,-33.5683358946672
19.91,-13.894923536362361,29.896456012372592,-33.53446270924851
19.92,-14.023848296227923,29.757816159497718,-33.52269981637224
19.93,-14.301996346341205,29.744746053863327,-33.563025104858056
19.94,-14.427016223551586,29.641197744699245,-33.40453604034242
19.95,-14.157285887575535,29.714144790512737,-33.4954743855766
19.96,-14.205374382411598,29.597365262449333,-33.5210268075457
19.97,-14.235353142603632,29.64604023099423,-33.62331640631837
19.98,-14.185318451262141,29.65788121355105,-33.67155614644853
19.990000000000002,-14.178976005384923,29.748572569094087,-33.6476564612964
20.0,-14.090651259455862,29.73025166851045,-33.751288135503195
20.01,-13.970325505124864,29.75069911856724,-33.64110949153955
20.02,-13.946728143687313,29.81243436847366,-33.83790357791241
20.03,-13.691475716980637,29.946412307670613,-33.85037686608437
20.04,-13.517894848174368,29.78172937644524,-33.80351772444514
20.05,-13.277980720998936,29.77702225130146,-33.915299342461985
20.06,-13.03920335848904,29.894404767699875,-34.046771441545914
20.07,-12.507575148173203,29.97186256630586,-34.07473668481868
20.080000000000002,-12.485119862088215,30.077824845651378,-33.94395432513583
20.09,-12.003709096044227,30.33175459713594,-33.974194197326675
20.1,-11.798030761501025,30.290209185631007,-34.25391448990624
20.11,-11.489875197065004,30.485599944465537,-34.29408147033095
20.12,-10.942851075581054,30.604517011103265,-34.31326852581614
20.13,-10.598645187184855,30.54710891931955,-34.25388165019013
20.14,-10.02729194811212,30.863347627481414,-34.22649558498059
20.150000000000002,-9.48124396942477,31.210887068580547,-34.338981964421386
20.16,-9.1018608963297,31.169453670411617,-34.25056975672708
20.17,-8.366133647293179,31.288248491655857,-34.5202545129799
20.18,-7.783423185384442,31.510915193342754,-34.39673568624165
20.19,-7.451765065489746,31.72550240010382,-34.45731454998692
20.2,-6.688641820526441,31.788899566279348,-34.400746640938685
20.21,-6.0637962850803815,32.05045330278799,-34.637162902979135
20.22,-5.040975362531757,32.34506472933127,-34.40211383938017
20.23,-4.524715537089342,32.56545490531972,-34.45082108261543
20.240000000000002,-3.902893016315055,32.58484082378314,-34.37840886059483
20.25,-2.956199007988876,32.93187474443771,-34.213925007593005
20.26,-2.3834553804881664,33.211559504326914,-34.275327195764014
20.27,-1.3057895212051622,33.44962733335104,-34.256736356343986
20.28,-0.3068410667153503,33.47541128955046,-34.06157496052741
20.29,0.4525880398490193,33.71993413659813,-33.90302865821839
20.3,1.3211772914841546,34.06204701544802,-33.75179021995624
20.31,2.364629082583823,34.13043025456013,-33.74833107426358
20.32,3.1589079091323167,34.49434184535375,-33.6659190246831
20.330000000000002,4.256893154847195,34.67447121567094,-33.388906862382406
20.34,5.242221456730384,34.684967305983406,-33.098642725436434
20.35,6.221934834969871,34.92786008076521,-32.893070511637745
20.36,7.297600554115583,35.256629902055955,-32.621667777910126
20.37,8.476842843365235,35.16444715722052,-32.605807801473844
20.38,9.5895542552479,35.539017160177956,-32.146513528351264
20.39,10.71879328724987,35.581768475430586,-31.756489304222818
20.400000000000002,12.083363203436178,35.79744615674945,-31.45757579790152
20.41,13.27350179097396,35.9248396680621,-31.21271445146147
20.42,14.463450356245469,36.14957938083685,-30.583721002807
20.43,15.70231974667194,36.04423742784799,-30.385341946126648
20.44,16.843262118220686,36.010222106849184,-30.037122030958507
20.45,18.15373447905748,36.211825215836384,-29.267014115701926
20.46,19.33969092007472,36.24783449723009,-28.87269357836261
20.47,20.619142764082433,36.20113978988338,-28.497201032290683
20.48,21.95527503404705,36.29045141391797,-27.79607928327665
20.490000000000002,23.19406108027093,36.082584484988246,-27.500763606142357
20.5,24.585156162001468,36.032032559323135,-26.74584314210727
20.51,25.84641565587171,35.810853569274464,-26.244115011825766
20.52,27.524599081068395,35.755983566091466,-25.442343634642967
20.53,28.709892870451597,35.594793704021654,-24.89623493247475
20.54,30.07107975117061,35.17405073270518,-24.19511874564778
20.55,31.539851691424747,35.07915898872094,-23.30452980142303
20.56,32.82869800796043,34.779619737371455,-22.46738879188717
20.57,34.12673214707579,34.46294145886188,-21.840982923950378
20.580000000000002,35.55513960269388,34.163304901340396,-21.02132366744552
20.59,36.94411926652361,33.7063535721769,-20.223000434372675
20.6,38.23586215347265,33.235823438846204,-19.044393203921405
20.61,39.5341056672379,32.464161535643036,-18.2720981654348
20.62,40.758312135688776,32.11718932633856,-17.309888136989684
20.63,42.22170178553923,31.52303727551923,-16.337613942529316
20.64,43.60793953193198,30.945406050367545,-15.46052315654785
20.650000000000002,44.91976900016486,30.191846197012303,-14.352239726158075
20.66,45.86609278260335,29.303291718188454,-13.289683671468676
20.67,47.36961746985586,28.785988788925476,-12.280469847796374
20.68,48.36661277336494,27.86054939337121,-10.922696615567544
20.69,49.36366919151688,27.15930648564327,-9.539359735541387
20.7,50.53297537654398,26.251368918375906,-8.676318356116077
20.71,51.59775316179717,25.296841822890286,-7.501246210460265
20.72,52.468078389618476,24.231087270807848,-6.277446021258311
20.73,53.442975335114916,23.136613143718154,-4.942977223093314
20.740000000000002,54.5585158825568,22.01838934867336,-3.5936521272630895
20.75,55.23721621757328,20.97224207577692,-2.1597211260780993
20.76,56.016303192109035,19.653451636518174,-0.978042871923246
20.77,56.82378814655099,18.51279399249713,0.2925599729870869
20.78,57.52098714943455,17.288331319095764,1.7076523634229333
20.79,57.91297318980194,16.072553698598142,3.021855323241499
20.8,58.43939694730158,14.598754946431722,4.384949423399543
20.81,59.00596472846165,13.274040432547077,5.653350006107806
20.82,59.204758059588535,12.001660655139656,6.9982764079461335
20.830000000000002,59.77280900820314,10.42157149448126,8.58072925772316
20.84,59.60360295015144,8.87314707714832,9.96962710801618
20.85,59.8481178336004,7.387598531584771,11.412141154331849
20.86,59.66046243628972,5.975004946480085,12.808176259709198
20.87,59.78160303181494,4.265185096322861,14.071886339269764
20.88,59.5544319603616,2.9999875463558956,15.551082800316125
20.89,59.2357684034045,1.395328821317826,17.00853477667738
20.900000000000002,58.87594809316772,-0.10798871544326757,18.18870954848685
20.91,58.420913829472696,-1.8227384219913803,19.81326811428613
20.92,57.91249518315577,-3.554989639463396,20.949918620193404
20.93,57.10745427872902,-4.890645458411376,22.425830078398025
20.94,56.28755435094566,-6.408131442881575,23.909198792651388
20.95,55.35783111781288,-8.144494119012535,25.020458339570673
20.96,54.6367781022033,-9.649401623611848,26.31918694952182
20.97,53.675905743658376,-11.082237529806264,27.884165274190263
20.98,52.46886603116141,-12.886076714938724,29.002688246063038
20.990000000000002,51.28058352765509,-14.325102328326386,30.281979266077027
21.0,49.79953751973646,-15.674881634646274,31.195710373405973
21.01,48.260400096811466,-17.24497982848222,32.329936865491156
21.02,46.54007924460758,-18.58352643626881,33.460939534112526
21.03,44.96280898118335,-19.966975630136236,34.62938446831225
21.04,43.18633955638532,-21.183388672259056,35.70008543874777
21.05,41.60599000423619,-22.499775885675692,36.48218099734154
21.06,39.67666838958949,-23.536129407632508,37.459163432999866
21.07,37.45563716470044,-24.877361804549352,38.42667745411632
21.080000000000002,35.41917574037248,-26.04298214099515,39.117636451724096
21.09,33.364781458071896,-26.971049014629777,40.11601084213079
21.1,31.09354870264218,-27.790173137137963,40.91512112227831
21.11,28.994675150771997,-28.849357468884683,41.47285194982519
21.12,26.54227212518957,-29.400080940237412,42.03881721007215
21.13,24.116716682846317,-30.13433313817579,42.764421739619195
21.14,21.857645943271077,-30.958811241567602,43.2516172892485
21.150000000000002,19.367504862795144,-31.5520290928148,43.609746224044976
21.16,16.826701296920792,-31.943298304171226,44.03185384226817
21.17,14.243021854352648,-32.26066637824815,44.34773156292497
21.18,11.713394923118646,-32.254493377640166,44.559938495313816
21.19,9.007905498972976,-32.706050338676974,44.737659937033975
21.2,6.355170819863796,-32.61856463968252,44.93068653326278
21.21,3.8800069820924445,-32.60175394663093,44.990830648593224
21.22,1.3907472023759402,-32.44742569696921,45.22888794865456
21.23,-1.307091289596852,-32.42433676279908,44.99443641712416
21.240000000000002,-3.922812906539556,-31.953676087917486,44.98044405702187
21.25,-6.420685015632639,-31.63498181966456,44.76616060458256
21.26,-8.887341667998507,-31.123652414068594,44.285652412919276
21.27,-11.57519500393622,-30.49700855402274,44.11148754730502
21.28,-13.884570727029072,-29.819767413282293,43.660023237886506
21.29,-16.398614507458294,-29.252188372002028,43.258655925520685
21.3,-18.54029347960256,-27.975914675081558,42.7644537935759
21.31,-20.755194233830494,-26.9931430287683,42.17945332594408
21.32,-23.014026591244473,-25.9749940565076,41.69316661626643
21.330000000000002,-25.36326862918574,-24.874720768951587,41.04084471678465
21.34,-27.44191112341599,-23.655816480302402,40.14474044644758
21.35,-29.33430625734369,-22.517165351428392,39.518985847440106
21.36,-31.108147821210764,-20.91822023513872,38.42829652743601
21.37,-33.070309944188445,-19.218564444311404,37.64243335484341
21.38,-34.40964997284073,-17.794352044703672,36.805740079394766
21.39,-36.05124075204555,-16.448891444249078,35.97482934755713
21.400000000000002,-37.58495394634015,-14.398146281094718,34.76927505124221
21.41,-38.743612525736054,-12.809408853204394,33.66382072695489
21.42,-40.09788787794023,-11.007008605462289,32.7466888209574
21.43,-41.14045375827708,-9.052622642912736,31.723594578162647
21.44,-42.31594745548674,-7.291540939978858,30.63221534251235
21.45,-43.22406858112119,-5.547307719932226,29.273181067499337
21.46,-43.70726882539328,-3.4891460183371663,28.093202047232076
21.47,-44.49279222201294,-1.714833707742333,26.79682861222983
21.48,-44.97065671249834,0.1572152152571229,25.795655381270887
21.490000000000002,-45.2354197075642,2.1322190107262102,24.582394660748065
21.5,-45.54113777670709,4.40794750067994,23.12381128821875
21.51,-45.499638295129465,6.2357566917192635,21.830286830528014
21.52,-45.390448187242995,8.112427068323715,20.64431104276981
21.53,-45.43490038189071,10.128216831103247,19.400285476233687
21.54,-45.00236482481186,12.038381950763746,18.039593702767373
21.55,-44.62839207098547,13.999506531320026,16.92689853345786
21.56,-44.00074514910209,15.937458277030004,15.578914255790608
21.57,-43.473967327783065,17.898081338492563,14.285420775181262
21.580000000000002,-42.54714077171067,19.598805269347753,13.126434633226124
21.59,-41.783282970198506,21.59039575844349,11.763823332346833
21.6,-40.785605796703585,23.255747295555317,10.549000757943032
21.61,-39.643967794649285,24.943983997809887,9.433633653616718
21.62,-38.36502544640392,26.552478581696636,8.155098362405973
21.63,-36.998985200070294,28.129079142401014,7.084062599910183
21.64,-35.606875540770154,29.712428872632834,5.6954228864433905
21.650000000000002,-34.23929434676878,31.18696323041537,4.505631024667818
21.66,-32.565764307933826,32.79990921764427,3.5806647068021857
21.67,-31.308996324962855,33.91415200661976,2.521767790986863
21.68,-29.153427861235045,35.199651776627476,1.4270398856356379
21.69,-27.53148729420805,36.583645635392244,0.3651767059032165
21.7,-25.65814611115558,37.760643035171924,-0.335982394329676
21.71,-23.758516625439775,38.7529059624349,-1.438948860618554
21.72,-21.602741351786353,39.64584117957236,-2.449512372899128
21.73,-19.83726131653222,40.65053953269365,-3.301635728797301
21.740000000000002,-17.721014907890112,41.4713925109149,-3.9319285864459235
21.75,-15.853704757047575,42.282844233801924,-4.709884842881432
21.76,-13.533434313738407,42.982838628861536,-5.6899328252326935
21.77,-11.143128008286416,43.58927115926565,-6.279143218384231
21.78,-9.289748239947203,44.080054219416915,-7.014010611985847
21.79,-7.086802404677285,44.208854816522724,-7.6839262845886935
21.8,-4.806381194179566,44.72808172147121,-8.295545103446313
21.81,-2.626028720526991,45.083930218188975,-8.851240782253091
21.82,-0.2569462118432382,45.193516079609594,-9.226788642957386
21.830000000000002,1.7451196423156745,45.46850698992222,-9.777461760352226
21.84,4.033281612896103,45.42370295558327,-10.335890230449513
21.85,6.103703315771488,45.38155714213149,-10.615685314404505
21.86,8.285403119126006,45.33178379191892,-10.993068881729144
21.87,10.455677274036516,45.13011340949029,-11.236445367824013
21.88,12.63248073716028,44.95690323231045,-11.45442823821579
21.89,14.55674785621228,44.58820994654672,-11.851627231328377
21.900000000000002,16.78943710508698,44.418135658767724,-12.096967596044731
21.91,18.582748251308345,43.86235136416838,-11.8800321054515
21.92,20.66402950013618,43.363817698152715,-12.034317453790122
21.93,22.70198681685087,42.96801274998809,-12.282951491982608
21.94,24.550535366645335,42.450326130924374,-12.206632216968718
21.95,26.24946718187878,41.84578310804815,-12.313574503390475
21.96,28.171012760380496,40.990039048769155,-12.228815595887985
21.97,29.854117450011408,40.36341015456372,-12.127796447798083
21.98,31.550127653974112,39.54492755202991,-12.168053197377967
21.990000000000002,33.47945222379685,38.832689024562846,-12.055026734673266
22.0,34.964280071955486,37.978685768368976,-12.13805741807425
22.01,36.403007626794015,37.32864507960488,-11.740763006672474
22.02,37.88827846853036,36.514854390301885,-11.598063905219165
22.03,39.36891070518797,35.59919452163281,-11.378466758143931
22.04,40.66438924631965,34.55480999844194,-11.178153980511887
22.05,42.16547603958465,33.76296124105726,-10.92224337754473
22.06,43.410353859976034,32.8028658880297,-10.501350853434985
22.07,44.57661498487046,31.91323590186854,-10.440218219346843
22.080000000000002,45.71580121104717,31.0007574694735,-10.004076177985791
22.09,46.8506525828565,29.83373676790288,-9.751754938523359
22.1,47.91478514257128,28.96588024255215,-9.321709527971827
22.11,49.0178520684072,27.742858610244962,-9.016689478297476
22.12,49.94308334916451,26.804925700223993,-8.419917839711182
22.13,50.65189647034263,25.874601272906933,-7.987010603985869
22.14,51.697220487566575,24.934024540720458,-7.638966378562786
22.150000000000002,52.58311196392467,24.02360796617187,-7.16523505586835
22.16,53.0507344616085,23.049505255899774,-6.9756786980807775
22.17,53.904262632728745,22.145555138873295,-6.426682085733066
22.18,54.708191292527516,21.134803439812508,-6.039776429162623
22.19,55.102170259845515,20.296451190978125,-5.484958942733696
22.2,55.65017203150984,19.304133903081826,-5.193062136121234
22.21,56.29325513471928,18.54608846442603,-4.514868367010417
22.22,56.80236219867804,17.59640645671037,-4.012707370306964
22.23,57.137022590694755,16.78278454006332,-3.576647857130495
22.240000000000002,57.956836300954464,15.94821355356107,-2.9728880205399792
22.25,58.02820928167165,14.930583108959931,-2.55558603903208
22.26,58.54184127317187,14.343166177705623,-2.0463449338888777
22.27,58.82775449343637,13.344941025529366,-1.5096055052220136
22.28,58.999148456174744,12.686419427348001,-1.2888513520255187
22.29,59.57540740209687,11.95453106910204,-0.2647112753276003
22.3,59.66279309306058,11.247220705667562,0.035219180633270106
22.31,59.651108233643214,10.745792066071683,0.41583477683267234
22.32,60.243826775221606,10.217962976981047,0.7940571022182874
22.330000000000002,60.19476646977466,9.555927559642852,1.368618327058765
22.34,60.20037647155385,8.748200559101576,1.8621680044930629
22.35,60.497099987974266,8.298548842283443,2.2461686751144945
22.36,60.56591455226386,7.8764718872250095,2.670867938055962
22.37,60.71920998558298,7.418067107010496,3.487430838646549
22.38,60.7656736616042,7.003506193569762,3.8422362063257043
22.39,60.81395097737703,6.427236489379277,4.054313081025569
22.400000000000002,60.92927215243264,6.088242181613457,4.66345097315814
22.41,60.841044768880835,5.862529410855245,5.325825966945046
22.42,60.96884531402195,5.3858063920031976,5.709434508042184
22.43,60.945940636679325,5.096215985156581,6.251472197847398
22.44,60.84569197533677,4.793426257131288,6.551885261446777
22.45,61.04561059727212,4.820718826520887,6.870509392322646
22.46,60.81623994526718,4.433336935514192,7.537198349891112
22.47,60.837070470708426,4.231180377770932,7.903014958359538
22.48,60.75771764610798,4.096151534870329,7.924605096236714
22.490000000000002,60.73700602834966,3.8969162628849667,8.584038945197182
22.5,60.76907210586364,4.0218239772136695,9.002800540080962
22.51,60.67610992140356,4.029562421482745,9.156024253485143
22.52,60.621765462157704,4.00901883318558,9.727316023008552
22.53,60.67186992142972,3.942059949790746,10.00635214600411
22.54,60.39372934155351,4.198915943213105,10.165250094394041
22.55,60.326542156044844,4.128604239054356,10.557797269503522
22.56,60.389894773893474,4.26106296765927,10.91376174463508
22.57,60.36032976014661,4.463274052346359,11.221847705869733
22.580000000000002,60.04871277381405,4.737026648778573,11.533010050297245
22.59,60.25198391489626,4.865017308936008,11.471241449782594
22.6,60.02358405772969,5.37729258245747,11.728894496467882
22.61,59.973586548418105,5.456348966329782,12.1379304520968
22.62,59.82876810705926,6.150628000207929,12.191083191464566
22.63,59.733300733592436,6.343926019195245,12.322593771953617
22.64,59.538073019216185,6.770682727911442,12.406607876207135
22.650000000000002,59.69147710158949,7.009959616305488,12.578865648134379
22.66,59.43348422267129,7.398229139470821,13.019371344678184
22.67,59.390178247356985,7.89143462333284,12.888709388666971
22.68,59.288084476138025,8.322127844812012,12.958704083720075
22.69,59.161885076595986,8.983713964480282,12.880955489040533
22.7,58.83520654657172,9.572572783906256,13.165022741129041
22.71,58.73873351795865,10.015035894484232,12.994542018708907
22.72,58.67644803357261,10.775265743429335,13.114957637613617
22.73,58.34480675178828,11.241005257491585,13.020512578921307
22.740000000000002,58.1610734580215,12.10487615639016,13.039879428379328
22.75,57.90455593745817,12.490877623516788,12.81558264503093
22.76,57.70715524618758,13.382360323830436,12.852977973128374
22.77,57.53402649671804,14.14971091747018,12.659131114670558
22.78,57.34822513841911,14.839532121597667,12.417300069274408
22.79,56.9329463124176,15.536945037711954,12.327199002868957
22.8,56.75659423162508,16.351654381387558,12.11066606039163
22.81,56.141208187078185,17.20291573720807,12.035960187953641
22.82,55.818826854166694,17.8370714699722,11.618059007207929
22.830000000000002,55.52430367787109,18.74762168237872,11.440336054003438
22.84,55.098075837483876,19.671616096301005,11.153033722471461
22.85,54.790936404679556,20.34732101565545,10.842046926222364
22.86,54.16362635931361,21.411367142510993,10.299839997387364
22.87,53.90864117398619,22.419742666178337,10.156491631841629
22.88,53.24182926373552,23.038504065167512,9.811527320503538
22.89,52.61269595929487,24.172699046550452,9.286042282198569
22.900000000000002,52.07432944883754,25.059905342977952,8.792857033320377
22.91,51.44996964259819,25.903626474295464,8.40699382703975
22.92,50.84893033238012,27.045535599024646,7.862331456168778
22.93,50.33008038132152,27.626951358577976,7.401928343629168
22.94,49.379141548013365,28.54302089864304,6.946221596577101
22.95,48.46819740262751,29.63895647339454,6.410796913533697
22.96,47.92574502663572,30.491880360166,5.576136393483733
22.97,46.85747596488606,31.37729420316209,4.9449209914066925
22.98,45.79814626578155,32.2635912001145,4.644962333803927
22.990000000000002,44.95736886305717,33.22022250727931,3.766311497193739
23.0,44.04099753781371,33.984554463592794,3.2289489564282596
23.01,43.04948789106624,34.7442141423772,2.5944505391224313
23.02,42.14266376712565,35.8685263040294,1.6077659966113147
23.03,40.78278234779182,36.35408765268912,1.047768512838776
23.04,39.59156283152807,37.3667187644469,0.35223307607882604
23.05,38.37140550720592,38.06736606917037,-0.5636828930041136
23.06,36.88465520012826,38.75240830208168,-1.5712798918603093
23.07,36.00187530990864,39.332705299377785,-2.197132751184204
23.080000000000002,34.309376466625025,40.134630589653234,-2.9094717264508136
23.09,32.84852553270346,40.59696481050685,-3.7600303378828914
23.1,31.407241072784657,41.189493734195246,-4.5348135319700695
23.11,29.934980199938867,41.77181240932732,-5.198813296824783
23.12,28.347549877279445,42.28709493557183,-6.349735432826938
23.13,26.714503813262652,42.599712160420594,-7.033271690108855
23.14,25.21272826769408,43.20698667129502,-7.8300295503699076
23.150000000000002,23.33888250655499,43.44638567950791,-8.69301300626138
23.16,21.511795416902146,43.63367716046988,-9.54699267683738
23.17,19.81249910848573,44.130546659820205,-10.313989699729463
23.18,17.800513190664766,44.18750418321109,-11.297823057160112
23.19,15.982771227998088,44.52437598800834,-12.29833075136106
23.2,14.079983940479746,44.270328719016206,-12.879089869477097
23.21,12.213146713567992,44.23133359308841,-13.718478743661848
23.22,10.262642556838772,44.28943388030562,-14.625289454419326
23.23,8.026075637863068,44.082537303457784,-15.438469201494796
23.240000000000002,6.239640989691823,43.8352982630369,-16.190473140409804
23.25,4.351067785329251,43.55478811129014,-17.06006773968612
23.26,2.1514442952504473,43.1592177107427,-17.618701076343733
23.27,0.04962284655288627,42.583689254744,-18.44823120093791
23.28,-2.070331841732009,42.13141468228403,-19.121219235301545
23.29,-4.030970880396668,41.70895423836418,-19.767949635059857
23.3,-6.2918147078407225,40.92053936432499,-20.3757773354604
23.31,-8.026447960549717,40.109928306462585,-20.755089978849934
23.32,-10.261014409823845,39.16431210603955,-21.3314035702462
23.330000000000002,-12.376640143564407,38.272203307370056,-21.91047478767405
23.34,-14.548685301525762,37.17418210572096,-22.537300897993376
23.35,-16.31493659533999,36.22991954856042,-22.965453987828454
23.36,-18.63295715580095,35.0788435994384,-23.38263778702473
23.37,-20.510991995754107,33.73233484761598,-23.673995020538037
23.38,-22.29980070365992,32.38562586517526,-23.850838628533438
23.39,-24.272300558834605,31.16162104858991,-24.19075439609647
23.400000000000002,-26.196098207544846,29.566580338918563,-24.283474801658414
23.41,-27.98183456891621,28.145752876236138,-24.690398283886754
23.42,-29.663510930459257,26.384441981020153,-24.64321560535484
23.43,-31.474675646891153,24.874615602404067,-24.644507415690104
23.44,-32.951380712745646,23.158610710358907,-24.78842332240401
23.45,-34.44900040946957,21.086425718799884,-24.59064484911452
23.46,-35.94136448565073,19.416294710998017,-24.579174421395887
23.47,-37.57497925825426,17.42115838452515,-24.48351320251408
23.48,-38.87139749078473,15.529654406228167,-23.903557465035657
23.490000000000002,-39.797867687867154,13.35699906727186,-23.856499175158593
23.5,-41.03470320169409,11.168428873421863,-23.41680264033871
23.51,-42.182871026745445,9.210238537132094,-22.853514016353937
23.52,-43.202576590523385,6.916106312277444,-22.446052097475793
23.53,-43.98768422408487,4.839547168402828,-21.918501941785188
23.54,-44.59035187510969,2.8481483712681475,-21.028264700666956
23.55,-45.24192470842361,0.7138961934541616,-20.557264943841474
23.56,-46.0537523906203,-1.7080364762185352,-19.80931726787274
23.57,-46.14704086652149,-4.03801055501466,-19.185402734053966
23.580000000000002,-46.587630124545015,-6.36166106072581,-18.249958329078346
23.59,-46.58939767619474,-8.36626465964206,-17.470281134491735
23.6,-46.98930972654931,-10.804262541786153,-16.529304440524427
23.61,-46.80217494720943,-13.056956783104399,-15.576947297968458
23.62,-46.61411314645044,-15.18051004665355,-14.566989071270013
23.63,-46.27884294364872,-17.252488313973746,-13.589326315868263
23.64,-45.774330486583914,-19.52383773596276,-12.509809395982451
23.650000000000002,-45.32567653330734,-21.561379325974226,-11.352681210386338
23.66,-44.765487218347296,-23.728221516141023,-10.135772008939577
23.67,-43.9856903422567,-25.560142196654663,-9.113293642175348
23.68,-43.11170150036207,-27.478137307431528,-7.816212635070546
23.69,-41.91513111110142,-29.482996276060714,-6.774125087842395
23.7,-40.92896966576832,-31.251810983647,-5.287241936982397
23.71,-39.71066510799031,-33.20921166558951,-4.144238292655131
23.72,-38.34109604710981,-34.7810390075015,-2.780314598130661
23.73,-36.640747017291545,-36.31810936064985,-1.218953610598425
23.740000000000002,-35.30039355886605,-37.943355853567205,-0.09112458171489467
23.75,-33.65261149247772,-39.688598792605696,1.1121353216724292
23.76,-31.919843472708806,-40.809950943223654,2.3190525823046593
23.77,-29.717536010947484,-42.18682782985524,3.994703482197924
23.78,-27.84692985105039,-43.34708764236312,5.246722166823822
23.79,-25.96440517661391,-44.618832322222104,6.519481135132155
23.8,-23.983928464369548,-45.56342086334669,7.610310057415608
23.81,-21.783573406091197,-46.470877014453514,9.01603913455003
23.82,-19.456649426465805,-47.264631054251794,10.291545912015055
23.830000000000002,-17.200764343572843,-47.87221539635897,11.5762554415319
23.84,-14.742053019752115,-48.52072341009005,12.742109250945477
23.85,-12.524322040352205,-48.933959176166574,14.006019963671125
23.86,-9.973462494154948,-49.25964860257235,14.884645975373273
23.87,-7.499171291141593,-49.53191060537703,16.02479467328556
23.88,-4.984202140768998,-49.65692191291674,17.265548502809988
23.89,-2.528553842872588,-49.83796316843189,18.212699953187105
23.900000000000002,0.21121092182288292,-49.80506446163542,18.992896670317347
23.91,2.456055572107913,-49.66583795109026,19.99324603376612
23.92,5.062589625921104,-49.25922077019506,20.874454278627162
23.93,7.6757729365082605,-49.02168513219963,21.56045445673095
23.94,10.212421101334547,-48.41610674729051,22.17545102881335
23.95,12.8215432066622,-47.79667924733375,22.945005412683393
23.96,15.294172546828806,-47.17356706747231,23.609021025694563
23.97,17.75651560772383,-46.367134228521564,24.167101267426077
23.98,20.271713198396153,-45.47897082425525,24.48475681193969
23.990000000000002,22.48242670178844,-44.44768850658527,24.931034596163794
24.0,24.978717303106663,-43.35177491250518,25.398201589705867
24.01,27.359785111501978,-42.29706103125705,25.547018806277247
24.02,29.664768807000673,-41.08424291589562,25.836377615212452
24.03,32.009485618387416,-39.925303180768154,25.721912166035008
24.04,33.976278017862896,-38.700183394917836,25.893876308936562
24.05,35.906551775960466,-37.22082265549901,25.76244275862617
24.060000000000002,38.32686178226099,-35.416388460147736,25.771974811195935
24.07,40.179081124113736,-34.36641231100158,25.430201001533174
24.080000000000002,42.120329157147836,-32.79859303569444,25.254888892323336
24.09,43.94482914167083,-31.0657449801857,24.870893565197363
24.1,45.7043900043923,-29.48842024722709,24.45843263143309
24.11,47.231582737737874,-27.991821388747603,23.98912560356919
24.12,48.62076655099665,-26.108519057324994,23.401090597551715
24.13,50.22243234036925,-24.241662419364335,22.730657395225943
24.14,51.79972421146558,-22.636546628819577,22.289138748416402
24.150000000000002,52.983913259577484,-20.93260379126991,21.326126658938005
24.16,54.116792327172526,-19.109008518643098,20.54116858860967
24.17,55.29185031659127,-17.40209862654434,19.831312746972866
24.18,56.183634685645806,-15.618851348414434,18.86390810207931
24.19,57.30589107554633,-13.855579250596875,17.76987660549305
24.2,57.92676302075795,-12.110929799726586,16.678280393799444
24.21,58.70887034185875,-10.302822241115187,15.440176921821948
24.22,59.431817828590276,-8.352253674275788,14.512340597358074
24.23,59.83444761174794,-7.103943548691563,13.392863394786144
24.240000000000002,60.149349835409716,-5.274696202538731,12.379996904869838
24.25,60.713731398971426,-3.592072564062199,10.699490826513811
24.26,60.91118714322454,-1.954762631568521,9.379648175520074
24.27,61.17936302213365,-0.5120635842394712,7.895117341444044
24.28,61.33566717257903,1.060426057405454,6.631200476049384
24.29,61.40026542333256,2.472887751986834,5.322831432933117
24.3,61.31845736658216,4.122238043201561,3.9479162729627717
24.310000000000002,61.070083707958474,5.271016314315243,2.312141193955267
24.32,60.719701655571164,6.719306473951604,0.8036818171414278
24.330000000000002,60.44118030338909,7.9568630980446695,-0.6894281184895155
24.34,60.16458767033939,9.11139022331021,-2.1691760588142843
24.35,59.642472442860694,10.36899697800299,-3.9904248711376957
24.36,59.042738491691715,11.60340087348767,-5.3555234756774315
24.37,58.39871929889708,12.56768108196324,-6.840074072127027
24.38,57.683776548731366,13.648260311370004,-8.490287171464285
24.39,56.858805985321695,14.513397861086837,-10.100372255752925
24.400000000000002,56.15959064405196,15.656575893725712,-11.607083158245578
24.41,55.39839645347434,16.417179797066236,-13.115616576756269
24.42,54.49482984486193,17.120751086015996,-14.70236362826246
24.43,53.39964229569906,17.894142817455414,-16.245730752615447
24.44,52.23153144333982,18.42012813306104,-17.824147363446542
24.45,51.400438916063514,19.106208953420634,-19.24206186617949
24.46,50.18787894095057,19.31894325400747,-20.76490586613018
24.47,49.31190251255431,19.87900121573786,-22.26746426692778
24.48,47.9042867120019,20.405081830929166,-23.768594568105378
24.490000000000002,46.54183939055507,20.796927960090194,-25.145727954103442
24.5,45.62120666587906,20.875662161262333,-26.542123713503656
24.51,44.13839602413252,20.966475043155988,-27.969299230286026
24.52,42.88164224180279,21.267165205184476,-29.251042532087094
24.53,41.54235696006682,21.171254456971926,-30.590874311885198
24.54,40.075747863262805,21.377761135520224,-31.838104560459378
24.55,38.81585364984219,21.429392706396744,-33.17843730477007
24.560000000000002,37.264058648780875,21.270124391700307,-34.48243611730258
24.57,35.78802935722256,20.882546372905903,-35.4886945558202
24.580000000000002,34.53696670888534,20.84204250395146,-36.7971046160155
24.59,32.719090720820766,20.507993328036967,-37.86219613486519
24.6,31.4179605414468,20.22129053968501,-38.803616949966546
24.61,30.04256809363295,19.95454297221411,-39.955716798660454
24.62,28.55243646519408,19.57160685077788,-40.84381032175533
24.63,26.893403567559112,19.1750827993459,-41.82416378184761
24.64,25.308594459218007,18.88767663507688,-42.66139488350176
24.650000000000002,24.082913287801233,18.308945445290636,-43.48391717511259
24.66,22.428324849777407,17.76467780371963,-44.28602578211786
24.67,20.778670399786314,17.33515456885514,-45.162158236000366
24.68,19.31304502387398,16.501023817928495,-45.80543884213962
24.69,17.805117383846056,16.0005254571328,-46.37872648239733
24.7,16.26092246744423,15.354833519491628,-46.81493865770421
24.71,14.783955212249522,14.702126320775102,-47.405354798297616
24.72,13.192512688431627,14.205864460416594,-47.89605584040988
24.73,11.858168878120047,13.495285557189856,-48.51649653885157
24.740000000000002,10.355017652160507,12.723368337454502,-48.9697037787055
24.75,8.668075780754053,12.056283370003946,-49.07662387468946
24.76,7.109348764806897,11.426042718774514,-49.58926667655444
24.77,5.53372390645,10.596036326520197,-49.604777766138156
24.78,3.9265800879579973,9.855287434933894,-49.81319315653367
24.79,2.625546295221812,9.081008219768906,-50.03002288465405
24.8,1.0225145698675293,8.344552348424658,-50.06764310779291
24.810000000000002,-0.5029377421840219,7.572964920136793,-50.30385258583541
24.82,-1.655303107114947,6.665832970411005,-50.10887923744543
24.830000000000002,-3.3244969153162844,6.056821175590859,-50.10775933342708
24.84,-4.795892987094269,5.367121274751431,-49.96223001369665
24.85,-6.334570961380601,4.79715781532033,-49.818434230068455
24.86,-7.680745705345528,3.83620954085101,-49.65574455618051
24.87,-9.263663471352217,3.3385970750941114,-49.29039796738386
24.88,-10.440868489813802,2.7786174425464254,-49.02047950437888
24.89,-11.90936094491624,1.8919676495275763,-48.76537759485545
24.900000000000002,-13.106430251532027,1.3892582323959841,-48.353252103510506
24.91,-14.631739069568747,0.692711366043252,-47.949404467284594
24.92,-16.1114473907479,0.13259561213721135,-47.43222267687622
24.93,-17.336950294771725,-0.4662763435902295,-46.96370052633563
24.94,-18.706084162109963,-0.9712524708857485,-46.48006803599262
24.95,-20.047490428477207,-1.3637574186038317,-45.68992240407555
24.96,-21.11013818298511,-1.912853488791736,-45.292990984693496
24.97,-22.707648275857498,-2.2552763565204064,-44.45106116936227
24.98,-24.116482744087143,-2.7221033486849104,-43.72162486406165
24.990000000000002,-24.975252454774473,-3.167074221121751,-43.28798033678099
25.0,-26.264648423206005,-3.406442666649456,-42.376714105881035
25.01,-27.417087566108048,-3.81103333399378,-41.390154446400395
25.02,-28.808407568021934,-4.135245972464262,-40.571958366182706
25.03,-29.849754470380727,-4.291460560455106,-39.69698552128596
25.04,-30.980177965911764,-4.459529855110651,-38.99607831170835
25.05,-32.07185497528719,-4.4349480905021945,-38.03541381151735
25.060000000000002,-32.95939980293486,-4.554325077239017,-37.04035213309075
25.07,-34.19454723331535,-4.6981777094872115,-36.122413323341064
25.080000000000002,-35.15005279034865,-4.784382502853475,-35.081136102116076
25.09,-36.20897370009394,-4.581805657676708,-34.11106329555928
25.1,-37.086735177824984,-4.431912473485687,-33.28791878201719
25.11,-37.950817789816604,-4.403709852514527,-31.967675082463657
25.12,-39.137598407318215,-4.112509905590086,-30.791774976971034
25.13,-39.79832015659317,-3.9445739945959724,-29.752496218138702
25.14,-40.767615725415226,-3.674561439249037,-28.606509374342533
25.150000000000002,-41.482714781027354,-3.358309903840587,-27.7505232281426
25.16,-42.16215009592107,-2.959402643975247,-26.567939024767377
25.17,-43.081992040724586,-2.549929813274692,-25.45554600204243
25.18,-43.64091116884221,-1.8875223856305958,-24.332494468345566
25.19,-44.37370441803936,-1.3779858003760697,-23.164273554043376
25.2,-44.905775267552194,-0.8839052839324456,-22.233564487878184
25.21,-45.327731665419705,-0.1446895769916796,-21.08237340956478
25.22,-45.69655600960096,0.5671029278548275,-19.794494966844592
25.23,-46.15365607413202,1.3860857412731753,-18.631780241698074
25.240000000000002,-46.56810516512854,2.1127854386210356,-17.61366232222337
25.25,-46.64097315121928,2.879166005335967,-16.738497075274637
25.26,-47.188406355661705,3.8592820897704847,-15.519551505385811
25.27,-47.494306815577794,4.636199461279521,-14.479756687060412
25.28,-47.42728783996109,5.713525573736388,-13.284647151404624
25.29,-47.53214946709424,6.584584892988009,-12.352184202394639
25.3,-47.30128505485237,7.706569728445988,-11.324553054796807
25.310000000000002,-47.40757301118516,8.895650487271462,-10.243328442387606
25.32,-47.2830814204653,9.967871027462348,-9.482923727386497
25.330000000000002,-47.09460275881715,11.16126977028797,-8.129136194127017
25.34,-46.851410738522276,12.27088850452899,-7.155328388935317
25.35,-46.459850673567864,13.360533551010894,-6.460022923790428
25.36,-46.145832170640446,14.628697747254359,-5.563394293556957
25.37,-45.64191609898435,15.878956701688098,-4.863288529938716
25.38,-45.04188519058463,17.294187158502762,-3.996523995208724
25.39,-44.45279092506146,18.171383123830477,-3.3309996519352705
25.400000000000002,-43.827202680223415,19.81023787460896,-2.4468191324682103
25.41,-42.96867988483573,21.058345358381214,-1.5853138812536463
25.42,-42.26566084432672,22.26200822733265,-0.9889256202893949
25.43,-41.47889197692048,23.536422370463487,-0.7834611055574152
25.44,-40.389366264808245,24.90290630377138,0.21868950072540577
25.45,-39.20054755042393,26.118225689008476,0.7253451785262733
25.46,-38.15240180845697,27.403970263630498,1.0600137101636051
25.47,-36.929260757616234,28.668129274285953,1.5472568605370562
25.48,-35.905152813930215,30.117546459765745,2.060324509487057
25.490000000000002,-34.462640152152005,31.15818000754875,2.641962522678488
25.5,-32.952406184831126,32.500915401539515,2.6175910576546486
25.51,-31.648901825287773,33.5973293734715,3.1681556092995558
25.52,-30.04326001516568,34.62663504966935,3.347253347355601
25.53,-28.214025527521613,35.834034901448284,3.3531964169442032
25.54,-26.667940272798365,36.90513157770915,3.713574629798604
25.55,-25.085394969268865,38.075630912489046,3.7575958916667913
25.560000000000002,-23.263492868126907,38.90209880711573,3.9183635483979065
25.57,-21.33105132564827,39.988212612836016,3.8656182660504066
25.580000000000002,-19.564265974805455,40.85627006703424,3.932663003896845
25.59,-17.54005638226131,41.69940143027423,3.8055577484490835
25.6,-15.802087762075663,42.53652356351935,3.52867140446218
25.61,-13.61446490122009,43.344588850969515,3.3301997605458062
25.62,-11.49091857889775,43.90781992106943,3.246057057406189
25.63,-9.527907577908753,44.47787986377744,2.883561227579982
25.64,-7.283889029841623,45.13687346430298,2.656035596093369
25.650000000000002,-5.081331237626588,45.41949257212546,2.244718603345112
25.66,-2.912097217028389,45.96220245759273,1.9747668307199768
25.67,-0.6674070066249467,46.32234688325845,1.3627197597389917
25.68,1.419949514936549,46.238294780345726,0.927832216661508
25.69,3.557610251280709,46.53775778888174,0.6937577757290553
25.7,5.959544006524176,46.6910520038385,0.0798536521135284
25.71,8.166602152270555,46.79015371749476,-0.5507077878308937
25.72,10.255239553001745,46.55326723098469,-0.963158039422719
25.73,12.47219463747291,46.512509611733165,-1.6743484098248844
25.740000000000002,14.853208763765945,45.92987046620687,-2.3790088676256715
25.75,16.834652921073374,45.67086068893082,-3.1692508181517587
25.76,18.93534204266713,45.2768201456077,-3.859993972519366
25.77,21.292070611311903,44.80625042855439,-4.572969031367081
25.78,23.368743041385873,44.06204488644017,-5.263273243947096
25.79,25.269787639604832,43.41662108716099,-5.979939227796346
25.8,27.60413452854871,42.49851673790339,-6.694555649880913
25.810000000000002,29.34706249405954,41.86905894288666,-7.776928870899285
25.82,31.107082884369298,40.804536937424196,-8.350318972813277
25.830000000000002,33.129678369561944,39.78556750910798,-9.122376009765741
25.84,34.92832915583261,38.61215967262332,-10.059806720607986
25.85,36.67484948304908,37.558895339656715,-10.927363953028497
25.86,38.41535193977569,35.97211494702885,-11.875114055871443
25.87,39.795812534368096,34.608210973800354,-12.38009879966207
25.88,41.58098782314355,33.30149360081084,-13.228325393633934
25.89,43.00081872299155,31.936674898815326,-14.163544591758663
25.900000000000002,44.29829005046702,30.45635850268137,-14.989808606434403
25.91,45.47528295649877,28.600062433090276,-15.664056599055039
25.92,46.79701845154987,27.286133218999165,-16.692254619861835
25.93,47.71283306565535,25.35677459615363,-17.608087787044933
25.94,48.708960507506944,23.615813584355287,-18.135920758799962
25.95,49.650645406894625,21.836724098941467,-18.946863373507504
25.96,50.62859667605136,19.877457651203795,-19.719264515342
25.97,51.32488998588757,18.18244950426064,-20.4852814768453
25.98,52.003752433197455,16.168050333167805,-21.235528971589144
25.990000000000002,52.521393201035146,14.302031140245184,-21.797977163967996
26.0,52.77356683526617,12.300609743174054,-22.500371134251186
26.01,53.256078429155124,10.39857227643672,-22.982750721682514
26.02,53.35809293536704,8.291845711766603,-23.73131044627125
26.03,53.47585895800191,6.40808239976783,-24.519984225718762
26.04,53.53061864326439,4.2562616693611295,-24.85927394664461
26.05,53.09929298573434,2.224244874843387,-25.74009846369941
26.060000000000002,53.09488385060253,0.22571823953448253,-26.01985058421982
26.07,53.04172437721511,-1.7123207199348482,-26.53127525898497
26.080000000000002,52.41198840318305,-3.6442269354133288,-26.983210904381096
26.09,51.96697155600963,-5.802820479936792,-27.255928523189
26.1,51.56472693051754,-7.5658919136356335,-27.6789890196289
26.11,50.85301546798622,-9.504228972039929,-28.104976453280763
26.12,50.01776082267983,-11.477537090741295,-28.466689751522225
26.13,49.28328762620606,-13.399236490216296,-28.808463010990437
26.14,48.4361044974682,-15.16092142906841,-28.903783213484573
26.150000000000002,47.32327511371,-17.173622492228297,-29.35526222705299
26.16,46.17111500071673,-18.747203652723773,-29.311063765963507
26.17,45.25994796637746,-20.538888362135523,-29.97283373206199
26.18,44.19609802251033,-22.060862642693706,-30.055799181894702
26.19,42.538931637570826,-23.838712535192805,-30.152241592062705
26.2,41.25103098990269,-25.14137670219645,-30.093134926491505
26.21,39.84751673492859,-26.93474802513894,-30.12322059938496
26.22,38.67558111952455,-28.34900393694446,-30.465253812414595
26.23,36.62491057960307,-29.722034934659835,-30.487334256637748
26.240000000000002,35.23534034661373,-31.08025971803672,-30.262677464476532
26.25,33.707171231917506,-32.26101291625066,-30.455045920842352
26.26,32.02097994203617,-33.368380433657066,-30.338977328492945
26.27,30.461566589997936,-34.70947946284486,-30.280741079892106
26.28,28.695205354122606,-35.6663380212732,-30.25254807826681
26.29,27.02706946231102,-36.65873906182861,-30.006308704324297
26.3,25.12923177349797,-37.65106252012884,-29.87339708714128
26.310000000000002,23.21518952895649,-38.58353179873927,-29.8213396349285
26.32,21.411008555925125,-39.49194674003686,-29.717906518229217
26.330000000000002,19.72605853170293,-40.154264544672536,-29.61013601900788
26.34,17.925412009936025,-40.64302073171851,-29.26460779694251
26.35,16.194406580070698,-41.07017718313769,-29.022975812099574
26.36,14.372180288098793,-41.74947773543498,-29.057718361763683
26.37,12.54342404395673,-42.195426744563605,-28.701150685602627
26.38,10.544913319753805,-42.723273724984956,-28.669740798765496
26.39,8.883063188767737,-43.064871715372085,-28.444845384290677
26.400000000000002,7.182291787532559,-43.30045726552219,-28.084146655516573
26.41,5.290939397530207,-43.480222974761624,-27.892408841147546
26.42,3.409935180386938,-43.68473278540391,-27.691387035052887
26.43,1.796261990490713,-43.7423290586949,-27.511804803143015
26.44,-0.018547893382187555,-43.84343986911065,-27.296032140106114
26.45,-1.460171215937331,-43.8691346285526,-27.155321869109535
26.46,-3.237833153212955,-43.736584908436114,-26.716524650709225
26.47,-4.900668142305345,-43.70377750000391,-26.545526067991382
26.48,-6.565750913590123,-43.38829561938293,-26.398738711083624
26.490000000000002,-8.170754059775017,-43.274079548616335,-26.174799505381447
26.5,-9.475933998375375,-43.0882620218307,-26.08795990021158
26.51,-11.233084062530919,-42.5177483414742,-25.759422050777417
26.52,-12.577942152723441,-42.5715830899585,-25.65932531694782
26.53,-14.038762635540309,-41.948094393541034,-25.404980288132375
26.54,-15.349477252558719,-41.38541418142674,-25.146481364514806
26.55,-16.66016393024266,-41.4255274098729,-25.150924157317785
26.560000000000002,-17.76723691439547,-40.46270133470175,-24.819243097013544
26.57,-19.3169547533649,-40.255838119240686,-24.73366871980158
26.580000000000002,-20.496324582259543,-39.58966697583468,-24.64774776955563
26.59,-21.70050040374126,-38.95015247229392,-24.376329458223587
26.6,-22.704998327354264,-38.413796976808406,-24.191810003218833
26.61,-23.927847082066478,-37.88884193782375,-24.391058263441966
26.62,-24.896349710434894,-37.30129633091737,-24.263194809036662
26.63,-25.84422586705257,-36.529093567563834,-24.099491475595446
26.64,-26.758840870059924,-35.93270346600628,-24.028160608333078
26.650000000000002,-27.979578670999533,-35.36395041071917,-24.09350318091972
26.66,-28.888333863255962,-34.4243678843485,-23.930733187597816
26.67,-29.383106315590524,-33.95059938766086,-24.003133305269806
26.68,-30.40194996341199,-33.383955899836444,-24.04424233407652
26.69,-31.135031345919415,-32.48643420695229,-23.89983798184207
26.7,-31.652636628261913,-31.767406470932055,-23.8721669418771
26.71,-32.44430658387649,-31.24097625860201,-24.02205265744851
26.72,-33.123219284747236,-30.537171917296266,-24.090642398153033
26.73,-33.6119329407052,-29.778784249471286,-23.955239531724263
26.740000000000002,-34.11248803509896,-29.096293337118443,-24.089551670434883
26.75,-34.434981888605506,-28.369975800161843,-24.128086852493357
26.76,-35.175709526760976,-27.723089071314877,-24.335386962446844
26.77,-35.57868401965692,-27.279308883015297,-24.354004352954686
26.78,-35.95159557302176,-26.708334393905485,-24.569314931185875
26.79,-36.148638622065036,-25.827768257399033,-24.98938948266373
26.8,-36.44774005820669,-25.16450198473648,-24.726422102281376
26.810000000000002,-36.70979342513487,-24.419345007626905,-25.128360991785925
26.82,-37.15102190951572,-24.00836060906808,-25.200189817234484
26.830000000000002,-37.5538225627058,-23.29840694757935,-25.440501790530373
26.84,-37.477380688842736,-22.656127931295448,-25.65481990739243
26.85,-37.671878591556606,-22.116125002251835,-25.91657161419855
26.86,-37.78380283034904,-21.829357934946874,-26.12253808234807
26.87,-37.97205370232008,-21.30096250511062,-26.479521532323126
26.88,-37.81164626129389,-20.847592963377043,-26.704796799061643
26.89,-38.0191175488868,-20.06549258587941,-26.74891243319464
26.900000000000002,-38.17238664507565,-19.660578515246677,-27.101667036608923
26.91,-38.186708564971646,-19.207634530077936,-27.355323801026664
26.92,-38.124804028497145,-18.66963429095452,-27.800105007164873
26.93,-38.09662262140795,-18.443815453963243,-28.113594837224777
26.94,-37.92488788500484,-17.903269786852512,-28.608680978132032
26.95,-37.71838832412151,-17.49644217256616,-28.771172952397663
26.96,-37.853122362406985,-17.106313772453323,-29.03753647819507
26.97,-37.54299200033663,-16.82602470369799,-29.365967316585504
26.98,-37.377463189513946,-16.37339669859478,-29.80561744140457
26.990000000000002,-37.14981734214707,-16.278197144750703,-30.173069186745938
27.0,-36.99898734725845,-15.819596317852417,-30.44980194166611
27.01,-36.711614660422924,-15.710990636738224,-30.886445479183
27.02,-36.47459975174924,-15.472737396902243,-31.45600294029856
27.03,-36.21426512181196,-15.302955352489985,-31.766479535914232
27.04,-35.981514575027845,-15.1476197216439,-32.0317714422853
27.05,-35.64920403837567,-14.805966094142017,-32.62048831782692
27.060000000000002,-35.40088059013785,-14.590597543832686,-33.01296256409976
27.07,-34.80095826116305,-14.590337684949196,-33.239594591590546
27.080000000000002,-34.623064239427435,-14.483040687708858,-33.78290089928897
27.09,-34.16576059359321,-14.064975694453938,-34.19952088619736
27.1,-33.73499095166491,-14.28421480291326,-34.564354540839894
27.11,-33.48556129452068,-14.071843433112875,-34.97313570297001
27.12,-32.98033519972193,-14.228065733798744,-35.36996472729578
27.13,-32.35685181970519,-14.23342390686138,-35.92154216832424
27.14,-31.927801694601303,-14.119685147023194,-36.308423314514314
27.150000000000002,-31.41361725886645,-13.946793867023636,-36.945696586806754
27.16,-30.89614573654604,-14.099789958495986,-37.33256052775749
27.17,-30.395345077356037,-14.027448586773778,-37.80856601062999
27.18,-29.856644838631247,-14.271475542259534,-38.15243187884962
27.19,-28.995573929880464,-14.267451722318924,-38.36757465214571
27.2,-28.530731205650355,-14.311379874772225,-38.99843500882209
27.21,-27.81081823931378,-14.4271746213295,-39.564133740840596
27.22,-27.248300796651318,-14.364185522480014,-39.957953482905914
27.23,-26.447226930038596,-14.428085520382995,-40.407640707607044
27.240000000000002,-26.022393718627665,-14.393578527446872,-40.727404584387806
27.25,-25.366158931886126,-14.908453874487423,-41.26145831401678
27.26,-24.379036120633284,-14.879654836956258,-41.747268790945434
27.27,-23.776260719888366,-14.940733797181375,-42.08855181925618
27.28,-22.8242046617726,-15.03512891279682,-42.38393063209772
27.29,-21.971798152574618,-15.211598899638002,-42.828895841891374
27.3,-21.198518904180187,-15.45200628817825,-43.17324512572231
27.310000000000002,-20.398884986442432,-15.44382875348162,-43.65418921542205
27.32,-19.27816650646708,-15.557234867536259,-44.14370208233564
27.330000000000002,-18.505400797361062,-15.780988497783277,-44.560634600009955
27.34,-17.339286381283156,-15.818498548289158,-45.03510810717183
27.35,-16.3462872878797,-16.006494394749648,-45.266934230727344
27.36,-15.569329351049745,-15.992992707005275,-45.591159518940486
27.37,-14.358247185913216,-16.179194954666578,-45.99167462080174
27.38,-13.430831376863802,-16.318992658932547,-46.27625268653047
27.39,-12.4890767958297,-16.17685686848509,-46.756979090277916
27.400000000000002,-11.306646195647183,-16.34951883401437,-47.14678455343812
27.41,-9.884179656758937,-16.367483624460974,-47.300690648930946
27.42,-8.828272980197585,-16.297630879701238,-47.819042466825174
27.43,-7.815928080616289,-16.363622831280416,-47.84849843902172
27.44,-6.584270006993364,-16.55199078419634,-48.16480710543626
27.45,-5.201863062145293,-16.47690101766298,-48.32554290494076
27.46,-4.05301542971559,-16.57076712758817,-48.65470601035126
27.47,-2.9320731899958417,-16.35340709950556,-48.799555994663166
27.48,-1.6887643436381305,-16.245543263829028,-48.814413284144685
27.490000000000002,-0.37511203477818167,-16.231585404120313,-49.16914674228184
27.5,1.0610665773238281,-16.0665626981079,-49.297705246762
27.51,2.3414007567952653,-16.054483555676235,-49.457435851271434
27.52,3.8227117405325095,-15.749701970642024,-49.452479179924254
27.53,5.1097653439337725,-15.63511711713536,-49.619737791127214
27.54,6.465723924993794,-15.410630806526754,-49.75772776714025
27.55,7.838712583529453,-14.942903163833593,-49.60705292600897
27.560000000000002,9.232628218452968,-14.677304524121144,-49.533141900250996
27.57,10.461961397167059,-14.506133152091444,-49.7006197896799
27.580000000000002,12.15957431185385,-14.020775118387736,-49.6181609766869
27.59,13.289860465997991,-13.712931948480202,-49.557761131838696
27.6,14.995761077822523,-13.259023066595613,-49.523134288546494
27.61,16.30719903040414,-12.591312806032168,-49.31792287082328
27.62,17.36456190415248,-12.07337128176374,-49.096474417121115
27.63,18.971282077266967,-11.635733088505939,-49.043782259242136
27.64,20.362314650991102,-10.938832771010544,-48.48175006605099
27.650000000000002,21.644921372540328,-10.154807433796499,-48.501718540208536
27.66,22.947477525318458,-9.643466006581765,-48.06788495059224
27.67,24.42463439573077,-8.861179542799649,-48.006254265073764
27.68,25.638310079698623,-8.043757568971117,-47.38929951058593
27.69,26.97666944689606,-7.174934726491548,-47.04318988700385
27.7,28.20041014763994,-6.390967789783095,-46.52612128392726
27.71,29.402116670618,-5.411893668726542,-46.14754858141532
27.72,30.49222906493266,-4.572324995686262,-45.729270722805765
27.73,31.57960218546143,-3.6679411918701845,-45.32031604064925
27.740000000000002,32.79980088219697,-2.4011679311830196,-44.58820004639118
27.75,33.95447873596002,-1.390049992348191,-43.950645454601144
27.76,34.892533324432826,-0.18282268102834726,-43.54304717023511
27.77,35.92509250880468,1.0336254286808881,-42.82051212809744
27.78,36.76739028892142,2.198077290724118,-41.969813879925596
27.79,37.63272998436426,3.3832139411983557,-41.35447635355624
27.8,38.663061824537074,4.67196694444322,-40.81460911821274
27.810000000000002,39.13807247582355,6.050548964632962,-39.944067237824164
27.82,39.8858519590649,7.2829040973078865,-39.02603034157431
27.830000000000002,40.35495165860084,8.583033308335873,-38.41937116817765
27.84,40.794746073131954,9.958176416011645,-37.52776071509355
27.85,41.38184225725088,11.392429844590298,-36.73800284008575
27.86,41.64825470343579,12.762575501328367,-35.57483038772089
27.87,42.08690251218314,14.209196005900909,-34.885937163494994
27.88,42.32333978760465,15.76726460815309,-34.029816253971944
27.89,42.1464919735875,16.911194043269116,-33.14599228973603
27.900000000000002,42.50868181442296,18.381766200386952,-32.193647169059865
27.91,42.0606496775122,19.822227746307348,-31.05107969370501
27.92,42.075732678383865,21.241330124680793,-30.114800240123383
27.93,41.78646475917028,22.698866870412232,-29.09153255632248
27.94,41.537730972926525,24.086465602001894,-27.80564950959758
27.95,40.89777681672572,25.684554434907945,-27.28334416351237
27.96,40.47314111969578,27.185498920552018,-25.924245202396143
27.97,39.79809717338929,28.586358118786613,-24.84985761007576
27.98,38.90817876602942,29.78782610415788,-23.9878172895857
27.990000000000002,38.087184342729934,31.073276056256542,-22.869688464402575
28.0,37.212704626904326,32.438454507212214,-21.703033984930787
28.01,36.232012362691925,33.69529465669458,-20.795936728445582
28.02,35.05636056275244,34.94501470045234,-19.586729406452417
28.03,34.09922372308336,35.88164397357058,-18.73272296193478
28.04,32.67310330368412,37.15964812284048,-17.92625801023425
28.05,31.339844558680937,38.355401013928365,-16.82560427262644
28.060000000000002,29.766413350569703,39.46907590612529,-16.198931109116057
28.07,28.434708610563806,40.1257462003728,-14.84862568624775
28.080000000000002,26.681358193040797,41.20413820521177,-14.056220261575927
28.09,24.929547532969487,41.8755939926492,-13.02764090626803
28.1,23.213472947948514,42.624731268150114,-12.267970664136678
28.11,21.352687277780166,43.214837382664626,-11.524152073651548
28.12,19.5051001866332,44.0224043431282,-10.645458816559813
28.13,17.768543337003713,44.36034343098945,-10.040443426199584
28.14,15.508657805387818,45.01396651809901,-9.330583786349504
28.150000000000002,13.598681723247216,45.56132115034464,-8.528595974201803
28.16,11.462340691431287,45.62730077027569,-7.850846703134945
28.17,9.380365889559338,45.92105154449647,-7.276088797565729
28.18,7.4050986002645836,46.01156341485949,-6.733535075020634
28.19,5.07031002912648,46.09659619635716,-6.2395661134931
28.2,2.7281722407235542,46.036083978097764,-5.844301842992907
28.21,0.5893677248153706,46.005358836961946,-5.284137025284519
28.22,-1.5871028687992286,45.713310660922645,-5.214575572569132
28.23,-3.7537465787858526,45.318795412623885,-4.649919713173434
28.240000000000002,-5.989889876555994,45.09994972248305,-4.5074111557156105
28.25,-8.22527367312858,44.37316276525689,-4.2973572818664465
28.26,-10.220724002016484,43.89780146704033,-4.206349448049078
28.27,-12.365355260150492,43.14556938629111,-4.177998903366194
28.28,-14.480611442918446,42.58083908410114,-4.034001797978292
28.29,-16.659750147504237,41.89080830096627,-4.181168828752284
28.3,-18.638590920646436,41.10036495437608,-4.2523913014714685
28.310000000000002,-20.88008309369594,40.08325700358713,-4.520128811281118
28.32,-22.793911494251912,38.828164705121324,-4.770318986275092
28.330000000000002,-24.588075201690774,37.68794208340662,-4.930750817433893
28.34,-26.386864463871195,36.589096045307606,-4.894777368021988
28.35,-28.170526549108647,35.685469975016275,-5.551140299921492
28.36,-29.960497477679578,34.30719415166206,-6.005735279904458
28.37,-31.497093376834716,32.96606713556778,-6.337641330837262
28.38,-32.886263440864155,31.668382909590093,-6.997317393730412
28.39,-34.42661992318091,30.22966446440485,-7.640858439672726
28.400000000000002,-35.8042481111241,28.507216104163867,-8.028865496980817
28.41,-37.14928437518057,27.048481404239126,-8.921385316057423
28.42,-38.23846631374515,25.64176886761668,-9.236840358327818
28.43,-39.21412404280382,24.047303671854596,-10.330783583392124
28.44,-40.19427364916226,22.57252127659065,-11.204057239387598
28.45,-41.1983659137856,20.699776224542752,-12.053919589193447
28.46,-41.79215225954003,19.246887926120618,-12.79196322739469
28.47,-42.559677701801185,17.59986417166797,-13.754197116712914
28.48,-43.055472194428404,16.151833888163527,-14.644746839499346
28.490000000000002,-43.42840271720935,14.63951001408383,-15.757221970119392
28.5,-43.91731763949385,12.89244080996996,-16.609087509736803
28.51,-44.040584521427945,11.203517981955098,-17.748878990837007
28.52,-44.175858138853876,9.875891338596091,-18.770029255939747
28.53,-44.24976104357611,8.221792542100879,-19.966936440803444
28.54,-44.108667645144614,6.677340188521895,-20.880147970516163
28.55,-43.88241438677246,5.308524722558623,-22.048652094541982
28.560000000000002,-43.472262146925345,3.800872604026729,-22.999248628157705
28.57,-43.225727806509916,2.2822539325092,-24.34615007159552
28.580000000000002,-42.671555901552644,0.8252877835221619,-25.32737606565322
28.59,-42.11997225375908,-0.29378407427527053,-26.47353462645771
28.6,-41.476689165890306,-1.6907064769637505,-27.487059906926824
28.61,-40.64687039662765,-3.0150057857324537,-28.58768415033495
28.62,-39.828594403938,-4.199258659012545,-29.82689002365688
28.63,-39.00861083802277,-5.451243727545968,-30.914966729199755
28.64,-37.91700891680144,-6.421997461593796,-31.878129375236597
28.650000000000002,-36.816594043125356,-7.503478620725225,-33.031906078752776
28.66,-35.81069582095604,-8.218697178840099,-34.335051734764576
28.67,-34.54857025336435,-9.173585831631703,-35.244507986745596
28.68,-33.071794528689104,-10.082363379693762,-36.05774356462106
28.69,-32.03236863548653,-10.948058627487098,-37.24873351635083
28.7,-30.744895539173317,-11.40534593898118,-38.33098404372062
28.71,-28.833300213101577,-12.312726437781148,-39.16948431174376
28.72,-27.591906552587524,-12.601740930681922,-40.16656228831715
28.73,-25.984982853600123,-13.051219674089497,-41.12197249733357
28.740000000000002,-24.354239108327633,-13.42909527560257,-41.837919227331675
28.75,-22.870275993477424,-14.08744759203468,-42.859540610070276
28.76,-21.27689938291576,-14.233848523170632,-43.48187523895308
28.77,-19.50036055349878,-14.341550957448323,-44.27785351903063
28.78,-18.045873089843223,-14.381159019870898,-45.190192664954935
28.79,-16.144595048351487,-14.31587205740521,-45.94733915824767
28.8,-14.56166536492144,-14.514223250663802,-46.51266469821345
28.810000000000002,-12.82840398644588,-14.344373832825333,-46.99500193187357
28.82,-11.189662139931622,-14.149817048714745,-47.6806858435216
28.830000000000002,-9.380763729464116,-13.972020420494252,-48.25035021988254
28.84,-7.890778215687209,-13.529018009787615,-48.65226405653847
28.85,-5.99927268529217,-13.335225736919432,-49.01265863388811
28.86,-4.3687422632144255,-12.913603098132551,-49.61852378112709
28.87,-2.5463522050899763,-12.586306070091577,-49.88683946552658
28.88,-1.0421861767370157,-12.197257438995164,-50.106075819942134
28.89,0.5456066938547833,-11.328039362867923,-50.402914115448326
28.900000000000002,2.213772419126416,-10.940301080514606,-50.531086808709084
28.91,3.96919913359956,-10.322047060511501,-50.781583601109325
28.92,5.307627449225349,-9.477133630497681,-51.04822646328711
28.93,6.92713628943961,-8.845224871020468,-51.08415978565596
28.94,8.624815061978502,-8.01321245133421,-50.920754592809494
28.95,10.06727012053784,-7.250224367754708,-51.15672235987006
28.96,11.226246129987167,-6.534787338810526,-51.01975881157157
28.97,12.854579167354693,-5.672977612400537,-50.84158543268155
28.98,14.350063359929141,-4.654444463360529,-50.59075028481256
28.990000000000002,15.737904513816419,-3.83688521966031,-50.58802374100172
29.0,17.0881260580009,-2.9832513670087693,-50.343645527915236
29.01,18.34581068647035,-1.7951257043812376,-50.07123253709126
29.02,19.5186794437082,-1.1060122397616694,-49.94961172067353
29.03,20.813227412146286,-0.10536435442425134,-49.29754188493022
29.04,22.113582280636862,0.8798522907949371,-49.16545021287763
29.05,23.196520013814222,1.8822497170425327,-48.74806049914434
29.060000000000002,24.217478668475348,3.0335526351171502,-48.07795771808301
29.07,25.254063284433542,4.020224868703735,-47.56488406640518
29.080000000000002,26.284333222868522,4.952539576865216,-47.056191008317676
29.09,27.22258946491646,5.985398958558651,-46.71396244870928
29.1,28.248967676272773,7.078230150927942,-45.929594220469525
29.11,29.125861438499513,7.931971725381289,-45.21888035632138
29.12,30.140686438075548,9.068914296409996,-44.630267743840236
29.13,31.12022829331679,10.125473105836758,-44.05521608903325
29.14,31.694432248320677,11.290460557093002,-43.157000797068484
29.150000000000002,32.40897316016872,12.024017671686902,-42.19529713532312
29.16,33.31166231943131,13.065189505554924,-41.69770986659136
29.17,34.177651526138376,13.934710479724885,-40.77819365038795
29.18,34.643686124062654,15.068499814159695,-40.09131840243213
29.19,35.338281603449886,15.84524028477029,-39.031474074887456
29.2,36.02669009096888,17.026327873090256,-38.293963501969074
29.21,36.587535845876346,17.784222332955025,-37.19078007782749
29.22,37.25265760924508,18.50286918884487,-36.26503568153642
29.23,37.59095723912284,19.46550177692188,-35.185633277701896
29.240000000000002,38.2342012737932,20.257526364283102,-34.22458454288196
29.25,38.559406951558174,21.11462206048042,-33.334418221010715
29.26,39.27650960870201,21.865299203813304,-32.27888930855592
29.27,39.81081935298583,22.527093674372068,-31.01369676399456
29.28,40.342642677437965,23.158230871334748,-30.01888413372831
29.29,40.573624258119594,24.133333377692242,-29.13422504017921
29.3,40.80655879799135,24.485641617375908,-27.999688535468433
29.310000000000002,41.45102610510861,25.389970590825623,-27.014537506972168
29.32,41.883401629570706,25.84827006793275,-25.683298174303005
29.330000000000002,42.21985660093004,26.275986636826737,-24.641455840540203
29.34,42.73006840269983,27.148566026566762,-23.437903388897425
29.35,42.84912061889254,27.502654274559816,-22.258155703316937
29.36,43.235389432855634,27.96732305338074,-21.108237098624397
29.37,43.296533893464876,28.16053983954218,-19.825397141564395
29.38,43.91640909582032,28.63334658545046,-18.62548112558865
29.39,44.337179086341386,29.06687135629083,-17.311326783265557
29.400000000000002,44.683280682190485,29.49290457574173,-16.392642791634128
29.41,45.06490818660369,29.839170279632178,-15.113936610859534
29.42,45.07079197908579,29.974800376530737,-13.870143808837126
29.43,45.50989956424065,30.171715490227747,-12.760511025715331
29.44,45.800123363481234,30.173802750826006,-11.293346808235011
29.45,46.062531201835924,30.42428348414205,-10.391897798181665
29.46,46.34557901321397,30.44566250841595,-8.932051852095874
29.47,46.714890250640735,30.581444967355573,-7.84044059659012
29.48,46.83589684259137,30.53084298420798,-6.688731382414733
29.490000000000002,47.2226675335216,30.700900787251065,-5.329356865872299
29.5,47.48685980002189,30.691210085871074,-4.042056363354104
29.51,47.80698199812139,30.309329873554102,-2.9084207027730553
29.52,47.93175004994866,30.29951918467408,-1.5316058358394065
29.53,48.35012418591806,30.070506471708395,-0.41132761043568433
29.54,48.54439296632168,29.917514531829088,0.8069334739108874
29.55,48.83150925150422,29.573206471036322,2.0147742346295274
29.560000000000002,48.98355241816726,29.27257998843719,3.13112895663926
29.57,49.38416030854596,28.893732359039266,4.408464280480645
29.580000000000002,49.63358661549709,28.578044175416178,5.485843688395374
29.59,49.90377792824042,28.229884519000016,6.65959330510137
29.6,50.33181159528439,27.64764058013985,8.037083171578672
29.61,50.39060982359942,27.05846661711804,8.963784020679837
29.62,50.62137024863807,26.309378193319883,10.114889329261679
29.63,50.83438954682456,26.14937538939398,11.2852186424904
29.64,51.002850694325396,25.42417056102453,12.317457198625764
29.650000000000002,51.405484185812924,24.585587736779587,13.34034617074678
29.66,51.549952880038624,23.84894708566166,14.447532013536451
29.67,51.78125326880295,23.09822524986158,15.45376503766662
29.68,52.001618475439436,22.440922219237645,16.534597383167288
29.69,52.30001893367133,21.5702459532355,17.603994687642142
29.7,52.40118683075631,20.594055122572087,18.656476152185448
29.71,52.43845040088949,19.775817797307734,19.596173738955994
29.72,52.50735281242355,18.72552317727665,20.594379138763877
29.73,52.909658935050345,17.732299645064078,21.527334391391108
29.740000000000002,52.99338117562128,16.51051953104956,22.367231897532957
29.75,53.163648267662616,15.578241935427807,23.412227425750846
29.76,53.17789105387062,14.558824056378446,24.19711632657524
29.77,53.02679747086727,13.223320025881293,25.08253088838739
29.78,53.27180208935155,12.166487789992914,25.8764124494096
29.79,53.30554756462467,10.782407519949365,26.705271084678614
29.8,53.24592694697983,9.57120928459275,27.371241569831426
29.810000000000002,53.17655283825866,8.378463832358973,27.913454258529146
29.82,53.10563792563573,6.950331275983647,28.69547567858629
29.830000000000002,52.99106837005805,5.436594132363233,29.257861765099737
29.84,52.870650899810954,4.268452749898539,29.914712099579436
29.85,52.873827428896334,2.743573272677134,30.406343150312022
29.86,52.58934574064305,1.155065886408579,30.99280149904178
29.87,52.1267477910372,-0.11742991100763914,31.368635548535526
29.88,52.03016496444544,-1.5612157868204954,31.948506723548054
29.89,51.55580074233986,-3.0894717722637477,32.40406864447054
29.900000000000002,51.16883348237138,-4.627600129414306,32.778502835090286
29.91,50.852585755887645,-6.046049196834664,33.201693764393674
29.92,50.49270094279277,-7.9276630085566,33.30767686051378
29.93,50.04949079570857,-9.272305829881036,33.64733645772379
29.94,49.44198339241393,-11.106238390217202,33.83223886351105
29.95,48.85901503360174,-12.599564021163458,34.05468429561435
29.96,48.057630912135714,-14.041306064725088,34.36627551110647
29.97,47.37069140822856,-15.751032745750555,34.29882118813811
29.98,46.47024228635754,-17.32158653125869,34.30086760510094
29.990000000000002,46.05032405770907,-18.898300080416764,34.34455535641028
30.0,45.140359993653824,-20.466813317771265,34.323366566163934
30.01,44.14212163706558,-22.076889870389408,34.32823499162543
30.02,43.17412840609404,-23.4786918308091,34.1569545475404
30.03,42.12953037462652,-25.163546094230455,34.09647925225661
30.04,40.90999629394865,-26.80301148346809,33.7750274245579
30.05,39.87748789159503,-28.041987043110055,33.6020243037486
30.060000000000002,38.63856876393594,-29.73051005680918,33.2382176627322
30.07,37.48824364538156,-31.0824925552179,33.02169476764233
30.080000000000002,36.133583460892304,-32.560396701619275,32.642976979136236
30.09,34.60275581714235,-33.91952214863206,32.269023091015086
30.1,33.19278002911685,-35.396637636526904,31.90639920921845
30.11,31.840788388325095,-36.91040935203261,31.509795970554066
30.12,30.36662656784431,-37.91311358875179,31.018601121939
30.13,28.509155254565727,-38.91583398435218,30.321479004591016
30.14,27.032686560478915,-40.48603791642407,29.667675110619413
30.150000000000002,25.36161586067223,-41.45582566945319,29.07548948968799
30.16,23.44550467040207,-42.104662485306314,28.61054323476742
30.17,21.71426023158819,-43.393132456548045,27.67387489746342
30.18,19.984279434911116,-44.35603398760681,27.455297396049804
30.19,17.904596074511634,-45.27329805654876,26.784618491623643
30.2,16.09048618071316,-45.9683955371964,25.789571091428158
30.21,14.097422994923976,-46.68951247296786,25.10877966486267
30.22,12.194417733339968,-47.2329403707467,24.245357583653245
30.23,10.082800215059764,-47.89312570358157,23.5242539340961
30.240000000000002,7.9553457040628075,-48.56457602696035,22.765446383165095
30.25,6.015135479171082,-48.81308175113909,21.935307849427993
30.26,3.941355523540385,-49.17219909975252,21.21536363930667
30.27,1.8559111619546098,-49.602644062959776,20.42727155554661
30.28,-0.3572354408325388,-49.58788615754638,19.467432281835837
30.29,-2.5063465511856107,-49.674541902676104,18.522528689106654
30.3,-4.55769496928326,-49.685052485160504,17.80887128231863
30.310000000000002,-6.826846358609889,-49.45161749980884,17.10151219841021
30.32,-8.957710261037656,-49.3294468758094,16.40093928739912
30.330000000000002,-11.13566713026661,-48.96821457106647,15.466307030111597
30.34,-13.210588610101233,-48.48825062872775,14.614569109996538
30.35,-15.232724600074418,-48.013842164662286,13.724302249746934
30.36,-17.375116704890786,-47.68682555906834,13.090218252570136
30.37,-19.248012530182482,-47.205287171241245,12.39971694340736
30.38,-21.30577346553833,-46.03967879830513,11.554886572991107
30.39,-23.410235993756793,-45.36723379289367,10.991920875504531
30.400000000000002,-25.421179060712912,-44.40362449809935,10.418753113189208
30.41,-27.221387915790014,-43.47288332163319,9.445393689340655
30.42,-29.13361761994283,-42.271684130862496,8.99931828641171
30.43,-30.88643805854397,-41.08554463690645,8.234811473117198
30.44,-32.83240101582444,-39.805680119470104,7.699051052850222
30.45,-34.37511248658225,-38.61922336753414,7.295302098249483
30.46,-36.069761757631134,-37.14844843030073,6.879974041786778
30.47,-37.657648110449735,-35.67170269085975,6.3488807322320255
30.48,-38.931860358689114,-33.967537591832844,5.8229105103272785
30.490000000000002,-40.53191864806655,-32.32505032789171,5.548926996649474
30.5,-41.816045659299405,-30.6876151447142,4.926685860489133
30.51,-43.161296951912114,-29.145029633488267,4.835416445950403
30.52,-44.362777696606976,-27.176251638911346,4.593108150547131
30.53,-45.401638094420974,-25.46804746068746,4.355516085655356
30.54,-46.20762937875085,-23.51762600012586,4.153039539442267
30.55,-47.26350241296719,-21.67945951607671,4.241227883964067
30.560000000000002,-48.06704085522,-19.643424023952132,4.229994433686187
30.57,-48.721629350068426,-17.618892192158427,4.163328859754139
30.580000000000002,-49.293466918142336,-15.6408323061933,4.183685655056949
30.59,-50.00461275712865,-13.64100970872655,4.341399957600524
30.6,-50.20957844645134,-11.502968733762925,4.454063690655498
30.61,-50.46363843257834,-9.490698490329384,4.621272145155757
30.62,-50.64056974523677,-7.549179734284347,4.971826355230905
30.63,-50.76526790180133,-5.489019766629842,5.321362915231939
30.64,-50.804474474691965,-3.390322746743408,5.5072706268685065
30.650000000000002,-50.71206332926533,-1.2141893126271077,6.025752405112139
30.66,-50.239720830972246,0.8302383225786446,6.499588072785022
30.67,-50.13788302792242,2.8701658429081465,6.958735715602476
30.68,-49.7882844375379,4.923869268584002,7.496380829436577
30.69,-49.08055634359312,6.731307123180399,8.16194238970413
30.7,-48.54936257866273,8.68348542062325,8.62877126088867
30.71,-47.94512670760001,10.446121515189507,9.331438745823487
30.72,-47.0423266114319,12.55385427018444,10.012804281812928
30.73,-46.02882393706625,14.430111176992732,10.637366201209094
30.740000000000002,-45.022984456464364,16.27022840719184,11.55034977274406
30.75,-43.792517725747494,17.831823275696678,12.16369618445329
30.76,-42.63999451189688,19.584992732497405,13.120631679286365
30.77,-41.186294240429135,21.185994892757577,13.76218672115234
30.78,-39.98269213513059,22.637513288243063,14.70961793359035
30.79,-38.67477814576131,23.9932334198839,15.76137423538411
30.8,-37.110852698255265,25.504643741297134,16.66674275635794
30.810000000000002,-35.55550884905956,26.59102982739997,17.321793105767554
30.82,-33.89964307816915,27.88875053552931,18.223220953905518
30.830000000000002,-32.29859787871985,29.344088024149627,19.13596175058095
30.84,-30.63709819334924,30.362329449269797,20.220704035661296
30.85,-28.6998375856244,31.4860704002881,20.89668418901528
30.86,-26.966536375563372,32.458155469872096,21.899548902735216
30.87,-25.21537809100091,33.12202435263117,22.83416234843706
30.88,-23.04086296504963,33.95172966674849,24.024739516876117
30.89,-21.11884209920655,34.64373831886832,24.731488613751687
30.900000000000002,-19.14434040560098,35.2401023690984,25.77405597225201
30.91,-17.01625394579046,35.38566959047874,26.69130115531265
30.92,-14.997929738608033,35.99405269583423,27.64102374741355
30.93,-13.033263324776156,36.44388370039057,28.33758530484484
30.94,-11.069095907439221,36.71759768846455,29.152705659457403
30.95,-8.888700306527392,36.987451377464836,30.054902839065708
30.96,-6.703162043830067,37.039541266398096,30.706785565443436
30.970000000000002,-4.605634264298461,37.092756787123676,31.76583218009363
30.98,-2.449360043689704,36.863235159840606,32.2975367599898
30.990000000000002,-0.3149112436297689,36.71954280270148,32.99733720926707
31.0,1.5948059933136387,36.42758333534532,33.84381938714747
31.01,3.8718062416313153,36.257927649594336,34.462103589281185
31.02,5.920933017495729,35.92545690387562,35.242818649601006
31.03,7.95491537613569,35.627846404077,35.77232442499601
31.04,9.759601740206515,35.13947899373731,36.2535816457386
31.05,11.912803573361176,34.4483950761122,36.68530164975403
31.060000000000002,13.830229305973232,33.88824032293368,37.246677628836814
31.07,15.913021300977102,33.00677835479871,37.736849448387964
31.080000000000002,17.6526616393893,32.06444741074384,37.7646179821575
31.09,19.636752428426544,31.59813842820592,38.29650903207804
31.1,21.450492530232776,30.564322502517214,38.57544926660826
31.11,23.34386159174594,29.777013277840776,38.982215036323936
31.12,25.137361218428893,28.602295760937253,39.08154353783097
31.13,26.978268425064197,27.69049218601464,39.125178647197544
31.14,28.5607744297933,26.6481288497582,39.27629069239896
31.150000000000002,30.273851065290977,25.504807831285895,39.543747929399345
31.16,31.770494806326404,24.43193070515746,39.120184447954095
31.17,33.42075828011522,23.299015427333682,39.14500471156482
31.18,34.67529871390725,22.1934416613046,39.27321388647648
31.19,36.302149943689614,21.026963876041044,39.183269298434304
31.2,37.56687762117262,19.887558650164888,38.80178467672985
31.21,39.19075006096261,18.603538320262757,38.62846536412948
31.220000000000002,40.42176621077497,17.561540675663323,38.379430859570434
31.23,41.60200398925374,16.107342643835523,37.85499113557181
31.240000000000002,42.74192651256651,14.863055026460556,37.64603054701529
31.25,43.94139513858713,13.326528578617602,37.26457404425714
31.26,45.15672609951687,12.235081101495037,36.64578465494234
31.27,45.99869919321403,10.942290488147579,36.21091955677338
31.28,47.202568595443964,9.923753725271256,35.45646720776638
31.29,48.07659623624986,8.357434509054206,34.739409004699816
31.3,48.98419054167015,7.094898548003325,34.39816984489844
31.310000000000002,49.98651289366966,5.875119011579654,33.59873457562029
31.32,50.702637026152104,4.766210697884551,32.93392763911661
31.330000000000002,51.588327974838094,3.3268401880861704,32.031164412496686
31.34,52.53291150986703,2.165283172144671,31.14462349367757
31.35,53.00904347394941,0.986457194666229,30.213171383758514
31.36,53.71739636495665,-0.16486436875685231,29.367857283717882
31.37,54.10466829007812,-1.3003119690118745,28.603465134673364
31.38,54.709357298695004,-2.4942225554120316,27.616459417680293
31.39,55.48477118402642,-3.353440635896572,26.416367093580135
31.400000000000002,55.799910597730175,-4.527882294755384,25.54301127106737
31.41,56.213837967768406,-5.5725732017377165,24.428363903409856
31.42,56.62312266410083,-6.890208525849439,23.16766910533153
31.43,57.087944957322364,-7.446335503203787,22.168231041957373
31.44,57.275672205789746,-8.599903426265142,21.066746742512464
31.45,57.66457852316088,-9.617937710186167,19.967844491576084
31.46,57.84151269018549,-10.347723375834962,18.819253464926767
31.470000000000002,57.94394006116835,-11.127034208075111,17.491923851255795
31.48,58.178061093856094,-12.159901442222907,16.36081391941921
31.490000000000002,58.28146291357454,-12.754484335787945,15.259968516888213
31.5,58.396779454192306,-13.165995689946287,13.778647378384903
31.51,58.50933174815292,-14.17641783574214,12.480139882704105
31.52,58.61084438141373,-14.73089574288805,11.131620964540522
31.53,58.73965782461106,-15.61388057041667,9.749034394108056
31.54,58.595569356670666,-16.042259706619184,8.431166890126073
31.55,58.53475403821772,-16.58347069294291,7.135778463941812
31.560000000000002,58.52579376065869,-17.075940025616642,5.8158143002035105
31.57,58.392074650992704,-17.50409016490927,4.3320008587625685
31.580000000000002,58.420680825031965,-18.06077794234053,3.0191296938351733
31.59,58.1192262949247,-18.312653231965378,1.614440773887153
31.6,57.917214972431545,-18.371473351178597,0.28746644857418285
31.61,57.856775210464605,-18.576182604834823,-1.0811882769845846
31.62,57.6654342898228,-18.90409354873017,-2.5662987541640607
31.63,57.4867074306155,-19.268811185545346,-4.013569683329439
31.64,57.06301193045476,-19.434906821469944,-5.391200999752098
31.650000000000002,56.78986910865401,-19.41390944006831,-6.912476685343455
31.66,56.30611768670056,-19.436767247954215,-8.356824353633098
31.67,56.134429025180715,-19.62991522397055,-9.711574853391465
31.68,55.704323732623116,-19.270772738883718,-10.664980252248673
31.69,55.424862153586815,-19.462836946503167,-12.274781420733502
31.7,55.04060508744181,-19.42743984719952,-13.627784445131686
31.71,54.45167865425808,-19.276318162497613,-15.24190499875309
31.720000000000002,54.093751030601396,-18.861612539463955,-16.30193557937565
31.73,53.559838088926575,-18.906594747799446,-17.79110830435506
31.740000000000002,53.162720678376814,-18.48183626430366,-19.24168672386061
31.75,52.37782130916956,-18.343113321503886,-20.385728886411165
31.76,52.236197690630426,-18.00493392202842,-21.71305624082712
31.77,51.52544155881093,-17.583055562443786,-23.04429885666765
31.78,50.744720551648896,-17.356565490918815,-24.391677402002735
31.79,50.12986966473792,-16.745027086848832,-25.391231188706964
31.8,49.48678200007152,-16.61109835851978,-26.904481962727136
31.810000000000002,48.701327924375235,-15.976291517426617,-28.22351839478937
31.82,47.97947143869719,-15.374839315260841,-29.42920142758633
31.830000000000002,47.27584370211855,-14.923081554750231,-30.33201204869969
31.84,46.432791617334416,-14.2317610027785,-31.619498816310667
31.85,45.56966809249566,-13.772855790376267,-32.763040322244535
31.86,44.684270593225726,-13.178447891806162,-34.03082028494292
31.87,43.76334807263934,-12.54719876616766,-35.05488885414933
31.88,43.141100091760215,-11.916672333664142,-35.98265866156702
31.89,42.0943269418342,-11.329218372237113,-37.07876309729001
31.900000000000002,41.01395999275399,-10.539366896946797,-38.117141732670966
31.91,40.08327822088986,-9.831860744258455,-39.02433834449445
31.92,38.956337053878364,-9.361816490328133,-39.980481945003596
31.93,37.9002451266225,-8.460061555801904,-40.881345032548886
31.94,36.82457641908036,-7.692026241260033,-41.740160311760405
31.95,35.599301872533246,-7.196055846786661,-42.49541353667958
31.96,34.58245968275336,-6.262017718520234,-43.29881579318556
31.970000000000002,33.27677815164161,-5.574563991096554,-44.00595431444464
31.98,32.1318643631714,-5.081916173958775,-44.84469465933819
31.990000000000002,31.04233394637084,-4.313045934772611,-45.40719307565455
32.0,29.527299964281138,-3.71446772295137,-46.23698973423184
32.01,28.318846039445734,-2.8957419906238955,-46.79135053798783
32.02,26.774555598356166,-2.2866248389844746,-47.41398286626348
32.03,25.5045285008246,-1.4348364080824665,-47.61422440640065
32.04,24.307033022410895,-0.9443527300250287,-48.37997161972374
32.05,22.734471370763863,-0.25677611950360857,-48.79944693173829
32.06,20.985603453482206,0.5061316459470656,-49.14565911118881
32.07,19.704040902070076,1.126118277507056,-49.479637721714624
32.08,18.107721970717712,1.714593883878953,-49.84207126878849
32.09,16.582371688033586,2.224459593854555,-50.19292300962537
32.1,14.918334667251386,2.765430932732967,-50.413866082014735
32.11,13.228835257075634,3.244723470896192,-50.51507434232606
32.12,11.800836821216885,3.798589414188352,-50.87645586095393
32.13,10.050358374739716,4.355925237791718,-50.8657000577776
32.14,8.401169713488112,4.5843200836759195,-50.98495899630235
32.15,6.660997846177838,5.074057889829057,-50.9629232519458
32.160000000000004,5.054694406796622,5.484449943364162,-50.804287173572405
32.17,3.4124191249017897,5.587851223167242,-50.60931337407901
32.18,1.6139824222347028,5.687403339981064,-50.480547284172694
32.19,0.020505019907325506,6.061412648395582,-50.4122794466084
32.2,-1.9733112672555786,6.124524523840081,-50.31236420631976
32.21,-3.7947663709064403,6.132722635482986,-50.03715973187286
32.22,-5.4351003372612965,6.5533529167713045,-49.58145767564731
32.230000000000004,-7.202312352746823,6.418474876221131,-49.264067583219955
32.24,-8.999087685871196,6.548923193044372,-48.66103591752008
32.25,-10.572412610837153,6.398604952705497,-48.334672655866235
32.26,-12.225839488171035,6.051095309928367,-47.81285583875836
32.27,-13.971303721047134,5.91529491841579,-47.24083618168683
32.28,-15.785006752860168,5.761039227833606,-46.93699408696165
32.29,-17.413599071686185,5.397826808080416,-46.16075403672088
32.3,-18.999603121855145,5.167608420878351,-45.566213283231654
32.31,-20.729275776151027,4.475495770940315,-44.52498294125034
32.32,-22.25661661015124,4.053047413348263,-44.09151725854834
32.33,-23.64604730902743,3.511621518371847,-43.04143016200705
32.34,-25.282427844848286,2.8284193210395885,-42.4739674521359
32.35,-26.6869730238948,2.0318263987425627,-41.60454304295978
32.36,-28.06474206702441,1.2057544881060642,-40.88006685677534
32.37,-29.419885602045316,0.49145200921149834,-39.79963815821151
32.38,-30.65394751001954,-0.30147480604412247,-38.87622209520513
32.39,-31.957739077534022,-1.333074104278814,-38.18318853745654
32.4,-33.32049120399479,-2.2566608688866063,-37.12290456497655
32.410000000000004,-34.28248214864224,-3.202064724999407,-36.2937829607558
32.42,-35.2475490497928,-4.376010357230426,-35.0669286477379
32.43,-36.1823780929317,-5.236688729830217,-34.06675524821857
32.44,-37.09549846029383,-6.699511776850628,-32.98769288021459
32.45,-37.84475929905648,-7.716190021624221,-31.76153779001399
32.46,-38.55645589882954,-8.975798155118527,-30.951282823133443
32.47,-39.20620410791418,-10.22078149106782,-29.575403063726654
32.480000000000004,-39.673707390086754,-11.686129042279742,-28.545291102320412
32.49,-40.303055877301894,-13.145320307219809,-27.60363538437642
32.5,-40.67355835976532,-14.41864413082987,-26.514950959851003
32.51,-40.9813579544615,-15.679868222686979,-25.583829360068773
32.52,-41.06362036658533,-17.30440949795662,-24.505800944243617
32.53,-41.01949129618809,-18.724991742415085,-23.33328241436704
32.54,-41.185861188137245,-20.358394737747176,-22.1398505226059
32.55,-41.06824271426245,-21.75202920498863,-21.215406965279854
32.56,-41.002696955872345,-23.158912953250333,-20.02574733775196
32.57,-40.55907407499831,-24.6987336974124,-19.003427179706456
32.58,-40.067596008128206,-26.277341560940396,-18.191338381124545
32.59,-39.48497532256093,-27.86409622851868,-17.026384396639777
32.6,-38.85075919220886,-29.174661442080946,-16.111706039899673
32.61,-38.0463655284122,-30.746021431461777,-15.084501372183022
32.62,-37.40196856998531,-32.36223827594304,-14.092725121721235
32.63,-36.481456178086646,-33.54204464705465,-13.300286933277839
32.64,-35.393324322731374,-35.08438749520572,-12.57137911087579
32.65,-34.277216935809136,-36.39497219419546,-11.489720957353937
32.660000000000004,-32.91543188551895,-37.578479989779055,-10.871967736986969
32.67,-31.868122280340092,-38.901669913048664,-10.161669707175456
32.68,-30.529057372398423,-40.162392501342055,-9.39624102316678
32.69,-28.748312841534062,-41.57418761251202,-8.591012919741535
32.7,-27.26424332181506,-42.721152798696366,-8.069594608308819
32.71,-25.768702122168538,-43.77667115948701,-7.498062286927095
32.72,-24.058877264055653,-44.94234193214031,-6.763943569699409
32.730000000000004,-22.231307331389985,-45.82077037644152,-6.21448143969884
32.74,-20.301390692250596,-46.602921215386985,-5.764088158510736
32.75,-18.49949742196587,-47.55922837614713,-5.404625588792879
32.76,-16.57808279347826,-48.42945137857215,-4.979902748245448
32.77,-14.578462298679444,-49.12277630215668,-4.67474516155724
32.78,-12.603789819176205,-49.84175912688145,-4.281470032827988
32.79,-10.447047045073813,-50.28409836470077,-4.0556388860863075
32.8,-8.24171660200382,-50.7596540125018,-3.613428370438261
32.81,-6.08373157037612,-51.33803131186253,-3.5712053987656183
32.82,-3.932409028324731,-51.28523075148949,-3.459389122135639
32.83,-1.7579609213897458,-51.777412893386,-3.384247798314102
32.84,0.686709911192741,-51.8162343379391,-3.2619578599400456
32.85,2.6862618876414484,-52.09383850129768,-3.5289000841170246
32.86,5.20843776339654,-51.786832678832994,-3.754637861611375
32.87,7.000707252090406,-51.80948823229209,-3.5982835469402743
32.88,9.44311914402724,-51.615876399952384,-3.6536259566147073
32.89,11.841746182572031,-51.29084503234802,-4.030684664922884
32.9,13.94952838304175,-50.96015976546497,-4.138725566013417
32.910000000000004,16.201051696268177,-50.55767185451796,-4.462442465456098
32.92,18.41089964886343,-50.11770738746163,-4.884346456665787
32.93,20.658128747835747,-49.362078643772634,-5.334197875392935
32.94,22.395269955934396,-48.86725033217758,-5.664929542610461
32.95,24.645399846157453,-48.276458894385875,-5.9635164558530205
32.96,26.64308755891073,-47.39122590132396,-6.493687057198762
32.97,28.520302894257362,-46.210758917056694,-6.873452111688533
32.980000000000004,30.279549887509607,-45.420851358724,-7.295152286624657
32.99,32.44256917959991,-44.324405831082075,-7.950294017652804
33.0,34.04010214399638,-43.33102821042693,-8.586826217040523
33.01,35.75522109128402,-42.26349898130878,-9.024483327078702
33.02,37.26430365861089,-41.13203205649881,-9.708536061862521
33.03,39.02483623030095,-39.841788162637165,-10.335231142564616
33.04,40.58981559584342,-38.5214826804638,-11.111579509835027
33.05,41.702672284420544,-36.99872139257198,-11.757953393704527
33.06,43.277405716759766,-35.800055539398,-12.577691257101598
33.07,44.444944490415295,-34.20615328636401,-13.10658013703056
33.08,45.413945967791065,-32.89437033751098,-13.86491107902621
33.09,46.70003210169751,-31.4684134215097,-14.659389986752107
33.1,47.645405707490475,-29.940728732194444,-15.432516167631041
33.11,48.50766013311754,-28.330038875262723,-16.17405998150867
33.12,49.40021117655839,-26.920300958784146,-16.971886173135246
33.13,49.977622600721105,-25.255790612046578,-17.810190324254542
33.14,50.76947977158093,-23.668327953279093,-18.600217332902268
33.15,51.288908200725025,-22.00695709283145,-19.25383992927734
33.160000000000004,51.75568144566303,-20.51484931519029,-20.130777710992575
33.17,52.174668764839296,-18.890143487531077,-20.840829710377896
33.18,52.474389934045874,-17.314856745551086,-21.515416306989373
33.19,52.8536208043684,-15.738987913817033,-22.379538700396647
33.2,52.53555558063253,-14.141289486060499,-23.06863191073413
33.21,52.79138631568808,-12.821268347109886,-23.929428174687796
33.22,52.744920458575365,-11.274360012268227,-24.6026344732157
33.230000000000004,52.642588405041415,-9.557206672621211,-25.39208636632628
33.24,52.4969733380718,-8.10082980285645,-26.009310542487942
33.25,52.199003556683465,-6.628404007105604,-26.83291984513524
33.26,51.888311756641365,-5.216830148447998,-27.744068399523503
33.27,51.55646684436793,-3.941098735459612,-28.37514863847099
33.28,51.248029794446616,-2.4257179487953295,-28.979923378530334
33.29,50.683712827860425,-0.9054220662586052,-29.64729492669854
33.3,50.034110705935554,0.2939823165804615,-30.42825111775145
33.31,49.428928475731894,1.4614292496920338,-30.923999603795625
33.32,48.524845984225685,2.719860199457309,-31.731925471727493
33.33,47.88939398033232,4.03586926139506,-32.33649311466523
33.34,47.329582180863824,5.151569132695374,-32.92227848589953
33.35,46.277284844112664,6.331370776458149,-33.58108264864174
33.36,45.55768641307924,7.361611679365999,-34.226980999136835
33.37,44.37406337274588,8.516537725361848,-34.60401759716627
33.38,43.556994788269364,9.26928352661455,-35.32763547897003
33.39,42.73341037487433,10.296253075649645,-35.62223239003197
33.4,41.626624498862135,11.084346687928608,-36.35307869129191
33.410000000000004,40.8139596639726,12.049847168541973,-36.88625322905435
33.42,39.586789031977965,12.917908243771647,-37.150878456769085
33.43,38.61944249545309,13.701227309376014,-37.77554123782063
33.44,37.71557462557389,14.418815168511017,-38.188629035529424
33.45,36.476667008027846,14.98652911656677,-38.600341770425324
33.46,35.500343263192605,15.639765467199403,-39.21911849855037
33.47,34.35344642192402,16.296223013952204,-39.50171493131381
33.480000000000004,33.06491135642969,16.762515885543376,-39.81197443245993
33.49,32.156799251506,17.35257451936089,-40.237395980659954
33.5,30.943753096423844,17.60020422585502,-40.80285519213057
33.51,29.877419142643404,18.252331227305902,-40.999746732570365
33.52,28.91707913416373,18.338644240782585,-41.34651125675877
33.53,27.74489461216288,18.814599647084986,-41.59412444220125
33.54,26.549176365502724,19.07125578120552,-41.91404825053228
33.55,25.42017223916476,19.374235836964196,-42.428844491617
33.56,24.27897112013161,19.573778705129765,-42.65904492724769
33.57,23.337581992426845,19.722952949709356,-42.980960550149014
33.58,22.115249247686545,19.909107377438268,-43.11808620707516
33.59,21.239364348893098,19.950855103540427,-43.572636700116455
33.6,20.19213542747987,19.947344383099875,-43.6787611903022
33.61,19.170150031233533,20.282377414241257,-43.815184462793795
33.62,18.134258312015774,20.018476447900735,-44.28159708782315
33.63,17.127568268329156,20.055203377931118,-44.592639279249696
33.64,16.47079884933849,20.035727052732707,-44.631412558908046
33.65,15.439099542366272,20.13477572909776,-44.76927962731704
33.660000000000004,14.532264267848737,19.932475104134625,-45.0707855063764
33.67,13.70520346963633,19.711422045693727,-45.34948799987634
33.68,12.91259241225929,19.754226372086254,-45.57153847123763
33.69,12.020689268048526,19.173167349237467,-45.625846986887176
33.7,11.169660454381047,19.54643253268978,-45.87814781381186
33.71,10.441322691481814,19.07917233459978,-45.83128822325696
33.72,9.697600466357626,18.88990564025371,-46.23902448944353
33.730000000000004,8.917137147616476,18.559300961233866,-46.245450504471634
33.74,8.405036058686775,18.563749400419958,-46.51069488876754
33.75,7.715603944152968,18.111678286997623,-46.7236063528084
33.76,7.128626110606578,17.715454243739156,-46.772220969829036
33.77,6.257164252013479,17.793200027001234,-46.96866857372427
33.78,5.881842702394054,17.37853485916412,-47.06622033295252
33.79,5.26803726640217,17.071422555285903,-47.27406737344433
33.8,4.7712341407247285,16.54466144471742,-47.15378792055472
33.81,4.347591769565887,16.534221405667374,-47.483896930676295
33.82,3.997092084282,16.195251385913753,-47.53453421962071
33.83,3.3533437530795913,15.65837327140533,-47.720941325628544
33.84,3.031430072086237,15.598631618377023,-47.75724142701953
33.85,2.4816981216123715,14.984630509922713,-48.10049892369693
33.86,2.121824319492801,14.718983581330498,-48.09194093192819
33.87,1.909792404597527,14.500417845733828,-48.277512176558936
33.88,1.7365274626941083,14.007202987013995,-48.246654502783834
33.89,1.2404896452642706,13.697517917051782,-48.51707010779574
33.9,1.2561524126651662,13.291796583440092,-48.40281805931561
33.910000000000004,0.948226509201557,12.832940500575123,-48.665474668214735
33.92,0.7251727743273664,12.441251705869751,-48.80157153906779
33.93,0.6961427988425946,12.142820508312637,-48.83343739238176
33.94,0.5456900261509217,11.810977220985633,-49.106570623313004
33.95,0.45555178002452434,11.327682928910127,-49.24397497514119
33.96,0.11255366193987264,11.202749181750203,-49.329696169524084
33.97,0.01934734860092574,10.559033034859185,-49.36440949024911
33.980000000000004,-0.052165706070200525,10.22213792360076,-49.42152056626276
33.99,-0.03859284410811324,9.92092869890461,-49.7671444000578
34.0,0.07913716692162995,9.46577381749804,-49.78960759509215
34.01,0.05222816815216805,9.14868568502349,-49.77844945426036
34.02,-0.022592049478408614,8.771865144662803,-49.94328442934704
34.03,0.17314277200622197,8.252155618553179,-49.96155823399553
34.04,0.07834850803170322,8.044082667123558,-50.13115015298788
34.05,0.2519753517129614,7.638080956888943,-50.00556989174713
34.06,0.44635819044837044,7.1691149003772265,-50.34020786951697
34.07,0.5147942188685719,6.660356617744088,-50.29100229436319
34.08,0.5735408669817399,6.104626380100265,-50.4230223979885
34.09,0.7715414565815018,5.864919800336118,-50.759516116800675
34.1,1.0486332029482965,5.594533139571682,-50.55358741591997
34.11,1.0421144881628588,4.941043143456109,-50.76474550790113
34.12,1.3403581278765924,4.6737705647550225,-50.658458109635106
34.13,1.3837860183931678,4.3345060366624875,-50.8944708788371
34.14,1.6961511954059534,3.9033990068609294,-50.99041883012891
34.15,2.01987189860313,3.4808743954663313,-51.25504998702805
34.160000000000004,2.3787927694854556,2.831836374010428,-51.150954125563054
34.17,2.4998145161995766,2.5789844795191526,-51.14427312429682
34.18,2.7671709267721027,2.106904744485447,-51.30062068136171
34.19,3.064171532947916,1.621753623923735,-51.26970235822993
34.2,3.3188031071675193,1.1727348959266226,-51.37143745037935
34.21,3.6934453408037826,0.8719457769820654,-51.45516947584419
34.22,4.092015569944812,0.3498221269589,-51.34196540472152
34.230000000000004,4.312496534054688,-0.26994724283888216,-51.466486123736765
34.24,4.663113020431608,-0.4895335992035622,-51.549762824667994
34.25,5.02719737545619,-0.9849853803564191,-51.388673473411586
34.26,5.2075736453541,-1.6290246664074113,-51.3626617372557
34.27,5.646619918380034,-2.155575331607367,-51.69304884856605
34.28,6.134936610396575,-2.6155106526474405,-51.55027920838117
34.29,6.38896788287096,-3.1405690178767562,-51.569949447516656
34.300000000000004,6.775089329413652,-3.5982346973927384,-51.45339075669536
34.31,7.184863326957453,-4.191591212075558,-51.36070472757324
34.32,7.58188359164871,-4.59990027278393,-51.450534366704446
34.33,7.60285054062208,-5.308595061915024,-51.307756892646864
34.34,8.273016549976584,-5.753408286815062,-51.42418632719719
34.35,8.461979379155563,-6.648860871523814,-51.22941534649475
34.36,9.086307866680183,-6.96973332270882,-51.087697772478506
34.37,9.178446780904437,-7.689643135332031,-51.207474018326664
34.38,9.479851528251025,-8.2991821095085,-51.00348528476266
34.39,10.126297105279196,-8.794975437771953,-50.946930788111196
34.4,9.956926800909297,-9.32215805340741,-50.7252914070908
34.410000000000004,10.542082052118987,-10.068399565315572,-50.61377672530968
34.42,10.809440649007618,-10.854629184160197,-50.418461847904794
34.43,11.139053069250439,-11.4723893492562,-50.10499739975114
34.44,11.559933798515337,-11.865789663948334,-49.954661394265706
34.45,11.843636358589032,-12.733173833575336,-50.04775319027158
34.46,11.95101511347553,-13.600047311694425,-49.800322045307226
34.47,12.278091372941923,-14.191028592162613,-49.412479219187745
34.480000000000004,12.46689007308356,-15.104962050303444,-49.29259843391486
34.49,12.463538048685242,-15.48242616349819,-49.219885633940706
34.5,13.007054599876,-16.210421242922475,-48.988395383987225
34.51,13.018822663881371,-17.16894652893769,-48.48759270079431
34.52,13.125741637708177,-17.73583700773685,-48.17696620566626
34.53,13.30740747732661,-18.576626921246543,-48.03410617126638
34.54,13.247121575722742,-19.217920083601882,-47.54731453733403
34.550000000000004,13.262943662368919,-19.947159452768062,-47.20676126380242
34.56,13.404238285869203,-20.771888152837445,-47.011119020345404
34.57,13.32401572904233,-21.50757027916176,-46.7865327291559
34.58,13.377008595696736,-22.274909006458213,-46.32908590104773
34.59,13.38699155347204,-23.08783137584544,-45.86290654967263
34.6,13.252431466849377,-23.772335082202794,-45.58049111770679
34.61,13.20597290094267,-24.610742290316814,-45.055639820087514
34.62,12.960384688644075,-25.38058847720246,-44.73884955917257
34.63,12.839566830948955,-26.202742149703624,-44.30072112994148
34.64,12.83490832198607,-27.063657722762073,-43.79378061100776
34.65,12.423265102005935,-27.659523954155976,-43.58368094077958
34.660000000000004,11.948468089098595,-28.35284289497831,-42.99220034836474
34.67,11.667269628171917,-29.12383163895507,-42.44907224592921
34.68,11.33978059637657,-29.828508118508577,-42.00025839281485
34.69,10.998312858640503,-30.643596510541645,-41.53500038495229
34.7,10.462367232723361,-31.337954660070015,-41.063391029796946
34.71,9.94249484937429,-31.860823258979586,-40.714708141634894
34.72,9.418118991873952,-32.87442038653842,-40.01414798311933
34.730000000000004,9.08452153605685,-33.35407277785375,-39.5888962885233
34.74,8.38940955694253,-34.030167919098716,-39.129739633036124
34.75,7.702223810944124,-34.460683022741065,-38.73640245089529
34.76,7.105611417869373,-35.155196780295555,-38.03306506051192
34.77,6.5159066854690115,-35.7533239544596,-37.60683885696555
34.78,5.8669624683937105,-36.33558614215794,-37.07517669069096
34.79,5.047712280728423,-36.654341189770655,-36.71769521099977
34.800000000000004,4.038626391848182,-37.24529999364789,-36.158770345132154
34.81,3.265953560749044,-37.510748793310476,-35.654130304642
34.82,2.2182264608552504,-38.03906635624799,-35.09034187970554
34.83,1.353604711992192,-38.42053897574299,-34.615877504685464
34.84,0.5683617155157848,-38.80975461905847,-34.25805502583744
34.85,-0.2458718241207171,-39.03356762504294,-33.82644778758462
34.86,-1.2247281415511888,-39.274679070488084,-33.3844846474512
34.87,-2.363505537391244,-39.65422317011879,-32.82493069422675
34.88,-3.252935508700696,-39.85966831056625,-32.59730372877218
34.89,-4.2054715137069305,-40.079851128307254,-31.834024426938015
34.9,-5.2425814637679515,-40.080320299736165,-31.518034957412436
34.910000000000004,-6.413896753138025,-40.10633901046391,-31.203603697899783
34.92,-7.458909080407361,-40.10124240067355,-30.733842049936847
34.93,-8.53755768972725,-40.30289771309387,-30.528378595749764
34.94,-9.699708252146458,-40.065765187605656,-30.007927073098934
34.95,-10.567031208502039,-40.10555327075117,-29.87559088552064
34.96,-11.721862431427839,-40.051356726570084,-29.633766628542013
34.97,-12.6685978908394,-39.660252099191794,-29.481156401788176
34.980000000000004,-13.878118651060092,-39.45921968125063,-29.285037728533045
34.99,-14.70820163787187,-39.13340183459806,-29.12986827927651
35.0,-15.73043195893359,-38.81494453218737,-28.818903029594438
35.01,-16.948052589265497,-38.54728304617868,-28.935455528535982
35.02,-17.71831231614013,-38.136482122735536,-28.62236683059625
35.03,-18.96565087478261,-37.696693461655514,-28.63522342155295
35.04,-19.754484673505438,-37.528195869389556,-28.534121663020954
35.050000000000004,-20.838423428773496,-36.673455866300785,-28.493246616133636
35.06,-21.748979002142192,-36.33408810218746,-28.50807343122223
35.07,-22.572791367638445,-35.63204274758289,-28.521077274149974
35.08,-23.423509591057154,-34.95342279985497,-28.554933147659167
35.09,-24.177293516567808,-34.43003990714898,-28.80309186254417
35.1,-25.018745755618838,-33.55934353709083,-28.85989805636284
35.11,-25.891150609270984,-32.92934577827647,-28.931712601054798
35.12,-26.559580014476424,-32.3626274392524,-29.336718633974048
35.13,-27.187099585329708,-31.351842929901157,-29.269468710291502
35.14,-27.716508441701567,-30.6323028291566,-29.72477566663472
35.15,-28.321314253229378,-29.88755609972913,-29.975084908839243
35.160000000000004,-28.918392791678894,-29.06239428804998,-30.239031623611943
35.17,-29.228468452661467,-28.52521533176511,-30.747258695476997
35.18,-29.517541541803332,-27.584292858595074,-31.0613304086258
35.19,-30.02973493756644,-26.543029368204902,-31.256230411065133
35.2,-30.227317681315007,-25.726588999582404,-31.660708916915887
35.21,-30.45271703556562,-25.08102356724543,-32.03490809684581
35.22,-30.661679100455007,-24.190104386744913,-32.51540770425953
35.230000000000004,-30.80752848279367,-23.22951692931431,-32.80475036855333
35.24,-30.896065106338142,-22.388223949689888,-33.381820401074016
35.25,-30.731419703848783,-21.476775632377837,-33.821002995093636
35.26,-30.799067189700434,-20.786476270778312,-34.44173209419997
35.27,-30.495663245861444,-20.006919185961408,-34.86794790582019
35.28,-30.62230186074715,-19.102060637022685,-35.482163325038265
35.29,-30.205423301867484,-18.46967122622966,-36.049368267766624
35.300000000000004,-30.086438332628774,-17.746601732439114,-36.86325192447817
35.31,-29.83386808151883,-16.777633833993715,-37.37980240488456
35.32,-29.191052920654137,-16.222244520799585,-37.79301049519118
35.33,-28.828491711215968,-15.405659416491591,-38.5169288149231
35.34,-28.48955113240197,-14.834171256676665,-38.91542221707354
35.35,-27.680293025802598,-14.212829187731737,-39.4859236095198
35.36,-27.05942845015834,-13.647588718432527,-40.17150398855204
35.37,-26.42607514457789,-13.093323083880145,-40.71265647079536
35.38,-25.825309505889248,-12.506219206339276,-41.363102205880054
35.39,-25.166270092836758,-12.189622774012012,-41.98308648658919
35.4,-24.466173986128474,-11.731775736168386,-42.43392360044058
35.410000000000004,-23.407804632142653,-11.42309687054025,-42.90714974745624
35.42,-22.60469266569949,-10.781732748923986,-43.68976875099893
35.43,-21.80809324660144,-10.70880286605519,-44.279329971517676
35.44,-21.02856712021495,-10.356930445769729,-44.621193959114514
35.45,-19.7889326022381,-10.316439675504917,-45.087080493854074
35.46,-19.17656828618831,-10.026930089367923,-45.68466677517239
35.47,-18.13440399028122,-10.068119192814047,-46.234227524535406
35.480000000000004,-17.063610356818323,-10.009528708165197,-46.631443902462344
35.49,-15.90354683375673,-9.880414385995637,-46.89780799307977
35.5,-14.962869955508799,-9.86915910529609,-47.30143045129158
35.51,-13.922093690600235,-10.034696546866446,-47.63630655709853
35.52,-12.887315263549372,-10.134374680834673,-47.904880036937406
35.53,-12.137346290553042,-10.097757859171573,-48.56431564355753
35.54,-10.829756941768805,-10.566637893431482,-48.616010735584034
35.550000000000004,-9.488570212329181,-10.704425043464195,-48.86574441182878
35.56,-8.589877069677614,-10.930079757153498,-49.043745332269324
35.57,-7.545511899222374,-11.334113186977486,-49.28335600657486
35.58,-6.347921700393147,-11.737887331413567,-49.336516988908684
35.59,-5.442024598315546,-12.096592103577652,-49.5992781138645
35.6,-4.45142012077673,-12.555194288965458,-49.527950912223176
35.61,-3.5090823029950786,-13.09400053935486,-49.77886989624069
35.62,-2.2171957904463007,-13.556375441764029,-49.7594761269179
35.63,-1.272599163748504,-13.98154092118607,-49.62112627706843
35.64,-0.4040164639004157,-14.588231131660569,-49.73910298447571
35.65,0.6314668896745891,-15.380046802164703,-49.38824684239665
35.660000000000004,1.5298014845551409,-16.16201012672478,-49.227116332370386
35.67,2.5875424520982606,-16.73230096616687,-49.334254010866985
35.68,3.3925692143041255,-17.392406015805513,-48.75539523700667
35.69,4.381232567543756,-18.129946892091525,-48.979948565860454
35.7,5.293447310281063,-18.809758071455562,-48.6540673155657
35.71,6.010896502247384,-19.63977763576252,-48.12697174637458
35.72,6.744231746792254,-20.335042040631336,-47.9116519367979
35.730000000000004,7.62105988669051,-21.384078200927124,-47.47279026485212
35.74,8.17098904105015,-22.107887112663096,-47.01828634417335
35.75,9.030088861670453,-22.936675190206888,-46.38999905753756
35.76,9.838761908375853,-23.764708150361262,-45.815040351632526
35.77,10.34503206496938,-24.614143533594888,-45.57464781837728
35.78,11.0393840599923,-25.289544632530625,-45.01752826516668
35.79,11.645477172599131,-26.173569630820104,-44.448507410532116
35.800000000000004,12.108341456133465,-27.195156437811356,-43.9328745359607
35.81,12.761270281646873,-27.851855626714244,-43.15264464193536
35.82,13.195467927822216,-28.911640994952588,-42.388527552725705
35.83,13.600764424538783,-29.77865448112579,-41.84222543515482
35.84,14.19497166335467,-30.488579928688786,-41.266772953737146
35.85,14.51554505545838,-31.412536940121853,-40.31455300250747
35.86,14.796207413555535,-32.22201544558359,-39.45486742684799
35.87,15.17173660592818,-33.221088506666696,-38.86792074373169
35.88,15.847783491548435,-33.77928933125448,-37.93666002496565
35.89,15.853297344989237,-34.654421847720215,-37.059449566874726
35.9,16.326165310710433,-35.67862233120229,-36.1881752721923
35.910000000000004,16.344350901032634,-36.36472200893003,-35.25418390294539
35.92,16.666354030405373,-37.17440818526128,-34.36737757981892
35.93,16.766844979442954,-37.758703859216766,-33.51548409828496
35.94,17.06964912660484,-38.57296062575079,-32.46936709867292
35.95,17.035533056084407,-39.46737907876775,-31.547007900046943
35.96,17.215926831858795,-39.94568425956139,-30.42168192230953
35.97,17.2830272186047,-40.8095600640212,-29.41020208298042
35.980000000000004,17.264784763046134,-41.34043352957151,-28.510002987403727
35.99,17.527758293952697,-42.04325784633409,-27.44948550431307
36.0,17.416751490331073,-42.84204810815361,-26.415004537133076
36.01,17.44155165083077,-43.53548149428016,-25.31880035043031
36.02,17.467975195360925,-43.95373445682907,-24.323037965252734
36.03,17.75275365639554,-44.644607348873095,-23.10163474281441
36.04,17.870471311015102,-45.19274535303647,-22.318689832364537
36.050000000000004,17.49685358363745,-45.5177036278451,-21.030627915388855
36.06,17.60774728477107,-46.085967591992585,-19.821168282805495
36.07,17.354490264108584,-46.599467149490486,-18.818736731723444
36.08,17.19194696297106,-46.96554164340699,-17.891148821077806
36.09,17.343799792846397,-47.52890382665172,-16.504119560312457
36.1,17.0820121829103,-47.91553959085303,-15.538501637045785
36.11,17.01311207344656,-48.131154615647894,-14.376775406726292
36.12,16.958360142767308,-48.37524955519102,-13.126411635952772
36.13,16.881013627309795,-48.896712975690185,-12.149883237457766
36.14,16.937830847536247,-49.183726741313606,-10.999653394945968
36.15,16.686630897414403,-49.670519080679995,-9.798253277899814
36.160000000000004,16.640451541063808,-49.98001458610678,-8.639472943350949
36.17,16.64628092887821,-50.14459563378259,-7.527001451220386
36.18,16.331110925411878,-50.21095766288408,-6.110136388386228
36.19,16.160039048382835,-50.4469051969444,-5.042923348779249
36.2,16.378363104104416,-50.65525463379021,-4.018561797868368
36.21,16.125801901645715,-50.75050324695665,-2.8656399771519565
36.22,15.966171287713767,-51.026126713538034,-1.7438768165243475
36.230000000000004,15.997519314049425,-50.98257922179956,-0.5484937580084775
36.24,15.624178346098619,-51.07167739339177,0.47615220023999455
36.25,15.84048966318299,-51.17108400880429,1.6216652533459766
36.26,15.656011971344146,-51.22687946653507,2.746461836694955
36.27,15.416186035336418,-51.28587836931804,3.9833194688800475
36.28,15.438308965730432,-51.216078759459535,5.127834937051158
36.29,15.53836396010639,-51.16141357872665,6.113722389468224
36.300000000000004,15.244772384085445,-50.980286647768274,7.302846276684892
36.31,15.339145797660603,-50.95081591794553,8.47037161108248
36.32,15.137313930707045,-50.76605675374677,9.44148327284222
36.33,15.037195735045456,-50.47949426678164,10.536277988983318
36.34,15.02083366984117,-50.653013203759755,11.72994471643648
36.35,14.861187054815296,-50.47998153929799,12.691852372218284
36.36,14.875263830908688,-50.16791145773775,13.91646966345153
36.37,14.86370942511367,-49.88032720666703,14.89332513519894
36.38,14.840385783629106,-49.79157278240669,15.903621375924104
36.39,14.669987617364074,-49.520815417295545,17.105139958605637
36.4,14.410390209741204,-49.02462957684929,17.817401479608527
36.410000000000004,14.853192711720457,-49.001000562548256,18.839615172135613
36.42,14.399250802574398,-48.483428756969666,20.17970634113142
36.43,14.598465099323835,-48.17698132810526,21.07700069333246
36.44,14.48041074165859,-47.90273579095913,22.157806999027933
36.45,14.74559854054442,-47.44965144520598,23.199896122665674
36.46,14.469498155984207,-47.08110346951472,24.138153296403175
36.47,14.666714343752295,-46.531939669043894,25.14606592465288
36.480000000000004,14.681321290229713,-46.34331238787573,26.148436376701255
36.49,14.443985992714234,-45.86018569475285,27.0948217047983
36.5,14.470769904524001,-45.304401354615564,28.03782738583765
36.51,14.560316732683898,-44.59199205116893,29.13240103020831
36.52,14.509754106801562,-44.10531556534042,29.776876743910446
36.53,14.598844174961506,-43.71693607089301,30.74994310648829
36.54,14.704506960145972,-43.100439107421835,31.84512972543953
36.550000000000004,14.763100202780066,-42.694373095202934,32.66902193819866
36.56,14.586272847320874,-42.1775571214978,33.42416856817246
36.57,14.589143788235626,-41.50553000236616,34.33831885132177
36.58,14.623882571442827,-40.91004735715443,35.11184716567026
36.59,14.56616498462603,-40.28589231163188,36.071354009921166
36.6,14.740103571470186,-39.483241780463,36.78661450384776
36.61,14.692778197902685,-38.83628844287763,37.56085693894495
36.62,14.552671145982533,-38.32962912759873,38.63509662025459
36.63,14.532968499212895,-37.54769542518278,39.35701930278782
36.64,14.674200661702182,-36.73843005713024,40.206884214666395
36.65,14.347143643783179,-36.21066607437992,40.928993062999076
36.660000000000004,14.300958813449652,-35.4647260254315,41.53985125100588
36.67,14.563182429657537,-34.693724037578306,42.17354509015539
36.68,14.455120056228354,-33.9203680257376,42.89578414054608
36.69,14.221820155383956,-33.306592694045676,43.44820400083168
36.7,14.224450971605108,-32.44781492646376,44.35224584078084
36.71,13.99842722127347,-31.251881073538733,45.062329564246355
36.72,14.180917671888853,-30.646072637370622,45.72256516345411
36.730000000000004,13.939542210074835,-29.956047996868744,46.063721658186175
36.74,13.726168939299189,-29.246963945293643,46.89557466493823
36.75,13.68366797779198,-28.221391347669304,47.49615053958668
36.76,13.580712605404576,-27.367203693176354,48.13191920307533
36.77,13.534534882443147,-26.625590842764627,48.550495742313636
36.78,13.086306031268716,-25.70460698763619,49.07591866201944
36.79,13.096267306764405,-24.856088779581977,49.511497579281844
36.800000000000004,12.720581351180758,-23.96814802887579,49.99363356998768
36.81,12.492273487760308,-23.16115697698351,50.54708842777162
36.82,12.245758837145916,-22.272233746480037,51.029741891131955
36.83,12.161467194668111,-21.413731559295556,51.423359748599935
36.84,11.679317734207347,-20.66607873811142,51.831422629381905
36.85,11.410971830524032,-19.968865153743266,52.23564399833714
36.86,11.235171541850528,-18.856349966323403,52.53814480798556
36.87,10.748744910856882,-18.193800445490456,52.777749060814095
36.88,10.498931373979923,-17.40542082632192,53.368927120368596
36.89,10.257513423944433,-16.426005230678765,53.356011855735474
36.9,9.627926722862473,-15.46513602333915,53.56393630591259
36.910000000000004,9.444581259029555,-14.929765235802837,54.12836502734026
36.92,8.879264545772797,-13.993904716208998,54.442784255378236
36.93,8.44983559894966,-13.144536316073815,54.5999130306308
36.94,8.067062753524862,-12.335326303507763,54.84773346941602
36.95,7.461647914461208,-11.359205123184895,54.892725371772414
36.96,7.018661957241984,-10.906643376133065,55.05736225147506
36.97,6.230754359377244,-9.9566485644018,55.153403662878816
36.980000000000004,5.7966054988792415,-9.343655465521325,55.38953552395549
36.99,5.27441802982357,-8.666214191010107,55.46269330760402
37.0,4.764977825043974,-7.749727565266332,55.30673417248633
37.01,4.048997518550022,-7.420369971701959,55.61515724153256
37.02,3.439617436938034,-6.716971780165953,55.50463373136497
37.03,2.681711622617775,-5.938028610564277,55.7351482889271
37.04,2.2293771693127975,-5.297354284646169,55.665407988137716
37.050000000000004,1.5635615549833175,-4.924030034774353,55.655625979848494
37.06,0.857798613984557,-4.34450430017059,55.381156281930934
37.07,0.16645286716476304,-3.816726349618366,55.37056144693591
37.08,-0.641235800881639,-3.2563559626471883,55.30777879736759
37.09,-1.224666546039574,-2.734973850554511,55.37741782913037
37.1,-1.8853097725562906,-2.2908666022931854,55.114211015188424
37.11,-2.7475010286648547,-1.9907172054651785,55.17848613993502
37.12,-3.3711502577295063,-1.617968898139182,54.98007626040504
37.13,-4.347844981464402,-1.2095556898228763,54.755573938865
37.14,-4.891980801728254,-0.710389418128598,54.92646138237519
37.15,-5.6186062796211615,-0.6377047498168029,54.558016843425776
37.160000000000004,-6.41688858712653,-0.473674107047093,54.55433988416972
37.17,-7.125231471840382,-0.18773167974631633,54.15547232000931
37.18,-8.057168469790422,-0.13101788713629434,54.00319504167784
37.19,-8.44879738508276,0.17347158815260322,53.98353736450593
37.2,-9.384030598234068,0.10209077638979719,53.61813467912478
37.21,-10.170762711814726,0.42766969265594,53.55932021684171
37.22,-10.697419744737855,0.3720129016709393,53.12105398797258
37.230000000000004,-11.409970897772633,0.522019271455699,53.06719345660108
37.24,-12.180695125186237,0.43350164618777853,52.721735262805545
37.25,-12.810163002542835,0.32669615448044237,52.66471041808452
37.26,-13.492740569606843,0.30169598808726755,52.48561229860052
37.27,-14.16286189068476,0.21879389471849991,52.298693977146236
37.28,-14.755852786645878,0.30474634954853264,52.05182231686172
37.29,-15.436086071895582,-0.23664996413005235,51.72913816540861
37.300000000000004,-15.930059763433064,-0.39278773584970905,51.441580046382064
37.31,-16.425846302426486,-0.2961527874709602,51.45732672694213
37.32,-17.063838529625087,-0.7844706600537343,51.20894172959259
37.33,-17.48061327036064,-1.3387890634728428,50.96993803035172
37.34,-18.188498068808418,-1.486547923310615,50.97965885744294
37.35,-18.4025997217253,-1.8955921498690387,50.73885911571426
37.36,-18.899440223081758,-2.3400611671357807,50.47621138724556
37.37,-19.267667249773375,-2.5847845574070694,50.21610677980242
37.38,-19.64318952112228,-2.862103838629124,50.14920436279443
37.39,-20.22632051619385,-3.2112987829271944,50.00298661155554
37.4,-20.469347067465517,-3.5564572341247684,49.850976456278836
37.410000000000004,-20.676031440890267,-4.229829572328676,49.66279425567315
37.42,-20.853554537100873,-4.82165431999912,49.326618713964336
37.43,-21.152777760388183,-5.210808509220596,49.409931240870606
37.44,-21.26784939799161,-5.525140264691574,49.177647380510244
37.45,-21.312861407152543,-5.982687193769859,49.410605612475834
37.46,-21.84932392427267,-6.444596429768915,49.098226080150745
37.47,-21.604620097942245,-6.984395475038579,49.042261281669695
37.480000000000004,-21.487149591127157,-7.727120393375385,49.0810409988742
37.49,-21.78699969750903,-8.263708515631139,48.97875088250249
37.5,-21.58397718105353,-8.553521781842235,49.06324187426479
37.51,-21.601998851028643,-9.088490934424515,48.86813256603163
37.52,-21.374540884330305,-9.535315895079632,48.86910549325692
37.53,-21.35368731429776,-10.131697540672207,48.89178768767546
37.54,-21.07994694008295,-10.534253910443988,49.03489889034794
37.550000000000004,-21.09337801253613,-11.212127561907064,48.901779475167245
37.56,-20.74625599447439,-11.712259244891744,48.79538870992157
37.57,-20.37664979500038,-12.00230903789986,48.92739697995188
37.58,-20.03632528570087,-12.462456877025256,49.15368508741959
37.59,-19.747867944926487,-12.852697632243526,49.02682067863193
37.6,-19.260478623672352,-13.394013618797208,49.04243690584759
37.61,-19.02707236302971,-13.773072182624864,49.30106251476985
37.62,-18.286342795530306,-14.241955808090962,49.30764827120033
37.63,-18.10828150129379,-14.593878015208853,49.398373258390784
37.64,-17.53011058318122,-15.038247145627826,49.68402514269436
37.65,-17.0709601544581,-15.34648031852648,49.72201964016081
37.660000000000004,-16.466773971474964,-15.676476587080748,49.78544453650638
37.67,-15.8975671802501,-15.816513571394546,50.0099393588199
37.68,-15.062020971109103,-16.205002134494066,50.17000780061271
37.69,-14.915359871321845,-16.462542473905597,50.179069627406534
37.7,-13.991416524666258,-16.737385056170677,50.39579021580563
37.71,-13.510117150906046,-16.87567250639166,50.6514481772499
37.72,-12.873134522439813,-17.06927573995559,50.78572825916547
37.730000000000004,-12.196728378051551,-17.079156530043605,50.8102123893216
37.74,-11.32758639664972,-17.154007822167014,51.05919558033167
37.75,-10.835440381707066,-17.309051237867106,51.42014820687824
37.76,-9.950830178110815,-17.60379323341156,51.47002426508283
37.77,-9.236923887968588,-17.37934307260234,51.643079934954486
37.78,-8.585394440098,-17.525589128646146,51.94218624319265
37.79,-7.7907985836261755,-17.526823800205076,51.878151874979984
37.800000000000004,-6.945633872924087,-17.47302187647331,52.017180240056554
37.81,-6.392160990727421,-17.29469579052137,52.496945180002996
37.82,-5.4089426811067804,-17.263147270804836,52.4029377218463
37.83,-4.666223164054378,-17.114720879835964,52.86827356096597
37.84,-3.972828078546649,-16.979566173939237,52.75709620637316
37.85,-3.2256638715428276,-17.034048923090737,52.91362136975948
37.86,-2.5043314299330035,-16.50007157489248,53.09325124468476
37.87,-1.593726461113815,-16.46110582502054,53.573726445366106
37.88,-0.8316041591469163,-16.16852283586884,53.49027948414824
37.89,-0.14515836083119213,-15.923799992422103,53.81652661289062
37.9,0.8209970769039788,-15.664080778180496,53.87140415671906
37.910000000000004,1.3318067910778477,-15.450560466084418,53.77516847922471
37.92,2.1452919314361623,-14.88384118080911,54.21300121756382
37.93,3.049915925984661,-14.760010842017854,54.33011263730009
37.94,3.698052288237945,-14.077051551703564,54.41509685685431
37.95,4.494118827655271,-13.953737781195443,54.43222804433296
37.96,5.235962116189502,-13.52236328294612,54.481595563071224
37.97,5.8104957020549115,-13.083490307538627,54.636159394935405
37.980000000000004,6.687925842796371,-12.66245407165899,54.81684521889283
37.99,7.445378559753367,-12.073251022958653,54.78004574524773
38.0,7.975874377390381,-11.545353840498674,54.80399344210923
38.01,8.904332237811852,-11.1848747451076,55.002274287714854
38.02,9.339274399223353,-10.594355188793191,54.87764527379985
38.03,10.147065661318639,-10.256348397562585,55.1895443301631
38.04,10.836961900098911,-9.726659668280421,55.00618840543287
38.050000000000004,11.40234972909261,-9.096362834367529,55.17525517261741
38.06,11.931880283744054,-8.390900833419497,54.98056204166099
38.07,12.862379998890201,-7.949181145509482,55.021079798196766
38.08,13.333176681118513,-7.372641063680589,55.029182915675364
38.09,13.987512739772201,-7.001915827552675,55.115295100259964
38.1,14.676054999382073,-6.401219921187382,54.81517514021267
38.11,15.443207827939426,-5.640191399529606,54.98978201237276
38.12,15.700665832595993,-5.01025701379898,54.86421758359795
38.13,16.400398729925005,-4.350894526935574,54.6402308774604
38.14,16.834375224461795,-3.8425299702954416,54.71564703602822
38.15,17.505949321077203,-3.324045817647485,54.597168454743866
38.160000000000004,17.978140098949293,-2.755239804873881,54.315301022704226
38.17,18.727807812062355,-2.0960798458950896,54.1658675782428
38.18,19.404260421956373,-1.4221362119524419,53.96543303493687
38.19,20.059947240969564,-0.6829632001947561,53.81069941316702
38.2,20.45557432974041,-0.22790653034171687,53.7863171029952
38.21,20.899059782750903,0.43556066577967717,53.56695670926705
38.22,21.43156876441181,1.1128643296470246,53.358203264542574
38.230000000000004,22.08353449702798,1.6882331074012866,53.23867042128402
38.24,22.38930610302915,2.3095252631765484,52.840893267462725
38.25,23.084750224139324,2.817872374343128,52.65123225774636
38.26,23.55700437597075,3.3280967971943656,52.2936105117673
38.27,24.03814142107406,4.036625779410345,52.09905058235987
38.28,24.50604594451941,4.66866986732248,51.91599634029208
38.29,25.240572454616245,5.216969527810575,51.41955276399071
38.300000000000004,25.72238571122797,5.5672280806978796,51.18090284502735
38.31,26.319243521196093,6.352992024812933,51.06055829217854
38.32,26.797080563002407,6.912419423128027,50.61861183738479
38.33,27.338795131443295,7.493094943740411,50.22090081167745
38.34,27.64784188818303,7.885768864689519,49.90795795994436
38.35,28.55714426933303,8.443010026162876,49.516258542567456
38.36,28.918943269769056,9.008317670094508,49.172830429210904
38.37,29.398710194688206,9.405971178215493,48.627826294039
38.38,29.923391410764957,9.846200027609358,48.31201317914069
38.39,30.672635053871517,10.47879045714753,47.92850978412996
38.4,31.267299875935812,10.788494931885255,47.56306499559233
38.410000000000004,31.703137194999215,11.245166321447833,46.876639789018114
38.42,32.11180737798274,11.788920863523492,46.71146419014528
38.43,32.88480338393155,12.26123158108233,46.192717287806275
38.44,33.29909156876418,12.617393553570693,45.612026483704255
38.45,33.95873360550204,12.847640798216489,45.13439818133396
38.46,34.591088109118836,13.365794228346079,44.637062576982274
38.47,35.34683414312373,13.7203322193514,43.984939646702294
38.480000000000004,35.822623594647105,14.03400225967781,43.63502160609427
38.49,36.41183985564081,14.410317833723054,42.9207676011433
38.5,36.885594523017545,14.66344270260096,42.32163392718398
38.51,37.504135232302566,15.14505399134665,41.70997892717711
38.52,38.364049615739994,15.180788907599103,41.21457291080472
38.53,38.87368819210254,15.487888146097083,40.60777497016195
38.54,39.31869646753962,15.807954069606716,39.78451479406553
38.550000000000004,40.407741718632785,16.038672855534546,39.313075331281496
38.56,40.81541296305396,16.199197025529756,38.65967176036489
38.57,41.474583528725546,16.23616818959403,38.03369674030745
38.58,42.065399704999486,16.631050402618165,37.34734853268053
38.59,42.557736617134104,16.744437514715084,36.49635382830152
38.6,43.3630905086054,16.650758721194173,35.84264146796858
38.61,44.13244010194297,16.47540183924897,34.932396045188234
38.62,44.75276789166293,16.89233040539013,34.44831306492821
38.63,45.53072304647763,16.802266972761426,33.528836912250895
38.64,46.42468595506991,16.915253246513004,32.638315501140525
38.65,46.81604974051899,16.708512695358383,31.97379353521931
38.660000000000004,47.48213553341486,16.583092085581157,31.18767198452264
38.67,48.256567797115686,16.692222687930613,30.275699028786672
38.68,48.91864367659786,16.48931562960821,29.4040632506916
38.69,49.652643406553224,16.25137390490571,28.599652096945892
38.7,50.361860919966816,16.053449388830817,27.702811463432337
38.71,51.03303124327731,15.868277412556571,26.929942480655075
38.72,51.61737822209469,15.525895433120915,25.881885968140466
38.730000000000004,52.381335759495684,15.276947669244025,25.0169031899828
38.74,53.04952011739907,15.007163380475882,24.037988732266328
38.75,53.58434530029196,14.504734834014876,23.29651241340962
38.76,54.03918670891533,14.335257834217224,22.08351609973707
38.77,54.86111157235381,13.927677318190122,20.973693051505318
38.78,55.29589927806033,13.337911909639944,20.209622635359022
38.79,56.059516765707116,12.858803219889392,19.051299767025032
38.800000000000004,56.590494610053945,12.278443720918089,17.940265738280303
38.81,57.30578244760396,11.765103831024819,16.9859611744
38.82,57.73833511393646,11.30398639987012,15.791607495774162
38.83,58.372598099888414,10.490360304559074,14.775431154034234
38.84,58.52690739930004,9.886039983899185,13.686720214413828
38.85,59.15851696302055,9.325357965017972,12.454544120241666
38.86,59.39971435477307,8.474163261972906,11.351940053410535
38.87,59.81321426405763,7.709076250485454,10.441017293352086
38.88,60.419827931840295,6.901570386580897,9.002004099234783
38.89,60.62666287345394,5.904329472233402,7.981438708051312
38.9,60.94606318292351,4.991073582612471,6.8565724066182785
38.910000000000004,60.990021030874644,4.1603643106273855,5.624364930868169
38.92,61.349415773199105,3.451716166539402,4.364085765290015
38.93,61.431514235424686,2.319457666981815,3.128670738996554
38.94,61.29622484711285,1.4421527512723806,1.9634263921901558
38.95,61.41847893883564,0.27657395037667926,0.6542814304658062
38.96,61.39863156000128,-0.8403839402281703,-0.45974286756967947
38.97,61.41404991936849,-1.7262510903836374,-1.704360307823867
38.980000000000004,61.254192458924344,-2.9576302213621553,-2.8570931129842863
38.99,61.10089245364225,-3.837020259642101,-4.0643715259004765
39.0,60.78382405000003,-5.130530863691313,-5.064507869377314
39.01,60.45336594943076,-6.407603748552431,-6.540780156531882
39.02,60.13730563637696,-7.5301286295486864,-7.834698916061263
39.03,59.813749985565586,-8.891833355717274,-8.935124358271336
39.04,59.17090585207664,-9.735180662261524,-10.456532317216663
39.050000000000004,58.72248252222014,-10.969874076144754,-11.404157788130354
39.06,57.87828549720018,-12.187905184121737,-12.569862130457729
39.07,57.20621091063436,-13.303658419827979,-13.649574175400433
39.08,56.32035754441865,-14.948418235979872,-14.983480738475786
39.09,55.4956793430153,-16.058702021239917,-16.210273603535835
39.1,54.71072851257998,-17.17762140105571,-17.314331622422827
39.11,53.57571202186456,-18.3222499406852,-18.539056564260605
39.12,52.443944920365645,-19.582353828494334,-19.60936744645196
39.13,51.308200013471904,-20.71077671533023,-20.6028044991157
39.14,49.977791470913836,-21.920788907934423,-21.878740996237934
39.15,48.42708066707762,-23.041698040935838,-22.951631166479054
39.160000000000004,47.23791162097724,-24.341761318639684,-23.9509817901063
39.17,45.64902829033545,-25.246034962128494,-24.705915479636715
39.18,44.009975194949206,-26.602726647730105,-26.008246715775396
39.19,42.43144342663351,-27.605353996303936,-26.9141391572607
39.2,40.7920250095829,-28.43513632653605,-27.689926931204756
39.21,38.687632523366155,-29.563992923808065,-28.667579405689377
39.22,36.949239519963996,-30.486099753492283,-29.289736860508608
39.230000000000004,35.08130766131478,-31.294516667718973,-30.188236901634575
39.24,32.96577112293304,-32.146744890800306,-30.957052764925265
39.25,30.98910392881698,-32.958992543864554,-31.71965922056803
39.26,28.656929066847617,-33.48244981927662,-32.62442743851468
39.27,26.73393299457578,-34.4405829983159,-32.98855516614719
39.28,24.54807357465162,-34.876410106469656,-33.55536955993708
39.29,22.133657191497655,-35.47924205139728,-34.22787912878538
39.300000000000004,19.649178338333403,-35.846453997909634,-34.65475307827095
39.31,17.343834518731974,-36.14047814157088,-35.16257417141355
39.32,15.060451305174182,-36.592630565008314,-35.35739085305716
39.33,12.489995467141053,-36.77949032604451,-35.757594078549495
39.34,9.954976961426595,-36.702031998145706,-35.85359797416151
39.35,7.290930188330675,-36.98123858673413,-36.457169624642646
39.36,5.095336144877129,-36.907167785722365,-36.38378668695274
39.37,2.37073067987419,-36.68823818099598,-36.54637764628896
39.38,0.06041345793944708,-36.36682653574526,-36.48821762834256
39.39,-2.592422306846821,-36.102646742587254,-36.39066551909041
39.4,-5.1510652868939095,-36.04666818587069,-36.34767745468991
39.410000000000004,-7.776490232622931,-35.40904768768833,-36.16841733458296
39.42,-10.148793839122321,-34.97273766282823,-36.15401897154203
39.43,-12.552817320482768,-34.28850494782985,-35.85576734975098
39.44,-15.228852947939615,-33.69486101277982,-35.475683390018744
39.45,-17.461217249387268,-32.57319322306243,-35.14928096939723
39.46,-19.76528102180683,-31.64188285343445,-34.687367914961904
39.47,-21.93377246082993,-30.41188549798995,-34.01839195669939
39.480000000000004,-24.17901763653446,-29.635964288982553,-33.64690286465306
39.49,-26.42100085946177,-28.27470618326314,-32.890606458618116
39.5,-28.329281452392017,-27.053378729664608,-32.409877302880226
39.51,-30.39527043463933,-25.80646683354883,-31.498883172800582
39.52,-32.2051216384863,-24.12050594045503,-30.991590127537908
39.53,-34.27484093002698,-22.66402849315583,-29.870306312561187
39.54,-35.90412916771366,-21.1424482791891,-28.813149397622134
39.550000000000004,-37.69376873590684,-19.515721662558782,-28.121352660223927
39.56,-38.90135197766061,-17.772264079897354,-27.188218227527845
39.57,-40.23526264293892,-16.10197392229527,-26.222954769725543
39.58,-41.7458244992742,-14.21639506761923,-24.949281154944046
39.59,-42.93946437784129,-12.190969742770836,-23.751001387140153
39.6,-44.01269361278623,-10.11112230632732,-22.57435660152825
39.61,-44.84370119580921,-8.275814206792518,-21.478813689060647
39.62,-45.75824545532096,-6.397072406559815,-20.28256571408137
39.63,-46.45442533371027,-4.544063263763507,-19.00269724058768
39.64,-46.79793308174204,-2.278899202187066,-17.710451301741077
39.65,-47.15795951291111,-0.27390763930371753,-16.501324127874803
39.660000000000004,-47.555412318377414,2.074796977568544,-15.190597942933222
39.67,-47.496668819647994,3.8270296847521945,-13.942216973157976
39.68,-47.63131239345858,6.084173852712418,-12.404708801587244
39.69,-47.38272006898549,8.145468562914962,-11.159381966141433
39.7,-46.90610282408482,10.35963173444624,-9.638652660126537
39.71,-46.506341952035925,12.222286146552772,-8.396138342708497
39.72,-45.943294323496886,14.321920208231159,-6.946756541426047
39.730000000000004,-45.218293898213574,16.50931839167717,-5.43695578116531
39.74,-44.466775191821114,18.31466829902722,-4.229832675216431
39.75,-43.28918111693012,20.114003694330535,-2.8499604015521007
39.76,-42.24952374050222,22.16951317961314,-1.5622079938913576
39.77,-40.886871347811926,23.955511267387077,-0.31391022641842026
39.78,-39.51114563817632,25.737915932812896,1.0759312804846355
39.79,-38.110203722177836,27.46516883785561,2.1932620613106817
39.800000000000004,-36.60183290224544,29.135860766473634,3.5502101685820144
39.81,-34.71412011143321,30.4176169099472,4.798243654257388
39.82,-32.919618661296994,32.23646993237952,6.094340929328777
39.83,-30.917645220170527,33.76803396923091,7.222546570540418
39.84,-28.833424617728745,34.98784334831075,8.319371851657396
39.85,-26.851807600728336,36.004981364100466,9.563196891449612
39.86,-24.646757680974122,37.186244803650325,10.603119389186578
39.87,-22.285349306933828,38.377780766191194,11.737396561586472
39.88,-20.095761813751103,39.571595667076544,12.597871934675071
39.89,-17.815315218918805,40.26902494692893,13.455478532464786
39.9,-15.100801933285199,41.04148126166277,14.320534778776745
39.910000000000004,-12.77474684670455,41.83622308228856,15.387233006010034
39.92,-10.317395633029175,42.37367032340357,16.029340874409066
39.93,-7.750812397011042,42.790848221517656,16.817923559089976
39.94,-5.201805968545677,43.22036838552271,17.409529403201656
39.95,-2.5083994756232926,43.483758728238826,17.928393261800604
39.96,0.0796316528052075,43.857444110322106,18.728649115139763
39.97,2.6705686065730245,43.72848411071519,19.243762921104846
39.980000000000004,5.332426212468833,43.77804086919525,19.62306359270831
39.99,7.920194934710736,43.6191081962002,19.88047294918699
40.0,10.653424505081903,43.29780161567501,20.186270890936797
40.01,13.22064128627353,43.14275226108009,20.671194839515866
40.02,15.720241663786057,42.595629096994045,20.982850431552077
40.03,18.288074361532843,42.176057681981476,21.03988190715286
40.04,20.610647423306467,41.46071506749545,21.210791821927064
40.050000000000004,23.178245872405398,40.952855685521044,21.290612059248506
40.06,25.61423539676993,40.14397571163214,21.22579886982456
40.07,27.981570496911353,39.259036434227475,21.09709657525576
40.08,30.207752478431242,38.45267979999017,21.084307865792375
40.09,32.355151282699524,37.40699262344806,20.92024200195968
40.1,34.63876702628772,36.583686549519555,20.679904281705
40.11,36.53536802390422,35.291852516641,20.322658234308527
40.12,38.625533520602794,33.99852779805715,20.084805020024238
40.13,40.620359752711906,32.823465523861515,19.844408683582238
40.14,42.28735034566487,31.37801522745665,19.26786337155004
40.15,44.265822995401535,30.28979490277316,18.8824915333713
40.160000000000004,45.94588726481716,28.978714604838014,18.44944712236099
40.17,47.43457379559724,27.25337224259531,17.704453786641363
40.18,49.0370115534953,25.94305474760171,17.246088424709058
40.19,50.55421850305745,24.51437381001877,16.60969465407216
40.2,51.9037005877148,23.112758581246204,15.718442948744098
40.21,52.983198712001354,21.37268414097321,14.97349118159752
40.22,54.31012879990818,19.900784105645048,14.366253028579779
40.230000000000004,55.28104922074597,18.592146464244152,13.518290956532557
40.24,56.229235674705556,16.669136312898384,12.79872763247855
40.25,57.034955091729834,15.394400172207888,11.858096240867692
40.26,57.98799037215488,13.779772481897893,10.833005034443527
40.27,58.79389742447727,11.948047145106374,10.100916345104487
40.28,59.239231892896676,10.532041127249148,9.056750181873054
40.29,59.86554401254376,9.08298508464811,7.9955940857002155
40.300000000000004,60.20013701812557,7.429734528801519,7.153350391266537
40.31,60.772611865116914,5.925669073972853,6.087837819360835
40.32,61.0283629639675,4.569561066792766,5.280903282896705
40.33,61.13124114175996,3.1396466544942863,4.153843948908816
40.34,61.324846276534316,1.55678652934759,3.2258135295663544
40.35,61.512105705747494,0.09027631236322704,2.2555373376888497
40.36,61.54999414424219,-1.37922565696062,0.9237112383340729
40.37,61.45435153898629,-2.6310346214014304,-0.08481974723224886
40.38,61.436526038225715,-4.050738134281391,-1.0461744052155952
40.39,61.01913916433075,-5.164909384538185,-2.0553150032804597
40.4,60.917938826780166,-6.463390544638317,-3.380866373799565
40.410000000000004,60.63230637964726,-7.773052105115683,-4.292843320393444
40.42,60.38253849114283,-9.050376127451749,-5.5001936222019205
40.43,59.85320458519208,-10.172967630694936,-6.72248405620105
40.44,59.37042009267791,-11.099185036678069,-7.779875288602322
40.45,58.91053445576971,-12.011846580898535,-8.9148254185491
40.46,58.32710265990303,-13.205957975210303,-9.822285800321374
40.47,57.945365718144394,-14.159005614092495,-11.020954036808225
40.480000000000004,57.112050201817794,-15.063959376300014,-12.124023165316528
40.49,56.720647539064466,-15.93653493037575,-12.911309942241543
40.5,56.00185924731362,-16.733028274611627,-14.208724440346751
40.51,55.23897504247735,-17.40827159405842,-15.102954914804902
40.52,54.58076007447065,-18.055513922842696,-16.292372166141533
40.53,53.875645505388746,-18.770147622946556,-17.381849367931178
40.54,52.968936373036534,-19.300814913388503,-18.45751315835702
40.550000000000004,52.342614960181436,-20.09613839946547,-19.52874113301124
40.56,51.420820743425445,-20.709149992314646,-20.41250140400867
40.57,50.7838442787138,-20.96552648246253,-21.387568789170416
40.58,49.742476983484636,-21.31217664124401,-22.37059708389596
40.59,48.98350389955251,-21.729378596429598,-23.386051247298422
40.6,48.158492580512814,-22.15007968862192,-24.312884880551813
40.61,47.40559034510443,-22.4994469591099,-25.299364884097894
40.62,46.472012537685856,-22.914588916084885,-26.015871435574795
40.63,45.571030413611965,-22.952712134274776,-27.12899860756879
40.64,44.80126349558647,-22.98616612443356,-28.0423320207344
40.65,43.86701309659667,-23.350695239455007,-28.677417627742983
40.660000000000004,43.14828179639307,-23.500544956367744,-29.64781084864164
40.67,42.26912615460089,-23.24671097557223,-30.561771404628878
40.68,41.387959685444464,-23.373692443556,-31.391540700112305
40.69,40.59668229753277,-23.455857400551686,-32.21858565420872
40.7,39.87840544792955,-23.25049912296643,-33.026755647124084
40.71,39.0223485244577,-23.234709456404122,-33.8829304115529
40.72,38.331468848729784,-23.06504235589904,-34.55956573580887
40.730000000000004,37.73244181914588,-22.881475143450466,-35.32920028822702
40.74,36.74892625687761,-22.425381894897843,-36.091434618811924
40.75,35.87855173406348,-22.521036583281063,-37.09800399137964
40.76,35.19471289667349,-22.17881914156059,-37.522492059719816
40.77,34.59656281928679,-21.826321120040657,-38.228139642473955
40.78,33.94001701518406,-21.497772721702407,-38.96779431236086
40.79,33.2242757572186,-21.169120768974206,-39.481319775289684
40.800000000000004,32.41460892106168,-20.903314495586567,-40.05846150510996
40.81,31.64553339940809,-20.40285340403731,-40.691535283872305
40.82,31.117719401922663,-19.96432210763325,-41.404597277834505
40.83,30.420754061483343,-19.716775112178784,-41.80130358388762
40.84,29.794993957421255,-18.91714746689655,-42.359270644117004
40.85,29.090612940930008,-18.48500772563156,-43.082838684815016
40.86,28.53660916268018,-17.93892692730204,-43.44287472076291
40.87,28.03995606459592,-17.4431042715437,-44.00400539379313
40.88,27.617515370327748,-16.910401585977226,-44.2867457765881
40.89,27.0838925156305,-16.454596847165256,-44.95966494972961
40.9,26.54711785604146,-15.68007912288656,-45.21968963401466
40.910000000000004,25.96276369314209,-15.001259858233446,-45.607121303136225
40.92,25.339071597497416,-14.417885537031289,-46.29922838272208
40.93,24.774741360677712,-13.724054105278109,-46.547030343827906
40.94,24.49298208178682,-12.86785708876798,-46.76966348380948
40.95,23.87307867789409,-12.228497880291188,-47.25010141039595
40.96,23.549593652744974,-11.480337361396543,-47.53623973642803
40.97,23.003336582520404,-10.842190246337465,-47.799868346499686
40.980000000000004,22.853290294296787,-9.90222583714028,-47.97459458814761
40.99,22.061170239591068,-9.410318950430574,-48.383629011314575
41.0,21.651290435802046,-8.748314656188565,-48.70382773687564
41.01,21.228549436733296,-7.565744306629246,-48.75873803399112
41.02,20.949217418267576,-7.0454182979905005,-49.1087283380455
41.03,20.505939693349756,-6.196198765794303,-49.412669486084006
41.04,19.920087875214584,-5.444391000786567,-49.47457510448752
41.050000000000004,19.728272167581867,-4.686340483767825,-49.69623018178289
41.06,19.325318153630207,-3.84916374184091,-49.72882686023963
41.07,18.81944208611953,-3.089445600569801,-49.9008875888891
41.08,18.422726567109464,-2.098994548619847,-49.9297583057549
41.09,18.18678340545879,-1.182276441121783,-49.85898025602384
41.1,17.524009517353,-0.3305357152459115,-50.21670276334396
41.11,17.215682395346487,0.3380885705388659,-50.385499445945904
41.12,16.79709732077187,1.162693676917095,-50.185473421050666
41.13,16.55077192854684,2.068284535546018,-50.32737513378422
41.14,15.991463344586942,2.8466607080945607,-50.43242095410684
41.15,15.639805127470863,3.8102126638173943,-50.127944204769776
41.160000000000004,15.135353542830067,4.456820501093319,-50.12401222921785
41.17,14.510065254245164,5.442550144081292,-50.197968017895484
41.18,14.147997971919304,6.177587802836173,-50.05191333924395
41.19,13.939287701958872,7.183862731673396,-50.03762410259154
41.2,13.273127571583364,8.142116623576335,-49.76399261769459
41.21,12.79739524717674,8.78598037432231,-49.75959124829278
41.22,12.297519591849468,9.676796001344586,-49.31872380803452
41.230000000000004,11.779404100948543,10.545569993922845,-49.11611425873987
41.24,11.236804654132774,11.254669332562328,-49.22840274872661
41.25,10.768151688500623,12.201678533108188,-48.90059532995673
41.26,10.24833446058499,12.870404192980724,-48.79580635508591
41.27,9.601959320982363,13.648699857137142,-48.59268481664067
41.28,9.030906158118508,14.486519280101856,-48.154121175726964
41.29,8.508781082358967,15.114380410642259,-48.01798992451708
41.300000000000004,7.733529668891647,15.747875807471969,-47.67258228881806
41.31,7.256253553263756,16.80694029127471,-47.52374802490792
41.32,6.416276483010287,17.41020404624449,-46.94726878454871
41.33,5.852367612812175,18.041998499782576,-46.94385820892371
41.34,5.098749898470986,18.70957721315678,-46.39886390086216
41.35,4.58586969986707,19.327884560319866,-46.00453229924792
41.36,3.6723159412084097,20.15750294488248,-45.742763199136085
41.37,3.029847737832992,20.633798196287056,-45.23556816342391
41.38,2.227789846115958,21.32889861648688,-44.893067957491574
41.39,1.356555998362874,21.702972770534487,-44.41103278063628
41.4,0.4951436292725575,22.29307793096175,-43.93229218045101
41.410000000000004,-0.26297017433721304,22.780911489673304,-43.58006518243727
41.42,-1.2668735386946848,23.45734648586139,-43.00082740497466
41.43,-2.1267401268724746,23.73699867071479,-42.505558575378934
41.44,-3.0203294752569336,24.107950972022223,-42.09752866271339
41.45,-3.842103843794954,24.60788447488139,-41.6405903488445
41.46,-4.730482505484392,24.875455596828296,-41.21735267153073
41.47,-5.639841206570334,25.224185978196257,-40.67796882823894
41.480000000000004,-6.680558962786176,25.48994764828915,-40.392940533894226
41.49,-7.66292111723506,25.602434464501993,-39.861389578863424
41.5,-8.666722214533623,25.830762471989917,-39.3660630532853
41.51,-9.602743876594523,26.026420215911642,-38.989215683146824
41.52,-10.585765698685645,26.24599606694767,-38.461337390862035
41.53,-11.888683504576747,26.375870014246175,-38.08078522623149
41.54,-12.800856575196667,26.47812529282955,-37.44703111608654
41.550000000000004,-13.723911470153684,26.29624271319476,-37.11258404849616
41.56,-14.955054282223294,26.17912459688067,-36.492255832875756
41.57,-15.852833289477338,26.109249099587252,-36.08133491792886
41.58,-16.96878491030116,25.89216625491148,-35.75358976384748
41.59,-17.929244635121833,25.922053077801415,-35.299371087284975
41.6,-19.020353781701584,25.451047406938713,-34.766941288285736
41.61,-20.124107536608957,25.256955719673385,-34.29703069127776
41.62,-21.041881262719265,25.065110080566573,-34.17222410358822
41.63,-21.98769894624812,24.486330998700716,-33.723160344949065
41.64,-23.12330357143492,24.13436522318407,-33.372980695036595
41.65,-24.04309707244954,23.76474829888203,-33.045141977961165
41.660000000000004,-24.806937646590097,23.40437310738929,-32.63088135280061
41.67,-26.06706231980818,22.59497914394358,-32.40732589805023
41.68,-26.895704392433707,21.943769570249444,-31.99128234269591
41.69,-27.70533535006067,21.488923917813498,-31.864697968574625
41.7,-28.695053540980204,20.738859325378197,-31.612768365011405
41.71,-29.49937215198801,20.180672643807004,-31.4340313253198
41.72,-30.364134703539627,19.293754737122047,-31.173344994951435
41.730000000000004,-30.981903838199816,18.504964011637288,-30.88143682025906
41.74,-31.764302555567674,17.718734506162185,-30.845052206980863
41.75,-32.57371118742125,16.78702601441501,-30.727418033181934
41.76,-33.06207649518987,15.880318515513629,-30.644319168097898
41.77,-33.736221165521854,15.185929854599543,-30.595739163707695
41.78,-34.34558038033029,14.068465411295788,-30.217688782307977
41.79,-34.954003828459875,13.101309625684213,-30.628442530354764
41.800000000000004,-35.544073263635255,12.180484276028931,-30.6473334692911
41.81,-35.76493891320415,11.085088308610812,-30.835231048951528
41.82,-36.31598484579218,9.909081097238055,-30.73048330500675
41.83,-36.71922636202045,8.872902443795525,-30.957407819035033
41.84,-36.96460858531345,7.800020822638762,-30.92102212398954
41.85,-37.13892000355818,7.04293746267624,-31.07923392873882
41.86,-37.06908606203372,5.737812926784911,-31.359267290987322
41.87,-37.35982395065271,4.70808428963087,-31.568995482500174
41.88,-37.54599120143008,3.8009948411034857,-31.80865245225962
41.89,-37.495954407123016,2.4228929711981864,-32.145987595419925
41.9,-37.30766662465759,1.449387544941661,-32.383712698491635
41.910000000000004,-37.12708613452638,0.4597641269893201,-32.774415094357146
41.92,-36.84648149377575,-0.7273311661934505,-33.180764185682314
41.93,-36.51899204681819,-1.4750204709308243,-33.45616020506848
41.94,-36.29805835613014,-2.7999782217336286,-33.83196677621204
41.95,-35.81904068134634,-3.816790897701713,-34.270186019222166
41.96,-35.280371381953096,-4.746652245011403,-34.77363796710829
41.97,-34.877213810384944,-5.773247143913512,-35.25388630778181
41.980000000000004,-34.19193106205815,-6.626238824126914,-35.899420063097544
41.99,-33.890441435076866,-7.614087996653141,-36.27859017956813
42.0,-33.16819023711986,-8.525265360110726,-36.827470254102465
42.01,-32.36615402813487,-9.3594929800104,-37.35605187799692
42.02,-31.316247416948283,-10.207811201917574,-37.7561918063622
42.03,-30.487491233952966,-10.735457616157127,-38.19652263947782
42.04,-29.46455078759674,-11.392282308635636,-38.938400960207915
42.050000000000004,-28.721006220120984,-12.18141938570422,-39.679578104759294
42.06,-27.613612508436344,-12.819927898037944,-40.01583151306554
42.07,-26.294756302563876,-13.330167056163083,-40.667452719687674
42.08,-25.502030237666588,-13.941258488709058,-41.53635895907588
42.09,-24.301044614801807,-14.175778770505017,-41.95492877052773
42.1,-22.96351054891623,-14.626372880303514,-42.353281582261836
42.11,-21.68589452418439,-14.831992467501792,-43.14251242402644
42.12,-20.323948160448545,-15.360613273242771,-43.56539976072562
42.13,-19.01803077083143,-15.600989938861673,-44.33303302170474
42.14,-17.90467652896153,-15.697875892953276,-44.86239915779053
42.15,-16.53646456406528,-15.844940059193036,-45.40030985192104
42.160000000000004,-14.938615101728196,-15.99303904748891,-45.924263776769294
42.17,-13.775066044630439,-15.675486288162816,-46.27100973148479
42.18,-12.304815546601056,-15.784170880978301,-46.67266037343452
42.19,-10.79804931221182,-15.663105969831332,-47.39706146920414
42.2,-9.407178640867897,-15.344927319442935,-47.765316155392334
42.21,-8.10073169269797,-15.234696480860762,-48.067517877216304
42.22,-6.519159498404898,-14.943463218728835,-48.599959231420364
42.230000000000004,-5.136782275533333,-14.441950669620546,-48.85672909277793
42.24,-3.672056819705392,-14.144134491178615,-49.39698881223773
42.25,-2.377175635933738,-13.61902687927784,-49.591278743843425
42.26,-0.9119969748775534,-13.04130562654467,-50.21167123480201
42.27,0.598294813549846,-12.455861858879086,-50.262601422977134
42.28,1.9580873825488423,-11.8454990125118,-50.45322334825285
42.29,3.332344234405183,-11.013799967743484,-50.92859709274775
42.300000000000004,4.776460733149428,-10.265321397991986,-50.90280350626432
42.31,6.180931179908803,-9.300748719868789,-50.98975978479806
42.32,7.3242304062945225,-8.525983612419315,-51.03520154200311
42.33,8.603119998817148,-7.677601736476636,-51.15250724587974
42.34,9.804218913863215,-6.951841011398764,-51.24122275752754
42.35,10.94161794619948,-5.72332211197332,-51.00579503989933
42.36,12.175273193628122,-4.70182156116468,-51.081178718329156
42.37,13.272933922227796,-3.6790296866119774,-50.974056792305156
42.38,14.463013298905453,-2.5562318287888974,-50.72711313418722
42.39,15.426547318197073,-1.542417092893474,-50.53132006741412
42.4,16.51343993024624,-0.1534764404199535,-50.404632179589534
42.410000000000004,17.400201311213046,0.9347797365789666,-50.11279604723815
42.42,18.24588900122968,2.2995719729128905,-49.926748972282915
42.43,19.21730852001207,3.2648650613035217,-49.54384299453072
42.44,20.159473039572084,4.508457468834051,-49.18068261229105
42.45,21.002356518518045,5.657191234286993,-48.62118424860844
42.46,21.724090840976597,6.909041525991698,-48.23152430308315
42.47,22.179694782169488,8.23856026171899,-47.819646697535504
42.480000000000004,22.87888476332354,9.465115608593205,-47.24612535280606
42.49,23.475167701828987,10.724573867044837,-46.69037155882577
42.5,23.97129111494034,11.951770018367126,-46.16972778808385
42.51,24.58001860063506,13.258945592426267,-45.490365883347536
42.52,24.89215707016002,14.688913010285074,-44.69293352763207
42.53,25.277173732305357,15.625652258812451,-44.18126299453234
42.54,25.66978979827667,16.977416650834307,-43.503900025512955
42.550000000000004,25.980164441252064,18.138426284300362,-42.89612774819621
42.56,26.1304489767514,19.53703725186598,-41.815358284176384
42.57,26.266843515579552,20.54956275102453,-41.10020415361896
42.58,26.435080652260556,21.760895887408935,-40.18434294588615
42.59,26.727803155950976,23.028236744524264,-39.398783707646
42.6,26.594512980397766,24.328161749150464,-38.51199146158942
42.61,26.714683117173095,25.37519462073931,-37.59009213323999
42.62,26.776803611068292,26.494734143087427,-36.68571183367753
42.63,26.671577033168,27.52514441710648,-35.899704739392405
42.64,26.479631947316484,28.611169634735155,-34.98373633630065
42.65,26.16707015008776,29.710958933591826,-33.871506499080425
42.660000000000004,26.094154906606313,30.639896523707957,-33.05721115317665
42.67,25.88816533317185,31.523130434085235,-32.05123197775873
42.68,25.634949003292814,32.36256175902751,-30.926861798248492
42.69,25.37700297488728,33.37848741834533,-29.961960935895448
42.7,25.105059356063315,34.366311430367595,-28.876230532948227
42.71,24.7031602566981,35.0858490629105,-27.93581908030639
42.72,24.280591999671927,35.80279065917677,-26.845894527996705
42.730000000000004,23.887501559726953,36.84656596100127,-25.658049892000843
42.74,23.665254906282975,37.61038396089866,-24.87050304311057
42.75,23.286129313079954,38.22950140827179,-23.78278656965674
42.76,22.68571073809408,38.91898267148091,-22.841568530112998
42.77,22.12844824022926,39.499938149098426,-21.592377731640816
42.78,21.702698363990454,40.181322622319776,-20.336322984344566
42.79,21.081076670953262,40.88726999530697,-19.4226437178106
42.800000000000004,20.795897819499412,41.243570373142376,-18.386824692777875
42.81,20.168731763886687,41.85868508479979,-17.421547147933783
42.82,19.505038705325944,42.58386667615202,-16.189562613626748
42.83,18.850123005344074,42.93549315589191,-15.372337582232474
42.84,18.41706476352352,43.17019875078339,-14.297523202286971
42.85,17.945319627674753,43.660146327410715,-13.396626237468448
42.86,17.157545478307835,44.006019939981186,-12.42167394482156
42.87,16.547666395995524,44.31429295895849,-11.164991327347861
42.88,16.24589367609612,44.76082529561944,-10.25849255128279
42.89,15.523111181266737,44.79416497109489,-9.260398612752244
42.9,14.879420795627237,45.226343882438,-8.399018591102926
42.910000000000004,14.381192942955872,45.60968220616349,-7.517464670951875
42.92,13.731925617494394,45.66885174969207,-6.332838775350921
42.93,13.267392506804928,45.92108790611192,-5.623141065527691
42.94,12.47679404713043,45.95149331838441,-4.644392329780441
42.95,12.024430630156662,46.26443564377556,-3.557237336684081
42.96,11.628336593279409,46.468681402468725,-2.607639976286245
42.97,10.945581202860822,46.38665457914935,-1.8118905540726256
42.980000000000004,10.241985829531032,46.43768657083825,-0.9026201350734995
42.99,9.81467881801765,46.5856648125991,-0.22961001250434612
43.0,8.96032310625919,46.54061739614791,0.6211409016773947
43.01,8.624123906390237,46.76019050714333,1.478962454177932
43.02,8.094915872122792,46.683812316986234,2.392120091014568
43.03,7.6124561063659195,46.61805841674489,3.0991634206252296
43.04,7.062408037007275,46.86703162521189,3.9056405476144525
43.050000000000004,6.809249660196368,46.639471523482996,4.596274050065772
43.06,6.15771650774982,46.49785447235814,5.646984706878811
43.07,5.853356479434062,46.48426129751276,6.242348135834888
43.08,5.283538304139739,46.46300355468645,6.838490125367913
43.09,5.002683630561114,46.17023918407327,7.430215936560742
43.1,4.287657209601647,46.1511802820709,8.3043754864853
43.11,4.075537264674959,46.32282739439952,8.819124086496132
43.12,3.428126169744572,46.04233129477853,9.479398631372645
43.13,3.1435508449467,45.97991322292264,10.235228008625917
43.14,2.63961473777096,45.87108144169834,10.976161575419663
43.15,2.3739690277394727,45.604847540920744,11.481587597741408
43.160000000000004,2.1852302634564715,45.2592351360869,12.103087195962454
43.17,1.6900506809474338,45.27000133032034,12.720930002012109
43.18,1.28264145742623,45.140795132732244,13.26996048802211
43.19,1.0024009110630157,45.132131635860546,13.970799328378515
43.2,0.8291914113505837,44.899500619560996,14.67292371915675
43.21,0.6416965343355012,44.785224700441276,15.027497266914404
43.22,0.484040629692291,44.464747557965126,15.491112800311376
43.230000000000004,-0.08540788013062123,44.416396712102,16.066789495951692
43.24,-0.16392485479926222,44.44663444326366,16.534627359209562
43.25,-0.12386666267476593,44.25161267846066,17.155073528534242
43.26,-0.6210858532399625,43.84191980484258,17.502712356215607
43.27,-0.6154482431839201,43.815569172232486,17.973338340105723
43.28,-0.8484800982715961,43.543900012469685,18.68953291862079
43.29,-0.6501891125728911,43.58312312277932,18.909709680818118
43.300000000000004,-1.0579461780122519,43.23233371337484,19.489126531684917
43.31,-1.03906184503069,43.21336325577782,19.971572257726777
43.32,-1.1854797121467617,42.89082163769368,20.519953212742216
43.33,-1.5234217554787302,42.78738629151459,20.921229542794517
43.34,-1.3695840518330535,42.50597624676984,21.180429906814748
43.35,-1.2675757322242114,42.48714161070645,21.669909144742146
43.36,-1.4036076987835453,42.383646195803024,22.128888915790256
43.37,-1.2176293328157923,42.22994526453029,22.565669923893452
43.38,-1.424912615780425,41.958722674926605,22.865116310773548
43.39,-1.4213254413240857,41.555724758537444,23.61039447131027
43.4,-1.3220563177788347,41.73319270615381,23.8375456900533
43.410000000000004,-1.2384126341463073,41.6554398945049,24.061895542587312
43.42,-1.1174829166929197,41.37745066451994,24.48609117920418
43.43,-1.014279790985958,41.184230407665794,24.935882760258874
43.44,-0.9845090110006665,40.94142260412222,25.262846343521918
43.45,-1.1255390046452909,40.84868873589917,25.843708586590473
43.46,-0.589954908779473,40.79990345907969,26.092907395863435
43.47,-0.5438146699271834,40.38157489332424,26.364538820571205
43.480000000000004,-0.390534444674895,40.192371116749904,26.814302559029446
43.49,-0.36989732795603986,40.329445414798684,27.203521545766367
43.5,-0.22570646998082877,39.9206874346807,27.70872465704077
43.51,0.2354809457524976,39.90126095577929,28.031242996509746
43.52,0.4242243125574386,39.52328263422305,28.55727355519073
43.53,0.5479302950446167,39.43736078755765,28.918915781319427
43.54,0.5759086622406677,39.2765996878338,29.329764904355773
43.550000000000004,0.9730535302780858,39.1175304412043,29.526314096697217
43.56,1.1480094761703694,38.935489764676696,29.815157620803824
43.57,1.4927633658809183,38.629524752399554,30.269516636997448
43.58,1.8715968597901391,38.518977881667354,30.722582882249835
43.59,2.0070731366591,38.30417479846569,31.100911863256727
43.6,2.5427915757712456,37.98550349359256,31.477827643416607
43.61,2.547413563133933,37.780172420405265,31.932681861093617
43.62,3.000833393139769,37.751991454519754,32.32648586241732
43.63,3.348751264910643,37.316814697178216,32.7681793140904
43.64,3.657590813700465,37.244416783035355,33.08648528759452
43.65,4.006377054970051,36.89128560976006,33.43045521268539
43.660000000000004,4.238811098215693,36.62852554435524,33.92483804806572
43.67,4.7592316351869774,36.3535023111436,34.48253537869133
43.68,5.04301509912778,36.00817731205675,34.746962327337464
43.69,5.21573373179731,35.847671245027456,35.167692206941005
43.7,5.507621939108793,35.38944045420463,35.52481774129298
43.71,5.979412470095452,35.137298204699334,36.187183838225074
43.72,6.2545066458949785,34.92101753634085,36.52292182103911
43.730000000000004,6.506311643976556,34.5206294827898,37.02257715583156
43.74,6.9508444144966575,34.31311384834754,37.366336738458465
43.75,7.169185917624337,33.8557374081137,37.94540697305749
43.76,7.711302171803483,33.35796617413161,38.33029537773674
43.77,8.107454791747825,33.03559644722018,38.61833018104446
43.78,8.15957660016826,32.63367742078466,38.92910260505715
43.79,8.371393355122029,32.44005763213625,39.55248223492573
43.800000000000004,8.988066655047852,31.980578531836507,39.90568991650993
43.81,9.310276836403112,31.1800600468076,40.6649859224738
43.82,9.547786697344224,30.94994212894174,40.775019143768546
43.83,9.52497101039084,30.591509464762336,41.26467522016726
43.84,10.03204617656925,30.111956674748214,41.45285236273782
43.85,10.289973079335946,29.43523682556727,42.004846064430474
43.86,10.345906176814067,29.349216987120272,42.566584890200446
43.87,10.697457243480807,28.778253432976545,42.81485394360767
43.88,10.884657817485428,28.297505147767655,43.110953761420795
43.89,11.224344625939247,27.80572431684116,43.75027168016423
43.9,11.23193873509156,27.196718454454967,44.31320488136489
43.910000000000004,11.456586088293852,26.61016674511373,44.63855695151997
43.92,11.669301806637383,26.007773065755483,45.13591383212256
43.93,11.765989608384492,25.476535173146416,45.69967768746104
43.94,11.98200830686976,24.9107099304726,45.70054762613643
43.95,11.892639324374027,24.480397578206865,46.34905056182022
43.96,12.204428904930506,23.897242604274858,46.651991553821816
43.97,12.094196910794333,23.238008650026728,46.9129021793967
43.980000000000004,12.098963306744956,22.79050989893386,47.41151567249087
43.99,12.217493613393478,22.247778056392903,47.849106611258044
44.0,12.263716742959621,21.718153298166854,48.17910981189988
44.01,12.155689194740683,21.04512612472774,48.55802754877176
44.02,12.119087382227384,20.461202900528203,48.71173627959419
44.03,12.241609757276843,19.78905209303723,49.190709113644694
44.04,11.941488138208562,19.311713442478666,49.46413547847325
44.050000000000004,12.004345759651352,18.772527918260153,49.78128239208603
44.06,11.714016671158797,18.116209877533805,50.18019439666678
44.07,11.736412418022901,17.797760748896824,50.361697330648354
44.08,11.50984573922371,17.112751412609814,50.65459280484037
44.09,11.325361622049034,16.44563223547093,50.87112366746702
44.1,11.215471265382094,15.993087315703434,51.21644768340454
44.11,10.845735427336141,15.343767670152728,51.39417124093883
44.12,10.810634886198255,14.802498057806156,51.75132580670917
44.13,10.408969519315058,14.3614208358961,52.03997596554534
44.14,10.187167211852218,13.888336385001267,52.14740638648839
44.15,9.937302767901036,13.247404095855357,52.43067533753935
44.160000000000004,9.475093848499178,12.869188107246437,52.904088601193806
44.17,9.35122662420771,12.574337342976536,52.819938151877096
44.18,8.992781580199608,12.068578271415689,52.988820095186824
44.19,8.460603629272983,11.318329370360988,53.38338862031806
44.2,8.051611484817808,11.063716149468078,53.27574519151516
44.21,7.802806509797841,10.730066141137263,53.418981691671696
44.22,7.2518368479398205,10.439436954913965,53.78888999223435
44.230000000000004,7.09539431975758,9.798177135639058,53.66328729278396
44.24,6.587280434061776,9.775318316792672,53.80547130281232
44.25,6.178673768874805,9.27511175779818,53.94275650606336
44.26,5.781616599285256,8.896093666834417,54.07799439236688
44.27,5.38958857038957,8.731240156250628,54.14413336712042
44.28,5.027712071838598,8.189048299361515,54.279722928697566
44.29,4.600505796902245,8.066768347784365,54.11737197601594
44.300000000000004,3.934766771955524,7.794239794834153,54.276123891983474
44.31,3.5225734420350463,7.648234651562498,54.217672208989136
44.32,3.017175355258411,7.408239131566048,54.374156967137864
44.33,2.675853377440127,7.142480469794486,54.33681732376547
44.34,2.1024624652261563,7.031829521449886,54.470153813659174
44.35,1.8737041327250292,6.930033460005721,54.4564056263533
44.36,1.2561646533887498,6.885585623835713,54.3565313696106
44.37,1.074673523563429,6.7056562081530515,54.60122290952062
44.38,0.44909706167425306,6.711568097568947,54.44831917844722
44.39,0.13546345794482625,6.609331042716149,54.40380400536293
44.4,-0.4229383340639929,6.519958447626833,54.23771449523148
44.410000000000004,-0.8294393175267444,6.5571159639117935,54.22514003351815
44.42,-1.163790275360297,6.445642667831968,54.03099654466821
44.43,-1.4325218512088942,6.6529214816570414,54.167030141177825
44.44,-1.8584879221138795,6.454974782106665,54.2572923566939
44.45,-2.314449347223156,6.581675020875002,53.94870629016923
44.46,-2.614336163156115,6.724145395790438,54.13589715687486
44.47,-3.228840948308616,6.613545195731665,53.88062996016129
44.480000000000004,-3.213823756432302,6.840143976054581,53.82951685387497
44.49,-3.642264526191797,7.048058399831463,53.66232595714066
44.5,-3.9571161472553986,7.097981328145694,53.86138555679246
44.51,-4.066639235307752,7.415692206207195,53.71738847189739
44.52,-4.366189010159307,7.550537501521728,53.694010116365774
44.53,-4.752256090110808,7.63266536552938,53.484526481236614
44.54,-5.003517324913779,7.621870252539417,53.29755328922087
44.550000000000004,-4.921958300125041,8.015511950408621,53.257155390084044
44.56,-5.263731604882223,8.105109031790345,53.324885609526724
44.57,-5.448984646032094,8.397332723979773,53.15853169109515
44.58,-5.615403591899451,8.369453530260314,53.12390370023209
44.59,-5.590493860698888,8.759192704602688,52.933482304239206
44.6,-5.591283112102472,9.034050638987043,53.00468912746757
44.61,-5.8676844190951245,9.264773197719991,52.96208613335298
44.62,-5.716303620635372,9.345837050733278,52.637515894418414
44.63,-6.075962449363844,9.530354575680514,52.62247862802877
44.64,-5.926924274527112,10.030204295659939,52.39144574883742
44.65,-6.09827815709386,10.125104898371868,52.51446072060727
44.660000000000004,-5.974129866060828,10.234233975861162,52.34914146493013
44.67,-5.858105160360647,10.69232123587933,52.4315703782567
44.68,-5.710852006465077,11.054798529858555,52.24154176061007
44.69,-5.696992260366387,11.116294132100151,52.08505377606102
44.7,-5.729974063252588,11.385519139733459,52.2995956043054
44.71,-5.404945169135653,11.485865826516669,52.131656031788104
44.72,-5.427893348056091,11.90576470264136,51.903107586797624
44.730000000000004,-5.143948838749964,12.245561854588761,52.004628053805654
44.74,-5.018874135797883,12.395394447431888,51.92078482732907
44.75,-4.970761988060823,12.581564670172122,51.86860229427277
44.76,-4.870175839978258,12.991928665418135,51.78176488970824
44.77,-4.392063347066397,13.073454757541151,51.70924898919599
44.78,-4.280542897652209,13.240673729968176,51.59930152299177
44.79,-3.9105437960096587,13.521986500755107,51.58381220423064
44.800000000000004,-3.8974499281080535,13.795938782520157,51.81740410950311
44.81,-3.5580711750305163,13.772262747106984,51.48659142166748
44.82,-3.286727987267062,14.053850851396186,51.44536788480372
44.83,-3.129504401713735,14.351841731229767,51.63588627391828
44.84,-2.8656785340689197,14.432855797333948,51.38383544271911
44.85,-2.5111630368075275,14.771944972550756,51.43629844052272
44.86,-2.2309092811335205,14.90376708445555,51.34953546362347
44.87,-1.7888161341213116,15.068062303101419,51.60200347625283
44.88,-1.4972424291918027,15.139811326521313,51.115448712399285
44.89,-1.0326248837791725,15.27581651333948,51.40013434354429
44.9,-0.8517736576860147,15.472362465503561,51.342832696809246
44.910000000000004,-0.4178416910948183,15.822202975340328,51.38608835702761
44.92,0.022228917424517533,15.66285332845551,51.41477062045523
44.93,0.27419882174376997,15.796862127651613,51.178058561477584
44.94,0.6428136058302298,15.985827854215897,51.223861372798176
44.95,1.0571410359010487,16.071336085914876,51.31308166381874
44.96,1.2935639419209908,16.017688264004253,51.31694590954407
44.97,1.5872550593319017,16.29877059912277,51.239077567582214
44.980000000000004,2.1677254686144303,16.313416820061473,51.07358927185342
44.99,2.594086429777358,16.204287270036446,51.08723707896656
45.0,2.8301682650776994,16.42447770982952,51.224661811853174
45.01,3.5379028990221197,16.404330463377633,51.35905964956483
45.02,3.6866811061600946,16.44206591022305,51.222025832074
45.03,4.09074447351735,16.580038303506473,51.20199808160024
45.04,4.620676956641369,16.49740744989488,51.113223599521156
45.050000000000004,4.992382057156102,16.85637098730197,51.45853764929394
45.06,5.437616203884288,16.797390286913597,51.115774270790766
45.07,5.85031013579318,16.64145479552833,51.29211428416659
45.08,6.2909396292948525,16.718924808006637,51.2263227177911
45.09,6.690585418826384,16.710483909280576,51.14094482765606
45.1,7.095234992785657,16.846700044403565,50.83966874555952
45.11,7.448708964868336,16.74529443964148,51.220285283272865
45.12,7.8190471084790625,16.748434088294708,51.132575334283416
45.13,8.255162342215169,16.870499902222544,51.03864035548384
45.14,8.577181957239869,16.843451758515474,51.07535045775245
45.15,9.157544955955983,16.67654956088721,51.033541809637036
45.160000000000004,9.618249127642159,16.770224171052185,50.889122075005886
45.17,9.987695999821272,16.90796199518797,50.9931158501832
45.18,10.345136636326977,16.772733783684313,51.1600550518876
45.19,10.81753750137868,16.9520117376083,50.881308008990665
45.2,11.230783884875914,16.89319182173035,50.71058896391227
45.21,11.640647889643677,16.889186692818885,50.75086604577486
45.22,12.088660827443453,16.93596922301107,50.718976124139786
45.230000000000004,12.514802366878643,16.988380909554678,50.70621860875011
45.24,12.99636446233105,16.9329480306931,50.70111525237519
45.25,13.318906497224086,16.9063500469869,50.534266106989534
45.26,13.653412937509923,16.891529510045334,50.535113457916125
45.27,14.117142176550715,16.99013627033202,50.44863667857805
45.28,14.534201562310004,17.056404295502922,50.53360823014036
45.29,14.794012172848282,17.083499619854347,50.15757913634066
45.300000000000004,15.304349669509852,16.905635895058552,50.187468713642204
45.31,15.82737936144733,17.021248772433704,49.9990418493416
45.32,16.267811785886025,17.311138396793627,49.831676002050536
45.33,16.445348050375358,17.17551122002661,49.791545225408704
45.34,17.11313614499413,17.234733842758263,49.71585981482046
45.35,17.214257873588004,17.474050431382157,49.642882136390455
45.36,17.694877567199256,17.32973827697485,49.474857152557966
45.37,18.2069686364178,17.67379010844408,49.34915595289689
45.38,18.69521396486755,17.757629042318555,49.1131999544718
45.39,18.952019537455367,17.643937820533996,49.02614013736284
45.4,19.22954565077139,17.76226764426765,48.82791807165022
45.410000000000004,19.646529045743005,17.639207582725117,48.75971013040226
45.42,20.229159025902746,18.14310681296108,48.70247640946906
45.43,20.548916645588935,18.052725171684813,48.49988269874065
45.44,20.73027359137512,18.057599628469607,48.28995811935262
45.45,21.142921489626353,18.268696079150185,47.903094482773064
45.46,21.666265860464325,18.381932786571422,47.98671739912936
45.47,21.908367269318262,18.649515387822987,47.75008114041844
45.480000000000004,22.378008960585703,19.039835138179388,47.580125658093
45.49,22.844784186558964,18.966087157537004,47.16662402879121
45.5,23.171363373949923,19.269756591360714,47.02089521265759
45.51,23.481740253572973,19.63597100977005,46.806740605136994
45.52,23.849382915161396,19.844574686942494,46.61263956381824
45.53,24.13050535722654,20.078862757355413,46.2813199359347
45.54,24.45776347044132,20.28462143601133,45.9944727358615
45.550000000000004,24.82636528297695,20.564641048021862,45.508611746177785
45.56,25.065112818995065,20.83739525423692,45.197642384664995
45.57,25.11284326570455,21.080536125254422,45.14266093883248
45.58,25.55123732906626,21.520346407386135,44.64860273135639
45.59,25.66313948574296,21.678909832736604,44.36045713716905
45.6,26.113072584226774,22.02753188116308,44.251091438437335
45.61,26.24689272689098,22.449725404529296,43.8201720489111
45.62,26.32058190294289,22.82126122967811,43.42350748098302
45.63,26.570515174085795,23.267767337680326,43.10417219115773
45.64,26.974909311318903,23.419831042352023,42.515350971188994
45.65,27.173772205052188,24.055548569500612,42.37809791771619
45.660000000000004,27.360865313921973,24.432153757939396,41.717222495647555
45.67,27.394597875545262,25.03945449140171,41.52046039285156
45.68,27.70202652416472,25.112127902641348,40.97818551571418
45.69,27.762681565831937,25.58930374816392,40.48493674576642
45.7,27.755331830002245,26.246208134363123,40.081873224042965
45.71,27.780235705394077,26.656349252870097,39.66582151780624
45.72,27.791816862737097,27.108182959070458,39.05015187470323
45.730000000000004,27.758415193842822,27.56847102091816,38.76924249996922
45.74,27.69290399531927,28.017387355147026,38.100036077919434
45.75,27.707334882530194,28.607473006358966,37.55498809750192
45.76,27.599041305304556,29.166693510944175,37.24863543952869
45.77,27.577136071348335,29.895947434896257,36.6705552790255
45.78,27.39238236985267,30.233314616027183,36.28821874091352
45.79,27.219090744328504,30.713684105807964,35.70393781638428
45.800000000000004,27.17097888135987,31.172525523556526,35.03534684967079
45.81,26.86882844830387,31.941365568056394,34.360218111964755
45.82,26.585618641487617,32.452502317519325,33.890871481375605
45.83,26.140099985739212,33.20582901883795,33.54679981358006
45.84,25.693085676827543,33.85031371969803,32.99607439957331
45.85,25.574964716404644,34.23745153710321,32.37595400913568
45.86,25.119017438105256,34.91995203628849,31.6492127287122
45.87,24.794945324191634,35.448311409067294,31.256496144008235
45.88,24.04342073130508,35.9800349668738,30.722526759210574
45.89,23.707037310735203,36.44318960010902,29.977518636471153
45.9,22.976073306483432,37.013945190282115,29.41733618025694
45.910000000000004,22.218483568983157,37.453351655688095,28.8295731364553
45.92,21.640085134931905,38.10955471278568,28.30308296949968
45.93,20.95275623275796,38.64427809753689,27.761147466301647
45.94,20.203376630435887,39.44568133609325,26.93502543847161
45.95,19.52926301287889,39.53642490936058,26.185572718484874
45.96,18.579723834219774,40.102754387368925,25.918641967493993
45.97,17.641339318116252,40.43557782734208,25.33550003834218
45.980000000000004,16.813378393635286,40.90043910518339,24.66685693731613
45.99,15.719073348410614,41.28340003161326,24.184108198435194
46.0,14.822340250605842,41.79742940200556,23.558279265503632
46.01,13.709061983574513,42.02505941785388,23.137675026777433
46.02,12.71741177072472,42.37138679144226,22.45549807276723
46.03,11.58862267635023,42.7785786284434,21.8411201579559
46.04,10.443744018947541,43.00029427609434,21.466229207757216
46.050000000000004,9.139792162829433,43.36279042490413,20.96208409275514
46.06,8.103962354080249,43.462872866709205,20.478804490680037
46.07,6.671379403700846,43.72916010603224,20.24777860424239
46.08,5.419897481637004,43.738144314643485,19.706587798013032
46.09,4.155192986907419,43.78064179047215,19.140212513152512
46.1,2.8713059851515683,43.88759480845159,18.84906175284756
46.11,1.4916189270097666,43.85530720268938,18.50256927635695
46.12,-0.10982172462015632,44.10661155875061,17.97753577482622
46.13,-1.8357308420612575,43.62952813688715,17.604503862891505
46.14,-3.09798354414378,43.58593092319397,17.5491401893548
46.15,-4.5092850965917695,43.31028969365035,17.283454647879736
46.160000000000004,-5.99176551902199,43.032957815210494,17.164802025170577
46.17,-7.655342991881527,43.067018947282044,16.725311634462805
46.18,-8.939615084510733,42.43606983186487,16.63986703622973
46.19,-10.615526134617207,42.01407521516611,16.589053308909584
46.2,-12.353059327920802,41.72560618452294,16.282839303136182
46.21,-13.691072397184033,41.31021626724461,16.263607018371328
46.22,-15.21937320214291,40.6535764074798,16.108164150541825
46.230000000000004,-16.6809775234733,39.91007164562351,16.357865991099324
46.24,-18.118303629429995,39.49589260444591,16.217344373150187
46.25,-19.693908488184473,38.76484555625685,16.35772364282456
46.26,-21.28126177066282,37.930160823463396,16.473096350087996
46.27,-22.62491520479499,37.09989466619982,16.602956628319642
46.28,-24.0468862527188,36.1213313554098,16.786443348581145
46.29,-25.288877300720692,35.347325189790276,17.265285771075643
46.300000000000004,-26.579033661649216,34.509218684333135,17.47257172492464
46.31,-28.103267460876445,33.39209279847275,17.725254262022947
46.32,-29.272019002618368,32.26256681291715,18.1505788923258
46.33,-30.614938536270305,30.975070611299667,18.52596942789462
46.34,-31.46445102412156,30.04847140498488,18.92591650775009
46.35,-32.57428438649918,28.863934518106152,19.45186531691777
46.36,-33.668539468609225,27.785258743051745,19.816141604338686
46.37,-34.71502807193798,26.429516989164355,20.536217184556328
46.38,-35.6595356380389,25.15222102715949,20.971471015020775
46.39,-36.321605258732056,23.732202040266053,21.85422586550924
46.4,-37.031297634502856,22.38142406581357,22.34456125034403
46.410000000000004,-37.664134976044586,21.2421716222556,23.048848833849522
46.42,-38.3363752286009,19.51002293992882,23.786482407620213
46.43,-38.90411328777207,18.31251162712863,24.526398491096447
46.44,-39.261013679971065,16.81741100358366,25.486960754131193
46.45,-39.64273792733864,15.403233683449969,26.35722615568277
46.46,-39.9883497283849,13.905778662887203,27.10986145318406
46.47,-39.90460150167186,12.562507771719321,27.89023944263824
46.480000000000004,-39.99049910303809,11.222237118159438,28.843355461238943
46.49,-40.112398135232326,9.90794732092793,29.854454495958752
46.5,-39.980200776568736,8.494323992817964,30.856903136457444
46.51,-39.716825607705225,6.987545702506415,31.838714335342075
46.52,-39.58114756610675,5.65196060226788,32.6700784983951
46.53,-38.95128428815317,4.367684044724026,33.87064964686518
46.54,-38.600648663928226,2.955609604226567,34.57583258000064
46.550000000000004,-37.930162357944845,1.702825853923831,35.65141162380302
46.56,-37.45798232508802,0.48364606542771305,36.552426458733606
46.57,-36.60546197711321,-0.651875204297353,37.624979144548476
46.58,-35.93531361158564,-1.8420397122722918,38.61218296704873
46.59,-34.8901715482506,-2.8022361997266887,39.713397288056065
46.6,-33.79125246107152,-3.8766519094697625,40.595581053786304
46.61,-32.69177166825409,-4.924865441885298,41.6607900228629
46.62,-31.32039766540143,-5.817860221710781,42.48593567806928
46.63,-30.34671821524229,-6.810909235445688,43.4486219466022
46.64,-28.88358912155529,-7.67412328751989,44.28918195152738
46.65,-27.486636703887342,-8.303968380710712,45.24905836585406
46.660000000000004,-26.08712424349411,-8.918010244424343,46.298660772284215
46.67,-24.72284790423723,-9.72433733637919,47.09466974803113
46.68,-22.962158446587793,-10.210112483492939,47.88003297819165
46.69,-21.461661509102694,-10.737568442835586,48.70244055786631
46.7,-19.748433082064267,-11.265227121016974,49.423469602161525
46.71,-17.96466195321521,-11.357425993923096,50.32544980708523
46.72,-16.34911999414888,-11.494684930782162,50.91764684942535
46.730000000000004,-14.528649513336378,-11.695915547670884,51.5419307828679
46.74,-12.728453218437464,-11.858263999052534,52.18798749547071
46.75,-10.821212299528224,-11.860855765255808,52.530460052227596
46.76,-9.05085409925678,-11.738410148967985,53.325631134274694
46.77,-7.17962287875377,-11.629798705660455,53.66566804027059
46.78,-5.46785003210262,-11.448810169322845,54.08337751994912
46.79,-3.4721316602193837,-11.12362572859821,54.30423835384078
46.800000000000004,-1.756292422635189,-11.006614803637115,54.79547307865256
46.81,0.2742520182001096,-10.312160362521581,54.94875773145427
46.82,2.040655547725456,-9.96227313127391,55.09949466458776
46.83,3.8391591128950306,-9.21175896790943,55.3429680419908
46.84,5.567793919502813,-8.481293184468127,55.45210833867067
46.85,7.487155378025988,-7.831515954203108,55.52926244833569
46.86,9.157192000141157,-6.927636315731728,55.40311813120478
46.87,10.777924890618989,-6.158560364045473,55.311907602647935
46.88,12.513909305966655,-5.145464526288694,55.205678780408746
46.89,13.984080517893121,-4.275212946689753,55.01655378518957
46.9,15.439433011512863,-3.317334096022264,54.78076472560717
46.910000000000004,17.03029928500521,-2.261017396889498,54.443591171296596
46.92,18.469126862827288,-0.8994824072410976,54.22903266794403
46.93,20.06836148708467,-0.03992050013594571,53.70741174870896
46.94,21.27620043918911,1.0584874245108085,53.12578471356732
46.95,22.495562710768894,2.489061448940054,52.90283387713394
46.96,23.95632256177179,3.58252391328796,52.27049694830158
46.97,25.051697766848864,4.963539231071875,51.65840836504871
46.980000000000004,26.041734339995113,6.456377457120397,51.00517737884756
46.99,27.045213136766687,7.659232734585229,50.41998680037939
47.0,27.910912143229744,9.137522112099749,49.28991076492565
47.01,28.62253732363794,10.271191309902154,48.78169007109537
47.02,29.76347186938683,11.900984725764847,47.636903605622834
47.03,30.473267592075555,13.154227895824825,47.17360966340903
47.04,30.762893807746124,14.482749435610952,45.82843334334097
47.050000000000004,31.7095108617311,16.11051476198478,45.17496887137163
47.06,31.889703690306217,17.184881784884336,44.267614936525796
47.07,32.225972108601376,18.740967262292795,43.35220660909017
47.08,32.418894018224044,19.93627829254811,42.08992048533109
47.09,33.04887738233664,21.25796134513256,41.09490412965774
47.1,33.131239197975816,22.737618785578242,39.70915904452715
47.11,33.2250636742336,24.133399369642394,38.8229210700528
47.12,33.536350333212326,25.171480473226516,37.51588915395601
47.13,33.224080045010666,26.556943387931597,36.542975273560614
47.14,33.123809208560715,27.702051901805426,35.283583238206084
47.15,33.16922400007599,28.84358675410323,34.17419137118771
47.160000000000004,32.76649996608003,30.065813294282503,33.035947301253586
47.17,32.58272410417671,31.247905704375007,31.700381875075582
47.18,32.271435051784835,32.15926896962041,30.499178263371775
47.19,31.6651607564994,33.353791880535056,29.19001059939442
47.2,31.349624205988842,34.39966106890812,27.97162040165406
47.21,30.85011803610385,35.349624845835656,26.655798092476186
47.22,30.15874667822496,36.426854138458786,25.337442548307823
47.230000000000004,29.572537815256823,37.4141145040787,24.1940161584037
47.24,28.968431178837154,38.11126950076695,23.07482527220976
47.25,28.454892854544006,38.80254803528555,21.810756073240576
47.26,27.68148287689202,39.77151868823055,20.378762106134864
47.27,26.731106980484988,40.45210495269917,19.19501205934313
47.28,25.927101185048134,41.10355014629824,18.022703607624358
47.29,25.148345894284738,41.61243306272695,16.94123743930791
47.300000000000004,24.258025680597395,42.25030377090941,15.679163265420609
47.31,23.425460376487024,42.819363320545634,14.34894152580009
47.32,22.581409768783875,43.460537703965514,13.26312548251351
47.33,21.47660680057884,43.942137691614235,12.047867767267293
47.34,20.83383537802017,44.0972395188158,11.048164794596472
47.35,19.528604021453575,44.80124679852486,9.800334470296407
47.36,18.722291973607987,45.136954891899265,8.581968119494869
47.37,17.731305983211335,45.48190500343933,7.452248627701489
47.38,16.70713081575404,45.691465681794156,6.429703330457231
47.39,15.8035946435169,45.86580507021842,5.354245208847471
47.4,14.598120041868436,46.229847994410704,4.332394452536367
47.410000000000004,13.615982437175589,46.287921852321546,3.202850949280537
47.42,12.664672373875941,46.52629558838073,2.2229120989568703
47.43,11.532593307604403,46.55522596441812,1.2960776774162333
47.44,10.703954220173669,46.59546733534591,0.2707089650283988
47.45,9.532131667084105,46.587608150324655,-0.5044809964491346
47.46,8.60473034467085,46.46666338113096,-1.5113083222888493
47.47,7.5609742450624795,46.578489042931125,-2.233757299962883
47.480000000000004,6.734284771039938,46.301027503834895,-3.142935982786337
47.49,5.689299425142102,46.318423109588714,-4.046659595140826
47.5,4.677909648665981,46.230863276513546,-4.828927743124165
47.51,3.7426494536373514,46.077487831083076,-5.6366499108189405
47.52,2.9748914025486077,45.93049116664316,-6.474463158450819
47.53,1.9115537275851398,45.639402619293875,-7.192120348796797
47.54,0.8778454174746555,45.67395604343684,-7.8930385598009964
47.550000000000004,-0.0070305328525963745,45.42040193891577,-8.73898400030885
47.56,-0.9988722519124221,45.067727803214225,-9.104607228043509
47.57,-1.7448734745360848,44.85460609331606,-9.787780045397346
47.58,-2.626462833075293,44.57543477722255,-10.53593514149507
47.59,-3.285061221780794,44.56324831662358,-11.016782575083429
47.6,-4.256568659862617,44.21190545680597,-11.803699866535169
47.61,-4.883677093029255,43.68540277187701,-12.297011893518444
47.62,-5.789598559096916,43.72078903779213,-12.8883392958971
47.63,-6.265015805540436,43.22485880508169,-13.074431654691818
47.64,-7.108737375666327,42.878130193493305,-14.11805449634997
47.65,-7.800215294797679,42.54680831448947,-14.552029004262167
47.660000000000004,-8.403036742924678,42.26868948826844,-14.676042916833628
47.67,-9.074262174295814,42.083709510604535,-15.516355823613173
47.68,-9.63343570513323,41.511072306868385,-15.870167267062808
47.69,-10.398323935896125,41.15584994234321,-16.24483073829545
47.7,-11.009613869171936,40.965821294671244,-16.862982953694207
47.71,-11.373137356274546,40.685487001453524,-17.075791343215663
47.72,-11.970550030025592,40.35346270651646,-17.31822753554366
47.730000000000004,-12.730527577127317,39.94928428937475,-17.850420876304426
47.74,-12.88330930572436,39.602991178777984,-18.390435059850933
47.75,-13.366176578709796,39.218232263075855,-18.69224110363342
47.76,-13.917543303127001,39.04420191855438,-18.962343668833352
47.77,-14.455873782887178,38.72589687286767,-19.294342566534905
47.78,-14.700131637732346,38.70313453932908,-19.70118328386858
47.79,-15.100652647858489,38.160737985609934,-19.880829219155338
47.800000000000004,-15.387270234282719,37.828204437232856,-20.099746476526047
47.81,-15.48728734055158,37.60553365151375,-20.421854044669573
47.82,-15.979251700554439,37.46739543506781,-20.92987317514071
47.83,-16.263674244659903,37.15754930406371,-21.00741068662926
47.84,-16.474533206348895,36.8963431197841,-21.32872610862794
47.85,-16.76651253980778,36.671801881754234,-21.515106355019704
47.86,-16.957558439822293,36.48281863569391,-21.909007561781078
47.870000000000005,-17.264093282353127,36.22781295272724,-22.058025494607453
47.88,-17.233756619212965,35.99039542826403,-22.19112841982036
47.89,-17.305023541588522,35.92599869733432,-22.65107455614268
47.9,-17.660534383500586,35.502437903964285,-23.15273501665898
47.910000000000004,-17.69880638898755,35.39394890867506,-23.255091644109697
47.92,-17.840947976461216,35.30538534003271,-23.442215182806383
47.93,-17.663661084083095,35.151637074809834,-23.660994776624918
47.94,-17.675064318283685,34.79156934052717,-23.72867393959889
47.95,-17.6825788908631,34.751774545945075,-24.265279245197423
47.96,-17.79607304453301,34.55732041323224,-24.743117243211845
47.97,-17.605219748597666,34.43674733567212,-24.85525967037923
47.980000000000004,-17.65831817649402,34.442431361798135,-25.139158646950513
47.99,-17.631931568296157,34.108414920526904,-25.404557067835462
48.0,-17.486622987464255,34.21350937961173,-25.663606063488075
48.01,-17.266498025409188,33.944726693850605,-25.67468267927874
48.02,-17.21433013081599,33.77046143082189,-26.013881262744835
48.03,-16.966595873369663,33.89511344244501,-26.450785381937852
48.04,-16.740059216894423,33.663649133795744,-26.866301423277978
48.050000000000004,-16.499449449212026,33.6434384352151,-27.092059240079102
48.06,-16.252739180533805,33.46955826979438,-27.48718258073435
48.07,-16.115660801933043,33.31290428757311,-27.720868943071295
48.08,-15.569045833315228,33.2813755373108,-28.095076874595648
48.09,-15.475908049892837,33.34067467598925,-28.26038863381572
48.1,-15.131871280167859,33.25971731384548,-28.61287887411786
48.11,-14.629950809057322,32.936937873379634,-29.005400804381384
48.120000000000005,-14.306438059110649,33.09292704357924,-29.381259534359796
48.13,-13.906494032098948,32.972183835495954,-29.784940390361434
48.14,-13.442032555651599,32.920744384851695,-30.087239664475845
48.15,-13.275529921246331,32.868423822853984,-30.592287351978946
48.160000000000004,-12.673413946650255,32.714526119252945,-30.826991006909044
48.17,-12.353763489312646,32.41992317665665,-31.34567402007733
48.18,-11.863540282039615,32.41773565326843,-31.698184481584025
48.19,-11.258021363672668,32.25536188438158,-31.95850392976296
48.2,-10.819705104651444,32.06425734596941,-32.46122706567807
48.21,-10.162421659061607,31.959535459368922,-32.76316751587467
48.22,-9.749594589535088,31.70321958909347,-33.27631721712205
48.230000000000004,-9.253531718749144,31.648157657858395,-33.53399424843465
48.24,-8.520716800250895,31.485150611848958,-34.108173034525024
48.25,-7.888621865032264,31.364157252025244,-34.282159088531365
48.26,-7.3875033602354545,31.24191205196544,-34.95706889667615
48.27,-6.799041669643007,30.950175027006768,-35.47829196712719
48.28,-6.401858652016686,30.69290188759476,-35.88515807722369
48.29,-5.59676492868637,30.49453925100573,-36.32575799742749
48.300000000000004,-4.890543393989971,30.050619983860866,-36.83139772368888
48.31,-4.104685734363115,29.680603161333675,-37.22576804908278
48.32,-3.5376388713961817,29.42013380826616,-37.72900611253842
48.33,-2.8762537877909318,28.98481448579798,-38.11127070041758
48.34,-2.172483791286384,28.858379272262315,-38.567100911402214
48.35,-1.6227843383672305,28.48472141857152,-39.103431688575675
48.36,-0.7877592794323207,27.99743657683178,-39.440095388877
48.370000000000005,-0.14602365042104815,27.44114456693254,-40.09834965039254
48.38,0.48513408284803383,27.323119194721908,-40.4181414642969
48.39,1.24965008663266,26.628285432624548,-40.85280853180239
48.4,1.8747220322403675,26.204284191728643,-41.45071257537705
48.410000000000004,2.3770596262052104,25.688227039021445,-41.89013815823871
48.42,3.1410764322636293,25.151935925088985,-42.348819419725125
48.43,3.88859123191997,24.52608384779938,-42.674590204164325
48.44,4.661221387725143,23.998698687231585,-43.287001121223454
48.45,5.299851825002227,23.274510060270263,-43.69769640002964
48.46,5.846703423041914,22.732917638963055,-44.1051475591896
48.47,6.393855168181453,21.925071959069474,-44.767153511703455
48.480000000000004,7.071131208315111,21.20948484682295,-44.96379570081726
48.49,7.676486352778564,20.530692211160023,-45.51870949755941
48.5,8.194925529364934,19.724881041628628,-45.874114268729684
48.51,8.841929562814892,18.949151962902324,-46.29505191689667
48.52,9.254659228965497,18.02759242997879,-46.5660605903719
48.53,9.978819162304594,17.347648950856204,-46.94463316148534
48.54,10.744178229336542,16.394389888480674,-47.294815737233236
48.550000000000004,11.030761079386036,15.606094888906524,-47.67485577695497
48.56,11.318838188655192,14.500211458541528,-48.013548708922286
48.57,11.707940598987898,13.665141929358814,-48.123562334958024
48.58,12.238932874543076,12.815076036518587,-48.61130018996688
48.59,12.569063254880978,11.789088669306832,-48.88912690392671
48.6,12.806134463354148,10.82687086777534,-49.11891862086058
48.61,13.237817543584102,10.027424236076161,-49.40101454825554
48.620000000000005,13.441832597042033,8.930453989745605,-49.731953485276414
48.63,13.665041305249844,7.803863219642073,-49.772409072258625
48.64,13.8886737336071,6.814838119233263,-49.89098894657496
48.65,14.23745305605733,5.7805094426749175,-50.286082674786044
48.660000000000004,14.31567778509225,4.701190621779983,-50.25464361655603
48.67,14.42481000210866,3.416976985640521,-50.38707524747796
48.68,14.525367378519146,2.569004372537742,-50.616869653468555
48.69,14.63903329302693,1.2563645538619785,-50.87538742191013
48.7,14.58921501855561,0.4035445258060435,-50.67078862732662
48.71,14.756150608984766,-0.7089309378179145,-50.80744211565998
48.72,14.38818030333214,-1.8254647850773227,-50.67530852063507
48.730000000000004,14.449418686821103,-2.781621258438513,-50.89745878294805
48.74,14.386405989535776,-3.864558040634023,-50.87250864376459
48.75,13.95335106508284,-5.014440932354115,-50.71356083900738
48.76,13.746480370236892,-6.089314237158156,-50.9231370600883
48.77,13.459812770401555,-7.11904355486526,-50.647326707428896
48.78,13.269955537215054,-8.146678692828539,-50.697314202894034
48.79,12.94844192988275,-9.178971953982257,-50.65502956955719
48.800000000000004,12.566956038921907,-10.18070877250889,-50.161969265774616
48.81,12.318306990428857,-11.181693233005795,-50.20877554829679
48.82,11.760032848440307,-12.080065129720131,-50.044996767271364
48.83,11.156171277478457,-13.146731203970422,-49.864143100094275
48.84,10.8237780702777,-13.94874724951445,-49.728893241850336
48.85,9.997587631157332,-14.939893834122163,-49.577521866364755
48.86,9.42017210347458,-15.881202644732072,-49.22447773039591
48.870000000000005,8.970801394869486,-16.744422325098725,-49.2432359905365
48.88,8.25449485847516,-17.65203206008816,-48.749501198829904
48.89,7.532312288233988,-18.260723300855116,-48.45174501638137
48.9,6.727218573067651,-19.168493712884214,-48.31252975410037
48.910000000000004,6.168862127359704,-19.934110887371542,-48.067865736675046
48.92,5.7048881328807,-20.774270054339688,-47.61217459410448
48.93,4.610274779869437,-21.298757945645505,-47.53996329315523
48.94,3.720865080229586,-21.895674969461904,-47.11169052616416
48.95,3.057744143797914,-22.515355733752205,-47.031317686660884
48.96,2.0278204034324423,-23.076409328328452,-46.394217383519646
48.97,1.5139064215135825,-23.60821309073841,-46.12196214938333
48.980000000000004,0.45189623209826696,-24.401023384405793,-45.934097459617284
48.99,-0.35924664915184845,-24.622055331827447,-45.48979104326229
49.0,-1.4594322145005891,-25.033482213303877,-45.26294024990572
49.01,-2.0047684244267523,-25.272850863185784,-45.0430889387564
49.02,-3.00628063874169,-25.77353229225342,-44.44613481924101
49.03,-3.7703981356587124,-26.00070944605349,-44.31777178429878
49.04,-4.683263704646374,-26.233868687537328,-43.98829883599112
49.050000000000004,-5.371558046954395,-26.765099588574326,-43.831467238078645
49.06,-6.291167780464228,-26.90072448255563,-43.29059890150952
49.07,-7.52308646528179,-27.046902296178313,-42.97552267233201
49.08,-8.06227660589484,-27.055283697836106,-42.62401407578347
49.09,-9.087252201731777,-27.26346606797721,-42.77230274964253
49.1,-10.014191652502106,-27.18068339151475,-42.32033322656329
49.11,-10.661329835717908,-27.417449448482966,-42.125415557805546
49.120000000000005,-11.53179544693769,-27.18898127002397,-41.875156388120466
49.13,-12.363969001280816,-27.04814036751078,-41.234467676718374
49.14,-13.25845195027735,-27.090603730938536,-41.03743303558337
49.15,-14.064745786665624,-27.024213242972124,-41.01184566488038
49.160000000000004,-14.693188659190351,-26.866238031380075,-40.46940840986555
49.17,-15.435221200887524,-26.832676564475495,-40.64521745746622
49.18,-16.142082918133152,-26.786923782010348,-40.61432686602643
49.19,-16.823155799805217,-26.214816249837583,-40.04975395844708
49.2,-17.57424635861604,-25.992337823332953,-40.008816052314714
49.21,-18.179590331894342,-25.869758263717028,-39.9177634241628
49.22,-18.61260517678866,-25.449888508742617,-39.83089539186027
49.230000000000004,-19.131816363950012,-25.25322293811867,-39.4820355153255
49.24,-19.923780913993674,-25.106554433032468,-39.57283594046412
49.25,-20.482727401565842,-24.700510357244163,-39.625339382180634
49.26,-20.956827985982205,-24.306254967050176,-39.42143345620847
49.27,-21.249570590438854,-23.879464491873186,-39.37373977011337
49.28,-21.67167741464898,-23.6283905305768,-39.43521989892639
49.29,-22.031299070928235,-23.076980967023147,-39.44060149622469
49.300000000000004,-22.36310089471577,-22.940838453454084,-39.34813441257647
49.31,-22.856190152859902,-22.50875297950724,-39.41486468830321
49.32,-23.16850564663787,-21.965646515463987,-39.294854537738026
49.33,-23.401777461645864,-21.636066375734206,-39.50677508730368
49.34,-23.471730066668886,-21.227815725043794,-39.43461046164387
49.35,-23.645482668298857,-20.765249443029727,-39.55665295600377
49.36,-24.05305020970107,-20.283270459547854,-39.60952247573366
49.370000000000005,-24.287037856064796,-20.025977197085496,-39.595787062899255
49.38,-24.03520675714232,-19.63620743905377,-39.91940894658765
49.39,-24.2017604923537,-19.088634228605596,-40.041228512737334
49.4,-24.37423462711938,-18.846848159960413,-40.24971173939445
49.410000000000004,-24.452221243053216,-18.402447850629823,-40.35572102863524
49.42,-24.097453641112832,-18.04297434106507,-40.482689617382604
49.43,-24.138993133137593,-17.758204747909307,-40.751010946201795
49.44,-24.319411487392212,-17.691141496061846,-40.904051399724544
49.45,-24.006146905496987,-17.10922271833382,-41.05690484058284
49.46,-23.76523973694658,-16.841468240304174,-41.202031386187
49.47,-23.70486404796269,-16.45783078457009,-41.41572711480934
49.480000000000004,-23.60792867590112,-16.156315345707718,-41.76928868414275
49.49,-23.364595753788013,-15.916350623306828,-41.672294050563025
49.5,-22.96839432232644,-15.676210994528125,-42.11874298173691
49.51,-22.54014722129119,-15.44672074805955,-42.402064843372955
49.52,-22.43943815509061,-15.300561200454691,-42.66725030969513
49.53,-21.990505174409073,-15.107815690362312,-42.76879889179505
49.54,-21.723688274619743,-14.942248144230591,-43.046398956301175
49.550000000000004,-21.55818343594123,-14.797422692941888,-43.22596713752685
49.56,-20.962535564030482,-14.521573192146096,-43.78050230423358
49.57,-20.46670060162457,-14.34693115930117,-43.92646141508445
49.58,-20.09907496385358,-14.46630854566521,-44.41377797706187
49.59,-19.52327369963376,-14.260672304061329,-44.32170445614775
49.6,-19.14611214407999,-14.184715857725621,-44.658281072913184
49.61,-18.62163357247328,-14.26362933674073,-44.866302968449844
49.620000000000005,-18.153599470341547,-14.112123984002174,-45.198285178008355
49.63,-17.707527232513733,-14.018474742181846,-45.26686478243922
49.64,-17.068518129470792,-14.134014693977102,-45.58187622000957
49.65,-16.42494168636279,-14.202089746464283,-45.82053761552645
49.660000000000004,-15.798567017992584,-14.050008751910328,-45.91657716230868
49.67,-15.10807215105272,-14.526042511598597,-46.13914525283907
49.68,-14.60593013885971,-14.516182917990408,-46.27563172032256
49.69,-14.044801137315362,-14.493037345051459,-46.559462100805916
49.7,-13.290909993291868,-14.7206982683591,-46.88134778843936
49.71,-12.589862622042023,-14.80376907142577,-47.07501233618272
49.72,-12.004714504554864,-15.274693265390013,-47.231471003430464
49.730000000000004,-11.296322907708612,-15.090216828186328,-47.39091884916344
49.74,-10.321386901606218,-15.492943097171763,-47.55113854928283
49.75,-9.75886604823742,-15.605341109288135,-47.71327664144642
49.76,-9.084563141027857,-15.893598952023636,-47.785687131789516
49.77,-8.33558315216984,-16.189230378863865,-47.75729799512715
49.78,-7.549402680437313,-16.496798383764375,-48.023404830872344
49.79,-6.672221298086523,-16.88024019028975,-47.93530484788629
49.800000000000004,-5.738411971999704,-17.0892479128922,-48.06644274087591
49.81,-4.9960016100306115,-17.381567385139306,-48.11609778068879
49.82,-4.137873183169085,-17.675462503896448,-48.12591156377198
49.83,-3.5824574098086623,-18.03771716692132,-48.309957446320425
49.84,-2.6137601573038673,-18.40363161651862,-48.18562473805737
49.85,-1.6767877644671982,-18.69557384608087,-48.102289889787684
49.86,-0.6138437086628896,-19.031340605775654,-48.16936179405236
49.870000000000005,0.16527231375030643,-19.423540583770254,-48.0814573394711
49.88,0.9854743384454814,-19.840345539366737,-48.032987944885086
49.89,2.070231689807809,-20.182397895206392,-47.92859322884505
49.9,2.820011727511118,-20.593968668417254,-47.936549297892114
49.910000000000004,3.678431414519206,-20.983795622691282,-47.827611836445996
49.92,4.654107531692724,-21.323260211446406,-47.56435413885288
49.93,5.589124979497455,-21.827773849757282,-47.22667473764331
49.94,6.589805011793695,-22.171350802408256,-47.06679685771802
49.95,7.395308806340715,-22.534347093504763,-46.920641145237546
49.96,8.460533125172397,-23.03292477861978,-46.45086028988548
49.97,9.58443416183508,-23.562507954013842,-46.32198111479663
49.980000000000004,10.596885331048124,-23.68107497814422,-45.772899863301184
49.99,11.495532891365166,-23.933401423683453,-45.73770699307371
50.0,12.611009460098465,-24.365636525609023,-45.2608280036353
50.01,13.8688526721562,-24.843411576570237,-44.95376762128773
50.02,14.719750836544746,-25.265081505123074,-44.64890859788004
50.03,15.858227508652117,-25.511770172164155,-44.01428100434997
50.04,16.81776104205073,-25.936611662395,-43.6915881803121
50.050000000000004,18.074571628800363,-26.15686242251074,-43.12632106410294
50.06,19.048121928912636,-26.305035271576077,-42.62500764549427
50.07,20.16359482713255,-26.935795707795375,-41.96963069481614
50.08,21.350183925644462,-27.047594990977238,-41.446081536162644
50.09,22.21854272675913,-27.358625549360756,-41.00064315327689
50.1,23.763248462372868,-27.456712193799472,-40.374067961792946
50.11,24.879117901423385,-27.713135446097105,-39.739592694347515
50.120000000000005,25.899131516940898,-27.907336979113566,-39.11308081866052
50.13,27.15596251232398,-28.033356946265737,-38.31286456225791
50.14,28.099435693102915,-28.386333116018687,-37.79028144692977
50.15,29.371792293255126,-28.560429347132427,-36.8892619484344
50.160000000000004,30.69585932065193,-28.481258713763918,-36.258064484097034
50.17,31.901908450737885,-28.497136443074858,-35.206547759363254
50.18,32.9642070220345,-28.65729788629354,-34.481642972217855
50.19,34.218835332325106,-28.754600374184434,-33.4767875847719
50.2,35.253753250251215,-28.614816062432556,-32.65982656578232
50.21,36.36970854700673,-28.35531713242696,-31.819738676757815
50.22,37.54211766212044,-28.5498502812928,-30.977336932118977
50.230000000000004,38.66109049401456,-28.18763216838645,-30.087180370105873
50.24,39.9468046000144,-28.133118638087122,-28.890557572715938
50.25,41.097846447947596,-27.80094788435157,-28.063894767667943
50.26,42.382767171690304,-27.647810439448723,-26.789156897723736
50.27,43.37658458355435,-27.38607387633501,-25.84504303500234
50.28,44.386483639584064,-27.10491925677537,-24.831371724984432
50.29,45.57090337822243,-26.604013607650163,-23.6613189237322
50.300000000000004,46.54424942125524,-26.12194654796196,-22.42392185820999
50.31,47.78469162875687,-25.826471508819502,-21.301103260663474
50.32,48.7548158251471,-25.100733226070364,-20.08734627757962
50.33,49.80905127901744,-24.92281192510609,-19.022148595837198
50.34,50.799199749221636,-24.07289093232706,-17.71763067957609
50.35,51.695384872359604,-23.505796904635538,-16.578194954065907
50.36,52.50640559420249,-22.94080564563848,-15.190203318024869
50.370000000000005,53.48445720942235,-22.09332579870832,-14.04545269868961
50.38,54.41443530466987,-21.461817214987942,-12.799239131802663
50.39,55.28385531745478,-20.655446057007968,-11.283550501184028
50.4,55.83289870301294,-19.837435556877548,-10.090561903955836
50.410000000000004,56.73003749717687,-18.792303073417678,-8.88853277765656
50.42,57.31359891173973,-18.021847675984752,-7.356770437197395
50.43,58.148629334401924,-16.837455333871926,-6.166387340438026
50.44,58.71127379286915,-16.112291965800328,-4.630200840138
50.45,59.06932197042219,-14.935083015798865,-3.2078949325435295
50.46,59.45728426674703,-13.830357711655102,-1.6960771090363542
50.47,60.09158277038076,-12.63755688305616,-0.6703868099873922
50.480000000000004,60.443599924654706,-11.354938550816529,0.7781399448928034
50.49,60.677414019875236,-10.285872945948109,2.300671511642105
50.5,60.914679664003,-9.084328360094123,3.729032257325897
50.51,60.99984637455112,-7.736073294247318,5.054716887765935
50.52,61.005143506782545,-6.395997882693511,6.587621914941672
50.53,60.95607808617146,-5.172836023851054,8.14517491480247
50.54,60.96301283307934,-3.8867565642186226,9.323296740655188
50.550000000000004,60.65613777926082,-2.5773953706146173,10.640139806371392
50.56,60.68979135085543,-1.223945097400822,11.869372170583667
50.57,60.36348658505298,0.2919680293716682,13.452466082752093
50.58,59.91903860324903,1.6091705025716418,14.625534558223558
50.59,59.415462751319616,3.074990890181208,15.985331716304549
50.6,58.87871097217596,4.850564911930717,17.34151741398712
50.61,58.270614550168126,6.177476275809484,18.667755681659557
50.620000000000005,57.418255995077374,7.540263363353147,20.001067073554676
50.63,56.57006835294011,8.984623792548186,21.088407268552913
50.64,55.483864189217556,10.35691837909425,22.418029573431923
50.65,54.474539838407736,11.790543605876358,23.632380371924768
50.660000000000004,53.45426844490139,13.322791467371317,24.601328447148862
50.67,52.29375628964581,14.87081812627408,25.682163072628313
50.68,50.747172519194685,16.111245611071414,26.807037336845042
50.69,49.39842186276018,17.343008894114792,27.881766956357236
50.7,47.79237871758216,18.873828142811988,29.00381548317838
50.71,46.22760825556049,20.202006081455213,29.904125873144483
50.72,44.713222423111446,21.368274466346517,30.904041129756735
50.730000000000004,43.04311992668363,22.44529781290985,31.399353190040944
50.74,41.07192684814113,23.838031374975213,32.43633955623076
50.75,39.2751397395997,24.98324352851674,33.236272508941745
50.76,36.94998084658513,25.864931741508805,34.09000346127889
50.77,35.1826053768103,26.883970985435823,34.51238909364648
50.78,32.89659605692999,27.780727035656064,35.13545895931098
50.79,30.712818046878173,28.962822204885256,35.83950255044716
50.800000000000004,28.44498890952422,29.50595064831591,36.25358207735218
50.81,26.2195755883615,30.409625656773954,37.0503213239008
50.82,24.050692158906102,31.094417049842452,37.21921744112732
50.83,21.184649005341885,31.594725049887767,37.492893175858015
50.84,19.118906099154806,32.02617451902025,37.90931559295568
50.85,16.389419667873007,32.43102161773064,38.163599392496245
50.86,13.978326328440678,32.664484898140095,38.30122720040868
50.870000000000005,11.147264797654781,32.93024947900367,38.46825913191819
50.88,8.579911384374608,33.13567972304362,38.3082629487046
50.89,6.13901660027387,33.243619253799736,38.54168932146709
50.9,3.501421511670862,33.202239172650835,38.47157036743983
50.910000000000004,0.8254409993103407,33.09922229940987,38.15340692603529
50.92,-1.8127849187306249,32.83916466006581,38.198239575338086
50.93,-4.362066950821318,32.5002541850351,37.742536047862295
50.94,-7.041199980172172,32.04107694142522,37.43400067519265
50.95,-9.509771398468747,31.365054551542617,37.115172196788485
50.96,-12.36830421073183,30.774497486867872,36.748444444833325
50.97,-14.733131900720448,30.26719838129477,36.201507804354755
50.980000000000004,-17.09393869826725,29.199763461331855,35.50433656820461
50.99,-19.57358073518469,28.359988863627112,35.14662488882295
51.0,-21.879742508587203,27.415950483322362,34.44963609326823
51.01,-24.078250131835215,26.31051573466315,33.88341373936668
51.02,-26.416316240469143,25.144441225736056,33.056222276456175
51.03,-28.808655875908975,23.961737626553607,32.21525408476974
51.04,-30.55080235284411,22.630028733291308,31.327214496583412
51.050000000000004,-32.68277421298181,21.000968202474198,30.463044382558564
51.06,-34.83959450916507,19.616052883405278,29.85915565847307
51.07,-36.359153011657256,18.161236313635865,28.76865423467063
51.08,-38.19329301841709,16.342365244368434,27.75598181424971
51.09,-39.600465826483806,14.621066769693241,26.625965821785407
51.1,-41.53471119615502,12.765146491052421,25.61085157028308
51.11,-42.65368589621258,11.042328864337408,24.53963897866224
51.120000000000005,-43.81915605608756,9.055874814411995,23.31309077524085
51.13,-44.91341884693674,7.134383664015343,22.34118818990884
51.14,-46.165135752700245,5.2999654883388345,21.15219945950312
51.15,-46.681034942869275,3.2028156114683157,19.866713596553748
51.160000000000004,-47.64261539714348,1.2057989554971154,18.85079657088255
51.17,-48.51763924935066,-0.9170754222162399,17.547754330420805
51.18,-48.63373759685371,-3.029747916072044,16.54923009406093
51.19,-49.250300895945905,-5.015786351731459,15.2199009017468
51.2,-49.439937620339144,-7.123181365446746,13.952661989347718
51.21,-49.447532292083515,-9.13067790377648,12.673545482091303
51.22,-49.37063153765489,-11.333106169947495,11.512607850055756
51.230000000000004,-49.368563729400975,-13.44507855162037,10.309576711700576
51.24,-48.84721068412392,-15.438845929768148,9.1262569026994
51.25,-48.599236101087534,-17.27693608822367,8.12818901121917
51.26,-47.866190728991675,-19.54954704016024,6.581360715904754
51.27,-47.0607774648117,-21.432198093719272,5.618886667965839
51.28,-46.27888034424488,-23.503808414678197,4.106724201175294
51.29,-45.27075713718162,-25.334023854311102,3.148977184905
51.300000000000004,-44.295204150746606,-27.23975610106083,2.153319993524967
51.31,-42.89227620055238,-29.19067566594732,1.198504371252881
51.32,-41.84179029265664,-30.599862897316385,0.05507916640116267
51.33,-40.36928267902624,-32.33824130352267,-1.0354945179746942
51.34,-38.869464860634096,-34.24718737995673,-2.038073073601596
51.35,-37.10375860798621,-35.802150325568704,-3.0273756303327106
51.36,-35.49431222701391,-37.219802293810794,-4.062332149996656
51.370000000000005,-33.7086388744479,-38.93968127175635,-4.99329126065837
51.38,-32.04030835652749,-40.26129472753185,-5.736426442253998
51.39,-29.949923020618847,-41.26496276977693,-6.694886720716759
51.4,-28.0174602199125,-42.45435275127386,-7.478229358592327
51.410000000000004,-25.715671385414232,-43.62891216074961,-8.434466440645378
51.42,-23.785283958812045,-44.59721181689802,-9.13030683102148
51.43,-21.352342911251544,-45.49287746192576,-9.681488546579207
51.44,-19.26354959673962,-46.19789877294417,-10.304727878504092
51.45,-16.931117438180866,-47.01712518592343,-11.109864608914627
51.46,-14.461211064877716,-47.53456231631369,-11.591909727582166
51.47,-12.037897203732289,-48.220641527126645,-12.220500718941675
51.480000000000004,-9.815051171232334,-48.65930974941057,-12.635403438274437
51.49,-7.6463306018271675,-49.1410412653184,-13.188670610721896
51.5,-5.23919568247827,-49.36293285793519,-13.504492631221886
51.51,-2.5381423602341613,-49.60530976218,-13.934488994695197
51.52,-0.03498734506979023,-49.71416829156261,-14.10348238220027
51.53,2.1753846078861456,-49.63873562322713,-14.608753999189968
51.54,4.524035962722411,-49.64579567203921,-14.636260361904668
51.550000000000004,6.982122020088094,-49.56882299065277,-14.839148261118101
51.56,9.403960260353175,-49.33397579999864,-15.257223317071723
51.57,11.85835129558723,-49.06339818356002,-15.33847112203012
51.58,14.187526725916717,-48.41219039063019,-15.28393584914609
51.59,16.230281240277638,-48.06697473275086,-15.353801887611185
51.6,18.549053702422867,-47.68177998153404,-15.459018647187735
51.61,20.687794233688617,-47.13837867704582,-15.45024311046257
51.620000000000005,22.89153541006803,-46.253173786817534,-15.400679893376928
51.63,25.15137897379882,-45.65019097152802,-15.514185310436327
51.64,27.027251509976548,-44.66032029063233,-15.208350491841578
51.65,29.10496234196635,-44.15320415012708,-14.9893734673423
51.660000000000004,31.058588708916936,-43.15857830338602,-14.71775135045281
51.67,33.198227374446496,-42.107906040695255,-14.614931324117725
51.68,34.67602113423198,-41.02464915627992,-14.465661435356095
51.69,36.491910211794504,-40.127333716127765,-14.06135417085527
51.7,38.40607757427956,-39.11977877993927,-14.076011714282059
51.71,39.940989735527985,-37.914428604526854,-13.687622084784188
51.72,41.44122048551088,-36.88633837526258,-13.093172935116552
51.730000000000004,43.12681346884113,-35.77622313287583,-12.733176466131843
51.74,44.60488617916807,-34.56828734838441,-12.511064216360264
51.75,46.11586498272262,-33.29323486852871,-11.85301176862269
51.76,47.36618243400184,-32.09988562911794,-11.559104550871583
51.77,48.712206025600665,-30.84122599210109,-11.138338032217662
51.78,49.696030124764945,-29.66129634978778,-10.657962135729507
51.79,50.90375540838827,-28.189437696684372,-10.154748872773723
51.800000000000004,51.87650699753707,-27.02259891335064,-9.647763513452032
51.81,53.01355740894255,-25.70819790517036,-9.237019730316137
51.82,53.83328115268156,-24.45639506679129,-8.74293519140385
51.83,54.66032440777276,-23.204155348167625,-8.148219819362858
51.84,55.47753983595187,-21.77633665120484,-7.671754530838631
51.85,56.26543431156042,-20.5734240551855,-6.989167428529093
51.86,57.017483902473025,-19.405299102538,-6.588535791187801
51.870000000000005,57.448322784059805,-17.926757136436994,-6.018873107939517
51.88,58.35924952544141,-16.970867293787233,-5.321302753021449
51.89,58.856310649608204,-15.679154923485951,-4.7964996027375335
51.9,59.08640380641621,-14.449623715915092,-4.093476645318166
51.910000000000004,59.72066375531324,-13.259451250113848,-3.668449600710241
51.92,60.20103337903594,-12.067723672633887,-2.9972165163503113
51.93,60.38507987548097,-10.816631546453783,-2.5890940027395475
51.94,60.48289354048241,-9.803550771017923,-1.8369628416651596
51.95,60.89870862125346,-8.485393866771366,-1.2138374899063493
51.96,61.14235601729037,-7.6268267351738865,-0.6381297788057471
51.97,61.25261815334576,-6.520152029827479,0.03143038895725277
51.980000000000004,61.48401369796487,-5.422473416051787,0.7463695529423344
51.99,61.479270182166886,-4.630444113891322,1.0557713147603667
52.0,61.49500979344662,-3.4073356721141237,1.8731708979895503
52.01,61.58609795918523,-2.493767361150016,2.123781892064602
52.02,61.55808253058422,-1.7098085097041618,3.1506631082292023
52.03,61.55950951766843,-0.6113676569787655,3.5757920705615054
52.04,61.50478063196825,0.1450922260099245,4.134035786297194
52.050000000000004,61.56144257577512,0.9202015497017136,4.802204166968554
52.06,61.567711518123915,1.6536550229319322,5.293970139477618
52.07,61.36971589718488,2.5470105881683356,5.864055438352898
52.08,61.23064000084042,3.10427490798979,6.34345748114184
52.09,61.06883501204899,3.844348769839945,6.825924313700212
52.1,60.92007879153445,4.591761685834852,7.71950466927813
52.11,60.69008813659521,4.953917837709416,8.039380630251472
52.120000000000005,60.79804170379331,5.571565582615902,8.647149857775505
52.13,60.57993085496349,6.144418167127288,9.436996528266178
52.14,60.13939306561026,6.732890797251896,9.962378839512802
52.15,59.90438052604498,7.069283280508793,10.345507439082416
52.160000000000004,59.89306530256039,7.527578234447191,10.839075566008848
52.17,59.84647357211613,7.984758235425553,11.385603852775706
52.18,59.39097624227243,8.18187958836426,12.041268382232307
52.19,59.25071551450482,8.558753884736953,12.434407070958693
52.2,59.23643381456068,8.932897321967657,12.798578420977654
52.21,58.97771899190867,9.284159786715172,13.520196513146672
52.22,58.597778881188006,9.474989585978353,13.989809363942031
52.230000000000004,58.643063561243956,9.79280325145686,14.345615937220849
52.24,58.34356966097838,9.90806024650212,14.86506314478371
52.25,58.262216259450504,10.08421925695421,15.29879660490298
52.26,58.13339121704524,9.926580186300612,15.710695958269794
52.27,58.106230957328805,9.946375176094515,16.203944083008786
52.28,57.78175546531604,10.252017186273807,16.58135133197346
52.29,57.74912817500308,10.127207001171707,16.985467354844214
52.300000000000004,57.59234556122064,10.071371217817328,17.426711814011657
52.31,57.53449771968762,10.006343987847785,17.939513238069154
52.32,57.66262131369513,9.885175420292244,18.107128477958263
52.33,57.285420243985286,9.609065375298467,18.818859775527972
52.34,57.315900555587135,9.525811642362696,18.88425307161432
52.35,57.206519931193185,9.34328187354219,19.279009150677656
52.36,57.250158645458434,9.226467185278162,19.772447921126545
52.370000000000005,56.97056944528069,8.999947025394546,19.946583637910855
52.38,57.05054182988507,8.471327808218689,20.351438360866634
52.39,56.774818417824605,8.238401677986406,20.6240231398838
52.4,56.92243499122167,7.945879745859559,20.899311536072222
52.410000000000004,56.795518769743964,7.590355868053862,21.02821948508423
52.42,56.946408113214524,7.048385978923359,21.439620778171772
52.43,56.93515196488208,6.858262645321645,21.73166865843003
52.44,56.91971300309778,6.428364800344949,21.713210745918417
52.45,56.770892965801806,5.661326727048159,21.939781760928636
52.46,56.93199521790278,5.279893348836155,22.321339279936048
52.47,56.989643677214545,4.607390012088489,22.44233457943628
52.480000000000004,56.97066420919316,4.162291683355925,22.4976835273319
52.49,56.8984770035519,3.4686462096481474,22.739720497417203
52.5,56.96266949040617,2.7810708945684355,22.91967537902722
52.51,57.06583391170304,2.1554520523426985,23.1887207957491
52.52,56.99132780108129,1.331916530749246,23.130580966955492
52.53,57.00423134588365,0.8333242675746219,23.047232130222795
52.54,56.99220258151644,-0.06001220127058297,23.14513847270707
52.550000000000004,57.13408045900639,-0.8966426457045709,23.16107883139557
52.56,56.89561218243899,-1.6101159519586612,23.129192533342056
52.57,57.07287713058779,-2.5475638650121257,23.35460863272846
52.58,56.98484935382398,-3.245279911247289,23.122102903488855
52.59,57.001317837016,-4.336626737995937,23.233587758475423
52.6,57.04687157966644,-5.133469422751019,23.139844047884367
52.61,57.142546583794164,-6.0430518667877795,22.96888109295085
52.620000000000005,56.89590094579997,-7.0319748053470486,22.88374500770049
52.63,56.63327314576745,-8.03608495870225,22.637136732161604
52.64,56.671531567278436,-9.02030647253308,22.543905524727215
52.65,56.548202252523595,-10.04707747302768,22.64853124877964
52.660000000000004,56.32970866162548,-11.152386454290529,22.04362391214734
52.67,56.17978499137269,-12.133293130479338,21.964008144053395
52.68,56.1324143269294,-13.270354159381181,21.408314458007272
52.69,55.649054205958244,-14.47851757384594,21.359303312199884
52.7,55.57670052582427,-15.6447889064459,21.243679879817535
52.71,55.47749742818419,-16.68887465724655,20.640674773008833
52.72,54.94027901426537,-18.024931444164935,20.279952378793556
52.730000000000004,54.41974866613613,-19.253852240793687,19.838915791420465
52.74,54.29076614720676,-20.327455726695927,19.694995186179145
52.75,53.68948644659697,-21.318568812831238,18.97751507793946
52.76,53.242649556305935,-22.654027107208783,18.45633346544233
52.77,52.799829528552635,-24.141512390321207,17.966451756949326
52.78,52.17253184650281,-25.253256086631595,17.394086805460674
52.79,51.726301962487156,-26.34661773645008,16.851207042299414
52.800000000000004,50.84586743054357,-27.55727050935385,16.478486720693525
52.81,50.15280003713341,-28.854000831235624,15.769446738652174
52.82,49.46696372563925,-29.972046461928716,15.335002529908873
52.83,48.777848772588335,-31.186910650160225,14.380377976256579
52.84,47.951523600385215,-32.28226994287041,13.72236558649601
52.85,46.97224970804195,-33.63640015139245,12.901992775417897
52.86,45.99274379692957,-34.74329413673047,12.511392987942811
52.870000000000005,45.032689166380145,-35.84886283852959,11.661055756976099
52.88,43.97277019806969,-37.07808901963467,10.806574273280223
52.89,42.64524616710768,-38.229752233934576,10.132032660376161
52.9,41.573315503338485,-39.22117879238141,9.21877509519518
52.910000000000004,40.11668379868233,-40.305372352648355,8.27683847486661
52.92,39.01480520857734,-41.33980646995038,7.7036205667347835
52.93,37.55364512130624,-42.4379439137212,6.776338617026056
52.94,35.96123022124458,-43.435975495443564,5.851142330746934
52.95,34.76869170074224,-44.11684053589809,4.9582481687867554
52.96,33.0085210758173,-45.011724194866545,4.214613649014564
52.97,31.418524548427985,-45.97288949185539,3.0324998393935862
52.980000000000004,29.76626940698728,-46.51937853450419,2.1931505647995246
52.99,28.1329804178835,-47.58258953870968,1.2667085894941579
53.0,26.084730267143673,-48.20355357580907,0.45005230357673776
53.01,24.612981945080136,-48.7829369250508,-0.36250345447735527
53.02,22.726421491189285,-49.36418909097479,-1.1366050743733753
53.03,20.50690373022728,-49.71034233586358,-2.172894165798818
53.04,18.45446117733358,-50.16457351637081,-3.1130839941345556
53.050000000000004,16.71138684902347,-50.65775106152979,-3.9181373907550765
53.06,14.719339862132154,-50.87687222466295,-4.701478769963886
53.07,12.502908631062306,-50.95198411014195,-5.746146347697262
53.08,10.441420872374808,-51.258803619965896,-6.421573314707123
53.09,8.192982663094565,-51.38109299990739,-7.120949229235533
53.1,6.292103195428539,-51.34919557091676,-8.11929640382041
53.11,3.937982713379995,-51.08056011011913,-8.663872266090385
53.120000000000005,1.5865735758929647,-51.065772440912305,-9.681822887883918
53.13,-0.5731537679880595,-50.74212919373819,-10.216331834510106
53.14,-2.92620975073156,-50.14539801650038,-11.042231658152788
53.15,-5.054198880688425,-49.67487828320824,-11.574488695048172
53.160000000000004,-7.317957554058381,-49.22561252145041,-12.354315293561509
53.17,-9.514577587859694,-48.546379090829674,-12.896666642182197
53.18,-11.846349498424038,-47.82288628937275,-13.482294456120817
53.19,-14.089164122045766,-47.23260189177946,-13.89802244775974
53.2,-16.27589296256514,-46.31381341531067,-14.465953696972194
53.21,-18.403950229382474,-45.19894343495954,-14.783340961952185
53.22,-20.55951865182403,-44.13370869199606,-14.92537384566803
53.230000000000004,-22.64217252077844,-43.05636721764072,-15.677523258438006
53.24,-24.533356501807365,-41.914269533198556,-15.825909680064068
53.25,-26.74840010598684,-40.31440797876727,-16.012824013484167
53.26,-28.613790784180818,-39.147412559180346,-16.108763651334762
53.27,-30.593842044468825,-37.52283831019503,-16.386412044898282
53.28,-32.54440340221199,-35.99706589579637,-16.403645231987927
53.29,-34.323039777274154,-34.26007370743313,-16.245057521763233
53.300000000000004,-36.0889560152109,-32.66223988574415,-16.322722535290588
53.31,-37.42687012294704,-30.865442803889977,-16.135855738391484
53.32,-39.185481609019334,-28.85299219939365,-15.837653751927931
53.33,-40.48728560010078,-27.161637512058032,-15.802075509869113
53.34,-41.84581433868881,-25.17311271699798,-15.582686533573117
53.35,-43.067559273132645,-23.126364099223462,-14.968066425762233
53.36,-44.405978723286026,-21.021432619084973,-14.519823207144942
53.370000000000005,-45.51025035883865,-19.102541199643483,-14.134755821483731
53.38,-46.31174790181148,-16.792854048627543,-13.634023089532272
53.39,-47.171883502017295,-14.459083290908548,-12.771911065891192
53.4,-47.85448542110125,-12.353432810198465,-12.24544696884156
53.410000000000004,-48.55766450233019,-10.218938688683018,-11.539729422733744
53.42,-48.943384490685574,-7.949078500008852,-10.59870536175327
53.43,-49.176291643159296,-5.714653542934771,-9.961552642089385
53.44,-49.61900996967682,-3.641858741500549,-8.96022319583479
53.45,-49.86063299693695,-1.1632237836840873,-8.182159884930714
53.46,-49.614435180308924,1.0622646673500509,-7.011843050146779
53.47,-49.42083981931584,3.323409391319081,-6.010290440064472
53.480000000000004,-49.25864532246398,5.248619739344925,-4.9781636584294615
53.49,-48.82554707730969,7.559267367264153,-3.7345397713853004
53.5,-48.166057430838876,9.723397832768061,-2.7067648209428783
53.51,-47.555376701002636,11.811764561153591,-1.4942566462225033
53.52,-47.098231627297274,13.879982086530454,-0.3284835746876373
53.53,-45.79197869719139,15.937016113967342,1.1077768829615704
53.54,-44.985114540117756,18.02153008237308,2.1788869855217388
53.550000000000004,-43.80004337581516,19.970185286437292,3.557262886335855
53.56,-42.35389567617884,21.582475752598082,5.021886932355734
53.57,-41.156934043939636,23.288123009142264,6.283752318563603
53.58,-39.79460858726987,24.91529400903907,7.473352431764677
53.59,-37.96561551794803,26.722412109733813,8.820940807295347
53.6,-36.394108858412785,28.132229700735788,10.469822921235817
53.61,-34.60975970817737,29.690238662955053,11.82435752646484
53.620000000000005,-32.681461983363356,31.117856088163286,13.064664652388844
53.63,-30.66447359018553,32.31111162482566,14.317239001018697
53.64,-28.515263696626317,33.31823548306553,15.934877410117352
53.65,-26.570336916711433,34.46742658039124,16.9684141686305
53.660000000000004,-24.580347053123727,35.39160814608795,18.39985565106796
53.67,-22.107520380027594,36.225442059386985,19.46935762131582
53.68,-19.676221590485596,36.98759429775151,20.864646380552095
53.69,-17.360559512369377,37.60653679259256,22.111689454240548
53.7,-14.968723345423477,38.15400616982078,23.05113674821379
53.71,-12.445711941203582,38.55417502016886,24.334620366757452
53.72,-10.093551516384542,39.011699800683566,25.453712049915758
53.730000000000004,-7.618175308995716,39.16457088038385,26.459667206469273
53.74,-5.109364806553204,39.073249709576764,27.56096389351869
53.75,-2.1601237910641897,39.08477450109408,28.571640027525994
53.76,0.12564734519067905,38.881657241268655,29.439145169590816
53.77,2.6215622520376494,38.915350992219594,30.114865798685937
53.78,5.112040208049485,38.63934535173017,30.93091507156745
53.79,7.714505199115281,38.10578687195575,31.72485402051761
53.800000000000004,10.387996751888634,37.563727502647865,32.40905280513523
53.81,12.938943149049372,36.7648692797189,32.93420286698284
53.82,15.311039423354405,36.22786051620739,33.57954233275947
53.83,17.775534082740737,35.361836836681526,34.09038930972965
53.84,20.17527441714019,34.63401831801242,34.33470401553571
53.85,22.43089795053578,33.49256792249169,34.62366551813273
53.86,24.929223567744813,32.563030080059185,34.90647270066879
53.870000000000005,27.210185079833416,31.334164623524696,35.12445276457813
53.88,29.3712812136389,30.14564598761735,35.287761066932376
53.89,31.548248039003848,28.838165842804933,35.234410801157686
53.9,33.829710596751084,27.47224464735947,35.13885042765198
53.910000000000004,35.60420083962581,25.876421918987496,35.15293940077865
53.92,37.61237894702554,24.804763096270513,35.17627723099993
53.93,39.39778718938103,23.274692145144265,34.835810809099776
53.94,41.34759860210908,21.759598291206395,34.26309848554641
53.95,42.859617068725576,20.169274994945898,33.9640193608263
53.96,44.720674616970534,18.433233330122288,33.48327883100539
53.97,46.21102921578639,16.84165430073789,32.737508724636214
53.980000000000004,47.66716556923178,15.082387081813229,32.243526432141884
53.99,48.93614768155922,13.442580134515445,31.688688469603935
54.0,50.10292587993227,11.67510019528485,30.784224306324102
54.01,51.40351632726628,9.882136726017203,29.944850950458658
54.02,52.46870309002571,8.459044899268426,29.160704705975647
54.03,53.73914924866207,6.7133060102133095,28.37107955315399
54.04,54.46670934000053,4.749241721942477,27.083869370501386
54.050000000000004,55.3941372228933,3.062564241998318,26.224650196352616
54.06,56.29176670782308,1.158458102952927,25.013351031678326
54.07,56.55450747097116,-0.4137292235963219,23.77380785545047
54.08,57.274327707256596,-2.0830775997959585,22.79975116081229
54.09,58.031094933400496,-3.6646210755950634,21.599006018310693
54.1,58.16056232230053,-5.223216981567361,20.151513274346737
54.11,58.5142994691517,-6.7522627214566455,18.76528598568067
54.120000000000005,58.79095784445158,-8.38246390159511,17.559888186201867
54.13,58.70086646141173,-9.949814247226891,15.893437201733388
54.14,58.82930478802435,-11.489254468755359,14.439328723809963
54.15,58.98423681203461,-12.715750233738204,13.059730337514376
54.160000000000004,58.93611555417785,-14.221715758163409,11.434029445156176
54.17,58.505824109726746,-15.509281760262368,9.972983889252351
54.18,58.47700391004793,-16.878499776226395,8.250664339697561
54.19,57.94068941503725,-18.167632606852745,6.680491426108056
54.2,57.61284597419098,-19.29819617681996,5.150744096210313
54.21,57.212459494338965,-20.43490683220638,3.529340654563939
54.22,56.97349856624106,-21.44514435665109,1.8216442484195947
54.230000000000004,56.16970972859978,-22.54719471956898,0.3427514273241493
54.24,55.6047892843173,-23.643026954624624,-1.3624759124243873
54.25,55.00637301048221,-24.47824945513254,-2.8652740978002766
54.26,54.255654496069866,-25.205250241772518,-4.726293902983044
54.27,53.473359967509104,-25.95280770846925,-6.0215741645014935
54.28,52.82007212122878,-26.703318424987945,-7.6831585008164
54.29,51.677903633220645,-27.509850696007188,-9.336799887038005
54.300000000000004,50.73043126036044,-28.11953972030722,-11.15409912271415
54.31,49.99803860677781,-28.645069430483236,-12.4939032275386
54.32,48.960697653543775,-29.028459439184637,-13.963243260769357
54.33,47.829193892157356,-29.431700239291683,-15.823106771672883
54.34,46.84223662148081,-29.92741287557587,-17.264664118112165
54.35,45.82446072463608,-30.276735676889793,-18.670735170955002
54.36,44.60792602759156,-30.51497255704156,-20.214711427434537
54.370000000000005,43.46290960679252,-30.63863891692611,-22.022547675924596
54.38,42.1595867797199,-30.92754584784319,-23.172202848192793
54.39,41.11091996670155,-30.796740396409785,-24.844486177954348
54.4,39.787990793508555,-31.01053305362644,-25.923388409455757
54.410000000000004,38.710622509438956,-30.87728580959764,-27.649314214054833
54.42,37.44914643969616,-30.769982242383875,-28.66961739865106
54.43,36.157138196111035,-30.59226057266738,-29.911435775052244
54.44,34.9924168557096,-30.683593785450686,-31.258411316027672
54.45,33.67072979375545,-30.399384111586567,-32.74117699101841
54.46,32.19858582373467,-30.20965656362334,-33.80669883080854
54.47,31.055537204499686,-29.821614346758636,-35.02960864441685
54.480000000000004,29.61903947883496,-29.392436490037912,-36.065081384562404
54.49,28.38994777722782,-29.059322242999617,-37.02202480378626
54.5,26.878817904101933,-28.717737448325583,-37.8818317209329
54.51,25.789717947689645,-28.223688274534926,-39.09196899531307
54.52,24.34765515573124,-27.633982233872715,-39.96440581528876
54.53,22.94639421956001,-27.1166339904083,-40.977311485961266
54.54,21.712932795435375,-26.62415885695496,-41.72776128175693
54.550000000000004,20.34643735364834,-26.1559770492223,-42.649532143876186
54.56,19.094508377909577,-25.549170705164407,-43.392734953812806
54.57,17.462215287027934,-24.912371747471678,-44.09424641937988
54.58,16.194694754266468,-24.26400395915586,-44.692574341255956
54.59,14.717613713154153,-23.713668637115095,-45.33184249721919
54.6,13.448093203962626,-22.89834094377334,-45.899985196005204
54.61,12.194226812127702,-22.168517546788756,-46.51759282057569
54.620000000000005,10.675663875500973,-21.61651502529661,-46.85445821525214
54.63,9.415154432490455,-20.84624896474071,-47.52113456884149
54.64,8.140711155352218,-20.28862265078675,-47.80143302800006
54.65,6.85976752775231,-19.523123767274647,-48.25775592454278
54.660000000000004,5.454563116644518,-18.749830002286153,-48.59994350374982
54.67,3.8816863219101982,-17.99412020379183,-48.88697134103866
54.68,2.524036652268907,-17.391322770972586,-49.111084242434025
54.69,1.301452251911187,-16.759366646830614,-49.296909327401416
54.7,0.16657146486913252,-15.985792973295352,-49.34084974417197
54.71,-1.193671178551208,-15.267241598254937,-49.35185709766248
54.72,-2.5394318195985157,-14.592535075013428,-49.252507029744805
54.730000000000004,-3.985304546560579,-14.077223873933589,-49.4732223954554
54.74,-5.112972566977183,-13.170960550880684,-49.27426162878403
54.75,-6.515299064062066,-12.73440410626358,-49.27020744613828
54.76,-7.692654492239241,-11.98233839157292,-49.039758225685496
54.77,-8.74991887827853,-11.566755808279755,-48.913207766102396
54.78,-10.185801325891966,-10.617431707456783,-48.57755971550611
54.79,-11.487903873758283,-10.20564259262298,-48.497381780791564
54.800000000000004,-12.741004112411883,-9.651188829545466,-48.158431291262296
54.81,-13.864798488770024,-9.237528245002828,-47.89880294482835
54.82,-15.167611411921781,-8.517862511584273,-47.683976279025075
54.83,-16.39061073903147,-8.06029600630253,-47.121995338736504
54.84,-17.594672378299684,-7.66756490113688,-46.82440286970379
54.85,-18.8013638213892,-7.329900826736645,-46.19989980726664
54.86,-19.97147715441993,-7.1916827129386895,-45.50786169186694
54.870000000000005,-21.201645287020654,-6.767595451592487,-45.00468394242241
54.88,-22.363408971892515,-6.280326679764103,-44.65511413924157
54.89,-23.204618301549235,-6.060979813230319,-43.86523034086347
54.9,-24.39428789993293,-6.066675154668863,-43.29600951880469
54.910000000000004,-25.58790585521601,-5.779050935060493,-42.58305803998293
54.92,-26.756157148760888,-5.455440339162069,-41.89021213978811
54.93,-27.727999163858808,-5.5198880633841005,-41.28920511634326
54.94,-28.854125691090434,-5.45910966309827,-40.39031513093067
54.95,-29.803892342116907,-5.437572802791138,-39.669440356481815
54.96,-30.765998570831396,-5.49600873375746,-38.97661107022761
54.97,-31.7987339299672,-5.507671539719975,-38.138498177893204
54.980000000000004,-32.57159347638747,-5.633919695228358,-37.50877548223205
54.99,-33.456617658610725,-5.910346224911372,-36.58468627131519
55.0,-34.50432738948579,-6.17999456738347,-35.718453327997814
55.01,-35.326464704798745,-6.491846404284449,-34.748622461941196
55.02,-36.044886357132455,-6.61754872262284,-33.85066213931459
55.03,-36.84727644052774,-6.8959877412979385,-32.9971246661317
55.04,-37.488008187410976,-7.16941852151511,-32.32624211043074
55.050000000000004,-38.475157326737374,-7.841565688053195,-31.337334767396683
55.06,-38.83874394406831,-8.368355917626822,-30.392625253923757
55.07,-39.66593123426166,-8.796137454210346,-29.55672356062808
55.08,-40.16050067304928,-9.581100195760149,-28.677513291397048
55.09,-40.79901910627496,-9.88014285742338,-27.727148812286952
55.1,-41.347107368075896,-10.762393130331999,-26.82976883973132
55.11,-41.719436797146635,-11.465169304218714,-26.038307228197663
55.120000000000005,-42.14242466990049,-12.281502375048861,-25.120462987813443
55.13,-42.3486944130594,-13.038509798908542,-24.358587243092376
55.14,-42.83953346881352,-13.679223559464806,-23.398798833733153
55.15,-42.89961530140227,-14.563744060198749,-22.66073336127607
55.160000000000004,-43.12915807451156,-15.607080490779177,-21.819438665462112
55.17,-43.02344242930589,-16.5107232255791,-20.97223696993518
55.18,-43.33029674736098,-17.423045383956396,-20.083451242134768
55.19,-43.410382429403484,-18.483553777040193,-19.359037857622187
55.2,-43.31532363231236,-19.56445018228965,-18.58843228343609
55.21,-43.357275633964214,-20.53541642523364,-17.827353562412213
55.22,-43.241259920964254,-21.61289694915679,-17.25507112924787
55.230000000000004,-42.9287095515276,-22.839347653186984,-16.55026367826423
55.24,-42.56263796917731,-23.702316480525276,-15.746772297991448
55.25,-42.29403709672234,-24.911390011470303,-15.43521658475583
55.26,-41.51541740393808,-25.79742671921418,-14.649311153336216
55.27,-41.22886721016838,-27.32400919158541,-14.043779146976362
55.28,-40.714101340271846,-28.20371485265909,-13.56129446617612
55.29,-40.106381154046844,-29.514706805296743,-13.081564378676877
55.300000000000004,-39.18541990985487,-30.482236664150623,-12.517554459155646
55.31,-38.42362755090392,-31.628742343788574,-12.19979228531221
55.32,-37.73209762547305,-33.212649765820494,-11.658702542809966
55.33,-36.7588370939077,-33.883628065552045,-11.548762899904238
55.34,-35.78281731357952,-35.13070065673531,-11.08978871737348
55.35,-34.87127191407518,-36.09882179753532,-10.773075966667204
55.36,-33.66226247011989,-37.13226571916735,-10.768456075821828
55.370000000000005,-32.71604699304158,-38.43370547843184,-10.330289209445356
55.38,-31.382976545428154,-39.16728181188455,-10.15841542150345
55.39,-30.04823591868798,-40.000216244442534,-9.941930355849884
55.4,-28.65551520237428,-41.25233645425404,-9.827459853204568
55.410000000000004,-27.141871980532603,-42.23935655837439,-10.033371123578956
55.42,-25.8158318007553,-43.043828293575274,-9.78422503739794
55.43,-24.347506007579398,-44.06291708506755,-9.730087375462196
55.44,-22.74467556280845,-44.62324721634871,-9.90040694446284
55.45,-21.130635118714157,-45.571528013130305,-10.043180928231159
55.46,-19.362549057862257,-46.07781593173058,-10.106548791625327
55.47,-17.77278393261869,-46.81013100728702,-10.429355742194291
55.480000000000004,-16.16493041662482,-47.40572790732107,-10.5829544721914
55.49,-14.510037186797557,-47.912150820952455,-10.799656154163797
55.5,-12.631256519852286,-48.36450734641349,-11.08874758624482
55.51,-10.853686753907613,-48.85017883238848,-11.609809513688477
55.52,-8.641139938238311,-48.992928691287645,-12.00416761830467
55.53,-7.09107626407655,-49.276476180261284,-12.172668124205881
55.54,-5.230081439449025,-49.55904758664032,-12.648397564525856
55.550000000000004,-3.120046886491791,-49.59854600738615,-13.167144063683846
55.56,-1.2495638287079573,-49.79198591238117,-13.447312944429164
55.57,0.7146854325980647,-49.714683788544875,-14.03694704012799
55.58,2.4841265396316614,-49.536700327477575,-14.718703823456625
55.59,4.6231786004770745,-49.29465857886274,-14.996990228554635
55.6,6.658008417695722,-49.39962428127604,-15.772090245370801
55.61,8.645182317717225,-48.806020673204515,-16.521519492751505
55.620000000000005,10.475028764386265,-48.511754198886806,-17.050127799596435
55.63,12.335864752944522,-48.12750289054267,-17.656476564200908
55.64,13.96560746691837,-47.45602050643525,-18.459014734188013
55.65,16.12826606311294,-47.0037015443397,-18.98778727381156
55.660000000000004,17.858452004962945,-46.293248784390215,-19.679535506609067
55.67,19.810870481020395,-45.50303496908882,-20.404491708464885
55.68,21.238153020274456,-44.612206109279946,-21.014604298116893
55.69,23.28999960773674,-43.39071125722685,-21.63577858358033
55.7,24.772411090649513,-42.71729989078639,-22.381973391338327
55.71,26.42285544132425,-41.684951293060585,-22.97815303035149
55.72,27.912371106002162,-40.31269082251028,-23.935358370163414
55.730000000000004,29.666576779373415,-39.438925385695605,-24.343222649780206
55.74,30.937771420598498,-38.13003550754496,-25.313730448909784
55.75,32.171857451194384,-36.69919802144745,-25.880065461275127
55.76,33.66043272245593,-35.651877188580514,-26.58831135740181
55.77,35.0698012119828,-34.08186005387489,-27.05055862312693
55.78,36.21491125101145,-32.490325802287195,-27.75831251144698
55.79,37.18367449924099,-31.089210408404167,-28.503315767846583
55.800000000000004,38.404517638923444,-29.629536135978437,-29.238343579022324
55.81,39.49309056204176,-28.10710409867876,-29.659077557532843
55.82,40.36980535740561,-26.305858469384894,-30.191177831211473
55.83,40.937798907871176,-24.71802724379164,-31.001951848785172
55.84,41.76719146582378,-23.004353416316793,-31.596463462270705
55.85,42.55994745933463,-21.617523798883944,-31.959894733419084
55.86,42.95879297874882,-19.68207618723548,-32.56091258296793
55.870000000000005,43.60270372883908,-17.771500001243833,-33.134338049085706
55.88,43.91540471993393,-16.166455117361192,-33.69437650652647
55.89,44.321289765540925,-14.443946190840759,-34.12719509279541
55.9,44.60500922544555,-12.552202889941569,-34.57284696010113
55.910000000000004,44.83158142858915,-10.910779681758003,-34.704127911560654
55.92,44.93286158081854,-9.274587666005694,-35.371483570699795
55.93,44.96918494272045,-7.2879286639896,-35.78452351034154
55.94,44.73030890237903,-5.709663794535606,-35.64555132179816
55.95,44.608922106037795,-3.8190490812501547,-36.32696064235701
55.96,44.50399454955113,-2.2167865081756433,-36.507687203351004
55.97,44.11488294612352,-0.3924267105766151,-36.85283432462034
55.980000000000004,43.8400527745825,1.324684160890224,-37.120466935248096
55.99,43.423850212911326,2.8994136478871204,-37.29818361390333
56.0,42.818160661495824,4.70954008954785,-37.53121976382087
56.01,42.40352930277026,6.253132316716782,-37.697759208030156
56.02,41.64474902565793,7.994608118230718,-37.42896132954255
56.03,40.94549381254062,9.238238410619509,-37.749780601263566
56.04,40.156234832613826,11.045295738718995,-37.819328368406545
56.050000000000004,39.459698934146545,12.285590651024116,-37.829708550027576
56.06,38.35372852434724,13.819009728738003,-37.89095494822452
56.07,37.6309182941999,15.247638159717317,-38.05081958465424
56.08,36.488250657978554,16.423925036895383,-38.170502928650656
56.09,35.49856871710086,18.007899242556434,-38.07252229441095
56.1,34.27110164575036,19.298973315019627,-37.85355236913586
56.11,33.49638630789974,20.59720555753617,-37.678055525086265
56.120000000000005,32.10283461413862,21.578102174184625,-37.61285520853875
56.13,31.05072545957252,22.639905092214605,-37.72224693027505
56.14,29.859455692553095,23.857508182618304,-37.320980020376936
56.15,28.62208039423785,24.846426035304646,-37.37416125247081
56.160000000000004,27.392556562545593,25.765857312249196,-37.04706130540623
56.17,25.884745873172946,26.55462483712998,-36.92102256820552
56.18,24.677325972639515,27.437861347387344,-36.63077347101082
56.19,23.512589000224622,28.419580107756246,-36.51887568287587
56.2,22.035611263618254,28.98153461219321,-36.436892293930015
56.21,20.655313749373335,29.84787776264176,-36.12442996002651
56.22,19.37777940841074,30.393152734083618,-36.089012544829224
56.230000000000004,18.29415027129489,30.94161187593688,-35.84759574399275
56.24,16.64669073680621,31.439262591812582,-35.59572515919321
56.25,15.471448199322644,32.20091205379364,-35.549137751063235
56.26,14.039396045674904,32.383911454708866,-35.09073708702858
56.27,12.773783323469173,32.90424006494173,-35.19668285239626
56.28,11.387776905362381,33.23813848912233,-34.67918408534165
56.29,10.069894816434807,33.641876957334695,-34.54741718472276
56.300000000000004,8.788177532712652,34.047273241297695,-34.118389712964316
56.31,7.428005737756754,34.12123142348114,-34.10519254577265
56.32,5.916813087747695,34.181766994468,-33.867113702806215
56.33,4.812095853757427,34.52686027766873,-33.367181346129286
56.34,3.639204129012266,34.53956919753383,-33.24060940681962
56.35,2.36482460059775,34.65928508920435,-32.90463873640679
56.36,1.039722418776598,34.78523602756317,-32.93833092667376
56.370000000000005,-0.016242382218343558,34.68654252309899,-32.687566747949056
56.38,-1.2198110100788953,34.75509282154873,-32.39835266330628
56.39,-2.4370462535476602,34.64865263085843,-32.27998205091478
56.4,-3.39442665545914,34.677743264990255,-31.89095079700265
56.410000000000004,-4.6352640410846115,34.54797624523806,-31.874380714943445
56.42,-5.498921963197045,34.483439615715696,-31.735605965619076
56.43,-6.560978448499686,34.3300821449578,-31.531164362261926
56.44,-7.4430849607918255,34.074294928519045,-31.415472539384563
56.45,-8.411156131209577,34.02659343547601,-31.20084687063975
56.46,-9.317357792399237,33.730076511288274,-31.1837224245715
56.47,-10.40607224156517,33.540475722427665,-31.015325383720942
56.480000000000004,-11.219020078940767,33.31049795589232,-30.906628951859485
56.49,-12.075256146283103,32.858758818224935,-30.71266045557175
56.5,-12.674369287961317,32.66925907838444,-30.64216685486548
56.51,-13.521197501834612,32.45724178899719,-30.79490799554023
56.52,-14.211096159985109,32.05386413451093,-30.77395448761224
56.53,-15.061804140079346,31.835293659739843,-30.632730627825605
56.54,-15.44269180049174,31.80441869517287,-30.65418047886004
56.550000000000004,-16.303686061805948,31.133966573998777,-30.517065169191447
56.56,-16.697721606459442,30.930761632645055,-30.56556588455289
56.57,-17.325700025406995,30.661197475851345,-30.62788286953494
56.58,-17.78900410140946,30.578496453592063,-30.548809272443297
56.59,-18.269233455908413,30.07554156775171,-30.708797101213936
56.6,-18.991529000270837,29.755664726147177,-30.82129588691027
56.61,-19.19869795111713,29.385346447505658,-30.78842641181387
56.620000000000005,-19.34960005267843,29.10864994564419,-30.651765411596866
56.63,-19.717722373735153,28.849279877642804,-30.97702867813682
56.64,-20.169108778464324,28.568200987635215,-30.981112962628018
56.65,-20.597040377184516,28.271965781480574,-31.212571566743883
56.660000000000004,-20.804685790105786,27.93025918769952,-31.5186529978915
56.67,-21.029992861615316,27.713051882025265,-31.35628757661478
56.68,-21.07089175920705,27.47298111725974,-31.541345900869327
56.69,-21.138788764432572,27.18489784299504,-31.655183624689258
56.7,-21.488633897416232,26.879826462145886,-31.852426066250686
56.71,-21.492386581435937,26.780471016749274,-32.256025580568775
56.72,-21.485840886736007,26.384854135637447,-32.14238346218153
56.730000000000004,-21.56072362180077,26.335767751096885,-32.2719492785409
56.74,-21.523086783856233,26.049448838748397,-32.66541789122266
56.75,-21.22104327541512,25.98471524812673,-32.86399536183475
56.76,-21.426765153565984,25.63740758528492,-33.08354412315449
56.77,-21.337238714469727,25.811265758129217,-33.16958326636143
56.78,-21.17321030368289,25.688640761912822,-33.58136431906944
56.79,-21.00926806260892,25.43215678821772,-33.61879550527228
56.800000000000004,-20.833303211365063,25.15488850612052,-33.93872129156753
56.81,-20.75052319027424,25.108328815718448,-34.25679222651762
56.82,-20.32684034252965,24.988046820169835,-34.52457427261832
56.83,-20.022538454988513,24.950921707157914,-34.750152736301786
56.84,-19.648284930291368,24.913689317483588,-35.08541138164402
56.85,-19.36854196515331,24.981819850580354,-35.10426491408705
56.86,-18.815840031859306,24.995627912864922,-35.61260946614299
56.870000000000005,-18.521773036799893,25.022807314836125,-36.02229887286285
56.88,-18.023310874088782,24.94532810535581,-36.04809593440893
56.89,-17.53938926391569,24.941033898835688,-36.339372314876215
56.9,-17.002841001945523,24.82714307994082,-36.73242702440732
56.910000000000004,-16.438523363931985,24.859399400554118,-36.72371986986563
56.92,-16.013474479945117,24.935617519531057,-37.09798265272712
56.93,-15.452792854045793,25.059453307548672,-37.437438077457955
56.94,-14.695770448120209,25.194122884102782,-37.78971110761885
56.95,-14.035700820394077,25.091257218177393,-38.009457754739614
56.96,-13.457776595416808,24.94986526194555,-38.189687900213855
56.97,-12.740627902657874,25.185820330025816,-38.54970774056927
56.980000000000004,-11.91146730013297,25.37727346875907,-38.95012470241529
56.99,-11.127374692812694,25.308259954481745,-39.05684274343361
57.0,-10.239126599811858,25.421811007624925,-39.295187601417645
57.01,-9.396724933499383,25.345705135313708,-39.41987400856072
57.02,-8.791036615437674,25.567707442333454,-39.93078467335307
57.03,-7.666004959991619,25.734073752154227,-40.278941536836356
57.04,-6.765171917432689,25.66481794736297,-40.03724248209058
57.050000000000004,-5.704829456878762,25.685174714686916,-40.50251435987967
57.06,-4.609655934084104,25.786520537404193,-40.700274892350095
57.07,-3.7181622083582737,26.200957566751114,-40.89776896092421
57.08,-2.6698421274108544,25.98718171875617,-40.826423315365616
57.09,-1.4409702647725695,25.79828755287318,-41.23763478015253
57.1,-0.64654550803192,26.169544478340672,-41.388315014192884
57.11,0.6602818080921429,25.992854684569348,-41.41957074148329
57.120000000000005,1.9706470671650802,26.173077912179274,-41.54310377889972
57.13,3.172761306677457,26.21644951896784,-41.779600219217976
57.14,4.321734849217888,26.027247644301294,-41.82591394574734
57.15,5.786222792521579,26.054885476613087,-41.92339538104868
57.160000000000004,6.828566729404258,26.031071699774966,-41.86593457806603
57.17,8.417547321113936,25.934829239336896,-41.82807164417474
57.18,9.562995085584484,25.994689239421167,-41.86781471334998
57.19,11.101366921001242,25.798414439576657,-41.73970845942571
57.2,12.389096597820108,25.653636143863082,-41.65213809633522
57.21,13.81101164090386,25.56365603167965,-41.57501908603375
57.22,15.106976220788297,25.366262237385712,-41.75696866941905
57.230000000000004,16.512190397842538,25.063692059654734,-41.41765189894796
57.24,18.154857632497436,24.842041244478633,-41.36776733812911
57.25,19.511969740591496,24.466039478556095,-41.11594731871217
57.26,21.223761293259777,24.289312300802035,-40.9780450830113
57.27,22.62930437399874,24.008264079613593,-40.47042600156123
57.28,24.12451007279951,23.42846861087956,-40.20626313622486
57.29,25.58583539590156,23.092552835355484,-40.027252882637136
57.300000000000004,27.08683810744677,22.66211277769001,-39.46176237249126
57.31,28.548088268842058,22.1603634353353,-39.34341044990803
57.32,30.18404640360406,21.602109109407284,-38.90347313172168
57.33,31.64863301482802,21.06893628321308,-38.386740138943615
57.34,32.96663696160446,20.36268879448323,-38.07117046262913
57.35,34.66356499465357,19.6767337892795,-37.53109103752104
57.36,35.90798763999369,19.072797524232918,-36.99895301096423
57.370000000000005,37.38337999887661,18.33225387098355,-36.32694188560225
57.38,39.02157564084214,17.56048338657093,-35.823638789580926
57.39,40.2524552774112,16.68152274298155,-35.16046396386932
57.4,41.57252084783932,15.833474587618655,-34.33247737524939
57.410000000000004,43.29985904133352,14.752475727657389,-33.75650167605805
57.42,44.26108366482075,13.741150560425444,-32.90013011084388
57.43,45.655532137582256,12.761417432673332,-32.1019219255943
57.44,46.895906010479344,11.480380006859077,-31.270958154351995
57.45,48.193557968283315,10.373807787046681,-30.581014749196754
57.46,49.18440713935014,9.34668465204273,-29.403503202885886
57.47,50.55143407398569,8.078751109685314,-28.42532520652915
57.480000000000004,51.288712409643054,6.794536678879964,-27.668275740342207
57.49,52.302813035137405,5.563318276387064,-26.70764746710598
57.5,53.247222814603404,4.088842693351316,-25.248011750474937
57.51,54.281280857966934,2.598652508423652,-24.61474633091762
57.52,54.95614233347199,1.3225343313301818,-23.40153478135159
57.53,55.60252572818188,-0.301356165468705,-22.224270080554067
57.54,56.16215682911527,-1.7570298997501983,-21.18935399021299
57.550000000000004,56.60993559767387,-3.4068246496747263,-19.72868968574972
57.56,57.256991303930754,-5.082621530294535,-18.562440602596137
57.57,57.298168029149934,-6.557066961752133,-17.498024524171843
57.58,57.77511685927394,-8.054343378096585,-16.214089008976288
57.59,57.89546754792073,-9.687456737271187,-14.877443619519518
57.6,58.17550818786641,-11.497496535725144,-13.56190756858461
57.61,57.96437839010191,-13.163803064097014,-12.420329823652615
57.620000000000005,58.04281424798474,-14.667365923207319,-10.88167527677697
57.63,57.497092152147346,-16.24507805352429,-9.650329399274804
57.64,57.23321438449148,-18.207819384905346,-8.095420335888912
57.65,56.76441943924553,-19.93932512650047,-7.100754896596935
57.660000000000004,56.33680291851878,-21.36111391710809,-5.480897698135294
57.67,55.41956186452128,-23.311142407591515,-4.303232635083483
57.68,54.55527797787012,-24.641647227475616,-2.7729090802150713
57.69,53.4445399323191,-26.395665505298236,-1.2913743012652783
57.7,52.758583751907956,-28.068124041602644,-0.13393455108308977
57.71,51.73037946392512,-29.465621402695486,1.3881184806935598
57.72,50.66775411116201,-31.186697302645637,2.501007959536753
57.730000000000004,49.136723045791534,-32.84195297221724,3.7869516012085356
57.74,47.459609277606425,-33.96294186331755,5.005328125496134
57.75,46.105266453060494,-35.702035129973424,6.307776798794903
57.76,44.32610387063503,-36.99232103378631,7.617568487801317
57.77,42.7973551293244,-38.31935740919474,8.82346732203888
57.78,40.79431203254534,-39.61461540235267,9.901395847388894
57.79,38.79051452448462,-40.93495847793868,11.30468873646384
57.800000000000004,36.85306968689452,-41.785491420326416,12.299013187788702
57.81,34.659640004685095,-43.04176327739714,13.450980991880188
57.82,32.44753394839684,-43.90292881087094,14.505728327459376
57.83,30.141013151384776,-44.82166445538712,15.498348186156516
57.84,27.867200007731814,-45.627556291863115,16.36353915131357
57.85,25.34648990908046,-46.64874459030564,17.34151978128609
57.86,22.907359862568896,-46.96832432808911,18.314526123790152
57.870000000000005,20.25483876465057,-47.54536880235183,18.890465850810692
57.88,17.670843864510992,-48.206694687596205,19.638871699502104
57.89,14.999922914121091,-48.63824004966839,20.27826775479007
57.9,12.675721671070217,-48.675103230420085,20.876690593673686
57.910000000000004,9.971364856882982,-48.68580291562549,21.44818585273088
57.92,6.916915097277166,-48.76082599657899,21.820954854930978
57.93,4.065509602565242,-48.77943455497956,22.34102763488545
57.94,1.5364784654665695,-48.54926805423604,22.679295785323806
57.95,-1.2537773437426656,-48.26784967766382,22.996066107498777
57.96,-4.072543485955358,-48.00602536893794,23.113747802032275
57.97,-6.672113016358182,-47.30367817217351,23.1734384403919
57.980000000000004,-9.374560676445723,-46.80123592934991,23.36680281976548
57.99,-12.099097956768682,-45.98990616120787,23.18587552190312
58.0,-14.84886857212929,-45.24318706308974,23.388811452991327
58.01,-17.340537908690703,-44.281269552349926,23.077766856369607
58.02,-19.820269244788335,-43.2174262276558,22.782855522653694
58.03,-22.307610867592505,-42.29222077807687,22.37062688338265
58.04,-24.7748109338468,-41.241052724904996,22.030798035618126
58.050000000000004,-27.160886033647316,-39.777375255283665,21.66041498489316
58.06,-29.48292936028954,-38.526576467624324,21.16767128327642
58.07,-31.61006387342623,-36.977178208458575,20.677424118787
58.08,-33.60693442010476,-35.566134785223944,19.72729299702455
58.09,-35.541824656821085,-33.75656838458231,19.17793184369082
58.1,-37.608909355841654,-32.101149004609326,18.429087971269094
58.11,-39.30403584584303,-30.42005654368853,17.496180025866817
58.120000000000005,-40.78957842501623,-28.752637365789695,16.563241887633826
58.13,-42.46600258557293,-26.935148880467473,15.710685039614464
58.14,-44.03404626068692,-24.915714861598634,14.450279154285747
58.15,-45.187844917254985,-23.11853714561528,13.46224337019827
58.160000000000004,-46.35328661159556,-21.142437460899956,12.154154137536867
58.17,-47.30111785341596,-18.796685649161553,11.096640372897518
58.18,-48.378720329607596,-16.921863987061187,9.783986622595545
58.19,-48.949019651949676,-14.76551919920862,8.612180294985606
58.2,-49.67970541980174,-12.877609205741408,7.222859816446352
58.21,-50.124816717196715,-10.880430567727048,5.956398574068354
58.22,-50.34002721550574,-8.790677425226376,4.551338625345187
58.230000000000004,-50.64661442282016,-6.73002879960795,3.244536240096315
58.24,-50.88525779600827,-4.565584833261216,1.7940078547584508
58.25,-50.79513872858755,-2.703627690704539,0.2631483656754626
58.26,-50.57028107076652,-0.6057457793212185,-1.3061780615600962
58.27,-50.186484009275944,1.3843481456542825,-2.8631528676870657
58.28,-49.774858748212395,3.5518969879766837,-4.153577083493979
58.29,-49.210193102414785,5.391016053145462,-5.7668103428518975
58.300000000000004,-48.37651381335587,7.310240345575434,-7.3307697256726145
58.31,-47.490977015532636,9.2997185407752,-8.701890220428366
58.32,-46.68969836725374,10.897450007139506,-10.157609089986945
58.33,-45.50820919531007,12.447398262366457,-11.743126278345311
58.34,-44.366045239468036,14.092380192508474,-13.247521399882155
58.35,-43.054841301995594,15.723170206722545,-14.703273904644643
58.36,-41.781504492648956,17.358051531601337,-16.1336690231226
58.370000000000005,-40.15636193038521,18.666693053330313,-17.631313742695315
58.38,-38.67662753557205,20.074753735810567,-18.958206369193665
58.39,-36.79391850891896,21.50096882793278,-20.50087477118569
58.4,-35.20959531394282,22.599880760642822,-21.782230226868847
58.410000000000004,-33.43870637304324,23.784355655320795,-23.105119362498115
58.42,-31.368108394616392,24.674380038788396,-24.296496360773077
58.43,-29.370067445603794,25.685022137866387,-25.59812143752284
58.44,-27.566570826543224,26.56083113654106,-26.96522592249809
58.45,-25.428141652977203,27.514372095583308,-28.118052592200243
58.46,-23.421728858168695,27.90446734501715,-29.19910529087523
58.47,-21.236043075948952,28.545450320024806,-30.350625045911173
58.480000000000004,-18.757914873954554,29.19301254446275,-31.369489327233598
58.49,-16.669011919646888,29.643124272068768,-32.30041155297454
58.5,-14.37187604630146,29.82404010059559,-33.14402823712063
58.51,-12.176573416877412,30.13148117285741,-33.95963140822419
58.52,-9.817490061270005,30.074486363891456,-34.902086548799105
58.53,-7.695259050403093,30.26227741126991,-35.80920536296674
58.54,-5.42015569987239,30.33566177660166,-36.475934159506394
58.550000000000004,-3.111165194306374,30.264159471930213,-37.13402052478357
58.56,-0.5878102052098392,30.108773913288786,-37.63884064708734
58.57,1.5282182286027557,29.859296910279937,-38.30357400448824
58.58,3.751823711570958,29.44431790534441,-38.74875516615774
58.59,5.97306398413553,29.286173599886528,-39.03735857745593
58.6,8.118398656633586,28.731378612957762,-39.58152476624068
58.61,10.447200142747667,28.202164271449785,-39.90578574355884
58.620000000000005,12.76746342034797,27.497146116954443,-40.12853288035617
58.63,14.663034071649143,26.91116267263858,-40.470865487043305
58.64,16.85826117215146,26.274582853384814,-40.77986436076448
58.65,18.817881049074316,25.421509170615288,-40.72895052332561
58.660000000000004,20.731581802238757,24.44133246863372,-40.76532125259375
58.67,22.66524388120406,23.546867345106808,-40.91811564051598
58.68,24.49116988187344,22.499892957705338,-40.91241422981635
58.69,26.17354874708359,21.77731874168927,-40.5553428414024
58.7,28.163998986959925,20.650452783489243,-40.57022895532179
58.71,29.8133093523904,19.705451933954116,-40.412157420975824
58.72,31.44564837063665,18.60056169910078,-39.97009499844058
58.730000000000004,33.158290737930685,17.567911914324963,-39.700474582787514
58.74,34.645446739886225,16.50080087875494,-39.05958777929732
58.75,36.27119207393431,15.145116310137714,-38.7527201038425
58.76,37.557689481387214,14.278961752368184,-38.527494950717454
58.77,38.938651322712616,12.810571326665125,-37.88940741407253
58.78,40.40223380614571,11.48513994687989,-37.488182226748975
58.79,41.586981964723286,10.586223589553036,-36.96883501784532
58.800000000000004,42.7142473185303,9.364872511458522,-36.27351728826154
58.81,43.87156024846873,8.050632292074766,-35.6970366907438
58.82,44.871920288455236,6.976519117498389,-34.883302117354646
58.83,45.96845642869335,5.65066316617877,-34.33850949271627
58.84,46.924114592405175,4.603229101611069,-33.74383275421233
58.85,47.90908246242787,3.385590701363073,-32.75133836869636
58.86,48.827573960862665,2.171660229198974,-31.84673010017674
58.870000000000005,49.68553350145601,1.0641313797111998,-31.16240213870079
58.88,50.49860237290603,-0.063176443307793,-30.213061850313625
58.89,51.05319088518688,-1.0964281198030277,-29.429708923605144
58.9,51.89452761824207,-2.243491883123816,-28.46111733120304
58.910000000000004,52.32110370925796,-3.430847242889532,-27.423242363940865
58.92,52.808346244911384,-4.377452605292776,-26.391873043030362
58.93,53.37280242582719,-5.224520427211845,-25.38326938080646
58.94,53.901893365792766,-6.4416995182546835,-24.46330613890894
58.95,54.41188345314113,-7.54305061091104,-23.318143413029166
58.96,55.01616132188954,-8.428005631017713,-22.23822623551543
58.97,55.19390674147841,-9.249369002281272,-21.2725043595239
58.980000000000004,55.53817321910796,-10.232543031993488,-20.24722366531201
58.99,55.7681379251126,-11.347998451040688,-19.248114805482565
59.0,56.053285429000276,-11.787542750526054,-18.0534994133513
59.01,56.36261947890382,-12.671952496092867,-16.93231021303253
59.02,56.66008362272644,-13.332985238210544,-15.85553358175029
59.03,56.807640594479246,-14.105722952221427,-14.688066744294579
59.04,56.84163607005452,-14.778348928207661,-13.554386583137653
59.050000000000004,57.05485541513486,-15.32111497605,-12.536393979353479
59.06,57.30471316705163,-16.056371699066958,-11.41779551781914
59.07,57.38203040989332,-16.66707024651534,-10.312496900779038
59.08,57.197274932653684,-17.07815814330346,-9.000496435654078
59.09,57.648694077398595,-17.359408525620733,-7.800238609737132
59.1,57.638344984958515,-18.054823554290206,-6.833037534048088
59.11,57.57562236733754,-18.485563868613063,-5.522023446961992
59.120000000000005,57.72759736179598,-18.691043874264302,-4.5711898956651655
59.13,57.7598374698764,-18.959351498891866,-3.2078446133457224
59.14,57.548362297268206,-19.26338973022756,-2.2899694033589824
59.15,57.65329200757064,-19.522260489366012,-1.0009982807346927
59.160000000000004,57.70850594844716,-19.8068677930381,0.09209232418055718
59.17,57.5697328841816,-19.73765004200486,0.9859343825007065
59.18,57.725528807058865,-19.882897918386085,2.3140602743427565
59.19,57.62391860208846,-20.084583430640574,3.4599262696066093
59.2,57.38844970211224,-20.163937374629118,4.377745603801903
59.21,57.575373189929984,-19.903783673078145,5.5307113610229175
59.22,57.33425515142307,-19.950378322415354,6.409538308661477
59.230000000000004,57.37621882673229,-19.858329167346618,7.543868195326407
59.24,57.49472640151865,-19.72646728472667,8.61164966591863
59.25,57.013055293489494,-19.50541654741231,9.62590166592937
59.26,57.0754777859585,-19.21781708678952,10.71420448753711
59.27,57.07716795442231,-18.93056967825353,11.742145713814606
59.28,56.91705684522038,-18.666902742833937,12.63019076091711
59.29,56.94118971946775,-18.28805013424199,13.766090222839724
59.300000000000004,56.80835094736225,-17.692880009246966,14.636797880045062
59.31,56.74669625264461,-17.374032977539645,15.434380636770232
59.32,56.730966550228885,-16.7566772552564,16.232553824794355
59.33,56.66701379464023,-16.284053356035997,17.360962186069337
59.34,56.4745643384259,-15.874588604279348,18.19897445592607
59.35,56.50603141856633,-15.402643928783254,19.113683376981022
59.36,56.36930715112778,-14.60731488593018,19.94045018044194
59.370000000000005,56.373332805918835,-13.860007939194212,20.66117117966688
59.38,56.216499299654245,-13.259188758938249,21.488191490935904
59.39,56.03576431312218,-12.595858946977618,22.34689067099208
59.4,55.94140698291752,-11.652650457322292,22.986205725789414
59.410000000000004,55.89977227958919,-10.903123813382503,23.725967633957655
59.42,55.62506721885512,-10.139224473700972,24.419568616960422
59.43,55.44365142560237,-9.01894424075354,25.269694751035598
59.44,55.0818994972318,-8.257787235842374,25.73219770516946
59.45,55.241124208261155,-7.311415670065801,26.10573704262076
59.46,54.93380325022913,-6.573248414669769,27.04564890404921
59.47,54.75780481346108,-5.256915318408854,27.566067768838515
59.480000000000004,54.58938451861571,-4.2103601206487635,28.036770720125187
59.49,54.35284059737541,-3.0749406662882413,28.470572835611353
59.5,54.10232834761212,-2.2742915540629953,28.976178782106956
59.51,53.782494466376946,-0.7559625682710429,29.511370160502366
59.52,53.67450633960565,0.3255795690900301,29.788383004010335
59.53,53.13143201330172,1.3011689145892509,30.226398673661947
59.54,52.749382663015645,2.3482212974292884,30.53081091676279
59.550000000000004,52.46652618023957,3.6705870136738796,30.8296915100015
59.56,52.201160350670804,4.810753196274738,30.884654873573254
59.57,51.73755829819089,6.13101955114003,31.206945930694765
59.58,51.406915520696856,7.405422458753421,31.32500529906665
59.59,50.603168543407456,8.889999308954692,31.539071305112145
59.6,50.22434457836016,10.179449422099262,31.493769762160927
59.61,49.54847204295643,11.336112441012473,31.727848430534596
59.620000000000005,49.25724288557518,12.680768737265156,31.763525120360164
59.63,48.38808233259343,13.955488509017288,31.617365539118385
59.64,47.979412832590114,15.165529136096204,31.729637210424126
59.65,47.19703877196616,16.727314077515604,31.769783831129168
59.660000000000004,46.46813404682704,17.942772905689566,31.52605968668139
59.67,45.519752057974124,19.30093272804509,31.51369647930997
59.68,44.78346268122049,20.572430535323623,31.18151579232375
59.69,44.06929737023422,21.94488537173826,30.93870191926437
59.7,43.13419272238565,23.17250258397443,30.813263178004814
59.71,42.08094167665345,24.489837245811568,30.418461834167257
59.72,41.241691742192145,25.881097823001355,30.136435455886744
59.730000000000004,40.30159583774692,27.04738102579614,29.71568965322664
59.74,39.007251222547,28.42970601272536,29.422746988807393
59.75,37.93536896197222,29.48347265565906,28.882552266951162
59.76,36.84972102749729,30.86664490052023,28.406146061866725
59.77,35.666129804673034,31.900494242077514,28.18216689611621
59.78,34.11139501095528,32.96549988185183,27.480215839213272
59.79,33.06329634598147,33.88362720921553,26.98140141729306
59.800000000000004,31.455736663301415,35.31755564239099,26.194622850144015
59.81,29.970125663726915,36.364350235091415,25.78851621086081
59.82,28.6884862629549,37.47086425461522,25.00665486346515
59.83,27.033804206645595,38.28914350140621,24.281193704086625
59.84,25.483344296167022,39.094117762946915,23.483829424413862
59.85,24.047744819788704,39.93225123793948,22.893993131056945
59.86,22.238425589830342,40.64365508133282,22.235463496658703
59.870000000000005,20.683445150601916,41.52656481137602,21.41188600758404
59.88,18.911499124468882,42.14247052829006,20.752192220974518
59.89,17.155427556552105,42.75370746351353,19.845759724132613
59.9,15.358642465690787,43.39132656072207,19.210617292229824
59.910000000000004,13.53414902503183,43.82797017799208,18.28760067531544
59.92,11.711799976614131,44.27809901991832,17.393017644976418
59.93,9.530133554351067,44.59234348342398,16.58070281381279
59.94,7.684523320902273,44.97257961617874,15.829967305370142
59.95,5.805702504377508,45.012832095157236,14.96430929063642
59.96,3.756064472011173,45.2627355600479,14.052643606782068
59.97,1.5959863525510387,45.24875271502754,13.123548899955615
59.980000000000004,-0.11968436680129374,45.13843926744993,12.281834870666195
59.99,-2.3157190735834297,45.199888389512715,11.436099832801172
60.0,-4.339924267268668,44.927495859229865,10.69715825564609
60.01,-6.424276076238392,44.56722666176259,9.685104559090643
60.02,-8.446152839655594,44.40209462771303,8.849836075015478
60.03,-10.563526806000413,43.81481507430637,8.195977073527018
60.04,-12.493453937406196,43.17794655719675,7.43681494805188
60.050000000000004,-14.665860767655559,42.600143350029256,6.9039361850253425
60.06,-16.677839454115098,41.788641509217214,5.893218898168077
60.07,-18.723015525655182,41.21007666056053,5.207802966520457
60.08,-20.850138713100236,40.14454800828704,4.321594099083214
60.09,-22.71800746967937,39.38720604347416,3.750790570694419
60.1,-24.61522487611467,38.1745927468371,3.0871616670782265
60.11,-26.462645588764275,37.05710231671998,2.547739740399963
60.120000000000005,-28.52208396221588,35.9869855951494,1.8945689156049326
60.13,-30.19508656103401,34.45870549496466,1.4775103807371324
60.14,-32.00417609029829,33.11414441318442,1.0782932942031924
60.15,-33.387263845417934,31.862870140028466,0.7109181373173049
60.160000000000004,-35.20516734458085,30.317456778543566,0.040735956253426145
60.17,-36.790785763652586,28.76786399260266,-0.1746862769875232
60.18,-38.38234871748516,27.000048913291415,-0.5230204834459057
60.19,-39.73452180476913,25.346086326271774,-0.7130288004120666
60.2,-41.239449642270436,23.463523896934465,-0.9382672595757497
60.21,-42.686773224547,21.570801804186807,-1.2363772616003508
60.22,-43.77977566337378,19.97075343576598,-1.2426990410407899
60.230000000000004,-44.88450916606554,17.874414426855765,-1.2606334153680605
60.24,-46.10473462232215,15.897324602053596,-1.3286158169017839
60.25,-46.84806569875364,14.010431226356753,-1.300212358007493
60.26,-47.81365393399262,11.811228918824957,-1.3435311877725205
60.27,-48.404217107703104,9.819969670255146,-0.981767590761907
60.28,-49.06630111991944,7.707557820214474,-1.007172269273544
60.29,-49.51126197705652,5.600219670260212,-0.4702567239843658
60.300000000000004,-50.10202931504053,3.5279326853617428,-0.5478046781415589
60.31,-50.478594234055706,1.3273273198087865,0.15293271507858874
60.32,-50.67448157472736,-0.7548520566330825,0.38129073785530726
60.33,-50.952811292252626,-3.02688626316546,0.7010374607507806
60.34,-50.75128149717261,-4.89921682376612,1.3750874484355409
60.35,-50.82943936225605,-7.156105897944331,2.1554449000374785
60.36,-50.295566782508644,-9.238513814337596,2.5769521137973177
60.370000000000005,-50.259874671727864,-11.295584430408624,3.230271185072472
60.38,-49.93445919346193,-13.273019586867983,3.9031604626089056
60.39,-49.33029653134716,-15.41706424147335,4.673706154547202
60.4,-48.73820670816763,-17.496354506649922,5.348926454235798
60.410000000000004,-48.15102856309679,-19.258568778579058,6.3514238536625145
60.42,-47.064765077227484,-21.436058673650646,7.184191743491708
60.43,-46.13748419214566,-23.30820413458324,7.83195253461619
60.44,-45.00071091639131,-24.897391052210384,9.013181303495417
60.45,-43.95038084824747,-26.698884935981887,9.82200116374493
60.46,-42.5306051477396,-28.406605841828494,10.816442956405218
60.47,-41.298269061029096,-29.970254428223136,11.898565940551036
60.480000000000004,-39.939309281129034,-31.634916124912106,12.450924986396743
60.49,-38.32254768364971,-33.06103865056522,13.807580610351923
60.5,-36.66019737805645,-34.33676142665118,14.894674879067628
60.51,-35.12375080156941,-35.80324068911419,15.79289117502112
60.52,-33.29411147846786,-36.86284314751953,16.777827983569
60.53,-31.848465964634357,-37.83050355333072,17.993076271696083
60.54,-29.83008189057173,-39.10592005377728,18.98966440477478
60.550000000000004,-27.705530583863688,-40.05973383044076,19.82191138420821
60.56,-25.95203900015511,-40.962267929683684,21.169951217614614
60.57,-23.714945787902664,-41.59862421998825,22.23340646785473
60.58,-21.707799238503764,-42.24268474879635,23.071136190376592
60.59,-19.41238503844491,-42.96842381580215,24.167919340417424
60.6,-17.223346255131126,-43.242781917126365,25.104812869701966
60.61,-15.251844860231556,-43.77918839000044,26.037734617366212
60.620000000000005,-12.847245786807788,-43.87390365293542,27.195904849069503
60.63,-10.681403756419478,-44.26804921020795,28.074493215775846
60.64,-8.476782577118106,-44.349197335572036,29.00529594197185
60.65,-5.937731617594546,-44.52732439461301,29.874013515352996
60.660000000000004,-3.6455955398434816,-44.35157039607278,30.598836142939355
60.67,-1.6297704968821705,-43.992148398128066,31.614127146644595
60.68,0.9111888188359192,-43.68537964418075,32.095407474892184
60.69,3.1397993237233175,-43.34478484905137,32.84472960941709
60.7,5.425705982357995,-42.888804173960814,33.476433629128174
60.71,7.653806483098829,-42.502033029208235,34.32444386544221
60.72,9.926714289585226,-41.95475089857394,34.86974737878629
60.730000000000004,12.059792762345301,-41.134037489800264,35.32689716998814
60.74,14.236888223607775,-40.416572803692524,35.8981503085787
60.75,16.38792101931506,-39.43154181759752,36.306504159417926
60.76,18.601273418101716,-38.717348724767525,36.72691597987662
60.77,20.79187613922701,-37.83220232395466,36.89894178759482
60.78,22.955110517875823,-36.62008441343899,37.1499818768719
60.79,24.884108326178374,-35.64024035427041,37.63358406721276
60.800000000000004,26.905263153262585,-34.302974316071456,37.59969159919187
60.81,28.783510451697765,-33.10204599461289,37.684696218827845
60.82,30.483355014365213,-31.776959147887954,37.72702971376094
60.83,32.578774630111816,-30.460284710937863,37.79946716247509
60.84,34.10444054644689,-29.27828674315339,37.51865037143564
60.85,36.16646604967217,-27.80938301677375,37.63104975800971
60.86,37.46648201881342,-26.230751887040153,37.314289345380786
60.870000000000005,39.095797921619386,-24.871053065378675,37.10623025673723
60.88,40.72419565728428,-23.444296260784448,36.74532138425877
60.89,42.12744377290988,-21.93270184246254,36.69453337564289
60.9,43.63227128513974,-20.52573638453263,35.89497275848108
60.910000000000004,44.778317744073526,-18.775433045817845,35.599474541002714
60.92,46.121924722531645,-17.137684397242932,35.078433176282864
60.93,47.56284563221685,-15.757889628748178,34.40892007857527
60.94,48.70300035017886,-14.306241910430828,33.903106583366714
60.95,49.524929362746555,-12.502090532963509,33.14925180028078
60.96,50.60239149468892,-11.214706528897795,32.54429311231251
60.97,51.29353469314528,-9.522270523929512,31.571103727759354
60.980000000000004,52.271116003019685,-7.916083205105629,30.904314496086403
60.99,53.048099585933244,-6.368842890201194,29.943436732799405
61.0,53.82866702015047,-4.915623248404533,29.133195722833502
61.01,54.604367818465384,-3.2732338351641226,28.069671700270757
61.02,55.10067541774811,-1.965876537623848,27.065411028059774
61.03,55.73750703014278,-0.274291026834384,25.976368843509075
61.04,56.19561533463332,0.9306598601750873,24.909545938583086
61.050000000000004,56.61185004755386,2.6247828225059915,23.61680934688824
61.06,57.04717432434767,3.8897214145988843,22.61209704114576
61.07,57.35108877922167,5.112758839909101,21.42335934304344
61.08,57.37259579152576,6.640508078152253,20.269054396343765
61.09,57.7167355117126,7.750701543973227,18.95260304828979
61.1,57.73708464730805,8.991679808628191,17.49515919441698
61.11,57.78318490783949,10.227945279274266,16.40724784890584
61.120000000000005,57.891992306217276,11.434751038895373,14.970477115698653
61.13,57.84555022390971,12.580807665582887,13.753160334109921
61.14,57.714557056952415,13.765600105084342,12.467489485924302
61.15,57.761042627057485,14.66235859542925,11.081596668553537
61.160000000000004,57.6549687599542,15.783930026714428,9.59658582765223
61.17,57.17802974160152,16.659507729571303,8.133378565950984
61.18,57.10706794143284,17.716108078481806,6.81855145020757
61.19,56.84317823724323,18.429769530470036,5.393654445214491
61.2,56.513167300218456,19.1558830999872,3.9316513974173177
61.21,55.778481258581955,19.951560217634768,2.340989395709927
61.22,55.65493637010198,20.68803636675762,1.130913006915331
61.230000000000004,55.35970054075493,21.15481357202637,-0.4427423317526948
61.24,54.58839995632771,22.015026110464014,-1.8071833311052263
61.25,54.19091817832822,22.65027796955831,-3.3111094424662877
61.26,53.51150928139722,23.08986538376921,-4.758177746986936
61.27,53.38581854722796,23.420288659577416,-6.311784931105673
61.28,52.54129452243141,24.015185315061917,-7.6932976500424
61.29,51.98176445733398,24.248126603719097,-9.187833443417006
61.300000000000004,51.27392661804379,24.582583407515198,-10.65959355817432
61.31,50.82153319377104,24.841085210573336,-12.063684421569176
61.32,49.80924597201368,25.11225383874662,-13.345891466487613
61.33,49.15259997955055,25.252257611443785,-15.035239346600498
61.34,48.41147759772837,25.46006991858435,-16.33289740661554
61.35,47.52475630611118,25.56489907217915,-17.513912789342374
61.36,46.97316612065349,25.768460232394528,-18.984261282541407
61.370000000000005,46.02571016390964,25.69383432350229,-20.392958294043883
61.38,45.328018432732975,25.73610450006516,-21.437860557045454
61.39,44.342020320543824,25.328676692691175,-22.879180047983617
61.4,43.56025371084799,25.375458830184726,-24.165198001611163
61.410000000000004,42.782298231487026,25.47388845453599,-25.450389901768116
61.42,41.921604507693594,25.241458456577526,-26.75186826028198
61.43,40.89685715327709,25.049117286023236,-28.011877011157047
61.44,39.912087797559,25.00388030215117,-29.08726814955924
61.45,39.02854312406019,24.5223398399253,-30.18230055754818
61.46,38.000117893238574,24.420430832083188,-31.326199878037635
61.47,37.23354335895786,23.996939279573663,-32.606147198007996
61.480000000000004,36.00340300398877,23.55832435310543,-33.47798614798216
61.49,35.08079513585739,23.14211188611805,-34.59738691500008
61.5,34.211636492844285,22.95343525386128,-35.57483501958807
61.51,33.18780589717602,22.08731821512911,-36.64921313380814
61.52,32.12951288001364,21.924262453545055,-37.55299524892836
61.53,30.908874702083295,21.515929315849593,-38.54115710674059
61.54,29.98522018592597,20.990226028877817,-39.459699383333884
61.550000000000004,28.910175012197907,20.19176406378404,-40.22551245413313
61.56,27.902623898945123,19.96353922416035,-41.001733112258584
61.57,26.977237054122796,19.52375712372335,-41.77907752057382
61.58,25.52072894543087,18.774593100910646,-42.47991842344058
61.59,24.743751613839898,18.372520099450902,-43.48668752148863
61.6,23.508427879062125,17.73550566067941,-44.070469790918324
61.61,22.27618253760504,17.097383093190803,-44.811895950008704
61.620000000000005,21.22997472777291,16.652825183553233,-45.25673618657706
61.63,20.027961400266605,15.907810987913807,-45.84236708245787
61.64,18.850448989123468,15.316441971991232,-46.65143477333274
61.65,17.790398057970936,14.79627982132238,-47.110212922904665
61.660000000000004,16.590845331893227,14.338340696611187,-47.51514447295518
61.67,15.230045818612872,13.540531590987278,-47.983238931379674
61.68,13.973522502162048,12.883044211957007,-48.11911791697242
61.690000000000005,12.64514747221857,12.342986524605532,-48.65507172835187
61.7,11.754675157059726,11.844871670424144,-48.88240565340284
61.71,10.259966066489396,11.469918614690576,-49.21702048332358
61.72,9.261349791450481,10.751930579307482,-49.609299338088924
61.730000000000004,7.801141257618307,10.282543945001962,-49.796828968349736
61.74,6.755552468901052,9.887361686780526,-49.72054339901663
61.75,5.519969959651117,9.191261806404658,-50.08055771092497
61.76,4.019031499958463,8.964709577661576,-50.19420570476292
61.77,2.8684645667362454,8.365977456149738,-50.3227000416508
61.78,1.669850998408475,7.892770003348778,-50.25916455235168
61.79,0.42487181698896576,7.495194988676621,-50.25626578165918
61.800000000000004,-0.6843597469334973,7.212896300503597,-50.43668153711043
61.81,-2.2472513745364866,6.615471016465215,-50.121369601077056
61.82,-3.226362233160018,6.3082157140014745,-49.9766972629503
61.83,-4.462626827094623,6.147405180805916,-49.95386595439649
61.84,-5.819820686405935,5.847915069471934,-49.68542859739038
61.85,-7.010392520689939,5.5369380575111204,-49.58224386697522
61.86,-8.34578861536582,5.387441604502497,-49.36750882105085
61.870000000000005,-9.595159104318737,5.235290842552868,-48.92753564673942
61.88,-10.754857407912633,4.943167586867485,-48.809098183807684
61.89,-11.868693764015996,4.936584561535516,-48.306610018639645
61.9,-13.062033356952147,4.798632613721675,-47.98309223512574
61.910000000000004,-14.23499138879126,4.866281285478186,-47.50252646344197
61.92,-15.339025954981802,4.839869559870722,-46.99028371072181
61.93,-16.52775086429455,4.735512196276351,-46.70788363036709
61.940000000000005,-17.618376552694034,4.985740819026822,-46.1083009246354
61.95,-18.67633431949338,5.051697650901937,-45.41022605809062
61.96,-19.768243122047533,5.231248845663738,-45.1392999566387
61.97,-20.584266464345056,5.5205781482306415,-44.49234226678131
61.980000000000004,-21.8179438492414,5.786886471860632,-43.86963912376715
61.99,-22.853220069022694,5.906201518731239,-43.22312492522069
62.0,-23.66897503980527,6.285757451560475,-42.63950142852046
62.01,-24.50721550349793,6.742093935958334,-42.03028222327487
62.02,-25.413918624613395,7.183119612985657,-41.48232860005067
62.03,-26.24714117187015,7.559197101788155,-40.502911366441886
62.04,-27.039957420196515,8.192917645986347,-39.89226563073263
62.050000000000004,-27.615329475185433,8.65645205023874,-39.293545541016144
62.06,-28.440954800839172,9.328129675111574,-38.581311438854364
62.07,-29.009800792698847,9.766914187461873,-37.5974696162303
62.08,-29.53803262404353,10.395879485793495,-37.1338460771318
62.09,-30.2020658576232,11.151784675140844,-36.31174025221525
62.1,-30.64245675039509,11.990011837046595,-35.29579250966598
62.11,-31.09905057556908,12.766725835591377,-34.84623046948446
62.120000000000005,-31.52893475092734,13.578860416768393,-34.05161611435136
62.13,-31.60199542760771,14.34083984585897,-33.1638570841327
62.14,-32.07168018402457,15.264636879784028,-32.69616852119097
62.15,-32.09171230227726,16.0432996810917,-31.809408073884715
62.160000000000004,-32.24331588380039,16.979412747276083,-30.843442848474766
62.17,-32.12675804930623,17.957100400678712,-30.03939585936587
62.18,-32.35442254088262,18.952905900340525,-29.62971815024672
62.190000000000005,-31.90553182084371,19.67880645511084,-28.86638590650888
62.2,-31.83663407846052,21.00014645916086,-28.157021307781456
62.21,-31.491509631780517,22.000469733545255,-27.476372154164267
62.22,-31.253498724396348,22.997843937536,-26.694225889574295
62.230000000000004,-30.92560220538138,23.940753250762207,-26.145913921780636
62.24,-30.6559209435328,24.845944321075923,-25.410530008739016
62.25,-29.93003774370613,25.94494771876364,-24.74528933773106
62.26,-29.39986792083934,26.818272556276217,-24.1232476872047
62.27,-28.769533449945655,28.146187850212588,-23.51743501542166
62.28,-27.880451430887085,29.17408439062138,-22.89804303531221
62.29,-27.203267848187917,30.079471122139037,-22.479965791051868
62.300000000000004,-26.115331080436707,31.066767028944962,-21.843624206389272
62.31,-25.367113052176016,32.03111964661607,-21.358129077082907
62.32,-24.122020953846345,32.88992228668976,-20.850377347683626
62.33,-23.137235570130752,33.901570652538645,-20.53231712265757
62.34,-22.017953727261432,34.79462614760264,-20.09963792656994
62.35,-20.772615578685524,35.40201210904571,-19.71791064952742
62.36,-19.485205660476453,36.446439782711664,-19.197998406470717
62.370000000000005,-18.095348082842094,37.24694697183646,-19.08262891056504
62.38,-16.804053231556125,38.02568396064115,-18.81349490513616
62.39,-15.595862957991226,38.61719409915785,-18.406006765741612
62.4,-13.919550975113966,39.32751301470544,-18.385261252050224
62.410000000000004,-12.273080060619623,40.01970423681299,-18.111462672484976
62.42,-10.69609991897612,40.52563754693181,-17.92436019630465
62.43,-9.313032618128137,40.984455058172145,-17.734299088544045
62.440000000000005,-7.6175153768065975,41.42956445753029,-17.697365268782168
62.45,-6.104850030379994,41.79594796837434,-17.66869742316319
62.46,-4.368967118948876,42.41446768143036,-17.56131900839438
62.47,-2.3446811502230394,42.67384775771569,-17.733754223566898
62.480000000000004,-0.576697919382148,42.91956933457631,-17.732516259588724
62.49,0.9516651314720066,43.094411876698494,-17.766884878325712
62.5,2.6235456280674896,43.11944743589182,-17.82933870727111
62.51,4.460185910492572,43.149519897079884,-18.05548644067836
62.52,6.153219705766842,43.05990668768002,-18.364843307200093
62.53,8.124941847070113,42.916563620470114,-18.521839000104208
62.54,9.933297061999305,42.948868078952785,-18.778717750407964
62.550000000000004,11.538299381424423,42.6741528455426,-19.101042935645506
62.56,13.30529823043436,42.598186880328484,-19.19717226584126
62.57,15.039332308869641,42.018426944806606,-19.586962188122122
62.58,16.844203622329076,41.66940686563818,-20.05892152376151
62.59,18.328032037669445,41.13237028603972,-20.53752244912336
62.6,20.163739075251307,40.5163599392967,-20.861362772594095
62.61,21.74531577327123,40.04866532473645,-21.070384340716405
62.620000000000005,23.550061378238002,39.327686804586726,-21.875550697549834
62.63,24.894979167952208,38.678285516648934,-22.383085027645944
62.64,26.288971162134615,37.73953173745936,-22.709681054644427
62.65,27.828238155392313,36.77846472454423,-23.268385078092862
62.660000000000004,29.05584538626722,36.062534641166756,-23.71727951583092
62.67,30.53842664257642,35.08817997112931,-24.234321829040063
62.68,31.928562432262567,33.95824447557,-24.812934517577954
62.690000000000005,32.83577584359884,32.89251560497456,-25.637816299069666
62.7,34.12172684130203,31.91588168838474,-26.033963714488586
62.71,35.17732294336202,30.80964149781391,-26.595806783433204
62.72,36.00717365806124,29.7415763061239,-27.240140805120575
62.730000000000004,37.050893395417155,28.276693720118928,-27.847011469772646
62.74,37.97511920400186,27.068726826681388,-28.391374147534986
62.75,38.62741387369367,25.766032377150264,-29.128361203372116
62.76,39.45262747517382,24.55994813131916,-29.703261163114977
62.77,40.263944674088854,23.103394885341718,-30.292786707254535
62.78,40.788599266004525,21.726333950389837,-31.13170590630928
62.79,41.309330253260484,20.3298003357376,-31.63084792244353
62.800000000000004,41.71950014580822,18.968912747647696,-31.936408099985023
62.81,42.029583335080105,17.718723667159043,-32.81937908001748
62.82,42.37130371761638,16.472984313251317,-33.52564897074228
62.83,42.6289951935267,14.88556369321635,-34.023474050388685
62.84,42.68814886783476,13.654894242920287,-34.86912966633187
62.85,42.76890174106636,12.231580792048923,-35.28031615725908
62.86,42.59547029757917,10.560362349821862,-35.95532986270062
62.870000000000005,42.65644988357176,9.429053648177568,-36.405411843019785
62.88,42.5485031239117,7.93823272966614,-36.86401658747488
62.89,42.46567087772856,6.540772342001201,-37.48188799868934
62.9,42.023629540501034,5.114601195319532,-38.24773361159718
62.910000000000004,41.679068777781545,4.178279569255217,-38.697926427554556
62.92,41.13658696748399,2.7303091647981703,-39.1204911696473
62.93,40.693692728084116,1.296072711347469,-39.76072532148955
62.940000000000005,39.972322610366454,0.19948754487178827,-40.07951725046627
62.95,39.58799637699308,-1.2139025455526633,-40.68952771214062
62.96,39.0391736014585,-2.335101143728965,-40.98451992960065
62.97,38.32568570419795,-3.495803395701148,-41.13381585657494
62.980000000000004,37.564811711579736,-4.5324382244851735,-41.75656120065708
62.99,36.687220239814536,-5.597082104068446,-42.46951473587112
63.0,36.213769913046576,-6.684588164759039,-42.60570835241212
63.01,35.08845235951562,-7.785636141024952,-43.29431131066217
63.02,33.977535601904925,-8.813372184558627,-43.6175749057694
63.03,33.055269281107684,-9.864958054701813,-43.88330714961759
63.04,32.07092086114859,-10.528524615783088,-44.299929904605825
63.050000000000004,31.12841969301136,-11.242789052338228,-44.493049804870864
63.06,30.24217596840369,-12.32895471772345,-44.76176997546502
63.07,29.127599689386408,-12.951887724900029,-44.96506066271467
63.08,28.212875556707196,-13.74716960899,-45.32139093498333
63.09,26.83520615642854,-14.573144823182876,-45.606348271174696
63.1,25.94645961828248,-14.98010140457752,-45.80878258207277
63.11,24.685920750874388,-15.565027599726832,-46.17441199891232
63.120000000000005,23.639259349833264,-15.964769152996094,-46.615108635314435
63.13,22.506192185148368,-16.724694795989524,-46.67503227495385
63.14,21.28392190303954,-17.150849557156192,-46.707342053483245
63.15,20.187785031838498,-17.56277470532678,-46.826099372466935
63.160000000000004,18.925389667537072,-17.926200704672212,-47.02142105794803
63.17,17.768598359691406,-18.108151139449745,-47.16365385738563
63.18,16.820834759287152,-18.60969037883805,-47.335320712753095
63.190000000000005,15.54722267130703,-18.899737099112798,-47.508192730298795
63.2,14.692905391506136,-19.198455024658237,-47.75849884434499
63.21,13.519161723980458,-19.287354620164994,-47.796360780749
63.22,12.436203887297655,-19.31895276082328,-47.71611080636642
63.230000000000004,11.386584779208773,-19.448934985270977,-47.91269514193829
63.24,10.266244285909584,-19.5071451218777,-48.10931792196483
63.25,9.180497099570589,-19.573252830262746,-48.08541804065045
63.26,8.375872356684381,-19.686043361211972,-48.211822738553096
63.27,7.41686422473404,-19.382557685215613,-48.21907410226789
63.28,6.080473673762532,-19.53265041585926,-48.438239257646664
63.29,5.236168963855835,-19.48453316261621,-48.25844995023352
63.300000000000004,4.236627498689684,-19.179603592629768,-48.34444267078119
63.31,3.6678867643229944,-19.30500536222517,-48.383748903036
63.32,2.6086872400596532,-19.027024330966498,-48.512945639881856
63.33,1.8074829865725466,-18.88450165905971,-48.63109039435638
63.34,0.90848391009507,-18.49696775377446,-48.59959328907784
63.35,0.21669026096716545,-18.261614190395843,-48.46832129596188
63.36,-0.5210972212417075,-18.012651809641124,-48.38657880201984
63.370000000000005,-1.4312271079674765,-17.82831701304667,-48.4099991493302
63.38,-2.1697371586001224,-17.42142607843206,-48.58180942389128
63.39,-2.731377260862302,-17.188732617282565,-48.56435452865842
63.4,-3.4701639361111383,-16.942228310664404,-48.58931362742697
63.410000000000004,-3.9909027311538723,-16.669848768701645,-48.54342093630537
63.42,-4.8062625532942915,-16.315466044255746,-48.52910157570901
63.43,-5.303895833784209,-16.003443822397905,-48.60887419859949
63.440000000000005,-5.907892031009676,-15.52878261860015,-48.649284669796124
63.45,-6.256895792172326,-15.252436366061344,-48.67392125258942
63.46,-6.965329138722939,-14.810037205273627,-48.602526322210316
63.47,-7.258253674294336,-14.25559366557111,-48.68030301988539
63.480000000000004,-7.717451008625173,-13.926738300301492,-48.507089889501756
63.49,-8.251447096934578,-13.587346986817273,-48.62233741784695
63.5,-8.531028999011978,-13.194864032390631,-48.646669300713505
63.51,-8.991987100803962,-12.78028195785563,-48.60488521950627
63.52,-9.39416463786986,-12.485820456372553,-48.699763374961606
63.53,-9.616872649469494,-12.094164595438633,-48.520206663191786
63.54,-9.927764317411425,-11.576927882345432,-48.697692964745514
63.550000000000004,-10.147051260570603,-11.180981776809986,-48.55820036751272
63.56,-10.56553574528486,-10.84242484674636,-48.723221816742864
63.57,-10.717690200849434,-10.344050924303392,-48.710964913577044
63.58,-10.835328497225504,-9.944859901150288,-48.75849871358727
63.59,-10.901872748405106,-9.580602167390735,-48.73050040032531
63.6,-11.036937888225529,-9.091484688666455,-48.900965224833755
63.61,-11.379645596494163,-8.87773504628872,-48.867148470219554
63.620000000000005,-11.253106152848565,-8.394495946203902,-48.86954710535627
63.63,-11.565444820749347,-8.101339154044107,-48.707250693454526
63.64,-11.583200829972661,-7.67301167819697,-48.75894726956199
63.65,-11.465695975313869,-7.195608370544593,-48.92760929913652
63.660000000000004,-11.580684688953362,-6.8005456277634995,-48.80643629069582
63.67,-11.572497380953013,-6.537307477695873,-48.91407224949334
63.68,-11.70229172592752,-6.104375490717662,-48.873424434201674
63.690000000000005,-11.674954238207201,-5.931388340794395,-49.21297160077669
63.7,-11.699863908505602,-5.361054574606889,-49.113545690780285
63.71,-11.593158373550368,-4.920094903365242,-49.142711392423955
63.72,-11.617466259029227,-4.750828125156421,-48.92289990593256
63.730000000000004,-11.58430956677375,-4.192916928165854,-49.0623506795548
63.74,-11.451681468961532,-4.0494980587687435,-49.08546721945123
63.75,-11.437071188593805,-3.65462488541571,-48.959348014590816
63.76,-11.08117560510823,-3.362087602447929,-49.33717029528441
63.77,-11.107403285078835,-2.9760904391145595,-49.335028536813326
63.78,-10.843329491609426,-2.9000152332204117,-49.25133546049593
63.79,-10.705677370958819,-2.372135400971948,-49.25874067062769
63.800000000000004,-10.570000634388807,-2.0602980309593004,-49.25390406207506
63.81,-10.47924743068262,-1.7083186205563352,-49.32842178223855
63.82,-10.197400220539636,-1.5832916080331367,-49.42026318967128
63.83,-10.026124720483336,-1.142572175622942,-49.436672476457126
63.84,-9.850714839358838,-0.9532087412130037,-49.39823125611432
63.85,-9.522264818536987,-0.5498906216903063,-49.65996987831759
63.86,-9.436297910582136,-0.14630513380704008,-49.590781701246485
63.870000000000005,-9.067911424310445,0.1337030840690949,-49.50873853300463
63.88,-8.967706144251082,0.268546397997933,-49.62720806502672
63.89,-8.55366684061956,0.8223533627799327,-49.76372021945373
63.9,-8.5949874248328,0.9633348967421514,-49.94982114186026
63.910000000000004,-8.153997122840973,1.2562853342378326,-49.71098844448768
63.92,-7.888180746421464,1.4109897642289213,-50.13130546839989
63.93,-7.542659526974375,1.7085789019981767,-49.95586940350866
63.940000000000005,-7.261320333090543,2.029810779242247,-50.01865091607848
63.95,-6.896222504540014,2.3600037075417863,-49.730986035559106
63.96,-6.58994926978311,2.4343069533245765,-50.128928804101434
63.97,-6.244060543081754,2.8727481761203406,-49.929642536229856
63.980000000000004,-6.048597497342069,2.8416070131308033,-50.086739761532336
63.99,-5.896627721983377,3.223228533481899,-50.063050702413875
64.0,-5.416699701710905,3.6844619779096304,-50.2648917721001
64.01,-4.941989417827102,3.8936779297948116,-50.215843268797954
64.02,-4.813946172804043,4.193544996070268,-50.14184254452457
64.03,-4.495644739030906,4.444685521690023,-50.365131316780804
64.04,-4.239429239124509,4.807517491556951,-50.098415612019096
64.05,-3.770243274938215,5.057433277506743,-50.14844645793688
64.06,-3.3825579349618278,5.4303050741108345,-50.24902875459036
64.07000000000001,-3.2046417218099235,5.7030774324358156,-50.101991831071366
64.08,-2.9581959069457646,5.954610393818986,-49.91929747699059
64.09,-2.4295990150735003,6.330204735349587,-50.043168506326104
64.1,-2.2663788079885188,6.472500549319018,-50.26189096289083
64.11,-1.9791715265908252,7.054678669628777,-50.24241574234203
64.12,-1.3923002409280525,7.198953154363323,-50.00757247018488
64.13,-1.1202352367369088,7.490377036279386,-50.00400084712291
64.14,-0.7506621608739341,7.9281560381455956,-50.01809037049009
64.15,-0.675021133381041,8.22109817038843,-50.178685479581006
64.16,-0.2574364373053726,8.779341052699293,-49.754268860804224
64.17,0.15843265218063332,8.903559853640417,-49.89079358112316
64.18,0.4729217419418555,9.467856634585779,-49.69176197281302
64.19,0.7765203513013409,9.459789770408431,-49.753839110191464
64.2,1.1019005289728456,9.935380872084625,-49.65351294072796
64.21000000000001,1.3990531932387724,10.30010162615235,-49.725706438091265
64.22,1.4457682133981602,10.685633880953597,-49.406611656127275
64.23,2.0102453187119784,11.177956020599748,-49.380141964626425
64.24,2.0994260536170932,11.51282765921864,-49.24421434559531
64.25,2.3428710272746773,11.865360396997527,-49.20243037897399
64.26,2.578047193374838,12.265410518686988,-49.05665782372274
64.27,2.8315961056461547,12.711113244513907,-48.96729607567994
64.28,3.0748987772907195,12.99044927953713,-48.893193602790944
64.29,3.358757773910512,13.553881171742892,-48.54242029773585
64.3,3.4625873396523157,13.883870408092296,-48.62177399951703
64.31,3.6788855878157127,14.441407598474449,-48.42537441033387
64.32000000000001,3.809930365495606,14.841654020709923,-48.17925724629018
64.33,4.227167596282521,15.286600501559382,-48.08920065676642
64.34,4.117317009466778,15.743003507705476,-48.06234827809683
64.35,4.372855549000481,16.259294302426767,-47.569834881246905
64.36,4.3967952697011965,16.512927604134838,-47.45505829839285
64.37,4.377994117590963,17.01065331035062,-47.17362690124988
64.38,4.584081307103857,17.528283584895,-47.06380183672256
64.39,4.4885989038080165,17.924953079068253,-46.772469781907205
64.4,4.432470439739167,18.34724809700046,-46.556938722772806
64.41,4.520370427027999,18.851291935329044,-46.14744746245572
64.42,4.575459222554493,19.312403321731857,-46.0158028432767
64.43,4.517644658855418,19.606400372773045,-45.89288717381922
64.44,4.5772992547184685,20.201339947963906,-45.62145673228
64.45,4.45898566726861,20.46002274281301,-45.23147822959623
64.46000000000001,4.301969502909503,21.098476400539067,-45.03293951877498
64.47,4.012334502148865,21.571399696454225,-44.841976622955315
64.48,3.8237028538336304,21.92069197281042,-44.59439006708662
64.49,3.688526406515021,22.245208164790146,-44.23865742820371
64.5,3.69533381402534,22.737731309782735,-44.08913089839021
64.51,3.3970731111349934,23.049925893654784,-43.82706410898365
64.52,3.3035900419523334,23.669762830130235,-43.449327807852846
64.53,2.9510316316458858,23.909318700126605,-43.15438536478742
64.54,2.425588882714756,24.349554156231907,-42.869870746145274
64.55,2.4019556699786304,24.75958422556624,-42.640074040244876
64.56,1.9113102835423792,25.108731444904084,-42.25224770889315
64.57000000000001,1.4733738761575532,25.463322002977772,-42.18680537816755
64.58,0.9413246748109294,25.82112719482775,-41.76878296495268
64.59,0.6969749288145994,26.066038868326384,-41.58167961096843
64.6,0.4472542643567734,26.387119114871425,-41.27762802658904
64.61,-0.18498301494102015,26.42592239256838,-40.94241874866752
64.62,-0.5368781545529508,26.921959105985326,-40.800261383944374
64.63,-1.0318258544932462,26.98044228812251,-40.470757999496556
64.64,-1.612331605449133,27.315758261977177,-40.20764411876754
64.65,-2.190896234392169,27.53539555498068,-39.95855559932807
64.66,-2.8058084265024337,27.527317203166877,-39.42823057692694
64.67,-3.2710705378582063,27.800581434597046,-39.26698879096898
64.68,-3.9781789109860184,27.970267458075323,-39.03962965422035
64.69,-4.38919347147747,28.03803453183152,-38.88285871519114
64.7,-4.996476085187247,28.1838913851109,-38.561756098742975
64.71000000000001,-5.650929583390084,28.23677840661564,-38.501075595384194
64.72,-6.203420950017258,28.34242652941534,-38.19829406961046
64.73,-6.878389951862593,28.264234814681696,-37.910450823554356
64.74,-7.4949914267987445,28.22219655638051,-37.97514326952688
64.75,-7.967427661389621,28.208759398624796,-37.68174413077489
64.76,-8.58098914616941,28.11090806564878,-37.60267117806064
64.77,-9.372236719223515,28.094475937632904,-37.311818048894786
64.78,-9.859940860812646,27.967221274621025,-37.19342007663785
64.79,-10.309605442073147,27.695178904226353,-37.02184334274229
64.8,-11.085995238875595,27.621386765595314,-37.132295194733615
64.81,-11.604990804164835,27.474975957489757,-36.99401266966875
64.82000000000001,-12.390179361864515,27.207452675139915,-36.86747677873248
64.83,-13.088852062414684,26.969515636810694,-36.81922891210402
64.84,-13.668658883789014,26.638310733242843,-36.6435816358782
64.85,-14.251213504237755,26.372859269657457,-36.75033843693663
64.86,-14.66344393226478,25.992851507814994,-36.81892195855073
64.87,-15.291747901936708,25.8644244958616,-36.91660592641005
64.88,-15.593990878709572,25.44160182624003,-36.864523986816785
64.89,-16.32274839922319,25.172324699977086,-36.74148686257452
64.9,-16.781579609622977,24.90756013830263,-37.084991076219794
64.91,-16.980560479154914,24.48010552854455,-37.063878653489596
64.92,-17.36159105973181,23.90252337384802,-37.162034482308776
64.93,-18.02411868744962,23.55402546099167,-37.17477869079343
64.94,-18.456264261816056,23.182250439956345,-37.39712210728507
64.95,-18.586189341522026,22.757815868605093,-37.48358191216159
64.96000000000001,-18.931683108427915,22.401835123112065,-37.54589301942635
64.97,-19.04165675400318,21.863699558086182,-37.68722050839798
64.98,-19.325312300126743,21.53748011276143,-37.876477345390086
64.99,-19.67701159443084,21.182896491601692,-38.138922864114065
65.0,-19.764330662369975,20.40848383622676,-38.30015812900218
65.01,-20.094831003352628,20.08671191086412,-38.540476295895374
65.02,-20.05892783041056,19.602194299046886,-38.93835179632584
65.03,-20.24532624141112,19.119457709456096,-39.00344493578492
65.04,-20.278633542744767,18.62065085689509,-39.449177473957576
65.05,-20.360002275604412,18.508365786814068,-39.60550814708044
65.06,-20.420729548092304,17.821459750547746,-39.87488661991247
65.07000000000001,-20.25186126422027,17.457270416549672,-40.17489896088694
65.08,-20.167191452360687,17.08156022904336,-40.41913985925586
65.09,-19.980864336386865,16.519370666603145,-40.69267430090582
65.1,-19.793718214398808,16.321751392514876,-40.95204934122291
65.11,-19.734179346419236,15.774161703182202,-41.39221397282064
65.12,-19.41158063326418,15.432213395378653,-41.563079827306936
65.13,-19.26613713302004,15.162774000744944,-41.8307355450015
65.14,-19.008810165117147,14.653835858749792,-42.18959761345037
65.15,-18.67075076588289,14.522352907200991,-42.46592816936659
65.16,-18.20594071607869,14.074178420182509,-42.77074183130977
65.17,-17.885037041390987,13.906281877255259,-43.129098579090275
65.18,-17.54979504474442,13.800765476283432,-43.32444231305459
65.19,-17.26587951994827,13.690829401006376,-43.597868426144935
65.2,-16.59277157840632,13.367497379745634,-43.922183358831994
65.21000000000001,-16.307690410300065,13.272912584175506,-44.196484634852226
65.22,-15.701686815740063,13.140455723609907,-44.46477601499935
65.23,-15.274889241176853,13.021732127023524,-44.63627757391376
65.24,-14.780174325954434,12.87256889742797,-44.92864144961222
65.25,-14.38136019198089,12.943615021080683,-45.04745423300184
65.26,-13.724705193674927,12.823301245110963,-45.23700069129799
65.27,-13.174480016885438,12.791548275285626,-45.66863998569451
65.28,-12.686313767851873,12.829193188273065,-45.70935157994695
65.29,-12.02143291680783,12.928967700864094,-45.97346083035918
65.3,-11.411750603988422,13.103580321008858,-46.16518409729352
65.31,-10.610072419800558,13.459947315923188,-46.4321151676183
65.32000000000001,-10.097270427200716,13.39486445505304,-46.2883096908822
65.33,-9.684291700107602,13.600730847862435,-46.32081485900155
65.34,-8.842195544877486,14.001672285729418,-46.613498910309296
65.35,-8.17400271315217,13.930520566377176,-46.76205610274223
65.36,-7.655047645948492,14.178741970155265,-46.66220810409764
65.37,-7.023534686445383,14.501072300395661,-46.7789414809095
65.38,-6.419563035083529,14.779005879803842,-46.6976870858805
65.39,-5.9055714544242255,15.045908079494042,-46.91369226283202
65.4,-5.276473623581985,15.47358259281454,-46.63646366439324
65.41,-4.558414274525156,15.886443412808646,-46.78002555648663
65.42,-3.995640314102565,16.328548533986474,-46.74479993643053
65.43,-3.6145093994249944,16.73300949098733,-46.54614457053887
65.44,-2.8989647434021557,17.097061293821753,-46.50020729195477
65.45,-2.233932732790723,17.559293099673035,-46.229173440492
65.46000000000001,-1.7628430360126697,18.201102909238568,-46.117545454284254
65.47,-1.2758143711609795,18.685736252846834,-46.02728547852461
65.48,-0.7031869301873198,19.251306353213927,-45.76256988907837
65.49,-0.1322964665079186,19.699323341607897,-45.600130699168844
65.5,0.36427471161742564,20.187277947711078,-45.265836132987424
65.51,0.6926440478817877,20.663558357519143,-44.97651729343444
65.52,1.3789867728740166,21.223681206111873,-44.58417329390235
65.53,1.6454738128063704,21.832308542109985,-44.575195896024965
65.54,2.018745662062357,22.297360101266236,-44.16052845132961
65.55,2.554273446506212,23.02275459652265,-43.843650871540376
65.56,2.9910335942505246,23.61287519890671,-43.48380152630997
65.57000000000001,3.349454057143424,24.20358492538498,-42.7961086957518
65.58,3.697968956830332,24.74055060589823,-42.62243843513685
65.59,4.24293480630239,25.438387052307665,-42.2435044614018
65.6,4.327079742256493,26.178385372440463,-41.711402462025035
65.61,4.688622341628939,26.579946775348134,-41.29090467123633
65.62,5.179225937685648,27.164572229297438,-40.72625229986078
65.63,5.338734508727249,27.918365812990668,-40.32387301567263
65.64,5.63182167908057,28.416190040766246,-39.713171170625785
65.65,5.842967365496426,29.041128691213952,-39.189216519636446
65.66,6.08811997273597,29.698492447226457,-38.63455744346486
65.67,6.405281699697877,30.153837830833655,-38.02491969825588
65.68,6.536813081945839,30.684402053669096,-37.497362366071656
65.69,6.746320772250075,31.355628626350555,-37.0738041727568
65.7,7.110329737654256,32.02653438293718,-36.300363808834874
65.71000000000001,7.417535180726218,32.62265857155074,-35.72661796290195
65.72,7.3490091295061655,33.312415423066014,-34.883435488445905
65.73,7.308032006956904,33.7632014360023,-34.371104853310506
65.74,7.574561243788868,34.451487020579826,-33.58541424371801
65.75,7.613585548613642,34.90583708179837,-33.06164999706328
65.76,8.076931398807226,35.211244611237866,-32.31790136633881
65.77,7.691576481512932,35.94937589658833,-31.58016069480414
65.78,8.191636416217724,36.36492799408049,-30.73774081302604
65.79,8.047426382136734,36.92138499989636,-30.11341936312485
65.8,8.099030664903841,37.557884618126444,-29.190509046750588
65.81,8.096911721822662,37.897050195207086,-28.336511974994053
65.82000000000001,8.306248702926956,38.60337757770493,-27.849607102481407
65.83,8.367672723455705,38.85621832217203,-26.96237559216503
65.84,8.659237300514324,39.39281628209546,-26.261183923889313
65.85,8.452151945165435,39.81209360838014,-25.454817971950963
65.86,8.58207152627835,40.074229488418894,-24.642569205546597
65.87,8.607694740083897,40.74057768038088,-23.699889247454692
65.88,8.52632871541216,41.13262516355541,-22.948777677376125
65.89,8.539035487311486,41.50667528643438,-22.13792255764396
65.9,8.89888731333997,41.94197023987688,-21.287747709635166
65.91,8.836747596714087,42.259083085887575,-20.265667645208932
65.92,8.986878356597412,42.614209101917375,-19.63266617260019
65.93,9.014537046027801,42.824356176252564,-18.625452062603085
65.94,8.823217116220603,43.40896500470366,-17.881975205638994
65.95,8.951591506512251,43.58155775298166,-16.986361469308022
65.96000000000001,9.16297015365807,43.948715520358164,-16.131270122265867
65.97,9.01929113198583,44.18055185047554,-15.160582798788738
65.98,9.171928763804546,44.44089109309865,-14.306697741458926
65.99,9.437843337814776,44.6445521740071,-13.462620974227518
66.0,9.291897607140617,44.847237226400274,-12.44824559067663
66.01,9.505493481651076,44.8355005694576,-11.59082398169859
66.02,9.602507636100086,45.256306738001626,-10.557619862524685
66.03,9.562943113708803,45.407443668115086,-9.701862484138546
66.04,9.616883759288012,45.72949827181898,-8.919092766779317
66.05,9.871403005036498,45.75078239104327,-7.964387184246332
66.06,9.878466441039153,45.67027581143034,-7.0215446522601095
66.07000000000001,10.068893005079339,46.177136065634535,-5.932870233028655
66.08,10.148127280344225,46.033589779451034,-5.075370961240832
66.09,10.290383648632856,46.23898886181447,-4.086610437355345
66.1,10.291373490993156,46.187030745879575,-2.996882234933094
66.11,10.511165787197797,46.50812576614435,-2.023352206267713
66.12,10.81587805013823,46.55355609234026,-1.2681080955253448
66.13,10.921203987199824,46.620422429682804,-0.07567121049934464
66.14,11.119974546699574,46.60937653354401,0.7455902136983895
66.15,11.375637226014822,46.550875811419445,1.9477790608890886
66.16,11.430171580358484,46.35054420223476,2.866265865031155
66.17,11.644443672182382,46.370096416627064,3.84005305188469
66.18,11.87584717674759,46.35644515682802,4.691661690335318
66.19,12.086824520346708,46.15391024541589,5.598935257732657
66.2,12.289649451282346,46.2319247863618,6.593296235043072
66.21000000000001,12.475979667461063,46.23825966897405,7.78464257229359
66.22,12.801515717200127,45.94310524643419,8.776865280469213
66.23,13.089550368270354,45.92734226659681,9.763853136529
66.24,13.359064568521715,45.55119762281523,10.743828263171944
66.25,13.716686301809554,45.55387347675931,11.703846679424755
66.26,13.893826516219828,45.15090593978682,12.824300442605448
66.27,14.1966588827145,44.856671088555345,13.659958337196016
66.28,14.44846611082258,44.636463892452724,14.773429760459784
66.29,14.748423557709046,44.445690411501545,15.901020813678931
66.3,14.995607537219813,44.04730673239279,16.788870449852624
66.31,15.440753931005197,43.690417368863514,17.764700776140984
66.32000000000001,15.72483634919264,43.3951363434755,18.799794646380505
66.33,16.065945904543657,43.04563002730402,19.742494093824025
66.34,16.295923282637578,42.56897182976976,20.726629472023433
66.35,16.728160232434174,42.19519767498277,21.807483205871293
66.36,17.02406408069432,41.694067632832045,22.708626644114407
66.37,17.197875386039556,41.26565978879958,23.634088081994356
66.38,17.782461653916332,40.743556128541485,24.748520574858475
66.39,17.826546475337118,40.36778433780741,25.60224100359584
66.4,18.464634120889965,39.5695020951268,26.799494149032704
66.41,18.808296965262368,39.371959932812196,27.68388126656764
66.42,19.153503202912184,38.47494874857735,28.65561312166323
66.43,19.2369173902741,37.92692920359575,29.546102714197936
66.44,19.64673643869294,37.26486574859732,30.4991316836729
66.45,19.833694152239165,36.81242842071942,31.48064735159458
66.46000000000001,20.173148620606455,35.985539666291196,32.51332076785481
66.47,20.54143647086211,35.243875297505454,33.38190895079344
66.48,20.80430107187771,34.51274379374994,34.03794254200465
66.49,21.04177312674348,33.71368499038409,35.13919881103453
66.5,21.160305472408087,32.84731106572125,35.99566146204248
66.51,21.77097223446083,32.00452745151903,36.83856983191013
66.52,21.930666844441063,31.098368754411357,37.83718487103617
66.53,21.93761606222237,30.2746114073321,38.77648650520186
66.54,22.31541100281497,29.340058700409607,39.43428598982766
66.55,22.45733600318186,28.67196008077445,40.283561820652295
66.56,22.6934260913024,27.59062715403353,41.20747253464403
66.57000000000001,22.79625451507707,26.698450580638728,41.81020515652834
66.58,22.883851650830696,25.635577947559593,42.5550531154365
66.59,23.07334361263039,24.703843684606884,43.49839091480418
66.6,23.089122603498357,23.643979133612362,44.258354909981556
66.61,23.246159079044162,22.615858238725473,44.738660319608115
66.62,23.186597742545363,21.679588322961642,45.622387044473996
66.63,23.11496075035224,20.50295877077233,46.37332277015822
66.64,23.169321060740266,19.55428519741907,46.69260078754264
66.65,23.251950457591118,18.268602878565332,47.5605727520058
66.66,22.99709050291402,17.259372263506627,48.00445410963916
66.67,23.080917656822493,16.049399060967264,48.690195747678416
66.68,22.775365507679062,15.076668320637665,49.22987935437534
66.69,22.663560496745546,13.791768883137834,49.890126878356284
66.7,22.537969751094035,12.798896323412212,50.319014057423324
66.71000000000001,22.22744181026328,11.572429315155716,50.846594873270085
66.72,21.99591969939925,10.123387060239551,51.31019834046602
66.73,21.62518303288767,9.176987533151095,51.65944283927207
66.74,21.376510429277765,7.824792773278473,51.97494195687742
66.75,20.970171510507548,6.767854952173121,52.41407978640236
66.76,20.589717024194325,5.510833303956168,52.896987915529635
66.77,20.08133262380723,4.462613586889828,53.123491756643396
66.78,19.61773355319999,3.3731362243491203,53.41403351014856
66.79,19.25555501591114,2.1611799962258145,53.76587266010792
66.8,18.480423724943943,1.041162071187918,54.062094495726484
66.81,17.9729440360264,-0.10566681397404545,54.52885783504009
66.82000000000001,17.294199420956794,-1.5225307339554013,54.34686823612999
66.83,16.662374887583155,-2.4293044419501992,54.44485550714926
66.84,15.859478325570487,-3.3939562444319082,54.706001544248444
66.85,15.243766322956033,-4.545898375428819,54.84022542803844
66.86,14.544480884611632,-5.434388680655267,54.68345233339587
66.87,13.738009489651175,-6.569901638251321,54.77134569270964
66.88,12.854298211344473,-7.487715637336275,54.83482742911403
66.89,12.142083853894416,-8.566643431584025,54.9268547646549
66.9,11.156548607992509,-9.529464602285403,55.05650192505606
66.91,10.093114632800548,-10.316919882841558,54.64038217018391
66.92,9.331601836470009,-11.304468828074807,54.81676441380694
66.93,8.208669186070065,-12.03123949152753,54.78231639156083
66.94,7.4497638621629845,-12.742232626356618,54.525705318323766
66.95,6.406521252012961,-13.716566457984078,54.29370344225228
66.96000000000001,5.184941770716025,-14.447295601224278,54.103452246536804
66.97,3.997254887539643,-15.056289528034403,54.120144616380735
66.98,3.1752981315448974,-15.763962823042457,53.85619380211286
66.99,1.7660196740679195,-16.21068872512133,53.53904537175269
67.0,0.843509056034197,-16.807295475758345,53.45055648870528
67.01,-0.3192582987617082,-17.317090350480893,53.424573195041454
67.02,-1.4821696772943647,-17.691568333921865,52.95174114204805
67.03,-2.5535057361535487,-18.262232021094754,52.48600148288786
67.04,-3.920467409001486,-18.418720588188,52.44953988657812
67.05,-4.758671670457228,-18.800048949174226,51.90005558123212
67.06,-5.900485548521918,-19.002088476385996,51.68126994817832
67.07000000000001,-7.093307155946733,-19.132551194886986,51.327429861128124
67.08,-8.323698132150307,-19.62579594700986,51.10821910938876
67.09,-9.703396637354283,-19.53047838950504,50.742532211358615
67.1,-10.791551769177252,-19.8367468158273,50.42781088367164
67.11,-11.834085816247189,-19.53946286729975,50.067883232596046
67.12,-12.916563367368497,-19.65532625272123,49.81156427650169
67.13,-14.03592150386428,-19.64131017985981,49.44021170708434
67.14,-15.198057265052164,-19.611524574522097,49.04623941019884
67.15,-16.232973838922085,-19.493163274293522,48.70509297856005
67.16,-17.320035592253085,-19.06756488595406,48.45393469210573
67.17,-18.11393969680467,-18.974779467933153,48.07067406343164
67.18,-19.225494551645163,-18.39954006717061,47.30388758190673
67.19,-20.052595608587467,-18.190094084522578,47.267037591635365
67.2,-21.065169910117753,-17.676879812241197,46.975147159975705
67.21000000000001,-21.93615198859449,-17.190603462384505,46.585018906351706
67.22,-22.50518430842846,-16.602643021931595,46.35933030541197
67.23,-23.66709919782212,-16.18071811182549,45.93720299263717
67.24,-24.704566248294228,-15.61080507978942,45.77241768741142
67.25,-25.1473985333162,-15.012125702974975,45.44602666890436
67.26,-25.62497979794638,-14.379152424062067,44.95056431091414
67.27,-26.40914905593784,-13.71470134772495,44.70388802737554
67.28,-27.129488728922585,-13.082956512070355,44.602029908728205
67.29,-27.64082296145916,-12.461785012795925,44.36068313708714
67.3,-28.33526438693581,-11.404741165032654,44.24163752934662
67.31,-28.69268673570046,-10.655940797025666,44.11983623009043
67.32000000000001,-29.032373952586784,-9.934947871475664,43.94525704584687
67.33,-29.235382761015046,-9.182436300847774,43.95930627139846
67.34,-29.686738814398197,-8.258651986584976,43.61432573827794
67.35,-30.23459865153092,-7.630012652200876,43.4361859705516
67.36,-30.175601705697257,-6.708154014629961,43.5364550966621
67.37,-30.370670934253173,-5.856282833738897,43.34023797196743
67.38,-30.564239272274506,-5.024949565477234,43.098954742548244
67.39,-30.550274838357648,-4.086093503103431,43.21222079397143
67.4,-30.425998676735347,-3.3300876030500737,43.10126776515068
67.41,-30.560678972685846,-2.4312444803549793,43.113625820797864
67.42,-30.42433599083819,-1.6854190426402,43.2378978028768
67.43,-30.169479787332104,-0.7702948930915167,43.50519570963503
67.44,-30.01069425052718,0.044712231508853326,43.4563177631245
67.45,-29.701607839380266,1.1730815787817614,43.29650769537373
67.46000000000001,-29.637328687092126,1.8671334182886339,43.48246226864748
67.47,-29.10845001751061,2.5082790377439586,43.53365693027938
67.48,-28.912921047733654,3.373597951215971,43.75275438439099
67.49,-28.34640970242001,4.283166291629363,43.870740328467264
67.5,-27.88353278615032,4.852956811963444,44.018218343735235
67.51,-27.395902213289197,5.675686735997145,44.315895764807564
67.52,-26.695782692258486,6.200497392931881,44.5699786574457
67.53,-26.27432135469346,6.951058356141222,44.73768263073077
67.54,-25.724820768603198,7.5744784893886505,44.97628438688264
67.55,-25.12268234805252,8.374247323914537,44.9812099838583
67.56,-24.244963051015276,8.8331252032227,45.467098221957656
67.57000000000001,-23.54217189283052,9.366857725908636,45.8771048240767
67.58,-22.806105921757734,9.725001111829766,45.84117592794006
67.59,-22.128257435963093,10.465549564114724,46.257508148844195
67.6,-21.312420450489768,11.04960158666595,46.557514589931905
67.61,-20.28907295086,11.433571504891097,46.75229529160208
67.62,-19.49336353315032,11.576804041957013,47.205430876479326
67.63,-18.648775621643992,12.122487093221185,47.491269264616086
67.64,-17.739097256519557,12.448636782073349,47.71815826999763
67.65,-16.568899253881835,12.605077878858795,47.92516936058115
67.66,-15.799073321524764,12.821466520169745,48.27283677125011
67.67,-14.939807443021717,13.005707495227737,48.68360700305261
67.68,-14.032863995587169,13.413865580579442,48.9245101513846
67.69,-12.715468135603519,13.591530984980174,49.122925823610835
67.7,-11.923537010400302,13.559704653674878,49.50605852320977
67.71000000000001,-10.966002561736035,13.568710839093585,49.8456230245798
67.72,-9.869550260349648,13.649538873411863,50.18840102086458
67.73,-8.957124071575008,13.825420738962737,50.40131863449321
67.74,-7.854035243973898,13.683270926966237,50.8906409366303
67.75,-6.761557044338103,13.613373140009942,51.09617388882325
67.76,-5.850549815550373,13.525721546967207,51.35860863361221
67.77,-4.811698782401077,13.304906192469819,51.50333070463516
67.78,-3.605220181072016,13.205178995516384,51.86158132890458
67.79,-2.7764830627684076,13.094881414938916,52.01318835428157
67.8,-1.8737552873418077,12.69535599387508,52.315442023734214
67.81,-0.655194005383605,12.509080172613729,52.60048602911106
67.82000000000001,0.07714651648649953,12.260110339846545,52.76487567196584
67.83,1.3381381514081883,12.003692659777888,52.808808239991365
67.84,2.370605103911701,11.591187512697621,53.009192354875026
67.85,3.35259421409454,11.276594240576431,53.39140293233849
67.86,4.32918159670411,10.801897977660648,53.352880428714705
67.87,5.201982888607532,10.511697808120031,53.57378972150741
67.88,6.340554975960119,9.948568250324248,53.69272167966477
67.89,7.278687749007613,9.589061563295294,53.89559459232742
67.9,8.255874938877897,9.25273696089661,53.83757694378373
67.91,9.229677561958786,8.550357225823005,54.018877644671
67.92,10.157686332861854,8.141432205095757,54.18907692777057
67.93,10.870781431590276,7.700113365877044,53.93534204078072
67.94,12.126010185846175,7.025375702777286,54.237249734765584
67.95,13.006215986644296,6.5425827648730825,54.20132868872807
67.96000000000001,13.84873211142954,5.974600947199526,54.15672536689627
67.97,14.611167611912595,5.326868369251776,54.17692542192093
67.98,15.638495975365812,4.95253966668872,54.20010536421198
67.99,16.537007669058237,4.3816813429801265,54.0550457898163
68.0,17.41305057126183,3.680376896107388,54.085259946729536
68.01,18.280392494449334,2.9901274649048832,53.86618819304657
68.02,19.098910726916323,2.532390496550579,53.738779219193006
68.03,19.80951765103062,1.6987138280232879,53.55768804597002
68.04,20.712054603590307,0.9836543755702815,53.512959774980864
68.05,21.555283800846265,0.3534207873254348,53.41533582858842
68.06,22.241067530783365,-0.1042092662557622,53.16868760871518
68.07000000000001,23.136134881916785,-0.7991403374267264,52.91457303173203
68.08,23.898887254878726,-1.3759012558373995,52.456324739268446
68.09,24.804388638997235,-2.014282624189835,52.34537875116616
68.1,25.419757682709836,-2.87590320088849,51.970813523104844
68.11,26.08080658264964,-3.414882664138697,51.97442294422709
68.12,27.03425259567595,-3.825096005692877,51.47688336462873
68.13,27.901651854666323,-4.301649709780319,51.269001719445626
68.14,28.70534137761924,-5.115729127577586,50.78899639713379
68.15,29.42602572651472,-5.850552364781248,50.56475210198944
68.16,30.11432494659488,-6.3815887296541085,50.106757654580385
68.17,30.86312584045987,-6.943210604902687,49.51571408447298
68.18,31.50573619535032,-7.5210563733987925,49.037569160259935
68.19,32.39523095289561,-8.13169332953669,48.615828113872475
68.2,33.150041525014714,-8.522159469817348,48.09351533886768
68.21000000000001,33.95622507130283,-9.249695582612963,47.72872451866806
68.22,34.6276911937055,-9.848599687285871,47.264656311554795
68.23,35.461424671020545,-10.163090947270325,46.58450097953313
68.24,35.99698802973828,-10.531690807584509,46.20594107815588
68.25,36.86343186366042,-11.024378555895693,45.48847105320844
68.26,37.508306374529944,-11.536387087130942,44.76862877772809
68.27,38.338799853944664,-11.93611030034735,44.403291313830465
68.28,38.98423036830052,-12.407588046200669,43.60604610205762
68.29,39.75383815001478,-12.641756372127661,42.86098834104607
68.3,40.324652491370564,-13.104011598740968,42.338587032317086
68.31,41.15659897221542,-13.658491700421779,41.349045998474004
68.32000000000001,41.76653672763851,-13.839544658983675,40.98500118216221
68.33,42.580856880428044,-14.098356049245396,40.125563109257804
68.34,43.26139701150611,-14.486140966240496,39.247047478817876
68.35000000000001,44.12320076566584,-14.672416491446477,38.427025279266566
68.36,44.802320271453965,-14.98434642329792,37.79958403628961
68.37,45.57575369453901,-15.257365071070279,36.77667871002451
68.38,45.99902015026615,-15.342856429032791,36.01920569421804
68.39,46.80340663093088,-15.320105370991998,35.07329728083825
68.4,47.71303564455429,-15.48037431975816,34.27356777270893
68.41,48.36074251234145,-15.720997210403898,33.26153081478016
68.42,48.793299208958,-15.7874772326401,32.47229884894406
68.43,49.80415300320541,-15.860229175250906,31.534098468251454
68.44,50.42524848079561,-15.960898390327257,30.536918852846693
68.45,51.05778049406062,-15.66442492894268,29.54452324526694
68.46000000000001,51.470800575134774,-15.563344173295198,28.55461083740558
68.47,52.39687585323421,-15.417812321222508,27.580166444923584
68.48,53.02597259554024,-15.43815464106467,26.475680414096402
68.49,53.52937624705197,-15.098652338714272,25.361226403902226
68.5,54.211784712431395,-14.943368435150905,24.250966304339578
68.51,54.893431353458766,-14.634945680202438,23.34379592330941
68.52,55.291469332579126,-14.726672679607157,22.204953364020398
68.53,55.95015469158496,-14.341439471046359,20.944964711386117
68.54,56.67365594670703,-13.867214589263524,20.0587256902106
68.55,57.14967900607642,-13.525416862300922,18.701196503079377
68.56,57.67514646677853,-13.03999628919105,17.63193243577795
68.57000000000001,57.978076053299816,-12.605769447189378,16.29390291043063
68.58,58.712190481296645,-12.097018827848748,15.269655039976037
68.59,58.87125287336398,-11.692146383468568,13.999091005277219
68.60000000000001,59.518826489983276,-10.981917684983296,12.941151041275718
68.61,59.7496311578217,-10.662659268235691,11.434787008068579
68.62,60.124552209862586,-9.856966350517515,10.253374517570295
68.63,60.40111435189297,-9.126208108880778,9.153406795847172
68.64,60.58912894255455,-8.540284967424574,7.716266493181514
68.65,60.98895733187735,-7.802111973486238,6.419165889616115
68.66,61.21516413574406,-7.160329356282739,5.316191730963713
68.67,61.40325424031707,-6.21963433346887,3.8499276972929244
68.68,61.404263939499295,-5.45278799254203,2.5782118162142202
68.69,61.41450788792963,-4.50430986708171,1.2329391930621723
68.7,61.4216555590582,-3.8161713593610522,0.03306602233403914
68.71000000000001,61.35719889272225,-2.745165959707553,-1.288871779108493
68.72,61.44789710630377,-1.7491670010703613,-2.639284720886001
68.73,61.27439754455288,-0.6521025991432703,-4.048829709593375
68.74,60.91156711711826,0.010347405837302093,-5.278327667475446
68.75,60.93433978845316,1.1036847318913012,-6.385951163464631
68.76,60.45205471766221,2.20204827972523,-7.859286075461589
68.77,60.1037684573419,3.3782029377267793,-9.17312600681553
68.78,59.8262317725996,4.254415590683445,-10.44731694696725
68.79,59.094068557572236,5.4376013214831485,-11.877779434095388
68.8,58.61652250386391,6.543552085098603,-13.09009978735263
68.81,58.09614043333268,7.590084527183866,-14.04563276105127
68.82000000000001,57.27933631053946,8.767335788716066,-15.581041750571517
68.83,56.67345028494908,9.862306323740844,-16.83484098709792
68.84,55.657106140275424,11.147012432442056,-18.018963700852847
68.85000000000001,54.705298117861744,11.997190551067002,-18.973206656033653
68.86,53.814043373517315,13.406512924365524,-20.397088497512687
68.87,52.516459677573685,14.293514649566122,-21.231012130931664
68.88,51.54430684609315,15.60993928839275,-22.731419520463803
68.89,50.346481563283206,16.370946653740365,-23.599604618694585
68.9,48.877335919045144,17.623638860266837,-24.814876714223413
68.91,47.64435107501845,18.591244488225527,-25.755135665128925
68.92,46.01799609581429,19.871950825560337,-26.879526848356676
68.93,44.52145888083326,20.781402083047066,-27.693378580840818
68.94,43.11199487382006,21.740836397315476,-28.80795278484415
68.95,41.392849677863,22.75073032695268,-29.62306698665991
68.96000000000001,39.63618290526887,23.577871583738624,-30.30571330029812
68.97,38.011529162111145,24.39270615572483,-31.187125459958324
68.98,35.94969336269477,25.474550542460946,-32.17878157951456
68.99,34.354536267897,26.01072517060807,-32.76877872654486
69.0,31.99878192146465,26.799811781696896,-33.63800219202911
69.01,29.855926289330252,27.660074910601494,-34.169766808947266
69.02,27.85007369719894,28.27558144074287,-34.822400852104565
69.03,25.550742115824125,28.830990865046928,-35.29063024227843
69.04,23.472207566910672,29.226706692279198,-35.760288863420534
69.05,21.068941749265758,29.80905898424139,-36.31959907791308
69.06,18.914042099969485,30.144892183313896,-36.44006639457973
69.07000000000001,16.35526338055527,30.44114878735468,-36.88392155737144
69.08,14.092989948261524,30.485648459603805,-37.182350646945366
69.09,11.728090269016887,30.75574325186518,-37.30622028016176
69.10000000000001,9.057433194742444,31.1721018050445,-37.503974791948835
69.11,6.764240411625803,30.904739829371255,-37.51130354964607
69.12,4.256211594076849,30.646197228724084,-37.52501603566295
69.13,1.730062508498752,30.495313114663624,-37.62681453042596
69.14,-0.8755015746494985,30.593169832284897,-37.28456717600479
69.15,-3.3707221350454564,30.117837787165094,-37.1165567022957
69.16,-5.935308888109227,29.697943368523433,-37.10210988813732
69.17,-8.465735904338816,29.269820040484806,-36.58194122042942
69.18,-10.717370685959255,28.509076375117093,-36.37151993390205
69.19,-13.096941540499506,27.858087222383034,-35.93352571656565
69.2,-15.854542490612,27.0821382071998,-35.46167767838732
69.21000000000001,-18.048910712591866,26.213922173459913,-34.85352966479696
69.22,-20.29381933630273,25.081238113709766,-34.36595226774234
69.23,-22.726821070461288,24.213827550090173,-33.69155638449938
69.24,-24.918492465367862,23.141551714203935,-32.7439511038466
69.25,-26.958224752402774,22.032163870948672,-32.05843673860137
69.26,-28.94551499725386,20.449825940664333,-31.32013623816654
69.27,-31.183639836257996,19.28060006375865,-30.376914155599376
69.28,-32.971681201187465,17.794122580227047,-29.369172265270834
69.29,-34.758283308438536,16.199684636335085,-28.555136009260572
69.3,-36.74650895919869,14.87979648716998,-27.425546951075162
69.31,-38.1512978055351,13.276640138528766,-26.221204642005024
69.32000000000001,-39.78658002618048,11.31541725697305,-25.251691938306518
69.33,-41.22304997757849,9.798186846031658,-24.07624918963022
69.34,-42.523932886573974,7.948281099470321,-22.79778418879432
69.35000000000001,-43.815821508887105,5.956222461911231,-21.568537380182377
69.36,-44.719454833165436,4.256375418801265,-20.49618348510745
69.37,-45.74864714279274,2.1998223634592264,-18.9982835314843
69.38,-46.62387311411023,0.10404981624835176,-17.570037003863824
69.39,-47.20032278035743,-1.8663564136619928,-16.410446603726303
69.4,-47.71353290211892,-3.821508266277622,-14.863305502180186
69.41,-48.29018714274056,-5.856684493819302,-13.611317250599923
69.42,-48.60076494929149,-7.860162564587704,-11.997917530732124
69.43,-48.74736668255923,-10.06088751553272,-10.78208453126253
69.44,-48.694644009399006,-12.084958560772346,-9.271527452420038
69.45,-48.66420625577912,-13.900788113204731,-7.930560505736185
69.46000000000001,-48.34069702918669,-16.24156330163413,-6.563830766370666
69.47,-47.93127046867264,-18.21435089445448,-5.068901388744362
69.48,-47.346691493581055,-20.197500067204146,-3.486862917990392
69.49,-46.58587145384868,-22.123569520130896,-2.3396412155799795
69.5,-46.04176391640568,-24.10123660494288,-0.8577714800060715
69.51,-45.05025418804278,-25.990527441698838,0.4672726424709145
69.52,-44.141878665943494,-27.887996509068195,1.8274117323252255
69.53,-42.760225672799145,-29.736837225817418,3.1253890075601953
69.54,-41.41125722566773,-31.327752830507947,4.683348685736274
69.55,-40.003098636248744,-33.129155543859746,5.800958916409276
69.56,-38.38310267792361,-34.768859038042564,7.131611408280275
69.57000000000001,-36.670426378683466,-36.10736103585904,8.258190052668992
69.58,-34.77082759475408,-37.74800833717469,9.520192187261435
69.59,-33.05112413783807,-39.03037632299978,10.870791811267061
69.60000000000001,-30.997288078889348,-40.41170299528629,11.839426748558797
69.61,-28.81869878443883,-41.627259859547735,12.808883376707177
69.62,-26.78371533413515,-42.84880841555319,13.96574307795569
69.63,-24.4543351569276,-43.90322644244839,14.756977227449736
69.64,-22.359453880466802,-44.74651215224282,15.81299379948267
69.65,-19.867524509542367,-45.63616515693092,16.595892951297643
69.66,-17.559878557052425,-46.36310121547266,17.580944011359204
69.67,-14.7929091409287,-47.019836652799086,18.273965957320343
69.68,-12.404665594086277,-47.60290813139751,19.039386162219454
69.69,-9.886501939859986,-47.91535769047841,19.9362806034796
69.7,-7.115326258679914,-48.418021098825065,20.293813431110596
69.71000000000001,-4.738161186761515,-48.62170296736179,20.725270725213452
69.72,-2.021174931427283,-48.81723450974171,21.086788682679686
69.73,0.6055078861751444,-48.757411112453795,21.599416859378813
69.74,3.1690300691155597,-48.95170397821709,21.924120633219943
69.75,5.877862057930966,-48.54539520380319,22.24495675117875
69.76,8.682325248339588,-48.56562465491954,22.472341730553378
69.77,11.192904732778814,-48.04069466926579,22.890226282381047
69.78,13.808786994603,-47.82599234982194,22.89498403281144
69.79,16.306019286395195,-47.12874282549454,22.86632021257961
69.8,18.81749521330852,-46.635618099681835,23.033987815605617
69.81,21.352999705257364,-45.78294706363607,22.90733519057048
69.82000000000001,23.74387160028653,-45.07156309628056,22.907004196529925
69.83,26.191228652002295,-44.135489180754476,22.728111023114806
69.84,28.698863992870585,-43.22773259100535,22.482435303341877
69.85000000000001,30.9118275582095,-42.267414122512015,22.27955092547959
69.86,32.967161390960385,-41.20853851178917,21.829831773620374
69.87,35.15139891264279,-40.04881764986568,21.499229567328793
69.88,37.273964538072235,-38.86136324881599,21.25551555570554
69.89,39.20995261784455,-37.767493716510096,20.592734480729018
69.9,41.214134156683826,-36.36617085536524,20.04683693343817
69.91,42.985537318019354,-34.845012238566966,19.574894017256565
69.92,44.79439806404292,-33.66211235176966,18.867640723347705
69.93,46.462177956780714,-31.942616863672775,18.26445749908121
69.94,47.91457446302421,-30.50143014754181,17.831489356395984
69.95,49.49152229524143,-29.172768841255756,16.794519521138884
69.96000000000001,50.80064338248749,-27.64419843223308,16.3563791865562
69.97,52.22411857701632,-26.103804629648078,15.35492622399912
69.98,53.65914950486985,-24.577310132522488,14.60212734507995
69.99,54.648258062616556,-22.647247724497102,13.647351133695006
70.0,55.70185875585835,-21.37362972269647,12.894992885988316
70.01,56.60739079108573,-19.602368553338714,12.191108163241417
70.02,57.509362832903165,-18.09596297713083,11.00526467846796
70.03,58.29233182898964,-16.329602097494462,10.05209327616248
70.04,59.08188159284247,-14.857622030384812,9.031171654564176
70.05,59.500807163466156,-13.212315989012241,8.22114713919835
70.06,60.277119273368086,-11.629352623593325,7.042194762205897
70.07000000000001,60.44640779164979,-9.992941039814339,6.098057203779624
70.08,60.73429452794475,-8.538993474207329,5.093344779840785
70.09,61.31304328156539,-7.152780346188196,4.183296641756262
70.10000000000001,61.432651869693466,-5.251182630282813,2.9569951260172225
70.11,61.48538523736174,-4.219352222309775,1.9286504253436547
70.12,61.60299956075401,-2.638102916441078,0.7715349088738698
70.13,61.699880486718634,-1.1412868243497745,-0.12891617996242596
70.14,61.40397302443971,0.10913035374677674,-1.0926035041436464
70.15,61.2485914579956,1.54643798881937,-2.1869730984588376
70.16,61.00337084870864,2.809321469186677,-3.315803295690386
70.17,60.88358458221325,4.187746837392158,-4.451624229810502
70.18,60.316111970355564,5.202171951804855,-5.4727904164719146
70.19,60.12515458801816,6.509261604989863,-6.449773813751568
70.2,59.61091887491495,7.727237395985274,-7.728493827562322
70.21000000000001,59.24800341680373,8.84679939779639,-8.632453670286294
70.22,58.70473727177182,9.96104215011063,-9.72882207164394
70.23,58.233147228613035,10.837113935513006,-10.850547741676321
70.24,57.51266236866755,11.786150709726865,-11.723733285709809
70.25,57.023494464014334,12.752190291083235,-12.825292957941954
70.26,56.21995056126956,13.727391294771337,-13.912319936318216
70.27,55.5199911493977,14.562532215421811,-14.919801704420738
70.28,54.76364867544687,15.449656431258607,-15.967337510218869
70.29,54.178946113909134,16.08615403450383,-17.046378201873694
70.3,53.35301633887444,16.827628948662564,-18.05416747737916
70.31,52.533780655389165,17.43386209958058,-18.844397838264634
70.32000000000001,51.57072987556423,18.04518569110508,-19.721597803691203
70.33,50.97357140237069,18.69661883565574,-20.62009392502596
70.34,50.079941745436486,19.19876922201328,-21.620606767933726
70.35000000000001,49.29876556520745,19.52689363325989,-22.35633343486348
70.36,48.314122794808576,19.99540097593832,-23.43831323135779
70.37,47.73244172314897,20.401352397890008,-24.398239779701417
70.38,46.80533229959586,20.610047951537076,-25.114187964941394
70.39,45.97079747894539,20.989641703025384,-25.970079296504768
70.4,45.01389486112364,21.280811042328093,-26.853700456804674
70.41,44.141499689773845,21.43480216616038,-27.744702707010997
70.42,43.36834020089973,21.594539616424463,-28.643509776635685
70.43,42.538491659500814,21.793725242053327,-29.311877476181326
70.44,41.65053152102251,21.810542530619895,-30.04643314145077
70.45,40.88586873238216,21.963195864113796,-30.837972116515726
70.46000000000001,40.011742298623325,21.88512567403801,-31.614205093934853
70.47,39.13718505650781,21.6760495989283,-32.19935217199276
70.48,38.41825906721471,21.920830578447703,-33.1418218202954
70.49,37.58355221015634,21.614879339708526,-33.78549883133203
70.5,36.78176284134566,21.637879872265472,-34.430750505585905
70.51,36.14329200680526,21.473238309650906,-35.09904215913026
70.52,35.35676484101764,21.46797894039019,-35.84127529766934
70.53,34.603655996941235,21.12026051995864,-36.504992153373635
70.54,34.071933550452364,20.84720035176039,-36.95276667648867
70.55,33.1696962868985,20.77969175446167,-37.55318112732765
70.56,32.88644714855801,20.445364010271323,-38.35880985633931
70.57000000000001,32.164826149748606,20.128769913250757,-38.687995139645764
70.58,31.40076517964768,19.67232799899011,-39.38368795128079
70.59,30.756987678005856,19.488413278705554,-40.022687017392194
70.60000000000001,30.19289138595972,18.985560339718518,-40.41598326450367
70.61,29.572908755449614,18.472292645863117,-41.12747923763497
70.62,28.929929677348454,18.021750969355672,-41.574648793452624
70.63,28.616287363117905,17.8302482598153,-41.943174694470876
70.64,28.271772661118035,17.127273723960343,-42.32585521851212
70.65,27.490465238014096,16.847285850632865,-42.97460756881476
70.66,27.19772467261771,16.311993769834647,-43.37353111908876
70.67,26.768114563818926,15.647337897738371,-43.53784405223418
70.68,26.239179839804628,15.329718010378103,-44.22082692318072
70.69,26.03442520515708,14.781697330196845,-44.627773861117475
70.7,25.471855771398758,14.127688136511212,-45.03436844805973
70.71000000000001,24.97686275334979,13.483604825097437,-45.25267662653305
70.72,24.685388565915922,12.988797302524217,-45.80195131226055
70.73,24.355254254271973,12.161819695365466,-45.95344085540803
70.74,24.026182359999368,11.446795343209713,-46.24200240298494
70.75,23.65003196464759,10.756359012043708,-46.597650123063055
70.76,23.430459303033594,10.223290529663961,-46.98547245184547
70.77,23.11984026565087,9.405047814273448,-47.15148562657261
70.78,22.832024183060014,8.888009957229741,-47.631238629273156
70.79,22.593355984224733,8.115240765240227,-47.66451516346957
70.8,22.122637768977008,7.574463102599253,-47.970651061995675
70.81,21.942680409062383,6.663434902994563,-48.381570616022
70.82000000000001,21.68987582838731,5.8585268812696105,-48.53416115411413
70.83,21.60456638222294,5.259461481819404,-48.713377988596086
70.84,21.17030867440289,4.428405159440726,-49.012346669016615
70.85000000000001,20.93162422337087,3.6640131677736583,-49.051858728206156
70.86,20.63329674560685,2.835947978127082,-49.324378403320054
70.87,20.721278500744244,1.9872867938511363,-49.594490823492706
70.88,20.506992598623892,1.1310877303093225,-49.418051109109854
70.89,20.17991915109072,0.49634093199485535,-49.66880134046349
70.9,20.164790927819094,-0.47059446587627407,-49.68978925822941
70.91,20.09768214843957,-1.2423921903395796,-49.847228086092755
70.92,19.792171178374115,-2.2409094941435006,-49.655562847302875
70.93,19.53588806206975,-3.043690624144835,-49.92244608746536
70.94,19.320696987569544,-3.6180030337362092,-49.90222501422004
70.95,19.15493434822254,-4.7683868203075095,-49.722059109171255
70.96000000000001,18.76539128518269,-5.512295869104062,-49.85293124480736
70.97,18.769839819778667,-6.4582207708690476,-49.94633911617977
70.98,18.550875577539554,-7.284005558132652,-50.038398056022494
70.99,18.281003676195194,-8.280318030088884,-49.721664403418735
71.0,17.87949755792544,-9.088281793036506,-49.5251072378033
71.01,17.87940076442198,-9.933676598623006,-49.58046425239359
71.02,17.465957293336213,-10.793676072578412,-49.35080179401912
71.03,17.174551994210447,-11.858299210403421,-49.42083172357422
71.04,16.88599382337499,-12.925560961861668,-49.31416419017575
71.05,16.732418288033227,-13.59823659820861,-49.116750248276745
71.06,16.162355914140154,-14.549131498280298,-48.6864345317048
71.07000000000001,15.865364630479242,-15.4807443323681,-48.68534972922286
71.08,15.599416939128613,-16.380359727537424,-48.59197148854939
71.09,15.313189642257727,-16.988700382610116,-48.31358729291089
71.10000000000001,14.912772767728693,-18.013278165530803,-48.05890834622625
71.11,14.51871610957509,-19.053344443783995,-47.818042734702345
71.12,14.056554637846167,-19.74835371426809,-47.35856158385723
71.13,13.577668739268532,-20.639941938661522,-47.191133151199004
71.14,13.323457802342975,-21.60460018646873,-46.66002440900597
71.15,12.783559742820767,-22.390868665729293,-46.33082911753637
71.16,12.024460789990147,-23.085710369603945,-45.938042718983596
71.17,11.505157878223335,-24.08166270376163,-45.72009805686353
71.18,10.87785931189908,-24.776421927499253,-45.08238064681474
71.19,10.429475032148206,-25.71076684827729,-44.8125552479538
71.2,9.70306882830528,-26.390028965774857,-44.587246479555404
71.21000000000001,9.075251464674793,-27.099794563135553,-44.08519154483995
71.22,8.471805182698079,-27.847604836317156,-43.85742809456454
71.23,7.629127884957552,-28.69451188734095,-43.31066108671078
71.24,7.219739804701242,-29.413671653604965,-42.75075384525225
71.25,5.955959038163503,-30.18285979621643,-42.58846905969339
71.26,5.370185904021479,-30.613796638153673,-41.888800996531266
71.27,4.470403897852937,-31.335385104654534,-41.58973127722552
71.28,3.7485282184026403,-31.997236859520317,-41.07380221847676
71.29,2.9180146370235787,-32.58238473481242,-40.556664139463095
71.3,2.072426891378167,-33.1786774268433,-40.01136341055845
71.31,0.9986230839118881,-33.673354371009154,-39.487366080170744
71.32000000000001,0.11902599921071402,-33.9598665026445,-39.132994511485386
71.33,-0.7341542278402372,-34.51283548848143,-38.541579243066266
71.34,-1.8142979404857946,-35.13842636151018,-37.94807340194277
71.35000000000001,-2.9717342379063916,-35.283563798168885,-37.526921583428674
71.36,-3.922535001108487,-35.70871483067916,-37.08159461612878
71.37,-4.766627926573916,-35.77464684669972,-36.46498281462312
71.38,-5.945334822160682,-35.841917889396626,-36.00114165868735
71.39,-7.057988498165036,-36.31217596733725,-35.511361284234184
71.4,-8.079933802205579,-36.76842016565771,-35.140504195172234
71.41,-9.083071160688206,-36.51194205289109,-34.758355981139296
71.42,-10.26393762702801,-36.72773532789935,-34.0641796487597
71.43,-11.29712516063751,-36.82426621553368,-33.762183993099995
71.44,-12.313723152746432,-36.693712364589565,-33.168972095519344
71.45,-13.573893536302672,-36.670067449829915,-32.70560014100225
71.46000000000001,-14.751592060874158,-36.5771143859965,-32.37131021287514
71.47,-15.839733599675158,-36.60566496574794,-32.01770190593428
71.48,-17.01385612117333,-36.14021191565246,-31.530664417627605
71.49,-18.28473652367661,-35.869597293217154,-31.22567413671238
71.5,-19.12514091386038,-35.50141026328496,-30.84058157969758
71.51,-20.262562327370606,-35.22561784143097,-30.635416255214643
71.52,-21.383811740109415,-35.031554937562674,-30.23952804616107
71.53,-22.50495718212725,-34.53348207713184,-30.10080953587252
71.54,-23.45977200419697,-33.97097634045509,-29.749005929785838
71.55,-24.55395846305518,-33.672040894695115,-29.484329390429195
71.56,-25.70724303588997,-32.89148094625123,-29.215289416022205
71.57000000000001,-26.41236402724656,-32.32012827182644,-28.99870134949573
71.58,-27.448589486269515,-31.508608072958573,-28.985047435882077
71.59,-28.430015179982192,-30.528065853064774,-28.611517554410238
71.60000000000001,-29.234860723235116,-30.159973247448647,-28.695094117617284
71.61,-30.211979336447268,-29.246855579589813,-28.623121971021327
71.62,-31.0051093933974,-28.53141880461527,-28.57039170426894
71.63,-31.67475366316997,-27.699740249069123,-28.620315062713193
71.64,-32.35858486815361,-26.71466036554939,-28.57622063220875
71.65,-33.16511462129542,-25.771415812716644,-28.581255393441115
71.66,-33.80134762956527,-24.918461023480152,-28.873338579264008
71.67,-34.25562109301701,-24.05893335372757,-29.035200545231127
71.68,-34.64668874669062,-22.92755018200788,-29.1238629032547
71.69,-35.064127459646144,-21.875198241711935,-29.3716590522321
71.7,-35.641659028206085,-20.94504242482228,-29.293349123608134
71.71000000000001,-35.99607041566652,-19.964770166815743,-29.600090631976162
71.72,-36.42969009592651,-18.850947608528628,-29.864915790644925
71.73,-36.38072308082612,-17.589769025680393,-30.2554727740528
71.74,-36.71367928543685,-16.442474372311793,-30.603845771366323
71.75,-36.82523269702433,-15.62848644694616,-31.043532630394512
71.76,-36.75519866303879,-14.474524492312666,-31.419568719074515
71.77,-36.746797429170904,-13.497659686944317,-31.673606685087336
71.78,-36.85421410183044,-12.400406928965442,-32.134263642606484
71.79,-36.512581745601295,-11.257295031280838,-32.803300546156606
71.8,-36.22490707997181,-10.305312965822296,-33.25773689045091
71.81,-35.93708244478701,-9.304970781718705,-33.78044583377647
71.82000000000001,-35.65314795956922,-8.109281274079803,-34.21053291892952
71.83,-35.165364696853715,-7.417435678659221,-34.687804690637776
71.84,-34.78833350997213,-6.115695255125229,-35.40349350810407
71.85000000000001,-34.29680698736752,-5.4756575623712544,-36.16087134388548
71.86,-33.55119931238303,-4.541519530092761,-36.42814026153315
71.87,-32.95998568486035,-3.5067747053957024,-37.10188407248849
71.88,-32.25264474563574,-2.6995959371411966,-37.90100936285915
71.89,-31.353508170964595,-1.8707270333451251,-38.56196615487916
71.9,-30.334019281115843,-1.0816708465134903,-39.183598860981014
71.91,-29.772784293336198,-0.5130361207478411,-39.8198233276409
71.92,-28.658489220209706,0.2942801998405029,-40.33467751783732
71.93,-27.723932446042333,0.8385166185325057,-40.91519094701427
71.94,-26.686842196772744,1.313465306971902,-41.816888583296105
71.95,-25.65037541914995,1.8489173508413288,-42.39627876648267
71.96000000000001,-24.646884366282986,2.530981114401373,-43.14517848043708
71.97,-23.433291788768138,2.7258263845156825,-43.51002297175851
71.98,-22.132770319690245,3.281093251209541,-44.200765765226116
71.99,-21.12509687945521,3.3862634590849563,-44.878626231212664
72.0,-19.64400227182791,3.564785070478555,-45.46770392504112
72.01,-18.613547655361874,4.030375725796656,-45.915962065159654
72.02,-17.12212079694611,4.148216598227402,-46.31997179596029
72.03,-15.84345026701386,3.9863156315840294,-46.948510875761976
72.04,-14.598558798925861,4.020566899678901,-47.38043925157383
72.05,-13.048007225426325,3.903329338008957,-48.08929866012673
72.06,-11.70077575594772,3.855499115707497,-48.297727354387455
72.07000000000001,-10.376117567688972,3.7768969127589958,-48.97107207688452
72.08,-9.064979204734483,3.617886517157949,-49.194165711857465
72.09,-7.574872588869797,3.186365704526466,-49.814084147285044
72.10000000000001,-6.222312052478912,2.8546176376144667,-50.157997004367374
72.11,-4.887975392159678,2.642288020563912,-50.40738418982941
72.12,-3.3998112393452247,2.0582346380208367,-50.62331747294107
72.13,-2.098589974698305,1.5386851912706003,-50.9822142239822
72.14,-0.7218343536364868,1.1637720070395037,-50.97274837535442
72.15,0.5877200655568204,0.3331148237630597,-51.4452533790823
72.16,1.817377622331694,-0.13425344644371337,-51.40711461319619
72.17,3.2569154134441183,-1.0568275107272862,-51.46768926064291
72.18,4.410778301198297,-1.5021378053278087,-51.69866307419133
72.19,5.82038340198905,-2.453577895788862,-51.564063984158224
72.2,6.958405700345522,-3.4323526366983246,-51.584876333609444
72.21000000000001,8.225996897099648,-4.119439335005705,-51.338897258751736
72.22,9.187382182047882,-5.1062240062200095,-51.452494437764024
72.23,10.316653044236109,-5.999961528632958,-51.399587730041375
72.24,11.486503987945367,-7.131970635310503,-50.980803397116446
72.25,12.64890811453559,-8.002900661568608,-50.89896404045781
72.26,13.367358691133296,-8.856924460923937,-50.64813491437995
72.27,14.417315738999617,-10.032972743764716,-50.26602282431501
72.28,15.308014166939499,-11.106543578354998,-49.77470830481125
72.29,16.30062215002857,-12.066907595151948,-49.4580763782597
72.3,17.069692976243587,-13.407665628171811,-48.960119290931445
72.31,18.011340536756492,-14.3657786863394,-48.62713758754959
72.32000000000001,18.627791275113136,-15.573507416948138,-47.9343924201822
72.33,19.239122254821815,-16.665588429586034,-47.499003636732475
72.34,19.76228050664108,-17.838336790495386,-46.83118911441053
72.35000000000001,20.58082770061613,-18.87784004744973,-46.16654540031548
72.36,21.166352208967215,-20.268183696697534,-45.616843446729376
72.37,21.800456717193228,-21.30624763721842,-44.83091986935673
72.38,22.30711027094684,-22.48521464758982,-44.13254447972777
72.39,22.645918781989153,-23.529668289640128,-43.328414865792546
72.4,22.80618353821639,-24.709945835595544,-42.67680830400868
72.41,23.572962845421113,-26.031876084589467,-41.79305678607062
72.42,23.646319917435235,-26.822168273104847,-40.82696886870747
72.43,23.82137048215233,-28.256996469752366,-39.81266393062568
72.44,24.11691909286964,-29.28568393483324,-39.058738142314176
72.45,24.27977555322455,-30.167117411466847,-38.154273730606356
72.46000000000001,24.48079134819638,-31.391728678972477,-37.00428127965205
72.47,24.558777877402925,-32.37387027232163,-36.17139820184727
72.48,24.73305970027601,-33.49311425850532,-35.22390893326963
72.49,24.660820127099193,-34.39691003943196,-34.14404624205536
72.5,24.588067040968927,-35.30824501194812,-33.15432178371152
72.51,24.62121539511791,-36.43901818827469,-31.92344764471985
72.52,24.438032343878195,-37.239631118789276,-30.99632947564063
72.53,24.37789117339464,-38.01300393597308,-29.888131212236487
72.54,24.388540281561216,-39.037879986533795,-28.834189057068247
72.55,24.000083297709548,-39.88474018062752,-27.48793650988571
72.56,23.839958350760018,-40.55894511530209,-26.570328695429826
72.57000000000001,23.72756611842883,-41.403072928859835,-25.547731853697755
72.58,23.48184166888732,-42.20788228298891,-24.256101045460206
72.59,23.22616420718036,-42.9952107341259,-23.087108649602218
72.60000000000001,22.86025136129849,-43.43475164078928,-21.969989480358727
72.61,22.431123169805694,-44.20103252861357,-20.873345123212122
72.62,22.020494381920464,-45.12970225157954,-19.830007637831336
72.63,21.937770117164913,-45.517983889161385,-18.58333998584241
72.64,21.674033387005224,-46.09638996710587,-17.087419574415
72.65,21.293334878963773,-46.62252783073615,-16.193263979963454
72.66,20.81218305738641,-47.09513639646604,-14.937352253150758
72.67,20.317801801820455,-47.53641087752396,-13.89354025823138
72.68,20.07878157852825,-47.968999977958916,-12.89614016620048
72.69,19.63748880013656,-48.49195130871319,-11.576929575261893
72.7,18.920831355641706,-49.1251161855754,-10.206253705264258
72.71000000000001,18.753514374951852,-49.434276713710695,-9.205660139373164
72.72,18.148590321660166,-49.48081488414969,-8.044949267967917
72.73,17.656426753456365,-49.87782521859112,-6.806941874174352
72.74,17.114728138991318,-50.268922163618434,-5.994002080020227
72.75,16.866235083080923,-50.499201055723795,-4.753582777387178
72.76,16.305409053695627,-50.584039408356055,-3.6333823720815466
72.77,16.017224651368622,-50.76382539052846,-2.4889406739933717
72.78,15.46744015122431,-50.906844300522906,-1.4500424153239886
72.79,15.111164238196888,-51.155644999719655,-0.4448284792180736
72.8,14.72268895580146,-51.47070649107883,0.5570426615812745
72.81,14.063963473958667,-51.53245051037183,1.5605281419785928
72.82000000000001,13.833199318819286,-51.480016354121446,2.544719064305659
72.83,13.260365501047293,-51.509675729467524,3.597863894206771
72.84,12.94093781437149,-51.57924675297035,4.7485593705321945
72.85000000000001,12.510346987634511,-51.536460022456,5.595639785911383
72.86,11.907413437248646,-51.49462328705757,6.682862604136683
72.87,11.519477652122077,-51.614416181827714,7.648807632926488
72.88,11.138294549623062,-51.53229545551174,8.697169552124056
72.89,10.588975694608552,-51.42999855008442,9.464147317499146
72.9,10.547145006362276,-51.49575710413705,10.591873418222768
72.91,9.861257449050644,-51.28164407325781,11.471994700563
72.92,9.525798353098244,-50.98735355828988,12.284010373994091
72.93,8.950803901576979,-51.05923648096695,13.25813145608817
72.94,8.666733369824444,-50.90519609390074,14.29710423170856
72.95,8.233497989966398,-50.68697759170281,15.145865568389734
72.96000000000001,8.130981590655884,-50.459381581198784,15.7662671518092
72.97,7.4010175378772365,-50.354804669661554,16.465605352603912
72.98,7.400318554801235,-50.17316563882806,17.54556844898767
72.99,6.865139466477166,-50.09299232736208,18.114926812037133
73.0,6.4453199091612685,-49.691196288270866,19.057267253289407
73.01,6.44138493286073,-49.57550617035082,19.67129368664611
73.02,5.96828589941951,-49.245731853779674,20.607844657985982
73.03,5.596246068648131,-48.90767670797013,21.292163197011686
73.04,5.287038301316645,-48.716587136996665,22.05098858245841
73.05,5.012052440638596,-48.539226427889695,22.990295721234965
73.06,4.915902270193964,-48.285138824511854,23.472116587730795
73.07000000000001,4.59901684638937,-48.05163466774486,24.147401672219647
73.08,4.4520222984872735,-47.5935313200335,25.082467532899194
73.09,3.942929830791848,-47.41914363337233,25.399566649649973
73.10000000000001,3.969003235729874,-47.312190213695544,26.252607885960277
73.11,3.6382413901697315,-46.888646533194766,26.92051541106738
73.12,3.4471663581595915,-46.62479069894852,27.374540375462757
73.13,3.2788478027431025,-46.288791440985264,27.848408421018952
73.14,3.1678456949897384,-45.87978455831668,28.729758752207218
73.15,2.722793188340794,-45.67339101296916,29.214552877566575
73.16,2.8002158497682554,-45.22598897477599,29.77691797628099
73.17,2.586301315318263,-44.819651646060535,30.359154727401787
73.18,2.5071622577369714,-44.57914051932939,30.806609924335532
73.19,2.16145095078016,-44.33232139539191,31.55137446005133
73.2,2.282191475766794,-44.09430697252895,31.804508105188106
73.21000000000001,1.9219007674247839,-43.61818082530497,32.471109119615754
73.22,1.8289932399282791,-43.31092654843744,33.057098742372716
73.23,1.64446236621626,-42.82716528963347,33.63377043934097
73.24,1.7356245919075208,-42.532202542049035,34.182295221891415
73.25,1.4172658830458817,-42.146949661286854,34.69991555600707
73.26,1.5924388523853925,-41.91347758771316,35.33106680443382
73.27,1.3505120493663936,-41.50740811055855,35.488362215506314
73.28,1.303453329209919,-41.36885672279859,36.013319598407286
73.29,1.015621895407679,-40.930258135271046,36.458228291319884
73.3,1.068377122346741,-40.52523820942232,36.886630387117215
73.31,0.9790722798610189,-40.03682849894269,37.38751075206768
73.32000000000001,0.8522942875178537,-39.90394351418306,38.050393740061686
73.33,0.8876630126747265,-39.330556096735236,38.075420417271644
73.34,0.9852440477735117,-39.28230220866161,38.49072768109453
73.35000000000001,0.9935155006031671,-38.788476455181474,38.767710298659985
73.36,0.6892369964876426,-38.45130064453493,39.407582802689326
73.37,0.8819489568159437,-37.971851099511596,39.86234406541532
73.38,0.8526460209929663,-37.70854085794009,39.87094385149478
73.39,0.9291827879579031,-37.4435147439431,40.38059405648276
73.4,0.5588508504920819,-37.131119774527285,40.912865660245906
73.41,0.5376076243702566,-36.863066076092345,41.246068378232785
73.42,0.7107270688175057,-36.346761909804066,41.54961327523304
73.43,0.6195717505438142,-35.945086902106866,41.90140718893544
73.44,0.7062086363174098,-35.701356579222306,42.298937208330685
73.45,0.6262832978232454,-35.309392211860505,42.4587646467997
73.46000000000001,0.5334025538799078,-35.06995741372094,42.79798996029426
73.47,0.8187823074625213,-34.538745765954616,43.248831588556904
73.48,0.6521236344502235,-34.303516344698906,43.6620977860353
73.49,0.6436619976957122,-33.84294262680015,43.93378835306205
73.5,0.6004649821504342,-33.76887594396196,43.995639045775455
73.51,0.8751017344239411,-33.227740153624325,44.54078333297192
73.52,0.7183129246516816,-33.08394506172993,44.74232227427432
73.53,0.6652959602622549,-32.6068126951021,44.80939192196728
73.54,0.676127527672165,-32.198310151345495,45.346534977795486
73.55,0.8753536278472676,-31.87927690872916,45.53343568228273
73.56,0.8027549798505508,-31.532701393379746,45.804193131678076
73.57000000000001,0.9902918446954309,-31.018515429674068,45.84080867947673
73.58,0.6676868708822438,-30.89856691895639,46.41625196052286
73.59,0.8442567620240549,-30.68917786993527,46.71636381826893
73.60000000000001,0.8707476390522605,-30.116388750968348,46.68703013492948
73.61,0.8099272976444898,-29.717849458940687,47.1627155539945
73.62,0.8314950610976226,-29.345575599149605,47.21301366369051
73.63,0.8016355780984148,-29.133511706512493,47.4837602892186
73.64,0.898342819978081,-28.787986470260954,47.736435008559134
73.65,0.6974246634363961,-28.651571436478374,47.93585032830635
73.66,0.7606322988236421,-27.996480215159032,48.148866042127125
73.67,0.7313727404706193,-28.11180307805945,48.356414929382574
73.68,0.9216091356448808,-27.498840410359456,48.58719735318813
73.69,0.9027862677677547,-27.20297937743,48.74371420379243
73.7,0.7754911433688717,-26.836422174199086,48.94388957284681
73.71000000000001,0.7084993936024916,-26.769311756981484,49.21961864710492
73.72,0.7285342971590539,-26.208365896449912,49.35459582241511
73.73,0.5874210405822764,-25.95455955720588,49.45072515781084
73.74,0.6958438415567489,-25.653507697694337,49.59152388417083
73.75,0.6760130434751984,-25.347780136842793,49.84160104985358
73.76,0.768816876333122,-25.049939007665014,49.94028517303798
73.77,0.6329858821331993,-24.721506224239715,50.24887495445594
73.78,0.7502598775118257,-24.31505198582766,50.410038458693116
73.79,0.6745800469559216,-24.09128969032072,50.36218689367571
73.8,0.5964697440580058,-23.884563294613827,50.44921116740567
73.81,0.4520086693464197,-23.614982795620875,50.67479504499671
73.82000000000001,0.5769115606906668,-23.333822457985974,50.66585538982654
73.83,0.5615694775931597,-22.994806897010022,51.02123655889657
73.84,0.6138198266510979,-22.699544385814626,51.11231610135833
73.85000000000001,0.5031451204279653,-22.570570906215696,51.31880294831806
73.86,0.3031591801107196,-22.251782923355023,51.22200102362935
73.87,0.08071138719621884,-21.97230320293479,51.68979891609228
73.88,0.48245369369771196,-21.821281521210633,51.54987052191978
73.89,0.1224210848114787,-21.30531533835511,51.646072883762905
73.9,0.05787317454015331,-21.290566512246418,51.69628251171475
73.91,-0.007169890876641022,-21.01850678314666,51.665312147328756
73.92,-0.05858006649863634,-20.673297915906574,52.140869315975245
73.93,0.1776913531354191,-20.5799469479303,51.86933886163722
73.94,-0.06762291426616271,-20.22073097162263,52.168742020772264
73.95,-0.10027017430805002,-20.06269067769265,52.11431277963666
73.96000000000001,-0.22148262031600835,-19.95115588699176,52.34058811339646
73.97,-0.2711574071641203,-19.640567125367316,52.334817185296444
73.98,-0.04149460052504006,-19.53791821991944,52.48340261206072
73.99,-0.15768873863827806,-19.3552174299895,52.66443727578268
74.0,-0.34866375231688235,-18.9340252798231,52.53763884306961
74.01,-0.3334906378568324,-19.00698496187631,52.54543279116478
74.02,-0.4713843189343908,-18.92219635024495,52.617268427247026
74.03,-0.36047990945868347,-18.53460218777748,52.66976249235779
74.04,-0.45369854863002995,-18.4675396078412,52.67361991226141
74.05,-0.7732563251718574,-18.04445432561205,53.02080604385971
74.06,-0.6891496757475739,-18.02184568711672,52.818555129971834
74.07000000000001,-0.5321836116737382,-18.03750692406066,52.83875973739852
74.08,-0.8362263139019916,-17.717267501562812,53.03785286073979
74.09,-0.6443064553737675,-17.807566585049422,52.982304255134885
74.10000000000001,-0.8309796438395837,-17.568224647136766,52.96330608198604
74.11,-0.8331732696519158,-17.393969335066217,53.11610743995254
74.12,-0.8284416579001794,-17.423563420360374,53.13313442437828
74.13,-0.7633705329929252,-17.240278019615342,53.07603524317318
74.14,-0.9258195682628825,-17.07341646515286,53.234545973335926
74.15,-0.8427837712125293,-17.109983739935917,53.193314172643106
74.16,-0.9688485857159532,-17.060881555921913,53.20951796325842
74.17,-0.8573363584916901,-16.65822843653159,53.19252987955252
74.18,-0.6954148241550364,-16.666772407753566,53.13630157244695
74.19,-0.7566967073736779,-16.572809615598906,53.337733117765126
74.2,-0.9453948447337283,-16.320923707995984,53.57353221579182
74.21000000000001,-0.7578345787969993,-16.23511426034848,53.493194201681916
74.22,-0.7597837808826485,-16.327808216709887,53.43375018862851
74.23,-0.7525698026278189,-16.201212825947437,53.32693864951793
74.24,-0.7124302612679794,-16.155572296146516,53.27075112621628
74.25,-0.6456881285437189,-16.161679155294443,53.50102813646756
74.26,-0.6845294641284,-15.86681660291701,53.63697182532996
74.27,-0.6112738412253604,-16.012804083604387,53.710209596817
74.28,-0.5978400327792869,-15.915722287576548,53.57070428662897
74.29,-0.6285863366161197,-15.665873137846015,53.67642950712055
74.3,-0.5270020680658707,-15.495266176005506,53.62083612398778
74.31,-0.35611058370627036,-15.623041554393318,53.7998332984919
74.32000000000001,-0.4178968652385158,-15.514637293426025,53.57422051316426
74.33,-0.20742908786598854,-15.344208419669872,53.76465576438453
74.34,-0.3019840281086573,-15.404757439940319,53.891335613950844
74.35000000000001,-0.2073897263889511,-15.189187698767636,53.90548916823777
74.36,-0.09123576647410381,-15.251703269717664,53.68784983257195
74.37,0.0684483750112224,-15.237036429583002,53.90626482081032
74.38,0.1376484297301398,-15.105140632142655,53.84347537750848
74.39,0.0025981552978764644,-14.825218154940686,53.958097699007304
74.4,0.19154575069860696,-14.810318163041503,53.961517085381644
74.41,0.24264892592557186,-14.678483536163094,53.8989780356325
74.42,0.4917669096025014,-14.811373081670375,54.052104563185125
74.43,0.703330112066795,-14.791815172204238,54.147760857855175
74.44,0.7633644435458526,-14.510873223463367,54.20787605982087
74.45,0.7684391596228183,-14.514898504797888,54.073537294856486
74.46000000000001,1.0528446317598212,-14.489326654388682,54.10305339025941
74.47,0.9009705177912428,-14.412237528179693,54.12252717020766
74.48,1.0986931935259165,-14.28638932181146,54.251777971251606
74.49,1.3063691693584047,-14.250299874088187,54.0501027342378
74.5,1.629110403886565,-14.081562448710166,54.298117662400884
74.51,1.667989738552732,-14.121107638890178,54.28539272522315
74.52,1.8900907667495686,-13.889945071344425,54.14781715393081
74.53,1.8723862043352884,-13.96565546310376,54.429999425732795
74.54,1.956629278287629,-13.656791050972686,54.302177065794666
74.55,2.1007591601209485,-13.640124088525319,54.1928602107529
74.56,2.384205064442135,-13.375848046645483,54.65609589641747
74.57000000000001,2.7760959369395075,-13.451050200795896,54.43881619600064
74.58,2.713986759645811,-13.31787278054238,54.43477975732362
74.59,3.0243324963537632,-13.338565338783592,54.336374405831286
74.60000000000001,3.2224842006738355,-13.133570342961095,54.5714617355697
74.61,3.3990754573763753,-12.969164490081603,54.448727620726515
74.62,3.534026960744478,-12.798606505614483,54.58812423042003
74.63,3.7297308766189343,-12.656620960670272,54.821024720362516
74.64,4.100886806806225,-12.6086333635451,54.61858822839857
74.65,4.187519068729809,-12.686677841101094,54.697420090783694
74.66,4.2380968562476875,-12.416807290670684,54.59755859220125
74.67,4.615618016768773,-12.19351746084258,54.796719512707185
74.68,4.583612498862448,-12.294718359698562,54.664290101035625
74.69,4.947925873252721,-12.015367909807477,54.79489628689853
74.7,5.245802011487756,-12.020956417716365,54.85370944222149
74.71000000000001,5.481037500150768,-11.882784983406962,54.93345457145919
74.72,5.544498433739137,-11.76138153997403,54.91910387930266
74.73,5.805188305361274,-11.383104107033612,54.90983858875885
74.74,5.813153463113553,-11.357464765982694,54.82188640285287
74.75,6.337444437817409,-11.163787382755316,54.776116314953235
74.76,6.363654349996528,-10.921533741601728,54.85488559049245
74.77,6.7022529484857865,-11.097915197879232,55.06490429449035
74.78,6.9815365480334854,-10.774269571873525,54.95428893672614
74.79,7.326187266646047,-10.714313659239073,54.999543882812695
74.8,7.507909779367977,-10.415928237343168,54.92648942082913
74.81,7.94753914650023,-10.478051081679633,55.006698733676295
74.82000000000001,8.146246089508725,-10.205087359970783,54.89037921176884
74.83,8.327079054790829,-10.220330083101913,54.99710996125477
74.84,8.671729809748628,-10.120326256384375,54.83226758784743
74.85000000000001,8.909840939107177,-9.901721570233558,55.038059858429506
74.86,9.230869922493977,-9.794793769435227,55.234331307354026
74.87,9.353913737187726,-9.669463204665513,55.09289696986632
74.88,9.395959559745894,-9.357649104223338,55.05724794597718
74.89,10.109846943040852,-9.363363124390226,55.08895961981933
74.9,10.308721439085396,-9.16645536195682,55.05708606593108
74.91,10.5554928459243,-9.073962791924657,54.99729334903398
74.92,11.100981148797992,-8.92613034484179,55.09942211339964
74.93,11.193587425731607,-8.796548290622585,54.96661715487256
74.94,11.520858905240498,-8.728185248123472,54.91677225582421
74.95,12.047901682108717,-8.362046739131946,55.210566307204076
74.96000000000001,12.118031948795275,-8.476576810234278,54.92068234752352
74.97,12.426100508033466,-8.25861271981226,54.7726690287122
74.98,12.751632893502588,-8.415040557835072,54.94566883186838
74.99,13.182288627493305,-8.118894853290842,54.85801752386096
75.0,13.477800351468213,-7.862205005182414,54.85740172626554
75.01,14.040101071572222,-7.7868311955253775,54.71206167670874
75.02,14.318843546060707,-7.916791716812637,54.6656885497361
75.03,14.435824258659697,-7.580757437820275,54.6748203009035
75.04,15.03583078698319,-7.570112545205378,54.56283192103406
75.05,15.254641754501678,-7.362506194911713,54.5303964414643
75.06,15.809689416692656,-7.245283234677405,54.432830362703996
75.07000000000001,16.25115407974466,-7.293923639995418,54.520028386422105
75.08,16.500345346943412,-7.168279343784456,54.35437606803387
75.09,16.881156294175227,-7.213587674726992,54.2077281223771
75.10000000000001,17.441241592630234,-7.142282348229354,54.16877988550623
75.11,17.977681680414218,-7.146392211151158,54.24067163874283
75.12,18.19730095580475,-6.950131936156417,54.051339785576765
75.13,18.876218754843485,-6.990400593137118,54.06952419638481
75.14,19.26800497194145,-6.919814277080229,53.73859853364068
75.15,19.627533142852272,-6.78045576947947,53.561740429805916
75.16,20.2391539745897,-6.709996934215104,53.43668253111741
75.17,20.84632746850624,-6.963949855092806,53.0983291312949
75.18,21.18401585966879,-6.949512877896875,53.290905726359256
75.19,21.665152650298747,-6.862386445132208,53.22685792079354
75.2,22.052616663185447,-6.950911702311154,53.05357771711005
75.21000000000001,22.82400952909394,-6.905986495492017,52.89426942218828
75.22,23.02044288094765,-6.8829911943038,52.74692869752444
75.23,23.813653944788427,-7.0044279280428166,52.52537350847736
75.24,24.036350200989293,-7.040533242032239,52.39639326771416
75.25,24.653638036300208,-7.034411725944129,52.228348053185336
75.26,25.21519013262754,-7.213793072191962,51.86048593547522
75.27,25.668822455886485,-7.456243703460028,51.830666880357896
75.28,26.23596463926573,-7.456087478291412,51.44182564896779
75.29,26.79161690222779,-7.822028879129462,51.3161435123689
75.3,27.158225988735232,-7.773491238257093,51.01541732609395
75.31,28.029588928644948,-8.00662927138135,50.91446047070214
75.32000000000001,28.247672731514065,-8.104174226188553,50.45439252860186
75.33,29.044455331589447,-8.276502871902734,50.11931691654195
75.34,29.525415122219208,-8.396379943313192,49.814706219588544
75.35000000000001,30.35587117435283,-8.861954542059445,49.58904912568438
75.36,30.7726080077039,-9.079549096522094,49.26227411499486
75.37,31.242496899804827,-9.50578252030807,49.048120417095205
75.38,31.898397467401242,-9.644473276540733,48.684834287151546
75.39,32.38595179194682,-9.9745588634421,48.19293744182783
75.4,33.0117961231842,-10.341892053927314,47.87458152108548
75.41,33.5557220822793,-10.649869101927255,47.523549412517696
75.42,33.96797377566161,-11.173325070124076,47.21023668052106
75.43,34.578497144530694,-11.493162156596588,46.63758805439464
75.44,35.1045353357955,-11.908658068479424,46.29090652931836
75.45,35.65937459928314,-12.353206316908052,45.91666665439258
75.46000000000001,36.018999537803346,-12.79036727002159,45.62397528495633
75.47,36.54548316292363,-13.289235552005099,44.78848272159302
75.48,37.095672267834956,-13.923940809232299,44.470179221494455
75.49,37.51855381178975,-14.421542467545443,43.92755958548057
75.5,37.980032388585485,-14.997885229753393,43.499999866935255
75.51,38.30219010050929,-15.63033299783473,43.13030238648152
75.52,38.60467494017905,-16.026466460443547,42.604223359897155
75.53,39.19178301333988,-16.946478005750766,41.85505396062364
75.54,39.50964788757138,-17.519310673102417,41.279009117392846
75.55,39.84522828832161,-18.028704231724486,40.54197350800458
75.56,40.22020103822166,-18.79638915308892,40.12339944842746
75.57000000000001,40.48304290998423,-19.49606610944327,39.462245279763245
75.58,40.48611572812154,-20.343924878029508,38.756869072820564
75.59,40.940797120103404,-21.19243681113706,38.23768739564611
75.60000000000001,41.08383501567167,-21.80931792051748,37.56589870261121
75.61,41.22031253617586,-22.751835531119788,36.69061092521767
75.62,41.493657029597856,-23.20070717216047,36.06526190677614
75.63,41.42660837231623,-24.39376662210434,35.43240380846901
75.64,41.39043043534379,-25.075916410220962,34.847471030093864
75.65,41.47942781817808,-25.940744120578252,33.872829725619745
75.66,41.33713567498888,-26.851204856005054,33.36305448743772
75.67,41.18293714776509,-27.868457532081514,32.50537726403479
75.68,41.107484787219036,-28.77911401960865,31.789303432928783
75.69,40.920370299534916,-29.939184847846796,30.994519886109757
75.7,40.63362506090306,-30.747215512167692,30.178193684664606
75.71000000000001,40.20360408121424,-31.69289886912395,29.442873287048585
75.72,39.97058167000757,-32.552240931818545,28.525498760638804
75.73,39.447583260955625,-33.265157691549405,27.743822288458023
75.74,39.040584528715556,-34.48484449900139,27.11114922166998
75.75,38.34333075612206,-35.44831182268678,25.894247450771882
75.76,37.9647465005446,-36.245584656947614,25.18002240200256
75.77,37.248103427461885,-37.16803242335057,24.46075894718931
75.78,36.42797061729421,-38.11847275661671,23.511991096320745
75.79,35.970211218012025,-39.086219110561224,22.782940241815616
75.8,34.920026547945845,-39.93869948338388,22.011661170122775
75.81,34.01262046206308,-40.901264029425654,21.229479833363126
75.82000000000001,33.0203072158217,-41.89838385788078,20.15249751243548
75.83,31.989461464254326,-42.63233812526282,19.516977326814388
75.84,30.984748427054846,-43.3737926535276,18.685303281213056
75.85000000000001,29.80452036513531,-44.096642972955934,17.59468431492908
75.86,28.45480968201239,-45.32670679091636,17.082466655614425
75.87,27.19043396638461,-45.9070420521557,16.395696871446894
75.88,25.965119503708294,-46.821649979612815,15.424181092613315
75.89,24.52533713361555,-47.32176035785889,14.551762690611664
75.9,22.948057443709825,-48.10385756098562,13.786817405834869
75.91,21.491825144689457,-48.7843317492891,13.063163937576036
75.92,20.138398740795612,-49.47937822008751,12.607859303620021
75.93,18.30184942700936,-49.872980807743694,11.709806167536623
75.94,16.654705058601056,-50.32697460101406,11.052393986144743
75.95,14.898169103172572,-50.64773591411526,10.708739377662157
75.96000000000001,13.153695002674588,-50.99157753201321,10.00328649042789
75.97,11.287621570258185,-51.51054282211842,9.08414011621663
75.98,9.371163604122225,-51.5993582143731,8.792819763658947
75.99,7.623222311838828,-51.8347890910758,8.308667724159449
76.0,5.779740717433008,-51.976756187235566,7.856372542534155
76.01,3.7880747263165215,-51.86179519133848,7.316610887515389
76.02,1.6805867423221923,-52.312390218235564,6.832936253443709
76.03,-0.48592369733148405,-51.97307438149019,6.648608995672646
76.04,-2.406592702854472,-51.77956450004527,6.364585983239109
76.05,-4.361323645517916,-51.50445189599443,5.8772535332623175
76.06,-6.478628093743921,-51.20473588905859,5.793804532100743
76.07000000000001,-8.518176379167402,-50.851501450738745,5.659634793243424
76.08,-10.40563572573455,-50.676717603966004,5.246574853400017
76.09,-12.652302929419442,-50.10985498403359,5.077635671284078
76.10000000000001,-14.731522075076045,-49.45806412039941,5.212216210347736
76.11,-16.578030114134545,-48.82846924738313,5.116880251375713
76.12,-18.61317879677468,-47.90119413898853,5.100956742716972
76.13,-20.81732717684116,-47.166696902631905,5.336700076482881
76.14,-22.441054635217554,-46.206527630521784,5.522483363304313
76.15,-24.405103112443392,-45.512747975645816,5.693310953843335
76.16,-26.208423324369022,-44.445545744368395,6.003091061529327
76.17,-28.184677558554775,-43.259846625299595,6.344323025574525
76.18,-29.76035010626734,-42.05237352709762,6.486066307017982
76.19,-31.647025226085642,-40.922095658996334,6.94467996612628
76.2,-32.98881352130314,-39.678105220676606,7.464211719290251
76.21000000000001,-34.5970411405583,-38.35136360157858,7.850874309512284
76.22,-36.17529891087264,-36.78697468248933,8.53376634788184
76.23,-37.57531067806586,-35.48299250994281,9.098699010346037
76.24,-38.54834951446018,-33.90919391229039,9.724124445970551
76.25,-39.76868334963597,-32.02546667003458,10.767933213434521
76.26,-41.08979079818743,-30.664678251803096,11.24122843697786
76.27,-41.974067174083196,-28.961488338106623,12.036270783382195
76.28,-42.80462882415878,-27.39886353765,12.820449458404008
76.29,-43.86479979451073,-25.622329341674156,13.50932558333632
76.3,-44.340369097065114,-23.887103632611346,14.568626377163987
76.31,-44.8414462801937,-22.193511072969958,15.599290753649258
76.32000000000001,-45.44133845371115,-20.51663509521624,16.505825810830576
76.33,-45.73041492985074,-18.686255617502706,17.635066161315628
76.34,-46.09025284885515,-16.971348375968628,18.655834661242974
76.35000000000001,-46.322573424220714,-15.052285355938675,19.657959315402454
76.36,-46.34088856888747,-13.370014316325312,20.811666397239055
76.37,-46.27576466313143,-11.677729542419684,21.948873412579566
76.38,-45.99678985821988,-9.758916294756748,23.048694141479757
76.39,-45.602821685070325,-8.258219992554613,24.17418748206207
76.4,-45.06005360430313,-6.342608360053855,25.470454419127634
76.41,-44.459618730271494,-4.656980139213957,26.57163616099791
76.42,-44.02918450605762,-2.952097285771975,27.81017010612099
76.43,-43.186269896045495,-1.3671413177972052,29.193423316129113
76.44,-42.30451919985933,0.21149526658212783,30.286736530743557
76.45,-41.332770251073875,1.573423628203801,31.274017092143353
76.46000000000001,-40.29107999048727,3.0658084556359664,32.343344012671785
76.47,-39.04827774461773,4.33987622674066,33.6667590062222
76.48,-37.67569448603333,5.868157700672721,34.917429206143325
76.49,-36.37233714298496,6.955903873305897,35.962506989028746
76.5,-34.618838015240065,8.202816548033336,36.9964596614087
76.51,-33.02533785164157,9.296834028103826,38.32966387495552
76.52,-31.48617507108401,10.336959528649958,39.53786723908084
76.53,-29.76565542613136,11.455324707623296,40.40226671106325
76.54,-27.67253641041107,12.395407125794478,41.45069113522931
76.55,-25.954176387266717,12.996887822741249,42.41955622362078
76.56,-24.026705749927235,13.64977477507215,43.578090438365365
76.57000000000001,-22.28289557329787,14.491808917691548,44.4624340942746
76.58,-20.119123949165054,14.81217932785079,44.882313320219666
76.59,-17.94132218200262,15.25714648615202,46.18878370722466
76.60000000000001,-15.946956252310082,15.61118684099056,47.01792631138047
76.61,-13.678490063625272,15.937510822895913,47.8011117491112
76.62,-11.665452204928657,16.06637408299753,48.388960354457616
76.63,-9.452630458361519,16.188822618142595,48.97836152776546
76.64,-7.139334844437654,16.148468870549614,49.79522221158015
76.65,-4.959306723820652,16.179748268660596,50.40896985803418
76.66,-2.7687952416773256,16.023064038443252,50.96317472323566
76.67,-0.38614350146254117,15.579221134381074,51.17574677548651
76.68,1.708684478186255,15.313541274056504,51.5295950878092
76.69,3.7823881161072026,14.71849610240558,51.75480743660142
76.7,5.877531217661922,14.273936650239744,52.2070325345374
76.71000000000001,8.035821138272844,13.508730691216135,52.255218510542896
76.72,10.222894209457333,12.902280558653569,52.31002545826082
76.73,12.224451190781352,12.161727747836517,52.64005402597048
76.74,14.252799348845944,11.35927676026844,52.64005466735518
76.75,16.186622789046346,10.0977879603739,52.559021266467774
76.76,17.95700396994486,9.518268756762227,52.593903793691574
76.77,19.877900257540304,8.262589395250492,52.252030406598564
76.78,21.799549660371166,7.32464144349168,52.19319860565239
76.79,23.72247471405976,6.1333482449072845,51.91754401603692
76.8,25.248535195737638,4.984649590472778,51.59907057480653
76.81,26.92090860902003,3.693269554937634,50.975109583302945
76.82000000000001,28.42547494149872,2.4434940051432537,50.86159598237533
76.83,29.835488393860267,1.0568915958965444,50.24972362518554
76.84,31.216513992579745,-0.45520916972373643,49.65660109052298
76.85000000000001,32.49804623240939,-1.7966618068759845,48.95658649605564
76.86,33.69912283140124,-3.210268023097375,48.46829813187
76.87,34.80424830862809,-4.721804457252298,47.55001297413251
76.88,36.01257736289284,-6.1117378258320105,46.92710999364146
76.89,36.992759574310625,-7.823978715413042,45.92929189948457
76.9,37.81603881716465,-9.016689776286997,45.22367617891485
76.91,38.6363680755437,-10.805138864720577,44.17373790302248
76.92,39.45594222065089,-12.20356409783778,43.32909681080147
76.93,40.18857782593774,-13.679221067430737,42.3831975306712
76.94,40.53034627621389,-15.101519542709358,41.25988634156792
76.95,41.26311149904565,-16.73111083882101,40.15774681053107
76.96000000000001,41.55704147886024,-18.02962274683945,39.296045360289426
76.97,41.90286621234453,-19.517628667682843,37.94610476956182
76.98,42.39074944104452,-20.96392504571831,36.69913003804946
76.99,42.46830571502846,-22.405272339535735,35.544682053068776
77.0,42.66762472995828,-23.831909724489897,34.514262561906285
77.01,42.51617229108597,-25.174415764848174,33.17114360783989
77.02,42.708961875178765,-26.6315224395029,31.991193315237236
77.03,42.67588518034262,-27.916924903712523,30.77380451001797
77.04,42.500025946429446,-29.275239418646333,29.492580615690684
77.05,42.464830928236765,-30.537181145907,28.191341593857743
77.06,41.869708782922935,-31.82413823328193,26.850721941009247
77.07000000000001,41.70780788498164,-32.8174601174205,25.46569617235383
77.08,41.39094153296066,-34.08440852269858,24.082268587000122
77.09,41.041579757539346,-35.11206775028619,22.65613747230057
77.10000000000001,40.60778811588309,-36.139021590917345,21.373753771579903
77.11,39.8339982376135,-37.247527101171485,20.186898153741744
77.12,39.395070804763236,-38.13967318658467,18.627514533015166
77.13,38.81787644877166,-39.07800872892746,17.193666293791964
77.14,38.198390649681016,-40.10960420744556,15.735848624998539
77.15,37.70057083446829,-40.92600581261853,14.489340934306359
77.16,36.800249758203506,-41.980564079699306,13.172510097838959
77.17,36.11203870787442,-42.76394814683058,11.804399385249626
77.18,35.171951079990336,-43.24194524896135,10.589753208764956
77.19,34.665710794566245,-43.870254113298714,9.278367453977642
77.2,33.63987009097,-44.70848125391734,7.651245309546885
77.21000000000001,32.922067527838855,-44.87189158057096,6.521371203997093
77.22,31.902377472272022,-45.63982750359316,5.265460575199914
77.23,31.168396929290022,-46.05134788289107,3.921064852646164
77.24,30.110247143201672,-46.4422051980324,2.6371118852579887
77.25,29.28339136536516,-46.86150204019585,1.302475299351962
77.26,28.363360824073297,-47.287667090338786,-0.020792212290040912
77.27,27.443687385859096,-47.43754494314604,-1.146188120317347
77.28,26.493189931286647,-47.73035142030559,-2.588061597727596
77.29,25.526030753878157,-48.038780379757796,-3.524990958032688
77.3,24.66554389446646,-48.20603245555372,-4.898342490514182
77.31,23.657979647376457,-48.35628902473578,-6.174467601887021
77.32000000000001,22.873541877436516,-48.387659787722264,-7.207858037891999
77.33,22.00949285176895,-48.50430004691524,-8.310606460915745
77.34,21.012287007166695,-48.751057295785046,-9.595960219622144
77.35000000000001,20.10193896080326,-48.621372658405235,-10.631257342409452
77.36,19.24215855359864,-48.436581552974545,-11.952311558810855
77.37,18.308755264209974,-48.32886725886201,-12.73563874412671
77.38,17.43027145474081,-48.235669409577454,-13.675803160497845
77.39,16.623307012360428,-48.243598235507235,-14.976887193214802
77.4,15.676071687477858,-48.0101724319566,-15.794629817877794
77.41,14.818920900316028,-47.93494852079207,-16.79423048896568
77.42,14.030855835006745,-47.69753115382181,-17.80313092802674
77.43,13.286787557878043,-47.45232379520109,-18.75049350332188
77.44,12.503083068778526,-47.132249799852715,-19.473012464721513
77.45,11.863596211291913,-46.9634542366468,-20.500063370047872
77.46000000000001,10.874175676118403,-46.70463814440808,-21.460386797990772
77.47,10.111771681006822,-46.271797272895974,-22.42959455107164
77.48,9.550208114393286,-45.86158754474318,-22.938717221050627
77.49,8.533898891997655,-45.46742799862045,-24.021852688429416
77.5,7.971869026387042,-45.291551428184576,-25.047346840629793
77.51,7.226604860631788,-44.89584141668881,-25.55255887832492
77.52,6.676370328612483,-44.4372181148235,-26.254423753229062
77.53,6.001285190312714,-44.07129924570865,-27.11205790024693
77.54,5.245463949621242,-43.62054261412747,-27.937175357232846
77.55,4.748769958820975,-43.21402195979438,-28.63579518092032
77.56,4.048236764989568,-42.76190863081673,-29.41541106704291
77.57000000000001,3.351109311559861,-42.241242353791485,-30.009777848367
77.58,3.033009205718774,-41.61606841101509,-30.640569499348715
77.59,2.3514162776354444,-41.412924406591586,-31.226648587091344
77.60000000000001,1.8289466880968452,-40.81311842104053,-32.00471206148539
77.61,1.4690642303804182,-40.0923005921939,-32.42115332083761
77.62,0.8644927071405509,-39.79661664969385,-33.032879648601956
77.63,0.4081500095921032,-39.37172939458853,-33.81331202837959
77.64,-0.1710570526961812,-38.73210638734378,-34.2496380924649
77.65,-0.4477497525445343,-38.11260615667393,-34.6722088191372
77.66,-0.8775798587071044,-37.74576363130125,-35.25484013360059
77.67,-1.4308048358598062,-37.173326551023784,-35.78378616076174
77.68,-1.8751155781030244,-36.57073164993612,-36.3671792201356
77.69,-2.1167810702933654,-36.058918387798556,-36.77989702034562
77.7,-2.496400724265362,-35.52141982860486,-37.31401417580333
77.71000000000001,-2.922272319968649,-34.8900047437572,-37.63154155007125
77.72,-3.2457908825957493,-34.41341487055483,-38.14658816355897
77.73,-3.3190622590724796,-33.974339454710936,-38.612700337309725
77.74,-3.8524173831876833,-33.65058350460756,-39.110211127712205
77.75,-3.919340827145593,-32.82962132876146,-39.584289236149544
77.76,-4.514536982649427,-32.45948050433887,-39.860013927047476
77.77,-4.546017832662865,-31.863783996853815,-40.222574621066066
77.78,-4.920214598614841,-31.238943685941415,-40.513361960134
77.79,-5.133286875989498,-30.63852224204795,-41.126103915469834
77.8,-5.252237835835002,-30.200016505431183,-41.24414935252249
77.81,-5.314891807666618,-29.837856072678893,-41.59356342795152
77.82000000000001,-5.550516832872037,-29.065342258287522,-42.056316005845055
77.83,-5.810176821467575,-28.744042197525527,-42.40843912051067
77.84,-6.054743896717488,-28.150286251701807,-42.56555319321369
77.85000000000001,-6.174793461306274,-27.61982196914077,-42.970865095948795
77.86,-6.379586180855433,-27.150037062689037,-43.32252903197641
77.87,-6.642320273785487,-26.39337741997816,-43.52916871427663
77.88,-6.613801391760882,-26.27417153377467,-43.57731669561407
77.89,-6.994882392118091,-25.686872684704603,-44.14294983160144
77.9,-7.21289269461727,-25.326411216985708,-44.410674245942985
77.91,-7.155275723840877,-24.594958932156423,-44.633591567944
77.92,-7.353323913723394,-24.084157516858973,-44.8205210791505
77.93,-7.346855200917066,-23.749606247850622,-44.961679698634285
77.94,-7.52141319870047,-22.991382454683144,-45.2549443899947
77.95,-7.570423251119938,-22.627877060970793,-45.5792587931219
77.96000000000001,-7.616216563957755,-22.111680567477432,-45.80868527925901
77.97,-7.835166767830837,-21.748399126893727,-45.96004123031647
77.98,-7.7653055927933945,-21.37767766225326,-46.09928628525488
77.99,-8.007970853279142,-20.860632796944785,-46.30070427940871
78.0,-8.043107906493818,-20.368668458455065,-46.52716754672122
78.01,-7.888851907199663,-19.901964335032467,-46.5168054154204
78.02,-8.04376094877745,-19.41409352968478,-46.62858360736834
78.03,-7.92480969474553,-19.021549858728658,-46.922716236991214
78.04,-8.262818062062516,-18.56048174084541,-47.228916911282454
78.05,-8.208540716277874,-18.238471366826946,-47.2684440643529
78.06,-8.117233879292774,-17.70491944238961,-47.44993273809484
78.07000000000001,-8.371523365236156,-17.41718907208508,-47.51715868767444
78.08,-8.254750990648288,-16.984624026339127,-47.67760429139057
78.09,-8.346283829979079,-16.53811026769689,-47.769492707699605
78.10000000000001,-8.391583039411534,-16.015210470015056,-47.74040088403508
78.11,-8.465605807293779,-15.59824407106564,-48.05816008967008
78.12,-8.273637635202117,-15.180007951875659,-48.1197762596272
78.13,-8.6365944883875,-14.86450296650059,-48.25679206534708
78.14,-8.665699991881183,-14.584227912282481,-48.29089697049871
78.15,-8.288726476718425,-13.934445289118024,-48.416613305677316
78.16,-8.429841869155203,-13.720288818932078,-48.48594494922974
78.17,-8.421230696657751,-13.382275279145018,-48.54818297933554
78.18,-8.571994101444904,-13.020160630381998,-48.7491707645646
78.19,-8.36634145060268,-12.527293689363903,-48.79903373969682
78.2,-8.545708963235795,-12.032664660864905,-48.990987046433396
78.21000000000001,-8.511385248193207,-11.705664895946423,-48.948092466390136
78.22,-8.545538940281336,-11.471597086447083,-48.96325020073007
78.23,-8.435949153015764,-11.047023483928994,-49.11320983859587
78.24,-8.388517918638808,-10.783614525554635,-48.98417413401061
78.25,-8.537983304109446,-10.30922549714121,-49.263754777047346
78.26,-8.559804880503192,-10.004382581458662,-49.2374682059021
78.27,-8.819847261918163,-9.674515215878346,-49.28819161085724
78.28,-8.692097673921078,-9.258905777496357,-49.45387889472266
78.29,-8.474249592716639,-9.163193510109709,-49.613629456263745
78.3,-8.546582658038442,-8.873725042583944,-49.534316300134364
78.31,-8.67091855404874,-8.392756888257543,-49.480106081450906
78.32000000000001,-8.29817345305916,-8.177915989285372,-49.62541208679759
78.33,-8.489747720504756,-7.778466845307616,-49.71339618519776
78.34,-8.636569730717866,-7.515682556639426,-49.55824917002424
78.35000000000001,-8.644804219715843,-7.256334999445977,-49.50996122345328
78.36,-8.631017557436152,-6.877278654780541,-49.72990608652486
78.37,-8.622029647465492,-6.6025372404363525,-49.782032000934464
78.38,-8.893782350511758,-6.214844852448748,-49.73183214865973
78.39,-8.863857796763968,-6.100901420891894,-49.811869955160795
78.4,-8.518817381749795,-5.6934458265253225,-49.66985339879023
78.41,-8.774218473617701,-5.590046895642935,-49.72204475498277
78.42,-8.883583653521264,-5.262850744848596,-49.864545258282526
78.43,-8.860319320263812,-4.915522638780392,-49.81611349656063
78.44,-8.753455911932525,-4.547445024213398,-49.90242683779999
78.45,-8.582263496457024,-4.463395269023327,-49.75496120527484
78.46000000000001,-8.794531270030257,-4.1832974074514215,-49.71946951861381
78.47,-8.903712343129246,-3.848680897749396,-50.00844558593347
78.48,-8.809656720928658,-3.596219244172157,-49.83681025760435
78.49,-8.793233808759947,-3.3511698874391374,-49.8378945398556
78.5,-8.77343751320942,-2.9760252609211295,-49.97740982948494
78.51,-8.59662018863149,-2.7056963626233097,-49.75908866906307
78.52,-8.752927408292567,-2.3880661257014504,-49.74473789811849
78.53,-8.604373417708022,-2.544871934221471,-49.834312500162405
78.54,-8.874183177202296,-2.0543988414323993,-49.713566067632115
78.55,-8.594165099130763,-1.9178614594883998,-49.93811342851789
78.56,-8.834773300667216,-1.7112624586642335,-49.74510774615993
78.57000000000001,-8.799223920397804,-1.5945404854907135,-49.787596916252454
78.58,-8.820329941773645,-1.2027170085956627,-49.77416532343048
78.59,-8.75904371020386,-0.8542125322688967,-49.81322647088724
78.60000000000001,-8.669697965625721,-0.6791455638158183,-49.67167095621673
78.61,-8.59418576220787,-0.6103010619205372,-49.74608557139935
78.62,-8.59227944610058,-0.41638361847805955,-49.830738566041425
78.63,-8.712632112162098,-0.2797888279004836,-49.799062268035854
78.64,-8.787583938258049,0.16637383571722522,-49.55404322973401
78.65,-8.649521734901821,0.2455964170384804,-49.844299093009354
78.66,-8.639640377573562,0.28937776278569394,-49.78263726052229
78.67,-8.524122952589112,0.6799476490556292,-49.795074239597604
78.68,-8.709556465086001,0.8891105195600316,-49.67669469102551
78.69,-8.78411529410716,1.2746963504034448,-49.7727745711704
78.7,-8.721910492788385,1.1706975391724086,-49.7186734899109
78.71000000000001,-8.443984821481154,1.420794665895179,-49.707392856793284
78.72,-8.950380496902753,1.4969155433324322,-49.71807192515133
78.73,-8.609013124948943,1.5659581147558834,-49.71088495754751
78.74,-8.472461979411353,1.8608428252563638,-49.724991913156856
78.75,-8.516358699281717,2.3399462143284224,-49.3977220577819
78.76,-8.409566439861544,2.3640101572883054,-49.6457075373206
78.77,-8.508240054554742,2.5472291744404547,-49.59207280734627
78.78,-8.437125359097733,2.842025705749589,-49.65974619473033
78.79,-8.353599742982764,3.101141787311282,-49.46792315042004
78.8,-8.190894482977376,3.2146769362331007,-49.44023011704366
78.81,-8.291609609620073,3.4858827459149127,-49.533446755717634
78.82000000000001,-8.017272174576755,3.4797416833321004,-49.37223918757985
78.83,-8.07158252093629,3.844120664639076,-49.49101025126362
78.84,-8.086938412008664,4.042466693971466,-49.42212592617029
78.85000000000001,-7.9871344283777415,4.200259734264607,-49.56031377364847
78.86,-7.98353518605394,4.40033303534638,-49.47184450689565
78.87,-7.998246956303737,4.553557951828617,-49.396410458824306
78.88,-7.793323954022011,4.751721245314836,-49.69233378636526
78.89,-7.771397782782167,5.0787577984356185,-49.45853912487669
78.9,-7.797213431794647,5.209799104929656,-49.3521965039065
78.91,-7.476711455211778,5.583114231065843,-49.50430490994687
78.92,-7.467472285026799,5.730140168536719,-49.35581399141897
78.93,-7.418209385742221,6.104794262113011,-49.336929606836634
78.94,-7.380366585277745,6.203749546038188,-49.3922078401358
78.95,-7.173425527117713,6.555251293758874,-49.40591552223827
78.96000000000001,-7.085963988026028,6.65942985437265,-49.17237762388607
78.97,-6.943817304493682,6.806735599921045,-49.26498527852099
78.98,-7.010507748218396,7.074925320199995,-49.20151927929555
78.99,-6.884799563833909,7.407276865411702,-49.199545248279584
79.0,-6.605525192018551,7.543332880230916,-49.19807846404202
79.01,-6.895859277378687,7.674105315454856,-48.992089614114825
79.02,-6.631084974813393,7.987526029884397,-49.05522710936706
79.03,-6.491209217776381,8.365480997830186,-48.940024941386675
79.04,-6.2997892009499825,8.58253164249971,-49.10168347884785
79.05,-6.149177190047766,8.831773157857537,-48.90808656151009
79.06,-6.060638706279659,9.19468170109658,-48.857994461792984
79.07000000000001,-5.974235888251934,9.260772865977367,-48.983733026488366
79.08,-5.847670186852441,9.559534470016573,-48.83693224502239
79.09,-5.7334515079333395,9.921441449062915,-48.64937092215556
79.10000000000001,-5.54573948875818,10.256308742982739,-48.68859032482489
79.11,-5.5982475034919155,10.655666684429601,-48.65028753140853
79.12,-5.255418223068743,10.645488559798503,-48.59014808258909
79.13,-5.055419594474202,11.151473682345,-48.21619589203363
79.14,-4.948013044543059,11.412802342299361,-48.36083566515287
79.15,-4.849727805419866,11.516794388270075,-48.24226211679606
79.16,-4.779466116229487,12.016522758567097,-48.2624053952761
79.17,-4.62821327674539,12.247816492374415,-48.30321258533673
79.18,-4.4294828265451605,12.63662142091716,-48.068258833323824
79.19,-4.1674834392386675,12.989747998564217,-47.98913149790281
79.2,-4.298179452561343,13.249111998704798,-47.848899587551415
79.21000000000001,-4.171354400530601,13.650689805090199,-47.75954837107766
79.22,-3.950254275744523,13.892914638065522,-47.950683321899476
79.23,-3.4522329007837413,14.285336757344293,-47.759026116751244
79.24,-3.5604647516969665,14.876915662949326,-47.61395207458201
79.25,-3.334554602464558,14.935085885309219,-47.30725023206208
79.26,-3.1270282249194854,15.362794057124292,-47.14765704123109
79.27,-3.0465972056003743,15.7438335542939,-47.286393618982665
79.28,-2.8218186075651914,16.143429065974928,-46.99596565195173
79.29,-2.607387754602051,16.358605525511898,-46.88392786261624
79.3,-2.36653560986306,16.77769547074912,-46.968271926606874
79.31,-2.1108564751592094,17.21001564691965,-46.56718795750624
79.32000000000001,-1.86636231034434,17.380727957916136,-46.29509804604976
79.33,-1.8438515923186312,17.81678999352629,-46.34794526138676
79.34,-1.4402253159372844,18.21574382064766,-46.12554777816719
79.35000000000001,-1.403067746839922,18.559972423536912,-45.93623790423392
79.36,-1.1741104195328242,19.05553623591669,-45.690797760863596
79.37,-0.7962755436223211,19.472178074540643,-45.66203739778158
79.38,-0.4708661145177043,19.712626284298203,-45.40676882729043
79.39,-0.44105838030084943,20.209303431577915,-45.19929488834193
79.4,-0.07445996573342656,20.712695252726807,-45.08718031810939
79.41,0.09482371926309212,20.968883610175553,-44.81319135933947
79.42,0.2784593614183932,21.424686726026422,-44.69445905747242
79.43,0.6552261366563344,21.830847803290204,-44.60192704637479
79.44,0.9978718374597524,22.186120219129595,-44.04178575903456
79.45,1.1105613123039455,22.582620822742093,-43.667849150687296
79.46000000000001,1.40063773131738,23.009676372963007,-43.6583377794903
79.47,1.8235641045688555,23.71172107968349,-43.460607432176104
79.48,2.175241656861031,23.88903554288368,-43.1709516151671
79.49,2.246143536039825,24.363133883188905,-43.014667736224695
79.5,2.6224015103060556,24.869610416392305,-42.638568509995864
79.51,3.0751945021014198,25.10436000703034,-42.2656695814562
79.52,3.3800736644953764,25.61985950202817,-42.305635797917446
79.53,3.672407566217104,26.191953900549773,-41.775712729900135
79.54,4.028038024285232,26.31927882390133,-41.47310515166647
79.55,4.462862600456622,26.877523793516165,-40.94628124605239
79.56,4.768455779307544,27.221656895273664,-40.71903468104129
79.57000000000001,5.189292199134031,27.642466180558966,-40.44882888288555
79.58,5.618690280594598,28.256723775654297,-40.06935683728032
79.59,5.8323195116231545,28.683034701768307,-39.64125282138906
79.60000000000001,6.188990341101418,29.142635695773638,-39.26165993544938
79.61,6.771823476004267,29.277771820380007,-38.96661820057496
79.62,7.243972716887977,29.973912147166413,-38.23615757340399
79.63,7.706313988064148,30.37789980401071,-38.25103997684938
79.64,8.087605324020235,30.693058544928476,-37.67964106723832
79.65,8.588383619404372,31.258787075599162,-37.08575597707392
79.66,9.197802911046917,31.423823640069813,-36.775224698547994
79.67,9.550468279276577,31.920373072772314,-36.392061189853784
79.68,10.10651299313328,32.24878514232627,-35.960381954308744
79.69,10.624959102529132,32.78098939211061,-35.32074564662926
79.7,11.102352788288131,33.30856561145353,-35.074768557845566
79.71000000000001,11.611531177849555,33.537174582952545,-34.31951622975379
79.72,12.330539736417377,33.86182015149688,-33.73411471193056
79.73,12.968653866650785,34.16648964825881,-33.33280548372333
79.74,13.312027795574988,34.743759140326176,-32.66665705390879
79.75,14.034959703472031,35.04840710545809,-32.25896773285745
79.76,14.562011441862007,35.37868934433545,-31.444383943793312
79.77,15.116573225957692,35.773181358192204,-30.959753199838268
79.78,15.950333263002111,36.07402210417891,-30.340671673321456
79.79,16.54217034204582,36.40876363506301,-29.523833382903092
79.8,17.123750531766945,36.57552028616231,-29.11410954141818
79.81,17.654961029935375,36.749113516158936,-28.463428037283162
79.82000000000001,18.278394124121572,37.12462992509227,-27.73747184118947
79.83,19.11207914391169,37.63623589004054,-27.122566746319034
79.84,19.91968016752551,37.69551493113499,-26.376180773161355
79.85000000000001,20.660287510306844,37.97693568164689,-25.534430193178256
79.86,21.309536354420057,38.359023097879366,-24.84787825637007
79.87,21.97632948855955,38.49026640045628,-23.89431153389847
79.88,22.696766884690156,38.731248384901015,-23.334084618312186
79.89,23.34011660562919,38.75779167448115,-22.3837428831586
79.9,24.285271858726116,39.0450351943328,-21.521012096276845
79.91,25.115092195361825,39.03711256730075,-20.69015734527233
79.92,25.96883055206683,39.207836005040086,-19.890054222392884
79.93,26.615054632866464,39.45295230807066,-18.99902207478911
79.94,27.48400511558047,39.271121291956916,-18.14610795469869
79.95,28.319051295268828,39.358482852080286,-17.262235911754534
79.96000000000001,29.205131703487226,39.451302071407284,-16.200521390338306
79.97,29.81590481203037,39.62208117102514,-15.174494692401094
79.98,30.69525164237663,39.295099745264835,-14.39570636338652
79.99,31.558789506395627,39.3609954201278,-13.32191752399384
80.0,32.17334342172075,39.247659457004325,-12.525606948295493
80.01,32.93539149349187,38.957786431289094,-11.302294320193276
80.02,33.83878367990279,38.83415146216691,-10.253009058596097
80.03,34.90571473048812,39.0110415494692,-9.241907814621499
80.04,35.39075132133339,38.687035755934474,-8.092735603844188
80.05,36.43208691474809,38.54506323278813,-7.063118447705122
80.06,37.15052129146044,38.16592487666154,-6.099975560040697
80.07000000000001,37.922358718856,37.823190936805666,-4.978469706056518
80.08,38.747070088251874,37.39057724844963,-3.847506041433806
80.09,39.524230942351366,37.12225829706966,-2.474647358950985
80.10000000000001,40.202846016425966,36.785924569319796,-1.5123957237255459
80.11,40.694391218495404,36.32501262663214,-0.21071266567600622
80.12,41.7198248633325,35.80014405363319,0.8476484790828702
80.13,42.30145127909876,35.46476833236792,2.17643608964458
80.14,43.03991089169191,34.784077820664514,3.302627109700067
80.15,43.637277557571636,34.2526026039197,4.460538642341394
80.16,44.399276347802385,33.54873782046598,5.9115897681345295
80.17,44.952590680469875,32.904226628826756,7.1282789227857535
80.18,45.591380702677924,32.2806443691999,8.307834688377612
80.19,46.07207049487307,31.462675223674275,9.808121119161845
80.2,46.53909281091721,30.70897481363491,10.933449587324658
80.21000000000001,47.20854235645849,30.036229526729716,12.20116669048228
80.22,47.33168767116115,29.11148591230614,13.489066270678896
80.23,48.019574885466916,28.332990519885268,14.836431514811228
80.24,48.13451693370991,27.2734048248358,15.981912740489054
80.25,48.34909224764208,26.409121054480543,17.320690917791655
80.26,48.723026802260634,25.35388691334056,18.66936250929364
80.27,48.91697290285895,24.36547282268193,20.168080472437175
80.28,49.15549949393329,23.447177626442983,21.198497741257746
80.29,49.26198604154268,22.275058733020337,22.33051493187288
80.3,49.387539031635185,21.391808889317264,23.88828802227821
80.31,49.45703158793244,20.199108901224413,24.81781430155957
80.32000000000001,49.54330891927465,19.203621269431736,26.229560903405634
80.33,49.31704002291587,18.10660091404078,27.677874251540317
80.34,49.08000630902718,16.88870115035789,28.830252369601087
80.35000000000001,48.98237816766637,15.89171666219414,30.063314502098148
80.36,48.5660768906856,14.312366364097205,31.09971770673386
80.37,48.19680031032878,13.3032093109336,32.61636309039945
80.38,47.80087968914769,11.866285298792546,33.66252132392353
80.39,47.37180059546537,10.742545850394599,34.75967074103927
80.4,46.91519912520336,9.648704762447034,35.93237507241868
80.41,46.25226763927867,8.319512838288533,37.25419494787311
80.42,45.41466887292686,7.156004972740623,38.179564389171645
80.43,44.72871991610846,5.909425903196838,39.46487359101659
80.44,43.98286061873923,4.686345486524555,40.310661036253606
80.45,43.02886432780594,3.4915186483286194,41.35808774102562
80.46000000000001,41.932319172536495,1.8767193606627255,42.37171611308886
80.47,41.16841745838538,0.8905679989531974,43.403767933184035
80.48,40.00676502985343,-0.21018028308990028,44.32842618475849
80.49,38.749392687943725,-1.344583354661557,45.174325190184845
80.5,37.445917040861566,-2.4526881573307855,45.9362181363321
80.51,36.336740250346836,-3.6669949434021856,46.82454479672788
80.52,34.90634853081235,-4.898252353900426,47.557028769282844
80.53,33.406924237863755,-5.85081679012003,48.338927487712084
80.54,32.04812731673973,-7.157479214252194,48.960687407502405
80.55,30.459336680936865,-8.070195668319649,49.637866035688425
80.56,28.824515870958457,-8.96970976002875,50.031259939098355
80.57000000000001,27.24857514263447,-9.772007535103713,50.834520972494225
80.58,25.652531929725647,-10.698786400301282,51.34917392674113
80.59,23.91804489420776,-11.268986813045396,51.71377563909167
80.60000000000001,21.915652533483716,-12.17170758592917,52.19667968277001
80.61,20.40257920686529,-12.888814347603384,52.535997055232095
80.62,18.5337636207742,-13.530891787240183,52.81397977955718
80.63,16.471643291732807,-14.04798726333006,53.12820442510829
80.64,14.522961963696986,-14.701024623178563,53.367796154663196
80.65,12.6069894813148,-15.03009118282303,53.68234423956778
80.66,10.615796562577314,-15.561933531084811,53.62601702776517
80.67,8.87477591202537,-15.596356005963433,53.74415247720226
80.68,6.557395703145718,-15.98164142459755,53.948902977974534
80.69,4.548075003689151,-16.017201577152754,53.72354659009642
80.7,2.5080586675221705,-16.331041431840912,53.74178382742746
80.71000000000001,0.6829591274070224,-16.234444929651723,53.40269082963685
80.72,-1.4537252000932552,-16.054451846341472,53.475988814730286
80.73,-3.297068720512178,-16.13403199178666,53.206063432962495
80.74,-5.229777007159358,-15.849522272429507,52.79126920554122
80.75,-7.153123142343525,-15.54316383904853,52.51990967681932
80.76,-9.23801944476711,-15.307827181938896,52.10715520745694
80.77,-11.221708325701936,-14.863271643215045,51.78490385347837
80.78,-12.856051097305379,-14.278412062722818,51.26458191480889
80.79,-14.725048399239077,-13.598987552783118,50.841291724420536
80.8,-16.49002294705046,-12.980255627381885,50.52036874318557
80.81,-18.210629434339737,-12.295695848427343,49.88062386829518
80.82000000000001,-19.822657152824778,-11.435383666990093,49.342544429649905
80.83,-21.402740436975957,-10.689702589355738,48.618374350188724
80.84,-22.996329536098486,-9.712225398123705,47.90112288312162
80.85000000000001,-24.356939334634408,-8.836525445253159,47.331954660501616
80.86,-25.7220123741211,-7.785640034925173,46.57136485019266
80.87,-27.138597432499775,-6.370950021835455,45.83833910390153
80.88,-28.209713926078813,-5.475547610051085,44.92668159422214
80.89,-29.663848371253888,-4.232598570064615,44.23879793604961
80.9,-30.740515973792863,-3.0123797599505897,43.50604199642062
80.91,-31.503585967111675,-1.6790893077737374,42.551962214259206
80.92,-32.232296550420536,-0.18353944447030768,41.6413134064254
80.93,-33.22355198095701,1.1378479699550095,40.77384040013006
80.94,-33.79178571903698,2.4695768926849735,39.88848802896725
80.95,-34.333879484032174,4.0238864424060194,39.09794894722388
80.96000000000001,-34.69862790283845,5.5055306008473766,38.07797875999561
80.97,-35.405507767096395,7.100111224428944,36.93814275735462
80.98,-35.43694138843249,8.458021968831778,36.11309809974331
80.99,-35.70571287649882,10.104927064264462,35.14891100048636
81.0,-35.69076908923461,11.77177837788264,34.20201948919652
81.01,-35.731489761400205,13.184322575614395,33.431381555774784
81.02,-35.61747028228196,14.846139591663226,32.395129826309194
81.03,-35.38256615017008,16.453911317150137,31.498638542038005
81.04,-35.2366735708414,17.93849298703283,30.761760853890376
81.05,-34.580315464857115,19.51244033562481,29.559377539822233
81.06,-34.18983209057872,20.958244237872528,29.015402836383252
81.07000000000001,-33.51297652874257,22.396491137639714,28.0268115218104
81.08,-32.759891351715645,24.0167790353054,27.211522546987837
81.09,-32.089688104673336,25.486942061671453,26.179455604947645
81.10000000000001,-31.134398284635903,26.811432202818164,25.333007275757755
81.11,-30.258557305318575,28.193089865905982,24.658347730456196
81.12,-29.294770162513533,29.488542839475333,23.883267841829337
81.13,-27.84953420540305,30.920535131772933,23.1580234826641
81.14,-26.75721495175571,32.18475170537848,22.40589573755017
81.15,-25.385447365509307,33.33423936871623,21.631592409560813
81.16,-24.22098314274541,34.56290620021141,20.931578257885338
81.17,-22.66483458240385,35.68397847999799,20.05066278162856
81.18,-21.367813203648776,36.99256548771665,19.612945518232294
81.19,-19.900649994946015,37.52862074903092,18.907656038191284
81.2,-18.391777903129285,38.683229531792364,18.44590931145254
81.21000000000001,-16.512435033663316,39.74606604454886,17.895080568878107
81.22,-14.902758219058287,40.455609266912184,17.328742464211825
81.23,-13.308876341881122,41.14203966121391,16.831242431678778
81.24,-11.555782819058992,41.99459013454187,16.452594192967446
81.25,-9.828768236569871,42.75088443415251,15.955207328685972
81.26,-8.109330894434814,42.93921102746964,15.672050192035956
81.27,-6.107453328198308,43.64820859135408,15.290209861171704
81.28,-4.227207769525982,44.07431591942553,14.870757314476506
81.29,-2.348607023212683,44.39790935138836,14.457388441783635
81.3,-0.6416191591582151,44.53083764358682,14.407871045462452
81.31,1.2702597919039933,45.06116980294065,14.04954930065636
81.32000000000001,3.0976926931606594,45.37880056011338,13.956039502298086
81.33,4.826979765511156,45.27105346005091,13.814875526542044
81.34,6.88553625118246,45.40350449451479,13.511276260451211
81.35000000000001,8.7212299496986,45.45989396247768,13.366080971938832
81.36,10.442389703899622,45.3166709301053,13.350946476436162
81.37,12.33478279876534,45.2450818561543,13.312170336934242
81.38,14.138978557234381,45.064633595567805,13.192309662188137
81.39,15.911395600854402,44.89894013798974,13.039719897733764
81.4,17.544337257566063,44.39330184632947,13.085198572510553
81.41,19.21163269347545,44.37449226999433,13.256846120885895
81.42,20.999565817795744,43.92875823651074,13.184713917738668
81.43,22.604840185748916,43.436573816726735,13.31279287783976
81.44,24.218397307564295,43.015856236093214,13.414650659557223
81.45,25.73293858664258,42.498730910959814,13.412649850691475
81.46000000000001,27.228617728122142,42.04502681664336,13.637749410624048
81.47,28.669686197921937,41.339299530929914,13.789754465169954
81.48,30.25638170683816,40.75177275757365,13.98845876939728
81.49,31.502306074614765,39.74324606428224,14.180951703979831
81.5,33.04785916853001,39.28288812497985,14.24045696816644
81.51,34.30730966434748,38.49978061913485,14.624169979568602
81.52,35.689145926068214,37.79894345088605,14.813335192447695
81.53,36.74005101700767,37.00220724586706,15.153020706795742
81.54,38.04905831298468,36.30949790077925,15.15689843195156
81.55,38.89744813061861,35.53932738847178,15.553599980315957
81.56,40.20859588322693,34.66760035040686,15.73341406676183
81.57000000000001,41.14071080611927,33.92922893035494,16.13917568931772
81.58,42.096068436721026,33.0926984642497,16.246534032441232
81.59,43.09108663238514,32.062097466156814,16.656869141989123
81.60000000000001,44.04821797117957,31.126127204111786,17.05705627985035
81.61,44.591191995990656,30.482788657366928,17.335906639908966
81.62,45.459835079634864,29.60510329284688,17.568908283218903
81.63,46.168926859489396,28.512343878860616,17.924048087912983
81.64,46.95278580701953,27.855038480164957,18.225120061267123
81.65,47.507560819545574,26.90390991895487,18.656045384636897
81.66,48.321850127396765,25.98102356718805,18.76699667394181
81.67,49.03766085115499,25.258225489878125,19.227573740058595
81.68,49.14654944483733,24.336887292287955,19.686459873614105
81.69,50.010708788416416,23.395861069309003,19.962857472839854
81.7,50.26953910319233,22.72457266786569,20.231465848333052
81.71000000000001,50.5042724440571,21.82232171838262,20.59463426517191
81.72,51.151825969218045,21.134884420014462,20.996623399292954
81.73,51.61679353661995,20.172196036565538,21.069838648281912
81.74,51.893910925611046,19.618458886280077,21.479031628144327
81.75,52.04455309111808,18.74340410897833,21.94702823967772
81.76,52.312319786836454,17.963068952915254,22.258328745898215
81.77,52.542165859949165,17.221489760877244,22.556370738470612
81.78,52.77127102826082,16.561573653871935,22.78061396192519
81.79,53.035124822772126,15.836187032974237,23.173860072291852
81.8,53.16707486291692,15.330518827371105,23.477202515100796
81.81,53.28783569618422,14.725816744922492,23.553663630751547
81.82000000000001,53.34207916258391,13.980403838550805,23.88968137076146
81.83,53.6416004335843,13.318617447173207,24.33466037182236
81.84,53.62122079967161,12.69808923123926,24.41841727067947
81.85000000000001,53.626318427231645,12.332948518830893,24.79846905363053
81.86,53.928028011312264,11.721793494134257,24.921427224695947
81.87,53.767214749809625,11.472737976069618,25.28153338988703
81.88,53.67062451328529,10.909766809268364,25.58645641508425
81.89,53.759206494414826,10.424914139252413,25.81811857385794
81.9,53.852481151326536,9.972377956049776,26.078012374765006
81.91,53.715090188488126,9.761701975106826,26.35483805770227
81.92,53.85077261276017,9.279455773140702,26.550739603349033
81.93,53.924614318582165,8.878212221742077,26.6573297768091
81.94,53.616070877624836,8.63718940814838,26.60365620097943
81.95,54.070114470530534,8.416987137501195,27.012469416521025
81.96000000000001,53.67780412474299,8.06189076743481,27.082509901743297
81.97,53.782845475398965,7.885383717964551,27.309348821492204
81.98,53.57324336238826,7.502054152562419,27.4339185040866
81.99,53.65213274938926,7.412075518827023,27.633353908043457
82.0,53.42324351935286,7.519962825716852,27.840880116698024
82.01,53.47528347994305,7.157405818788895,27.916322399307205
82.02,53.365434405055915,7.251027393626292,28.019179483585514
82.03,53.34050410349544,7.1363455774003235,28.148327094527303
82.04,53.10854149891981,7.057037104976436,28.08847653687912
82.05,53.485675463534925,7.427436909107124,28.342516083226773
82.06,53.14334033353246,7.202534134224362,28.366585620918315
82.07000000000001,53.06810753607286,7.275972151583455,28.36997119907002
82.08,53.16551167481147,6.97831147423001,28.600213022043896
82.09,53.165280221767524,7.4207961926260095,28.405203405078904
82.10000000000001,53.14439438055672,7.592272852343326,28.551470744837584
82.11,52.997130831512386,7.824510004172499,28.641674089433575
82.12,53.10626291336331,7.961890916641713,28.39793371574561
82.13,52.89333837139144,8.12782101357412,28.449403361839117
82.14,52.869338552176195,8.366506365216827,28.367491677599848
82.15,52.898671322563104,8.60974707519059,28.610928284220684
82.16,52.73025824443367,8.795430770668473,28.24087753506681
82.17,52.59685300435285,9.218713900408723,28.214081649051213
82.18,52.6749688000966,9.709458703880543,28.197038458216134
82.19,52.592750654400156,9.912397213474454,28.059568643198283
82.2,52.66787825087528,10.348755849649507,27.83510729986572
82.21000000000001,52.59761056603621,11.037810065840471,27.755953662491525
82.22,52.27854688906466,11.075198723648931,27.876431627049072
82.23,52.418535920600696,11.51841843143592,27.462601580483344
82.24,52.43929955136685,12.135631557191068,27.210519771947133
82.25,52.315754762740994,12.591662626496976,27.11537149828108
82.26,52.344156119280775,13.224907806798347,26.94164155751045
82.27,52.14734742325036,13.718682670881417,26.558330559567707
82.28,51.90099973228665,14.230482102567246,26.330104002585774
82.29,51.83570526904672,14.909027705881002,26.055865716689773
82.3,51.76826248706741,15.466520038942637,25.532883761236562
82.31,51.56560883343844,16.156353129190165,25.468141502469567
82.32000000000001,51.55836831098637,16.93477326058799,25.134354394663593
82.33,51.32299195770304,17.61921491293664,24.740825830269124
82.34,51.17270693378128,18.014769276296608,24.443710142072188
82.35000000000001,50.819661957266696,18.993126467588276,24.018338203132004
82.36,50.680376695267974,19.47144616542339,23.61868816957622
82.37,50.478949341272745,20.33768262177434,22.992323965528538
82.38,50.14094113504982,21.092880209370634,22.854879451747557
82.39,49.724579093108034,21.844703348271246,22.181807493984444
82.4,49.46703924867573,22.747953766501247,21.850824409368414
82.41,49.12018380699559,23.658870441666075,21.220159804617293
82.42,48.68161082145725,24.463018670920867,20.699283007686912
82.43,48.51353904828593,25.233997440792482,20.25571462756018
82.44,47.88319572238086,26.06369471389285,19.58199621897524
82.45,47.56139096905752,26.84153058982878,18.893218268517792
82.46000000000001,47.03607918180128,27.639500446122796,18.283185038651848
82.47,46.56896142603332,28.534215524333913,17.687983787576268
82.48,45.93601988805787,29.411820913386922,17.178597870079283
82.49,45.37950910500294,30.16492254376566,16.56980276690182
82.5,44.65844274234087,31.11967373338152,15.921251760667309
82.51,43.921786634563595,31.769511454465924,15.176495629608143
82.52,43.17478949812559,32.66660507057635,14.53788653892154
82.53,42.22551898593767,33.65077941239995,13.871235431967555
82.54,41.461421133553216,34.450302075816445,12.972834477413112
82.55,40.73802129907277,35.24199690830525,12.223723338398827
82.56,39.828522550422896,36.00165788253622,11.46351452050554
82.57000000000001,38.65538217277803,36.96111344582276,10.774623684939579
82.58,37.7155443299876,37.81250531617836,9.996859128498407
82.59,36.90666591748871,38.28310187054653,9.121403461635877
82.60000000000001,35.658861967630465,39.20694080838512,8.521784957452617
82.61,34.39340607553904,40.029824361439395,7.382677408197125
82.62,33.33831964163231,40.67476854842804,6.8255660673388725
82.63,31.81908373108157,41.40409488830266,5.8879530648146465
82.64,30.770779378565322,41.96075498800378,5.075324205797857
82.65,29.034346517489396,42.44773386946948,4.209273621287873
82.66,27.8950454165625,43.079380760982914,3.1164200923579157
82.67,26.30612881654903,43.64666419816215,2.433994016821323
82.68,24.723249344391018,43.864229065850274,1.9009446958917289
82.69,23.064621045728288,44.45486121444561,0.9154319079526823
82.7,21.667657219619944,45.15275923475347,-0.053476588865549374
82.71000000000001,19.79051694731893,45.279973191861416,-0.7872770627881943
82.72,18.330383065952496,45.67075899248997,-1.5392026736455893
82.73,16.28203307601119,45.701373105165416,-2.480106944274467
82.74,14.558996601767054,46.07299233073423,-3.098780647348801
82.75,12.76900182588807,45.92598832447346,-4.211978968782213
82.76,11.003924709323574,46.309470252034636,-4.57126062019825
82.77,8.859028384962402,46.29039289708905,-5.548706084449906
82.78,7.073168319964132,45.89917007602135,-5.984440876903628
82.79,5.098946042015893,45.9873504926796,-6.743358688074689
82.8,3.0446058441381676,45.689978974586204,-7.486145937771711
82.81,0.9881919864451028,45.6641100548776,-8.14043244154931
82.82000000000001,-1.1802269248159838,45.28908929002812,-8.765721812551348
82.83,-3.184181886065743,44.824910201921924,-9.430522064346627
82.84,-5.16371281313273,44.173837164685864,-9.822065334004835
82.85000000000001,-7.355630224592023,43.75591932160277,-10.330601704646423
82.86,-9.41443957520037,43.23594959131185,-10.94977044850291
82.87,-11.450192894015457,42.46861629032189,-11.547931140280769
82.88,-13.668567199197723,41.548033505169606,-11.79724975430607
82.89,-15.688986244506838,40.69687682090137,-12.082960515661403
82.9,-17.73412787250106,39.89835828828398,-12.477063937919617
82.91,-19.533100113646277,38.789930358137504,-12.522330132608296
82.92,-21.58916985906082,37.617099818279755,-12.837458112244683
82.93,-23.65953575712452,36.51636022174366,-13.049240110215605
82.94,-25.894842235044916,35.22537804780891,-12.92195659221214
82.95,-27.623001913745775,33.78612169860975,-13.276158311259922
82.96000000000001,-29.524402708251593,32.61449397921608,-13.16007796218609
82.97,-31.334350327553445,30.99196584543607,-13.016520050960606
82.98,-33.2116291693713,29.485791499632448,-13.066036541644477
82.99,-34.87321609578683,27.79156413835542,-12.95838000713037
83.0,-36.725205184291525,26.148016006298914,-12.780455095246078
83.01,-38.10630773241066,24.42943063582703,-12.430788192954967
83.02,-39.63328040332846,22.67096323367891,-12.196288057642837
83.03,-41.247979741755614,20.916216173134874,-11.769412706636386
83.04,-42.486241364819435,19.03352507258528,-11.012583440706566
83.05,-43.802553275969025,17.122670230671506,-10.596328759514533
83.06,-44.95931487857922,14.986327182745221,-9.941735393915373
83.07000000000001,-45.945031689744766,12.95478101729241,-9.466933105612682
83.08,-46.91969243016245,11.096179271821194,-8.770841117307205
83.09,-47.94498462073641,8.845026153813873,-8.116460674606092
83.10000000000001,-48.530091873172516,6.947628777450105,-7.098158935794025
83.11,-49.29405018311052,4.716804476016736,-6.293753923299687
83.12,-49.92961295099612,2.704564737560741,-5.494226596286162
83.13,-50.166666098730424,0.4932818326775772,-4.386568430985202
83.14,-50.636413184843434,-1.6174805782348145,-3.5804223125358225
83.15,-50.706994782981226,-3.8461879097321288,-2.48731485849964
83.16,-50.77685233886603,-6.026460906861947,-1.4915103163355137
83.17,-50.60825600656181,-8.065514736322044,-0.241729830639881
83.18,-50.24851480181648,-10.196012204528696,0.9250170392453082
83.19,-50.06678180442381,-12.154495236059432,2.1721049952911478
83.2,-49.59307757456637,-14.340465494252697,3.347625934460055
83.21000000000001,-48.88966522125082,-16.386540828906657,4.62214198328892
83.22,-48.22950790099722,-18.17033034577774,5.782561854824042
83.23,-47.53383306972886,-20.210371960150653,7.421670311800706
83.24,-46.55813749998041,-22.263479479007987,8.656577921513724
83.25,-45.360702438833265,-23.821842713370632,10.134298534346653
83.26,-44.262791325860796,-25.73751390722117,11.474876049810305
83.27,-42.85805069184863,-27.399076528872516,12.87746259596989
83.28,-41.52595815554092,-28.97232507909293,14.041047961538656
83.29,-40.1172687754054,-30.509808232147922,15.585846761756137
83.3,-38.4394962616455,-31.976980097636755,17.1418409429036
83.31,-36.632613407690215,-33.32548032617452,18.27440393584519
83.32000000000001,-34.68861443241513,-34.520763900728404,19.791788925220864
83.33,-32.917706600052526,-35.71898969613408,21.00993804991098
83.34,-30.780831968492777,-36.77163109332408,22.176301654225338
83.35000000000001,-28.62983212543103,-37.75963992265979,23.651099529141895
83.36,-26.4870776240593,-38.595973063998485,24.958776952164396
83.37,-24.131439713292952,-39.45711020514846,26.14572655653161
83.38,-21.932006609797853,-40.02839155134631,27.553967640747775
83.39,-19.334061711910618,-40.68390112821369,28.701819519905932
83.4,-17.097956086167148,-41.15779673155663,29.755632955446625
83.41,-14.654179987040457,-41.282622884294085,31.133226555545058
83.42,-12.016697900526031,-41.584419649125614,32.098486825528305
83.43,-9.589213964437741,-41.77735112059033,33.17026811516509
83.44,-6.996932519180355,-41.66953662095029,33.945509374267715
83.45,-4.119214490386923,-41.537704550875475,34.853705285381025
83.46000000000001,-1.4351749389912472,-41.232119947040694,35.607979404638634
83.47,0.9667860250865036,-41.101249482068525,36.40526026615211
83.48,3.7856173375075737,-40.68012454845593,36.971977924613476
83.49,6.532703075794389,-39.82777737761686,37.75616814831759
83.5,8.943312597498375,-39.21218910376098,38.22643962073186
83.51,11.671150831916774,-38.75727380339214,38.63951559941173
83.52,14.124036291296147,-37.63445563042911,39.27318356030348
83.53,17.038655896366006,-36.620188840223626,39.37403117514387
83.54,19.204450557134976,-35.64657875677663,39.792967882406955
83.55,21.511218541659236,-34.61481452127995,40.062610636448966
83.56,23.947120047323533,-33.3743688604207,39.935181537038694
83.57000000000001,26.40792248692764,-32.13963607089142,40.0803225785992
83.58,28.714553271463387,-30.62890075494172,39.9492787432339
83.59,30.881522005078647,-29.232591227346646,39.88926500790674
83.60000000000001,33.186621502085316,-27.924019326990788,39.72013266141363
83.61,35.38921837753811,-26.147128801802392,39.366126402043996
83.62,37.35473188775315,-24.65401282879409,38.98314756727188
83.63,39.133174547336495,-22.73425744592297,38.47308592176268
83.64,40.79595197990948,-21.188682853038422,37.908111718448026
83.65,42.48807389469648,-19.559484446193828,37.38560656519343
83.66,44.29178101809668,-17.61267753773366,36.70512330708611
83.67,45.94197954825225,-15.893749114354176,36.095182346660835
83.68,47.54698990736363,-13.943467147714596,35.17791179809082
83.69,48.841582254550126,-12.204988237915321,34.50671809078798
83.7,50.215669204170425,-10.285771975333473,33.44148898632786
83.71000000000001,51.14297019256801,-8.358651135998167,32.27290934568933
83.72,52.21999562511442,-6.460135444694762,31.26593453050303
83.73,53.3301640357974,-4.465788622100909,30.03622273165801
83.74,53.657229999499194,-2.7786045646439357,29.00222864479168
83.75,54.77828737642931,-0.5875005271263182,27.706266752031397
83.76,55.230752258089446,1.2158340943266648,26.326957068803686
83.77,55.871831723875424,2.8721432271591136,25.09780712558617
83.78,56.374524403305834,4.680662278871518,23.761711446932203
83.79,56.77535248907958,6.61094816651559,22.33905449098373
83.8,56.85602132175468,8.189178937081248,20.72343142978238
83.81,56.90615556670266,9.709189590211592,19.27775077870267
83.82000000000001,56.870449934681126,11.533492061222265,17.632983699210296
83.83,56.78171454486101,13.35921120522199,16.165572093184867
83.84,56.734593858852264,14.780774923242953,14.615766182061414
83.85000000000001,56.545107798401446,16.317711151225204,12.882485405732128
83.86,56.15900041966659,17.836225535159034,11.484623472604126
83.87,55.552487493575015,19.161513941212668,9.520795551597484
83.88,55.22997571169651,20.6595327039186,7.997448906625369
83.89,54.669187969516955,22.093126677787005,6.397225844924227
83.9,53.89035180994752,23.159175827159775,4.677206644158075
83.91,53.21182924905069,24.317693925599922,2.8025709710671225
83.92,52.2768913321417,25.705041196065714,1.2781301443072228
83.93,51.454342520682665,26.644829844175902,-0.47599389864946456
83.94,50.5864370491054,27.563850019623537,-2.1957722024898763
83.95,49.52201688295229,28.371830374488077,-3.7772095030767003
83.96000000000001,48.395621637238946,29.244885317288997,-5.3341282181768745
83.97,47.32723184771574,29.924297853705696,-7.090034293233386
83.98,46.070327087820885,30.94283417979438,-8.73591682459368
83.99,45.03963329404118,31.546633631884735,-10.325700494878332
84.0,43.683229811625566,32.04430409291415,-11.946221035126477
84.01,42.57541955717038,32.59103965643869,-13.474866661479318
84.02,41.26877224952218,32.96011222105892,-15.279679126118669
84.03,39.864163829723864,33.37447232354788,-16.63473599832694
84.04,38.22017638549241,33.69829186888642,-18.01523107420349
84.05,36.92424848805314,33.80382413518447,-19.572958058901087
84.06,35.33919522217344,33.99828290693163,-21.056550942738014
84.07000000000001,33.967137268485494,34.345782870059395,-22.20230955919036
84.08,32.36416055757911,34.43147532860859,-23.66638689254868
84.09,30.775835699819407,34.33436878370664,-24.942769308600955
84.10000000000001,29.126489386527112,34.35820096072623,-26.130058322638956
84.11,27.839311961958536,34.12139833841528,-27.40233530295592
84.12,26.2187632235382,34.094311431601064,-28.579572456602662
84.13,24.537766451605588,33.76127621483932,-29.772691130340025
84.14,23.01029264050354,33.70591788447496,-30.83803003789917
84.15,21.67458881104014,33.2219605122667,-31.9340345232472
84.16,19.8677263490243,32.87613929391463,-32.974748466915386
84.17,18.186146199686032,32.569031821398326,-34.010453619245055
84.18,16.71144732684612,32.23223334218638,-34.86896212401553
84.19,15.255316272020458,31.762822284940597,-35.83795050893602
84.2,13.754438257246191,31.22784059406893,-36.72340941969789
84.21000000000001,11.939663275722019,30.565604687556004,-37.236292979038176
84.22,10.663304292158179,30.10563251126464,-37.96440431596165
84.23,8.833148617532096,29.70799723194032,-38.73171658057133
84.24,7.455583590224248,29.038871002126566,-39.22764671384468
84.25,5.983013481393576,28.328655879879513,-40.007210741070466
84.26,4.394989821036314,27.783732832476726,-40.48786493853521
84.27,2.79205097766896,26.901899167198646,-40.897257819974485
84.28,1.7026183872914145,26.41775384219528,-41.297467460383025
84.29,0.24795410123407233,25.674543489806286,-41.699951817008895
84.3,-1.4250450907861654,24.751530635582622,-41.93539680508373
84.31,-2.5790768679532263,24.209504751074206,-42.25028824429994
84.32000000000001,-4.252009159111577,23.464761335206614,-42.51249527419788
84.33,-5.585539093773232,22.854556623484058,-42.58968144387792
84.34,-6.947882525855334,22.17336999544708,-42.5722415387886
84.35000000000001,-8.292001393519607,21.303151472280206,-42.98294705920135
84.36,-9.451285505329402,20.512140805699193,-42.858049214846424
84.37,-10.964024133379883,19.695444072916352,-43.04963970386717
84.38,-12.118575467267396,19.18585803925199,-42.91853994791523
84.39,-13.316855741817546,18.341981653225254,-42.78399309303848
84.4,-14.595431562892776,17.92042762594445,-42.63807701582627
84.41,-15.842516112108262,16.984188743793112,-42.64172863857339
84.42,-17.114395438628318,16.2123350656494,-42.33235743491426
84.43,-18.325029167992923,15.752073327936783,-42.30450312490637
84.44,-19.519427786473425,15.157190482227946,-41.96229738162607
84.45,-20.54153001518648,14.466693408982822,-41.467134618392684
84.46000000000001,-21.656181792819854,13.921254366908014,-41.3091471187559
84.47,-22.70161162075426,13.374925790893263,-40.851433688319936
84.48,-23.795778461234537,12.909878818665081,-40.475250224091134
84.49,-24.84519207418257,12.374213716820039,-39.995853427264464
84.5,-25.80146513513224,11.784787025855918,-39.636665175462994
84.51,-26.742178612021267,11.043791704519895,-39.080163705125926
84.52,-27.99378705330116,10.873263815150528,-38.559488007596975
84.53,-28.627458955070008,10.453857641084735,-37.747431807188875
84.54,-29.799007146402964,10.107953824459683,-37.32132521072175
84.55,-30.435487712323898,9.624994246677343,-36.642911295736276
84.56,-31.570121918440393,9.406557586019048,-36.05793203778502
84.57000000000001,-32.175767975996706,9.087967112670176,-35.44002964063854
84.58,-32.89841810948315,8.84316853333808,-34.59918640786926
84.59,-33.75155751472309,8.888783987706674,-34.16848781803879
84.60000000000001,-34.64743403091465,8.667656642808172,-33.280267685043405
84.61,-35.22938568963989,8.382412728855,-32.64309382935329
84.62,-35.93538412915433,8.445773995995419,-31.88165607179641
84.63,-36.600175879763036,8.286272538231024,-31.129796089508655
84.64,-37.15457316411144,8.31293263291275,-30.50408502784312
84.65,-37.944069645075196,8.397463698938976,-29.68026130603513
84.66,-38.55937671256554,8.487158305714228,-28.960732211859188
84.67,-39.20921770364692,8.787490776743283,-27.95577161754828
84.68,-39.501186825450986,8.697837581391376,-27.39124645529969
84.69,-40.12068899488846,9.068276311875001,-26.52298704509683
84.7,-40.3401434578065,9.14414844396566,-25.685421303418092
84.71000000000001,-40.71998721318662,9.517256079439163,-24.97691449336872
84.72,-41.13323917685938,9.679517001433355,-24.16365551424207
84.73,-41.64406479433487,10.144034858310903,-23.280096762485467
84.74,-41.685471485312036,10.52436822944272,-22.658092609163933
84.75,-41.930403849461115,10.922000446393396,-21.898609144629088
84.76,-42.231007608868474,11.73630755085317,-21.019522561323583
84.77,-42.32875539249661,11.971845881197591,-20.209605110354698
84.78,-42.64134296671384,12.586775215575162,-19.69716041352148
84.79,-42.75813714068581,13.068223724687096,-18.841340185422876
84.8,-42.694586005355,13.723868726234707,-18.19112657508551
84.81,-42.67636824198337,14.412138078633589,-17.366439296278894
84.82000000000001,-42.57538010662065,15.208219936020608,-16.801794880194045
84.83,-42.24820463799718,15.79016813885121,-16.247730973721584
84.84,-42.326273682287756,16.54580398829044,-15.525463717405387
84.85000000000001,-42.052076857096,17.364030536467247,-15.031888106217266
84.86,-41.89363973537773,18.179580425447437,-14.463968984509311
84.87,-41.411136260302754,19.0048502222169,-13.820522388788248
84.88,-41.25280401629433,19.837923578315273,-13.187660055941764
84.89,-41.00526782793689,20.727173459068045,-12.480327667094507
84.9,-40.227084100934746,21.713842319066867,-12.216863055448798
84.91,-39.76172916700798,22.752200796285354,-11.669228246700499
84.92,-39.4042080714761,23.353469934270635,-11.541980467830339
84.93,-38.76285789480629,24.34780711900707,-10.982084833964764
84.94,-38.15089872673822,25.16857206839189,-10.562228836333933
84.95,-37.29675780698556,26.161596343073757,-10.392010182650694
84.96000000000001,-36.53748322793099,27.22407402176203,-9.912665726975634
84.97,-35.81747053655545,28.200454364480763,-9.87704660489447
84.98,-34.71112653066094,28.98640537410685,-9.537965201804326
84.99,-34.14787773789289,30.024658205606713,-9.29176407091562
85.0,-32.939404308131586,30.794979597779506,-9.235335282971672
85.01,-31.877442486011205,31.973482474345438,-8.974057042828164
85.02,-30.939135280680794,32.74425010952954,-8.970032933133668
85.03,-29.616764880732116,33.66468765976235,-8.946549812664866
85.04,-28.50954346321104,34.70399862725388,-8.75578327065902
85.05,-27.263212127850846,35.315208089901745,-8.811887559386752
85.06,-25.799568906802534,36.215898216939074,-8.932318351939347
85.07000000000001,-24.753259527802566,36.84270280631698,-8.928788031492276
85.08,-23.28032931951693,37.84155177179901,-9.081267909069025
85.09,-21.908886946945277,38.466889999418825,-9.358111639743584
85.10000000000001,-20.38225054748824,39.2025543717802,-9.465420851904986
85.11,-18.942815430474692,40.03239974579989,-9.756986276847604
85.12,-17.31692041021115,40.61837910083927,-10.065303979015654
85.13,-15.902658464258675,41.13510157078329,-10.286944332651924
85.14,-14.218642592857382,41.704988438848744,-10.678593301221099
85.15,-12.38384754556924,42.17035985857085,-11.104358770108767
85.16,-10.76875756895849,42.583776919973594,-11.422139944539728
85.17,-9.06516887355695,42.93443834941838,-12.02373061894133
85.18,-7.461100912405995,43.36142397022167,-12.351497007261589
85.19,-5.581465026373703,43.53420271495176,-12.84406577201
85.2,-3.727076274376924,43.84199934771309,-13.262193098782078
85.21000000000001,-2.006091442346329,43.93215902084384,-13.866335905764458
85.22,-0.06018787675363571,43.95008871802667,-14.543332969672319
85.23,1.6404120572325276,44.03397038674575,-15.078845678476524
85.24,3.343902003372469,44.02472018323581,-15.884083531889944
85.25,5.182869775119709,43.78029296038596,-16.395817141053218
85.26,7.1064882374891685,43.56753473389396,-17.02502646156889
85.27,8.94856409780595,43.34651178788996,-17.70581641713926
85.28,10.666900025857482,43.0108562318024,-18.44800381220322
85.29,12.386734411675508,42.56515569777435,-19.11631992759865
85.3,14.293524852447234,42.18040016332456,-19.839797104383393
85.31,15.901568805956153,41.553647637114764,-20.642292774703062
85.32000000000001,17.623298768035,40.97232916161224,-21.130476547744525
85.33,19.309344232538596,40.20417009504576,-22.03438816090325
85.34,21.109822861037472,39.45120543017186,-22.72597620523116
85.35000000000001,22.682130170817057,38.61075887145529,-23.39035989931722
85.36,24.295124229426644,37.74540558066208,-23.995828005564736
85.37,25.750967361805827,36.59909734109705,-25.108130364428604
85.38,27.24515218151114,35.57080040584495,-25.517437429062316
85.39,28.70419137200406,34.452794417371265,-26.361519796777927
85.4,30.037778849175805,33.41042163172771,-27.00556956344259
85.41,31.51750113354878,32.30089545682539,-27.66599759081797
85.42,32.67638011208578,30.799397418235394,-28.486694117274105
85.43,34.14451469751379,29.32754968776826,-28.95046211229134
85.44,35.13522203576668,28.155166642309997,-29.56095715374956
85.45,36.163367547965144,26.634588845631516,-30.47395520479581
85.46000000000001,37.12451428965426,25.188453562655713,-30.94640152090295
85.47,38.133283406382645,23.593698042255024,-31.659703858894297
85.48,39.18601716431364,22.171542688556624,-32.21328200404203
85.49,39.96109041269158,20.341279486457914,-33.05802806491369
85.5,40.54452320399229,18.853266997882844,-33.38781148848431
85.51,41.12098296437182,17.07135140592949,-33.938051372920846
85.52,41.76463516588462,15.163844140539215,-34.31527265159713
85.53,42.34636743881814,13.551879453055044,-34.88170021936147
85.54,42.79675511056895,11.52990943805128,-35.214809990763115
85.55,42.88900143054243,9.829891599718731,-35.747312491773684
85.56,43.08430678677338,8.112078206691868,-36.07661463443389
85.57000000000001,43.450694829956404,6.353368550584629,-36.74126297479678
85.58,43.420205496932674,4.335704581692968,-36.78311508114096
85.59,43.33323632101403,2.4938446482051884,-37.172469198959156
85.60000000000001,43.48108846168493,0.7438684169972279,-37.62762646398776
85.61,43.07231834394547,-0.9908508317268923,-37.571164249005896
85.62,42.60677914723785,-2.967457554853192,-37.885794034533625
85.63,42.277800697741725,-5.07366793225245,-38.129509288150004
85.64,42.06774211071133,-6.505928530672846,-38.31933433423434
85.65,41.64942972684251,-8.213318398023809,-38.44979279118511
85.66,41.05145580813229,-10.014967504990631,-38.23244353739112
85.67,40.33202110371311,-11.873936421887773,-38.49927004248756
85.68,39.38957788256989,-13.449959120857537,-38.37885426500772
85.69,38.81726105475114,-15.246682062907057,-38.4479715098229
85.7,37.72554934103549,-16.930191189017584,-38.55417286011082
85.71000000000001,36.92856823020687,-18.534172730455264,-38.361545570230106
85.72,35.95512210763167,-20.084012555982657,-38.48429675749607
85.73,34.89448210347747,-21.587230921093145,-38.33384258136511
85.74,33.75851401947666,-23.02697899239869,-38.33736741537419
85.75,32.43971698359677,-24.444213949028317,-38.135152213748434
85.76,31.378461330176627,-25.758118488695615,-37.90912269377588
85.77,30.152813492248264,-27.025644103329572,-37.660742631608386
85.78,28.80079485843979,-28.24925321205923,-37.36062075614319
85.79,27.190012374494117,-29.71247846782287,-37.26477486273166
85.8,26.045570652228886,-30.84160171894355,-36.950579028422894
85.81,24.59253548446429,-31.895108224295438,-36.74305100545433
85.82000000000001,23.16812724881126,-32.79066799805019,-36.35072616735718
85.83,21.42140835747328,-33.6932314075883,-36.09009365637983
85.84,19.97580074305563,-34.658945102760114,-35.64914865337991
85.85000000000001,18.31238602224289,-35.53603729792354,-35.456598238244396
85.86,16.984037378731692,-36.384471265955995,-35.062726308035984
85.87,15.230203488915707,-37.301171472375295,-34.58456581940999
85.88,13.970102897883011,-37.637517546498806,-34.545109541381194
85.89,12.233410372510319,-38.35074206161432,-34.010241679652566
85.9,10.608299298706202,-39.09848187630082,-33.60208958775909
85.91,8.823320340514377,-39.36600745225116,-33.22879349656085
85.92,7.347011087702898,-39.80125156370276,-32.95389542133311
85.93,5.846535289420707,-40.28632831439666,-32.568741990905444
85.94,4.2149748097440884,-40.47981316772481,-32.28044689598635
85.95,2.6066726354198244,-40.756229383786284,-31.886429552143284
85.96000000000001,0.8908378939221823,-40.84252323333472,-31.54553467554338
85.97,-0.22529056934026645,-41.079152162208906,-31.23248585802843
85.98,-2.196097510111502,-41.33678162412529,-30.903193914678326
85.99,-3.3561251134417565,-41.04945182536131,-30.47257800255389
86.0,-4.836926712340577,-41.062321811252446,-30.207119628961635
86.01,-6.348117143883332,-41.24485104988856,-29.81900487196763
86.02,-7.788549129725582,-41.13390206927313,-29.658431162713825
86.03,-9.095297687594003,-41.10178436645633,-29.204994659995382
86.04,-10.702500166426027,-40.663932825195985,-28.886856495057874
86.05,-11.875474152647708,-40.522325078010034,-28.717664298972142
86.06,-13.27267301397014,-40.30772534142167,-28.280593392169806
86.07000000000001,-14.651146162662597,-39.99693041619433,-28.378055178909857
86.08,-15.631608700303103,-39.56672717031,-28.066919485955225
86.09,-17.04693653874568,-39.01210070927498,-27.996072211169487
86.10000000000001,-18.078763513013378,-38.973534281072695,-27.543569754587317
86.11,-19.241343823635585,-38.29411750942632,-27.51190538237188
86.12,-20.45500057069665,-37.82124056278528,-27.254100351223105
86.13,-21.472900269187562,-37.47847390429988,-27.258350293466044
86.14,-22.412471933611116,-36.856381710048346,-26.992923592358576
86.15,-23.454157908399647,-36.37921867011264,-26.845751048241326
86.16,-24.29197182788257,-35.6857657919677,-26.71239643253669
86.17,-25.198525810390755,-35.239756611207014,-26.602274443055197
86.18,-26.09571294370066,-34.70692620675258,-26.639302845498143
86.19,-26.964998018714244,-33.91116714701508,-26.65978080570662
86.2,-27.858785640707325,-33.45575180667226,-26.550754226792524
86.21000000000001,-28.188283446218087,-32.86129301804729,-26.49385196107398
86.22,-28.97183061988972,-32.38074842124784,-26.48217339458028
86.23,-29.717465312621062,-31.55793847111617,-26.456888432243236
86.24,-30.124790765566562,-31.09827201333236,-26.60257828821119
86.25,-30.928356375797982,-30.385568634549205,-26.86363051383844
86.26,-31.60816144485471,-29.758277342823252,-26.937760901310728
86.27,-31.970666024888097,-29.287244047689644,-26.759022776088294
86.28,-32.42636372676831,-28.505054694767594,-26.962693363835655
86.29,-32.60745340753402,-27.77599681273529,-27.326726448073593
86.3,-33.175568777133044,-27.176845003738784,-27.330060946392027
86.31,-33.4089733730312,-26.71360063674232,-27.633954026143744
86.32000000000001,-33.7782582861632,-25.88704035054109,-27.604521543053725
86.33,-34.063178218172446,-25.454252207523577,-27.758905971487266
86.34,-34.05648230004907,-24.964447631154208,-28.289380456180236
86.35000000000001,-34.38219953729182,-24.39732582138841,-28.086107728915128
86.36,-34.470699866544265,-23.66928414238631,-28.68294243774898
86.37,-34.66157669402907,-23.461358859308696,-28.91674309690228
86.38,-34.69142710251152,-22.977754788206433,-29.2741118486283
86.39,-34.6091077075719,-22.248721439665943,-29.609683366564784
86.4,-34.9885557020504,-21.95028433765711,-29.89812828465568
86.41,-34.85944900810154,-21.431229204254986,-30.156838183115042
86.42,-34.76337743601872,-20.927211637796393,-30.36485270278473
86.43,-34.68321799648565,-20.582304947392423,-30.841031792049247
86.44,-34.54457229519441,-20.16299648690098,-31.086598873264442
86.45,-34.41489944496548,-19.690300801667135,-31.4309134301479
86.46000000000001,-34.25089487525961,-19.26198069057055,-31.854100235716313
86.47,-34.028267185329874,-18.98741909612039,-32.25939864749006
86.48,-33.906873342206566,-18.73635204575093,-32.59799109944165
86.49,-33.56892156288134,-18.411249415549868,-33.135534525856244
86.5,-33.34534603626514,-18.208430305649845,-33.33166722520218
86.51,-33.00764431505977,-17.784433456376554,-33.7836594423578
86.52,-32.66571281908015,-17.507213642617117,-34.12579112828875
86.53,-32.41990519051939,-17.45119944903221,-34.61564778386391
86.54,-32.16362790567153,-17.15949274785794,-35.14470115009923
86.55,-31.487838170588738,-16.905088080814526,-35.37697154531986
86.56,-31.08570159889089,-16.99634936997796,-35.949846513502614
86.57000000000001,-30.829235867758072,-16.779167610281394,-36.405165947286235
86.58,-30.204474063422385,-16.65270273691713,-36.81042034884414
86.59,-29.960729762670532,-16.552175183685858,-37.338058987926985
86.60000000000001,-29.5019563254948,-16.296057829348243,-37.78545672161028
86.61,-28.766985270737205,-16.307905065956284,-38.19287351576504
86.62,-28.309161281894884,-16.408213740653608,-38.436181900046314
86.63,-27.649719757933447,-16.256062049521805,-39.05293199197813
86.64,-27.180726596251127,-16.172090692414244,-39.37819923587004
86.65,-26.414977469316938,-16.22337726969584,-39.90179600784119
86.66,-26.04988384263044,-16.232339457196364,-40.23412673022606
86.67,-25.286702519778324,-16.3130091432908,-40.73347955291675
86.68,-24.469442100128205,-16.40656390859629,-41.24071745643639
86.69,-23.83827088491257,-16.526150262420266,-41.55351122732027
86.7,-23.093472522476574,-16.514046017428377,-41.98627363520786
86.71000000000001,-22.456964925723216,-16.72854722056905,-42.38247812479741
86.72,-21.583458261405468,-16.609836728747393,-42.63403457603878
86.73,-20.84099008090871,-16.896119045401978,-42.93787783311042
86.74,-19.895698031348527,-17.011448908782384,-43.39031936546656
86.75,-19.111956761313195,-17.106121283600622,-43.902164183076685
86.76,-18.156888647620036,-17.286413149833756,-44.224765547886854
86.77,-17.324642563108043,-17.38100269491349,-44.456236238400045
86.78,-16.258574558351214,-17.498921062700422,-44.870533822123384
86.79,-15.50374191596184,-17.75673738452877,-45.06122506720293
86.8,-14.376426136522308,-17.88170903575588,-45.331295272668626
86.81,-13.353644738965553,-17.950068356615382,-45.72096883930654
86.82000000000001,-12.339326207850096,-18.06141969570309,-46.010721360585194
86.83,-11.180523742932683,-18.40883305388175,-46.32937776709581
86.84,-10.089952566183614,-18.477498256672277,-46.48029074161432
86.85000000000001,-9.219479774920888,-18.694495840759807,-46.712533738599404
86.86,-7.886064402857023,-18.69426402533192,-47.000407360699505
86.87,-7.013701066195733,-18.992601952925977,-47.31862687165525
86.88,-5.80304571517087,-19.077668505255186,-47.56551691178821
86.89,-4.30733117153672,-19.323361321754547,-47.67652575891893
86.9,-3.3535175111760216,-19.24937108381352,-47.7875865249587
86.91,-2.0434680679117196,-19.44834495161208,-47.792037285804874
86.92,-0.599041138920582,-19.51927994297796,-47.889830445077685
86.93,0.6152665383483006,-19.678711941664787,-48.138059547819694
86.94,1.8467142959286122,-19.677910073389036,-47.937574864467024
86.95,3.4415021845005453,-19.709434540210346,-48.30362023985937
86.96000000000001,4.530667463786326,-19.63076903844282,-48.222481603430516
86.97,5.893917326759846,-19.73332635111003,-48.349233145684494
86.98,7.2948810286336725,-19.71875343057358,-48.24741768665
86.99,8.563250632730318,-19.598604223050845,-48.236629765586
87.0,10.192943392756877,-19.39371994323061,-47.97877054930796
87.01,11.530806318068635,-19.242133531873513,-47.909536911485496
87.02,12.898369901824863,-19.335811000717836,-47.771055315997955
87.03,14.523137800943974,-19.266385225357933,-47.739082943317605
87.04,15.923943811296374,-19.011842025174168,-47.301861531466784
87.05,17.465816502223728,-18.77768982047476,-47.03293669053623
87.06,18.794988428738268,-18.5649228559702,-46.859742087396405
87.07000000000001,20.369743222682565,-18.120721165051645,-46.636061800254204
87.08,21.690277441134477,-17.811973491258836,-46.25471328539151
87.09,23.39877928775961,-17.4846466664315,-45.905526212673614
87.10000000000001,24.704254265058246,-16.994440937347452,-45.38973847489058
87.11,26.125172557033803,-16.60836166608258,-44.97441138579066
87.12,27.74968120077173,-16.039478350699913,-44.535001818853246
87.13,29.310370138928594,-15.564502960037101,-44.14855082314938
87.14,30.867562064652756,-14.79393318636816,-43.65319073624331
87.15,32.10289734354901,-14.40442393494141,-43.11553381606845
87.16,33.48917187117643,-13.58226156694793,-42.454535598960234
87.17,34.92071419311668,-13.102199515864283,-41.98319204556195
87.18,36.25510819893176,-12.300406326094636,-41.333002355294546
87.19,37.841894057189585,-11.253943869132149,-40.39186015108937
87.2,38.98650785382278,-10.600582023788846,-39.80544365009041
87.21000000000001,40.29798343262761,-9.722757946063036,-39.03418785327456
87.22,41.434515714636184,-8.803870507581737,-38.34843972059552
87.23,42.67896725680169,-7.942499742698004,-37.471842622931725
87.24,43.75395062391725,-6.755750750849093,-36.6140816425217
87.25,44.98360547505805,-5.679374984159918,-35.94426599738935
87.26,45.90603785053038,-4.474950338301176,-35.05011547633539
87.27,46.975280634199734,-3.2517069908646317,-34.15336847193712
87.28,47.91247718478252,-1.9420199807769616,-33.01857203977386
87.29,48.951717154357766,-1.1248487621723977,-32.003014379905096
87.3,49.51906889687095,0.34262943266419066,-30.99693051762629
87.31,50.44194641537582,1.73934545352989,-30.00084534344065
87.32000000000001,50.89543741212552,3.0346289457498274,-29.08431484813034
87.33,51.4864143774381,4.470396746730451,-27.906264739071258
87.34,52.028567312117836,5.814283530579939,-26.953614289830046
87.35000000000001,52.6600105616316,7.197043101160814,-25.74256886111481
87.36,52.66121351133564,8.76400896114675,-24.465006737718685
87.37,53.06250450969299,10.308178448856726,-23.33978253721469
87.38,53.097824448689614,11.516334651756955,-22.215712447145215
87.39,53.40720695524911,13.156002521238413,-21.059418504166334
87.4,53.28765691848332,14.820384582164241,-19.83483582088828
87.41,53.13821812262493,16.456136406366348,-18.681538145126595
87.42,52.86188721531918,17.861623650788008,-17.55335726680167
87.43,52.471021406106836,19.36499680224542,-16.608760146284546
87.44,52.057427212540944,21.095349820154116,-15.165768940256116
87.45,51.52409170496075,22.41886917725057,-14.065229638428209
87.46000000000001,50.867165798134096,23.83441620734055,-12.914694531345434
87.47,50.17033482834833,25.381314763637203,-11.545722549312167
87.48,49.285687947698655,26.877845302625026,-10.400366120099184
87.49,48.528850601658,28.421801871707746,-9.212935925682258
87.5,47.19227864885285,29.94874734683937,-8.059566043463382
87.51,46.00599480700801,31.49018172469423,-6.974091031293727
87.52,44.91202870245471,32.60622609968181,-5.789392491915474
87.53,43.70261862710865,34.07866814509756,-4.8314928492206635
87.54,41.9882943562147,35.33853026393113,-3.6834489861099153
87.55,40.69779428322014,36.44134921962631,-2.6658527012808526
87.56,38.86142708808162,37.530401117822784,-1.8087597985564459
87.57000000000001,36.83916554392854,38.617793735051904,-0.6616205847112886
87.58,35.23183357384985,39.775337898375504,0.08380811917159595
87.59,33.33028327614546,40.63563458347907,1.2698514726595225
87.60000000000001,31.292059577918174,41.7245187372417,2.230399223826665
87.61,29.0662895944666,42.5402838265616,2.806298661665026
87.62,27.16707109542875,43.49910738738446,3.6619016442104555
87.63,24.857209799774363,44.051328031640246,4.4859360570471605
87.64,22.46437382107961,44.73222352046994,5.0337684804970815
87.65,20.339714835028815,45.093881984944026,5.744674679121505
87.66,17.806178402003663,45.46046872078369,6.300790914408891
87.67,15.464604853303138,45.89657769564073,6.851149946739599
87.68,12.976893010642302,46.05937327856897,7.315657712335894
87.69,10.52468817199135,46.16523461445352,7.75273732955144
87.7,7.879883427595459,46.061451100533326,8.04709221415473
87.71000000000001,5.432630215395139,46.13165863695498,8.538054001123463
87.72,2.855379288962293,46.08272020063906,8.642469441383172
87.73,0.11701116386727861,46.04028318298694,8.949584855262872
87.74,-2.2120025068204843,45.50498056969866,9.144534623495119
87.75,-4.968668426586518,44.740570029817704,9.063786177883319
87.76,-7.263340552587338,44.431932303939796,8.969669749835646
87.77,-9.91556155799472,43.897214975182344,9.168888641591213
87.78,-12.52115911416234,43.045625961284514,9.121983461983541
87.79,-14.933001457650235,42.255333881099496,9.067448582693016
87.8,-17.38176461965334,41.27862915682584,8.713587430475483
87.81,-19.59732560222496,40.48826910072726,8.189121550808999
87.82000000000001,-21.89175008309053,39.15282501467958,8.177726133459565
87.83,-24.294187776528297,38.10295240064645,7.721869080070586
87.84,-26.470652046827293,36.81409465256244,7.234043052335049
87.85000000000001,-28.59931827474362,35.477904958325055,6.739951684518346
87.86,-30.550963541966606,34.06019386483205,6.0150277352631765
87.87,-32.340489236867306,32.645538108650896,5.451217995945381
87.88,-34.32224404654768,31.14031768690408,4.587443796569675
87.89,-36.178258903843926,29.435468757041406,3.8903802851094524
87.9,-37.62228141243407,27.868672196643484,3.105837951333807
87.91,-39.24466356199871,25.899681288831562,2.4384827375078486
87.92,-40.63527253039045,24.334805966596672,1.494351249040423
87.93,-42.051888951342725,22.626151709344676,0.49508311019988316
87.94,-43.22483371756582,20.676070409897275,-0.7485539012845543
87.95,-44.381041740908465,18.818089369155267,-1.5375150099078376
87.96000000000001,-45.18981076722311,16.88450240588287,-2.4147061581726823
87.97,-46.14746822206969,14.915079367371613,-3.5012538163642555
87.98,-46.75176543355164,13.084156566382044,-4.77598770887463
87.99,-47.42216254377261,11.033119261647023,-6.028403181398346
88.0,-47.863752210480314,9.21601545500168,-6.974978482385641
88.01,-48.35104291221311,7.548029650662339,-8.30570080040435
88.02,-48.60046937794162,5.488520640144747,-9.43308334558716
88.03,-48.5468332708917,3.39887480543904,-10.636845151286048
88.04,-48.623644636312655,1.6638115394741135,-11.853935081322284
88.05,-48.418571864363905,-0.3990869354658908,-13.109811904306312
88.06,-48.07956294314305,-2.062341085454391,-14.341402620651577
88.07000000000001,-47.78460172225901,-3.952542399550538,-15.726844562228019
88.08,-47.06430244753359,-5.693566145694462,-16.942306360253298
88.09,-46.374081947715176,-7.40500193291192,-18.181064333397707
88.10000000000001,-45.632607619902025,-9.090882322976492,-19.49393270933107
88.11,-44.84354113327654,-10.842746293540444,-20.72067366302352
88.12,-43.86268619907069,-12.553448685640475,-21.90801159961501
88.13,-42.800776558337915,-14.003961576174317,-23.23807660505644
88.14,-41.79491177255922,-15.278995444388153,-24.365066611523456
88.15,-40.55373942801997,-16.737949158063042,-25.798749039259405
88.16,-38.90652229483096,-17.984691082235564,-26.996877776184945
88.17,-37.51281264632572,-19.44162308494219,-28.1767038577406
88.18,-36.26533587103601,-20.375636141586735,-29.0933859395376
88.19,-34.51381282077679,-21.44358269380903,-30.338078561436884
88.2,-32.888721295646555,-22.528297492173635,-31.43906922269638
88.21000000000001,-31.288612954238513,-23.442534018653955,-32.47891657932598
88.22,-29.490321103438145,-24.44365139727329,-33.53221027270019
88.23,-27.7004182460006,-25.18492488822442,-34.512851011120844
88.24,-25.634856134754354,-25.661875343362357,-35.57529735401503
88.25,-23.904876225768138,-26.319342291889768,-36.27671584980945
88.26,-21.835967430484747,-26.824896606470702,-37.35354647380369
88.27,-19.532662626595556,-27.22651070258163,-38.369489099341784
88.28,-17.864924561629845,-27.671229771243393,-38.79450267047028
88.29,-15.676646685322748,-28.047066137188235,-39.75353821502277
88.3,-13.669419031313842,-28.056486249559924,-40.52398393507681
88.31,-11.646569217160053,-28.25953084463558,-40.996785564517445
88.32000000000001,-9.666951568228184,-28.074765902516756,-41.67455959775446
88.33,-7.340011221201054,-28.212106453192973,-42.30964772940019
88.34,-5.365019358854805,-28.101230090552352,-42.71060991674758
88.35000000000001,-3.225885579619396,-27.89002591640728,-43.36756328563924
88.36,-1.2530827288009303,-27.685871918945672,-43.720334761737945
88.37,0.9461762230887293,-27.407672922690377,-44.2547993324482
88.38,2.9289599886075104,-26.908236276602487,-44.48754326711778
88.39,4.926706555188962,-26.654508920183996,-44.72488938236084
88.4,6.892813873130754,-25.936966509496614,-45.11141495280152
88.41,8.7161381095981,-25.3517017151253,-45.09545167573579
88.42,10.86287479618505,-24.634660441555354,-45.44246746012967
88.43,12.469553122348355,-23.829332005840172,-45.55269971311536
88.44,14.68780652631882,-23.372766182224513,-45.709027243670505
88.45,16.208399046886008,-22.425196920690052,-45.687996484725396
88.46000000000001,18.003651268567406,-21.832403582812383,-45.684219875133444
88.47,19.810200484077416,-20.671191537203246,-45.53025702768163
88.48,21.481181279467368,-20.16756998117212,-45.48254530255095
88.49,23.121549200456258,-18.788650209661387,-45.47937289147512
88.5,24.741289200262123,-17.97330005436369,-45.226763324393666
88.51,26.273850822547736,-17.02221559336609,-44.99754434803888
88.52,27.708517538641207,-15.942363555039144,-44.735819353681016
88.53,29.20147299016577,-14.827394011792705,-44.49599999763932
88.54,30.759955654745063,-13.773746859903378,-44.1642034647256
88.55,31.933792646626703,-12.562576916986972,-43.66876030069986
88.56,33.11054182488841,-11.451594257588608,-43.32448265067733
88.57000000000001,34.55069463175703,-10.43211248895293,-42.97101431597966
88.58,35.69972106679484,-9.308087152168897,-42.46877041158212
88.59,36.81222348768958,-8.012322347362272,-41.84253583900925
88.60000000000001,37.92451619476452,-6.8466844458635325,-41.28358686247454
88.61,38.91263405634614,-5.805924911484526,-40.64646464759116
88.62,39.88608424030097,-4.630599905205301,-40.222697914629826
88.63,40.94681819598124,-3.6269851360062755,-39.536309755815694
88.64,41.41089271053438,-2.3804189113723613,-39.13151833887633
88.65,42.39034409375928,-1.2401696979161838,-38.07529199850435
88.66,43.18523808166966,-0.22425224120512954,-37.66468692256539
88.67,44.07611720617788,0.9490642424850041,-36.83980613243417
88.68,44.75516619865268,2.294731516415831,-36.0652056593412
88.69,45.41259489747714,3.1799555091083964,-35.143525696420554
88.7,46.04392797890372,4.396642416963493,-34.443822524337655
88.71000000000001,46.42928869315823,5.368706482964106,-33.69106307869573
88.72,47.01565967580455,6.475112432424315,-32.839648117352496
88.73,47.48503857109736,7.38122647057417,-32.01184555198365
88.74,48.03973485634687,8.488307790935002,-30.95942790881406
88.75,48.45621383663409,9.369190988243789,-30.399895554875943
88.76,49.05944205177619,10.18731317911032,-29.378798937952897
88.77,49.52920905729678,11.195761791467538,-28.487548194387276
88.78,49.73816000933707,12.223427468198723,-27.390797045725474
88.79,49.95982526832419,12.847852351022793,-26.833887113363737
88.8,50.2859566971944,13.83544375376808,-25.7183686498252
88.81,50.58414605512965,14.415888449654407,-24.730578637405454
88.82000000000001,50.80623478817173,15.46210565681142,-23.84656628606306
88.83,50.86373643627836,16.22458969705653,-22.64463011409258
88.84,51.218052184227844,16.807887816186398,-21.847279903079958
88.85000000000001,51.2062457026659,17.583120872104665,-20.80637153799911
88.86,51.48865171355219,18.123967316788338,-19.96501522704631
88.87,51.609647961041695,18.653178174466312,-18.777820055803694
88.88,52.02592463371366,19.055405142121458,-17.934018401322984
88.89,52.12334846825981,19.796339381881616,-16.749715300662206
88.9,52.17035363942217,20.372855562611946,-15.92128754405113
88.91,52.37186458896427,20.833189452827348,-14.883486655971643
88.92,52.53101668416883,21.329237242480158,-13.977157669444866
88.93,52.656797029487336,21.831715980541155,-12.950430706564202
88.94,52.54161201864611,21.942367945690805,-11.73914505457078
88.95,52.896835314429985,22.20156192535737,-10.838713216458126
88.96000000000001,52.90147294404835,22.65736614464135,-10.012764059437451
88.97,53.019038428508665,22.90284995554355,-8.813360540656488
88.98,53.01651587788782,22.991813746158424,-7.982475837947285
88.99,53.04423741642152,23.1150542282286,-6.790908222233477
89.0,53.03752388760398,23.13616855130754,-5.638099739030846
89.01,53.138597742747955,23.371131055375628,-4.793412912724101
89.02,53.27929502517423,23.631714778372384,-3.8789175866707817
89.03,53.65833809110556,23.315089399035333,-2.8420622392450507
89.04,53.66789193001702,23.424643913412634,-1.9010537153306186
89.05,53.94372713359092,23.28323938362445,-1.0713192194980532
89.06,53.7728128625419,23.328625255541215,0.14329668913446214
89.07000000000001,53.973860019004526,23.33267704872564,1.0040796788689181
89.08,54.1448608193419,23.033208817745706,2.013143327344338
89.09,54.14306651534537,22.832847972502385,2.999676972151706
89.10000000000001,54.36259573745092,22.5451784771227,3.8281672599649665
89.11,54.59617048836282,22.212321210788364,4.710146032688072
89.12,54.62234805559404,22.222807778559282,5.8600036947323195
89.13,54.82800153897971,21.68273257479152,6.780861306460737
89.14,54.809933532274464,21.181036209855865,7.4325557676922855
89.15,55.03882528264303,20.617254743832543,8.539143021592785
89.16,55.07986136731021,20.18880041469847,9.428136557581782
89.17,55.24193839651093,19.91063895969765,10.001228852495196
89.18,55.526423904639,19.338480933297987,10.850211671766486
89.19,55.46012929879709,18.676806153364645,11.668658096700593
89.2,55.55948213774419,17.994823169508813,12.271258659433384
89.21000000000001,55.87035101784497,17.445987969874547,13.351148918510505
89.22,56.000435168364405,16.750745813369512,14.166960811002475
89.23,56.10406495143391,15.968646991476657,14.752784676229323
89.24,56.168508712128876,15.138320575966201,15.447207982863775
89.25,56.34192956025764,14.446167929706538,16.126110016383695
89.26,56.585820839907306,13.525818875312364,16.971119776584764
89.27,56.60409986923482,12.583885235166184,17.38963627632756
89.28,56.55432687367959,11.649368753826522,18.21044592217379
89.29,56.84037298438911,10.814675141567154,18.80099058789366
89.3,56.9976477834853,9.748732041169427,19.46687619436445
89.31,57.0010895777298,8.796330942575157,19.788200600628603
89.32000000000001,56.873118109444164,7.672229263980096,20.391335966782496
89.33,57.174009400845364,6.708794327024719,20.94899511270406
89.34,56.97965640458017,5.557039947682469,21.669692932672156
89.35000000000001,56.90917161519216,4.340583689339895,21.937267069454272
89.36,56.99260908909738,3.1178815805172,22.32341133992598
89.37,57.16450709312146,1.7122869554306912,22.81599616085071
89.38,56.9878071451822,0.30965457972179516,23.061190221740144
89.39,56.94230840952381,-0.637134111237473,23.47368103708864
89.4,56.71197753516774,-1.9796696795553261,23.650461001168313
89.41,56.7630441666214,-3.1668223375469178,23.957605944967625
89.42,56.59402340211178,-4.53738672686371,24.16468209380866
89.43,56.052736718552374,-6.139984481311292,24.456998506404883
89.44,56.023573242713375,-7.364094796669358,24.469926498465394
89.45,55.45830697355086,-8.605084483026449,24.772015444590053
89.46000000000001,55.311678462276326,-10.237004717955807,24.796154851301157
89.47,54.816312208731,-11.703202547415005,24.92014456877519
89.48,54.57498121740684,-13.251446392675128,24.893486961499406
89.49,53.98258808474677,-14.686711923618068,24.690325440699205
89.5,53.553871445760564,-16.147575267386273,24.752751371454487
89.51,52.84423192205286,-17.57178092705178,24.500629283110147
89.52,52.39855769765681,-19.09513513290485,24.347394179223645
89.53,51.69561626051364,-20.56393471986368,24.28789237643844
89.54,51.036572188486325,-21.89853821342792,24.127054649604872
89.55,50.26315893366951,-23.622154327765912,23.929626776539465
89.56,49.73550738357243,-25.10766660979437,23.3652590758532
89.57000000000001,48.65142477994527,-26.58781158904376,23.13876882553649
89.58,47.79303433492002,-27.831057481105425,22.793094958199063
89.59,46.904479679064835,-29.484404945804712,22.4884726352039
89.60000000000001,45.587204405442485,-30.873543580066077,22.06539763386346
89.61,44.76655001885429,-32.271222512232974,21.675679363752508
89.62,43.51340508339462,-33.83077884304792,21.135316988841268
89.63,42.29904101336557,-35.270913055760666,20.448248566478224
89.64,40.95961776255145,-36.35673633413841,19.975788481247292
89.65,39.67187363229724,-37.71407247183991,19.35010210265891
89.66,38.30799257283746,-39.07667841469268,18.766239848267155
89.67,36.81350110508982,-40.45303333678598,18.101844855174352
89.68,35.39770899458371,-41.459613838424,17.341274058831385
89.69,33.911065395377065,-42.566752134631095,16.609518402491858
89.7,32.3407752499731,-43.651709069448664,15.799717246620208
89.71000000000001,30.55677400854521,-44.8228079602658,15.029233424620164
89.72,28.872771751129278,-45.91327209041236,14.549729657229516
89.73,27.127377718740163,-46.693002855099856,13.557502861881204
89.74,25.31197683319311,-47.50785514471557,12.88341052641779
89.75,23.29889609855466,-48.36734168984532,11.934168707337465
89.76,21.225242713367063,-49.08027645625584,11.146708658948093
89.77,19.322631955601317,-49.81478846545286,10.232270465428568
89.78,17.38931617298787,-50.36193925808394,9.271060916546364
89.79,15.140198201854567,-50.86707015550065,8.487966408751472
89.8,13.199961762572027,-51.28957084173338,7.35882884083135
89.81,11.127792194458442,-51.69340460352223,6.649001919004584
89.82000000000001,9.05339542953148,-51.90589626215461,5.7094465021413425
89.83,6.688417318434364,-52.37475839194412,4.934168624439366
89.84,4.698446803813586,-52.1502439153797,3.967347978203828
89.85000000000001,2.1806569600476102,-52.23863953004279,3.219544352118447
89.86,0.1493511787230633,-52.248422496478554,2.246760660474102
89.87,-2.1193759235551353,-52.068524118870045,1.4566815067026682
89.88,-4.286787051327055,-51.57862036770867,0.5562863269830678
89.89,-6.496192653200436,-51.436384506696385,-0.29670158604826824
89.9,-8.825695061629713,-50.89761658533759,-1.0588445756649598
89.91,-10.81676804146551,-50.42404178403396,-1.950822145158647
89.92,-13.150157405134292,-49.813535040987716,-2.549824452385899
89.93,-15.366964897189725,-48.920974120684654,-3.2110808054652247
89.94,-17.457326632366804,-48.13168854131055,-4.118857177320997
89.95,-19.732371456744158,-47.22062136269111,-4.708891323557424
89.96000000000001,-21.60594713114995,-46.08245308238848,-5.278259667189054
89.97,-23.679624569761483,-45.185315129526245,-5.9308027397536485
89.98,-25.753945992352083,-43.91893922540795,-6.453443951211033
89.99,-27.670969848096725,-42.63898971557315,-6.845852944360002
90.0,-29.51995419621633,-41.140145026480326,-7.528190086674204
90.01,-31.530521618063798,-39.847267010781756,-7.75247708353094
90.02,-33.28327685553642,-38.30943362081199,-8.082579686709082
90.03,-35.27684128772984,-36.84467742367123,-8.515190445732914
90.04,-36.77161024114581,-35.11989596840755,-8.60782743843216
90.05,-38.30550562405401,-33.2628364860901,-8.967198008492112
90.06,-39.756300748678186,-31.350552364653325,-9.103116092880162
90.07000000000001,-41.23447742578551,-29.639767621613444,-9.290796371440063
90.08,-42.36193846939091,-27.746623173337742,-9.294296230794872
90.09,-43.75917212610252,-25.705299486265417,-9.326981143247899
90.10000000000001,-44.78649057856892,-23.690278176221046,-9.241578288745735
90.11,-45.66009857970873,-21.699597651749638,-9.115593418753503
90.12,-46.87941424123606,-19.39461465742167,-8.829795178070542
90.13,-47.61493611983311,-17.535628421508065,-8.621665702391638
90.14,-48.42367557854224,-15.083900381066409,-8.374964295759362
90.15,-49.058294349656855,-13.101703454642482,-8.061629863180908
90.16,-49.434713592675,-10.707433988642478,-7.613434181177941
90.17,-49.83348559647452,-8.53736258973112,-7.3642668917295815
90.18,-50.1612470030112,-6.428924906238224,-6.652960969298327
90.19,-50.16647396698539,-4.196130738646892,-6.030037116234509
90.2,-50.266102539627184,-2.0325705622447106,-5.526801205264483
90.21000000000001,-50.0376402464066,0.40610207171619006,-4.81454269237656
90.22,-50.05889430956362,2.5672496662148365,-3.8786077652643702
90.23,-49.6648935816841,4.516899181651776,-3.277859127550682
90.24,-49.17372905064348,6.628984122504411,-2.478801455325572
90.25,-48.73763969758723,8.81443456080863,-1.5833304028871618
90.26,-47.84357780946914,11.218109601757364,-0.5742463228431717
90.27,-47.353727872806246,13.212839403537116,0.2332952849438344
90.28,-46.452770200894804,15.145303372965053,1.2876868424283343
90.29,-45.542106704324354,17.082971018226043,2.3623211481044986
90.3,-44.51918745034126,18.988451583381703,3.0814549426300206
90.31,-43.24728908914969,20.802298792435725,4.26000353652957
90.32000000000001,-42.20151941874363,22.673195894910084,5.434069274643833
90.33,-40.73598747602676,24.07674359627802,6.49153031976514
90.34,-39.052179238638296,25.74294126827902,7.47448791790229
90.35000000000001,-37.48947176354378,27.468397334742807,8.846387169878883
90.36,-35.896826645154924,29.07464544894935,9.84596812224456
90.37,-34.16688961746157,30.210411032845773,10.797053445799069
90.38,-32.40987734662275,31.590432577963828,12.176042105693229
90.39,-30.77454019449668,32.73884880724167,13.237259625534836
90.4,-28.59454134888187,33.99592671880502,14.696388981547525
90.41,-26.623091849736245,34.699539004545606,15.855506622437762
90.42,-24.64887671225186,35.85764512775123,17.05869168080689
90.43,-22.518842655520636,36.63500055588635,17.83363774979855
90.44,-20.188638166908653,37.533416666147204,19.074373859425748
90.45,-18.52882006099018,37.93027136934083,20.128344320602338
90.46000000000001,-16.116332285711344,38.534374670740696,21.34325160153017
90.47,-13.83293001940917,39.332978118792745,22.32325457668114
90.48,-11.478103777155768,39.31586976545702,23.24706946737202
90.49,-9.394560945569964,39.73168823437554,24.495951784875253
90.5,-7.038814271321476,39.81996078626024,25.350480986003944
90.51,-4.755242544243717,40.007924571645944,26.27358834062833
90.52,-2.380203708126919,39.81404269127926,27.22708216311922
90.53,-0.09749734099933222,39.684249497091066,28.19605883406209
90.54,2.185447397837474,39.588985611951344,28.902469926034698
90.55,4.3925138688670415,39.25634616012927,29.555838308297595
90.56,6.817108981205476,38.817443232150694,30.55114265809134
90.57000000000001,9.199148489876004,38.23681861245445,31.193000460590984
90.58,11.431778351519018,37.76124183349161,31.70180196229952
90.59,13.7565102788746,37.45811747374063,32.342509580547386
90.60000000000001,15.893040625072071,36.61915240348502,32.95678583717444
90.61,17.980052823942774,35.76817784965712,33.28993245653772
90.62,20.134320985003722,35.23184465090083,33.58468098389566
90.63,22.37697284155053,34.14474188978701,34.055969304159184
90.64,24.332005022460788,33.177635957159325,34.43098993880562
90.65,26.158068103397685,32.13089858705545,34.63925789659757
90.66,28.323865525735155,31.074782540154057,34.8206540094851
90.67,30.208324217364176,29.980763212567588,34.83875305030078
90.68,32.11436294016847,28.58847544868854,34.95164774939493
90.69,34.00286869091591,27.48510247713109,35.00857530195243
90.7,35.60675446770078,26.25729471155875,34.83920983407174
90.71000000000001,37.314094208208125,25.016914070872616,34.74424263565284
90.72,39.0924702361938,23.671006634150146,34.44200728740722
90.73,40.46267187056236,22.145600482451297,34.409261889438454
90.74,42.12777914269735,20.744539418525438,34.0834305647713
90.75,43.620185830699214,19.46334864275741,33.62656998732307
90.76,44.84144992587715,18.079222978575473,33.144254635027416
90.77,46.28556378198952,16.674016201595673,32.8026397034562
90.78,47.42123189435388,15.246154012310486,32.308313029801624
90.79,48.746940416690414,13.831873561316533,31.708500162534136
90.8,50.01799982917187,12.226477068364677,30.856423976108193
90.81,50.88190777658088,10.807118256859326,30.275475168611628
90.82000000000001,51.97295900034416,9.440716148260675,29.549968935738388
90.83,52.70494460777209,8.084960389994421,28.66377194614932
90.84,53.6420966634279,6.451253244433824,27.87526138375099
90.85000000000001,54.695990282068614,5.144388405921384,27.07902076612308
90.86,55.15189605832723,3.8232645103675873,25.924586270982132
90.87,55.94390187792606,2.347456272595437,24.833030285931443
90.88,56.638896128391146,0.8877061551912367,24.028593129816127
90.89,57.002665966647555,-0.44012530774459213,22.93306269608424
90.9,57.61802675260943,-1.6185222331014057,21.8236362569467
90.91,57.78497292091669,-3.0289115709331833,20.61948166217172
90.92,58.44987083034711,-3.946748367382168,19.462410199954757
90.93,58.75698676040255,-5.426511517124135,18.135658647964924
90.94,59.038086597578854,-6.552594533364474,16.979911885276838
90.95,59.46444753849522,-7.802523803474087,15.6359901883265
90.96000000000001,59.378495338547644,-8.88759844704136,14.194545108614111
90.97,59.4885390365726,-10.220171202350485,13.134276962676754
90.98,59.726258333807145,-11.148603564939641,11.643846370267283
90.99,59.52590483069741,-12.111855287464861,10.240570132023088
91.0,59.7155051618495,-12.824994081467437,8.751214326516736
91.01,59.323404797893666,-13.867096510381446,7.474699073672698
91.02,59.42184092267488,-14.493793027534577,5.764357806092685
91.03,59.0718780669896,-15.434455013105246,4.531171251179182
91.04,59.06834960165487,-16.19668710874362,3.084069772829997
91.05,58.61301540167876,-16.907728232862897,1.6437002642240393
91.06,58.59995324816718,-17.63329122614815,0.2196892096910363
91.07000000000001,57.990289517946664,-18.22802972089804,-1.4574902672738927
91.08,57.86290688449669,-18.680871038065433,-2.953398641645455
91.09,57.39016738945197,-19.091961210658056,-4.478761348482056
91.10000000000001,57.06946518265213,-19.712575857489103,-5.869839176573846
91.11,56.44619696522717,-19.91900880317048,-7.492825453625696
91.12,55.7743850079977,-20.49837277105652,-8.927402059962072
91.13,55.558897345793426,-20.636560244904842,-10.369881440091778
91.14,54.804276675043276,-21.013281527620688,-11.940980848581061
91.15,54.252329557718234,-21.249972425658008,-13.271456394188265
91.16,53.63921536012895,-21.615429048047016,-15.121846089953285
91.17,52.82302986254843,-21.539050687289436,-16.290127463701737
91.18,52.25508395579867,-21.602783451365205,-17.796875934914567
91.19,51.68312411042439,-21.64074482562316,-19.21839466656331
91.2,50.76761682177439,-21.58739671775251,-20.68318679990803
91.21000000000001,50.08601538907138,-21.42433460397591,-22.027964067457575
91.22,49.120535676513455,-21.355281244599514,-23.459436615611498
91.23,48.28013933798228,-21.263531733072988,-24.66077422261782
91.24,47.54319789375342,-21.03696732995273,-26.208374773260125
91.25,46.58098341828076,-20.79716714793608,-27.334763702353726
91.26,45.822192141711824,-20.869256731579288,-28.786111560217687
91.27,44.981401684568446,-20.443887391649625,-29.86080555868983
91.28,44.12550359759844,-19.937858650524156,-31.401932741749448
91.29,43.20569179815331,-19.573189943984538,-32.50878218516572
91.3,41.89765418272681,-19.389702150021485,-33.76532286493636
91.31,41.04307700982027,-18.946333427802585,-34.783562923162776
91.32000000000001,39.98588782089243,-18.307070630898153,-35.95239934747007
91.33,39.080513178317645,-18.07415056273349,-37.13941508561119
91.34,37.8820997507943,-17.394801087726822,-38.1104493637348
91.35000000000001,37.040893899812296,-16.89777030759138,-39.05669750750549
91.36,35.80063087351569,-16.40507701740269,-39.871266435767495
91.37,34.65671692033745,-15.544500516647265,-40.82650623741907
91.38,33.67218366520005,-15.102717877879087,-41.89602676639251
91.39,32.382667634582305,-14.62647439472517,-42.764378998333655
91.4,31.3077510924581,-13.847121399442766,-43.510441060947656
91.41,30.174038618026753,-13.206959931559132,-44.56335808012065
91.42,28.833892163664316,-12.39283471349101,-45.33475751629379
91.43,27.559605028500947,-11.827432216679568,-45.8510325654833
91.44,26.214556780262942,-11.231229034952,-46.82608435010556
91.45,25.028049712857726,-10.504436588324186,-47.29010515868425
91.46000000000001,23.705067775565077,-9.7876407779121,-47.63290239308537
91.47,22.319706623196172,-9.192422365151897,-48.27699780649446
91.48,21.11813730058183,-8.492811276315539,-48.83952452487232
91.49,19.78662221345706,-7.974446594386038,-49.22895572171686
91.5,18.296051820536032,-7.07558166714365,-49.830811137350445
91.51,17.053812176448478,-6.256803296671756,-50.052634505047344
91.52,15.638054480571904,-5.644605580591469,-50.587482304236396
91.53,14.009353003066702,-4.9794589646730705,-50.75773553363684
91.54,12.628425221075535,-4.532264947189259,-51.15731646337751
91.55,11.283407646523019,-3.9121515484213534,-51.357000888614806
91.56,9.696490488081832,-3.3002233559428715,-51.36228747371694
91.57000000000001,8.261193959852232,-2.481583940271231,-51.42195856072618
91.58,6.761926264080451,-2.0307233142538714,-51.55573009707527
91.59,5.109153435339231,-1.4214900312467362,-51.530877288758454
91.60000000000001,3.869754264222365,-1.0243921984353472,-51.405126950847325
91.61,2.3397471493225326,-0.47363906529035826,-51.40549533414582
91.62,0.7991049720040256,-0.12802580898047305,-51.24473421582988
91.63,-0.9607861721977241,0.3662748258914113,-51.0428746914259
91.64,-2.456022987840745,0.9005871732793614,-51.16844267715258
91.65,-3.963863666177739,1.1990146746662838,-50.643288910748836
91.66,-5.41350099209444,1.5443318335846261,-50.27722232862831
91.67,-7.044509541260911,1.941552590922572,-49.77447242182648
91.68,-8.656988724518362,2.0613378793587147,-49.81758116024142
91.69,-10.065124933022975,2.2816188532562065,-49.11456088596706
91.7,-11.659841543493993,2.310100982351724,-48.78240115946802
91.71000000000001,-13.223295070694691,2.654449410597792,-48.2221671408137
91.72,-14.659968861463202,2.440080374359749,-47.72244159143645
91.73,-16.391445827870438,2.688131589758699,-47.072479093247296
91.74,-17.756515633080042,2.4796997201497923,-46.54424673451938
91.75,-19.08119997200477,2.5613508057343495,-45.89756334102908
91.76,-20.54246403639248,2.4344774666989286,-45.187389091648534
91.77,-22.08886958304144,2.116043344679459,-44.312701286485314
91.78,-23.399912520344806,1.703964345398001,-43.49957576872146
91.79,-24.89493453628172,1.5782487730039063,-42.86143337377582
91.8,-26.289560276084092,1.1132946819754945,-41.922481374226194
91.81,-27.415165941872782,0.9057999365074941,-41.04308958341704
91.82000000000001,-29.020904778806894,0.23962781240217046,-40.3152287069702
91.83,-30.062088632005235,-0.20733849820228328,-39.24232668325305
91.84,-31.475703009681354,-0.5755939247686741,-38.42993061629885
91.85000000000001,-32.45604262225186,-1.1966725356886183,-37.48476586261893
91.86,-33.60121166695399,-1.9582844925577827,-36.52349306447788
91.87,-34.67265945396027,-2.6247936138469665,-35.54459081190241
91.88,-35.6193080989242,-3.6311737486175115,-34.577120640785644
91.89,-36.5841487779966,-4.3028265388272064,-33.67403229602979
91.9,-37.43024119305149,-5.219609200918182,-32.68977287761228
91.91,-38.362953976507754,-6.067170226730951,-31.687241174017508
91.92,-39.01907290582291,-7.030633941581563,-30.59320215302571
91.93,-39.84679715841624,-8.036305108246161,-29.53617052470226
91.94,-40.37344158248242,-9.075985168628078,-28.584004270699328
91.95,-41.04398264531173,-10.28508941745284,-27.37054114236754
91.96000000000001,-41.47525667586633,-11.282927861105142,-26.478806623500237
91.97,-42.023091246513715,-12.622177922707316,-25.477484102733513
91.98,-42.21341654284264,-13.7142708247048,-24.270459046855386
91.99,-42.322198949029385,-14.764665727679237,-23.169099597090945
92.0,-42.619008138214745,-16.44762168367287,-22.272197885045845
92.01,-42.68528225432363,-17.699789306738424,-21.16759726099152
92.02,-42.71331455768525,-18.976845358355405,-20.247217505022643
92.03,-42.76900000750028,-20.138960147049296,-19.409537653859445
92.04,-42.49519874703296,-21.712771213025885,-18.19857505367593
92.05,-42.22010830921176,-23.089231562131427,-17.490558492183172
92.06,-41.76115028781835,-24.325310320353545,-16.373551010528356
92.07000000000001,-41.50632227562784,-25.95637610717979,-15.683231612288322
92.08,-40.92445039847553,-27.187529808318406,-14.690806475955288
92.09,-40.20376579082509,-28.468259520338794,-13.856498111994545
92.10000000000001,-39.577772965998,-30.06998879352839,-13.164497222485387
92.11,-38.82085091344716,-31.20254409612465,-12.390533756093989
92.12,-37.94133297048433,-32.645768423441055,-11.72547629841515
92.13,-36.8165386920101,-33.968898109455054,-10.7591556749744
92.14,-35.83498185196719,-35.38853948408001,-10.589132709305947
92.15,-34.709800385131786,-36.45089429156055,-9.62387277717152
92.16,-33.53095894840361,-37.96725645213606,-9.059660417812267
92.17,-32.32678952893209,-39.13260283704215,-8.361006107970214
92.18,-30.835518287511274,-40.134452949346155,-7.977126778145432
92.19,-29.462358012469554,-41.47813269046769,-7.561805297755277
92.2,-27.77941445828462,-42.404950899735994,-7.19996263897262
92.21000000000001,-26.409269778862303,-43.61577459555577,-6.647631750952881
92.22,-24.640248571862124,-44.48272787357363,-6.413401220248853
92.23,-22.900470912832176,-45.52131376173528,-5.989231833941886
92.24,-21.006006336554602,-46.30770891204651,-5.562643592910386
92.25,-19.049886056129473,-47.12595238981594,-5.609871598055888
92.26,-17.35078749125942,-47.93055415829339,-5.331686265951742
92.27,-15.419320101244098,-48.72519904761591,-5.144362526302739
92.28,-13.313798080291702,-49.188241435079874,-5.187036881987345
92.29,-11.098553533912854,-49.974114962343556,-5.238919960808616
92.3,-9.31132085414014,-50.40186280722512,-5.223051683003176
92.31,-7.027675737131951,-50.67983329566527,-5.324371709125937
92.32000000000001,-4.884017040383587,-51.13241836504156,-5.385567495756954
92.33,-2.8822579297974387,-51.21339327708367,-5.366203148361314
92.34,-0.6723355472135083,-51.47252891229097,-5.562393503035368
92.35000000000001,1.4459989039809447,-51.57183355083119,-5.879701838877119
92.36,3.629922792369056,-51.58228159652571,-6.177497488009924
92.37,5.981661135809458,-51.48446584495614,-6.373092023644166
92.38,8.185774900924306,-51.296444465598995,-6.91483830756347
92.39,10.059251199566967,-51.08128022781031,-7.082421705059434
92.4,12.318626472851733,-50.8288759292634,-7.717112858604652
92.41,14.51509902038017,-50.3678555440137,-8.014377554646677
92.42,16.377165273433935,-50.0452560189884,-8.318824498520195
92.43,18.68593447759735,-49.28834936093612,-8.843584656503204
92.44,20.70236827568483,-48.689435792489604,-9.47902520502152
92.45,22.638113288350517,-48.08465736140451,-10.046254179841995
92.46000000000001,24.678268883343602,-47.29851452848853,-10.586554787014455
92.47,26.58263683809852,-46.40908811135199,-10.966507835477994
92.48,28.400542022673218,-45.33235412736201,-11.655148917834541
92.49,30.306387385168463,-44.163961046077176,-12.497084577614777
92.5,31.938334825545827,-43.25076732770466,-13.136800555098802
92.51,33.496549185591206,-42.20456894520202,-13.784733427405364
92.52,35.24169603109291,-40.84527580070367,-14.473291351764102
92.53,36.78497976143451,-39.67863007235033,-15.051206029746528
92.54,38.19523812075072,-38.20754570491816,-15.730648492661889
92.55,39.842488005902005,-36.95045610785912,-16.627323330581692
92.56,40.96817300504594,-35.44723370058514,-17.15952626143783
92.57000000000001,42.21485907353417,-34.256267327766665,-17.9648555395802
92.58,43.278218963631915,-32.60191711577099,-18.784019910254404
92.59,44.32688863416885,-30.99173932222734,-19.531381750151365
92.60000000000001,45.344120786806606,-29.535069040221806,-20.08293061896453
92.61,46.322324495186194,-27.92337898364207,-21.05568468360208
92.62,47.19489746885914,-26.554581989018374,-21.550739099264604
92.63,47.77674911123098,-24.732554719296374,-22.51657374690736
92.64,48.458932765156995,-23.084362857445395,-23.298581929853267
92.65,49.223190964673414,-21.27405996048936,-23.864066081919315
92.66,49.502069061312085,-19.7121257369983,-24.54766538997168
92.67,49.96101385648884,-17.892883435698224,-25.14634902782997
92.68,50.3795520811119,-16.355902086687067,-25.862801364117743
92.69,50.42717335268393,-14.574032564220982,-26.55255314409351
92.7,50.54362005287164,-12.938519898136011,-27.289401798292925
92.71000000000001,50.62922837074982,-11.206119459650653,-27.814444450449464
92.72,50.78536513460402,-9.624515555736407,-28.495405512286954
92.73,50.41009665080223,-8.109261197391962,-29.090216476219798
92.74,50.35017627487029,-6.277236705129944,-29.688877210526087
92.75,49.97221563014145,-4.594951001016721,-30.400133949890602
92.76,49.671631789587394,-2.874671607485449,-30.79880022990685
92.77,49.181538293781465,-1.4852362995615567,-31.466425194425355
92.78,48.81800454908024,0.2201238121480169,-31.94241577261374
92.79,48.29612867652422,1.510331326988528,-32.5072530888096
92.8,47.417965594906406,2.931586202671356,-32.85364093247554
92.81,46.81126000167721,4.383150874895196,-33.26097828949181
92.82000000000001,46.11966419775033,5.8867189068972365,-33.73882110062676
92.83,45.488303442955136,7.263869133201214,-34.25279126724086
92.84,44.613012166673975,8.501497442227876,-34.71683551047104
92.85000000000001,43.79822780992708,9.61940753559471,-35.190659450270815
92.86,42.93835907151754,11.036373671026244,-35.68358467277723
92.87,41.76351928850787,12.331091759313473,-35.970809121041846
92.88,40.90655664584674,13.494221776960662,-36.02633248559637
92.89,39.81686441586652,14.325394315638693,-36.42529728984786
92.9,38.896127033581685,15.478201146754413,-36.911042503623456
92.91,37.5834408165493,16.59885936397897,-37.135872631041664
92.92,36.42145581026987,17.471960527123585,-37.45735827537104
92.93,35.410845144536104,18.41827429556835,-37.59971059500762
92.94,34.00117118651002,19.3009559244167,-37.908461137664936
92.95,32.92366534618614,20.04855661359118,-38.07513842692836
92.96000000000001,31.71221611994277,20.726961259185572,-38.32979213458206
92.97,30.707077982970805,21.68406207565814,-38.57091064748649
92.98,29.27808897927657,22.114047146420695,-38.67250905820144
92.99,28.004166534183014,22.91191058617991,-38.98361672760216
93.0,26.842178182530116,23.43950119298655,-39.046689961794364
93.01,25.577796406091515,24.02620300296062,-39.29567348566774
93.02,24.16005315742394,24.376691817750313,-39.340209740242216
93.03,23.070961766265746,24.873056202180095,-39.54290364495337
93.04,21.84013829951177,25.39372430185724,-39.501082263906014
93.05,20.604565713189558,25.608585867661336,-39.65143072789389
93.06,19.43129848556214,26.088708044696986,-39.82776730560936
93.07000000000001,18.223248274815433,26.33372640917772,-40.014150226566976
93.08,17.09834019236162,26.54766933083466,-40.18176180128605
93.09,16.01758487747729,26.89799776680616,-40.05001335875022
93.10000000000001,14.867259246443002,27.015068709688236,-40.161630522822
93.11,13.622824894755862,26.971081126906377,-40.56035294160846
93.12,12.6042877109948,27.06409961479221,-40.32103623692491
93.13,11.642271814782536,27.35048392643694,-40.48911173033512
93.14,10.42067516575026,27.288584618984473,-40.613352289907965
93.15,9.402340048983563,27.61356575649552,-40.40313086184331
93.16,8.467155450144231,27.488431806310786,-40.50501777952658
93.17,7.24508115839115,27.41562296413393,-40.51131286063861
93.18,6.425516604501813,27.08292915172187,-40.75673641235205
93.19,5.460029127871294,27.255522028547244,-40.86029287176972
93.2,4.639608666712527,27.11375816643364,-40.74804790682703
93.21000000000001,3.782798480487416,26.876404830310104,-40.85833631121544
93.22,2.889720180310551,26.93138003857732,-40.772706555041125
93.23,2.0337275858598627,26.74715340205689,-40.939887401017444
93.24,1.4717777347870598,26.914190211706355,-40.969983843754164
93.25,0.5104147312743479,26.50623287422937,-40.94592064806952
93.26,-0.1923239221520674,26.237354718297134,-41.154301872496134
93.27,-0.8457159531618242,26.041529981606125,-41.21468358775599
93.28,-1.4361429053619355,25.835422006738956,-41.232027376674395
93.29,-2.010428559639143,25.793403520451694,-41.11317702939322
93.3,-2.9328028125048444,25.37728224259613,-41.370287844220215
93.31,-3.2541755014773877,25.28034785647154,-41.360133592068834
93.32000000000001,-3.8013324290407535,24.85049387514178,-41.530296734779675
93.33,-4.12706414155212,24.783750221415133,-41.56693808250426
93.34,-4.65261496440804,24.46094682318242,-41.94230438519341
93.35000000000001,-5.088057391261822,24.315241960896046,-41.661582038683896
93.36,-5.535736648265631,23.877164009387197,-41.76297310990469
93.37,-5.868114537126042,23.706989041028127,-41.96381166479683
93.38,-6.212747807400522,23.366312169625473,-42.299299845171646
93.39,-6.483398539377157,23.08961104551212,-42.02821025182394
93.4,-6.703601373468929,22.866783517728027,-42.254277603793525
93.41,-6.998137553385042,22.80226521802405,-42.52553359324781
93.42,-7.2941587398416345,22.461421884153463,-42.51809022788373
93.43,-7.51566008354765,22.15602431475331,-42.37976649595855
93.44,-7.836863876702883,21.726294783193573,-42.74868212658062
93.45,-7.85443848338994,21.45744608859021,-42.86476247949357
93.46000000000001,-7.64536938487771,21.487903982571083,-43.039680432855434
93.47,-7.936647528260362,21.10414334584505,-43.18377464328297
93.48,-7.816963703113576,20.84320765715048,-43.134550128572855
93.49,-8.04790098869983,20.639855257327685,-43.358751079331796
93.5,-7.95085556892455,20.285433226996727,-43.577332210545535
93.51,-7.862314532534799,20.093642978953607,-43.61620421264975
93.52,-8.009184958370348,20.110675370057812,-43.85232439580213
93.53,-7.693181602935618,19.695819099543257,-44.21529062893595
93.54,-7.564749089103706,19.287698676878772,-44.44545064598879
93.55,-7.381510267743812,19.269071156025646,-44.31599147504156
93.56,-7.212944516765732,18.924595526496354,-44.56255337066911
93.57000000000001,-7.181787486135517,18.648063119749242,-44.7455822976037
93.58,-6.716435179919856,18.532925671133754,-44.92011329967341
93.59,-6.560078075448355,18.220409996762903,-45.086174746769345
93.60000000000001,-6.205450377377734,17.99050276691683,-45.15093720083221
93.61,-5.869537420571766,18.027111686539122,-45.54008787810228
93.62,-5.473569432556483,17.64792700846377,-45.54496341523217
93.63,-5.1445557772228385,17.592558549722323,-45.717106355332504
93.64,-4.688891203662079,17.317178120261694,-46.05593731354459
93.65,-4.260380527256766,17.063036601095448,-46.190745535662806
93.66,-3.7519696596460115,16.98900517495196,-46.26200760725668
93.67,-3.3413526912821987,16.560237802006114,-46.615650302873284
93.68,-2.8029696555906733,16.47525872036151,-46.63084403244846
93.69,-2.4452009150505867,16.312498776894934,-46.94288961396491
93.7,-1.695509979760381,16.101429135288857,-47.01109962012826
93.71000000000001,-1.3964204224474503,15.881846820403167,-47.25665371166343
93.72,-0.6052060152600042,15.690388124571657,-47.32467662721254
93.73,-0.028800895188064685,15.339373285564259,-47.60633901031143
93.74,0.5845109338513949,15.166616231387852,-47.68539430656905
93.75,1.0727998733528754,14.88048889337028,-47.976328769288806
93.76,2.110699300069579,14.545949739019258,-48.18706971423372
93.77,2.5323889060341864,14.5295138890627,-48.07863914482822
93.78,3.331436291060591,14.082425252945846,-48.380937165169726
93.79,4.159661988763045,13.888669989502922,-48.57518510505554
93.8,4.781574861304914,13.632472108438705,-48.717605760257214
93.81,5.778624947602563,13.200153306141944,-48.78858272799066
93.82000000000001,6.593104525487709,12.808274650104847,-48.903183061187846
93.83,7.3477185433304175,12.85522629597098,-48.83866644942605
93.84,8.23766120022836,12.212692998533809,-49.192305019572686
93.85000000000001,9.020367884064273,12.083253247098678,-49.24520259405805
93.86,9.796172555066615,11.716804085363634,-49.18658372390108
93.87,10.748569052650707,11.200891898826736,-49.20973131392861
93.88,11.59580599726826,11.066724076126953,-49.27767106748997
93.89,12.45832003566041,10.333802653909895,-49.222620051081115
93.9,13.315077587685977,9.783059149139318,-49.381345749384835
93.91,14.220151697535192,9.554533981118151,-49.335697719874005
93.92,15.628682993739426,8.963180521607727,-49.28570389733397
93.93,16.230416818205022,8.219661199447955,-49.25682238463319
93.94,17.10600141589702,7.843509594619446,-49.3550346818921
93.95,18.236699522590285,7.260587721723421,-49.114185589145265
93.96000000000001,18.864031006640214,6.700671749040138,-48.98581207727266
93.97,20.040347654482776,5.929756762293439,-48.99542552352314
93.98,20.89294093350093,5.247329661197252,-48.86380225813015
93.99,21.88618387662479,4.831389897762921,-48.65780312912035
94.0,22.669990172533698,3.9430827533149584,-48.3712897030182
94.01,23.764857843736934,3.216422628237903,-48.25210830820106
94.02,24.704004829995355,2.3305154363206895,-47.95826916642944
94.03,25.45733606453051,1.5628466234574991,-47.7122631697404
94.04,26.229154581085684,0.8278372597218243,-47.53857267815088
94.05,27.41608091094085,0.052231592369002294,-47.29397765911074
94.06,28.192641226425152,-0.7752833766287022,-46.901474893723034
94.07000000000001,28.921987554868746,-1.7364533821753962,-46.4485142975422
94.08,29.760313839413172,-2.756776727349417,-46.316013505719575
94.09,30.532103567643706,-3.7415606303724926,-45.896367655029515
94.10000000000001,31.19470868346771,-4.651596680083966,-45.403455633491824
94.11,31.988442963159844,-5.786971967978863,-44.84900765306134
94.12,32.695071518334565,-6.730731421833863,-44.3808628274323
94.13,33.45151950108391,-7.986472372478933,-44.015518361650344
94.14,33.921011438320946,-8.771935917642631,-43.34878578540369
94.15,34.526470720269785,-10.10122132432675,-42.7805966554507
94.16,35.046676470935886,-11.180438417707252,-42.09206575237271
94.17,35.60526375629177,-12.56285767811643,-41.646133416761224
94.18,35.77748155326827,-13.779144326893606,-41.12013061569423
94.19,36.210831631458866,-14.87771262552046,-40.29309608517355
94.2,36.52532191275737,-15.989700086966343,-39.586437582148044
94.21000000000001,36.78654426889954,-17.406686576565566,-38.88512237243783
94.22,37.00819269743484,-18.650385189897772,-38.092074939222435
94.23,37.16738300324264,-20.054636680455893,-37.427517145753995
94.24,37.127066143774286,-21.32690498392112,-36.6436529405011
94.25,37.211243371298075,-22.625017635153828,-35.71744509135564
94.26,37.15751832692481,-23.77762415673108,-34.99032477585792
94.27,36.95083264408896,-24.99374032844179,-34.09426516154846
94.28,36.74137737092336,-26.55276508624493,-33.31987396165701
94.29,36.4128900943877,-27.838003100816145,-32.38871866003875
94.3,36.22062312359253,-29.317679552443504,-31.510768887452862
94.31,35.658563312009605,-30.364335474695835,-30.555813967000695
94.32000000000001,35.14651203652332,-31.707910923434827,-29.64309390171392
94.33,34.77290413034263,-32.92951055394627,-28.81380354408426
94.34,34.081697998274045,-33.94729289055749,-27.846896708113846
94.35000000000001,33.3552142159658,-35.40173685597655,-26.914899596908274
94.36,32.495362759731954,-36.60593364463593,-25.888821162210704
94.37,31.614171830360856,-37.98114021207877,-24.763111715762843
94.38,30.70114171079857,-38.977575022706944,-24.18089952250854
94.39,29.474684988034355,-40.13327581030527,-23.06408625629555
94.4,28.386267009302436,-41.31284099307934,-21.93084671563736
94.41,27.05291057626496,-42.35863330668011,-20.996754909576982
94.42,25.8344242402466,-43.20987293887073,-20.118540423583124
94.43,24.56343666656914,-44.277092975415734,-19.123719400722134
94.44,23.21327226838174,-45.14755348236431,-18.25165699676417
94.45,21.621625373418436,-46.03231985176922,-17.20066428522266
94.46000000000001,20.19409925069507,-46.86911765170461,-16.614172651274558
94.47,18.63350696345475,-47.585111236116674,-15.442764415182314
94.48,16.967406985672422,-48.23443305146542,-14.736018396488067
94.49,15.246621091064112,-48.82793077566554,-13.970999213287788
94.5,13.459583404343048,-49.308567001520686,-13.077549133354633
94.51,11.586818313965223,-49.67069925100608,-12.25047740982119
94.52,9.88519991572813,-50.35912221915019,-11.724241638011268
94.53,7.985415697739933,-50.51110111136649,-10.990221298287867
94.54,5.9592326841585335,-50.71890175464963,-10.173704784189617
94.55,4.053078050786208,-50.755692293963534,-9.413435803602722
94.56,2.003029891154641,-50.92686588961007,-9.08093212181667
94.57000000000001,0.07329183071772363,-51.094208258980984,-8.350719121052286
94.58,-1.9767877954905053,-50.90863293308313,-7.987892226214841
94.59,-3.9977166172200658,-51.092309926877945,-7.590495129632361
94.60000000000001,-6.062668572773111,-50.72618046240516,-7.189108241500325
94.61,-8.218611445430152,-50.41805489147552,-6.644732758114391
94.62,-10.24667027094611,-49.99457219341716,-6.533843041991012
94.63,-12.380349450926271,-49.538266469316746,-6.070505504561524
94.64,-14.205929392970793,-48.93577174778205,-5.997031838048629
94.65,-16.104554665073305,-48.467550106349165,-5.7809057787975435
94.66,-18.01044035452422,-47.63267687659241,-5.693173482469918
94.67,-20.119859709917822,-46.87681540077233,-5.652661601454529
94.68,-22.00509669348616,-45.946591983160566,-5.6442486323125065
94.69,-23.76823922515345,-45.27730878646262,-5.7728581411922635
94.7,-25.572947597941237,-44.10984415253039,-5.867938721002699
94.71000000000001,-27.270406437153152,-43.08336101792768,-6.160504839314184
94.72,-29.04009557374807,-42.14042667930753,-6.24616755962585
94.73,-30.460432000344163,-41.060979768842664,-6.578509717559735
94.74,-32.12307886803269,-39.74130326484711,-7.030052862418302
94.75,-33.6562705354486,-38.2969107661596,-7.400430225157374
94.76,-34.845345782003896,-36.85250192850596,-7.8495002968477765
94.77,-36.20594269217177,-35.55538848560278,-8.353218214641876
94.78,-37.40442933812153,-34.04225383325624,-9.053193002536506
94.79,-38.56399200205643,-32.702665301706716,-9.706234758250913
94.8,-39.455866192393955,-31.375202446693528,-10.168915043962711
94.81,-40.49318445685159,-29.555844123611532,-10.977192571796442
94.82000000000001,-41.446064825195776,-28.1880254867667,-11.79416727173507
94.83,-42.203235409030796,-26.576805151242787,-12.428484435621273
94.84,-42.70922752894455,-25.123510260249354,-13.23162703828136
94.85000000000001,-43.41201730218447,-23.6410281877421,-14.307712937792106
94.86,-43.746269565362596,-21.93897756467174,-15.088100932542869
94.87,-44.22893381024984,-20.3118762888146,-16.12489792576246
94.88,-44.40032400194409,-18.806946426243687,-16.989682417060887
94.89,-44.44245101499276,-17.16107698337756,-18.27347925953798
94.9,-44.46278328448616,-15.703063581682512,-19.316378220968726
94.91,-44.35681431137302,-14.031267464619665,-20.253447917266364
94.92,-44.22309483130205,-12.56478671074241,-21.297665795307847
94.93,-43.753368663592425,-11.148239984554097,-22.578399286251017
94.94,-43.436780963011984,-9.730994303083776,-23.665374443631602
94.95,-42.826711563406704,-8.207143025248786,-24.766669816528395
94.96000000000001,-42.55181622524327,-6.85823240947807,-25.834254853683515
94.97,-41.60922434309147,-5.626336970126878,-27.069019155699078
94.98,-40.85264130877125,-4.241429115555847,-28.406553541064202
94.99,-39.967177888011136,-2.9868984295527636,-29.64887426854037
95.0,-39.05761529204655,-1.8959808878497626,-30.672542573785567
95.01,-38.153435805140916,-0.7690451284920957,-31.877175384209945
95.02,-37.11095774634909,0.25725410142767624,-33.122821584898986
95.03,-35.699407777856685,1.3082170149533652,-34.027169844843975
95.04,-34.43550642709504,2.092861446683542,-35.28877899695341
95.05,-33.20349326609702,3.014930894837583,-36.326413997802774
95.06,-31.757902357535524,3.841774333403694,-37.4631460348234
95.07000000000001,-30.089419607554973,4.558655248327152,-38.54305603051102
95.08,-29.068945752643614,5.357833081682816,-39.47571164095125
95.09,-27.04474576482314,5.618648922642359,-40.568803181683975
95.10000000000001,-25.566156994422506,6.1443980164872585,-41.499323651016425
95.11,-23.95450616682679,6.529609482431885,-42.381949063570154
95.12,-22.422925627130613,7.1516843165488115,-43.43132059367788
95.13,-20.530931485465533,7.341036440457646,-44.20420231545289
95.14,-18.726406715831626,7.282316924943864,-45.02876896904707
95.15,-16.99623385714392,7.356334337397068,-45.74488564827988
95.16,-15.293091579181905,7.737339604467854,-46.45154735648037
95.17,-13.57553561761132,7.691372750582561,-47.06817980936094
95.18,-11.7174699439961,7.469693668236571,-47.66721995360984
95.19,-9.836426192293445,7.344256309933719,-48.47682515612657
95.2,-7.994604360935573,6.866629125182893,-48.937165362575115
95.21000000000001,-6.008428055835616,6.7484629227307655,-49.34301690260731
95.22,-4.232110365862824,6.296067008476143,-49.80694645261658
95.23,-2.548956047170723,5.950518000371917,-50.129346212259
95.24,-0.6902099289472767,5.157262089350399,-50.534337578092114
95.25,1.1633775416737349,4.7145706053988485,-50.5996114583922
95.26,2.6622646668664336,4.1296263591602305,-50.99199971385063
95.27,4.675126624283572,3.4735399667279454,-51.01379850130631
95.28,6.193404769486642,2.9006180254702603,-51.21730311758779
95.29,8.112997678529394,2.03510067603693,-51.24704254813027
95.3,9.726144885763485,0.9936063977692338,-51.17289250181506
95.31,11.004289202569531,0.38042880272751906,-51.064414463324596
95.32000000000001,12.749714544235157,-0.6357398613728208,-51.110442447342045
95.33,14.342416422191333,-1.407836354580576,-50.83749253668861
95.34,15.711541007493247,-2.625070093445104,-50.498263523044464
95.35000000000001,17.096027400225402,-3.618945042009565,-50.477562007170235
95.36,18.43844851689804,-4.701302739880426,-49.84683182981042
95.37,19.820333579911292,-5.731692190392346,-49.508029852253316
95.38,21.23391718649996,-6.600974047881581,-49.18456455378267
95.39,22.469959847295936,-7.8915763173908084,-48.63260911117044
95.4,23.512377866523202,-9.039463101885596,-48.07359911941103
95.41,24.860335669904707,-10.1526775803229,-47.41729210473022
95.42,26.039442194240436,-11.26029175680913,-46.80443843909242
95.43,26.82143339553013,-12.317975031970029,-45.98926830598363
95.44,28.081170890770018,-13.670794872891795,-45.35706173884449
95.45,28.88754866076585,-14.84634163654557,-44.402791503811414
95.46000000000001,29.792740932396686,-15.96050867305232,-43.44896679843996
95.47,30.627573440013222,-17.240597190649773,-42.52257701941725
95.48,31.3843054107055,-18.253106536856976,-41.82025410565541
95.49,32.27331819729411,-19.48091700132295,-40.86384257101853
95.5,33.024993017299856,-20.602470789289544,-39.90061926086462
95.51,33.57264446843729,-21.69672114111112,-38.9992752517486
95.52,34.15998184636798,-22.864135377434902,-37.8513983953729
95.53,34.56070379516054,-23.815935861548407,-36.68705708697667
95.54,35.27664095465536,-24.785225394843255,-35.504394117220045
95.55,35.78631363954234,-26.129057210721488,-34.579261627930904
95.56,36.28169953100129,-26.997598842788847,-33.20287316233932
95.57000000000001,36.731988578174985,-27.993657949443058,-32.138831018519156
95.58,37.04176977108814,-29.030217896558277,-30.81442455814649
95.59,37.32149569973306,-29.894792508849832,-29.546215846403747
95.60000000000001,37.52844103933725,-30.978634414868722,-28.38461265565745
95.61,38.02423983208868,-31.836967923673107,-26.99460827950077
95.62,38.200514961447055,-32.6553251808498,-25.682631697979538
95.63,38.34538306294589,-33.440627480444604,-24.2563408659871
95.64,38.664327434873215,-34.25076638716279,-22.820308265436932
95.65,38.64459580522888,-35.062362327997796,-21.412502003112
95.66,38.79990013233654,-35.91970088023291,-20.217027317526217
95.67,38.94008506497009,-36.5183615746812,-18.82345564086068
95.68,38.87476660625076,-37.04691295951447,-17.409977607543595
95.69,39.10641571447103,-37.64229740415314,-16.0307616137259
95.7,39.12452449616474,-38.372076463884866,-14.544169986187972
95.71000000000001,38.948294473394995,-39.08379372292991,-13.072092158583732
95.72,38.90645371958616,-39.35031066066531,-11.713466815266186
95.73,38.80521714888961,-39.964052735608,-10.256316187701035
95.74000000000001,38.7209757496237,-40.18414044330033,-8.808120136058704
95.75,38.75085104851519,-40.7549540223116,-7.246162198397985
95.76,38.709447973392216,-41.05547030952215,-5.93075693954053
95.77,38.59006665341702,-41.45329460387412,-4.585030321390951
95.78,38.48370720929298,-41.592677715349524,-2.9998278626430235
95.79,38.26202063283618,-41.78335078355242,-1.4534212534352229
95.8,38.15374141630676,-42.001101090570025,-0.1226278194526139
95.81,38.033152165334315,-42.16085100860479,1.3904685279554159
95.82000000000001,38.08894434310473,-42.35160214830944,2.8160310464609752
95.83,37.75234770371323,-42.46863147611114,4.333053749744235
95.84,37.52148335568304,-42.544954074163414,5.602546755821717
95.85000000000001,37.247970836017416,-42.43251802444801,7.07365352991543
95.86,37.12945732803026,-42.54084207629927,8.550013997308454
95.87,37.074553310952076,-42.3800844542672,10.0112274040554
95.88,36.80455654670095,-42.17654806330287,11.26702329581063
95.89,36.56691402381277,-41.7469345885706,12.711166622260574
95.9,36.402845146236004,-41.663671233695226,13.892286731610936
95.91,36.2464691617325,-41.66949373487417,15.33714391754932
95.92,36.07312120793574,-41.497135284253616,16.73201956981602
95.93,35.810271375161015,-40.86542236228413,18.04858562102104
95.94,35.54941108679578,-40.732523762786464,19.491927943698236
95.95,35.49730665596095,-40.54860917096031,20.66302815959736
95.96000000000001,35.16714680803518,-39.99321905810087,21.953486998508403
95.97,35.02422128584506,-39.40540909375095,23.26622287012617
95.98,34.85545389078707,-38.91431821070477,24.552066004533057
95.99000000000001,34.55749438098701,-38.59050143555921,25.727213267746485
96.0,34.27110293137687,-37.74258376325706,26.929195967999956
96.01,34.1823759166512,-37.362510149350214,28.15904273398336
96.02,33.95488222459126,-36.55980693206728,29.342553359311655
96.03,33.62317035231118,-35.88444047181509,30.486483435290676
96.04,33.36327710714076,-35.49304857371044,31.58706384140804
96.05,33.0214681329052,-34.65135987225436,32.70148550087539
96.06,32.83372789583639,-33.9577351969829,33.80682255981452
96.07000000000001,32.53017074012493,-33.202345810962505,34.884644658220886
96.08,32.38363838539543,-32.52612504084287,36.07537955378448
96.09,32.25108420984174,-31.656466240987083,37.16872292520017
96.10000000000001,32.09370615207518,-30.85237000356243,37.99798617069007
96.11,31.52448666677616,-30.13262399618893,38.9724698406685
96.12,31.347603848951945,-29.0928609968555,39.904603877952894
96.13,31.07746119522589,-28.21762155691685,40.66378914762355
96.14,30.876940313175872,-27.35362004918578,41.635532624782265
96.15,30.52193162634188,-26.094921920632085,42.483150252893964
96.16,30.130939489349657,-25.191120697588218,43.38153231320036
96.17,29.95869898300433,-24.31510047399984,44.102482687754026
96.18,29.45660609296426,-23.534172090292504,44.99760751639825
96.19,29.254947566179823,-22.42634684034712,45.89964262466987
96.2,28.838607272508703,-21.384852225625128,46.40925523319149
96.21000000000001,28.415808283704962,-20.177983076376215,47.13393886241216
96.22,27.857396502271154,-19.10992044579871,47.919362190804236
96.23,27.507146143010797,-18.04581881923389,48.49098790456581
96.24000000000001,27.0551672807487,-16.785081115391737,49.02376235267318
96.25,26.694455613318762,-15.889645325499608,49.863548016487655
96.26,26.358649551699493,-14.785252644580199,50.24662496540562
96.27,25.73357184065783,-13.621445638363493,50.61011920219398
96.28,25.163233645182782,-12.466429462163402,51.03760962079609
96.29,24.40905001639331,-11.315964078847825,51.606179388545925
96.3,24.064046357523395,-10.07755609817553,52.08506377333476
96.31,23.646776226840768,-9.012434818425886,52.526250757405954
96.32000000000001,22.72323732098795,-8.130416961414873,52.77247662855576
96.33,22.228373283504865,-6.760933393927956,53.13167013310375
96.34,21.479411913368615,-5.6851765845369995,53.40032157871269
96.35000000000001,20.76223327238309,-4.41132789194963,53.52637546569168
96.36,19.95444776591283,-3.3225453365975115,53.902401715063036
96.37,19.520028837597145,-2.230647257816632,54.16141717069245
96.38,18.779339831116552,-1.1450578988427076,54.106812972404825
96.39,18.10811441343017,-0.28398509041575504,54.18199683340638
96.4,17.05509647023225,0.8032099909852154,54.562430185698666
96.41,16.18183770262715,1.8345466300248983,54.38174179022708
96.42,15.521392241045113,2.9721388544268676,54.65819921060279
96.43,14.58722414431459,3.934756581907379,54.70545888147637
96.44,13.69465757480511,4.911287110009137,54.49202562120771
96.45,12.724724439401443,5.846296682772154,54.47154704955971
96.46000000000001,11.619410967843871,6.731311660377686,54.23012867623032
96.47,10.786751435767469,8.070795379168928,54.174350447327804
96.48,9.646707454452034,8.830995645166427,53.9630259492975
96.49000000000001,8.524888142033504,9.425587422602703,53.98624168085886
96.5,7.2886249740590205,10.440374993025658,53.658310708930266
96.51,6.300921310572031,11.317652826796007,53.45745815838571
96.52,5.50072585279436,11.93413098346862,53.228867067788016
96.53,4.000905237426325,12.582917373761829,52.95185104976067
96.54,3.02392785673645,13.297988517442018,52.61053407795112
96.55,1.7553214654915736,13.903205467110919,52.15910722723825
96.56,0.6413147740031179,14.32175371034,51.90546331469995
96.57000000000001,-0.7905925967792081,15.089901309786214,51.649013191881146
96.58,-1.7700410789615888,15.506883319116728,51.20869187180294
96.59,-3.089939141432723,16.071232738924053,50.8182221072918
96.60000000000001,-4.3642418178316,16.285723595305388,50.35017660984416
96.61,-5.60718097410921,16.5283476321679,49.881886649642546
96.62,-6.693697718334032,16.9090169662032,49.556555821666834
96.63,-8.10473336976623,17.220100396464787,49.15033556286546
96.64,-9.532008207395423,17.516863035325812,48.69033808033041
96.65,-10.638552306607927,17.610656098999737,48.179434723757865
96.66,-11.67839675423207,17.555336954001586,47.7273112298634
96.67,-13.141239372151562,17.542310107646816,47.320825076131094
96.68,-14.370673314584689,17.886006803494265,46.73020863095663
96.69,-15.610359514873425,17.517577684981454,46.25244376492581
96.7,-16.92236959815158,17.46728172192549,45.83607899210833
96.71000000000001,-18.13007178501075,17.19472583386468,45.24640505584027
96.72,-19.432924435847013,17.050613715163987,44.789678565614
96.73,-20.435301006617983,16.38345823473963,44.281024576542755
96.74000000000001,-21.830822437421507,16.121865193462863,43.529776427157955
96.75,-23.023620470110288,15.86190757916995,43.21289254034754
96.76,-23.836364103699673,15.473704218993985,42.925973376520375
96.77,-25.01379951705976,14.848767081420137,42.22602590960474
96.78,-26.172060384205277,14.461706340523332,41.926226710465166
96.79,-27.211176401379667,13.685378695923823,41.53698188409238
96.8,-28.211382376584215,13.12471303073347,40.987399425051905
96.81,-29.202231233153952,12.34191526858177,40.61816607683019
96.82000000000001,-30.055841627601037,11.597991048857647,40.161896999688956
96.83,-30.89791966561061,10.867150817398207,39.893740418171284
96.84,-31.679361998862888,9.888710640767863,39.70033869506358
96.85000000000001,-32.50579834133033,9.040590664354538,39.080624457064125
96.86,-33.04615080264297,8.17795553516499,38.928581223108154
96.87,-33.89856901011254,7.3708591635318275,38.612047570489224
96.88,-34.423893228005795,6.21223319775204,38.222882010614875
96.89,-35.05678361277124,5.319746276654591,37.923816389893645
96.9,-35.58797096821466,4.124646635108773,37.7274634317326
96.91,-35.912597657247915,3.33075075367807,37.74643436639717
96.92,-36.26524015654857,1.8711070744345732,37.4633293442438
96.93,-36.675660967346445,1.0342271126310454,37.336454995281365
96.94,-36.95731364055821,-0.28131032332780226,37.28127745989843
96.95,-37.08537624049257,-1.3357391087253014,37.09067405985065
96.96000000000001,-37.12784914446791,-2.3428525732505716,37.0123232969104
96.97,-37.34829791068839,-3.786813494617758,36.93853138165821
96.98,-37.54171085771951,-4.696281859796076,36.911108375567885
96.99000000000001,-37.27805019822277,-5.813626454281476,36.98327372122766
97.0,-37.05839492665194,-7.236126042787975,37.04550809527695
97.01,-36.91459684166005,-8.16501925951546,37.1811017276471
97.02,-36.87468165925449,-9.319949588807752,37.20811151585466
97.03,-36.58727467930679,-10.455745319565809,37.418976875580164
97.04,-35.95942637912143,-11.528429369360586,37.56842048001221
97.05,-35.54985975347372,-12.659511958702454,37.54471439544858
97.06,-35.15048917006767,-13.600901259324942,37.871442103073896
97.07000000000001,-34.4983337965,-14.812242946097772,38.055785780291544
97.08,-34.19754303968339,-15.756111534439702,38.31224413992009
97.09,-33.328084188894366,-16.71881419606854,38.63095788510804
97.10000000000001,-32.507017463411486,-17.831096846542888,38.80864478566376
97.11,-31.909819187920572,-18.7054735815924,39.36764037727382
97.12,-30.95980618195662,-19.549057273506033,39.54086374802603
97.13,-30.02231212492689,-20.477504608888715,39.97314354040612
97.14,-29.244818605752705,-21.385450831305054,40.11322668209805
97.15,-28.006748149566267,-21.961856459337657,40.64939562784068
97.16,-26.974655484165837,-22.863148142014257,41.119259161972344
97.17,-26.033302115021204,-23.297742072116357,41.37641490275189
97.18,-24.967932618815,-23.736351666788543,41.7522847454035
97.19,-23.625591998041234,-24.328461965043243,42.10900731584355
97.2,-22.5177980379509,-25.312507362396165,42.541348002451244
97.21000000000001,-21.383967883205806,-25.506974189356317,42.96657381357456
97.22,-20.12188475075628,-25.93305901898029,43.351420814650794
97.23,-18.667040245291478,-26.243324120850623,43.99554453140709
97.24000000000001,-17.64045058811319,-26.62544628483391,44.389394665592576
97.25,-16.190917094769283,-26.93832368975584,44.72503458735225
97.26,-14.660911438397184,-27.080847530517474,45.30915994890583
97.27,-13.313515570795616,-27.313627453907877,45.73473107033603
97.28,-11.829322670565526,-27.352622389873098,46.052413523663624
97.29,-10.466949305945251,-27.3173561247659,46.42911396883701
97.3,-9.409812173296887,-27.43675382539624,47.068663025998006
97.31,-7.759035052469093,-27.419826567687824,47.24078962447595
97.32000000000001,-6.232710226540119,-27.28662107301802,47.92726637117218
97.33,-4.954303612264068,-27.023489990190694,48.12884201617761
97.34,-3.591913766968285,-26.65304057842776,48.67770615052107
97.35000000000001,-2.161797559872918,-26.53756177610854,49.086806641681186
97.36,-0.8434166863815373,-26.14036579365843,49.28195500659016
97.37,0.7858527822662127,-26.02983929847775,49.696860319847836
97.38,2.1071485666395846,-25.337837915734674,49.97185835956365
97.39,3.2803793976886912,-24.920881710300986,50.285906718067864
97.4,4.746589978510658,-24.151323614338953,50.70959019242377
97.41,6.178465914828797,-23.638667286801102,50.87320699517562
97.42,7.373158196467685,-23.14292394198159,51.07141982764662
97.43,8.698103446728123,-22.555838741945895,51.52496079544473
97.44,9.950136561354874,-21.815587646328765,51.43277878518352
97.45,11.342681719967223,-20.96760330632877,51.7460737304128
97.46000000000001,12.534110262196279,-20.296186717325316,51.9783868198373
97.47,13.90623180296933,-19.380555508883802,51.957062034290544
97.48,14.931992116663896,-18.612054789234406,52.18370241610803
97.49000000000001,16.130899594908758,-17.704475424890024,51.98183804763429
97.5,17.2093385160374,-16.6627785503953,52.234259813694386
97.51,18.457522621434002,-15.926388252011245,52.50469796234176
97.52,19.359615470266814,-14.820047901887182,52.39736635624918
97.53,20.490030665381603,-13.889491040272013,52.357688210080035
97.54,21.600183698027447,-12.76486990784027,52.26155285664729
97.55,22.62992562916528,-11.84538954776987,52.28875032110191
97.56,23.242373876851136,-10.90014180301664,52.227480942257635
97.57000000000001,24.41422869288744,-9.813802880258917,51.877362593765874
97.58,25.089186423582444,-8.723782817970802,51.948077870244276
97.59,26.0861806892001,-7.736265611919103,51.561040529945124
97.60000000000001,26.870285822239758,-6.623354680392626,51.3831387286742
97.61,27.600704432191044,-5.581704256315587,51.25946989524615
97.62,28.633879267952544,-4.618107313381646,50.843428333184555
97.63,29.181991593606693,-3.2600862582597556,50.58635314286465
97.64,29.642442921280196,-2.1543038738123026,50.3060607705282
97.65,30.391112742787513,-1.3463069943771422,49.98469198255403
97.66,31.182444983207436,0.0668917140747049,49.78118595799724
97.67,31.846003604437787,1.049341130734746,49.41833074453469
97.68,32.598731604253196,2.006074761907061,48.939663005333195
97.69,33.02758099179079,3.2097521669589795,48.749589332058086
97.7,33.56272116987928,4.2840856469480135,47.813074653559454
97.71000000000001,34.01808032765926,5.261598858128081,47.55355057528277
97.72,34.57629532812347,6.423980551829991,47.0303635674752
97.73,34.70956853899984,7.501202517169102,46.24704393613951
97.74000000000001,35.40219564168122,8.558487195343629,45.918223864770255
97.75,35.815677994550974,9.687769489110083,45.23110425349143
97.76,36.25256770570525,10.746488943307275,44.7401249553562
97.77,36.497045516506205,11.449356029157604,44.220144633385175
97.78,36.78967609929171,12.68072567564672,43.443575897371446
97.79,37.222007983166165,13.517830464522088,42.7717901045609
97.8,37.532604725813655,14.501159060480237,42.05343133741665
97.81,37.85754699784503,15.534784630338603,41.42029501796741
97.82000000000001,37.988939568064225,16.363137362330882,40.73543517235191
97.83,38.321380275040156,17.437941796989037,39.91425436572904
97.84,38.65870984923475,18.12924375421053,39.24839919279762
97.85000000000001,38.79741442501616,18.86585870704848,38.559663681303206
97.86,39.16653420848946,19.842566748582346,37.724413359895074
97.87,39.396093945106735,20.636130863763807,36.910867738175526
97.88,39.49576503162635,21.363186519010302,36.079941604264874
97.89,39.69517317909576,22.23263636978934,35.234335610735435
97.9,39.726935214509965,22.97181820590991,34.4831002663423
97.91,40.01196266146975,23.74383144379088,33.593129904842776
97.92,40.307879695235634,24.321366871332696,32.71907480264552
97.93,40.327956479646055,25.006215583499543,32.099303323920026
97.94,40.53026816479503,25.871484238273133,31.021068137010992
97.95,40.69820580929468,26.338775899778824,30.050159192873156
97.96000000000001,40.780894927540366,26.97279378091767,29.20609896613326
97.97,40.98495124423142,27.525098243085914,28.347995039811085
97.98,41.13190727000072,28.15028086016335,27.730848100594635
97.99000000000001,41.304635305054276,28.521287891471875,26.476935808703246
98.0,41.41327524071204,29.24437492130486,25.56818257762703
98.01,41.49987815420205,29.691491898189895,24.692010396921987
98.02,41.83516076739851,29.961682679794368,23.5686936477588
98.03,41.94969607221243,30.578173742149048,22.776461149308638
98.04,42.101024760576024,31.041915462719114,21.655490305701754
98.05,42.0837995527891,31.22251011443898,20.846113570604846
98.06,42.406403387624714,31.56132077140345,19.76472230868616
98.07000000000001,42.519302900763925,31.742799764136674,18.964235789407343
98.08,42.52690551966826,32.22176336818879,17.657446271861225
98.09,42.72324910485251,32.39487161438967,16.74905582410534
98.10000000000001,42.86487071912923,32.59864425011727,15.682082768426174
98.11,43.08473727840683,32.82337805458941,14.581227102312623
98.12,43.25205747098912,33.06218179970194,13.469208293022946
98.13,43.37366731023219,33.273205228502796,12.60744557102379
98.14,43.59879547578028,33.34959475976563,11.577339857837034
98.15,43.64193396706704,33.47654416363242,10.563583255880005
98.16,43.76400904552636,33.66097275693803,9.456529818604798
98.17,44.07087301407658,33.5614579082143,8.487095685755323
98.18,44.174589578326234,33.70326594904093,7.3184821008906376
98.19,44.35164816390843,33.77681000450294,6.436035468417093
98.2,44.52810241336619,33.61613646783145,5.295888308260309
98.21000000000001,44.61789156298266,33.650927755261435,4.102849293015852
98.22,44.618672006060734,33.38878188782336,3.1119888587690636
98.23,44.77988209749082,33.38478484310528,1.8813679989009764
98.24000000000001,45.255839350763985,33.073861462083094,0.758942720269593
98.25,45.30242472156277,32.99654461162257,-0.09829778284777499
98.26,45.251934830296555,32.87338068140447,-1.2432664704789838
98.27,45.48664498586493,32.632101224030265,-2.4729244476966032
98.28,45.62878942400423,32.39501092378395,-3.5290220625555446
98.29,45.7348199728531,32.22381880049354,-4.455788193069807
98.3,45.956899033253,31.732980158882615,-5.5304319488216125
98.31,46.15036550042076,31.429591325590557,-6.6958641324973165
98.32000000000001,46.17174370777395,31.128239905775033,-7.790562317429899
98.33,46.16283260464984,30.860917605380656,-8.965160060271606
98.34,46.23544815709457,30.48989227641757,-10.021752976688159
98.35000000000001,46.286957700367616,29.993113278182364,-11.240739129081199
98.36,46.40176856442029,29.559011300051232,-12.10707509143223
98.37,46.43001173211476,28.957797791990213,-13.320351169370111
98.38,46.29924139615636,28.512116690271316,-14.453342046126364
98.39,46.4092257970173,27.984604724147147,-15.49741949730211
98.4,46.23058840537604,27.476813640885556,-16.66164459617108
98.41,46.52411670099802,26.68260015978781,-17.74953789266861
98.42,46.32786887385207,26.335165601127144,-18.768034103355625
98.43,46.389994763248,25.500422196875927,-19.74500985334021
98.44,46.09089305486447,25.100751313668766,-20.89511282455208
98.45,46.11426324829761,24.259177050385325,-22.214470004920344
98.46000000000001,46.1132416925516,23.527661599641906,-23.053806129146484
98.47,45.62443529176714,22.825469837557176,-24.282012606350087
98.48,45.59202939009179,22.206144542698233,-25.29288940109836
98.49000000000001,45.29669519716012,21.383319855705917,-26.231769035111093
98.5,44.99770631615199,20.620997912772562,-27.30027714114805
98.51,44.777648441334804,19.783556877753156,-28.4296016455606
98.52,44.39117586151933,18.988071882649123,-29.20561646781687
98.53,43.9025765349859,18.243503939361574,-30.500845696576373
98.54,43.62050804719775,17.36708133899286,-31.3373597353647
98.55,43.02265018413713,16.560109205077357,-32.258369093300324
98.56,42.799872371704076,15.689868473237897,-33.17382399003864
98.57000000000001,42.097492141757094,15.032517819398468,-34.317604079523335
98.58,41.553384893213206,14.011957663553627,-35.206077386940784
98.59,41.115647603741785,13.31975772395076,-36.188064310129604
98.60000000000001,40.416211159771905,12.261447678264938,-37.072516965853254
98.61,39.82918300631065,11.391984611856023,-37.75290022035779
98.62,38.98570069403596,10.669877424628448,-38.6818425276581
98.63,37.970545035584976,9.8517537464308,-39.65771772487312
98.64,37.478778555915476,8.729155928908673,-40.70165983440396
98.65,36.51494900675178,8.044574307128318,-41.254403792629645
98.66,35.717551768511335,7.176385969551575,-41.96341085031914
98.67,34.8047464931477,6.261462528633828,-42.849815900320166
98.68,33.91123110835605,5.526546773387065,-43.579412123855185
98.69,32.90934981970733,4.523147578756051,-44.059133867060396
98.7,31.516804797012007,3.9272522975144986,-44.99384440956264
98.71000000000001,30.820877560764107,3.107191396269899,-45.44088392002453
98.72,29.358122790300367,2.470796160067557,-45.891552740669255
98.73,28.255824721759915,1.4140396664423467,-46.55833604841446
98.74000000000001,26.7926615049592,0.9341374807900057,-47.37173813412297
98.75,25.86989139076011,0.09464176858553441,-47.72605774339713
98.76,24.624620557126395,-0.6943985248816559,-48.11776567520766
98.77,23.211276122304593,-1.0210329482322633,-48.677265048247556
98.78,21.55928421108857,-1.5975127438982075,-49.12952250554787
98.79,20.42831757156111,-2.097171150957352,-49.523663029875145
98.8,18.933628125813843,-2.729232570453778,-49.87783372453739
98.81,17.532651875333144,-3.275225914086284,-50.21080082183141
98.82000000000001,16.050249078986553,-3.6365028965270847,-50.65077447056339
98.83,14.553040090763563,-3.9883024550522963,-50.74004973707179
98.84,13.054947598366653,-4.304522238057916,-51.00428467958561
98.85000000000001,11.51978792289283,-4.548126224743171,-51.20380393892314
98.86,9.857999560262485,-4.745134054177032,-51.21069843338291
98.87,8.358825137410523,-5.00816280463852,-51.33968144397244
98.88,6.792976383358882,-5.207729683623807,-51.22438717818397
98.89,5.250465354527074,-5.195720866576201,-51.51065947185511
98.9,3.648633609502049,-5.290513937189132,-51.00175457365843
98.91,2.067542573322347,-5.436876927996553,-51.15753132620846
98.92,0.42544826832383076,-5.162435286873164,-51.2110925498732
98.93,-1.0978079043280757,-4.9825211590578595,-51.17503591885383
98.94,-2.7538855435933125,-4.974064789452812,-51.07075724278789
98.95,-4.238238974814401,-4.6612904362437915,-50.53418165421393
98.96000000000001,-5.596120232993778,-4.250789649459885,-50.39975747630582
98.97,-7.003959229729449,-3.984676287321792,-50.26972031531327
98.98,-8.67013636973692,-3.422762650200875,-49.82040745415826
98.99000000000001,-10.055014080846822,-3.0711386710545665,-49.56060963334073
99.0,-11.324705755594204,-2.390372795561306,-49.059595729567505
99.01,-12.972800168118939,-2.0192536876550538,-48.57958496352033
99.02,-14.03386915448726,-1.3583830295113108,-48.19550630079634
99.03,-15.234496620629395,-0.5668489855218266,-47.72901288656038
99.04,-16.490903504074353,0.2893477807088941,-47.06894996572138
99.05,-17.533693281458262,0.8262465182204526,-46.641380843638395
99.06,-18.893823308333772,1.7474506197938497,-45.98866995986476
99.07000000000001,-19.807469112475296,2.82087464660516,-45.50736344579759
99.08,-20.596685516729732,3.7199647169342698,-44.62421576625473
99.09,-21.720166733272773,4.689592137459957,-44.28513489857439
99.10000000000001,-22.4828963310649,5.631002561314168,-43.49362001736653
99.11,-23.298467809280805,6.802239796230788,-42.74797664191783
99.12,-24.01949114463061,7.894805649292949,-42.01973905014494
99.13,-24.44843053955546,8.899859686605117,-41.27685965092175
99.14,-25.072260991953303,10.24225835444351,-40.654754998932354
99.15,-25.49151957562759,11.473803987384898,-39.79299028177852
99.16,-25.806117170542336,12.528565516202223,-38.84634600376833
99.17,-26.23205154262858,13.890745376996207,-38.16138581210715
99.18,-26.36969852644733,14.944751077309453,-37.42298930269938
99.19,-26.394301444192788,16.23165689537966,-36.62831387525754
99.2,-26.41903217969824,17.531665379484338,-35.82241851605864
99.21000000000001,-26.554589728972594,18.898079095505928,-35.023018074062136
99.22,-26.27806840037069,20.08449323322582,-34.27809032772993
99.23,-25.951496338188328,21.409573600797316,-33.393133566417
99.24000000000001,-25.53209273892217,22.660748975633577,-32.69006715966913
99.25,-25.161590263894308,23.896209302606273,-31.973074600501974
99.26,-24.67029961309499,25.158271569886832,-30.94035058443256
99.27,-23.93515261548007,26.38901043101351,-30.164350144683873
99.28,-23.466705467364413,27.67981961604229,-29.47420114206686
99.29,-22.760852147861726,28.916853104965753,-28.9683955987607
99.3,-21.88272292253088,30.199955560725723,-28.082019944757626
99.31,-21.017419807736978,31.09708471136846,-27.251966244876638
99.32000000000001,-20.079955095389987,32.13821414032302,-26.512135324588186
99.33,-18.777279698924534,33.36574113494741,-25.987305457057168
99.34,-17.72523350961118,34.146871758116355,-25.207467284198916
99.35000000000001,-16.6262268431974,35.039221181667315,-24.52277690871087
99.36,-15.099069592079683,36.049978323066185,-24.11081663111504
99.37,-14.065020977461774,37.02963106100744,-23.405784260506135
99.38,-12.367679867689562,37.61061914047731,-22.735642152158448
99.39,-11.0606553545738,38.7223619465007,-22.33218623251852
99.4,-9.674290195308917,39.26907021697229,-21.426125793696247
99.41,-8.056419322948917,39.78958462512007,-21.22929085189118
99.42,-6.519929631224982,40.59684760437255,-20.60142671730787
99.43,-5.133430731202315,41.13788255229152,-20.22733698789371
99.44,-3.4256674777992213,41.493148250645575,-20.110752879673907
99.45,-1.6301690485552647,41.96725250532875,-19.59160061402352
99.46000000000001,-0.051013568452408994,42.34345583906072,-19.265212143353477
99.47,1.6684657906682583,42.63741383033276,-18.980592721337647
99.48,3.1792969482712423,42.701412413405535,-18.551246775766057
99.49000000000001,5.098747366236339,42.92457563967299,-18.490519598556293
99.5,6.7658533518266415,43.05744359272471,-18.1464504449202
99.51,8.411955121137787,43.13605910726082,-17.898122635929017
99.52,10.196761372465202,43.22512574765363,-17.75253493461997
99.53,11.913697957266125,43.20104252128965,-17.54285992332148
99.54,13.4582817640332,43.133045822769674,-17.604114298105202
99.55,15.192319103137637,42.68339261052272,-17.2763662529083
99.56,17.14898702014134,42.369677445013956,-17.30319677384807
99.57000000000001,18.631283385245855,42.10344527830308,-17.38238726488403
99.58,20.293600842336915,41.85825638809325,-17.38998418920498
99.59,21.858897591239174,41.35986278030698,-17.63330446473854
99.60000000000001,23.283189564036004,41.088424946767,-17.746419289316158
99.61,24.994680775127286,40.28453629632663,-17.962829359321486
99.62,26.453061317167545,39.985624734845125,-17.96005910895886
99.63,27.691387741073957,39.306796238174094,-18.230017631379777
99.64,29.191100283063477,38.65841547234981,-18.50971576797356
99.65,30.558079064448403,37.92299618828602,-18.529230681263794
99.66,31.749370430127335,37.17653482143131,-18.89059873503768
99.67,33.045105207320894,36.43762351371762,-19.130526330148573
99.68,34.24195141749308,35.484766887896896,-19.507332098223536
99.69,35.462766670785754,34.650342527075864,-19.661199551019916
99.7,36.72523300239121,33.73112231492509,-20.155525506436536
99.71000000000001,37.735388911559696,33.01965242722173,-20.299871796969153
99.72,38.53375590099388,32.04065573978521,-20.83621925998019
99.73,39.476867293949546,31.135292286530195,-21.33186813272026
99.74000000000001,40.40433322452881,30.206262933579744,-21.602396185316966
99.75,41.20460263242727,29.05913564739115,-21.94884009387099
99.76,41.95638524037511,28.347088873394295,-22.15790427030175
99.77,42.639222292846824,27.321232650349156,-22.901850306337362
99.78,43.28105878992519,26.31787795428344,-23.298224183132685
99.79,43.91849200379106,25.20740936797598,-23.95043286086464
99.8,44.46002829863698,24.425139047568358,-24.48379220691637
99.81,44.99041819459127,23.23986170330825,-24.828016802104557
99.82000000000001,45.22698302267526,22.39136322200045,-25.31469025482457
99.83,45.65351737992805,21.219871246994373,-25.663674213489355
99.84,46.13335372000458,20.336344797882624,-26.57075399957077
99.85000000000001,46.13854840939364,19.42150805124622,-26.837689930603855
99.86,46.37354388313797,18.639389255112896,-27.530374779094192
99.87,46.604823068953515,17.438132011329106,-27.881376331287232
99.88,46.47934355034527,16.371523584664036,-28.564825587319465
99.89,46.84124460670995,15.694647394901176,-28.999220196900946
99.9,46.83576121184455,14.808500807664792,-29.404354853726222
99.91,46.67185286281094,14.087393498105108,-30.062556646288993
99.92,46.77564409170846,13.000965324931252,-30.486059858420955
99.93,46.81608896791794,12.169788802401197,-31.049137980455974
99.94,46.77172078929169,11.486969767154678,-31.63753162197522
99.95,46.55517688264972,10.669708736870044,-32.20779015398812
99.96000000000001,46.17264755543441,10.030367456659729,-32.560497087294834
99.97,46.09652946294389,9.205343567551505,-33.11502041389141
99.98,45.71115244498412,8.52174227503225,-33.60784890061908
99.99000000000001,45.326505013723796,7.854142986173687,-33.94982707202659
100.0,44.938309838834115,7.220620350317789,-34.56651181721138
100.01,44.93848830774763,6.830390376695664,-35.09733787785454
100.02,44.45488187098459,6.0678380417198845,-35.69519677147354
100.03,43.99780811673049,5.59825451199459,-36.073653923800755
100.04,43.58142951997977,4.988210504402335,-36.45614005989604
100.05,43.30733361097513,4.562865042597432,-36.8612917310192
100.06,42.7000959048525,3.991282144271008,-37.39794819335085
100.07000000000001,42.314673627684954,3.326172505178745,-37.91184644159118
100.08,41.91336153249358,3.214671647945112,-38.130134716768815
100.09,41.35841980967614,2.9181409935692404,-38.76547459866854
100.10000000000001,41.03230860906447,2.5562731473326186,-39.06621472407428
100.11,40.51721081295255,2.081316007393383,-39.47237358788654
100.12,40.096500585910576,2.3227875788703187,-40.009124454256806
100.13,39.418950603261564,1.89219026058471,-40.31358685290059
100.14,39.05465330617632,1.8274387104916268,-40.6685052988632
100.15,38.57357871412911,1.3924995982004698,-40.970803117558496
100.16,37.957661097738125,1.1756189196862343,-41.69858784552771
100.17,37.48591838292858,1.1695343294782716,-41.68774487449524
100.18,36.99561007579309,0.9038610571373872,-42.18608906223662
100.19,36.452965336066114,0.9728660677635783,-42.572523604823346
100.2,36.068038668516365,0.88722131408841,-42.886883242588596
100.21000000000001,35.44537680445092,1.0559482739710213,-43.12899322567453
100.22,35.164453175042226,1.1300296201225475,-43.354926720547134
100.23,34.56456315700379,0.7558485053268273,-43.76914948913278
100.24000000000001,34.165874064604886,1.1568683938050341,-43.965593341877074
100.25,33.70041255658406,1.1501487415259595,-44.183434581369916
100.26,33.1274409988804,1.241300521596633,-44.30738814595514
100.27,32.62217755654068,1.3412061523039442,-44.76045650748819
100.28,32.31810277340198,1.5228290928650317,-44.96058067531005
100.29,31.84557778795028,1.8136529656415776,-45.036783419292384
100.3,31.498584743143134,1.9549495263571135,-45.24432783607467
100.31,31.028568624652205,2.2011065142072663,-45.41297792042202
100.32000000000001,30.46334342803527,2.397140716722185,-45.64780610386394
100.33,30.208007965896606,2.7369382843186747,-45.77883046469839
100.34,29.90438626691609,3.0348208171180318,-45.96771711979415
100.35000000000001,29.438907023026267,3.39747439383744,-46.25106013715691
100.36,28.936796124849867,3.7072144875768083,-46.175468541476555
100.37,28.353927186724935,4.298095061263425,-46.377037449290086
100.38,28.25586525327125,4.344064097923831,-46.43143357453853
100.39,27.802201551074898,4.706095528128456,-46.73729723878983
100.4,27.602089016499754,5.352494083066771,-46.615342733432485
100.41,27.193530695751722,5.598912576171608,-46.58026296937769
100.42,27.016098860261742,6.1167686103902525,-46.72745568434266
100.43,26.514838216259772,6.594064022798946,-46.775305978682304
100.44,26.19850286085835,7.14238150017726,-46.69953196340883
100.45,25.91557938891199,7.618996932616231,-46.763527027500714
100.46000000000001,25.403776989893256,8.188787232065867,-46.73323098580824
100.47,25.310114345699407,8.624148331210877,-46.92940232548953
100.48,24.715361904592854,8.954168680157617,-46.77232846265815
100.49000000000001,24.689393770514553,9.747954041203686,-46.796898590670715
100.5,24.198338311173583,10.24813534386395,-46.70021065481771
100.51,24.052089607507185,10.523348215944534,-46.49028502915482
100.52,23.618180416812304,11.120229855136964,-46.666878713138274
100.53,23.524867258054286,11.823863101853554,-46.37639542826832
100.54,23.194852430858685,12.402608416462542,-46.27123063205788
100.55,22.738388680208736,13.014820058592395,-46.15944408594693
100.56,22.326600214443435,13.658850963526909,-46.046928534285975
100.57000000000001,22.31700192513945,14.31238903690227,-45.99897639206926
100.58,21.959362887030586,14.839372281659918,-45.741468493570316
100.59,21.62443835162067,15.311044189559357,-45.91411713883707
100.60000000000001,21.174728325152376,15.982837644342174,-45.551507492746424
100.61,20.76887546296364,16.821795687398826,-45.145713333893646
100.62,20.549803293569614,17.41371154637418,-44.960376720089755
100.63,20.245302988930973,18.09830660124809,-44.89317864905666
100.64,19.832982151820055,18.57131108828427,-44.57424722847641
100.65,19.55413540810155,19.293152772171197,-44.24353221175925
100.66,19.33133486895372,19.955767201495508,-44.06234011188807
100.67,18.77514052213805,20.5275668198611,-43.76382379090885
100.68,18.31191607081444,21.236853199324557,-43.368926428522975
100.69,17.966492377027024,21.845748088100976,-43.33471252000079
100.7,17.350065717168278,22.563957424724066,-42.756655408217
100.71000000000001,17.14558418754048,23.40577566187583,-42.55259090135526
100.72,16.668030667145736,23.99903426154653,-42.00860847470562
100.73,16.2106041346021,24.738671563187,-41.800343780213645
100.74000000000001,15.508984703315665,25.306106205324546,-41.20422446586814
100.75,15.248714885147361,25.81656652592254,-41.00224104364368
100.76,14.666136913833455,26.56950910952314,-40.912347149288834
100.77,14.150947361097497,27.284379190774864,-40.070871352337704
100.78,13.50066699286898,27.92757143411212,-39.724367559616354
100.79,12.782756961336052,28.406322328136536,-39.27870007202002
100.8,12.126646354467589,28.966916094526265,-38.77089252852742
100.81,11.516858432762298,29.714253397177107,-38.24959198703497
100.82000000000001,10.835355145004058,30.23759058411007,-37.781710413454064
100.83,10.218552256695274,30.84331536835812,-37.40305557645502
100.84,9.219409668283475,31.296404817601314,-36.838405752129745
100.85000000000001,8.779555251281014,31.886787638086638,-36.49861080708181
100.86,7.899980618244428,32.45984204369213,-35.8790072806928
100.87,7.072795676858413,32.876493576283856,-35.49759348645584
100.88,6.178247892495073,33.44317890614901,-34.74011383310058
100.89,5.382953590725377,33.5994767233765,-34.270418782301334
100.9,4.625449814296158,34.25992348910842,-33.85288336570817
100.91,3.6351715918856846,34.47535303222268,-33.00789529187622
100.92,2.817385710524936,35.108710496054414,-32.61085606054307
100.93,1.6784324446094772,35.39266092576791,-32.194153132859334
100.94,0.8503315988748166,35.7472962006939,-31.757370809225996
100.95,-0.2587418246766218,35.955001878610766,-30.912376527343334
100.96000000000001,-1.3377943540302926,36.09434507874556,-30.405268721906143
100.97,-2.312882245324114,36.42881286251722,-29.869067793737454
100.98,-3.405680352460009,36.63144762728844,-29.363186104215885
100.99000000000001,-4.589182575003245,36.5435219824362,-28.871443963316914
101.0,-5.489456123956705,36.78642558112703,-28.148608364290684
101.01,-6.881461295800276,36.62607389489235,-27.73969261156027
101.02,-8.040309136470214,36.98149483189598,-27.2619850592848
101.03,-9.151508457222794,36.858825112517366,-26.472435034677627
101.04,-10.414578909361278,36.76730586317472,-26.067046369477115
101.05,-11.608941429410601,36.66008031436996,-25.48493883781128
101.06,-12.748726575607478,36.34834921884831,-25.094014039884353
101.07000000000001,-13.952026049759692,36.318192242197924,-24.387927905178312
101.08,-15.306998344647452,35.915019759839296,-24.131187627087886
101.09,-16.608789047267667,35.599037308990184,-23.411297798548038
101.10000000000001,-17.806953939759676,35.43524740025751,-23.195343501358412
101.11,-19.05967520039917,34.96932247880735,-22.579210315733057
101.12,-20.323284633767308,34.507459408708435,-22.296770749680043
101.13,-21.39993950534605,34.11361771661605,-21.9202023225425
101.14,-22.78754097198786,33.37838619059615,-21.59242798912304
101.15,-24.028768759989163,32.896685484825674,-21.232373909535575
101.16,-25.33143404302888,32.15682193229883,-20.87130317861263
101.17,-26.443299005575824,31.51899522029274,-20.535667385655593
101.18,-27.722310529637063,30.849138794897176,-20.177407606040813
101.19,-28.922345500113156,29.97531812764724,-19.990814648546124
101.2,-29.91096206875527,29.055378526770735,-20.005608005385984
101.21000000000001,-31.174843137751488,28.217512083191167,-19.8378249700462
101.22,-32.287101023360606,27.231347271680605,-19.480566629051296
101.23,-33.35598609838109,26.316722250440716,-19.369271697758336
101.24000000000001,-34.32374528920538,25.17954270715122,-19.21763761069807
101.25,-35.38121256606112,24.173431375336996,-18.881994082302135
101.26,-36.28130449505978,23.053489126387678,-19.211424156960266
101.27,-37.099137280760516,21.932963887165197,-19.140337263373286
101.28,-38.165676163676885,20.781622611325425,-19.166309438632886
101.29,-38.83834976159277,19.597155003873628,-19.2397737959125
101.3,-39.60224828654136,18.359207946407498,-19.383466984413595
101.31,-40.27883755217475,16.860043065827952,-19.464289191324347
101.32000000000001,-40.97706217735643,15.71743493155041,-19.58753918382873
101.33,-41.69848430533293,14.335643873778796,-20.008331437897905
101.34,-41.96109368320497,12.69834331120626,-20.352647900281045
101.35000000000001,-42.42551978693715,11.536573358802151,-20.397804528150594
101.36,-42.76561292253004,10.094073870302326,-21.00116031756375
101.37,-43.148684972114694,8.658696723501548,-21.349359420229607
101.38,-43.33379792639353,7.420379079309558,-21.491534221662896
101.39,-43.59159534039137,5.759802930067707,-22.011605254624577
101.4,-43.62871804643686,4.4419449516982645,-22.474327271747963
101.41,-43.76922988490748,2.948482265348299,-23.11955685851304
101.42,-43.533080220095115,1.571413822114334,-23.59262828279237
101.43,-43.58101673222139,0.18027682029995462,-24.173314236226734
101.44,-43.228693077173276,-1.1479114115676712,-24.79111702530512
101.45,-42.753332415515686,-2.6616678177178676,-25.26067256490327
101.46000000000001,-42.417548995166825,-4.018548542751523,-26.01212509547969
101.47,-41.81098001247804,-5.316794763532455,-26.809592683564674
101.48,-41.28615323313204,-6.713044786408427,-27.351407912664122
101.49000000000001,-40.82457438930599,-7.990526003187914,-28.00247117735383
101.5,-39.944875210122994,-9.231842507358374,-28.885373604929157
101.51,-39.246774065065964,-10.318499116372594,-29.697089621358653
101.52,-38.36857843369061,-11.768181656690619,-30.280362992359233
101.53,-37.447129786734365,-12.884140679166771,-31.300179549103472
101.54,-36.22452107058507,-14.041300744269355,-32.12935508405129
101.55,-35.42414094276122,-14.969882655712144,-32.842377051562565
101.56,-34.06625891252137,-16.02097686541234,-33.72804687685551
101.57000000000001,-32.7632031246513,-16.67485436961445,-34.45600813006415
101.58,-31.617023892459077,-17.66174361962485,-35.32212718795907
101.59,-30.039651259696537,-18.238092898297236,-36.07353969564881
101.60000000000001,-28.68551265790467,-19.305591136345168,-37.1727375815725
101.61,-27.082855564736786,-19.699998177663797,-38.051108655733714
101.62,-25.547077152520377,-20.436424484792777,-38.794495906974554
101.63,-24.0373006894142,-20.777547283381317,-39.33532115821955
101.64,-22.082209416196136,-21.134233192061266,-40.14399561147724
101.65,-20.665313338662834,-21.69414453582976,-40.87616443651967
101.66,-18.822839233028812,-21.86346087650699,-41.75205695507156
101.67,-17.176542654044713,-22.21646814131746,-42.529215210637304
101.68,-15.318436414370273,-22.213700304096037,-43.362378035679704
101.69,-13.482289054939347,-22.315989708097256,-43.807615811232864
101.7,-11.607746523054569,-22.029781753341393,-44.38955190301987
101.71000000000001,-9.700591121876437,-22.062483395045945,-44.95014454546717
101.72,-7.904917676313924,-21.778844357149385,-45.75345144007335
101.73,-5.980377773120621,-21.53587881114637,-46.253420152509044
101.74000000000001,-4.019558784690085,-21.013815913699247,-46.880945633900936
101.75,-2.144784618986671,-20.70175288640092,-47.106279320228325
101.76,-0.10626234598386972,-20.09480168920361,-47.6767981608562
101.77,1.479324963264438,-19.541325040929884,-47.98878897203957
101.78,3.453312255881806,-18.917007779702605,-48.682892030662885
101.79,5.168273761817757,-18.23385852199243,-48.69303970332264
101.8,7.324787094274714,-17.13957839601313,-49.04360816928273
101.81,8.975054219410806,-16.471887703168264,-49.16036752727648
101.82000000000001,10.784690814473567,-15.445130966134167,-49.40413660703544
101.83,12.25895787031553,-14.402787849577702,-49.458313852475975
101.84,14.009251868325482,-13.27022497173453,-49.379991431534116
101.85000000000001,15.429208977098368,-12.210471673908515,-49.397228251929505
101.86,17.185748429198267,-11.12252567249975,-49.45189046873513
101.87,18.767482122180162,-9.620230903873173,-49.31887166796393
101.88,20.14514299092672,-8.395913128110788,-49.11517000873948
101.89,21.462804084989024,-7.113689455065277,-48.853419536045756
101.9,23.07354105731049,-5.65816826919196,-48.51955379513046
101.91,24.21752852843281,-4.292333466167058,-48.320996094521185
101.92,25.34148514897231,-2.968576360807866,-47.84081351388207
101.93,26.68724726110054,-1.2942828419087944,-47.63773113456459
101.94,27.6513102567548,0.07967621706035533,-46.96449228825776
101.95,28.70072954024202,1.7542784009938917,-46.51185330843773
101.96000000000001,29.76535051234993,3.1940119971655956,-46.063561189146725
101.97,30.48162888551698,4.927146917967245,-45.307096717095014
101.98,31.372459534083585,6.3687039032870425,-44.71692752996051
101.99000000000001,32.162235168282386,7.926027575647574,-43.95478027361977
102.0,32.83854190537155,9.38800855097343,-43.316138769500206
102.01,33.281234481230996,11.069053659007935,-42.44415339384119
102.02,33.70739879589998,12.740567919063057,-41.41413177993593
102.03,34.22356715815152,14.377913814725519,-40.5538132812219
102.04,34.4644816243527,15.768841171911138,-39.5107946495314
102.05,34.65388092934935,17.43854937082268,-38.60613090361938
102.06,34.98133323320849,18.997463412659783,-37.760525283300105
102.07000000000001,35.25006514826613,20.44636775126135,-36.64935587366431
102.08,34.95490668678444,21.685674775448437,-35.331611731963115
102.09,35.103473028306226,23.265889134554392,-34.525767127418206
102.10000000000001,35.096894202014724,24.80577090235267,-33.22279566523696
102.11,34.901953819616644,26.31105760040658,-32.353628699410265
102.12,34.227429456999886,27.42178462161655,-31.033249280022297
102.13,34.03472617772481,28.62101291441256,-29.78240590569172
102.14,33.91277958700634,30.009452752017367,-28.625356668421347
102.15,33.34129362692731,31.443305859183273,-27.46468872090808
102.16,32.74307742497344,32.365756446855,-26.264190245272836
102.17,32.37002908095983,33.40561682154726,-25.143106878259786
102.18,31.71357270131625,34.589981153224855,-23.75738726144655
102.19,31.167316123066282,35.80160635437803,-22.416349240420377
102.2,30.348596876145624,36.7642011914553,-21.192013004890434
102.21000000000001,29.602503391003893,37.86678801185431,-20.002834188148746
102.22,29.204940945904713,38.57053414970192,-18.812722786372834
102.23,28.001882959259365,39.23985725945746,-17.46603504398394
102.24000000000001,27.16980610055824,40.18867946615637,-16.207708227195912
102.25,26.176900333606287,40.91810510772482,-14.717481629029535
102.26,25.346756493597304,41.67261464066153,-13.70641066980013
102.27,24.525541536355977,42.27896236357901,-12.587872173455294
102.28,23.42511346305261,43.036866126352294,-11.205369187582834
102.29,22.37513957681099,43.58354195886165,-10.015133043287781
102.3,21.2563699761049,44.08388512747936,-8.729605649204956
102.31,20.35450910512155,44.348036582055634,-7.6749913827811715
102.32000000000001,19.214141331804402,44.92655813758413,-6.5763899145091
102.33,18.056838175095706,45.30701435236792,-5.399072713467267
102.34,16.883627414679907,45.44428530514779,-4.035861711252513
102.35000000000001,15.887204975614365,45.80939321964517,-3.3209994471679005
102.36,14.61119895387942,46.006524438727105,-2.098365713645953
102.37,13.615242733415238,46.28199827582798,-0.9728432368742069
102.38,12.465170252821231,46.468745482203815,-0.02420945218758366
102.39,11.107065536093879,46.5360421426025,1.0281944575553954
102.4,10.126950677156547,46.45617124386942,1.9315627707438683
102.41,9.032119834405494,46.61955787858654,2.8713527966971126
102.42,7.668126752133474,46.66640940847468,4.008526584899329
102.43,6.836436531992875,46.49360722034889,4.754302210678599
102.44,5.671300053289824,46.53073649831195,5.5285038963179325
102.45,4.3720288987876375,46.43747018967843,6.310171853276144
102.46000000000001,3.283868955115498,46.413625265618776,7.189014959039551
102.47,2.1615563986526456,46.08196628438946,7.859303002530437
102.48,1.0958672947716677,46.16262538665951,8.656425529921595
102.49000000000001,-0.12787142185447312,45.76124397653344,9.386107668016809
102.5,-1.0488303805763488,45.44494060344666,9.998820515988186
102.51,-2.2037131789394686,45.266582145191315,10.733457452572868
102.52,-2.9946966378370714,45.021189809599015,11.258588650613143
102.53,-4.24090951525204,44.686340194578364,11.802145313668952
102.54,-5.213037516333158,44.43557941810498,12.273925423458103
102.55,-6.10321386739964,44.1949810016454,13.164537240942465
102.56,-7.177475831235036,43.829719692006336,13.429221956470775
102.57000000000001,-7.921818354945895,43.65801513845174,13.675157250470466
102.58,-8.88406622772324,43.09571102918544,14.207537585823111
102.59,-9.796830899443814,42.99554106811381,14.532125419707823
102.60000000000001,-10.692456482274855,42.35284246862054,15.008953517669244
102.61,-11.714864028310524,42.274662549360094,15.264176206798483
102.62,-12.176835786220549,41.794710152817295,15.683212385431148
102.63,-13.355739166054656,41.48718510296371,15.988477303310644
102.64,-13.751156395964133,41.31958864189549,16.12565685180724
102.65,-15.000430217646509,40.96809227985446,16.217111630302643
102.66,-15.482190978327859,40.33671956428329,16.330398870360504
102.67,-16.310659095405533,40.07010278066199,16.697819645186
102.68,-16.864206635780928,39.85112801632047,16.653952379423817
102.69,-17.43004516815159,39.668519302701135,17.02015819756714
102.7,-18.15304460220652,39.358533855205664,17.06510455338825
102.71000000000001,-18.662918976402317,38.91749317798449,16.991431077902156
102.72,-19.238843534110963,38.702959286202784,17.205932960874023
102.73,-19.847922022267692,38.42805182252406,17.106464620524928
102.74000000000001,-20.268010392671638,38.13500273587988,17.294178470568657
102.75,-20.815593656559336,38.109326248785734,17.409984897246414
102.76,-21.021745069012166,37.781759485854664,17.24483013171974
102.77,-21.701370696638357,37.52243418850716,17.301490709027338
102.78,-21.90387007819543,37.13919480852371,17.3992995629336
102.79,-22.317133582650857,36.96124116286057,17.234543761589027
102.8,-22.601902651054928,37.15430085279092,17.014840229237965
102.81,-23.005192163367273,36.867545213374775,16.95210244294991
102.82000000000001,-23.390525543487225,36.69464960369998,16.919044818366324
102.83,-23.27218060807746,36.41086962904958,16.851350218220134
102.84,-23.861041045988518,36.36872855681228,16.829305447612366
102.85000000000001,-23.993647575564673,36.25869867678227,16.602674559766967
102.86,-24.041541376111642,36.19309796618625,16.522765846340352
102.87,-24.243245277918774,36.44785718552161,16.250810300604833
102.88,-24.287876822091807,36.30365022263414,16.234823035809832
102.89,-24.480497186355386,36.32444341990184,16.224872860386917
102.9,-24.601528341416937,36.28698536237352,15.993487965373344
102.91,-24.554088091008058,36.38369923335063,15.77293880290766
102.92,-24.300212266626932,36.40487235152695,15.877828379486514
102.93,-24.460069178599287,36.55121702219238,15.501755248419409
102.94,-24.129153496868355,36.618425374741555,15.216788344675152
102.95,-24.112515316036546,36.558176072949884,15.300023895792549
102.96000000000001,-24.078981081955913,36.959251820474734,15.449429047643939
102.97,-23.70068077983506,36.91307653491958,15.28941304287684
102.98,-23.49839314441947,37.10234733278499,15.12115969837766
102.99000000000001,-23.304796026164567,37.33302632632155,15.032716345938539
103.0,-23.03664471499899,37.535329846287944,14.883418167533684
103.01,-22.880115241077608,37.52375063069498,14.595658476173163
103.02,-22.284234547414382,37.71187104137929,14.706123490888288
103.03,-21.927911751655962,38.010719761878015,14.575230309028287
103.04,-21.531837542822537,38.13865949166239,14.460300000457517
103.05,-21.189558226603815,38.442211596248534,14.441130245676517
103.06,-20.865803150640698,38.82391938139757,14.663027341297655
103.07000000000001,-20.149479404631183,38.96741915089314,14.616381393855564
103.08,-19.853593070140274,39.266551961010904,14.743340575740389
103.09,-19.153491583830757,39.321023840995046,14.717626541573635
103.10000000000001,-18.495451359405017,39.66226381288375,14.671671652800258
103.11,-17.83783784087926,40.12782576209057,14.729864568356037
103.12,-17.122966160391858,40.14607803787514,14.698287326350098
103.13,-16.42459210509256,40.44560631859454,14.844295785600774
103.14,-15.820806212983545,40.69189002558045,15.177717807055425
103.15,-15.031737820111998,41.03126912024948,15.231935537826894
103.16,-14.437958064208607,41.28612406099467,15.370196201237176
103.17,-13.45233774794312,41.33604743719294,15.652637520534645
103.18,-12.803674915290573,41.67700353192986,15.819751072739026
103.19,-11.796849684555903,42.04018012145103,16.110143348057463
103.2,-10.83091442422644,42.10758194378422,16.449583517145204
103.21000000000001,-9.956860491374098,42.28813424007393,16.61897097765185
103.22,-9.313638874030733,42.337981399558075,16.830971871600468
103.23,-7.9533614205121985,42.651443394058134,17.152784485407754
103.24000000000001,-7.240079568603582,42.93366423348383,17.632490245075235
103.25,-5.968802136136409,43.01600641437997,17.84485287746449
103.26,-5.049341757625457,43.041223990815034,18.33554621540177
103.27,-4.012909769185653,43.18495908216477,18.745434113233003
103.28,-3.1573452685789216,43.11172894187914,19.162884220853833
103.29,-1.8918665930111804,43.31160769970936,19.47359067578696
103.3,-1.1118568625156673,43.20455198529819,20.08660453942813
103.31,0.16974604224226628,43.123661461242456,20.501486843234538
103.32000000000001,1.1430708537658365,43.16522900152577,21.02463198566942
103.33,2.5120398085633178,42.92452570011939,21.57702437815724
103.34,3.478298157256897,42.878642149653196,22.229946128359945
103.35000000000001,4.746446562873625,42.66418483912511,22.799692450952914
103.36,5.766379820039085,42.39615301033243,23.205285991443997
103.37,6.8214567199066884,42.21270180386186,23.95396883780015
103.38,8.121236744616043,41.77231836824919,24.494285438911017
103.39,9.28697718018106,41.601413263036974,25.29914943191518
103.4,10.04869767691571,41.34577602735063,25.99268279955743
103.41,11.254325162608108,40.73002458041294,26.762507843950505
103.42,12.405408306229116,40.38865835149027,27.428153115681024
103.43,13.386498351536181,39.84806233555562,28.063081140152523
103.44,14.45822577463009,39.42635986287015,28.7659164819938
103.45,15.686476959368925,38.78567936445675,29.365219191551525
103.46000000000001,16.66730200273386,38.1565827350441,30.19639141068153
103.47,17.679032517301646,37.71589880826985,30.866561104103557
103.48,18.733226499387246,36.74890448990626,31.71422869566174
103.49000000000001,19.59960649276747,36.26756468430152,32.38899577381368
103.5,20.505973687256777,35.336488838824145,33.16459455715506
103.51,21.661307312315902,34.561429015204915,33.90883211834884
103.52,22.22410990900739,33.75365016969762,34.607562157805695
103.53,23.118496652490492,32.85215346623626,35.465662195879894
103.54,23.886136091971686,31.93486095529562,36.12508492126115
103.55,24.627150430877915,30.84194695098983,37.0396146470782
103.56,25.47593092955379,29.898955460448995,37.69242510796002
103.57000000000001,26.12542619086691,28.883803153979883,38.29247394606617
103.58,26.81227755356185,27.879018821693833,39.08833386632354
103.59,27.184229171438965,26.897894963435395,39.858033089321246
103.60000000000001,27.833749141896682,25.63308012587277,40.64066988192437
103.61,28.20113812095442,24.38498807068054,41.446078938494914
103.62,28.703700984453253,23.42408887351116,42.01664177642472
103.63,28.825283198879752,22.26807540196038,42.60758515207971
103.64,29.362360311996746,20.697359197042804,43.45950087503791
103.65,29.72608839666771,19.497884874927088,44.229401961005365
103.66,29.817925342112257,18.428123390916113,44.9713372500147
103.67,30.071857403500292,16.85420212765127,45.46644111148621
103.68,30.15378532549556,15.792302832729652,45.970133042836075
103.69,30.128217241989603,14.40802790463102,46.66127381857321
103.7,30.14689285581379,12.990130145994655,47.27662406981071
103.71000000000001,29.896948446923794,11.762015353621127,47.72765357138019
103.72,29.851775563984063,10.541842138480556,48.394184354264475
103.73,29.582037190739257,9.184129837441978,48.848472896672355
103.74000000000001,29.461495807676098,7.865678320062887,49.20711904823469
103.75,28.886058507669855,6.534238399251373,49.739341922279436
103.76,28.68153358077482,5.165747791836613,50.122084057935524
103.77,28.275141928413625,3.9593414262831685,50.66902907070136
103.78,27.78485583705689,2.5029458047029984,51.24432782417301
103.79,27.156336462001008,1.327448183297548,51.472652150683885
103.8,26.419467546183757,0.0623249219950297,51.716841445855735
103.81,25.742279455783915,-1.121237043072163,51.86311549471987
103.82000000000001,25.001119887219538,-2.198812014804264,52.361182484853884
103.83,24.30599542600482,-3.59903452952766,52.555422933769975
103.84,23.34499763014606,-4.6854282441323045,52.69257673838442
103.85000000000001,22.284638739948264,-5.734505711910727,52.98078311215722
103.86,21.52472497297812,-6.870206104777473,53.30078449074331
103.87,20.651507639038325,-7.90352974039735,53.5046310773126
103.88,19.587347212141818,-8.83819404484683,53.545595678851235
103.89,18.60022059436762,-9.901171234197651,53.712875099739854
103.9,17.69309713133308,-10.827265922718182,53.78136523898834
103.91,16.510567781237295,-11.703017086272958,53.746728242554006
103.92,15.261223128148222,-12.465741966258573,53.950640519405006
103.93,13.96746012853993,-13.25782728238695,54.00350470620946
103.94,12.868185218814634,-14.112618522847672,53.96185365963784
103.95,11.735837511489576,-14.67450836004907,53.798335278656374
103.96000000000001,10.535827169381077,-15.317227689538516,53.79793635225733
103.97,9.227884703338308,-15.931071919067094,53.8435586331327
103.98,8.059412983834457,-16.609463193721442,53.530453278110166
103.99000000000001,6.7343775578221665,-17.081604258025546,53.53448479512124
104.0,5.441988776608989,-17.48238501255418,53.48493021022903
104.01,3.965360671742474,-17.85140043552,53.20803637144103
104.02,2.897744718066292,-18.34791690945859,53.24513760243753
104.03,1.4830025721682893,-18.431090587013777,53.062474445792446
104.04,0.28890588399689965,-18.9041269702636,52.62994191347524
104.05,-0.7934742501148082,-18.96802483017832,52.750360872657446
104.06,-2.129541333859578,-18.916804700101967,52.42719270820311
104.07000000000001,-3.4727959023645325,-19.009662599764862,52.12933964087248
104.08,-4.73856808230853,-19.131123346865976,51.91060028472202
104.09,-6.0771638743217204,-19.30589597963962,51.61608372806223
104.10000000000001,-7.200196146288917,-19.02168339095908,51.62543876482219
104.11,-8.190625097390805,-18.699033415050444,51.25916623404717
104.12,-9.713970129849482,-18.734617761634954,51.18803505801251
104.13,-10.59128893210389,-18.742302196465474,51.003855120599454
104.14,-11.758123642403458,-18.204037310010477,50.625426423740464
104.15,-12.701287498774002,-18.12016105211719,50.38397496004021
104.16,-13.91384454010592,-17.78938792924678,50.19094538885047
104.17,-14.901800613963196,-17.31982333397937,49.98712807218688
104.18,-15.961802512997027,-16.940101640442684,49.626796783999204
104.19,-16.71509942328774,-16.274428936928917,49.46911823319523
104.2,-17.575977709457987,-16.205240036015507,49.2922451211307
104.21000000000001,-18.539163509163398,-15.402057383890341,48.95846983581538
104.22,-19.357240486648873,-15.074221254038553,48.711942613727174
104.23,-20.11277535796893,-14.407274477518659,48.54392348669014
104.24000000000001,-20.682672381995502,-13.84820539365763,48.392075807868906
104.25,-21.478119225757073,-13.266900309368506,48.285411878159856
104.26,-22.093038052771803,-12.45545227729468,48.013259876155125
104.27,-22.94719627575767,-11.95238975367987,47.844364056812466
104.28,-23.32830947316536,-11.221063537145673,47.56360563549047
104.29,-23.705882792202743,-10.56872112787953,47.36433492951425
104.3,-24.301809138344787,-9.856637648223986,47.311896153833885
104.31,-24.73595006200665,-9.13830198104657,47.012204136006915
104.32000000000001,-25.00367863530132,-8.459753170649071,46.8943230558401
104.33,-25.58187802435903,-7.90679984723236,46.82149814084057
104.34,-25.753921613423,-7.003461369551393,46.625315054092106
104.35000000000001,-25.96565299912603,-6.300401087025257,46.666963865879886
104.36,-26.440290422129703,-5.688420077468779,46.55106846162855
104.37,-26.367358020619346,-4.902335216290844,46.3543334935499
104.38,-26.597386216300286,-4.029341392175456,46.294637947652085
104.39,-26.54578296536665,-3.359262087325028,46.3961218452889
104.4,-26.835886674849757,-2.7135920079959583,45.99692648182859
104.41,-26.782271242616464,-1.9055896429199726,45.99581289953389
104.42,-26.820591189199376,-1.1599971881914215,45.9904695502852
104.43,-26.775888434600233,-0.5345086357302185,46.08863202901111
104.44,-26.559076266054024,0.24538627893852533,45.94243692349971
104.45,-26.57724563923133,1.037054005097195,46.14142964797759
104.46000000000001,-26.30798447924798,1.855108374493172,45.77416869152008
104.47,-26.253844593584287,2.3919176487076337,46.14007202313236
104.48,-25.813919463214262,2.8437886020371392,46.092434546533426
104.49000000000001,-25.859477867137308,3.7657897591144858,46.177857506293414
104.5,-25.33628150323535,4.321933594525721,46.2503276679732
104.51,-24.95491958574575,4.921013862123924,46.3029703204141
104.52,-24.79354193723226,5.779343049317391,46.20207392348407
104.53,-24.44290731279296,6.121511590235754,46.11948280446474
104.54,-23.986315128787457,6.726915258153859,46.43025375834747
104.55,-23.624919961986695,7.09351919592021,46.377470551730426
104.56,-23.252665009571857,7.895244242320611,46.61977387964371
104.57000000000001,-22.779055552204337,8.045404846954781,46.44395148721126
104.58,-22.095330747372966,8.825527269644677,46.63106505890406
104.59,-21.80957799288308,9.189777892506138,46.77968001734471
104.60000000000001,-21.292218151095472,9.523813554191142,46.89778480303245
104.61,-20.895788486405138,10.005170270385612,47.333032328629926
104.62,-20.26865928153602,10.408183193881506,47.230873151243145
104.63,-19.58417101146565,10.947635115658533,47.37479088831275
104.64,-19.00988076516186,11.430698508110495,47.43567585640924
104.65,-18.57429694430318,11.776352335984411,47.803917909833885
104.66,-17.956382829595505,12.206750760885136,47.68279792250169
104.67,-17.45800648779556,12.343259503609742,47.826281622548706
104.68,-16.789732769180862,12.722004008147408,48.180480939969215
104.69,-16.11960884211852,12.955948516347284,48.098374276201596
104.7,-15.573212661633493,13.10282548387828,48.413745910069785
104.71000000000001,-14.928573650825884,13.499464392044178,48.47204355129409
104.72,-14.073722289510421,13.637192429994885,48.64111811421776
104.73,-13.634462581403703,13.876304103425671,48.902870123967475
104.74000000000001,-13.086340201822885,14.037035904931344,48.945195416168936
104.75,-12.306214707421212,14.401328116141125,49.136125271350124
104.76,-11.689974285096008,14.452063846944931,49.23324501082397
104.77,-11.15326616064081,14.730049716168047,49.43118904958224
104.78,-10.265738331175688,14.952107868296281,49.43118774949776
104.79,-9.874752488423617,14.849065254998157,49.81959922801758
104.8,-9.153582296086713,15.034357719779685,49.88147772458206
104.81,-8.367658956314246,15.259902588294624,49.90664218005212
104.82000000000001,-7.806607760558332,15.363532413403494,50.20216602365587
104.83,-6.968702676189969,15.39809103269537,50.29590925150429
104.84,-6.318596299786585,15.418213933902265,50.44222674256652
104.85000000000001,-5.626797150770054,15.66356158762827,50.47380746276743
104.86,-4.986161769804657,15.318913623577412,50.781497226291386
104.87,-4.197095475116774,15.58377057872979,50.737086834813944
104.88,-3.62078861282343,15.583680131812482,50.86393680645044
104.89,-2.9311653461599527,15.674282881832665,50.840864418705166
104.9,-2.157330957518229,15.729408291103713,51.192190293244934
104.91,-1.5371839100788276,15.813714329818609,51.18363683849395
104.92,-0.8198147063173066,15.891547109704868,51.17572823558983
104.93,-0.3667926153024055,15.79414561816796,51.29108661071379
104.94,0.31737608803015815,15.684031458227803,51.638874273913
104.95,1.245112566138098,15.90713425267894,51.30337158570724
104.96000000000001,1.9195457323946086,15.887749944041666,51.65800433766372
104.97,2.64720551753331,16.033895115603258,51.45561877567102
104.98,3.167451311343284,15.81425554971096,51.70112555126743
104.99000000000001,3.9840928015940418,15.84749486518359,51.644052365782656
105.0,4.563210142968417,15.805856330709224,51.78151755012209
105.01,5.218934946962562,15.807416097497354,51.74255004357013
105.02,6.005157302841308,15.901880697964295,51.504536333972425
105.03,6.654752619746259,15.695377896857774,51.507025120881146
105.04,7.219226773222804,15.78102779694157,51.62922908262204
105.05,7.90683635885663,15.8612969845726,51.68899218119868
105.06,8.60638938507858,15.895030172351444,51.38428816031537
105.07000000000001,9.346135085942706,15.9757342450961,51.50938650667867
105.08,9.947476887326816,16.04335447507213,51.33172337007924
105.09,10.378424681129792,16.165899304396298,51.25858312553889
105.10000000000001,11.348086407734163,16.06049594857919,51.37061702439837
105.11,11.92924093504997,16.253880073905183,51.14955989445881
105.12,12.394831085271614,16.152230364166684,50.92497892969897
105.13,13.196821829199106,16.278157033434155,50.854318546695055
105.14,13.77003204079835,16.25520069746977,50.79647171358235
105.15,14.481582220798401,16.443370785269746,50.66326236665926
105.16,15.21048533328615,16.601149368318556,50.41039569435946
105.17,15.667709618699561,16.764154620647385,50.2590597952084
105.18,16.316637211782755,16.923543261067266,50.148494491457875
105.19,16.79176717925692,17.082352173585978,49.776356653234124
105.2,17.588644629234796,17.358939756076833,49.62818375172576
105.21000000000001,18.104587537554934,17.269829444623785,49.39993749105382
105.22,18.68639567151543,17.616270839931456,49.274479815681865
105.23,19.14488749696949,17.86586907720899,49.1186151809859
105.24000000000001,19.931145924927797,18.113063090227687,48.79175355865085
105.25,20.402968186523076,18.350820114076246,48.38384257943577
105.26,20.919548150227588,18.493350770451567,48.19309251867885
105.27,21.46021950775033,18.930494015558473,47.94770396059423
105.28,22.002748372541074,18.9723041946949,47.51747627731989
105.29,22.410262395949225,19.31547834801249,47.22161911732975
105.3,22.95500033470153,19.6461388078919,46.849897678434736
105.31,23.559669462150264,19.639409275996886,46.48466027865569
105.32000000000001,23.950042751541663,20.314698827449412,46.10838417581184
105.33,24.30442138903542,20.66834157958636,45.855712160496985
105.34,24.877825013571407,20.972235566796446,45.385222993500925
105.35000000000001,25.063396830381357,21.420783915850485,45.04554264479676
105.36,25.425768514556513,21.903569335532257,44.464507324614694
105.37,25.80903516785663,22.260894421072717,44.173907183943875
105.38,26.33015255542087,23.045198094869072,43.76198154203726
105.39,26.39802513039612,23.1772480270721,43.2204733408004
105.4,26.6596270910343,23.900252228156756,42.57386504269451
105.41,26.933422029199328,24.25980829836497,41.969182299343515
105.42,26.981611442949088,24.721177990654212,41.75040083819723
105.43,27.280709347399316,25.354976400030452,41.19761280029389
105.44,27.263396709937105,25.809084474055418,40.70171603288623
105.45,27.481354307551204,26.443567366903803,40.02739418083707
105.46000000000001,27.4649231309408,27.119151602022093,39.6413219209953
105.47,27.435718862550953,27.55001309417482,39.00294465433126
105.48,27.519287587916477,28.056798334706208,38.481623178286455
105.49000000000001,27.404385991097577,28.968595562411043,37.932643601752844
105.5,27.465947802762294,29.447475512847724,37.53472575341488
105.51,27.21914303281616,29.970294617909094,36.890629789291964
105.52,27.15063561368099,30.60149812043025,36.06646205735019
105.53,26.859142240536066,31.179313698731065,35.46039541183136
105.54,26.787596888208945,31.824850710575717,34.97326890687979
105.55,26.330366923642796,32.456272852359554,34.40871884754072
105.56,25.99363787157461,32.89889863679484,33.803780095706266
105.57000000000001,25.387658756310618,33.64983756629156,33.070849175038965
105.58,25.25855582651395,34.22571571721634,32.68794216433218
105.59,24.48131318613004,34.8973723473759,31.97799031526157
105.60000000000001,23.932637275314537,35.46972647057171,31.278919025282967
105.61,23.579912850300186,35.966737224974125,30.755277347830003
105.62,22.794701983894246,36.64755428902813,30.15361031045456
105.63,22.041730800045862,37.11515688577069,29.624853948547944
105.64,21.532440911757103,37.803496692855994,28.904128894066908
105.65,20.69633918924522,38.14337725608973,28.67013739403176
105.66,19.89633159660403,38.770318576904735,27.829667841271945
105.67,18.995185399396846,39.29823896120997,27.390359738659825
105.68,17.924572408393097,39.7374787363122,26.853475968928443
105.69,17.049232001681027,40.30186211420223,26.13591924537413
105.7,15.884358717119783,40.462581169704215,25.8380565542816
105.71000000000001,14.848273023392354,41.04535735979884,25.34636429000644
105.72,13.866845598159207,41.355119605091694,25.03326037237029
105.73,12.878393493205078,41.70072293940911,24.56280496317651
105.74000000000001,11.549951403094044,41.786155407416715,23.889869505049795
105.75,10.426717184104941,42.36760365415455,23.65846620818551
105.76,8.94952578210937,42.526442167375315,23.20377408061263
105.77,7.676597470346558,42.525101011545665,22.776616134617683
105.78,6.326115277174144,42.81747086046957,22.742494687097132
105.79,5.038679093168474,42.85166420412597,22.092592055169455
105.8,3.7560542927316254,42.961335712754675,21.993453540747016
105.81,2.2360453513910152,42.87842934494163,21.557928555162977
105.82000000000001,0.6608436465976892,42.74611299197104,21.44025966896643
105.83,-0.612719219729204,43.00786628772716,21.14655506943809
105.84,-1.8811467558294033,42.63584377996785,21.217615911637505
105.85000000000001,-3.4363891889490503,42.52269980315801,21.005209624818903
105.86,-5.012725443653746,42.25858552180609,20.847198911986883
105.87,-6.226417923828453,42.0632468898605,20.66779158505966
105.88,-7.984621840401788,41.514726539332074,20.686947662162652
105.89,-9.302632201856083,41.32115459544286,20.71784286660324
105.9,-10.75187780820065,40.761187723668634,20.762899751880102
105.91,-12.351922937381122,40.13295654002304,20.83163725005685
105.92,-13.512881983970967,39.537428245618855,21.018047442015153
105.93,-14.95403876685079,39.249942948583524,21.25698759313118
105.94,-16.35550501649265,38.51917107508022,21.248544200564226
105.95,-17.902014399119096,37.64571929293246,21.3846601214953
105.96000000000001,-19.274709528598965,37.12812544747443,21.871079003385027
105.97,-20.603128327435666,36.47253707228536,21.973220142395057
105.98,-21.63344149979129,35.36171504349986,22.31512681407541
105.99000000000001,-22.90453686948943,34.53134977718493,22.93230241447937
106.0,-24.13037014569549,33.538090942013,23.520382867480674
106.01,-25.445403405218308,32.65352228092619,23.890044027876453
106.02,-26.378119848759557,31.605428113086017,24.284258241996156
106.03,-27.466382944797893,30.753330743060218,24.82346798469469
106.04,-28.467376855394846,29.378300878625826,25.247816932803314
106.05,-29.167206017790996,28.511667636032616,26.09182228347336
106.06,-30.172181321649795,27.26272713369517,26.499034542550277
106.07000000000001,-30.761413103451726,26.04798367044586,27.08943910340488
106.08,-31.411404561732596,24.879879412585765,28.016177817252125
106.09,-32.10617526996973,23.509389045372565,28.575243385136872
106.10000000000001,-32.57700979623394,22.40615231170767,29.298925677042366
106.11,-32.998356560047306,21.26809578180921,30.000566695038565
106.12,-33.42669470796568,19.93714689784472,30.789778321257188
106.13,-33.7440319846263,18.747705003049383,31.75974310178399
106.14,-33.92240142764383,17.6496447280821,32.44893750030359
106.15,-34.092627267231606,16.50368603948622,33.19734624415215
106.16,-34.29417735440047,15.126540091985738,34.11987174719853
106.17,-34.21766820118488,13.867274740147906,34.949417891513455
106.18,-33.95987391548452,12.906164908730338,35.984473025083254
106.19,-33.84071860249869,11.609334563289178,36.75425956097645
106.2,-33.58599148032635,10.151855791275699,37.73009362330535
106.21000000000001,-33.15194842357712,9.17064232462082,38.67582834275596
106.22,-32.873119595087296,8.09515763428515,39.33025736582146
106.23,-32.29599372705634,7.074986030072755,40.141778686905575
106.24000000000001,-31.52338031468042,6.163435987417311,41.07982174829172
106.25,-30.93819087625414,5.051969686863866,41.944970424355205
106.26,-30.05052813441361,3.847033986891022,42.76511134390959
106.27,-29.4248914802585,3.099918973170754,43.724881829972894
106.28,-28.45124706713901,2.296112580721814,44.43767273200393
106.29,-27.41210611188253,1.3106439463996065,45.28929565337396
106.3,-26.621236959638992,0.5448060857505103,46.21417749262779
106.31,-25.364216187732765,-0.06595597244635165,46.71719086926503
106.32000000000001,-24.244804135217855,-0.8879558507367884,47.571423456833706
106.33,-23.14097136418379,-1.2285484487624745,48.44005613392449
106.34,-21.714003948434485,-2.055513933304677,49.155157262231796
106.35000000000001,-20.52597605133594,-2.4159351351943603,49.972739994212795
106.36,-19.201767299546116,-2.847624953086794,50.57943819351578
106.37,-17.779404974312257,-3.358209452711272,51.04778988324076
106.38,-16.44954074739235,-3.7306357724048835,51.57063047340047
106.39,-14.820948857245721,-3.635819960667586,52.1640841000943
106.4,-13.54329673463308,-4.1085830228315645,52.57530770604807
106.41,-11.989195216732869,-4.2135348500165,53.208231220652515
106.42,-10.529196395582053,-3.9502074215339187,53.67825226250248
106.43,-8.864391763915274,-4.1864789998717375,54.10361427032035
106.44,-7.480234981065322,-4.033695772088797,54.1223299483195
106.45,-5.916708815291747,-3.9523304052894845,54.65009615540042
106.46000000000001,-4.333190944049675,-3.9071855308711303,55.05031753739113
106.47,-2.9498282490913925,-3.466447450207782,55.21261930558284
106.48,-1.333552159230928,-3.229689929009115,55.074161374676834
106.49000000000001,0.3193553778457976,-2.9583346812610154,55.61929222023831
106.5,1.7068948700697717,-2.358660815923859,55.43114715203199
106.51,3.1045561857313495,-1.7624126228491552,55.769582009697224
106.52,4.632222257737062,-1.3877197549648013,55.50746295920702
106.53,5.973665522045569,-0.6597586315186936,55.64684899415875
106.54,7.532957162412452,-0.23930854425430093,55.59874089761659
106.55,8.867854650067361,0.6714722513659267,55.52945763012322
106.56,10.312817141111871,1.240598925886284,55.40617619844812
106.57000000000001,11.327324683879521,2.061750129789522,55.132471740842135
106.58,12.787696982306482,2.908799742967298,54.74197522968845
106.59,13.99830284948229,3.6687549336634673,54.66501799976522
106.60000000000001,15.184370764211481,4.544860137415716,54.170889018353165
106.61,16.345449792876927,5.440669870230752,53.978548664245636
106.62,17.464994613735744,6.475600243032629,53.46160350787635
106.63,18.403981929411994,7.341679780444316,53.11168412092351
106.64,19.193931189523514,8.331131405589357,52.69517247535232
106.65,20.261772706593632,9.37649844173392,52.051893707702696
106.66,21.298896108777022,10.586485713680265,51.463615986746234
106.67,21.998931003531137,11.644985678224876,50.94687196085194
106.68,22.858285224822062,12.603632597680516,50.314021609486396
106.69,23.562155150746527,13.867558450773469,49.70099249362345
106.7,24.251887333326202,14.681342896375432,49.037127483706854
106.71000000000001,24.63511546924347,15.95954954683292,48.36738737862301
106.72,25.251568013988635,17.025903380639388,47.568082482558474
106.73,25.591315130704174,18.17535035795887,46.71918112328409
106.74000000000001,26.293028458850166,19.249264961125537,45.762771977345594
106.75,26.6156161886943,20.23137608557992,45.1479811138537
106.76,26.85053078560512,21.30554004692844,44.211413327700825
106.77,27.309733140658167,22.463965293933324,43.464663843662485
106.78,27.560732387280737,23.384277126284374,42.62695711734699
106.79,27.85798534140959,24.608609339586366,41.61252427686994
106.8,27.78795911438924,25.473517744100974,40.58242479520947
106.81,27.778661687667537,26.482550536610237,39.832477640737096
106.82000000000001,27.89274220534559,27.543880074829413,38.7730659655448
106.83,27.843483990725197,28.805382636228213,37.931261165699844
106.84,27.949065271989216,29.516306046482896,36.79015427833915
106.85000000000001,27.59560408052718,30.42216729626699,36.05340443874326
106.86,27.695596965670493,31.47259645253328,34.95522044797928
106.87,27.36774221641661,32.29803504904722,33.87168573204599
106.88,27.292647535620873,33.13305447906066,32.916572442397005
106.89,26.83954890771338,34.02047154685321,31.731850904738202
106.9,26.71164460640199,34.79522413970911,30.699688600050013
106.91,26.52005725342051,35.523014666063204,29.94940716729145
106.92,25.898402462956977,36.34099072512437,28.690648342707902
106.93,25.7237511527153,36.99918165551159,27.782115342242086
106.94,25.29471450174366,37.60823010223217,26.54409260092858
106.95,24.935598826752077,38.49287213697387,25.63269043800853
106.96000000000001,24.54999600409811,38.94044845792491,24.64694416181263
106.97,24.074348302013092,39.83211118286475,23.716860225102547
106.98,23.440439241394884,40.47390090038533,22.750174446129847
106.99000000000001,23.19716930854605,40.9915881396951,21.570629222916946
107.0,22.45537245898213,41.454134629311525,20.577250341071522
107.01,22.059386741294276,41.87433972990928,19.468030753125362
107.02,21.78323239297277,42.37386907109963,18.39730605151738
107.03,21.126179122896882,43.0576292353801,17.366170181667936
107.04,20.441503932195175,43.249766988589585,16.43156933366053
107.05,19.7667669200706,43.648249639920124,15.408283247567931
107.06,19.21233710292768,44.15220945941855,14.284380199549778
107.07000000000001,18.634999324958084,44.314102158286474,13.185400012825427
107.08,18.25529385509944,44.70766127565527,12.271788164274021
107.09,17.61169001106908,44.672267417965124,11.283490168480245
107.10000000000001,16.967840389111768,45.07372990093931,10.361259385310627
107.11,16.643437863722323,45.362161411965,9.359955539042202
107.12,16.06076122785999,45.685566621557,8.401519926406582
107.13,15.410375951563724,45.8785363134011,7.4074631497670325
107.14,14.969618941306944,45.992799863414994,6.421133918732575
107.15,14.475132631254672,46.11634743681625,5.497266132522027
107.16,13.945429580062262,46.206795918991375,4.661242509633669
107.17,13.432310457011148,46.211338401226875,3.717558451720723
107.18,13.077392650989493,46.252524398936025,2.8156089761735004
107.19,12.643615506003256,46.40668301612279,1.72406198762563
107.2,12.09049258583032,46.40455830149123,0.9339046515937636
107.21000000000001,11.690911776992275,46.362406454096444,0.1585815841699179
107.22,11.153316288532432,46.55564773286518,-0.8536453254152065
107.23,10.814559154408284,46.67300478739779,-1.755374636837213
107.24000000000001,10.332596082184898,46.40750981018123,-2.7616179893494217
107.25,9.930274655094012,46.63085264167759,-3.494522741608146
107.26,9.59133773503376,46.218226977242715,-4.341636679717218
107.27,9.373179200093373,46.19682859200803,-5.293998354535665
107.28,8.88462985605879,46.0883441444197,-6.155164756830659
107.29,8.712562097286485,46.10127743452653,-6.984939250751836
107.3,8.402630146079554,45.95891182770411,-7.894731735797309
107.31,7.809483997457159,45.737204912344055,-8.54228016987324
107.32000000000001,7.860117470577424,45.548079036126786,-9.43573868972376
107.33,7.578846865628192,45.18500236836727,-10.241666813296817
107.34,7.321755487457518,45.15405710395967,-11.191969664032351
107.35000000000001,7.02492913202693,45.0131627764749,-11.824289774197815
107.36,7.17280965296571,45.07350790516643,-12.631827752508519
107.37,6.562253992498489,44.68516495484636,-13.546881958627067
107.38,6.531767202857218,44.448135799397576,-14.562494408568478
107.39,6.222206524895944,44.14370153925399,-15.071926541566542
107.4,6.347686302975687,43.74900941177073,-15.934587649956423
107.41,6.275500563489283,43.660852187701536,-16.636179581679926
107.42,6.2976295931166195,43.50712810878365,-17.38996923598738
107.43,6.169111598802967,43.10500662126696,-18.38247243316536
107.44,6.116149631155667,42.73091159266504,-19.053456992920545
107.45,6.0840789007376825,42.63713021775791,-19.818330752221943
107.46000000000001,5.993301593730117,41.96767024023691,-20.721340072787015
107.47,5.837285768252976,41.69072724127496,-21.26802724613357
107.48,6.155227483948901,41.5286830253987,-22.31727806582263
107.49000000000001,6.175246257590861,41.214976924921025,-22.914733525700527
107.5,6.2380819413911315,40.856075992506355,-23.77020010165946
107.51,6.457688640207727,40.376794879240606,-24.467288217881922
107.52,6.57790556207225,40.052940416219876,-25.163033928566403
107.53,6.527181565475467,39.656127374221604,-26.026738539103825
107.54,6.870197697792094,39.27803356424025,-26.459732682042983
107.55,6.945285787175793,38.82536084098059,-27.39695255310551
107.56,7.15492385458966,38.435881731385116,-27.983388238513044
107.57000000000001,7.369265017061203,38.00382175841961,-28.72464043125674
107.58,7.578878660156309,37.38824992613222,-29.32654266901517
107.59,7.903529388788841,37.13622684801095,-30.273880157201983
107.60000000000001,8.0863486708514,36.42841448209558,-30.815415601063915
107.61,8.141396849010528,35.98808295848628,-31.646546450384985
107.62,8.66515861644378,35.394146512218114,-32.13422720290239
107.63,8.729581083299015,35.048215352979774,-32.96052840964038
107.64,9.132207800884325,34.170277724057954,-33.51942205522678
107.65,9.56511183284552,33.680239322911845,-34.08375614825681
107.66,9.752887695560807,33.2499860016436,-34.93728184599377
107.67,10.168373391757692,32.409466983329054,-35.57628592683704
107.68,10.555585979255829,31.837173279346036,-36.14669792987076
107.69,10.965630204922187,31.043525741970637,-36.8054277021714
107.7,11.198692520884732,30.57940703988728,-37.564329840236844
107.71000000000001,11.474435142366946,29.929089229016313,-37.98575869019597
107.72,11.898109619783037,29.123052261797664,-38.58027090709379
107.73,12.168690884179528,28.306646839748563,-39.263621414768316
107.74000000000001,12.61049253313421,27.668984545573277,-40.09748510427779
107.75,13.008027764598427,27.006941587788173,-40.56506244523926
107.76,13.358406784740446,26.179187744796273,-41.051230904196025
107.77,13.712535891641059,25.24467034976727,-41.71425059473311
107.78,14.004753322572915,24.63291607083176,-42.258516126697074
107.79,14.550804276181848,23.69845396499024,-42.806056596144444
107.8,14.611685267204884,22.921267615210027,-43.45718214556744
107.81,14.959216342347016,21.865224621933923,-43.68530186252993
107.82000000000001,15.481565805796713,21.119595820095522,-44.16327283155588
107.83,15.781074966925576,20.02869103291632,-44.72607782570713
107.84,16.02820299888352,19.230313895934838,-45.292429705937195
107.85000000000001,16.46193481393313,18.15342212177615,-45.66494096974098
107.86,16.741862465590444,17.198124720964763,-46.116315916556424
107.87,16.98351808894772,16.07318347276639,-46.466889493899906
107.88,17.327497466453515,15.225289795986878,-46.95007756598859
107.89,17.566571813464726,13.950501929358584,-47.207306224216566
107.9,17.77260173761985,13.056215288574597,-47.55376037223847
107.91,18.125503556286045,12.00932309436246,-47.794143870774995
107.92,18.018251641470677,10.867150372271249,-48.177614848729
107.93,18.352377500436305,9.763257921906895,-48.292597832945
107.94,18.52464737945183,8.884762095733862,-48.67316421679338
107.95,18.532915713164524,7.329621397786928,-48.96680638840426
107.96000000000001,18.809307964368898,6.437746600290558,-49.28551393969092
107.97,18.60391858295379,5.394638455909371,-49.33944595583905
107.98,19.05990569086567,4.095770673646445,-49.57118078374691
107.99000000000001,18.780454556947237,2.7938003702360663,-49.68519634547233
108.0,18.913472284421438,1.7438920817951271,-49.72563326447443
108.01,18.83188772516243,0.4945317678827377,-49.69748363557237
108.02,18.77618342098424,-0.6830696136288116,-50.07198594222573
108.03,18.50019782386928,-1.959429864753654,-49.905555431852186
108.04,18.31634319520633,-3.099582141412658,-50.222206942217795
108.05,18.089082104657372,-4.386114718458299,-49.97529850434328
108.06,17.889708614627757,-5.495613278931561,-50.11385387490198
108.07000000000001,17.793943448631932,-6.612841222376995,-49.80968647308821
108.08,17.376763205586403,-7.884068559334564,-49.9285335382077
108.09,16.908609565541642,-8.93640245522935,-49.89253805670433
108.10000000000001,16.452652783305776,-10.15154465416302,-49.55262306821006
108.11,16.23089422383375,-11.517923760074325,-49.397604238646345
108.12,15.79548171319011,-12.682606602729852,-49.287932064105675
108.13,15.264139398720603,-13.544019516401653,-49.02278729353743
108.14,14.889197321744433,-14.721473193254123,-48.8044986600895
108.15,14.097617159429783,-15.826510877642148,-48.69422408552813
108.16,13.592758953278347,-16.88113799794982,-48.3289547205693
108.17,12.654428531613748,-17.940782500573874,-48.07969244087124
108.18,12.198131222779526,-18.894978350045847,-47.88266499057437
108.19,11.352627432604903,-20.012869067980347,-47.48134789371883
108.2,10.66775019730362,-20.936797218297563,-47.30698105940059
108.21000000000001,9.806750575466696,-21.905113319710274,-46.93946156105757
108.22,9.077461723173837,-22.78817128032346,-46.496814860295174
108.23,8.274243760285898,-23.5586804581473,-46.07490062305566
108.24000000000001,7.333280174566574,-24.578083732988482,-45.77842695925525
108.25,6.397706185846101,-25.21456121250147,-45.242500259669676
108.26,5.429912121192613,-26.087782053349635,-44.817991112825034
108.27,4.598819406504104,-26.76971080343278,-44.41015099175656
108.28,3.4290251711857445,-27.416845216003715,-43.96963784622269
108.29,2.422989023048922,-28.296446508409584,-43.535704355168335
108.3,1.390327862948625,-28.807739513844403,-43.08090680888868
108.31,0.2372854642656332,-29.268273135191475,-42.62223727210893
108.32000000000001,-0.8229753651134403,-29.696315202320527,-42.31684068311919
108.33,-1.859467168199164,-30.376348275566958,-42.07440283022067
108.34,-3.1854819223431226,-30.70573378960958,-41.26091067016865
108.35000000000001,-4.178624481206698,-30.929912142430044,-40.6556598712367
108.36,-5.395834015699133,-31.295397041303318,-40.28573378028912
108.37,-6.400620577675541,-31.63554049530608,-39.92487399608747
108.38,-7.645484638608882,-31.476146794581922,-39.755319631264015
108.39,-8.793690890232856,-31.78842958660058,-39.134554772273475
108.4,-10.05311940792794,-31.977724249655125,-38.61650504269123
108.41,-11.210865422479943,-31.90324020583343,-38.33368902508974
108.42,-12.48348673296821,-32.01676968010085,-37.69767573506087
108.43,-13.551508291149956,-31.69298818676286,-37.4794607711762
108.44,-14.775175216640607,-31.783198758310512,-36.920440702751286
108.45,-15.647906527839513,-31.438067307933583,-36.597380546922935
108.46000000000001,-16.910822031330845,-31.529420902978394,-36.36427293934867
108.47,-17.854945979117876,-31.02039738090435,-36.06383387974739
108.48,-18.97150315197006,-30.741190861566132,-35.59765405356061
108.49000000000001,-20.000802839588427,-30.494891239549784,-35.328501744957656
108.5,-21.158708412013222,-30.043730678256793,-35.122529932352634
108.51,-21.933274283419617,-29.607416946914533,-34.769703181465424
108.52,-22.90861198963493,-29.209044982765434,-34.59965049755687
108.53,-24.069883903521085,-28.506343526161615,-34.239169556238735
108.54,-24.852190673456352,-27.967610222099243,-34.239940204842284
108.55,-25.66344990171501,-27.432031531338463,-34.07897818762559
108.56,-26.431139084697644,-26.787818986680037,-33.802716905033265
108.57000000000001,-27.252784640849054,-26.328311512217883,-33.6471757480384
108.58,-28.04498224077045,-25.397160663694816,-33.62338412818923
108.59,-28.774223362804037,-24.71286387302713,-33.720327512807714
108.60000000000001,-29.425744546774844,-24.141199487915717,-33.56334435398509
108.61,-29.8337582156847,-23.26156753248568,-33.55088017794064
108.62,-30.445493529174296,-22.472230683243925,-33.634707865997875
108.63,-31.00652357517869,-21.929526932029255,-33.6346408229943
108.64,-31.434855900865458,-20.93654237534257,-33.785873385540796
108.65,-31.715484994611714,-19.945002444421075,-33.84177887677408
108.66,-32.274139458357254,-19.221650798051872,-33.80062162856588
108.67,-32.46095739244057,-18.518681090886176,-34.203065359315985
108.68,-32.62254134989245,-17.48873607808515,-34.47625673212724
108.69,-32.638903038474616,-16.52876498486294,-34.61711617009407
108.7,-33.10877739203716,-15.763130732674384,-34.63346800099884
108.71000000000001,-33.10376837137112,-14.929277846600444,-35.06610850913979
108.72,-33.02591076452714,-14.208700314021689,-35.277727818043104
108.73,-33.09188928830416,-13.511422314920715,-35.58872784839279
108.74000000000001,-32.989855260439455,-12.541734657822795,-35.81565855302844
108.75,-32.803693358185555,-11.664583746265912,-36.03435550307729
108.76,-32.795276070611806,-11.06426155374177,-36.7046464929662
108.77,-32.32626666464993,-10.083441599418002,-36.87161692183615
108.78,-32.14081544755473,-9.32908816734799,-37.230112590119084
108.79,-31.83091145406129,-8.50645780319511,-37.710758372627836
108.8,-31.407076757289015,-7.692461978478375,-38.112238974117375
108.81,-31.271040942659607,-7.150688428265137,-38.49485128905035
108.82000000000001,-30.421779172688552,-6.613712331874984,-38.96173752106643
108.83,-29.98515568673279,-6.008452552047183,-39.327480046986096
108.84,-29.68170878918344,-5.448914770358694,-39.67585722868019
108.85000000000001,-28.935750100502087,-4.805417126015402,-40.379161590655805
108.86,-28.24189180135757,-4.324215445284007,-40.70121353252008
108.87,-27.4982701194817,-3.6092082157946104,-41.19755007087661
108.88,-26.94827596243062,-3.188757005546176,-41.71175368653723
108.89,-26.32753123879648,-2.7509257356710166,-42.33925888110925
108.9,-25.491220959605773,-2.3931524924578302,-42.7292597659925
108.91,-24.45339421268338,-2.0870077833283216,-43.172514443693395
108.92,-23.900313822289014,-1.5847116272032653,-43.73706303461839
108.93,-23.006597248011424,-1.3980759957635036,-44.187296973867895
108.94,-21.971589607972003,-1.2092855369752658,-44.449876949694264
108.95,-21.04461897126353,-1.0326213929454995,-45.063106178446006
108.96000000000001,-20.22998941377341,-0.838774344596993,-45.452356914339774
108.97,-19.288334568650566,-0.7168830856042614,-45.99897842421798
108.98,-18.521943882997583,-0.644387828153626,-46.47438122416491
108.99000000000001,-17.363380960854442,-0.6023902689022806,-47.056049631398494
109.0,-16.4184462143714,-0.40552889929991875,-47.33892992999211
109.01,-15.511736639063052,-0.6261898434127321,-47.65033260892827
109.02,-14.462560141131448,-0.5937837669089961,-48.11142850695991
109.03,-13.410638492244319,-0.7377241656632383,-48.31459714918348
109.04,-12.273026263081208,-0.9079209322740581,-48.50295194150522
109.05,-11.252194891638128,-1.1969597700814776,-49.04612654339123
109.06,-10.226833385181205,-1.1538084050868194,-49.305882244277385
109.07000000000001,-9.14807807287518,-1.618332948117941,-49.71971669408275
109.08,-8.013190894571682,-1.760043021400396,-49.914609599933506
109.09,-7.178766940001297,-2.4072995170357125,-50.192481922977386
109.10000000000001,-5.997246900718275,-2.4726617278877034,-50.33021670895617
109.11,-4.9012796220622725,-3.2039988398129,-50.5542708911758
109.12,-3.886259054801616,-3.4919397385855673,-50.5871987617457
109.13,-2.8172059420972535,-3.992429465554596,-51.097282764811474
109.14,-1.689721267123799,-4.438283070098684,-50.855557646471865
109.15,-0.7651197872676329,-4.717219499319809,-51.16289800190759
109.16,0.4307707600228783,-5.439675593776245,-51.1028986995755
109.17,1.3454858488409578,-5.980818445226335,-51.293650728047346
109.18,2.509934411777446,-6.43081500533867,-51.384830830775705
109.19,3.5555115129442085,-6.929391661425223,-51.271780537506864
109.2,4.492810309825912,-7.899588544545391,-51.40279621658145
109.21000000000001,5.5404570427948965,-8.529119860346814,-51.122860703398416
109.22,6.442496057175136,-9.217348829385587,-51.07047476257062
109.23,7.378189595799647,-9.713510375278425,-50.84758757774609
109.24000000000001,8.500994380015339,-10.379971976101325,-50.58692083391781
109.25,9.494367552890544,-11.205930299147044,-50.36508700563737
109.26,10.197969143854575,-11.79909410902963,-50.123537953342115
109.27,11.367956232562923,-12.426308190670374,-49.92173356426684
109.28,12.267724967423447,-13.415078967251123,-49.72317055358412
109.29,13.120739614208011,-14.15167594799797,-49.318137816377686
109.3,13.904120169238109,-14.67026412623685,-48.95679544503037
109.31,14.97241901350961,-15.523689657445036,-48.66360514257999
109.32000000000001,15.776851419213282,-16.121725009353842,-48.24489768983926
109.33,16.889751634396895,-16.93223272251713,-47.76282455469729
109.34,17.449246824566778,-17.87042040493653,-47.42224262289608
109.35000000000001,18.546896607675674,-18.501612866707745,-46.78352777022846
109.36,19.523090121677196,-19.286290574779084,-45.932437583364504
109.37,20.347610933783365,-20.04531617317528,-45.70500012056951
109.38,21.204637815019407,-20.848546979706363,-44.99021434897967
109.39,21.988812036801306,-21.36342656746071,-44.54749791763969
109.4,22.833272013360457,-22.145959459111776,-43.74888110598719
109.41,23.55848955631531,-22.98030132437764,-42.98059764322885
109.42,24.347547482389565,-23.48439290728053,-42.51796706452694
109.43,25.032122409259003,-24.489423204508267,-41.69530289210338
109.44,25.972057566177273,-24.863278455826407,-40.96600753553351
109.45,26.62129011781235,-25.587308018756517,-40.293742689153724
109.46000000000001,27.563250902529642,-26.37026698952023,-39.32420491607873
109.47,28.303838930325714,-26.94688949556556,-38.4902287908391
109.48,28.963782784811993,-27.5800785836119,-37.560668368255506
109.49000000000001,29.67596919313047,-28.178478440165478,-36.76618181266765
109.5,30.487819729102505,-28.81588271527296,-35.88348410395342
109.51,31.245399592188683,-29.323598981557254,-34.80623278929664
109.52,31.91887678598568,-29.889020809467976,-34.09518040782246
109.53,32.643153605637124,-30.314717251120328,-33.06802076030847
109.54,33.21476944960483,-30.722030797512335,-31.904045115206465
109.55,34.01547016660108,-31.405453154769802,-30.747139329174946
109.56,34.871766948001586,-31.84779204816289,-29.802145402503555
109.57000000000001,35.40634442351183,-32.18067808361681,-28.782479101285354
109.58,36.14070668324571,-32.66109769279742,-27.8145404179792
109.59,36.690425465338876,-33.18600141006351,-26.42431960597975
109.60000000000001,37.57984413445908,-33.38552195475265,-25.436630171302177
109.61,38.390933126112536,-33.540240002268646,-24.379136121721956
109.62,38.82048354411055,-33.83631167475478,-23.178245517394235
109.63,39.51021247189778,-34.06091166152432,-21.819664610766047
109.64,40.306870856018506,-34.37400840154457,-20.59779042940386
109.65,40.81123886926851,-34.484562769737096,-19.23807005531481
109.66,41.37006216027363,-34.60896963608669,-18.09234995125705
109.67,41.949240326671884,-34.80609563418114,-17.068874544423768
109.68,42.61890913404386,-34.96208250430395,-15.375946227931511
109.69,42.997809026953476,-35.193626356970825,-14.307420819338487
109.7,43.98797120290637,-34.953037725846315,-12.97595244911738
109.71000000000001,44.404077953104235,-34.88752332706423,-11.567791809005426
109.72,44.89713393572184,-34.62396684879043,-10.355955609375306
109.73,45.44035982528212,-34.900236279672285,-8.861563688236746
109.74000000000001,45.811239951976674,-34.50838131509034,-7.430950230439418
109.75,46.48238116565074,-34.54255075986055,-6.080052892176683
109.76,46.93389217237254,-34.34394271837869,-4.810203320347415
109.77,47.37920225143492,-33.992398567449726,-3.297535942353108
109.78,47.96049602253863,-33.90483273974424,-1.9691571290073435
109.79,48.196342849508056,-33.37957976815532,-0.5330256811697245
109.8,48.76493853690832,-33.104856241750674,0.8843611249830677
109.81,49.212328065592956,-32.56182588602066,2.0949013392402676
109.82000000000001,49.50110967348639,-32.312544106601194,3.542265391504886
109.83,49.96908471407167,-31.6538435252392,4.950477807766118
109.84,50.14916097889583,-31.065293672128355,6.549873543271609
109.85000000000001,50.69867268798268,-30.722943936183025,7.882097133803088
109.86,50.73847672907481,-29.98235474571349,9.201018765048884
109.87,50.98331034456393,-29.424898692154894,10.851177508928815
109.88,51.183064817063325,-28.71760995384925,11.885571762875141
109.89,51.335458724942974,-27.934889100420186,13.6470242449026
109.9,51.592391092977294,-27.222124187082194,14.957345724418355
109.91,51.40484017361683,-26.506447977547523,16.69689699719673
109.92,51.62406578289606,-25.47811271002646,18.0168456362169
109.93,51.6203287874546,-24.883605913647063,19.21382217823748
109.94,51.67367818703909,-24.10815862422346,20.58404374092748
109.95,51.68559527820472,-23.140330174309113,22.01736120153762
109.96000000000001,51.21511364979266,-22.17095322222316,23.462944479114704
109.97,51.398282619837936,-21.297175996070525,24.596303474956486
109.98,51.1011920795162,-20.168505706668864,26.04887082697038
109.99000000000001,50.76948312922726,-19.337955219432324,27.325232678514265
110.0,50.6014148476067,-18.32160339410592,28.60851371505093
110.01,50.09743486712891,-17.134906578049357,29.69116741134176
110.02,49.695187473309076,-16.085643473274885,31.12843638559511
110.03,49.37986254976886,-14.9183976079141,32.30492755517125
110.04,48.767636586825574,-14.003264775683494,33.616942717068156
110.05,48.16974056420141,-12.62106483189219,34.74907628122354
110.06,47.65154937747652,-11.638071657135557,35.956000532574755
110.07000000000001,46.869505303230625,-10.51383859412225,37.02332549663538
110.08,46.05157076244333,-9.176578999616867,37.980661961212
110.09,45.48253743613496,-8.006722371715119,39.14259401016789
110.10000000000001,44.50681586541423,-6.975541168818445,40.447038362061214
110.11,43.821740353945806,-5.794437320932624,40.97905082031018
110.12,42.68833775239227,-4.717479240283401,42.16385948426246
110.13,41.6578000970434,-3.6026618207197485,43.26737869519275
110.14,40.42782141212892,-2.2360239239443906,44.05607942518727
110.15,39.414039716304714,-1.1779851791277465,44.64195340201175
110.16,38.142206876291226,-0.11243667531732907,45.56785197314515
110.17,36.994345993837996,0.8648893674876602,46.397691170146615
110.18,35.468370355553546,1.9380749511308883,47.20205795255623
110.19,34.040565403001786,3.136611563775253,47.715850981231384
110.2,32.7447602354471,4.040845791571673,48.260131357103525
110.21000000000001,31.286126478983956,5.023742133841256,49.10486898736411
110.22,29.946150422128095,5.916688865514405,49.511979961925505
110.23,28.202499178663956,7.180854801655781,50.13207452046408
110.24000000000001,26.297395708205258,7.929361089004696,50.53856404371026
110.25,24.700003197877347,8.706389680097404,50.97080423281547
110.26,23.125481142017694,9.485249676413133,51.13843534273347
110.27,21.07601838301507,10.217172446153711,51.582113066337435
110.28,19.377823437904432,10.978635793183038,51.758188165951545
110.29,17.45728524944407,11.643651096441753,52.19166364990787
110.3,15.66387553381719,11.965957445852096,52.15563283199665
110.31,13.623540798872206,12.800963288946493,52.426440828434494
110.32000000000001,11.947417513397069,13.183775331838444,52.44317016102369
110.33,9.609991792588188,13.722209541471832,52.33423094252998
110.34,7.733108295209225,13.979930530254517,52.37659064445962
110.35000000000001,5.898782093464096,14.258259176234827,52.209331057983675
110.36,3.7747606808325265,14.287640460063066,52.30349083378521
110.37,1.8544295829401667,14.586464859453073,52.06776953017517
110.38,-0.26853843360502544,14.55916073339938,51.913676557392044
110.39,-2.286092369791221,14.654583894926018,51.701442213639595
110.4,-4.4523206721902175,14.458085035130747,51.21552497841391
110.41,-6.405825950649081,14.235382643163286,50.85881686422711
110.42,-8.435120423299836,14.316039205460456,50.42926467122686
110.43,-10.491835770462977,13.937454767214607,50.13135638926867
110.44,-12.462747296742666,13.567138197799038,49.458037113527524
110.45,-14.432133186318213,13.013977165778273,48.85588555464391
110.46000000000001,-16.190055104820676,12.584729201489154,48.504960906755635
110.47,-18.1064657958643,11.75770164947023,47.80849848957537
110.48,-19.934077322773856,11.181481416453986,47.0474045810362
110.49000000000001,-21.824135425407192,10.373693010122096,46.60933245065417
110.5,-23.446739763441155,9.431602095794329,45.80031943120789
110.51,-25.008665757330093,8.505463789001011,45.040343856126256
110.52,-26.853580021470112,7.6632173536278225,44.53743745865221
110.53,-28.269523970166528,6.7427097882303695,43.67694424419751
110.54,-29.812445670914048,5.393831400872422,42.740173155104195
110.55,-31.00582828609949,4.305382024514033,42.051586986350664
110.56,-32.58913752410842,3.332010449763721,41.181391708195406
110.57000000000001,-33.616211645524004,1.5740938571148178,40.08485731471638
110.58,-34.920937205432466,0.6544475466136819,39.35599045826049
110.59,-35.86154376652614,-0.9672897498159928,38.55171426374593
110.60000000000001,-36.827284625709375,-2.3804699536070513,37.536855603330224
110.61,-37.62234310049546,-3.835872739463544,36.558196063202764
110.62,-38.580420192408404,-5.324824483693138,35.78394252028011
110.63,-39.058380075521974,-6.769757997833239,34.642232392151975
110.64,-39.7163464502055,-8.481893544940917,33.75501592694535
110.65,-40.33586987101291,-10.13449494544631,32.945246531341
110.66,-40.46493462552446,-11.700367054170675,31.965302337679315
110.67,-40.592309662530106,-13.39927831737731,31.148954469122
110.68,-40.981250466123775,-15.167364344737951,30.17919690214824
110.69,-41.135476073068965,-16.63806203901018,29.017092239529056
110.7,-41.07127618891712,-18.423416886126795,28.423351769727766
110.71000000000001,-40.82466052368719,-20.059124118923975,27.46324482340552
110.72,-40.60540681907369,-21.760784887222155,26.8094745378648
110.73,-40.372089255126824,-23.413373399788355,25.57027000109416
110.74000000000001,-39.84074253567749,-25.27786134470884,24.780354260534647
110.75,-39.14702741796936,-26.715366293174263,24.008870308936977
110.76,-38.422615762835605,-28.303660720616417,23.105202563081683
110.77,-37.73971731110084,-29.705974240935813,22.34429627074788
110.78,-36.842534316539584,-31.434094012290572,21.61629061732706
110.79,-36.002626461433294,-33.08577418017276,20.99362707797218
110.8,-34.711720105850844,-34.43343286650296,20.221287592627736
110.81,-33.47373087274311,-35.99316298868871,19.35884816699995
110.82000000000001,-32.35336246503705,-37.21040890850052,18.99420343150396
110.83,-30.967967524641583,-38.60210519316909,18.08270436480071
110.84,-29.236324166972118,-39.907575490819596,17.36828689440278
110.85000000000001,-28.00613162095915,-41.20582505016842,17.095576841672116
110.86,-26.571024425479393,-42.443331540250284,16.52858124639608
110.87,-24.676157191213772,-43.44129231064557,16.002993592100776
110.88,-23.29828180130152,-44.32666257057441,15.449115766156739
110.89,-21.382846707523974,-45.42122879201373,15.076885787403521
110.9,-19.52065017471324,-46.199070549685956,14.593721719237248
110.91,-17.73262206918366,-47.21142796131789,14.521675078045632
110.92,-15.801854098551557,-47.907452763934785,13.823129443314173
110.93,-13.802781829768183,-48.64861416794502,13.678761038963284
110.94,-11.997248765297918,-49.27543605482357,13.319261132035013
110.95,-9.89436036976229,-49.703613186408425,13.350485207625269
110.96000000000001,-7.700350136767077,-50.2820549510014,13.012489548753951
110.97,-5.8769909401045926,-50.454382013157854,12.704811633015936
110.98,-3.685034511216773,-50.88811939907421,12.907700471503027
110.99000000000001,-1.5999479711383529,-50.99762164609654,12.626033779405766
111.0,0.46692372093083145,-51.27883983293687,12.526792388281663
111.01,2.4382863653462707,-51.105509948535854,12.569727960441988
111.02,4.624971375371461,-51.33751509203175,12.325394079917789
111.03,6.8286259213684675,-51.35177089537005,12.470257794534241
111.04,8.829425638191664,-51.10223641120916,12.560645326933914
111.05,10.734693420709911,-51.007489747792974,12.669350335418411
111.06,12.807937355458973,-50.681956102202165,12.759034669465503
111.07000000000001,14.888060363807455,-50.3851499057085,12.820931145837648
111.08,16.881910593137384,-50.05880781043099,12.920660782285987
111.09,18.765510171656132,-49.38021347377399,13.143816161316803
111.10000000000001,20.573327848369747,-48.92147645513087,13.434516462729219
111.11,22.48928749481306,-48.538764583105696,13.539620391353793
111.12,24.483857170988163,-47.601046775093636,13.44619373271734
111.13,26.07560048679294,-46.84806327382772,14.019236898760921
111.14,27.95040947672367,-46.098325373706,14.200359390083811
111.15,29.81863303257557,-45.32642676334331,14.397883982523064
111.16,31.273057694375105,-44.49599953719394,14.808626428840398
111.17,32.89569893025508,-43.57077008603813,15.152137326536744
111.18,34.28600397081565,-42.7433201734988,15.539880516434062
111.19,35.68728534844144,-41.652710383618945,15.858275672100236
111.2,37.15262744762672,-40.80014280618027,16.084909198510108
111.21000000000001,38.603868505330546,-39.666837148332256,16.49717868722453
111.22,39.978296833171775,-38.58487870025177,16.870798096305013
111.23,41.23353203276203,-37.44219812578673,17.393585166535473
111.24000000000001,42.29021328059303,-36.46071865376154,17.660814369059633
111.25,43.57644595162205,-35.28548871709755,18.014059157363327
111.26,44.64024336748111,-33.8911761224055,18.41652437795325
111.27,45.69664546663301,-32.80199694077105,18.867600481096133
111.28,46.561637712663,-31.841665345431466,19.23531539907223
111.29,47.422225841415965,-30.50123997977475,19.582941218791746
111.3,48.088683450793134,-29.1423138927563,20.11501181199347
111.31,49.010256269849584,-28.08158000547468,20.48798213751132
111.32000000000001,49.66642803486071,-26.767486543971025,20.798014586823072
111.33,50.25268039940814,-25.616967734396244,21.324872948292008
111.34,50.85677642309604,-24.392630302892083,21.590243999987926
111.35000000000001,51.57565037901385,-23.269598978042286,22.12651519032871
111.36,51.838601645562086,-22.037621708646096,22.48101821924815
111.37,52.42141234491811,-20.853465141249274,22.823745355407834
111.38,52.844981976830844,-19.550688489529442,23.274091666684875
111.39,53.08204291617824,-18.392589311795593,23.833787653280947
111.4,53.41042849289991,-17.278009541531727,24.135934087672688
111.41,53.6121014207174,-16.112909432153383,24.556539905628945
111.42,53.97020669669914,-15.215352406962142,24.989371269695592
111.43,54.14834614934828,-13.789279552280274,25.368385934873622
111.44,54.38601056343989,-12.979262092259235,25.929833668609266
111.45,54.10491847866141,-11.708199309876662,26.000774158548342
111.46000000000001,54.38772920271243,-10.7514683534805,26.297753585809154
111.47,54.262399042027084,-9.8427363659259,26.61328653841286
111.48,54.55945695553395,-8.846439422679824,27.37356352510016
111.49000000000001,54.11004543275433,-7.694866121670538,27.688260027012728
111.5,54.21519266063548,-6.780553066419952,27.917411032134712
111.51,54.34469805323533,-5.744908876359685,28.187534187247124
111.52,54.14735763595668,-5.120168629809519,28.589577184190144
111.53,53.89139412816526,-4.009665268899037,28.889698079909653
111.54,53.811534011926256,-3.4760411864088767,29.320017613644247
111.55,53.48830583405424,-2.5730612576014864,29.60348491678138
111.56,53.54503933444791,-1.8422293480918805,29.891113275852913
111.57000000000001,53.15072207921505,-0.993008469088592,30.270577159602666
111.58,53.01614795197665,-0.2415992977558154,30.609452556873432
111.59,52.83383434721915,0.23322096100176778,30.666382939653992
111.60000000000001,52.51777658985078,0.8781921659022344,30.769916125115216
111.61,52.14696372106176,1.5544852401413305,31.268938261133485
111.62,51.978301975650794,1.9887598249388887,31.565404550243294
111.63,51.87837790117145,2.7821220381492218,31.893918941695738
111.64,51.43291976725813,3.1546805608634365,31.95275634861574
111.65,51.25014354810205,3.7406116530705384,32.3297790275101
111.66,51.205183339796974,4.242491128108097,32.481202328538124
111.67,50.95533454203592,4.473521503062135,32.755271956721074
111.68,50.6218468752361,5.0796393445231915,33.111066601177754
111.69,50.35733872536837,5.519115692388882,33.08045911475655
111.7,49.996292106410806,5.736410698290493,33.47803590521485
111.71000000000001,49.892487999182634,6.027602749553849,33.79982006339041
111.72,49.76149966298082,6.4435468521543156,33.859711860682346
111.73,49.498048703105155,6.77419952507621,33.904012054176356
111.74000000000001,49.4578727217747,6.963675084032576,34.33265810762059
111.75,48.883494184642714,7.170900546938205,34.43077824599602
111.76,48.892501137401695,7.112481309653834,34.53756228057998
111.77,48.81809324867769,7.396090015151629,34.66817372031757
111.78,48.47870974361303,7.52021153796083,34.88403989184722
111.79,48.35802060398394,7.821470726293538,34.96049676655018
111.8,48.128209661662915,7.761472072038596,35.08940428245734
111.81,48.03347595514122,7.76286637045755,35.35028987362427
111.82000000000001,47.88857129387102,7.996291702094769,35.52446897935343
111.83,47.809352827085775,7.776245766296963,35.5699952456927
111.84,47.73626432216002,7.749574479380647,35.68793709197932
111.85000000000001,47.700700070905,7.720288528622864,35.62414314297097
111.86,47.72456217795253,7.614954128970443,35.83533307118201
111.87,47.733335851469036,7.6555846634782005,35.81626951567776
111.88,47.67290297524631,7.550244012385248,36.1181581627047
111.89,47.65660457595582,7.346931664859783,36.09232844387164
111.9,47.691033630080746,7.000943511374964,36.05342894488244
111.91,47.47696405425577,6.801310828173444,36.05540513731911
111.92,47.83151003566784,6.626054955398811,36.08774554374713
111.93,47.543197200757746,6.424802524502336,36.18267519245434
111.94,47.68234891824717,6.45206287285077,36.12192029022795
111.95,47.83109395040341,6.064754829445821,36.02627170711474
111.96000000000001,47.722036262560856,5.412633417307534,36.37536901129415
111.97,47.81807252415859,5.266055901454963,36.198588630138985
111.98,47.99042238283406,4.85184604419012,36.276645733179606
111.99000000000001,48.0179212483352,4.394450513509588,36.138558596923275
112.0,48.19299216729258,4.067333122530285,36.135803705398985
112.01,48.259418257862265,3.5087436821501634,36.025574482796536
112.02,48.53102732653162,3.3446261462900346,35.87672366351784
112.03,48.658171038024584,2.715136898002014,35.763460784953956
112.04,48.876008765109546,2.037315567127421,35.704647265123874
112.05,48.946647016875545,1.48067339504397,35.6709360736218
112.06,49.075230448309355,0.9237115629276158,35.52102748517979
112.07000000000001,49.32938926432493,0.5384032274836936,35.3868124291511
112.08,49.53635722924833,0.08096542394601716,35.214995377655576
112.09,49.49169436523737,-0.6784748284787477,35.042126849305774
112.10000000000001,49.84362897560704,-1.4721116077676495,35.06482601064105
112.11,50.12223684307285,-2.1968818877619025,34.735612388261096
112.12,50.15266225495496,-2.7967622649617683,34.365849961344125
112.13,50.32730979834084,-3.4578636398351925,34.31407980671708
112.14,50.4215117004737,-4.417117946710038,33.86699284362865
112.15,50.72595328237702,-5.227994788260369,33.70411262313095
112.16,50.75905299498698,-5.863693885082464,33.54482804963188
112.17,50.88775832935932,-6.653878197926416,32.99953945006489
112.18,50.84981290502308,-7.614273286050787,32.59674447815301
112.19,51.19770919440842,-8.85603109844833,32.39516058772056
112.2,51.19603361490443,-9.479911354571563,32.06553393252633
112.21000000000001,51.33300311268287,-10.371632765785023,31.544275271989388
112.22,51.351409145083856,-11.368182256122665,31.12555607278825
112.23,51.26758894206036,-12.121311709478572,30.662493011710247
112.24000000000001,51.36827117874308,-13.385196123924205,30.40596573052251
112.25,51.27683048290724,-14.246003013580346,29.900181654522477
112.26,51.2532948014052,-15.288542534123572,29.46078369186299
112.27,51.161083166772606,-16.435546204732205,28.868471162811186
112.28,51.01018941699857,-17.510345657388775,28.392629870347623
112.29,50.88368269054709,-18.358501882619265,27.80661677942788
112.3,50.652038605037376,-19.672615456722138,27.135710792209277
112.31,50.645196750430465,-20.822076955894506,26.60895863949666
112.32000000000001,50.11742792721518,-21.73791513505957,26.04012407707221
112.33,50.02428244173824,-22.910225516367333,25.40308031460947
112.34,49.53669954343155,-24.040356961452797,24.71365731381725
112.35000000000001,49.33437075616769,-25.275433345745594,24.068601503779316
112.36,48.64703200516994,-26.313199002918292,23.413682113002103
112.37,48.11727247610051,-27.671210590298017,22.677111100739882
112.38,47.751050291409236,-28.87789330646238,21.917946995301328
112.39,47.06997423737694,-29.694079170838176,21.161744632772894
112.4,46.5565030812072,-30.950764101354643,20.351710499299283
112.41,45.89799350295248,-32.13499503276655,19.515134649130545
112.42,44.9535285212775,-33.216895725603194,18.74919922183225
112.43,44.14079217844329,-34.53735442500563,18.053350441183326
112.44,43.49649886493454,-35.5549488927141,16.971788733482818
112.45,42.29214107891981,-36.55527255720533,16.375004778166275
112.46000000000001,41.45785185547342,-37.711898720269765,15.504464458888453
112.47,40.44159934770694,-38.856783492217424,14.518209196700186
112.48,39.38141403504442,-39.99644980284017,13.62546242099462
112.49000000000001,38.26905618523944,-40.83514069434536,12.77316290435051
112.5,36.95587543801426,-41.93276599448596,11.782752333819829
112.51,35.77198240459637,-42.85537179799153,10.963402297442535
112.52,34.29379559374832,-43.82033528793935,10.17532199674387
112.53,32.72902687932593,-44.628677722722,9.238976460397087
112.54,31.278415490078896,-45.67865739536278,8.43877293841873
112.55,29.670011111188934,-46.403381888698895,7.644042558401759
112.56,28.229518942063574,-47.3504599246993,6.391021059330886
112.57000000000001,26.478855994110628,-47.995066086106,5.637065905919136
112.58,24.670829945537943,-48.49521517760334,4.832355903803659
112.59,23.198200193841586,-49.14740065891289,3.867042377620394
112.60000000000001,21.09821901310631,-49.8872414515224,2.9751981160383356
112.61,19.406139443908387,-50.31838845759744,2.0041553616534635
112.62,17.214515507731967,-50.94301483814085,1.2219881755519455
112.63,15.35565765653478,-51.13144971512915,0.5207758223561539
112.64,13.348290282877397,-51.45296332552932,-0.3358220091564529
112.65,11.244564246268908,-51.54317652432252,-1.008768371912093
112.66,9.063339126621026,-51.7322045366383,-1.8072015260963228
112.67,6.898636801651545,-51.91285420584469,-2.5747715569113083
112.68,4.614876594145922,-51.93764793948346,-3.366558762978419
112.69,2.698193141246179,-51.73670840726661,-3.989027506976909
112.7,0.578710321594035,-51.80281664930264,-4.503646015201884
112.71000000000001,-1.8474107710297782,-51.499001345121094,-5.248164046673139
112.72,-4.134184455991945,-50.960526006775176,-5.652466895417507
112.73,-6.210896545906236,-50.83657141391156,-6.232441957880486
112.74000000000001,-8.637669285286092,-50.331679484899915,-6.669893697699699
112.75,-10.75071438628194,-49.703267641267786,-7.167446868050254
112.76,-13.100226866711626,-48.97344009977149,-7.606351502061161
112.77,-15.139535654659527,-48.26017496261193,-7.927674605358324
112.78,-17.38597706902891,-47.48546138458075,-8.102392560168514
112.79,-19.698298540282458,-46.428329210156676,-8.30710192832097
112.8,-22.003019597404695,-45.63314936496722,-8.599930028875416
112.81,-23.98046135517833,-44.42825903894075,-8.787459724923279
112.82000000000001,-26.033089587694416,-43.24815344149103,-8.796664913731115
112.83,-28.216355796212017,-41.92679136677878,-8.798841891831543
112.84,-29.950730881401,-40.703171142176565,-8.815604476220276
112.85000000000001,-31.87872994553351,-39.21560014690302,-8.685203278825941
112.86,-34.02796868161618,-37.79606419587396,-8.470121139049347
112.87,-35.375392572091606,-36.250202368654634,-8.273852353432146
112.88,-37.33554461754661,-34.72745484914417,-7.937505115402887
112.89,-38.983660848726636,-32.71741625327127,-7.79732625755784
112.9,-40.53167569600218,-30.973499116240877,-7.343802501985862
112.91,-41.85615746624427,-29.30451548432492,-6.836058682864118
112.92,-43.500234626701214,-27.3086041761115,-6.390874192622668
112.93,-44.65195389928242,-25.47786212207882,-5.644535471955441
112.94,-45.76522874422924,-23.372335628938337,-5.086277202575715
112.95,-46.69173522006922,-21.45388607278598,-4.451396789360339
112.96000000000001,-47.72749972193041,-19.468681170503505,-3.637602510903411
112.97,-48.66364914867451,-17.43177393884375,-2.9214475753203892
112.98,-49.21275245744479,-15.365205258500868,-1.9425074136321494
112.99000000000001,-49.852689009935396,-13.043253671758547,-1.074594800003151
113.0,-50.213474009970625,-11.299794559336247,-0.03853602711747872
113.01,-50.48447528834991,-8.950938986915837,0.9119981905614425
113.02,-50.78034846089715,-6.7498472003800005,1.972477320602729
113.03,-50.71964194128262,-4.590131458382031,3.1130230851416023
113.04,-50.90509601214528,-2.858630266323292,4.299969828812881
113.05,-50.66466295142337,-0.6548616848313524,5.269342468347356
113.06,-50.42478599736898,1.5752098070632299,6.614667117188704
113.07000000000001,-49.816831278736565,3.813059777077264,7.679758647562731
113.08,-49.30556346178952,5.61046470698281,9.199616564727764
113.09,-48.503070405296796,7.668850036623473,10.550415177707322
113.10000000000001,-47.6962175271729,9.570104606585467,11.593315900587648
113.11,-46.609505870989054,11.484328370555582,13.128443296965596
113.12,-45.66462291658924,13.262264725504869,14.388729268430346
113.13,-44.513228146376846,15.061963934353512,15.698326436675547
113.14,-43.09231926210207,17.03604248618535,17.116782027412306
113.15,-41.749189219242396,18.51970584815595,18.28361898944588
113.16,-40.17695770571858,19.938771077919235,19.9873639808087
113.17,-38.65044255874389,21.580004412011192,21.203219554067406
113.18,-36.782592940641464,22.82813789391772,22.509142371428293
113.19,-34.89498258326919,24.142982035844536,23.947189617879665
113.2,-32.93402527543126,25.1968179125913,25.349679681395433
113.21000000000001,-31.099148334341866,26.432764879309754,26.64934214882401
113.22,-28.711365593503025,27.46214204238943,28.145750761443843
113.23,-26.731832142705485,28.4148406223383,29.107542952150258
113.24000000000001,-24.493162873278173,29.296237540102638,30.3605237195685
113.25,-22.20223328257937,29.7699444465114,31.726954558286867
113.26,-19.70030873467866,30.19712266187602,32.90211428761315
113.27,-17.28527343634121,30.851165902962652,33.82968431655782
113.28,-14.945501410465084,31.162169961338318,34.88485561518641
113.29,-12.365139650121668,31.583551871227943,35.858456015928844
113.3,-9.987693879125022,31.82741034787251,36.881763389272784
113.31,-7.410325927084802,31.732050855532965,37.83052628496623
113.32000000000001,-4.846469088419569,31.699347816359957,38.73718575525925
113.33,-2.3275652593169647,31.392298794087225,39.48718270042999
113.34,0.35224168843186354,31.271930432444194,40.184453915854625
113.35000000000001,2.6271907059003943,30.892807162999702,41.08367895187142
113.36,5.243991207462208,30.41208541747703,41.62738017410777
113.37,7.803925515857608,29.785986730835905,42.15191769098661
113.38,10.45004592913398,29.14251792703403,42.52212613400438
113.39,12.671306737654689,28.411173306762723,42.82106589249623
113.4,15.369068488211447,27.46816949477844,43.323349489658774
113.41,17.545835734128826,26.63986705445699,43.718053446391274
113.42,20.035006157760765,25.615038187774264,43.81882181422752
113.43,22.285524379644453,24.49698490028955,43.92934077095564
113.44,24.438101130090143,23.39703081742528,44.04649730838289
113.45,26.572998347171403,22.08800352734677,44.07908493797571
113.46000000000001,28.983765907088873,20.82016344103969,43.78417680086628
113.47,30.964842727046687,19.257155127472185,43.57007728431116
113.48,32.86743195713943,17.828744134928165,43.38787146878559
113.49000000000001,34.7909520466557,16.484783950530673,42.95255766685705
113.5,36.696638654533096,15.084582369857083,42.581692518685244
113.51,38.29079650104003,13.397136960605312,42.132999675243724
113.52,39.997548459316434,11.644103318864426,41.436054975900575
113.53,41.58008523335265,10.191200321178494,40.73787220126239
113.54,43.090754076535646,8.391120986773657,40.398087659790626
113.55,44.63595257732379,6.752643075481016,39.53220518545442
113.56,45.5897801180282,5.1487378488601125,38.726724701150836
113.57000000000001,46.67765399368166,3.4117218374468625,37.71062960198519
113.58,48.2137024392009,1.4957832126582908,36.81355406606016
113.59,48.926504845855135,-0.1673605674842526,35.75275017879211
113.60000000000001,49.93578739943798,-1.8766325007760392,34.90728171953665
113.61,50.813263710277916,-3.7344166273054666,33.88183254720087
113.62,51.4631899187503,-5.560020326764006,32.49960477322478
113.63,52.26038254241906,-7.1479230883579685,31.348197484202064
113.64,52.62417557617528,-8.993905640192708,30.10699122708077
113.65,53.13593858183548,-10.583577913761175,28.86479890226502
113.66,53.4870063793861,-12.171731180987798,27.623082509427462
113.67,53.754165108075995,-13.87964908809615,26.029759696525257
113.68,53.89203527992398,-15.336343812215079,24.496826053994766
113.69,54.10833934708078,-16.74519809910745,22.944403838136896
113.7,53.97972771337745,-18.60133199959957,21.70630058484541
113.71000000000001,53.973524378182674,-19.98197672996593,20.278347001343786
113.72,53.93872944910664,-21.461873444584928,18.72278477728122
113.73,53.7170487999675,-22.989986296250535,16.889351117739754
113.74000000000001,53.310557896942484,-24.236754854507105,15.403787115342782
113.75,53.032001489634304,-25.368395017351787,13.725677817191386
113.76,52.48535500323203,-26.798511375634376,12.051502989075098
113.77,52.13025477839728,-27.93674573465058,10.581051540463385
113.78,51.56343587618866,-29.117423556964223,9.128503824117383
113.79,51.04707847587804,-30.29231450494219,7.493969885050288
113.8,50.35341538874159,-31.068472948082317,5.468079718960441
113.81,49.49986938835044,-32.07056135989398,4.0072840774583804
113.82000000000001,48.66460862070165,-33.127483447657674,2.425064660810804
113.83,47.97330420706511,-33.88962158217884,0.785972513957014
113.84,46.98168168189255,-34.894606294476425,-0.9010929661101315
113.85000000000001,46.1449829631922,-35.366599935034365,-2.5563667342555902
113.86,45.1988099341972,-36.09156876567974,-4.147844760122132
113.87,44.24061138489957,-36.738400207512996,-5.772715451466195
113.88,43.22451960642776,-37.100934100657184,-7.202750415395954
113.89,42.13169111731226,-37.57832766634592,-8.749865425927279
113.9,41.180660093162224,-38.33866717668761,-10.512423857647558
113.91,39.76879711602032,-38.429302828003316,-12.097804135683877
113.92,38.784910352262784,-38.591023357815594,-13.330092901969
113.93,37.46312614529465,-39.05292730309926,-14.990980343001635
113.94,36.30802589412284,-39.24353789202847,-16.092558006606954
113.95,35.203747721170714,-39.55007249217977,-17.811208356498355
113.96000000000001,34.03090644441209,-39.63024293587867,-19.334696304439557
113.97,32.77578101701438,-39.75114066953107,-20.656969552006096
113.98,31.312677775286325,-39.64745161644503,-22.019786865240533
113.99000000000001,30.315110698273152,-39.5911648571213,-23.229588413282077
114.0,29.089422603658097,-39.50483988006691,-24.500569799986124
114.01,27.74628912826618,-39.47627110423499,-25.840730100228747
114.02,26.538596000235952,-39.141296782089675,-26.86763766590526
114.03,25.3271695486177,-38.93070883966266,-28.11764094886903
114.04,23.77980088595559,-38.78250756039002,-29.42243397944557
114.05,22.617224855842153,-38.224020523440785,-30.426804883108076
114.06,21.54222211231248,-37.903158995121274,-31.51194846557556
114.07000000000001,20.23966429179253,-37.72016055384642,-32.454796063899614
114.08,19.047825668672278,-37.03677476890303,-33.531720511925755
114.09,17.544086453789767,-36.67736269218127,-34.59910090123326
114.10000000000001,16.391464232237233,-35.989560976852495,-35.30664319692028
114.11,15.09662674930964,-35.85017432731295,-36.136081380860446
114.12,13.80883803121429,-35.20326146672978,-36.85528861539043
114.13,12.651962822408189,-34.734921333426634,-37.7742161735885
114.14,11.381318889979015,-34.028201759383904,-38.52989586929532
114.15,10.226849471002971,-33.41659374784969,-39.408879989017315
114.16,8.950347830479151,-33.102717424935285,-39.86244895758904
114.17,7.744818369862341,-32.38753879381174,-40.319134544139125
114.18,6.68770621947282,-31.60187412481429,-41.05202102972183
114.19,5.6195162060845885,-30.964026792351092,-41.61682264476216
114.2,4.2538505123320345,-30.431728462775492,-42.08973118699249
114.21000000000001,2.9532612650265726,-29.516107525162212,-42.786660489822324
114.22,1.9167777004632085,-28.81119609702479,-42.93523004847652
114.23,0.857313312848841,-28.35747661713018,-43.48265969865665
114.24000000000001,-0.5009123270645526,-27.44118168311358,-43.60449183227119
114.25,-1.2571317596713085,-26.953185350072083,-44.27585418551598
114.26,-2.417034887598821,-26.31197440087467,-44.51255243967477
114.27,-3.4301766715566657,-25.604527210725106,-44.67186020077266
114.28,-4.636183815228643,-24.88218059760759,-45.06586777419717
114.29,-5.705961932709152,-24.40530315685877,-44.803199050244224
114.3,-6.810918652013459,-23.741122030994028,-45.043220357808146
114.31,-7.76799812604516,-22.996526923470196,-45.105735001468
114.32000000000001,-8.684824629657554,-22.339006330027114,-45.23097116970888
114.33,-9.852016805534653,-21.627090007831075,-45.01852031971816
114.34,-10.698865960772354,-20.906346738112862,-45.16274550382475
114.35000000000001,-11.791277479074303,-20.451672496403987,-45.17230747750242
114.36,-13.003739779382727,-19.99454882699914,-45.13738721568305
114.37,-13.826604930447811,-19.38936870896563,-45.03292347435557
114.38,-14.84869608758822,-18.874286491495702,-44.87336413936546
114.39,-15.639161887596147,-18.43429726342053,-44.57611604354089
114.4,-16.52575705716873,-17.770673880433556,-44.62826038957098
114.41,-17.46188424316949,-17.380319356143147,-44.346532358387286
114.42,-18.56521145598064,-16.888251124310514,-43.94954001360931
114.43,-19.255926794063154,-16.375211493381023,-43.86280012087948
114.44,-20.024356194638525,-16.017294321428803,-43.62508211136878
114.45,-21.210405210078083,-15.7988036998807,-42.96429182003334
114.46000000000001,-21.843980231996333,-15.424833092985459,-42.81171725776943
114.47,-22.548102596099206,-15.233496353511688,-42.40454234298486
114.48,-23.514623983041307,-14.880063290904781,-42.02488930135803
114.49000000000001,-24.227020825167997,-14.50483091551498,-41.67527110850901
114.5,-24.81296884735267,-14.269127278354437,-41.263400240362486
114.51,-25.821301379958147,-13.973625091953565,-40.89052515206027
114.52,-26.45461969461502,-13.710509610217992,-40.450388614042495
114.53,-27.23677417940251,-13.754043698920524,-40.027001142704286
114.54,-27.86565502487497,-13.655068863396066,-39.56077086051466
114.55,-28.555615389866507,-13.578337384687027,-39.128762839288875
114.56,-29.277189762790066,-13.578521952300331,-38.68050004669443
114.57000000000001,-29.740047321668374,-13.672893045483773,-37.96147052163282
114.58,-30.46531527871352,-13.529108384902973,-37.660383354416005
114.59,-30.964779393728794,-13.849122964170364,-37.093854858971724
114.60000000000001,-31.465687450935174,-13.962178846328658,-36.54840223039249
114.61,-32.1756023286139,-14.102988074308376,-36.03329337433631
114.62,-32.65109657378547,-14.299188543454875,-35.69015799957404
114.63,-32.86363128481127,-14.763820021488193,-34.99443639239739
114.64,-33.5823724120668,-14.75922638358266,-34.586924164564444
114.65,-34.09659616534682,-14.952875023213918,-33.88310094234064
114.66,-34.554821337684515,-15.420947789660067,-33.298286147884774
114.67,-34.8661139558955,-15.700241266302157,-32.822872708071706
114.68,-35.118563208907815,-16.15329459981581,-32.347008068126556
114.69,-35.21213053954947,-16.738848006642883,-31.914583330380914
114.7,-35.5720073635455,-17.01540297251632,-31.50251735495116
114.71000000000001,-35.824820678239334,-17.368328936969416,-30.991178714921897
114.72,-36.01401846450072,-17.992347937679416,-30.595796378675484
114.73,-36.40755012931843,-18.614904068844222,-30.275548258295785
114.74000000000001,-36.0912008297384,-19.062496634544907,-29.660355537676022
114.75,-36.372743063808926,-19.77813814258,-29.219889671639393
114.76,-36.562432469553265,-20.417390179885146,-28.664247977608003
114.77,-36.449145395123864,-21.095274544506633,-28.339289861312665
114.78,-36.28348058406678,-21.617648857397768,-28.060194652378602
114.79,-35.9738669056891,-22.404126995378327,-27.610981136936555
114.8,-35.97798893678244,-23.115991342404428,-27.287926616481542
114.81,-35.884735219440856,-23.707641199133157,-27.000732724975155
114.82000000000001,-35.66104896119455,-24.46811725929753,-26.619591441556505
114.83,-35.333486560374816,-25.152566246779323,-26.388505268578257
114.84,-35.05035919231123,-26.017507866082692,-26.01552161314779
114.85000000000001,-34.67375734338988,-26.51024199666823,-25.852563993656762
114.86,-34.10633914956445,-27.542652672059365,-25.670200156995232
114.87,-33.746904626471355,-28.18454375506598,-25.48914719097273
114.88,-33.38259146223663,-28.987625049489296,-25.51220777232942
114.89,-32.67781820962177,-29.573571830323257,-25.28616816312205
114.9,-32.215499455943004,-30.491152049506688,-25.09126461675807
114.91,-31.428581631649077,-31.02770275840536,-25.075682605400473
114.92,-30.765041744515052,-31.811294077468908,-24.81222956227573
114.93,-29.978035302168834,-32.75084860119251,-24.956373988586993
114.94,-29.28762587786316,-33.40840718637002,-25.179464326237973
114.95,-28.602359174620847,-34.161870932508585,-24.76615333553075
114.96000000000001,-27.42248352308461,-34.70721014350818,-24.93956264315898
114.97,-26.58492781737075,-35.36792662402112,-25.233653264603053
114.98,-25.484786166393317,-36.1287706132162,-25.04051607723481
114.99000000000001,-24.59719871255759,-36.73262835885525,-25.361953495583343
115.0,-23.677819055036846,-37.166700758984085,-25.431059537211276
115.01,-22.665477679004287,-37.89009914268267,-25.672351827927454
115.02,-21.234260946894832,-38.08694204416212,-25.86539761965571
115.03,-20.10443915751928,-38.670717806144154,-25.99996705232944
115.04,-18.940098258769027,-39.30183246588268,-26.25869074598319
115.05,-17.799675236580146,-39.42877219363752,-26.661340192346096
115.06,-16.41544522677387,-39.8479946054764,-27.018099221758042
115.07000000000001,-15.213366932935108,-40.182788965629875,-27.447567093345935
115.08,-13.765517491574215,-40.46419425588897,-27.637853665786267
115.09,-12.567202627200164,-40.72452505101342,-28.007537706189265
115.10000000000001,-11.1230248902305,-40.86567115273287,-28.576673651546734
115.11,-9.656537485653919,-41.18640426143292,-28.940573787053847
115.12,-8.224011338161374,-41.00913938325098,-29.334028303119933
115.13,-6.952951392527203,-41.28101950269275,-29.75129084242594
115.14,-5.585462966222728,-40.80867046276002,-30.221044714801106
115.15,-3.8589329286921012,-40.90537913913681,-30.754803740176126
115.16,-2.7571248110819844,-40.980494283302896,-31.364467502904446
115.17,-0.9972244252394572,-40.53606925271901,-31.64738030998529
115.18,0.44330924568033314,-40.530041208516735,-32.151668878012806
115.19,1.8507057838240437,-40.19289512981637,-32.5755872371142
115.2,3.2144096088186704,-39.64877480466918,-33.20665890127348
115.21000000000001,4.485754555522758,-39.3352510527031,-33.5210967399228
115.22,6.083693209832692,-38.831803374624414,-34.52468209512601
115.23,7.369066422164953,-38.085340908805875,-34.57799271553777
115.24000000000001,8.785170006086302,-37.536907478843204,-35.2475358710609
115.25,10.310293774161913,-36.92329272172166,-35.823372581119905
115.26,11.525614100177046,-36.067484189511205,-36.35525866251666
115.27,12.771101873297217,-35.32076135322775,-36.98946631694141
115.28,14.186304612468671,-34.79857484243112,-37.51377126421978
115.29,15.289142801572995,-33.86462558294786,-37.80488742701713
115.3,16.661342594154004,-32.85970876632803,-38.53127586381622
115.31,17.944035542620277,-31.994680884841966,-38.93277912426732
115.32000000000001,18.8102358395475,-30.77414381401043,-39.491402696622735
115.33,20.10447721104295,-29.853990959128524,-39.915752729165845
115.34,21.19068053662031,-28.716210713898104,-40.44561527465602
115.35000000000001,22.31203517663299,-27.668576396299933,-40.9514022720164
115.36,22.950292500891802,-26.552268286719798,-41.27872877501641
115.37,24.18740097145688,-25.347774306739264,-41.689009670097505
115.38,24.901088243576403,-23.92307545812617,-42.109426699553026
115.39,25.630807730062127,-22.61629768358325,-42.43282983250238
115.4,26.48201171284788,-21.387354306385276,-42.99604307643895
115.41,27.21057284453557,-19.94735455696949,-43.16023916019464
115.42,27.802036431677035,-18.591251447294635,-43.424979302459
115.43,28.317594668619144,-17.264225323861258,-43.80217066145562
115.44,28.827318941344643,-15.9287842591467,-44.01046628577483
115.45,29.428919470637933,-14.439918051051666,-44.303877915441234
115.46000000000001,29.687014614809705,-13.03242532691354,-44.51953386371966
115.47,30.19320608958175,-11.689860261606833,-44.862172306501996
115.48,30.41414222683213,-10.111892194460191,-44.82479977128078
115.49000000000001,30.71119817662775,-8.486867775156439,-45.143210189554196
115.5,30.826465621335366,-7.166030611706645,-45.31631690087513
115.51,31.145698077623674,-5.76603081423119,-45.31526099537088
115.52,31.137308529575904,-4.1955562588333155,-45.58701089693656
115.53,30.917770779977815,-2.6941075361743168,-45.46581953443533
115.54,31.05367766331905,-1.3637872856201776,-45.66745824365088
115.55,30.790143238327076,0.06619174446331713,-45.619051433014604
115.56,30.724765865447775,1.5867877005143378,-45.485420854921315
115.57000000000001,30.52888107136007,2.7981509914732032,-45.74438214447841
115.58,30.275426280247174,4.300618650231995,-45.54989712835134
115.59,29.779728550376657,5.7427431091883,-45.64821322669873
115.60000000000001,29.351994501074422,6.992184257089263,-45.546641760097295
115.61,28.96192297424589,8.159102083132066,-45.19368597713978
115.62,28.45068890848736,9.544171392948286,-45.086133162056896
115.63,28.19655346616063,10.752818304651559,-44.90458069201306
115.64,27.332197812039926,12.237724314995095,-44.80250725597787
115.65,26.925204602518075,13.293027876273495,-44.61877415721879
115.66,26.08281770867965,14.511434869838055,-44.17832782122557
115.67,25.23236691377851,15.453981701773532,-44.131453239027344
115.68,24.695831988347752,16.616783356332746,-44.18465717238942
115.69,24.148477646304013,17.825963729435472,-43.699281435239385
115.7,23.121665623678815,18.92934932825002,-43.468192938683785
115.71000000000001,22.240586028616562,19.927830895494033,-43.210068141487156
115.72,21.467700114627963,20.926743809817374,-42.81762878684437
115.73,20.60501457728919,21.767357344146518,-42.7229458803525
115.74000000000001,19.5610998522727,22.65465605675746,-42.25676021816931
115.75,18.847913855671102,23.355982112941803,-41.89469685477582
115.76,18.034066263528707,24.116442361235098,-41.616697403685265
115.77,16.925716611336505,24.98422138931383,-41.23972760821335
115.78,15.951914796074373,25.686323831504104,-40.91052163474654
115.79,15.204416678317914,26.376663344305825,-40.76552363212723
115.8,14.18709867617894,27.11063198843443,-40.074483830350644
115.81,13.11153819439239,27.656353275578635,-40.04636260250959
115.82000000000001,12.03647397659958,28.233392100893376,-39.66667153295988
115.83,11.138495541708467,28.66207222360124,-39.285127952777714
115.84,9.859577089386208,29.22986679891017,-38.991650193017314
115.85000000000001,8.84255492696523,29.585030717891744,-38.64623634013408
115.86,8.05714364061137,30.20544010008189,-38.34159274235537
115.87,6.999644300079813,30.403868731388215,-37.696165861851675
115.88,6.133816549981068,30.758946200357713,-37.465561549335504
115.89,5.149218351893948,30.97347694333288,-37.09222719925067
115.9,4.069547749695271,31.4047855472986,-37.000253069559484
115.91,3.1397932661471293,31.54584959137968,-36.615137774834494
115.92,2.2700967320425436,31.848118508829273,-36.25275852341584
115.93,1.4266206135529296,31.921346156574366,-36.023427331973444
115.94,0.44078191622977736,32.194910578116726,-35.50204759525477
115.95,-0.42019904790398394,32.299714664682575,-35.4212625547297
115.96000000000001,-1.172431053461655,32.210743664841516,-35.046239056306355
115.97,-2.227044824394653,32.43064248600098,-35.146684964661894
115.98,-3.0386005931525313,32.52582762634366,-34.672382663048026
115.99000000000001,-3.8305591665008483,32.50223857468039,-34.48544988440436
116.0,-4.6615502956545525,32.718627089099016,-34.10797021444546
116.01,-5.276669811247421,32.409894100547284,-33.970863029556014
116.02,-6.113767726421072,32.64985337612854,-33.84660456694559
116.03,-6.798498464899621,32.56416175791565,-33.46760435447574
116.04,-7.550238242652833,32.42383576281365,-33.300257014005595
116.05,-7.913893076647253,32.41705810157544,-33.02183339269795
116.06,-8.805229937881048,32.32666965706344,-32.98487046315671
116.07000000000001,-9.454563010927933,31.95268816886857,-32.77725004756695
116.08,-9.915336042785361,32.091269541585,-32.7594612266385
116.09,-10.624965792687934,31.967678852713206,-32.70833418190985
116.10000000000001,-11.048799429510614,31.904172673128194,-32.598594380310956
116.11,-11.380818350118103,31.829804543610347,-32.383939875460605
116.12,-11.897164073193217,31.79331742490028,-32.32380444045884
116.13,-12.513868851198891,31.562858145111786,-32.44284241457696
116.14,-12.758647870964298,31.328276715915422,-32.21416702963242
116.15,-13.272850001821576,31.364955720348625,-32.08681842144928
116.16,-13.441877500487314,31.24693652141506,-32.000592071382
116.17,-13.929454934024227,31.007766058176596,-32.14756494455419
116.18,-14.064815775838099,30.987623947826055,-32.12897735646663
116.19,-14.479033713182991,30.740095059034005,-31.958853238568466
116.2,-14.455387261507932,30.811372095925005,-32.07832221147494
116.21000000000001,-14.84939920466423,30.725517421869945,-31.954410229164964
116.22,-15.055810282796156,30.3802513950136,-32.04061424643061
116.23,-14.791818414578188,30.397592184518377,-32.271106672222665
116.24000000000001,-15.2565800545116,30.48622466138863,-32.35829798315907
116.25,-15.23139553564471,30.11372754830487,-32.25328112086462
116.26,-15.403715238001368,30.15684499884794,-32.36380294366767
116.27,-15.253977246854712,30.210100130056205,-32.365794993886446
116.28,-15.352988657977082,29.910223185540705,-32.526073041427956
116.29,-15.460829000874641,30.117859308714515,-32.55994841854123
116.3,-15.22815724058464,29.742600943081055,-32.661825124678174
116.31,-15.001748414829382,29.980204565361298,-32.81828026869605
116.32000000000001,-14.981493363214884,29.79006382918784,-33.02308308796088
116.33,-14.933972074807802,29.653639817421553,-32.96466701962869
116.34,-14.505890998508331,29.980857440580223,-32.908091090492604
116.35000000000001,-14.2272307328457,29.84383962998421,-33.23626144783673
116.36,-14.260536476303837,29.747741521228264,-33.14822204669392
116.37,-13.89568779080804,29.932295882709298,-33.41051338875927
116.38,-13.481472527327652,30.153961599506967,-33.610398213667
116.39,-13.122369932366587,30.04276346276705,-33.66973504524527
116.4,-12.804376726121653,30.00845244656424,-33.76048811195797
116.41,-12.407792896549475,30.196723009470624,-33.88061891715015
116.42,-11.901074668952289,30.098364848152826,-33.889156995995016
116.43,-11.567822323202616,30.199490968283545,-34.096614962780286
116.44,-11.056055947776178,30.40193957324677,-34.39585411373046
116.45,-10.549224929913645,30.466507327138384,-34.405624691942045
116.46000000000001,-9.801241832495148,30.796893455160276,-34.53455001465458
116.47,-9.355557761335326,30.83788064342586,-34.67411591395476
116.48,-8.600439455503592,30.898813281114798,-34.68260594900849
116.49000000000001,-7.983421944274292,31.178380430320388,-34.84185642344338
116.5,-7.321222498155374,31.172386976091982,-34.92687884091051
116.51,-6.778075571370967,31.208044639845127,-34.99417078960065
116.52,-5.932488236549067,31.523133038203607,-34.991122492669774
116.53,-5.0010200997136955,31.652054843398595,-35.20993214049825
116.54,-4.18906253724169,31.831004461541326,-35.175959683176764
116.55,-3.5086539859254144,31.882205249018227,-35.13001246455183
116.56,-2.572307997802882,32.06169078884245,-35.263130965336394
116.57000000000001,-1.5701865614210613,32.17684026787886,-35.44707565633472
116.58,-0.765530819166714,32.43832252211199,-35.36087465318612
116.59,0.3116411357943781,32.50130111039513,-35.13406375952691
116.60000000000001,1.158399535386545,32.676599729714106,-35.28168037291331
116.61,2.216635685109166,32.85231352193611,-35.19445161837389
116.62,3.0564667453755474,33.008138452936926,-35.025800375105376
116.63,4.37195142781917,33.028234496583025,-35.330940765580884
116.64,5.416802114435674,33.13841037115484,-34.80145936508219
116.65,6.580304752100052,33.2427450751766,-34.79568734826149
116.66,7.763934207349835,33.618332520220555,-34.50780148565767
116.67,8.826012294174994,33.47377885878356,-34.45847743512132
116.68,10.194988154305953,33.69333144950946,-34.21450600463751
116.69,11.273822043400491,33.746719830612605,-34.00606378497688
116.7,12.716571360307674,33.75851414232114,-33.80142406339274
116.71000000000001,13.63357064025604,33.86705851081815,-33.85781597670794
116.72,15.126317248700397,33.81624708294504,-33.4098231509518
116.73,16.49641687466802,33.845368007273265,-33.1417710626811
116.74000000000001,18.043125699774464,33.735468889553545,-32.67090818045792
116.75,19.332681310037085,33.650865845155515,-32.36506885776324
116.76,20.662928990289014,33.613173437488406,-32.055063859029524
116.77,22.048269043957372,33.49526684431569,-31.596792978989363
116.78,23.486004073416552,33.25146713503702,-31.227646540438823
116.79,24.787903054803234,33.135488918679115,-30.634111104439643
116.8,26.330413448843693,32.93996796411131,-30.195078238187815
116.81,27.753587185843156,32.65055405915469,-29.702864260292895
116.82000000000001,29.251220194165512,32.29894775027179,-29.028666325881577
116.83,30.582131026356077,32.02178209224784,-28.323930947985552
116.84,32.2289932862969,31.588733484452405,-27.984011015959315
116.85000000000001,33.7142229293756,31.22958957569271,-27.243634564508536
116.86,34.98674230646338,30.973098739187126,-26.468946534862543
116.87,36.528545583576886,30.36065462110293,-25.62288619607299
116.88,38.027817357496104,29.88070637355939,-25.240830465413858
116.89,39.38777986318979,29.17309194386905,-24.276316919862357
116.9,40.680049976361104,28.754115585760314,-23.28053392019518
116.91,42.16469294356093,27.99744619010016,-22.630803996830682
116.92,43.53911053754781,27.37858046183268,-21.790320612642773
116.93,44.73833546029478,26.218458940714616,-20.91649845292152
116.94,46.193961807865946,25.934486813857394,-19.759109488006068
116.95,47.65149190492772,24.99073667432834,-18.938131526763467
116.96000000000001,48.626420882538525,24.132315656037814,-17.791424029550882
116.97,49.95971379577526,23.052330025199495,-16.768243981295992
116.98,51.109025970690574,21.83242149316645,-15.734338422562079
116.99000000000001,52.056638920216294,21.12148059650253,-14.523293462756076
117.0,53.28890737305499,19.922634535291916,-13.399157271728498
117.01,54.27668537996464,18.80840520225741,-12.422960984317719
117.02,55.38490025434188,17.520603764851767,-11.04738701855647
117.03,56.41855859907809,16.419378328433062,-10.165123138620565
117.04,57.03994339389059,15.288449682495125,-8.611132943692594
117.05,57.91499017472157,13.775186105598696,-7.524460623208715
117.06,58.6571322590045,12.539288886753143,-6.168268009157097
117.07000000000001,59.08989654168459,11.037190647812375,-5.053091218619727
117.08,59.86654900212453,9.730895580785694,-3.5180956501626173
117.09,60.504802120177914,8.267765145902631,-2.17063992731065
117.10000000000001,60.72451953546206,6.912189623879615,-0.9417754454656946
117.11,60.928875054026015,5.244340415142312,0.8423695585387861
117.12,61.237897249979916,3.851221279813322,1.9577962145019883
117.13,61.6372365549424,2.229470784570934,3.359746659372666
117.14,61.35309942964127,0.6590196509928432,4.818244644442929
117.15,61.51431233782201,-1.2116832142920746,6.1342382589957705
117.16,61.303054162474155,-2.700380815439586,7.626181543309354
117.17,60.98575156709431,-4.376990864067175,8.82313731059887
117.18,60.51049955400455,-5.875013871616353,10.555380760656032
117.19,60.251750274900246,-7.514889826513766,11.887767724998636
117.2,59.788878298214456,-9.259310139420867,13.160152739071592
117.21000000000001,58.99037990609636,-11.088798314496293,14.705181308823532
117.22,58.11920342375467,-12.693051766154136,16.13730776424333
117.23,57.36083290861451,-14.324066164841895,17.362861342060594
117.24000000000001,56.334980635949016,-15.87694951394804,18.78174440275684
117.25,55.23776688710798,-17.323678715841247,19.94119566947705
117.26,54.01530506396741,-19.009682945145684,21.36659661028763
117.27,52.872761983292314,-20.584896469982397,22.83006273153275
117.28,51.30639449920556,-22.149852954582023,24.038906442829184
117.29,49.75575332422386,-23.49115361883345,25.052502917767544
117.3,48.0465232677418,-24.954119965057917,26.566001111641956
117.31,46.27912552874553,-26.15636877128886,27.590388251435105
117.32000000000001,44.63519855900504,-27.598143010600666,28.415765552833264
117.33,42.657477048608214,-28.874262682195237,29.571870712608458
117.34,40.83315729631574,-29.96961878970331,30.85954230002482
117.35000000000001,38.327613036765854,-31.081127601095975,31.92922631237588
117.36,36.41058397960189,-32.210804302635374,32.553891984330114
117.37,34.1524504857736,-33.397711736945816,33.663226767174386
117.38,31.744905126681356,-34.17738180908181,34.61034428681017
117.39,29.49101076664494,-35.01420880671048,35.28719756205252
117.4,26.904044542622017,-35.73539401820921,35.768279491672885
117.41,24.306358931935687,-36.5059959779133,36.67151780170656
117.42,21.81748213431429,-36.99451827788877,37.32412609505485
117.43,19.22262384005308,-37.55126685844049,37.911010514530794
117.44,16.603673356042915,-37.77114953858422,38.4258180581092
117.45,13.708087193330716,-38.286568296401434,38.90891312709834
117.46000000000001,11.036153913896404,-38.590430503715005,39.20470431643554
117.47,8.358837233012553,-38.495582927046414,39.28995869300874
117.48,5.851437766612543,-38.552808375240126,39.60358414154603
117.49000000000001,3.135300556687585,-38.24844572829283,39.81646352235145
117.5,0.3480111025413095,-38.13126587857499,39.66876990838729
117.51,-2.3923972910561107,-37.69198139863778,39.92769959830034
117.52,-5.2317692837738505,-37.15779600705559,39.92741181088777
117.53,-7.745033552882967,-36.74244648068331,39.55923314516921
117.54,-10.364128076263887,-36.06504991717968,39.594240258763605
117.55,-13.050851576279614,-35.280097121436505,39.13567469241059
117.56,-15.751593389948118,-34.51379091166107,38.955061573194975
117.57000000000001,-18.234207316113423,-33.47956338993117,38.24177719743189
117.58,-20.56408856923822,-32.478100231292025,37.75314796810438
117.59,-22.8139161145426,-31.382647842291565,37.567561483553675
117.60000000000001,-25.211110863322656,-30.227886018912848,36.85534776892395
117.61,-27.42365122057764,-28.772550958130847,36.32632357229274
117.62,-29.466490125909356,-27.414827581640317,35.50617608523461
117.63,-31.57006398078044,-26.137837166827165,34.72572492108975
117.64,-33.47435510928342,-24.52805929250776,33.78743278724069
117.65,-35.25854212499581,-22.822507361211706,33.08322884518863
117.66,-36.930041627705926,-21.12437724036662,31.933359843270072
117.67,-38.70577061437828,-19.467840066575953,30.92483538323944
117.68,-40.03230957761221,-17.73668013056549,29.97320465943778
117.69,-41.39465300599227,-15.763733023463152,28.987911534867656
117.7,-42.82734680576183,-13.73542741503035,27.74905888444872
117.71000000000001,-43.84876099557294,-11.791253491125678,26.529926720493126
117.72,-44.86284854444505,-9.910659748977476,25.29390764548175
117.73,-45.75548240144785,-7.929187401638037,24.16054646125518
117.74000000000001,-46.273754899573056,-5.782748474727141,22.831927856790134
117.75,-47.14613784483553,-3.7196784600540123,21.573960993049607
117.76,-47.44336339692274,-1.5170810174179659,20.04438017804906
117.77,-47.82079068428235,0.1321402558334675,18.90774667748312
117.78,-47.88921989392741,2.3819264940990488,17.518391748652313
117.79,-48.14708697400567,4.421072155036515,16.09421939721354
117.8,-48.05181593172467,6.490395815065635,14.780167840529717
117.81,-47.62338604586863,8.77726992055033,13.2560598240691
117.82000000000001,-47.41779771749312,10.564667251268574,11.800591913059256
117.83,-46.601250636879286,12.6572929132558,10.479646167297666
117.84,-46.354797887824006,14.567527905527257,8.99847742938497
117.85000000000001,-45.22739416749781,16.45742763896507,7.638402511484233
117.86,-44.586378824282214,18.532303039398013,6.149426257959795
117.87,-43.67374496087342,20.228757362890285,4.61653042604079
117.88,-42.23886474310726,21.91557969855688,3.3594455670753676
117.89,-41.186018504200824,23.80709012504816,2.0399994417928116
117.9,-39.87894218899411,25.20569281710885,0.7316189723817621
117.91,-38.43739174730109,26.991195196922995,-0.6293318716668022
117.92,-36.95924849518554,28.45853327970972,-2.008377298842356
117.93,-35.281906743008776,30.05091477795184,-3.3383279399562804
117.94,-33.7700116798541,31.349691881729772,-4.193633741993687
117.95,-32.059848466518915,32.7838604918639,-5.618851162947958
117.96000000000001,-30.063358920863934,33.89343595022766,-6.930357643953347
117.97,-28.330580124849092,35.16121795916173,-7.959071622059362
117.98,-26.122843234058543,36.00408773716635,-9.247596079886605
117.99000000000001,-24.184562008763244,37.05367881494502,-10.132763948626472
118.0,-22.114995228403238,37.93796120409064,-11.297641234905868
118.01,-19.743472659552797,38.872897861503425,-12.199680661411739
118.02,-17.830515608887577,39.62209229790678,-13.270267875444759
118.03,-15.368640425391591,40.33324383026293,-14.216111028537268
118.04,-13.144486902923278,40.67164406499077,-14.966291921659401
118.05,-10.920545026601465,41.36407169126806,-15.737230505058301
118.06,-8.536190803908747,41.62889650637731,-16.635432231006217
118.07000000000001,-6.3665252607778005,41.85968793998271,-17.437729211701253
118.08,-4.111341321858229,42.24214811736319,-17.969298852596527
118.09,-1.9041598374111197,42.11757090469107,-18.78656233634079
118.10000000000001,0.5004930492712301,42.42231388721197,-19.160484618495765
118.11,2.586044588234099,42.323987511710804,-19.785750042969173
118.12,5.3407106834418885,42.37629887510893,-20.246313832375463
118.13,7.3244396375914285,41.962275181110364,-20.892129293418847
118.14,9.612258508461741,41.85881839860708,-21.12549688057846
118.15,11.842895365358588,41.66641799981444,-21.27385548130016
118.16,14.122484980471002,41.311890440849595,-21.82884706764069
118.17,16.178640850097388,40.79473372804434,-22.063165351557306
118.18,18.267327267421894,40.18010688860529,-22.297274603683984
118.19,20.3908435010719,39.907940242950986,-22.527764992791635
118.2,22.4014717870352,39.01119963156973,-22.424087355147833
118.21000000000001,24.22426629203061,38.48817788718268,-22.537678537418834
118.22,26.603106759368252,37.71005943756336,-22.57915438097228
118.23,28.232631710765762,37.12934794351804,-22.65480073310627
118.24000000000001,30.049670497933008,36.05014511164111,-22.614058602523176
118.25,31.88096981030519,35.44975296381896,-22.434096836075355
118.26,33.77314035635547,34.34019759143063,-22.50395032729271
118.27,35.415216274143795,33.60659586248192,-22.236122984514143
118.28,36.97823623304288,32.38084528329478,-21.853794386125813
118.29,38.429271507411336,31.486321193717693,-21.766266342998666
118.3,40.19630005273221,30.68487695347719,-21.425322245651202
118.31,41.50947402507467,29.65651089140796,-21.261103335249103
118.32000000000001,43.11921194284945,28.569364806119133,-20.92357725754908
118.33,44.099824867681306,27.369762071813394,-20.438044330741867
118.34,45.516786833147194,26.505741010302422,-20.027662844626096
118.35000000000001,46.79888880308567,25.391262512412478,-19.74441874250991
118.36,47.97753432765832,24.364866818366348,-19.147578648965027
118.37,48.939448523772015,23.093004696148355,-18.793786854579892
118.38,50.14193948204703,22.197161733698817,-18.206840589451758
118.39,50.82382347054504,20.73717723861249,-17.780980186630682
118.4,51.837644646698486,19.89279865004753,-17.179847745266308
118.41,52.81545239713814,18.916165712154424,-16.780087365604974
118.42,53.45563648359866,17.68649379954015,-16.075526809605837
118.43,54.3850553888667,16.542391776795338,-15.360194829994917
118.44,55.10019066792434,15.556440546169446,-14.841518918211502
118.45,55.712914298706245,14.594856329969243,-14.111218878445136
118.46000000000001,56.48103594938927,13.66317487785984,-13.518502698480384
118.47,57.07317503649747,12.570075533987206,-12.670648191606722
118.48,57.527294545808346,11.80219615266518,-12.168334073685685
118.49000000000001,58.09058945354976,10.674723967955844,-11.567501000527326
118.5,58.4806424660631,9.774655669036088,-10.804227927360662
118.51,58.995167948348694,8.923132776125765,-10.13482693684866
118.52,59.22185757641461,7.926347077718083,-9.443201003804546
118.53,59.5729272499497,7.053013703141768,-8.626815372226787
118.54,60.04691789119756,6.266165466659832,-8.008169322213014
118.55,60.172618576809946,5.606792347060474,-7.207747510311347
118.56,60.378763945841044,4.777947193194546,-6.387028147736172
118.57000000000001,60.781788330714186,4.085549898673277,-5.801741327094291
118.58,60.88244619580978,3.1274173917970307,-4.9724716740202854
118.59,61.02129193784516,2.57355496619309,-4.311907114007399
118.60000000000001,61.25116438258565,1.993188509329176,-3.4308624723125853
118.61,61.392994332218365,1.346709095553665,-2.8792338170480956
118.62,61.39233875946088,0.9187667354613631,-1.931523801307359
118.63,61.531447136299164,0.27623327715091556,-1.386465701218741
118.64,61.66803478618665,-0.18935756670062365,-0.6030455958021775
118.65,61.51072580081171,-0.7996315109306297,0.07235999612615207
118.66,61.50300531136516,-1.0573323370433156,0.7484348658440035
118.67,61.6335964336892,-1.341396961063616,1.4356040628007065
118.68,61.511642939969946,-1.8655778663449065,2.2658281702099314
118.69,61.739913345437515,-2.1236451878022273,2.9237650560243176
118.7,61.55985125990474,-2.431542262248486,3.6357859598329725
118.71000000000001,61.7425816517419,-2.807506299957976,4.4244323312320155
118.72,61.49711803055144,-2.8671298815858015,4.926616674630622
118.73,61.59411401556684,-3.0656205172844078,5.736780240373548
118.74000000000001,61.51398618555401,-3.0664220659990282,6.355650924161295
118.75,61.29202249313072,-3.4176790680394746,6.863878293200551
118.76,61.17391690846136,-3.474696897210762,7.566572962043773
118.77,61.17325139066462,-3.3211974162684252,8.049424798749977
118.78,61.13229548000254,-3.3628959518778396,8.745869879723164
118.79,60.99398919488145,-3.3396287455229894,9.48134139513093
118.8,60.934207611257314,-3.2707309438951344,10.182514880398806
118.81,60.91171196929627,-2.99170207868147,10.532219122341544
118.82000000000001,60.842387882190074,-2.9439955521522694,11.084457516845308
118.83,60.733654019706194,-2.462554656312523,11.458561085388938
118.84,60.825052208911806,-2.3925745062759005,12.056771746354467
118.85000000000001,60.53434844625048,-2.2314747924456357,12.712682042484936
118.86,60.41347743810229,-1.9674758872463605,13.267330502098085
118.87,60.23549790128984,-1.4578026789099514,13.58771314390877
118.88,60.128220433510435,-1.05894789122091,14.13551804771618
118.89,60.05674865871193,-0.7547787504427834,14.476435808600492
118.9,59.96003648276302,-0.43577279838936445,15.098090035432278
118.91,59.7310070737081,0.00704721884479019,15.331583332386412
118.92,59.71808850271239,0.3775639164602735,15.701583083804783
118.93,59.566080746475095,1.1084438795370113,16.12915422074369
118.94,59.3170490507424,1.5946104536981518,16.52380820013538
118.95,59.19997415708068,2.422897624283634,16.676516858491567
118.96000000000001,59.02205020318723,2.9824555956876146,17.214475984048033
118.97,59.195702653956374,3.607109835444562,17.303085974092042
118.98,58.96783776773226,4.392923438794901,17.64727717983027
118.99000000000001,58.82717356529232,5.047752813564584,17.896886544318196
119.0,58.4138820581147,5.671280039379778,18.097012734160693
119.01,58.32052119900488,6.564817218337815,18.316706200949543
119.02,57.88674555918035,7.179257218706682,18.47692187474812
119.03,57.7780708863791,8.185605034923778,18.573966782737365
119.04,57.501072838274915,8.968716676577305,18.66115492990651
119.05,57.19678034617134,9.807756132534115,18.5965444452268
119.06,56.900881887386205,10.58776411517438,18.915483133198727
119.07000000000001,56.644904497228275,11.715971017542428,18.613675954847345
119.08,56.20284274250367,12.655783788667529,18.74569652555411
119.09,56.09948949478054,13.58734120081974,18.575883011467745
119.10000000000001,55.80994427232103,14.481254632027776,18.700469906748143
119.11,55.204087148191206,15.512804315988772,18.455722897024756
119.12,54.677692170794614,16.43741323290312,18.377191157667085
119.13,54.40626818902649,17.58833057558825,18.162998140066332
119.14,53.98697856086101,18.684484236670706,18.039993345382992
119.15,53.35865327979074,19.64237714984984,17.792407602272764
119.16,52.78011423391071,20.589625518205526,17.513253579249586
119.17,52.073343867084034,21.651504092808924,17.463452010408737
119.18,51.74783619567655,22.87733549571989,16.955441357808375
119.19,51.10142864562522,23.997471109210018,16.66900028199254
119.2,50.338166189889925,25.028669434246517,16.414289208740104
119.21000000000001,49.46066604852611,25.878128923374458,15.664163531328532
119.22,48.854583156731046,27.190909340796868,15.567547223443757
119.23,48.07108597844813,28.267625428186484,14.92726897261622
119.24000000000001,47.237331848950966,29.144974785983194,14.525238607268392
119.25,46.323059823584494,30.148386365654744,14.144947432074146
119.26,45.3794327476487,31.283816187003136,13.367749161708913
119.27,44.48592144702357,32.408878984965284,13.073254850332226
119.28,43.336218056274404,33.477282300098906,12.224295300781924
119.29,42.26864364710718,34.29540590758419,11.585117588165106
119.3,41.26550912064827,35.20335723912962,11.142106899229598
119.31,39.81238587758928,36.299251885915346,10.387463540932968
119.32000000000001,38.71291452560692,37.14803702801534,9.466288864068744
119.33,37.49793575821039,38.05208671511813,8.967397418584385
119.34,36.32657779369695,38.93708181646906,8.266190173958925
119.35000000000001,34.72127470204557,39.94920411377381,7.5619942457351135
119.36,33.268321621760656,40.67072053760077,6.738237502430749
119.37,31.82559909187841,41.265002128178004,6.216600060317884
119.38,30.469780492331633,42.03421909620966,5.119974362375387
119.39,28.800988428573866,42.84715597969591,4.409428751106559
119.4,27.296858378921765,43.27082233712664,3.2776842596116063
119.41,25.44206318194479,43.7740197836834,2.5306075509674684
119.42,23.944734567276246,44.39380778632544,1.8898008471227457
119.43,22.117599333875948,44.906989503825926,0.856769981055512
119.44,20.21525280192593,45.20722223830615,0.06247846286757246
119.45,18.534888801496287,45.6224442490309,-0.8464033350946353
119.46000000000001,16.738619659177246,45.80938046484207,-1.7381947073672948
119.47,14.725899849198267,46.03178792514593,-2.7035787444062622
119.48,13.01422458118057,46.165124859498874,-3.4218043162006566
119.49000000000001,10.842045196578384,46.36916478511821,-4.274504207516113
119.5,8.951115163097148,46.18570348056665,-5.15065677022386
119.51,6.888762989993565,46.20101867650778,-6.158589367324915
119.52,4.836184892223091,46.003160586979476,-6.984260152049915
119.53,2.789235886958515,45.75750210455923,-7.7769658817504705
119.54,0.6241612579854752,45.41669844762124,-8.495111532176969
119.55,-1.5778804959596102,44.90304235436825,-9.184483318042108
119.56,-3.360902651043202,44.677094979221174,-10.161197393182816
119.57000000000001,-5.557024871757494,44.22306027235759,-10.71961515878834
119.58,-7.6887789607729635,43.49172923290522,-11.537228565387025
119.59,-9.738956297963377,42.87960606829523,-12.378317382009339
119.60000000000001,-11.8691886623889,41.83275814593872,-12.806498896580736
119.61,-13.923980972831467,41.09561126131486,-13.560524931890962
119.62,-15.910833982281614,39.822101757058704,-13.888199163543602
119.63,-17.69264829272524,38.85823354235482,-14.648523886267705
119.64,-19.895777098098293,37.893421705010034,-15.1872597169039
119.65,-21.89889094221924,36.703577036084745,-15.562540181577013
119.66,-24.023677932506878,35.27161262030731,-15.921512842115478
119.67,-25.884223449985477,33.90692801291809,-16.437258261071204
119.68,-27.63882697715277,32.52669047683091,-16.840290864662435
119.69,-29.433254382227005,30.974267142075238,-17.104448675718213
119.7,-31.394857372071165,29.324982451601212,-17.17118157704325
119.71000000000001,-32.84636237591296,27.558815250541382,-17.801988641471045
119.72,-34.65155127430058,25.952755685137614,-17.7051694712981
119.73,-36.100075889027615,24.102035116342897,-17.61213703216003
119.74000000000001,-37.59285377043812,22.324542992828736,-17.955408929876274
119.75,-39.02400560798122,20.352319190702524,-17.796366750341345
119.76,-40.31009083341588,18.319124335880453,-17.682116882514798
119.77,-41.56829508167148,16.28163860210651,-17.765519304698525
119.78,-42.669887258068826,14.191040914970852,-17.288229283041296
119.79,-43.839710602350266,12.250845193477256,-17.100339077085902
119.8,-44.64361513131611,10.268914637911013,-16.769283264951895
119.81,-45.68500744930142,7.930176687001424,-16.38057910987594
119.82000000000001,-46.396627812692294,5.85376702120244,-15.792285074709204
119.83,-47.13594774391208,3.5608848345395763,-15.508657563441275
119.84,-47.573457180026814,1.2927203325930856,-14.964869714676329
119.85000000000001,-48.13163687475844,-1.0687344508637178,-14.166153512584446
119.86,-48.35437061698637,-3.2652787386286977,-13.726899950032427
119.87,-48.4366905476654,-5.491834705368456,-12.841611377842804
119.88,-48.601123420886914,-7.7061833314124994,-12.28071713059505
119.89,-48.37387902855188,-10.048495390231329,-11.43316234419895
119.9,-48.385210682858975,-12.0666698526347,-10.46705155204777
119.91,-48.36166995829595,-14.537175338913613,-9.482671222074108
119.92,-47.62988386309208,-16.766364463457396,-8.839680842640988
119.93,-47.31954355498332,-18.8475587226111,-7.606305744583366
119.94,-46.70874596673291,-20.837296438065675,-6.787706086375843
119.95,-45.76782716882082,-23.001279090293576,-5.501337010947776
119.96000000000001,-45.04439733802363,-25.029046512582095,-4.73461571086366
119.97,-44.10116154053818,-26.968372150708486,-3.4290828840156165
119.98,-43.14055215905216,-28.8944115718563,-2.472956195393579
119.99000000000001,-41.876446404504925,-30.73889045276832,-1.224656113486996
