seq,time_us,ax,ay,az,gx,gy,gz,mx,my,mz,drop_flag
0,0,-0.030186306685209274,0.03764099255204201,-0.9995289444923401,-0.04481472447514534,-1.3628432750701904,-1.1695243120193481,29.06548309326172,-9.286670684814453,38.83492660522461,0
1,9919,-0.07469236105680466,0.007432195823639631,-0.9948335289955139,0.36834222078323364,-0.21104741096496582,-0.3562178611755371,28.28667449951172,-11.993021965026855,41.70507049560547,0
2,19856,0.09233821928501129,0.04998117312788963,-0.9902807474136353,-0.05237582325935364,-0.38491472601890564,0.10334677994251251,30.426895141601562,-9.300456047058105,39.39116668701172,0
3,30261,0.009354562498629093,-0.02837708592414856,-0.962618887424469,-0.0499081015586853,0.40549811720848083,0.36735597252845764,29.458717346191406,-11.080771446228027,41.01121139526367,0
4,39807,0.035653844475746155,-0.028756801038980484,-1.0210410356521606,0.29073071479797363,-0.7717514038085938,-0.22853516042232513,30.78436279296875,-11.179730415344238,40.93679428100586,0
5,49996,0.014109994284808636,0.034153226763010025,-0.9499258995056152,-0.19830499589443207,-0.2721504271030426,0.7399101853370667,30.23998260498047,-10.931830406188965,40.1862678527832,0
6,59996,0.0017744613578543067,-0.0049812886863946915,-1.0308066606521606,0.7518595457077026,-0.1261768490076065,0.09761694818735123,29.14544677734375,-10.324021339416504,40.66154479980469,0
7,69901,0.011689811013638973,0.03309444338083267,-1.0085989236831665,0.061488427221775055,0.45639270544052124,0.22071018815040588,29.125341415405273,-9.658540725708008,39.662353515625,0
8,79899,0.027787188068032265,-0.0038542577531188726,-0.9729279279708862,-0.6216132640838623,-0.4577792286872864,0.9295629262924194,29.21245765686035,-10.994569778442383,39.62562561035156,0
9,90146,-0.027957072481513023,-0.07911986112594604,-1.0296859741210938,-0.4182206988334656,-0.6673084497451782,-1.0008327960968018,30.805892944335938,-10.480772018432617,40.376495361328125,0
10,100082,0.06319081038236618,0.06159302592277527,-1.0211111307144165,0.33073318004608154,-0.0016436241567134857,0.7539650797843933,29.29853057861328,-10.243980407714844,39.7275390625,0
11,110156,-0.019954510033130646,-0.017313901335000992,-0.9804648160934448,0.6605893969535828,0.7542693614959717,-0.573462188243866,30.474721908569336,-9.394460678100586,40.101654052734375,0
12,119829,0.012488583102822304,0.026936862617731094,-1.0106925964355469,-0.3054194748401642,1.111579179763794,-0.08661963045597076,30.43194580078125,-8.697449684143066,39.54963684082031,0
13,130206,0.09062817692756653,-0.016606802120804787,-0.9851916432380676,-0.3283573389053345,-0.2870009243488312,0.7906354069709778,31.45787239074707,-9.33450984954834,40.86244201660156,0
14,140029,-0.004157481249421835,-0.03192949295043945,-1.0140302181243896,0.08842290937900543,0.34627559781074524,-0.3918285667896271,30.402677536010742,-9.515884399414062,40.70718765258789,0
15,150124,-0.07582451403141022,-0.04902096837759018,-0.9876695275306702,0.07532021403312683,-0.530221700668335,-0.3442099392414093,30.440338134765625,-9.933176040649414,40.743377685546875,0
16,159971,0.020291505381464958,-0.04403918609023094,-0.9922953248023987,-0.37039175629615784,0.09843771904706955,-0.07613661140203476,28.609895706176758,-11.564909934997559,40.071807861328125,0
17,170124,0.002778375754132867,0.03220120444893837,-0.9643710255622864,-0.1251334249973297,-0.38728269934654236,0.4294090270996094,27.715309143066406,-10.234599113464355,40.44289016723633,0
18,180050,0.06656549125909805,-0.036548055708408356,-0.9963397979736328,-0.09258164465427399,-0.06648822128772736,0.15695276856422424,30.75149154663086,-9.95183277130127,39.06443405151367,0
19,190003,-0.06653910875320435,0.0730816051363945,-1.0165472030639648,-0.22327083349227905,-0.03969334065914154,-0.348796546459198,28.908462524414062,-8.619128227233887,40.310447692871094,0
20,199930,0.06903188675642014,0.011986064724624157,-0.9607601761817932,0.12669779360294342,0.20935429632663727,-0.36962658166885376,30.97697639465332,-11.755706787109375,38.523433685302734,0
21,210012,-0.09132599085569382,0.09009922295808792,-1.0300756692886353,-0.943760335445404,-0.1823481321334839,0.37226834893226624,29.362071990966797,-10.127646446228027,40.624977111816406,0
22,219983,0.0010311101796105504,-0.0970914289355278,-0.9722487926483154,-1.020464539527893,0.4513649344444275,-0.15205608308315277,30.74059295654297,-9.023093223571777,40.70967483520508,0
23,229988,0.0030632554553449154,0.040233537554740906,-0.99253249168396,0.47588860988616943,0.4719620943069458,0.32703742384910583,31.024669647216797,-10.276666641235352,40.685237884521484,0
24,240182,-0.08004534244537354,0.0007491360884159803,-0.9901411533355713,0.4088154435157776,-0.6120262742042542,0.3808278441429138,28.571422576904297,-11.286066055297852,41.41947937011719,0
25,250044,-0.040024347603321075,0.0049029444344341755,-1.0129144191741943,0.2370273470878601,1.1616219282150269,-0.24554240703582764,30.07183074951172,-8.932401657104492,39.597259521484375,0
26,259993,-0.039868831634521484,0.03303532674908638,-0.9974464178085327,0.6328589916229248,-0.471423476934433,0.39377087354660034,28.609060287475586,-10.587149620056152,39.66428756713867,0
27,270271,0.014718051068484783,0.11960551887750626,-1.0345860719680786,-0.1287534385919571,-0.014662179164588451,-0.06005152314901352,29.420495986938477,-10.507837295532227,39.73544692993164,0
28,280053,-0.008749822154641151,-0.10755064338445663,-1.000567078590393,-0.2472594529390335,0.13943947851657867,-0.6145730018615723,29.333810806274414,-10.493447303771973,39.69660186767578,0
29,290046,-0.007352173328399658,-0.0561201348900795,-1.009334683418274,-0.5836459994316101,-0.1937864124774933,-0.11003156751394272,29.364980697631836,-9.056111335754395,38.522239685058594,0
30,299953,0.028673851862549782,0.0347602441906929,-1.0175875425338745,0.1009070873260498,0.029412224888801575,-0.256353497505188,29.218225479125977,-8.783295631408691,39.066566467285156,0
31,310020,0.05129241198301315,-0.058427728712558746,-0.9922276735305786,-0.4239812195301056,-0.16271884739398956,0.02352212555706501,29.734573364257812,-8.996973991394043,41.706356048583984,0
32,319953,0.08391585946083069,0.08379113674163818,-0.9915696978569031,0.6316001415252686,-0.35867074131965637,0.27501240372657776,29.501611709594727,-10.222661018371582,41.50412368774414,0
33,329772,-0.0006507399957627058,-0.09503486007452011,-0.998073935508728,-0.016575537621974945,0.7674981355667114,0.179372176527977,28.400793075561523,-10.071921348571777,40.406951904296875,0
34,340361,-0.03880123049020767,0.04703493043780327,-0.974409818649292,0.5088604092597961,0.5667765140533447,-0.3386412560939789,30.759929656982422,-10.863122940063477,41.33085250854492,0
35,349974,-0.0407693013548851,-0.009527763351798058,-0.973822832107544,-0.5170863270759583,0.9158099889755249,0.31418946385383606,29.82826042175293,-10.69385051727295,41.703433990478516,0
36,359842,-0.04015562683343887,-0.004210402257740498,-1.0316836833953857,-1.6353610754013062,-0.7308147549629211,0.33447328209877014,29.22732925415039,-10.195259094238281,38.18186950683594,0
37,370245,-0.00439048046246171,0.03915943577885628,-0.9992603659629822,0.06946738064289093,0.8594725131988525,0.2467898279428482,29.4425048828125,-9.407033920288086,41.93659210205078,0
38,380059,0.021999875083565712,0.06079627946019173,-0.9983393549919128,0.5297778248786926,0.18681110441684723,0.2311897873878479,30.252429962158203,-10.482182502746582,40.35696029663086,0
39,389888,0.02576536498963833,0.022871021181344986,-1.0364594459533691,-0.20784589648246765,-0.33701255917549133,0.5456958413124084,30.80626678466797,-9.846063613891602,40.55208206176758,0
40,399870,0.02229037508368492,0.07381097972393036,-1.0069397687911987,0.4251759946346283,-0.7679558992385864,-0.09408577531576157,30.512332916259766,-8.355165481567383,39.78554916381836,0
41,409994,-0.09961185604333878,-0.003622456919401884,-0.9810472726821899,-0.9421676993370056,0.4659941792488098,0.20804540812969208,30.506202697753906,-11.308793067932129,40.911529541015625,0
42,419913,-0.008326072245836258,0.0193221066147089,-0.9968984127044678,-0.3689796030521393,0.3958086371421814,0.7560800313949585,30.158443450927734,-10.126150131225586,39.593772888183594,0
43,429964,0.001556476461701095,-0.07912454754114151,-1.0195071697235107,-0.007506502792239189,-0.31462135910987854,0.2604671120643616,30.18829917907715,-12.4878511428833,41.320011138916016,0
44,439864,0.003259200369939208,-0.07119332998991013,-0.99820876121521,0.007535894867032766,-0.3658708930015564,1.1337954998016357,29.58523941040039,-9.473968505859375,39.48392868041992,0
45,449832,-0.0071672238409519196,0.0056401630863547325,-0.9992630481719971,-0.059176966547966,0.3632408678531647,0.4972550570964813,28.686784744262695,-7.842958927154541,40.875328063964844,0
46,459782,0.028681522235274315,0.004889014642685652,-1.0104553699493408,-0.13145016133785248,-0.0058983671478927135,-0.20786479115486145,29.91232681274414,-11.913521766662598,40.53574752807617,0
47,470139,-0.09678930789232254,-0.039443716406822205,-1.0130479335784912,1.2996147871017456,0.22183246910572052,0.6826168298721313,30.88040542602539,-9.591924667358398,40.139976501464844,0
48,479825,0.05090930312871933,0.0025035738945007324,-1.0055207014083862,-0.4848083555698395,0.8821389079093933,0.9966294765472412,28.78289031982422,-8.687122344970703,40.088775634765625,0
49,489812,0.05464464798569679,-0.013126950711011887,-0.9808024764060974,-0.331466943025589,-1.030049443244934,-1.118045687675476,30.73286247253418,-11.83792781829834,40.39642333984375,0
50,500113,0.044390976428985596,0.031360842287540436,-0.9713076949119568,0.30097436904907227,0.19216585159301758,0.6034799814224243,28.294584274291992,-10.031615257263184,38.98870849609375,0
51,509911,0.09964263439178467,0.02316158264875412,-1.008636474609375,-0.2508583068847656,0.07669862359762192,-0.8956537842750549,29.27121925354004,-9.552038192749023,42.140907287597656,0
52,520135,-0.0027608461678028107,0.003334773238748312,-1.0051977634429932,-1.0951026678085327,0.009689091704785824,0.03603087365627289,30.349933624267578,-11.813265800476074,39.33946228027344,0
53,530080,-0.011734512634575367,0.025692250579595566,-1.0098148584365845,0.8114191293716431,-0.4271656572818756,-0.15013514459133148,32.24152755737305,-9.924296379089355,41.45186996459961,0
54,539705,0.055084675550460815,-0.008381782099604607,-1.0186606645584106,0.11044195294380188,-0.5035028457641602,0.20024845004081726,28.792036056518555,-10.999809265136719,41.655765533447266,0
55,549900,-0.043702952563762665,-0.055768512189388275,-1.0488280057907104,-0.35114285349845886,-0.667556643486023,0.12025710940361023,28.829118728637695,-9.451711654663086,38.67603302001953,0
56,560097,0.019208697602152824,-0.0726349875330925,-1.0032780170440674,-0.16556647419929504,0.5345711708068848,0.20544621348381042,27.769283294677734,-11.233746528625488,38.410560607910156,0
57,569994,0.001895938185043633,-0.058875106275081635,-1.0080193281173706,-0.5609656572341919,-0.5249657034873962,-0.24285539984703064,27.489065170288086,-8.623485565185547,38.518394470214844,0
58,579750,-0.06718394160270691,0.05351006239652634,-1.0432852506637573,-0.14536091685295105,-0.3554975986480713,0.31975257396698,28.6514892578125,-10.675164222717285,38.785736083984375,0
59,590296,0.0010428052628412843,-0.049942437559366226,-1.0227395296096802,-0.12437975406646729,0.9976823925971985,0.03743001073598862,30.686416625976562,-10.69573974609375,40.60380935668945,0
60,600129,0.09038999676704407,-0.05241890996694565,-1.0192971229553223,0.042198020964860916,-0.5664034485816956,0.47308671474456787,30.598581314086914,-8.875182151794434,40.286190032958984,0
61,609952,0.03410039842128754,0.08961321413516998,-1.0203698873519897,-0.02173968404531479,-0.06569518893957138,-0.36457136273384094,31.114398956298828,-11.21242618560791,38.860374450683594,0
62,620157,-0.06977660208940506,0.014192446134984493,-1.031815767288208,-0.3073801100254059,0.5010562539100647,-0.12082824856042862,28.910707473754883,-10.799989700317383,40.82890319824219,0
63,629865,0.00199624290689826,-0.0033296034671366215,-0.9818090796470642,-0.1988072544336319,-0.10149593651294708,0.8540757894515991,31.470905303955078,-10.319416999816895,39.65147018432617,0
64,640218,-0.005306496750563383,0.01349133625626564,-1.0111690759658813,1.0353336334228516,-0.1118747889995575,0.04656554013490677,29.815860748291016,-11.225468635559082,39.070716857910156,0
65,650206,-0.051872845739126205,0.063113272190094,-1.0534095764160156,-0.32770055532455444,0.8191860914230347,-0.8201841115951538,29.397605895996094,-9.79155158996582,40.46973419189453,0
66,659807,0.027252377942204475,0.0782698541879654,-0.9725715517997742,-0.2067246288061142,0.7527788877487183,-0.41222983598709106,31.175363540649414,-9.710637092590332,41.16042709350586,0
67,669968,0.02696620114147663,-0.06774711608886719,-0.9901271462440491,0.6373529434204102,-0.09603486210107803,0.4261813163757324,30.65390968322754,-9.715649604797363,40.69390106201172,0
68,680238,-0.06555112451314926,-0.028729014098644257,-0.9998865127563477,0.34330588579177856,-0.591515839099884,-0.0986969918012619,27.781402587890625,-8.53490161895752,40.8503303527832,0
69,690035,0.056272439658641815,-0.057021547108888626,-0.9844034910202026,0.2560427188873291,-0.3883170783519745,-0.01482055988162756,30.19518280029297,-11.045085906982422,38.0216178894043,0
70,699947,-0.024644998833537102,-0.04977705329656601,-1.0059056282043457,-0.4213157892227173,0.3559800684452057,-0.061313845217227936,30.02495002746582,-9.001263618469238,39.723114013671875,0
71,710003,-0.015207692980766296,-0.05590839684009552,-0.9828765988349915,-0.2484392672777176,-0.3093382716178894,-0.2779909074306488,29.938364028930664,-9.698495864868164,42.20223617553711,0
72,720002,0.004923907108604908,-0.03219853341579437,-1.0174245834350586,0.6798814535140991,0.0501098670065403,-0.4526824653148651,30.198650360107422,-9.5634126663208,39.310096740722656,0
73,730345,-0.030252628028392792,0.04340406134724617,-0.9836617708206177,0.5052402019500732,0.1436735838651657,0.5501664876937866,32.91981887817383,-11.510326385498047,40.95244216918945,0
74,739915,-0.06459822505712509,0.013085022568702698,-0.9524490833282471,-0.16020116209983826,-0.07588551193475723,0.010297154076397419,28.735843658447266,-9.248138427734375,40.75566482543945,0
75,749900,0.019257429987192154,-0.08977934718132019,-1.0082873106002808,-0.37684592604637146,0.5441886186599731,0.03427416831254959,29.773807525634766,-10.709651947021484,40.05086135864258,0
76,760131,-0.01702878065407276,0.04946495220065117,-0.9565327763557434,-0.01819433644413948,0.1155456081032753,0.4445689022541046,31.71183204650879,-9.896016120910645,39.99071502685547,0
77,770093,0.028533820062875748,-0.08790057897567749,-1.0059536695480347,0.8700345754623413,-0.09404195845127106,0.2866748571395874,30.30539321899414,-9.36291790008545,39.52398681640625,0
78,779906,0.028701405972242355,-0.004794972483068705,-0.9739038348197937,0.1822347790002823,-0.3172636032104492,-0.4944446086883545,29.8455753326416,-10.304256439208984,41.3497314453125,0
79,789849,-0.10351676493883133,0.07451117038726807,-1.0050666332244873,0.3268561363220215,0.9597381353378296,-0.27861297130584717,29.131860733032227,-9.666765213012695,40.26273727416992,0
80,800079,-0.030549531802535057,-0.035735998302698135,-0.9891434907913208,0.49703291058540344,0.529797375202179,0.16185487806797028,30.951749801635742,-9.252190589904785,40.72548294067383,0
81,809889,-0.027597622945904732,0.017873862758278847,-1.0008198022842407,0.14014171063899994,-0.3098372220993042,-0.14476802945137024,30.09463119506836,-10.301220893859863,38.7086067199707,0
82,820016,0.08380293846130371,-0.0008263216586783528,-0.9859061241149902,-0.23501425981521606,0.37686923146247864,0.07764597237110138,29.594165802001953,-9.655078887939453,39.736961364746094,0
83,829965,0.06337094306945801,-0.06966442614793777,-0.981356680393219,0.15599508583545685,-0.6554802060127258,0.7863348722457886,29.86669158935547,-10.919214248657227,40.12421798706055,0
84,840169,-0.0615866519510746,-0.07415380328893661,-1.0340534448623657,-0.3511669933795929,-0.002190592233091593,0.8431717157363892,30.561176300048828,-9.569829940795898,38.10152053833008,0
85,849972,0.016934163868427277,0.0033981106244027615,-1.0062671899795532,0.022170769050717354,-0.25639885663986206,0.07924649864435196,31.444438934326172,-10.086159706115723,39.9395866394043,0
86,859682,-0.06802920997142792,0.0436311699450016,-1.0333809852600098,0.1345931738615036,0.11809402704238892,-0.4113001525402069,31.314565658569336,-11.377952575683594,39.61277770996094,0
87,869883,0.061448030173778534,-0.05611209571361542,-0.9982402324676514,0.6487173438072205,-0.14340566098690033,0.6679508686065674,31.41129493713379,-10.831364631652832,41.53914260864258,0
88,880022,0.03589366003870964,-0.04397095739841461,-0.9760642647743225,0.13686244189739227,0.2092951387166977,-0.14356502890586853,30.602092742919922,-10.933832168579102,42.04676055908203,0
89,889980,-0.0014828336425125599,0.07442916184663773,-1.0107415914535522,0.14046870172023773,0.004864268004894257,0.10668204724788666,31.948747634887695,-9.133935928344727,38.55619812011719,0
90,900150,0.017935706302523613,0.059669263660907745,-1.0125869512557983,0.7418458461761475,0.9676472544670105,-0.1679299920797348,30.638168334960938,-9.868011474609375,39.78678894042969,0
91,909886,-0.06229456886649132,-0.005387397017329931,-1.0164427757263184,-0.007755164988338947,-1.1085658073425293,0.08167771250009537,28.39723777770996,-9.882535934448242,39.39532470703125,0
92,920045,0.1029675230383873,-0.07170158624649048,-1.0106897354125977,-0.03520238772034645,-0.45310693979263306,-0.037051208317279816,28.43461799621582,-9.600990295410156,40.36048126220703,0
93,930159,-0.03428201377391815,-0.034666918218135834,-1.0067634582519531,-0.4567859470844269,0.07952537387609482,0.8221585750579834,28.6981258392334,-10.654093742370605,42.011497497558594,0
94,940189,0.017395460978150368,-0.08333460241556168,-0.9889175295829773,-0.4463290274143219,0.15864506363868713,-0.3426697552204132,30.695804595947266,-10.708244323730469,40.757354736328125,0
95,950030,-0.05035468935966492,0.021536026149988174,-1.007863163948059,0.6056275367736816,-0.35564568638801575,0.47944551706314087,30.654172897338867,-9.959962844848633,41.284664154052734,0
96,959760,-0.08018843084573746,0.06536635011434555,-0.9781842827796936,-0.43366020917892456,-0.6297491788864136,-0.0512697733938694,29.084117889404297,-11.372223854064941,40.70427703857422,0
97,969913,-0.004882104694843292,0.0214256402105093,-0.9944404363632202,-0.9918790459632874,0.10606104880571365,0.8415626883506775,28.645360946655273,-10.03122329711914,41.31415939331055,0
98,979674,-0.1265808790922165,-0.043108824640512466,-1.0127654075622559,-0.7642832398414612,-0.021746637299656868,-0.0978776142001152,29.929698944091797,-9.937479019165039,39.891021728515625,0
99,989795,-0.02120112255215645,0.018864354118704796,-0.9997386932373047,0.07469996064901352,0.9564636945724487,-0.24771782755851746,30.729248046875,-10.080151557922363,38.01015090942383,0
100,999921,0.03482256457209587,0.031361863017082214,-0.9894298315048218,-0.1218339055776596,-0.13133032619953156,0.08198623359203339,32.038490295410156,-9.526590347290039,39.05142593383789,0
101,1009895,-0.014373881742358208,-0.09566175192594528,-1.017859697341919,0.6327980160713196,0.03652719408273697,-0.9162853360176086,28.30055046081543,-10.928178787231445,40.300819396972656,0
102,1020039,-0.02382809855043888,-0.03531421720981598,-0.9973020553588867,-0.22306092083454132,-1.2142192125320435,-0.12080474942922592,30.83918571472168,-8.964425086975098,40.877403259277344,0
103,1029893,0.0047919913195073605,0.039952050894498825,-1.0332717895507812,0.8078703284263611,0.06473209708929062,-0.15896177291870117,29.778017044067383,-11.195605278015137,39.767147064208984,0
104,1039870,-0.06644195318222046,0.0025501332711428404,-1.0149738788604736,0.02392500638961792,-0.14146879315376282,0.015961285680532455,29.547508239746094,-10.078518867492676,38.49174499511719,0
105,1049938,0.11178333312273026,-0.05029088258743286,-1.0415657758712769,0.2627543807029724,0.1647738367319107,-0.07421562820672989,31.123769760131836,-11.160466194152832,39.661739349365234,0
106,1059931,0.025392038747668266,-0.014915496110916138,-0.9933412671089172,-0.1777050793170929,-0.5594306588172913,0.05615482106804848,29.50639533996582,-10.975851058959961,38.42887496948242,0
107,1070147,-0.007712963968515396,-0.07462503015995026,-1.0063034296035767,-0.41074854135513306,0.49101608991622925,-0.9070028066635132,30.022056579589844,-11.938553810119629,39.658206939697266,0
108,1079731,0.03040536865592003,-0.07498950511217117,-1.0253846645355225,0.30555230379104614,0.12451870739459991,0.1570000797510147,29.857641220092773,-7.961093425750732,39.30915451049805,0
109,1090060,-0.011620801873505116,-0.052917394787073135,-1.0372265577316284,-0.8575999140739441,1.1290842294692993,-1.0895708799362183,28.93367576599121,-10.201531410217285,39.07955551147461,0
110,1100219,-0.06701745837926865,0.07507635653018951,-1.0295485258102417,0.21783949434757233,0.4790502190589905,0.273393839597702,29.417659759521484,-11.380017280578613,39.77644729614258,0
111,1109882,0.09468718618154526,0.08390975743532181,-1.0217149257659912,0.0037704994902014732,0.37599945068359375,0.16641756892204285,29.817140579223633,-9.40368366241455,40.745418548583984,0
112,1119910,-0.07857292890548706,-0.030865011736750603,-1.010722279548645,0.40969139337539673,-0.13763204216957092,-0.13640980422496796,29.532272338867188,-10.690789222717285,42.07322311401367,0
113,1129848,-0.02655896358191967,-0.049089666455984116,-0.9924030303955078,0.14260412752628326,-0.05374019220471382,1.007860541343689,30.33684730529785,-9.408905029296875,40.116634368896484,0
114,1140234,0.042730290442705154,-0.06639769673347473,-0.9641917943954468,0.18357738852500916,0.8557360172271729,-0.8075488805770874,30.446504592895508,-10.223898887634277,39.88063430786133,0
115,1149875,0.06645078957080841,0.0004494090098887682,-1.0044240951538086,-0.3097544312477112,0.1986141800880432,0.1856490820646286,30.766021728515625,-9.094395637512207,41.31840515136719,0
116,1159928,0.10042571276426315,-0.01121995784342289,-1.0303668975830078,0.5323230028152466,0.3067643642425537,-0.05124756321310997,28.734947204589844,-9.969393730163574,39.72706604003906,0
117,1169780,-0.021069414913654327,-0.009482881985604763,-1.0239472389221191,0.39635032415390015,0.27130430936813354,0.3141874670982361,30.089160919189453,-10.80150318145752,42.00668716430664,0
118,1179927,-0.006762354634702206,0.05868048220872879,-1.0052905082702637,-0.1200009435415268,-0.04386720433831215,-0.5915296673774719,28.519397735595703,-10.517350196838379,41.447078704833984,0
119,1190024,0.021610861644148827,0.06555979698896408,-1.024558424949646,0.39126089215278625,0.9338356256484985,0.17705504596233368,28.887052536010742,-10.248754501342773,40.75102615356445,0
120,1200048,0.05139060318470001,-0.023402856662869453,-1.0068550109863281,-0.0001198624522658065,-0.40813520550727844,0.09786737710237503,28.938386917114258,-9.558530807495117,40.09503936767578,0
121,1209990,0.04706769436597824,-0.05627676472067833,-1.0092693567276,0.16750352084636688,-0.9858941435813904,0.2462160289287567,31.1948184967041,-10.125224113464355,39.69196701049805,0
122,1219931,-0.09821191430091858,-0.05728388577699661,-1.023238182067871,-0.47097092866897583,0.29910197854042053,-0.07300174981355667,28.929067611694336,-10.157790184020996,38.1963996887207,0
123,1229986,0.0831369161605835,0.012898694723844528,-0.9986113905906677,0.09579712152481079,-0.05716491863131523,0.517656683921814,28.834192276000977,-10.255261421203613,40.142887115478516,0
124,1239836,0.04483231529593468,0.03824703022837639,-1.022020936012268,-0.5402981042861938,0.046290330588817596,-0.6435467600822449,30.69353485107422,-11.513891220092773,39.582603454589844,0
125,1250075,-0.06480202078819275,-0.012987901456654072,-1.0022735595703125,0.40092456340789795,-0.542273223400116,0.3992275893688202,30.443342208862305,-9.332563400268555,39.188926696777344,0
126,1260218,-0.030512453988194466,0.09541554749011993,-1.0088248252868652,0.11925726383924484,-0.18626141548156738,0.22007080912590027,29.12587547302246,-9.810136795043945,40.71379852294922,0
127,1269724,0.08100251108407974,0.04989388585090637,-1.0111992359161377,-0.2872583866119385,-0.8168266415596008,-1.062420129776001,31.3759765625,-10.1845121383667,40.32794189453125,0
128,1279881,0.012315801344811916,0.013767356984317303,-0.9619429707527161,-0.9223368763923645,-0.0444951094686985,0.6053805947303772,30.188756942749023,-9.877544403076172,42.55183792114258,0
129,1290098,-0.05056072026491165,0.05644841492176056,-1.0225331783294678,-0.5291142463684082,0.07521003484725952,0.04563238471746445,30.565675735473633,-9.113547325134277,41.20193862915039,0
130,1300042,0.007763699162751436,-0.014162723906338215,-0.9749079346656799,0.28988879919052124,-0.4411356449127197,-0.36510923504829407,28.931215286254883,-9.372538566589355,39.985984802246094,0
131,1309891,0.020762551575899124,0.03376554697751999,-0.9943723082542419,-0.3546450734138489,-0.2629096806049347,0.04349241405725479,29.799331665039062,-9.933659553527832,41.813106536865234,0
132,1320359,0.03552879020571709,0.0035764474887400866,-0.9790938496589661,0.07527949661016464,0.21149785816669464,-0.8254809379577637,31.661636352539062,-10.72758674621582,38.484622955322266,0
133,1329714,0.04742537438869476,0.004714084789156914,-1.0331456661224365,-0.6618697047233582,0.4507855474948883,-0.4711894989013672,30.739938735961914,-10.357339859008789,38.31755828857422,0
134,1340232,-0.018798911944031715,-0.12518152594566345,-0.9807499647140503,-0.6540258526802063,0.04831640422344208,-0.49100953340530396,30.290712356567383,-9.187644004821777,39.790199279785156,0
135,1350179,-0.020258232951164246,0.09118640422821045,-0.9822311997413635,0.339321494102478,0.29828307032585144,-0.33569082617759705,29.050518035888672,-9.835341453552246,39.30002975463867,0
136,1360123,-0.012779462151229382,0.010554518550634384,-0.9835559725761414,-0.9058763980865479,-0.5083252191543579,0.05015314370393753,30.061805725097656,-10.888587951660156,39.949249267578125,0
137,1370009,0.005523244850337505,-0.0491078719496727,-0.972911536693573,-0.045095112174749374,0.5087337493896484,0.02630838192999363,30.8021297454834,-8.297985076904297,38.715606689453125,0
138,1379794,0.08220817148685455,0.001856100047007203,-0.9877136945724487,-0.08909479528665543,-0.19664911925792694,0.41951921582221985,29.645099639892578,-10.262947082519531,40.7629508972168,0
139,1389717,0.03016391023993492,-0.014754317700862885,-0.9766507148742676,-0.34045201539993286,-0.6647071242332458,-0.2883132994174957,31.457504272460938,-11.835068702697754,41.85633850097656,0
140,1399907,0.052519503980875015,0.03458334505558014,-0.9861311912536621,-1.1060770750045776,-0.4565545916557312,-0.10319048166275024,30.57960319519043,-8.640348434448242,38.978126525878906,0
141,1410073,-0.02959461510181427,-0.026257909834384918,-0.9879542589187622,0.5336228609085083,-0.14121398329734802,-0.2511778175830841,31.000017166137695,-12.517966270446777,40.17744827270508,0
142,1419966,-0.05899137258529663,-0.06126383692026138,-1.003290057182312,0.5570541024208069,-1.3284006118774414,0.038986802101135254,28.994253158569336,-10.72256088256836,39.37838363647461,0
143,1430075,-0.11482623964548111,0.0238727405667305,-0.9724894165992737,0.6275342106819153,0.11347634345293045,-0.18349747359752655,28.567821502685547,-9.680636405944824,39.84623718261719,0
144,1440041,0.015590725466609001,0.044012442231178284,-1.013901710510254,-0.5271005034446716,-0.2494250386953354,0.4680359959602356,30.0153865814209,-9.969060897827148,40.42828369140625,0
145,1450034,-0.0002331581781618297,-0.011799913831055164,-0.9654720425605774,0.267728716135025,-0.7590463757514954,0.10920973122119904,30.220943450927734,-8.511372566223145,39.74489974975586,0
146,1459812,-0.0531037300825119,-0.09424065053462982,-0.9783135056495667,0.8871206045150757,-0.10835370421409607,0.5767325758934021,27.822893142700195,-9.146862983703613,39.051902770996094,0
147,1469896,0.0043366397731006145,-0.01944846659898758,-0.9901806712150574,0.27024397253990173,0.3407754898071289,-0.15526461601257324,31.127532958984375,-9.8126859664917,39.372779846191406,0
148,1480162,-0.01885763742029667,-0.05138396471738815,-1.0006022453308105,-0.4417406916618347,-0.9285775423049927,0.5378478765487671,29.857276916503906,-9.264313697814941,40.154319763183594,0
149,1490061,-0.030263125896453857,-0.026287568733096123,-0.9622415900230408,0.15196530520915985,0.26084718108177185,-0.255107045173645,29.109027862548828,-11.06557559967041,40.468353271484375,0
150,1499771,-0.026057710871100426,-0.07636665552854538,-1.0069688558578491,-0.563427746295929,-0.4394392967224121,-0.28847047686576843,29.119613647460938,-8.81884479522705,39.17966842651367,0
151,1510048,-0.01501907967031002,0.07885909080505371,-0.9802664518356323,0.19013166427612305,0.10853501409292221,0.8247368931770325,29.68667984008789,-10.191366195678711,40.15375518798828,0
152,1520032,0.08948478102684021,-0.08355775475502014,-0.9813856482505798,-0.0479012168943882,-0.8873282074928284,-0.8241095542907715,30.410768508911133,-10.788960456848145,39.13595199584961,0
153,1530022,-0.07893656194210052,-0.08183028548955917,-0.9822257161140442,0.6774908304214478,0.16079607605934143,-0.3443135619163513,32.84455871582031,-10.322102546691895,40.40519332885742,0
154,1540283,-0.08797626197338104,-0.08118756860494614,-0.9682725667953491,0.2181934416294098,0.4543057978153229,-0.26667264103889465,32.03285217285156,-10.009072303771973,40.374671936035156,0
155,1549950,0.04790407419204712,-0.018896792083978653,-0.9732719659805298,0.49337881803512573,0.4913589656352997,0.5916752219200134,28.000431060791016,-11.35777473449707,42.18012237548828,0
156,1560092,0.06075058877468109,0.012666463851928711,-0.9756647944450378,0.5995641350746155,-0.26108312606811523,-0.3843282461166382,29.27001190185547,-8.186917304992676,41.06827163696289,0
157,1570163,-0.01654887944459915,0.03843608498573303,-0.9683302640914917,0.8374232649803162,0.2207203358411789,0.01166229322552681,30.707799911499023,-10.203798294067383,38.489017486572266,0
158,1579970,-0.10811873525381088,0.008152146823704243,-0.9898079633712769,-0.45083001255989075,0.057283565402030945,-0.22328469157218933,28.859548568725586,-10.889690399169922,40.83808898925781,0
159,1589755,0.05125832185149193,0.02183745615184307,-1.0137025117874146,0.6538523435592651,-0.19271627068519592,-0.18778643012046814,32.92815399169922,-9.841798782348633,40.645469665527344,0
160,1599906,-0.07104609906673431,0.061225831508636475,-0.9788263440132141,-0.01112964004278183,-0.9341132044792175,0.36340785026550293,29.256343841552734,-8.962135314941406,39.725894927978516,0
161,1610231,0.03755081817507744,-0.03255326300859451,-0.9924623966217041,0.176801398396492,0.08511614799499512,-0.5649603009223938,30.47245979309082,-8.842741012573242,38.848388671875,0
162,1620026,0.04060421511530876,0.0010001626797020435,-0.9860556125640869,-0.6140502691268921,-0.3341590464115143,0.31658488512039185,29.81675910949707,-10.929364204406738,40.918128967285156,0
163,1630078,-0.030815891921520233,-0.027708211913704872,-1.0018370151519775,-0.30101093649864197,0.17477944493293762,0.42008182406425476,30.736698150634766,-10.400429725646973,38.02020263671875,0
164,1640037,-0.0715220645070076,0.043960995972156525,-1.0150611400604248,0.4570859372615814,0.33108755946159363,-0.3788209855556488,30.395278930664062,-8.926739692687988,40.603057861328125,0
165,1650003,0.00292475544847548,-0.026655256748199463,-0.9987696409225464,-0.3286168873310089,-0.4499269425868988,-0.22321990132331848,28.76099967956543,-10.01955509185791,41.12681579589844,0
166,1660110,-0.05556615814566612,-0.012682858854532242,-1.0042091608047485,-0.3383259177207947,0.4479258954524994,-0.43411684036254883,30.560380935668945,-10.117227554321289,39.88917541503906,0
167,1670037,0.05183227360248566,-0.014241000637412071,-0.998828649520874,0.16831886768341064,-0.271851509809494,-0.1932588368654251,29.344738006591797,-10.973458290100098,40.24694061279297,0
168,1679867,0.011639553122222424,-0.03381667286157608,-0.9964758157730103,0.6226667165756226,-0.680303692817688,-0.2536364793777466,27.95335578918457,-8.13943862915039,40.11124038696289,0
169,1689839,-0.0601520873606205,-0.01303761824965477,-0.9528525471687317,-0.6429756879806519,0.2605704665184021,0.22267496585845947,32.233306884765625,-10.652725219726562,40.79867935180664,0
170,1700264,0.038773421198129654,0.028545984998345375,-1.018502950668335,-0.3217785358428955,-0.7872884273529053,0.2480221688747406,29.499282836914062,-11.769500732421875,40.46757888793945,0
171,1709977,-0.03414071723818779,-0.00228336313739419,-0.9776015877723694,-0.18649712204933167,0.20597225427627563,0.5366719365119934,29.40874481201172,-10.273496627807617,40.503517150878906,0
172,1719950,-0.06754141300916672,0.08419934660196304,-1.0487548112869263,-0.01671055145561695,-0.4994882345199585,-0.14638808369636536,30.35392189025879,-10.070032119750977,39.94911193847656,0
173,1730002,0.05904337391257286,-0.12092801928520203,-1.0100587606430054,0.21268330514431,-0.09592977911233902,-0.2642694115638733,27.864622116088867,-9.56851863861084,41.03895950317383,0
174,1739929,-0.0247520599514246,-0.12171318382024765,-1.0151978731155396,0.15036115050315857,0.028804434463381767,-0.1722663789987564,29.357994079589844,-9.808919906616211,41.93971252441406,0
175,1750164,-0.03700251877307892,0.07757075875997543,-1.015938401222229,-0.8144034147262573,0.8863497376441956,0.4946168065071106,30.968612670898438,-11.336775779724121,39.57538986206055,0
176,1760285,-0.05452791601419449,0.011396716348826885,-0.9723242521286011,-0.25381746888160706,-0.665917694568634,0.21682244539260864,30.35581398010254,-10.897714614868164,38.73346710205078,0
177,1770034,0.026936793699860573,0.03589531034231186,-1.0054075717926025,0.5554242134094238,0.2655549943447113,0.8167440295219421,30.80877685546875,-9.28411865234375,41.198646545410156,0
178,1779840,0.07965263724327087,0.033278100192546844,-1.0154671669006348,0.3307017982006073,-0.9258676171302795,0.3646600544452667,29.561269760131836,-10.320228576660156,38.43152618408203,0
179,1789863,0.004674249794334173,-0.0013395382557064295,-0.9992520809173584,0.01827293261885643,-0.63309645652771,0.4296444058418274,31.548620223999023,-9.66064739227295,40.7509765625,0
180,1800163,-0.0593925379216671,0.04460309073328972,-1.0322049856185913,-1.191391110420227,-0.15021605789661407,0.04505782574415207,29.956830978393555,-9.337625503540039,39.347068786621094,0
181,1810075,0.007661337498575449,0.02764922007918358,-0.9664644598960876,-0.22395813465118408,0.3254852592945099,-0.3678826093673706,30.233963012695312,-8.3947114944458,40.42629623413086,0
182,1819859,-0.027535509318113327,-0.025732582435011864,-1.0038063526153564,-0.03263626992702484,-0.38551807403564453,0.03599703684449196,29.722604751586914,-11.034170150756836,40.77703857421875,0
183,1829849,0.007380946073681116,-0.055545076727867126,-1.0014551877975464,0.05365575850009918,0.5174794793128967,-1.6947869062423706,31.370088577270508,-11.510730743408203,39.3651237487793,0
184,1840107,-0.06640967726707458,0.025468964129686356,-0.9996651411056519,0.6518758535385132,0.5199276804924011,0.22673285007476807,29.73996925354004,-11.534659385681152,40.17706298828125,0
185,1850092,-0.024780573323369026,-0.0799567922949791,-1.0288437604904175,-0.190621018409729,-0.29954901337623596,-0.06664694100618362,31.290603637695312,-9.503453254699707,39.75337219238281,0
186,1859981,-0.04258645698428154,0.025845639407634735,-0.993686854839325,-0.25065216422080994,-0.7648046016693115,-0.7901090979576111,30.181507110595703,-11.438157081604004,38.76622009277344,0
187,1870021,-0.004911868833005428,-0.004369548987597227,-0.9750816226005554,0.6688300967216492,0.3227284550666809,-0.5523901581764221,29.77206039428711,-10.968596458435059,38.81192398071289,0
188,1880251,0.02216806821525097,-0.07677292078733444,-1.0180901288986206,-0.17931954562664032,0.49199143052101135,-0.6100251078605652,30.292219161987305,-9.136253356933594,38.957679748535156,0
189,1889825,0.05524785444140434,0.04217556491494179,-0.9954774975776672,-0.018742598593235016,0.5504575371742249,-0.44090285897254944,31.163795471191406,-8.443312644958496,39.12129211425781,0
190,1900133,0.02913820743560791,0.038215477019548416,-1.021483063697815,-0.1716640144586563,-0.28458264470100403,-0.32737818360328674,30.381864547729492,-8.652304649353027,39.5645751953125,0
191,1910078,0.02910064160823822,-0.01447026152163744,-0.9795879125595093,-0.040302447974681854,0.46542927622795105,-0.16395418345928192,29.909875869750977,-8.186041831970215,39.47703552246094,0
192,1919897,0.02596655860543251,0.03145209699869156,-0.9964655637741089,-0.30611708760261536,0.3506728708744049,-0.3706876337528229,30.50804901123047,-9.936074256896973,38.82293701171875,0
193,1929942,-0.028011053800582886,0.03478694334626198,-0.9802606105804443,-0.08678431063890457,-0.20280921459197998,0.30231496691703796,29.441133499145508,-9.391695022583008,39.916717529296875,0
194,1939906,0.06841449439525604,-0.020451011136174202,-1.0088136196136475,0.40653330087661743,-0.18586179614067078,-0.8974124193191528,32.16749572753906,-8.95439338684082,40.390953063964844,0
195,1950220,-0.029487328603863716,0.048500221222639084,-1.00714111328125,-0.9001861214637756,-0.17144359648227692,0.5975515246391296,30.818012237548828,-11.268836975097656,39.634429931640625,0
196,1960074,0.01052334625273943,-0.03467884287238121,-1.0069218873977661,1.5258145332336426,-0.333245187997818,-0.14311638474464417,31.039390563964844,-11.386858940124512,38.725181579589844,0
197,1969910,0.009731519035995007,-0.04588624835014343,-1.0266001224517822,0.40664926171302795,0.08031344413757324,-0.6679767370223999,29.004602432250977,-11.361212730407715,41.09883117675781,0
198,1979771,-0.045112110674381256,-0.001040815026499331,-0.961888313293457,-0.8268389701843262,0.02617627941071987,-1.184733510017395,30.369400024414062,-10.283686637878418,41.25634002685547,0
199,1989996,-0.04485563188791275,0.003882655408233404,-0.9981834888458252,0.16929158568382263,-0.8031697273254395,0.8341088891029358,30.015586853027344,-9.018515586853027,39.92706298828125,0
200,1999949,0.006068824790418148,-0.028257068246603012,-0.973469078540802,0.1959230750799179,0.18735261261463165,-0.9099246859550476,29.245086669921875,-9.412238121032715,40.61463928222656,0
201,2010000,0.04604532942175865,-0.012324382551014423,-1.0137929916381836,-0.21493972837924957,-0.3544037342071533,-0.13504847884178162,29.02654266357422,-11.093583106994629,40.439552307128906,0
202,2020227,0.05096891522407532,-0.059974659234285355,-1.0260734558105469,0.3790610730648041,-0.8867416977882385,-0.7152172923088074,31.097972869873047,-12.3316068649292,38.90420913696289,0
203,2030210,-0.1150776669383049,-0.03722076490521431,-1.0151807069778442,-0.9102072715759277,-0.4529159367084503,-0.08672194927930832,30.211170196533203,-9.704636573791504,40.930355072021484,0
204,2040043,-0.04870327562093735,0.05762635916471481,-0.9933075904846191,0.46648213267326355,-0.2729811668395996,0.7278888821601868,30.7260799407959,-10.13901424407959,40.12198257446289,0
205,2049752,-0.042878683656454086,0.08626266568899155,-1.0256109237670898,-0.536686360836029,0.2198268622159958,-0.178961843252182,31.003952026367188,-9.197797775268555,40.07551193237305,0
206,2059941,0.02347414754331112,0.022199254482984543,-1.0026071071624756,-0.22423319518566132,0.4053213596343994,1.3928989171981812,31.945642471313477,-9.979183197021484,40.23992919921875,0
207,2069901,0.014627689495682716,-0.08871858566999435,-0.9888898730278015,-0.02876356989145279,-0.5289799571037292,0.038185782730579376,29.587265014648438,-9.95916748046875,40.26157760620117,0
208,2080161,-0.03392955660820007,-0.03390980139374733,-1.010421872138977,0.037979770451784134,0.4602716565132141,0.2398526668548584,27.760120391845703,-10.390716552734375,40.001834869384766,0
209,2090227,-0.04552420228719711,-0.03257933259010315,-0.9814156293869019,0.33539313077926636,0.7942622900009155,-0.21810832619667053,29.2100887298584,-10.934685707092285,40.97378158569336,0
210,2099959,0.00463970797136426,0.0960259810090065,-0.9683600068092346,0.5445024967193604,-0.9735299348831177,-0.04873551428318024,28.603116989135742,-10.252740859985352,39.62724685668945,0
211,2110273,-0.01681569777429104,0.01757064461708069,-0.9912992715835571,-0.7190127968788147,-0.04175916686654091,0.48231419920921326,28.965328216552734,-10.300564765930176,40.410552978515625,0
212,2120172,-0.09999091178178787,-0.08655332773923874,-0.969387948513031,1.3181103467941284,-0.08116674423217773,0.43595144152641296,29.8691349029541,-9.775259971618652,40.32823944091797,0
213,2130054,0.004530996084213257,-0.08112984150648117,-1.0446103811264038,-0.519223690032959,-0.10547471791505814,-0.22474455833435059,28.164382934570312,-13.36036205291748,39.974002838134766,0
214,2139886,-0.0014589751372113824,-0.0075114513747394085,-0.9551227688789368,-0.7380957007408142,0.9563900232315063,-0.3698984980583191,30.21672248840332,-9.809616088867188,39.949615478515625,0
215,2150217,-0.019125819206237793,-0.05438849702477455,-0.9819685816764832,-0.030338391661643982,-0.4489765167236328,0.5795281529426575,30.260334014892578,-9.904621124267578,40.019508361816406,0
216,2160050,0.08327261358499527,-0.027071518823504448,-0.9930939674377441,0.8017590045928955,0.4157438576221466,0.7350306510925293,29.23935890197754,-8.417784690856934,39.92183303833008,0
217,2169930,0.03901359438896179,0.054723650217056274,-1.016462802886963,-1.0174274444580078,-0.679487943649292,-0.13514545559883118,29.996257781982422,-10.32421875,40.68370056152344,0
218,2180018,0.06738340854644775,0.045918166637420654,-1.015183448791504,-0.12305555492639542,-0.07022067904472351,0.4294193685054779,30.520160675048828,-10.58292007446289,39.98992156982422,0
219,2189737,-0.1444469839334488,0.035609181970357895,-1.0066008567810059,0.8120365738868713,-0.02337493933737278,0.24698926508426666,29.887094497680664,-10.758630752563477,40.568504333496094,0
220,2199818,0.08917004615068436,-0.011487041600048542,-1.0203640460968018,0.8939288854598999,-0.475686252117157,-0.28496965765953064,29.5684757232666,-10.485681533813477,40.97474670410156,0
221,2210115,0.021461354568600655,-0.014992216601967812,-0.9870280027389526,0.1505255550146103,-0.06663714349269867,0.6336055397987366,29.120014190673828,-10.369951248168945,38.513755798339844,0
222,2219852,-0.02721588872373104,-0.06238361820578575,-1.0269951820373535,0.8772177696228027,-0.21913950145244598,0.14626547694206238,28.243654251098633,-9.613053321838379,38.636043548583984,0
223,2230071,0.04030586779117584,0.04973970353603363,-1.0280870199203491,0.24792693555355072,0.4660453200340271,-0.08138412982225418,31.340394973754883,-10.435567855834961,38.89097213745117,0
224,2239749,0.04710642620921135,0.03221076354384422,-1.018123984336853,-0.06326606124639511,-0.6868899464607239,0.9487521052360535,28.339948654174805,-9.05150032043457,39.63450622558594,0
225,2249895,0.026197008788585663,-0.0042120348662137985,-1.0168256759643555,0.08279848843812943,0.3020811378955841,0.36101171374320984,30.47319984436035,-10.456446647644043,40.95263671875,0
226,2259978,0.004162333440035582,0.05177320912480354,-1.0181803703308105,0.4844695031642914,-0.2183172106742859,0.11232557892799377,28.989477157592773,-9.945393562316895,39.803829193115234,0
227,2269878,-0.034943923354148865,0.06952335685491562,-1.004477858543396,-0.1695404350757599,-0.19554604589939117,0.533000111579895,29.116458892822266,-10.024971008300781,39.69980239868164,0
228,2279995,-0.061442673206329346,-0.02316216006875038,-1.0239511728286743,0.8055980801582336,0.5010871291160583,0.4181821644306183,30.2708683013916,-10.21461009979248,40.0740966796875,0
229,2289986,0.014367153868079185,0.07940035313367844,-0.9972538352012634,-0.5995985865592957,-0.37855908274650574,-0.46311724185943604,28.97258758544922,-10.152670860290527,39.56174087524414,0
230,2299921,-0.001411847653798759,0.036062512546777725,-1.007312297821045,-0.5151504278182983,-1.0244743824005127,0.7055386304855347,32.144954681396484,-11.429915428161621,41.859004974365234,0
231,2309855,-0.016651220619678497,-0.012520872987806797,-0.9951604604721069,-0.8587343692779541,0.3120245337486267,0.4385828971862793,31.111614227294922,-10.136863708496094,40.82523727416992,0
232,2320075,0.00619306368753314,-0.011927500367164612,-0.9838271737098694,-0.08920164406299591,0.05959950014948845,0.12067390233278275,28.538549423217773,-8.682487487792969,40.541221618652344,0
233,2330028,-0.009720643982291222,-0.009172959253191948,-0.9749543070793152,-0.2624123692512512,0.8024717569351196,0.09061577916145325,30.120840072631836,-10.770425796508789,39.91721725463867,0
234,2340057,0.0008861154783517122,-0.004120118450373411,-1.038897156715393,0.17526860535144806,0.834414541721344,0.7146221399307251,28.26069450378418,-8.093209266662598,37.98244094848633,0
235,2349881,0.04054766148328781,0.030262302607297897,-1.0117417573928833,0.840770959854126,-0.13705790042877197,0.0827673152089119,28.102745056152344,-10.255064010620117,39.541263580322266,0
236,2359897,-0.008358277380466461,-0.03042811155319214,-0.9848945736885071,-0.5093101263046265,-0.14185893535614014,-0.3349890112876892,28.941804885864258,-10.417140007019043,37.858089447021484,0
237,2370080,-0.07163873314857483,-0.02803136594593525,-1.0059677362442017,0.45497074723243713,0.2673072814941406,-0.16401441395282745,31.060440063476562,-9.457380294799805,38.20917510986328,0
238,2379844,0.03541753441095352,0.015686066821217537,-1.008118987083435,0.7099080681800842,-0.193352609872818,0.4519137740135193,31.328510284423828,-11.030351638793945,39.04408264160156,0
239,2389807,0.042208004742860794,0.0013782165478914976,-0.9749791622161865,-0.00990438275039196,-0.019317757338285446,-0.727774441242218,30.801904678344727,-10.105096817016602,38.54750061035156,0
240,2399763,-0.11020702123641968,0.015565799549221992,-1.0086948871612549,-0.5384737253189087,-0.689494252204895,-0.08159678429365158,30.79350471496582,-9.683748245239258,40.4107551574707,0
241,2409971,0.03468840941786766,0.11107079684734344,-0.9778134226799011,-0.0017483755946159363,-0.7067396640777588,0.13579416275024414,30.417808532714844,-8.96099853515625,39.73484802246094,0
242,2419891,-0.06373708695173264,0.0006643883534707129,-0.9896103143692017,0.3920147120952606,0.07795334607362747,-0.5171228647232056,28.185178756713867,-9.474181175231934,35.45729064941406,0
243,2429735,0.003997392021119595,-0.046116575598716736,-1.0074766874313354,-0.35255005955696106,-0.023809978738427162,0.6869810819625854,29.837928771972656,-8.593923568725586,41.93913269042969,0
244,2439876,-0.06389973312616348,-0.08181323111057281,-1.0073479413986206,-0.3796791434288025,0.4944709539413452,0.17706915736198425,28.83798599243164,-11.425393104553223,39.75421142578125,0
245,2449921,0.058610089123249054,0.02419358119368553,-1.003892183303833,0.26164510846138,0.4330959618091583,-0.13847683370113373,29.990142822265625,-9.258187294006348,38.829219818115234,0
246,2460047,0.012986734509468079,-0.009874308481812477,-1.0424696207046509,0.47059792280197144,-0.05187418311834335,-0.4159320890903473,29.62537384033203,-9.072318077087402,40.46147537231445,0
247,2470081,-0.05099796503782272,-0.0232776440680027,-0.9717159271240234,0.4195824861526489,-0.03605404496192932,0.26879143714904785,29.154558181762695,-8.807262420654297,38.75496292114258,0
248,2480054,-0.010363736189901829,-0.0059167807921767235,-0.9949039220809937,-0.197640061378479,-0.6287453770637512,-0.2031192183494568,28.52176856994629,-6.503472328186035,40.66737365722656,0
249,2489957,0.02084876224398613,0.15116453170776367,-1.0000035762786865,-0.0005266262451186776,-0.9888563752174377,-1.071730375289917,30.333768844604492,-10.80855655670166,39.133811950683594,0
250,2500108,-0.045803479850292206,-0.034716833382844925,-0.9803857207298279,-0.15765026211738586,-0.034680888056755066,-0.101957306265831,30.74683952331543,-10.800882339477539,40.605899810791016,0
251,2509969,0.002555213635787368,-0.013601931743323803,-0.9912751317024231,0.3996128737926483,-0.11729316413402557,0.12121934443712234,28.504220962524414,-8.505467414855957,39.827598571777344,0
252,2520241,-0.02107820101082325,0.00546545535326004,-0.9860749244689941,0.11622735112905502,-0.6020767092704773,-0.4707053303718567,29.101707458496094,-8.114036560058594,40.82782745361328,0
253,2530073,0.005272636190056801,-0.03215890750288963,-0.9698379635810852,-0.4574331045150757,-0.4112522304058075,-0.09461807459592819,30.7117919921875,-7.735170364379883,38.60799789428711,0
254,2540190,-0.03984725475311279,0.05776617303490639,-1.0049971342086792,0.3370665907859802,-0.1231730729341507,-1.027937412261963,31.24598503112793,-9.258273124694824,40.099552154541016,0
255,2549941,-0.09286043047904968,-0.05784144252538681,-0.982370913028717,-0.06650952994823456,0.4572126567363739,-0.507373571395874,30.987590789794922,-8.99986743927002,40.03861999511719,0
256,2559801,-0.01787765510380268,-0.02858482301235199,-1.0036849975585938,0.3633466958999634,-0.5400969982147217,-0.7336689829826355,30.634233474731445,-9.769440650939941,40.995914459228516,0
257,2569855,0.015624900348484516,0.007049990352243185,-0.9862857460975647,-0.32884639501571655,0.6307486891746521,-1.035874843597412,29.96982765197754,-9.338822364807129,40.05540084838867,0
258,2579814,0.00014489388559013605,-0.002267965115606785,-0.9803025126457214,0.3474421799182892,0.2684691548347473,-0.7505303621292114,30.770421981811523,-9.495031356811523,39.961334228515625,0
259,2589636,0.08134438842535019,-0.06393752992153168,-0.9798764586448669,0.5203591585159302,-0.030609842389822006,0.15279972553253174,30.153528213500977,-10.338369369506836,39.57855224609375,0
260,2599942,-0.03305409103631973,-0.03962664678692818,-1.028497576713562,0.24140095710754395,0.4771302342414856,0.1489984095096588,30.137746810913086,-10.411211967468262,41.23242950439453,0
261,2609763,-0.0035546040162444115,0.0036646099761128426,-1.0326262712478638,-0.40962129831314087,-0.3017210364341736,0.0716213658452034,31.906383514404297,-10.506246566772461,39.90283203125,0
262,2620142,-0.018892761319875717,-0.04247764125466347,-0.9813665747642517,-1.0712288618087769,0.0749441459774971,0.29055726528167725,27.43860626220703,-11.008499145507812,39.43404769897461,0
263,2630155,0.014557552523911,0.09313452988862991,-1.0402096509933472,0.8136732578277588,-0.11477630585432053,-0.15810295939445496,30.64419937133789,-10.552462577819824,39.63842010498047,0
264,2640245,-0.014354481361806393,-0.010829458944499493,-0.9995904564857483,0.12986774742603302,-0.5935970544815063,-0.8767261505126953,29.303394317626953,-10.79992961883545,39.29961395263672,0
265,2650260,0.000790593505371362,-0.028732961043715477,-1.0023307800292969,-0.370878130197525,0.3081488609313965,-0.01052094530314207,30.545841217041016,-9.806461334228516,39.79470443725586,0
266,2659950,0.1245437040925026,0.07191283255815506,-0.9964848756790161,0.09954956918954849,-0.3521419167518616,0.2433055192232132,30.115623474121094,-10.242806434631348,40.76091003417969,0
267,2670266,-0.09012437611818314,0.06995249539613724,-0.9751211404800415,-0.05544222891330719,-0.3663160800933838,0.24739868938922882,30.429264068603516,-10.597649574279785,39.438663482666016,0
268,2679969,-0.03344478830695152,-0.03880762681365013,-1.0272243022918701,0.009083576500415802,0.018898988142609596,0.6124311685562134,29.58214569091797,-8.342747688293457,39.05839538574219,0
269,2689955,-0.02594599686563015,0.06828252226114273,-1.0240956544876099,0.016861271113157272,0.5119605660438538,0.042736586183309555,30.920024871826172,-9.385621070861816,42.98991775512695,0
270,2699848,-0.06279092282056808,-0.12001876533031464,-0.9664514064788818,-0.37004318833351135,-0.5291963219642639,0.3672681748867035,27.986417770385742,-12.623371124267578,39.225799560546875,0
271,2710121,-0.05930422618985176,-0.004831159021705389,-0.988342821598053,-0.18392173945903778,-0.27745532989501953,0.15269529819488525,30.80685043334961,-10.80573558807373,40.01289749145508,0
272,2719981,-0.0864948257803917,0.010567550547420979,-0.9903618097305298,-0.9735307693481445,-0.3614822030067444,0.4520896077156067,30.706186294555664,-9.725666999816895,40.637935638427734,0
273,2730038,0.054590240120887756,-0.08954592049121857,-1.0082650184631348,-0.9837061166763306,-0.3240339457988739,0.5884096026420593,28.630353927612305,-10.96414566040039,42.181617736816406,0
274,2739981,0.010822980664670467,0.007167427334934473,-1.0561703443527222,-0.51575767993927,-0.8766989707946777,0.05355572700500488,28.539199829101562,-8.374103546142578,40.867340087890625,0
275,2749973,0.07228323072195053,0.0023738215677440166,-0.9715766310691833,0.15307433903217316,0.3605923354625702,0.6924488544464111,31.161611557006836,-9.712133407592773,38.73633575439453,0
276,2759884,0.08426041156053543,-0.046440497040748596,-1.0124061107635498,-0.9124894738197327,0.781597375869751,0.4755899906158447,31.139503479003906,-10.207572937011719,39.327171325683594,0
277,2769970,0.015682242810726166,0.013705064542591572,-0.9983143210411072,0.22010429203510284,-0.7561392188072205,-0.3467002213001251,29.26498794555664,-9.533828735351562,39.84050369262695,0
278,2779897,-0.12022031098604202,-0.02251557819545269,-0.9949701428413391,0.46849894523620605,-0.24715305864810944,-0.10735686123371124,30.970552444458008,-11.849689483642578,40.62916564941406,0
279,2789983,-0.03661307692527771,-0.047409024089574814,-1.0083342790603638,-0.14729201793670654,-0.9971193075180054,-0.6652535200119019,29.23112678527832,-9.983591079711914,39.533390045166016,0
280,2799947,0.013524319976568222,0.12818105518817902,-1.0028409957885742,0.8812557458877563,-0.2712094187736511,0.17002703249454498,33.463134765625,-8.809807777404785,41.147701263427734,0
281,2809934,-0.010428383946418762,-0.05456666648387909,-1.0250885486602783,-0.11932052671909332,-0.8510047793388367,-0.28529396653175354,29.240440368652344,-10.459528923034668,40.31120300292969,0
282,2820124,0.014402726665139198,0.07280659675598145,-1.0093984603881836,0.49352583289146423,-0.3972882628440857,0.10068504512310028,29.850446701049805,-10.430794715881348,38.84172058105469,0
283,2830068,0.047198615968227386,-0.057108547538518906,-0.9906079173088074,-0.6480196714401245,0.4666169583797455,-0.5012768507003784,30.002857208251953,-9.272080421447754,38.12521743774414,0
284,2839795,0.060417305678129196,0.02859414741396904,-0.9974852204322815,0.3891373872756958,-0.3653491735458374,-0.5136634111404419,29.036298751831055,-10.959735870361328,40.2072868347168,0
285,2850194,0.006154876668006182,-0.008184448815882206,-1.0063380002975464,0.19472452998161316,-0.3936983644962311,-0.26844075322151184,31.897327423095703,-9.8652925491333,40.45849609375,0
286,2859946,-0.03775467351078987,0.13152749836444855,-1.0495253801345825,-0.9143611788749695,-0.8320835828781128,-0.5814423561096191,30.715900421142578,-9.091720581054688,40.64244079589844,0
287,2870194,-0.0068406299687922,0.11018291860818863,-1.0412737131118774,0.12342935055494308,-0.1702570915222168,-0.8420727849006653,31.43834114074707,-10.164082527160645,40.42570877075195,0
288,2880097,0.028502527624368668,0.00584390526637435,-1.000242829322815,0.3647492229938507,0.692863404750824,0.09913621097803116,29.35205841064453,-10.805208206176758,39.768524169921875,0
289,2890026,0.05777028948068619,0.0033485505264252424,-0.9901158809661865,0.9336740374565125,-0.06460349261760712,0.301666259765625,30.00710105895996,-9.383049011230469,39.87314987182617,0
290,2899861,0.05251595005393028,0.023647477850317955,-0.9939525723457336,0.35068953037261963,-0.18532778322696686,-0.3912524878978729,28.612159729003906,-9.414654731750488,40.187374114990234,0
291,2909831,0.09016478806734085,0.07743443548679352,-1.015566349029541,-0.345758318901062,0.5002278685569763,-0.6282368898391724,30.14925765991211,-9.211384773254395,41.631195068359375,0
292,2920029,-0.041045162826776505,-0.05181771516799927,-1.0302040576934814,0.015212771482765675,-0.43085363507270813,0.6822740435600281,31.242395401000977,-8.99765396118164,40.03993606567383,0
293,2930117,-0.08779340237379074,0.012043967843055725,-0.9842771291732788,-0.22091639041900635,0.6673903465270996,-0.7816444039344788,31.92630958557129,-9.783759117126465,41.89283752441406,0
294,2939880,-0.025045471265912056,-0.01255539059638977,-0.9962836503982544,-1.1942112445831299,-0.4233003556728363,1.1114487648010254,29.925670623779297,-10.576844215393066,38.28529739379883,0
295,2949882,-0.02078114077448845,-0.005698186811059713,-1.0150805711746216,-0.0087282070890069,-0.6015715599060059,-0.13367804884910583,30.19127082824707,-8.916111946105957,40.12993621826172,0
296,2959737,-0.05117516219615936,0.08508670330047607,-0.9791630506515503,0.7507427930831909,-0.039401374757289886,0.26734623312950134,31.9990291595459,-8.474309921264648,39.902278900146484,0
297,2969974,-0.002543157432228327,-0.026600025594234467,-1.0036488771438599,0.2322888970375061,0.650134265422821,0.5338692665100098,30.926681518554688,-9.35107707977295,40.15931701660156,0
298,2980087,0.031955789774656296,-0.030809562653303146,-0.9743262529373169,-0.2248365581035614,0.19338111579418182,0.5659606456756592,31.134057998657227,-8.95881175994873,38.43670654296875,0
299,2989947,0.04505756124854088,0.046194739639759064,-1.0188663005828857,0.34971705079078674,0.457914799451828,0.3285820782184601,29.740800857543945,-10.389544486999512,40.78091812133789,0
300,3000140,0.07594725489616394,0.049764152616262436,-1.0159567594528198,-0.6206705570220947,-0.29041579365730286,0.42220890522003174,30.864469528198242,-9.230201721191406,39.37480163574219,0
301,3010073,0.008399993181228638,-0.01063571497797966,-0.9938936829566956,0.5076690316200256,0.5486786961555481,-0.3618880808353424,33.1616096496582,-9.001628875732422,39.78300476074219,0
302,3020063,0.042932625859975815,0.08167038857936859,-1.018320083618164,-0.16175197064876556,0.5246701240539551,-0.4024868905544281,30.764129638671875,-10.188069343566895,41.80249786376953,0
303,3030044,0.02973105013370514,0.043322280049324036,-0.9797654747962952,-0.3327787518501282,-0.7667183876037598,-0.17784079909324646,29.640541076660156,-10.533625602722168,40.688232421875,0
304,3040097,-0.0972643569111824,0.006975971627980471,-1.002282738685608,-0.40695175528526306,0.4049861431121826,0.5117447376251221,31.205541610717773,-8.422440528869629,41.524314880371094,0
305,3050114,-0.03279342129826546,-0.002020482672378421,-0.951075553894043,-0.14727361500263214,0.08827567845582962,-0.513062596321106,28.678340911865234,-10.286757469177246,39.28078079223633,0
306,3060158,-0.057215481996536255,0.08048857003450394,-1.0167782306671143,0.247503399848938,-0.48917651176452637,0.34066739678382874,30.557594299316406,-9.097383499145508,40.32099914550781,0
307,3069796,0.06936390697956085,0.057080693542957306,-0.9796435236930847,0.609078586101532,0.11136654019355774,0.5866701602935791,30.310043334960938,-11.66933536529541,40.79124450683594,0
308,3079833,-0.03694441542029381,0.016162458807229996,-1.013933539390564,-0.03495621308684349,0.4314703345298767,0.7239606976509094,29.736413955688477,-10.46831226348877,39.37881851196289,0
309,3090139,-0.025746628642082214,0.02833678387105465,-0.986152172088623,0.07228454202413559,-0.07186484336853027,0.9848795533180237,28.498437881469727,-10.606363296508789,41.248252868652344,0
310,3099989,-0.047036219388246536,-0.002031106036156416,-0.9855495691299438,-0.510577917098999,-0.44771209359169006,-0.8169864416122437,29.47488021850586,-10.454710006713867,38.37062454223633,0
311,3109900,0.008636134676635265,-0.014477180317044258,-1.0021729469299316,0.5910255908966064,0.730146586894989,-0.185599684715271,30.459157943725586,-10.67428970336914,39.633670806884766,0
312,3120017,0.11414854228496552,-0.025295406579971313,-0.9885203838348389,0.6643009781837463,0.4442235827445984,0.028514407575130463,29.01464080810547,-9.005810737609863,40.9055061340332,0
313,3130088,-0.03216661140322685,0.03668097034096718,-1.0378631353378296,-0.7284726500511169,0.1451730579137802,0.047527965158224106,28.754335403442383,-9.996245384216309,41.8886604309082,0
314,3139919,0.021477533504366875,-0.02758186310529709,-0.9772003889083862,0.2553006708621979,-0.652034342288971,0.2785794138908386,30.734037399291992,-10.895085334777832,40.0642204284668,0
315,3149976,0.05536475405097008,0.009199462831020355,-0.9926633238792419,-0.21922184526920319,0.8967527151107788,0.20509812235832214,29.42398452758789,-10.525300979614258,40.47593307495117,0
316,3159973,0.05239250510931015,0.0086308429017663,-1.011398196220398,-0.1757047176361084,0.5437038540840149,-0.17110274732112885,29.155811309814453,-10.492729187011719,40.88654327392578,0
317,3169908,-0.0036742312368005514,-0.008928154595196247,-0.9868077039718628,0.5268127918243408,-0.1324472576379776,0.06131179258227348,30.718490600585938,-9.619915962219238,40.265113830566406,0
318,3179896,0.021132800728082657,-0.01153544895350933,-1.021963119506836,-0.27997449040412903,0.5380486249923706,-0.689578115940094,30.849327087402344,-10.23703670501709,40.07012939453125,0
319,3190046,0.0469001941382885,0.07344724982976913,-0.9846917986869812,0.42444488406181335,0.22132503986358643,-0.457419216632843,28.817155838012695,-10.743884086608887,38.97257995605469,0
320,3199814,0.02551671490073204,0.02247689850628376,-1.0266402959823608,-0.8033837080001831,-0.30571165680885315,-0.2707328498363495,30.46034812927246,-10.735893249511719,40.649993896484375,0
321,3209839,0.02951544150710106,-0.0218329019844532,-1.0293740034103394,0.4481480121612549,-0.3818948268890381,-0.4737907946109772,29.03005027770996,-11.043157577514648,39.59496307373047,0
322,3220032,-0.007084432523697615,0.023620489984750748,-1.0246951580047607,0.01910572312772274,-0.34692007303237915,-0.46102094650268555,31.139835357666016,-10.31029987335205,39.921546936035156,0
323,3229955,-0.09227525442838669,-0.010414631105959415,-0.9856909513473511,0.2165246456861496,-0.260297566652298,0.4890984296798706,30.51959228515625,-9.466923713684082,39.89377975463867,0
324,3240086,-0.055962782353162766,0.017627745866775513,-1.0045750141143799,-0.007473938632756472,1.1505745649337769,-0.07225315272808075,29.86513328552246,-11.074233055114746,42.04213333129883,0
325,3250149,-0.0286997240036726,-0.04023370519280434,-0.9736719727516174,0.5869291424751282,0.15632328391075134,-0.5749435424804688,31.80844497680664,-9.519510269165039,42.019107818603516,0
326,3260045,-0.09975140541791916,-0.01957116834819317,-1.0102921724319458,-0.15023837983608246,0.7156879305839539,0.12102680653333664,28.975982666015625,-10.254080772399902,40.96387481689453,0
327,3269670,0.019908051937818527,-0.0017614770913496614,-0.9660888910293579,0.44905635714530945,0.8094523549079895,0.39753761887550354,28.90372657775879,-10.00395393371582,40.922645568847656,0
328,3280115,-0.06595060974359512,0.07094622403383255,-0.9897104501724243,-0.7422078847885132,-0.6891560554504395,0.43923473358154297,28.83889389038086,-11.665445327758789,39.74319076538086,0
329,3290081,0.044035788625478745,-0.018248114734888077,-0.989280641078949,0.37307459115982056,-0.015472120605409145,-0.7003511786460876,30.82229232788086,-11.840618133544922,37.99591064453125,0
330,3300193,-0.06220761314034462,-0.043783314526081085,-1.0132288932800293,0.032376475632190704,-0.5140202641487122,-0.6680049896240234,31.31252098083496,-9.123896598815918,40.278480529785156,0
331,3310046,0.07261759787797928,0.033574365079402924,-1.0123738050460815,0.4549688994884491,-0.5076150298118591,0.35452207922935486,30.375553131103516,-7.738564968109131,39.94520950317383,0
332,3320017,-0.08251859247684479,0.058785054832696915,-1.0296878814697266,0.44287070631980896,0.8980597853660583,-0.9845119714736938,29.124486923217773,-9.799824714660645,40.47501754760742,0
333,3329984,0.05997978523373604,0.013171656988561153,-0.9695785641670227,-0.014686906710267067,0.14127705991268158,-1.098389983177185,30.284374237060547,-9.21147346496582,39.18593978881836,0
334,3340200,-0.05519547685980797,0.011815153993666172,-1.0261116027832031,0.1714663952589035,-1.1493031978607178,0.15165530145168304,28.503068923950195,-11.29677677154541,39.48054122924805,0
335,3350108,0.009824760258197784,0.045789122581481934,-1.0252214670181274,-0.3415898382663727,-0.5452104210853577,-0.20950134098529816,30.52400016784668,-10.623261451721191,41.47519302368164,0
336,3360075,-0.05029981955885887,0.017244841903448105,-0.9852801561355591,-0.39557650685310364,-0.47653117775917053,0.7169733643531799,30.293020248413086,-8.154969215393066,40.258644104003906,0
337,3369758,-0.010943952947854996,-0.0853222906589508,-0.9657952785491943,0.22810938954353333,0.2594641149044037,-0.06279648095369339,29.89646339416504,-10.106485366821289,40.50779724121094,0
338,3380080,0.0208527073264122,0.002137537579983473,-1.012723445892334,-0.07666028290987015,0.004905818961560726,-0.5528623461723328,32.13268280029297,-9.824901580810547,39.33739471435547,0
339,3389993,-0.01938575878739357,-0.01147651020437479,-0.9960418939590454,0.6290151476860046,0.7128494381904602,-0.0940198227763176,30.103282928466797,-10.495035171508789,39.660526275634766,0
340,3400017,0.041738901287317276,0.059201568365097046,-0.9838438034057617,-0.4738861322402954,0.023174583911895752,-0.09142496436834335,29.319446563720703,-10.691920280456543,40.251399993896484,0
341,3410142,-0.013697456568479538,0.011666372418403625,-1.028642177581787,0.6073851585388184,-0.6761633157730103,0.28838199377059937,28.791065216064453,-9.414259910583496,38.805397033691406,0
342,3419916,-0.051164012402296066,-0.04656605422496796,-1.0034379959106445,0.33363810181617737,-1.3961180448532104,0.2743014991283417,29.044635772705078,-10.192558288574219,39.83498001098633,0
343,3429900,-0.12348511815071106,-0.05131027474999428,-1.001721978187561,0.13435545563697815,0.580295205116272,0.12374353408813477,29.542396545410156,-10.17021369934082,38.06824493408203,0
344,3439541,0.05434592440724373,0.005562532227486372,-0.9809730052947998,-0.2100529670715332,0.514045000076294,0.056183140724897385,30.323226928710938,-10.027058601379395,40.646968841552734,0
345,3450104,-0.09683235734701157,-0.06883326917886734,-1.0128555297851562,0.5790265202522278,-0.1382095366716385,0.19385665655136108,31.652652740478516,-8.640128135681152,39.98739242553711,0
346,3460120,0.036291927099227905,0.06838970631361008,-1.031691551208496,0.48155081272125244,-0.7868751883506775,0.8029428124427795,29.03165054321289,-11.032504081726074,41.45058822631836,0
347,3469859,-0.009178172796964645,-0.001906338962726295,-0.9803463816642761,-0.026107605546712875,-0.2955498993396759,-0.07411804050207138,31.88422966003418,-9.739990234375,41.17049026489258,0
348,3480462,0.046560224145650864,-0.056583553552627563,-0.9826158881187439,0.1449405401945114,0.9621767997741699,0.9727278351783752,29.906574249267578,-8.147918701171875,39.8177604675293,0
349,3490091,-0.048849765211343765,-0.10606524348258972,-0.9910541772842407,-0.6832926273345947,0.7093390226364136,0.38167279958724976,30.190439224243164,-11.849653244018555,40.312381744384766,0
350,3500242,-0.03986416012048721,0.09620837867259979,-0.9817144870758057,-0.4327905774116516,0.031443431973457336,0.5150693655014038,30.298479080200195,-11.014403343200684,40.972084045410156,0
351,3510136,0.043057918548583984,-0.07234002649784088,-1.0438705682754517,-0.16727609932422638,-0.5336874127388,-0.21647994220256805,28.59379005432129,-9.492218971252441,39.99384689331055,0
352,3520097,0.052010439336299896,-0.020318729802966118,-1.0002262592315674,-0.22148430347442627,-0.2806805372238159,-0.44651350378990173,30.39605140686035,-9.516996383666992,39.5085563659668,0
353,3529853,0.01499332208186388,-0.01928221434354782,-1.0116796493530273,0.02400415576994419,-0.03031705878674984,-0.5159158110618591,29.782285690307617,-11.21331787109375,40.554691314697266,0
354,3540017,-0.14567720890045166,0.005975236184895039,-1.0237579345703125,-0.04354705661535263,0.62367182970047,0.7559465169906616,29.819822311401367,-10.758437156677246,39.3635368347168,0
355,3550067,0.05132971704006195,-0.05052910000085831,-0.9533092379570007,-0.10387938469648361,0.22452306747436523,0.22894036769866943,28.45203971862793,-9.966025352478027,40.08557891845703,0
356,3560208,-0.002447823528200388,0.05783141031861305,-1.0265069007873535,-0.7504706382751465,0.3591543138027191,0.42419758439064026,30.898906707763672,-8.394218444824219,38.574501037597656,0
357,3569928,-0.024671243503689766,0.057582855224609375,-0.9696030616760254,1.1125692129135132,0.5222063064575195,-0.447928249835968,29.396879196166992,-7.8072075843811035,40.32063674926758,0
358,3579896,-0.0009829405462369323,-0.004693310707807541,-1.0060292482376099,0.9606876969337463,0.27694180607795715,0.580848217010498,28.011621475219727,-11.758804321289062,40.135379791259766,0
359,3590025,0.04103867709636688,-0.09497909247875214,-1.0023835897445679,-0.17131809890270233,-0.02313303016126156,0.551764965057373,31.463525772094727,-7.62021017074585,40.56377029418945,0
360,3599725,0.029115905985236168,-0.027360642328858376,-1.0093802213668823,0.5296170115470886,0.030543530359864235,0.39534419775009155,30.12781524658203,-9.956198692321777,39.35503005981445,0
361,3609961,0.04036875441670418,0.10512568801641464,-1.0270353555679321,0.035490550100803375,-0.5134457349777222,1.1393054723739624,31.039613723754883,-10.3180513381958,41.97172927856445,0
362,3619990,-0.05188051983714104,-0.004688556771725416,-0.9837232232093811,-0.6345593929290771,0.4016498625278473,0.40035417675971985,28.136571884155273,-8.083430290222168,41.1253547668457,0
363,3630494,0.022897984832525253,0.01644735224545002,-0.9898434281349182,0.8268947601318359,0.13322488963603973,0.21036440134048462,29.3872127532959,-9.792976379394531,39.572731018066406,0
364,3639923,-0.02580428123474121,-0.07375377416610718,-1.021080493927002,-0.10790824890136719,0.6499106884002686,0.7425194978713989,27.778911590576172,-11.210638046264648,40.63877487182617,0
365,3650092,-0.032163988798856735,-0.012196578085422516,-0.9952697157859802,0.9786831140518188,0.00437172269448638,0.01815139129757881,29.263587951660156,-10.698429107666016,38.39794921875,0
366,3659904,0.010938522405922413,0.0513211190700531,-1.0013046264648438,-0.33272063732147217,0.2769690752029419,-0.4071032702922821,29.658557891845703,-8.889256477355957,38.71329116821289,0
367,3670064,-0.033038001507520676,0.020713552832603455,-0.991175651550293,0.5454311370849609,0.703373372554779,0.18304099142551422,29.103025436401367,-9.62192440032959,39.31442642211914,0
368,3680039,-0.03618729114532471,-0.05775550752878189,-1.0023285150527954,0.05623714253306389,-0.9200431108474731,-0.4829753339290619,29.957876205444336,-10.045197486877441,40.07430648803711,0
369,3689915,-0.041152019053697586,0.007902040146291256,-0.9976181983947754,-0.08929359912872314,-0.14862072467803955,0.951037585735321,31.41582489013672,-9.496450424194336,41.50864791870117,0
370,3700267,-0.04429790377616882,-0.05577026307582855,-1.0114030838012695,-0.6320018172264099,-0.45215076208114624,-0.1507808268070221,30.07756805419922,-8.779090881347656,37.163856506347656,0
371,3709959,-0.017487412318587303,-0.011522669345140457,-0.9781603217124939,-0.7708216309547424,0.0773758739233017,0.021578432992100716,28.906536102294922,-9.459749221801758,39.843017578125,0
372,3720068,0.04055117443203926,-0.038882650434970856,-0.9649355411529541,0.24638566374778748,-0.3622596859931946,0.23919802904129028,29.584070205688477,-11.02591323852539,39.3963623046875,0
373,3729951,0.07060857117176056,-0.005264310631901026,-1.0098975896835327,-0.4932122528553009,-0.5665231943130493,0.304490864276886,32.172630310058594,-8.751327514648438,41.31367492675781,0
374,3740122,0.03952356055378914,-0.05267339572310448,-0.9862547516822815,-0.07751107215881348,0.158196359872818,0.09970984607934952,31.433908462524414,-11.15364933013916,41.21775436401367,0
375,3750109,-0.028099628165364265,0.022389955818653107,-0.9868967533111572,0.3691505789756775,0.3660193979740143,0.05502045899629593,28.409198760986328,-9.043240547180176,39.155757904052734,0
376,3759928,-0.018288128077983856,0.013985060155391693,-1.0099207162857056,-0.07601608335971832,-0.431322306394577,-0.5862144231796265,30.290224075317383,-10.50891399383545,38.469173431396484,0
377,3770077,-0.06798429787158966,0.04381445795297623,-0.994353175163269,-1.0863248109817505,-0.8250597715377808,0.20145070552825928,29.5444393157959,-10.185142517089844,39.40769958496094,0
378,3779826,0.0015721668023616076,0.033773668110370636,-0.9882723093032837,-0.8430950045585632,0.4611165523529053,0.11667510867118835,29.5712947845459,-10.967103004455566,40.45696258544922,0
379,3790117,0.06838177889585495,-0.027864739298820496,-1.0020079612731934,0.684030294418335,-0.045257408171892166,-0.2632575035095215,30.320619583129883,-11.309856414794922,39.369598388671875,0
380,3799885,0.11593330651521683,0.07392381131649017,-0.9992691874504089,0.0034727288875728846,-0.7322717905044556,-0.1623551994562149,28.528640747070312,-9.904703140258789,39.738590240478516,0
381,3810030,-0.02358395606279373,0.013870075345039368,-1.0215895175933838,-0.30537357926368713,0.32628634572029114,0.9773234128952026,29.141176223754883,-10.138078689575195,40.0563850402832,0
382,3819968,0.04191664606332779,-0.0012942098546773195,-1.008276343345642,0.8470544219017029,0.12928056716918945,-1.2556490898132324,29.210350036621094,-9.277996063232422,41.2153434753418,0
383,3829833,0.0936894342303276,-0.040025677531957626,-0.9817758202552795,-0.7771273851394653,-0.5375557541847229,0.12485530227422714,31.091821670532227,-9.68317985534668,38.126041412353516,0
384,3840125,-0.01983034424483776,0.06731688976287842,-0.9975878000259399,0.3274098336696625,-0.007128358352929354,-0.6933749318122864,29.00874137878418,-9.784198760986328,38.73236846923828,0
385,3850146,-0.020599566400051117,0.006258172914385796,-1.0135149955749512,-0.31277069449424744,-1.0633821487426758,-0.3647172451019287,29.320472717285156,-10.816892623901367,39.490135192871094,0
386,3860145,0.0245825182646513,-0.03182804584503174,-0.9842038750648499,-0.4168289005756378,-0.40239909291267395,-0.07183631509542465,29.837745666503906,-10.351621627807617,38.359249114990234,0
387,3869879,0.02833179011940956,-0.029525158926844597,-0.9927787780761719,0.21030770242214203,1.0276830196380615,-0.3592032790184021,31.754194259643555,-8.606109619140625,40.547889709472656,0
388,3879943,-0.054749056696891785,0.002518416615203023,-1.0155553817749023,-0.5212938189506531,-0.33213475346565247,-0.248173788189888,29.487028121948242,-10.256329536437988,41.52318572998047,0
389,3889926,0.06365416198968887,0.002706764964386821,-1.0300214290618896,-0.08190985023975372,0.4722573459148407,0.34545284509658813,29.72661018371582,-9.486288070678711,39.14729309082031,0
390,3899978,-0.0064389947801828384,-0.02135792188346386,-1.0201163291931152,0.023764492943882942,-0.8272750973701477,-0.7230363488197327,30.6223201751709,-10.524802207946777,39.695526123046875,0
391,3909939,0.015272010117769241,0.08317665755748749,-1.0256553888320923,0.26011136174201965,-0.07326936721801758,-0.07689547538757324,30.51500129699707,-9.778558731079102,40.05841064453125,0
392,3919927,-0.05181891471147537,0.08038316667079926,-0.9909771680831909,-0.3932936489582062,-0.3130868673324585,0.0279149878770113,30.548145294189453,-7.777030944824219,40.767913818359375,0
393,3929952,0.03565562143921852,-0.011068422347307205,-0.9956221580505371,0.15266990661621094,0.2590782940387726,0.08794273436069489,30.183757781982422,-9.855284690856934,38.4459114074707,0
394,3939978,0.05468107759952545,0.03147977590560913,-1.000683069229126,-0.37390848994255066,-0.5985260605812073,0.7875782251358032,31.050168991088867,-9.366287231445312,39.77564239501953,0
395,3949860,0.04388511925935745,0.08290589600801468,-1.0096309185028076,0.26087886095046997,0.029095053672790527,0.44017845392227173,31.840242385864258,-11.13343334197998,41.49238586425781,0
396,3960058,-0.048022475093603134,0.09159760922193527,-0.9895543456077576,0.07972454279661179,0.8488599061965942,0.9696230292320251,31.061359405517578,-11.8115873336792,40.48688507080078,0
397,3969982,0.03283519670367241,-0.010555656626820564,-1.0187891721725464,-0.969144880771637,-0.1723724603652954,0.661648690700531,29.828777313232422,-11.111250877380371,40.98673629760742,0
398,3979985,-0.06583721935749054,0.032733526080846786,-1.0291931629180908,0.16315150260925293,-0.4074706435203552,0.5494821667671204,28.93039894104004,-9.980565071105957,41.45166778564453,0
399,3990235,-0.03287709504365921,0.04399225115776062,-1.0031051635742188,-0.3648667633533478,-0.3897206783294678,0.3793509602546692,29.764432907104492,-10.150067329406738,39.24238204956055,0
400,3999711,-0.07002872228622437,0.06258664280176163,-0.995061993598938,-1.0313920974731445,0.21854126453399658,-0.11124918609857559,29.1907958984375,-11.532124519348145,38.8476676940918,0
401,4010090,0.03345947340130806,0.008806983008980751,-0.9922655820846558,-0.6386571526527405,0.32677802443504333,0.1503463089466095,28.401294708251953,-9.213213920593262,39.716819763183594,0
402,4020132,0.04574206471443176,0.0051469458267092705,-0.9998319745063782,-0.07780122011899948,-0.31326600909233093,-0.20686551928520203,27.607542037963867,-9.250718116760254,41.35780334472656,0
403,4029977,-0.023685825988650322,0.04417714476585388,-1.0404224395751953,-0.8114529848098755,-0.617976188659668,-0.47801122069358826,31.54564094543457,-8.362805366516113,39.402950286865234,0
404,4040162,0.008138197474181652,0.05827569216489792,-1.0325548648834229,0.564691424369812,0.5701119303703308,0.7113252282142639,29.123653411865234,-8.954710006713867,40.61663818359375,0
405,4050324,-0.07817280292510986,-0.038701362907886505,-1.0324188470840454,-0.13999177515506744,-0.24639515578746796,0.40873223543167114,31.388870239257812,-10.316112518310547,38.71459197998047,0
406,4060141,-0.0010551240993663669,-0.017111746594309807,-1.0249565839767456,0.23464788496494293,0.7695072293281555,0.018824007362127304,30.7346248626709,-10.09769058227539,42.69023513793945,0
407,4070176,-0.008466280065476894,0.07871470600366592,-1.0159326791763306,0.6531009078025818,0.46261194348335266,0.09205068647861481,31.16804313659668,-11.301506996154785,41.0688591003418,0
408,4079832,-0.003912372514605522,-0.008893299847841263,-0.993992269039154,0.14477965235710144,0.6568321585655212,0.034283120185136795,29.129169464111328,-9.866272926330566,39.870948791503906,0
409,4089845,0.08368457108736038,0.058216389268636703,-0.9857928156852722,0.29199230670928955,-0.30420053005218506,0.2409680336713791,30.09023094177246,-9.827038764953613,40.015625,0
410,4099736,0.010987240821123123,-0.010138142853975296,-1.02250337600708,-0.12628275156021118,-0.43960168957710266,-0.2288818210363388,29.87616729736328,-8.781983375549316,39.066864013671875,0
411,4110100,-0.03598317876458168,0.0012305749114602804,-0.9442653059959412,-0.5595407485961914,-0.37721624970436096,0.3015109896659851,31.31431770324707,-8.599065780639648,41.1380729675293,0
412,4120015,0.09877878427505493,-0.029565809294581413,-0.9830123782157898,0.13294720649719238,0.17143793404102325,-0.12955398857593536,29.728044509887695,-9.074281692504883,39.9081916809082,0
413,4129875,-0.014088931493461132,-0.04396762698888779,-0.970818042755127,-0.38304245471954346,-1.0185679197311401,0.16632117331027985,29.986488342285156,-9.539251327514648,38.72211456298828,0
414,4139947,0.14518287777900696,-0.005448309704661369,-0.9614214897155762,0.5013998746871948,-0.2298525720834732,-0.5696005821228027,29.56145668029785,-10.428862571716309,40.058536529541016,0
415,4150134,0.020962264388799667,-0.02699892967939377,-1.0051894187927246,0.09558416903018951,0.0890180692076683,0.23872242867946625,30.410614013671875,-9.840144157409668,39.47328186035156,0
416,4160179,0.07578437775373459,-0.011609074659645557,-0.9854652881622314,-0.26930391788482666,0.08877398073673248,0.10259149968624115,29.20103645324707,-9.518780708312988,40.823909759521484,0
417,4169841,-0.008895053528249264,0.028531594201922417,-1.0256876945495605,0.26949989795684814,-0.7345743179321289,-0.2574285864830017,30.33403778076172,-7.915839195251465,40.35269546508789,0
418,4179770,-0.0019545305985957384,-0.02324414625763893,-1.0082345008850098,0.36804741621017456,0.16334855556488037,0.15456973016262054,31.042278289794922,-9.552948951721191,39.718467712402344,0
419,4190040,0.02288200706243515,-0.046903252601623535,-0.9734240174293518,0.465173602104187,-0.00043458284926600754,0.6117702126502991,30.524513244628906,-10.480612754821777,39.46344757080078,0
420,4199739,0.03124537505209446,0.02728954702615738,-1.0152225494384766,0.8699523210525513,-0.6717187166213989,-0.32170364260673523,31.729093551635742,-9.387336730957031,38.617942810058594,0
421,4210054,-0.020279983058571815,-0.0617508701980114,-1.0225379467010498,-0.5064002275466919,-0.44775405526161194,0.41518330574035645,28.387725830078125,-8.79922866821289,40.39811706542969,0
422,4220264,-0.018994564190506935,-0.07418624311685562,-1.0097072124481201,-0.7950131297111511,0.7517572641372681,0.20986993610858917,30.880773544311523,-11.060467720031738,39.99448776245117,0
423,4229920,-0.013125352561473846,0.014306411147117615,-1.0110502243041992,0.7315863966941833,-1.114961862564087,-0.8400099873542786,29.32481575012207,-9.03014850616455,39.88067626953125,0
424,4240255,-0.041654810309410095,0.12247944623231888,-0.986676037311554,0.1943240761756897,0.8264029622077942,-0.7283118367195129,27.599763870239258,-9.874302864074707,39.24003219604492,0
425,4250075,-0.05072237551212311,0.06822973489761353,-1.0066841840744019,-1.1910924911499023,-0.3010246157646179,-0.18416491150856018,28.19615936279297,-10.262886047363281,38.461181640625,0
426,4260034,0.0006875714752823114,-0.04354226216673851,-1.0108853578567505,-0.2940434217453003,-0.5036770701408386,0.4861760437488556,29.383769989013672,-11.16099739074707,40.468502044677734,0
427,4269607,-0.022172655910253525,-0.015714101493358612,-1.0224055051803589,-0.3977488875389099,-0.27678191661834717,-0.23625493049621582,29.430513381958008,-9.628671646118164,40.123775482177734,0
428,4279723,-0.02722317725419998,-0.048538029193878174,-1.0264954566955566,0.10310270637273788,-0.14873045682907104,0.38113877177238464,31.85152244567871,-10.133055686950684,40.15629577636719,0
429,4290307,0.02349218726158142,-0.05541384220123291,-1.0122393369674683,-0.5077574253082275,-0.11082210391759872,-0.34992852807044983,28.719406127929688,-10.69105052947998,38.53895950317383,0
430,4300102,-0.010834753513336182,0.0187857523560524,-0.9831434488296509,0.35152095556259155,0.5622110366821289,0.6458008885383606,29.015220642089844,-10.031447410583496,40.68055725097656,0
431,4309879,0.00035531583125703037,0.0632544606924057,-1.022524356842041,-0.113399937748909,-0.49151045083999634,0.8137502074241638,30.63072395324707,-10.669426918029785,40.38996124267578,0
432,4320054,0.03898455575108528,0.05167208984494209,-1.0076878070831299,-0.46301066875457764,0.07486410439014435,-0.2732779085636139,29.69367027282715,-9.134113311767578,39.7747802734375,0
433,4329984,0.09608466178178787,-0.00014260491298045963,-1.0118540525436401,0.30641138553619385,0.3736051321029663,-0.015979761257767677,29.728635787963867,-8.049306869506836,39.47772979736328,0
434,4339860,0.05473174527287483,0.016805870458483696,-1.0029640197753906,0.27933135628700256,-0.14315852522850037,-0.7828537821769714,28.777021408081055,-8.64445686340332,39.0538444519043,0
435,4350051,0.013627827167510986,0.03926665335893631,-0.9719972610473633,0.9428272843360901,-0.6888612508773804,-0.44999396800994873,30.199979782104492,-8.554814338684082,40.076683044433594,0
436,4360163,-0.054257649928331375,-0.0344378724694252,-1.0132949352264404,0.16691213846206665,-0.6343393325805664,-0.26738104224205017,28.46084213256836,-10.77084732055664,40.17213439941406,0
437,4370197,-0.0227576345205307,-0.034974340349435806,-1.0150372982025146,0.020447593182325363,0.20425918698310852,0.7128797173500061,28.261302947998047,-9.553812026977539,39.874019622802734,0
438,4379679,-0.06533104926347733,-0.033297549933195114,-1.0312827825546265,-0.28652143478393555,0.5280399322509766,0.09945697337388992,30.861841201782227,-9.616734504699707,40.49821090698242,0
439,4390014,0.009365476667881012,-0.04561202973127365,-0.9760894775390625,-0.21272660791873932,0.28818845748901367,0.07018750160932541,29.016223907470703,-10.408262252807617,40.18533706665039,0
440,4399871,0.03130543231964111,-0.05209927260875702,-1.013611078262329,0.25232067704200745,0.2181827425956726,0.6611195802688599,30.474702835083008,-10.025964736938477,40.07103729248047,0
441,4410065,-0.03544364124536514,-0.02693849429488182,-1.0077458620071411,-0.06552398204803467,-0.7868848443031311,0.5426999926567078,31.082826614379883,-7.943741321563721,40.62171936035156,0
442,4420004,-0.003916382323950529,-0.026445208117365837,-0.9845492839813232,-0.2573682963848114,-0.17628127336502075,-0.5473209023475647,29.901351928710938,-10.028106689453125,40.268638610839844,0
443,4429874,-0.01552391704171896,-0.02495277114212513,-0.9722322821617126,-0.1788972020149231,0.3791341483592987,0.03698701038956642,29.288002014160156,-10.185620307922363,40.976524353027344,0
444,4440224,0.004933482501655817,-0.03191572055220604,-0.9710202813148499,-0.9109699130058289,0.0058222571387887,-0.6375537514686584,29.656206130981445,-11.010552406311035,40.3036003112793,0
445,4449952,-0.004505109041929245,-0.0539654940366745,-1.0074777603149414,-0.26284462213516235,0.2832617163658142,0.16792459785938263,29.589679718017578,-10.089686393737793,40.4110107421875,0
446,4459848,-0.04805852472782135,-0.02859431877732277,-0.9993646144866943,-0.2701381742954254,0.05728227645158768,-0.7083262801170349,30.1195125579834,-9.073211669921875,42.61183166503906,0
447,4470000,0.03053036704659462,-0.021569419652223587,-0.982341468334198,0.6600633859634399,0.08030087500810623,0.8108119964599609,30.441787719726562,-12.892077445983887,40.323272705078125,0
448,4479927,0.08290369063615799,-0.04443832486867905,-1.0002039670944214,-0.44126132130622864,-0.46154555678367615,0.7078699469566345,29.992677688598633,-8.791686058044434,38.706993103027344,0
449,4490017,0.13811326026916504,0.06363482773303986,-0.9735207557678223,1.0778659582138062,-0.29749420285224915,0.04578884690999985,28.851242065429688,-7.997623443603516,40.900569915771484,0
450,4500309,-0.02068331278860569,0.03925551474094391,-1.0041922330856323,0.2212580144405365,-0.35705599188804626,-0.47905778884887695,28.239757537841797,-10.826322555541992,40.22883987426758,0
451,4509978,0.00385419768281281,-0.030673835426568985,-1.0392930507659912,-1.1184002161026,-0.3067777752876282,-0.05263559892773628,29.260482788085938,-9.232566833496094,41.17337417602539,0
452,4520039,-0.08005867898464203,0.06303013116121292,-1.0055286884307861,0.07086634635925293,0.37557777762413025,0.22671842575073242,29.932456970214844,-8.951570510864258,40.26420593261719,0
453,4530013,-0.034986864775419235,0.055626943707466125,-1.0261586904525757,0.058992642909288406,-0.5201151967048645,0.6552630066871643,29.37058448791504,-9.476726531982422,40.34975051879883,0
454,4539686,-0.009944486431777477,0.066848024725914,-1.0008955001831055,-0.2739616334438324,-0.4278993308544159,-0.5757302045822144,31.44429588317871,-8.871234893798828,41.10383224487305,0
455,4549817,-0.003069116733968258,-0.02312241867184639,-0.9797303676605225,-0.08237908035516739,-0.5418352484703064,0.7317496538162231,31.025856018066406,-9.812893867492676,39.359901428222656,0
456,4559886,-0.07078516483306885,0.06440509855747223,-1.037063479423523,0.5097811818122864,-0.5396076440811157,-0.07892757654190063,29.75425148010254,-10.710465431213379,41.052978515625,0
457,4570287,-0.04738764464855194,-0.0829015001654625,-0.9788511395454407,0.5133415460586548,-0.24247588217258453,-0.8570662140846252,28.207477569580078,-9.767422676086426,40.4793815612793,0
458,4579911,-0.03563333675265312,-0.011876175180077553,-1.0000073909759521,0.4453086256980896,-0.05672473460435867,0.4389052391052246,30.457138061523438,-10.861526489257812,42.099700927734375,0
459,4589792,-0.027804311364889145,0.007530451752245426,-1.0049681663513184,0.2243809700012207,-0.12053939700126648,0.10800192505121231,29.954837799072266,-10.69470500946045,39.824588775634766,0
460,4599831,0.03321832790970802,0.048348940908908844,-1.0185909271240234,-0.04061030223965645,0.0250491201877594,0.7540469169616699,30.550762176513672,-9.84742546081543,41.88055419921875,0
461,4610149,0.03256559744477272,0.03368736058473587,-1.0106379985809326,-0.5518836379051208,-0.5506629943847656,-0.3964678645133972,29.576513290405273,-10.040245056152344,39.08753967285156,0
462,4619938,0.06286656856536865,-0.04292812943458557,-0.976990282535553,-0.09834178537130356,0.3542041480541229,0.4345822334289551,29.384174346923828,-9.444941520690918,38.25852584838867,0
463,4629789,-0.026692382991313934,0.03636714816093445,-1.0124269723892212,0.03487912192940712,0.5474956631660461,0.21176797151565552,28.45798110961914,-9.954216003417969,39.352596282958984,0
464,4640011,0.013538332656025887,0.03352133557200432,-0.9804283380508423,0.06544804573059082,-0.13537660241127014,-0.1698295772075653,30.6737117767334,-10.642009735107422,39.92886734008789,0
465,4650155,-0.04238365590572357,0.0036065673921257257,-1.0045630931854248,0.7793434858322144,0.21163420379161835,-0.3615097999572754,30.04945182800293,-9.43160629272461,39.01112747192383,0
466,4660170,0.012792517431080341,-0.04230813309550285,-0.9923514127731323,-0.7983779907226562,0.18798236548900604,0.7918682098388672,28.557479858398438,-10.439932823181152,39.830543518066406,0
467,4670193,0.03303840383887291,-0.010310528799891472,-1.004279613494873,-0.5095652341842651,0.6211445927619934,-0.3903891444206238,31.288524627685547,-11.010953903198242,40.179447174072266,0
468,4680112,0.08362423628568649,-0.07052139192819595,-1.0351521968841553,0.641995370388031,0.5152994990348816,-0.2843063473701477,28.896453857421875,-10.446377754211426,39.406593322753906,0
469,4689962,0.005362933035939932,-0.04269729182124138,-0.9915081262588501,0.4997425675392151,0.6007177829742432,-0.01788274571299553,31.802309036254883,-11.184968948364258,39.21772384643555,0
470,4699766,-0.05716480314731598,0.10410667210817337,-0.9976808428764343,0.2043667435646057,0.06575636565685272,0.5558122396469116,30.386316299438477,-10.788191795349121,40.9569206237793,0
471,4710114,0.06445670127868652,0.06778614968061447,-0.9963999390602112,0.5461787581443787,-0.3885449767112732,0.14189128577709198,30.242490768432617,-8.33113956451416,39.279109954833984,0
472,4719819,-0.04067036509513855,-0.005625315476208925,-0.9546851515769958,0.8768319487571716,0.24238768219947815,-0.1269533485174179,30.137948989868164,-9.565046310424805,39.64026641845703,0
473,4730013,-0.0730208307504654,0.03435249626636505,-1.0075041055679321,0.10548578947782516,0.30503562092781067,0.06545128673315048,31.230655670166016,-8.429939270019531,39.6173210144043,0
474,4740187,0.114882692694664,0.09622950851917267,-0.9800201654434204,-0.46202436089515686,0.19121161103248596,-0.5099959969520569,29.578922271728516,-12.013327598571777,40.31021499633789,0
475,4749889,0.022075092419981956,0.06272365897893906,-1.0198352336883545,-0.8195396661758423,0.7116395235061646,-1.063838005065918,31.01552391052246,-10.157461166381836,41.13602066040039,0
476,4759986,-0.10943603515625,0.1160241961479187,-1.037466049194336,-0.08609675616025925,-0.24027226865291595,1.0359104871749878,30.171083450317383,-11.31961441040039,40.487693786621094,0
477,4769978,-0.03174290433526039,-0.04153686389327049,-1.0014173984527588,0.3743451237678528,-0.37295085191726685,-0.1938581019639969,31.608503341674805,-10.883853912353516,40.098411560058594,0
478,4780130,0.06530503183603287,0.05995314568281174,-0.9973899722099304,-0.1775345653295517,-0.597250759601593,-0.46356797218322754,30.647069931030273,-10.019317626953125,40.73038864135742,0
479,4789819,0.03769640624523163,0.04066553711891174,-0.9985462427139282,-0.16747845709323883,0.8430638313293457,0.33524125814437866,29.313766479492188,-10.72265625,41.39994812011719,0
480,4800056,0.016863878816366196,0.024936437606811523,-1.0073862075805664,0.4919562339782715,-0.22111013531684875,0.43428581953048706,29.255178451538086,-10.894954681396484,42.12179946899414,0
481,4810126,-0.03572603315114975,0.0013173430925235152,-0.9974004626274109,-0.6853442788124084,-0.7406103014945984,-0.6181334853172302,29.237035751342773,-9.606400489807129,39.68217086791992,0
482,4819943,0.015063304454088211,-0.030768852680921555,-0.9602368474006653,0.576518177986145,0.38735681772232056,-0.15709315240383148,27.90220069885254,-11.967833518981934,40.08357620239258,0
483,4830185,-0.06421153992414474,-0.03668854758143425,-1.0140752792358398,-0.47460469603538513,-0.5352516174316406,0.27168673276901245,29.210588455200195,-9.769292831420898,39.940399169921875,0
484,4840001,-0.04722278192639351,0.02616843394935131,-0.99347323179245,0.3546300530433655,0.1372976452112198,0.022264955565333366,28.53788948059082,-9.353863716125488,39.09574890136719,0
485,4849817,-0.017255133017897606,-0.028224332258105278,-0.990807294845581,0.5319405198097229,0.23506376147270203,0.4795217216014862,29.66852569580078,-8.946098327636719,39.71981430053711,0
486,4860111,-0.01353283692151308,0.06666665524244308,-0.9664949178695679,-0.0002534590312279761,-0.5155908465385437,1.0843364000320435,30.895334243774414,-10.307282447814941,40.842159271240234,0
487,4870037,0.04961511120200157,-0.05623006820678711,-0.9889183044433594,1.13888680934906,-0.22427482903003693,-0.3002839684486389,28.30240249633789,-8.63196849822998,38.20951461791992,0
488,4879840,0.015365095809102058,0.1282915472984314,-0.9885041117668152,-0.31387248635292053,0.1644139438867569,-0.2241002321243286,29.526079177856445,-12.101446151733398,41.945526123046875,0
489,4889987,0.020312314853072166,0.03903203457593918,-0.981991708278656,-0.0640098825097084,0.5553679466247559,0.4818234145641327,29.985204696655273,-8.435858726501465,38.820892333984375,0
490,4899720,0.04424983635544777,0.02096153236925602,-0.9836477637290955,0.6193937659263611,0.0006295571802183986,-0.45841535925865173,31.364439010620117,-11.031925201416016,38.301612854003906,0
491,4909973,-0.05218924954533577,-0.01237147394567728,-0.9961715936660767,0.41517704725265503,-0.25766557455062866,-0.04751742258667946,30.156822204589844,-10.954108238220215,40.79170227050781,0
492,4920000,0.019453806802630424,-0.08024270087480545,-0.9929512739181519,0.12181247770786285,-0.49197086691856384,0.3192700147628784,28.521488189697266,-10.942548751831055,41.594879150390625,0
493,4929939,-0.004085348919034004,0.03404257073998451,-0.994884192943573,0.20277665555477142,0.29934096336364746,1.711944341659546,29.70614242553711,-9.554033279418945,39.620338439941406,0
494,4940286,-0.03884613513946533,0.09457768499851227,-1.0010842084884644,0.13787318766117096,0.32775843143463135,0.022524887695908546,29.7576847076416,-9.9247407913208,38.73634719848633,0
495,4950030,0.05805684253573418,0.04337088763713837,-1.000218152999878,-0.8628714084625244,0.8753697276115417,-0.3567103445529938,30.622102737426758,-9.909331321716309,39.458866119384766,0
496,4960287,0.02165786549448967,-0.016597269102931023,-0.9943913817405701,-0.11464478075504303,0.5247898697853088,0.1624085158109665,31.811695098876953,-10.637762069702148,40.31688690185547,0
497,4969858,0.04349394887685776,0.07410088926553726,-1.0153875350952148,0.8867061138153076,-0.38648664951324463,0.32837608456611633,30.290061950683594,-9.887062072753906,39.219783782958984,0
498,4979883,-0.015654848888516426,-0.022059662267565727,-1.0114850997924805,-0.36543574929237366,-0.2652638554573059,0.19708584249019623,29.393091201782227,-8.444231033325195,39.82939529418945,0
499,4990109,0.02136574313044548,-0.06979934871196747,-1.0019556283950806,0.3323250412940979,-0.6294065713882446,-0.4595626890659332,29.712772369384766,-10.399962425231934,40.478965759277344,0
500,4999928,-7.719924906268716e-05,0.01648632250726223,-1.024962067604065,1.732521891593933,0.39502859115600586,-0.17388255894184113,30.77381134033203,-11.148990631103516,38.4695930480957,0
501,5009820,-0.062304187566041946,0.02526363730430603,-0.9877036213874817,-0.03555714711546898,-0.1949506402015686,-0.5730510950088501,31.099843978881836,-10.420177459716797,39.63408660888672,0
502,5020006,0.04357821121811867,0.054614704102277756,-0.9872041344642639,-0.8526591658592224,-0.9772418737411499,-0.7383032441139221,30.538820266723633,-8.947317123413086,37.54842758178711,0
503,5029772,-0.0674196258187294,-0.08223947137594223,-0.9868676066398621,-0.412051796913147,0.3394389748573303,-0.13047073781490326,29.150089263916016,-8.272004127502441,39.34810256958008,0
504,5039850,-0.0001583416888024658,-0.05641336366534233,-0.9838535785675049,0.3421500325202942,-1.0607960224151611,0.7085744142532349,30.336585998535156,-9.967041015625,40.417579650878906,0
505,5050053,-0.0011990019120275974,-0.0062746633775532246,-0.9960101246833801,-0.9194142818450928,0.968483030796051,-0.2980317175388336,28.99001693725586,-11.783447265625,40.392372131347656,0
506,5060000,-0.007954980246722698,-0.03051106259226799,-1.0132871866226196,0.02906670793890953,0.34378743171691895,0.24427133798599243,28.569286346435547,-10.773594856262207,39.81388854980469,0
507,5069987,0.08344466984272003,-0.012005060911178589,-1.0161612033843994,0.3680787980556488,0.45380669832229614,-0.43850457668304443,32.01106262207031,-11.18011474609375,41.81697463989258,0
508,5079845,-0.06436176598072052,0.04958919435739517,-1.0087932348251343,0.281417578458786,0.7079429030418396,-1.0705993175506592,30.192216873168945,-11.648405075073242,38.094459533691406,0
509,5089863,0.06711825728416443,-0.04996069520711899,-0.9665480256080627,0.11024460941553116,-0.46480363607406616,-0.09167145192623138,29.847728729248047,-10.485807418823242,39.22220230102539,0
510,5100266,-0.09332882612943649,0.03298276290297508,-1.0146921873092651,0.8731125593185425,-0.19422756135463715,-1.0819333791732788,30.5432071685791,-10.809760093688965,39.26721954345703,0
511,5110317,-0.05005764216184616,0.024303587153553963,-0.9938377737998962,0.2054527848958969,-0.018167536705732346,-0.46427518129348755,29.79307746887207,-11.29545783996582,39.856483459472656,0
512,5120011,0.0025560222566127777,0.06552266329526901,-1.0184293985366821,1.3136224746704102,-0.13746003806591034,0.04023316502571106,30.315378189086914,-12.763680458068848,42.03276062011719,0
513,5130029,0.061410076916217804,0.05228384584188461,-1.008609652519226,0.3521537184715271,-0.6260030269622803,0.2337934374809265,30.129606246948242,-10.04826831817627,39.9363899230957,0
514,5140059,-0.019198456779122353,-0.01624087244272232,-0.9986881017684937,1.0757235288619995,0.09924609214067459,0.33065512776374817,28.392881393432617,-11.907879829406738,39.780731201171875,0
515,5149947,-0.04087655246257782,-0.027237694710493088,-1.0409300327301025,0.817243218421936,-0.4052971601486206,0.5487915277481079,30.19042205810547,-10.009313583374023,39.58065414428711,0
516,5160068,0.0025169174186885357,0.005979216657578945,-1.0151464939117432,-0.7527800798416138,0.42159977555274963,-0.4813455641269684,29.823728561401367,-10.418904304504395,39.13731002807617,0
517,5169783,-0.06123004108667374,0.028898200020194054,-0.9831568002700806,0.4310230612754822,-0.46689319610595703,0.5004687905311584,29.864782333374023,-10.394111633300781,39.784305572509766,0
518,5180087,0.046349428594112396,0.012906336225569248,-1.02004873752594,0.5477112531661987,0.05678029730916023,0.10925346612930298,30.40917205810547,-10.469353675842285,39.805267333984375,0
519,5190065,0.06475011259317398,-0.08284156024456024,-0.9784931540489197,0.05975979566574097,0.22200177609920502,-0.5034128427505493,28.960391998291016,-9.830409049987793,40.80620193481445,0
520,5199765,0.024445926770567894,-0.032888442277908325,-1.0327675342559814,0.2252504676580429,0.7732419967651367,0.17957928776741028,29.916032791137695,-8.226773262023926,38.18387985229492,0
521,5209989,-0.009072039276361465,-0.09533445537090302,-0.9756803512573242,0.4673343896865845,0.6708723902702332,-0.9913820624351501,30.764360427856445,-9.784527778625488,38.52184295654297,0
522,5219864,-0.02981935441493988,0.0177720095962286,-1.0001219511032104,0.15204200148582458,-0.30807241797447205,-0.19622647762298584,29.38732147216797,-7.433528900146484,39.10100173950195,0
523,5229848,0.03665207326412201,-0.02595118246972561,-1.0434554815292358,0.8899784684181213,-0.08769898116588593,-0.40438610315322876,29.948333740234375,-11.038854598999023,39.35714340209961,0
524,5240052,0.029677050188183784,0.018583284690976143,-0.9896019697189331,0.10682893544435501,0.49900949001312256,-0.5593262910842896,32.08235549926758,-11.27000904083252,41.563499450683594,0
525,5249913,0.02780279330909252,0.00975694227963686,-0.9776928424835205,0.5993528366088867,1.359585165977478,-0.19726061820983887,28.178686141967773,-10.39794635772705,39.618961334228516,0
526,5260187,0.12494459003210068,0.0003022761957254261,-0.9939478635787964,-0.1995544135570526,0.6645216941833496,-1.1107624769210815,29.462196350097656,-10.147256851196289,40.02822494506836,0
527,5269886,-0.051044825464487076,0.08750501275062561,-0.9786821603775024,0.10732373595237732,-0.16348029673099518,0.6096739768981934,31.125629425048828,-8.82274055480957,39.79240417480469,0
528,5280132,0.021023960784077644,0.027772029861807823,-1.0145463943481445,-0.019338995218276978,-0.1521175652742386,-0.110468789935112,28.888614654541016,-10.713044166564941,39.58998489379883,0
529,5290048,0.08827189356088638,0.04326250031590462,-1.0133483409881592,0.43461546301841736,0.19522029161453247,0.3949717879295349,30.695453643798828,-10.892033576965332,41.90697479248047,0
530,5300095,0.03268797695636749,0.023666905239224434,-0.9656141996383667,0.5902077555656433,-1.0141626596450806,-0.2472490519285202,29.029111862182617,-9.073226928710938,40.67292022705078,0
531,5310060,0.005182189866900444,-0.021941978484392166,-1.0108494758605957,1.2836623191833496,0.006844366900622845,-0.30558401346206665,30.322973251342773,-11.468724250793457,40.69609069824219,0
532,5319939,0.014269629493355751,-0.05292341485619545,-1.0166102647781372,0.5496894717216492,-0.25456345081329346,-0.46485915780067444,29.378681182861328,-9.972150802612305,40.432640075683594,0
533,5329981,-0.05460174381732941,-0.056491803377866745,-0.9936874508857727,-0.13603883981704712,0.01826521009206772,0.7472788691520691,30.340456008911133,-10.36003303527832,40.3886833190918,0
534,5340114,0.03881145268678665,-0.02857065200805664,-0.9995391368865967,0.5464566349983215,-0.8219262361526489,0.14987912774085999,29.902576446533203,-11.161920547485352,38.12802505493164,0
535,5350102,0.01456956285983324,2.1863117581233382e-05,-0.9884471893310547,0.06051450967788696,-0.4003957509994507,-1.1981463432312012,30.476163864135742,-8.115544319152832,39.62160110473633,0
536,5359940,0.004759820643812418,-0.017835596576333046,-0.9697402119636536,-1.0126912593841553,0.5670953392982483,0.03451768681406975,29.17535972595215,-9.597288131713867,40.7344970703125,0
537,5370130,-0.020976250991225243,0.03916030377149582,-0.9883762001991272,0.876192569732666,-0.43378394842147827,-0.1073773130774498,29.301626205444336,-8.356806755065918,41.36168670654297,0
538,5379983,0.07530540972948074,0.0384087860584259,-1.0082775354385376,-0.42609548568725586,0.5649850368499756,-0.16391555964946747,29.111083984375,-10.51640796661377,40.014129638671875,0
539,5390156,0.0008739645127207041,-0.04311954230070114,-1.0079798698425293,0.14907465875148773,-0.8160258531570435,-0.046557798981666565,29.482969284057617,-10.625768661499023,40.40456008911133,0
540,5399792,0.10966979712247849,-0.08386068046092987,-1.0091522932052612,0.46541714668273926,0.015591783449053764,-0.03124653361737728,30.53116226196289,-9.629988670349121,40.58413314819336,0
541,5410169,0.06624253839254379,-0.06869980692863464,-0.9695281982421875,-0.06790146976709366,0.6753327250480652,-0.6122079491615295,29.925670623779297,-8.559921264648438,39.04713439941406,0
542,5419857,0.03793957456946373,0.024782590568065643,-0.9933002591133118,0.19737789034843445,0.20751430094242096,0.19352175295352936,30.687084197998047,-10.537647247314453,40.04220199584961,0
543,5429943,0.0007038360345177352,0.020702099427580833,-1.0173612833023071,0.0691215991973877,-0.12184425443410873,0.2098189890384674,30.84554672241211,-10.373235702514648,40.126670837402344,0
544,5439845,-0.045657020062208176,0.07627888023853302,-0.9924076795578003,0.38792750239372253,-0.23051655292510986,0.6427735686302185,29.52610206604004,-10.631492614746094,39.79434585571289,0
545,5450329,-0.03852619603276253,-0.002109601628035307,-1.00175940990448,-0.171957328915596,-0.2554055452346802,-0.4705677926540375,32.00120162963867,-9.111026763916016,40.84253692626953,0
546,5459836,-0.019116690382361412,0.010738714598119259,-1.0304237604141235,0.4198678135871887,-1.2228994369506836,0.5032572746276855,31.078542709350586,-10.425256729125977,39.11016082763672,0
547,5470007,0.05549932271242142,0.13678745925426483,-1.0119515657424927,0.34294047951698303,-0.27275070548057556,0.589685320854187,29.0777645111084,-8.056123733520508,40.645389556884766,0
548,5480087,0.02152930572628975,-0.059096820652484894,-1.023429036140442,-0.03937786445021629,0.455087274312973,0.7656340003013611,29.472986221313477,-10.155444145202637,38.587379455566406,0
549,5490079,-0.013183590956032276,-0.035917412489652634,-0.9912247061729431,0.4646456241607666,0.2681512236595154,0.3294338583946228,29.838218688964844,-9.33773422241211,39.61709213256836,0
550,5500136,0.050939735025167465,-0.052267879247665405,-1.0222312211990356,-1.0555733442306519,0.26403436064720154,0.0731077790260315,28.949052810668945,-10.188885688781738,40.655941009521484,0
551,5509811,0.009585666470229626,0.02004818059504032,-0.9840747117996216,-0.12091860175132751,0.30205997824668884,0.5642646551132202,30.84110450744629,-9.778907775878906,37.796180725097656,0
552,5520202,0.07767385989427567,0.0480252280831337,-0.9667689800262451,-0.38809067010879517,0.5755813717842102,0.42647477984428406,29.066959381103516,-11.058633804321289,39.02427673339844,0
553,5530220,-0.015506792813539505,-0.031461287289857864,-1.0307798385620117,-0.4679574966430664,0.2163168340921402,-0.5720284581184387,30.061676025390625,-10.172654151916504,37.802433013916016,0
554,5539872,0.04342249408364296,0.06927266716957092,-1.0196080207824707,0.09197886288166046,-0.548553466796875,0.014254072681069374,28.546680450439453,-11.347368240356445,42.351261138916016,0
555,5549778,-0.007240410894155502,0.004760229028761387,-0.9951114654541016,0.2966533601284027,0.20599494874477386,-0.4362218379974365,30.430644989013672,-10.62870979309082,39.064937591552734,0
556,5560190,0.0265281293541193,0.017501480877399445,-0.9868736863136292,0.4418960511684418,-0.5763788223266602,0.49645885825157166,28.875917434692383,-10.655827522277832,40.05807876586914,0
557,5570056,0.014070852659642696,0.03999174013733864,-0.995442807674408,-0.34619614481925964,-0.4351833760738373,-0.027084827423095703,30.213281631469727,-10.959426879882812,38.30183792114258,0
558,5579983,0.0632152333855629,0.014672747813165188,-1.0261396169662476,0.39036092162132263,-0.016788316890597343,-0.19401335716247559,31.37374496459961,-8.259982109069824,39.11066436767578,0
559,5589776,-0.016347205266356468,-0.07127918303012848,-1.010444164276123,-0.09448537975549698,0.44809865951538086,-0.08086875081062317,28.792829513549805,-10.113429069519043,41.521949768066406,0
560,5599889,0.10542610287666321,0.026390980929136276,-1.015360713005066,-0.2732278108596802,-0.44805341958999634,0.2066374570131302,28.2811336517334,-9.341573715209961,40.549102783203125,0
561,5610069,-0.025398407131433487,-0.03961508721113205,-1.002310037612915,1.182939052581787,-0.4900105595588684,0.44823887944221497,30.48781967163086,-9.832659721374512,40.83411407470703,0
562,5620103,0.00594295421615243,0.06889552623033524,-1.006727695465088,0.7918407917022705,0.7237982153892517,0.3521694540977478,30.80142593383789,-9.532731056213379,39.673301696777344,0
563,5629866,0.06955667585134506,0.024696439504623413,-1.0249367952346802,0.40897294878959656,0.2847035825252533,0.018910173326730728,30.224746704101562,-11.6458101272583,40.15504455566406,0
564,5640049,-0.07936741411685944,0.02993174083530903,-1.0195956230163574,0.12266875058412552,0.5863596796989441,0.4507979154586792,29.731300354003906,-10.870878219604492,39.532081604003906,0
565,5650054,0.08785739541053772,-0.017972050234675407,-1.0103750228881836,0.18762114644050598,-0.09022651612758636,0.058676578104496,30.243913650512695,-10.673105239868164,37.799076080322266,0
566,5659962,0.027455003932118416,0.02090979740023613,-1.0169659852981567,0.505991518497467,-0.18737681210041046,-1.3366320133209229,31.28699493408203,-10.949735641479492,39.786128997802734,0
567,5670016,0.03880700841546059,0.00733686238527298,-1.0279946327209473,0.22201290726661682,-0.3340436518192291,0.48181840777397156,29.42616081237793,-10.75860595703125,39.43874740600586,0
568,5679965,0.026257257908582687,0.04109792411327362,-0.9785157442092896,-0.15139298141002655,0.07668408006429672,-0.2043461948633194,28.890235900878906,-9.345190048217773,39.90473175048828,0
569,5689875,-0.022736411541700363,-0.04346121475100517,-1.014480710029602,-0.3343556821346283,-0.07524275779724121,-0.01944422349333763,29.690292358398438,-10.000272750854492,40.124210357666016,0
570,5699907,0.09825735539197922,-0.04577529802918434,-0.9996822476387024,-0.37300270795822144,-0.037230510264635086,-0.22389277815818787,31.996980667114258,-11.399690628051758,37.98099136352539,0
571,5709900,0.021665602922439575,-0.01564164273440838,-1.0070418119430542,-0.17880532145500183,0.04281230270862579,-0.018324512988328934,30.670726776123047,-10.75808334350586,40.13581085205078,0
572,5719984,-0.02512972429394722,0.09598799794912338,-0.9681539535522461,-0.6087510585784912,-0.7399449944496155,0.14176969230175018,29.564199447631836,-10.217537879943848,39.265380859375,0
573,5729980,-0.03125954791903496,-0.005621579010039568,-0.9641091227531433,0.06053709611296654,0.0315302237868309,-0.9113494157791138,29.796855926513672,-10.446040153503418,39.945289611816406,0
574,5740120,-0.06951736658811569,0.02832978405058384,-0.966788649559021,0.40573665499687195,-0.22208723425865173,0.6215221285820007,29.9281063079834,-9.1607027053833,40.619930267333984,0
575,5750102,0.0049011558294296265,0.05928960070014,-1.0177091360092163,-0.02786640077829361,-0.09334873408079147,0.4113366901874542,28.856952667236328,-9.763975143432617,39.25642776489258,0
576,5759987,-0.0020725843496620655,0.02140219137072563,-1.0085272789001465,-0.6949079036712646,-0.08694815635681152,-0.4546606242656708,27.123092651367188,-10.724349975585938,41.27035903930664,0
577,5769599,-0.06226741522550583,-0.08741212636232376,-1.0177277326583862,0.4318857192993164,0.17610310018062592,0.3208281695842743,32.33318328857422,-9.824786186218262,40.612613677978516,0
578,5779989,-0.06491011381149292,-0.014323036186397076,-0.9519524574279785,0.4180874824523926,0.47967708110809326,0.22545865178108215,29.586137771606445,-10.639201164245605,40.07740783691406,0
579,5789977,0.005404012277722359,-0.05408798158168793,-0.990576446056366,0.6181458830833435,0.22504281997680664,0.586658775806427,30.407958984375,-10.380582809448242,39.42298889160156,0
580,5799949,0.11290063709020615,-0.026427965611219406,-1.0107574462890625,0.6781361699104309,0.15802951157093048,0.16879628598690033,31.12954330444336,-10.70683765411377,41.565433502197266,0
581,5810029,-0.001103601069189608,-0.015771735459566116,-0.9983063340187073,0.26576247811317444,0.11837583035230637,0.11393873393535614,29.3847599029541,-10.673949241638184,40.25323486328125,0
582,5819850,-0.05261070653796196,-0.05186706781387329,-0.9969423413276672,-0.20980405807495117,0.26244989037513733,-0.9575743675231934,29.3995418548584,-9.230626106262207,39.85096740722656,0
583,5830071,-0.03996821865439415,0.1281229704618454,-1.0183026790618896,-0.5558002591133118,0.1963896006345749,-0.7664148807525635,31.46041488647461,-10.603705406188965,39.784324645996094,0
584,5839973,-0.0015362590784206986,0.059706512838602066,-0.9810639023780823,-0.2277371883392334,0.3164375424385071,-0.2801528573036194,29.891355514526367,-9.820094108581543,38.93156814575195,0
585,5849944,0.04145431146025658,0.06891267746686935,-1.0195637941360474,-0.10470864176750183,0.17077681422233582,0.36904212832450867,29.818836212158203,-9.892303466796875,39.4432373046875,0
586,5859944,0.000906259345356375,-0.001735184108838439,-1.025642991065979,0.08853507786989212,-0.009291020222008228,-0.1133996993303299,29.374061584472656,-10.427475929260254,39.82225036621094,0
587,5869922,0.012406163848936558,0.04050738736987114,-1.0083882808685303,-0.5030918717384338,0.15977375209331512,-0.7205244302749634,31.55352210998535,-10.764749526977539,41.73143005371094,0
588,5879963,0.02728136070072651,-0.025076664984226227,-0.9968851804733276,-0.3887040615081787,0.19372494518756866,0.24703750014305115,29.081417083740234,-11.541024208068848,40.12761306762695,0
589,5889937,-0.026048488914966583,0.06181976944208145,-0.9782060980796814,0.39144188165664673,-0.4248330891132355,-0.1427621990442276,29.50751495361328,-10.452797889709473,41.415008544921875,0
590,5900014,-0.1042042076587677,0.017055125907063484,-1.009526014328003,-0.38246574997901917,0.11778071522712708,1.3943185806274414,30.111330032348633,-8.958361625671387,40.765445709228516,0
591,5909633,0.002180387731641531,0.010823379270732403,-1.0196455717086792,0.5049730539321899,0.7186568975448608,-0.16893675923347473,30.093128204345703,-10.15298843383789,41.97007369995117,0
592,5920077,-0.040177907794713974,-0.048135966062545776,-0.964775025844574,-0.46188297867774963,-0.049761611968278885,0.275933176279068,30.12070655822754,-10.170780181884766,39.55619430541992,0
593,5930040,-0.008520402945578098,-0.034396104514598846,-0.9452996253967285,0.8390821218490601,-0.9252846240997314,0.4120347499847412,31.72580337524414,-9.87964153289795,42.43034362792969,0
594,5939973,0.0681198239326477,-0.029233723878860474,-1.013822078704834,-0.07944825291633606,-0.9326841235160828,-0.5923205614089966,30.219417572021484,-10.319324493408203,38.22843933105469,0
595,5949948,-0.0006572874845005572,-0.016195088624954224,-0.9897640347480774,-0.3098292648792267,0.5335196256637573,-0.5660836100578308,31.115619659423828,-10.827698707580566,40.812400817871094,0
596,5960116,-0.04150693491101265,0.009218680672347546,-0.9752273559570312,0.4498792290687561,-0.4975099563598633,0.6847935914993286,31.249326705932617,-10.937335014343262,39.15435791015625,0
597,5969823,0.012141135521233082,-0.0344540998339653,-0.9953438639640808,-0.4727990925312042,-0.04031713679432869,1.1455647945404053,29.938335418701172,-9.974416732788086,38.885311126708984,0
598,5980070,-0.05807351693511009,0.013888390734791756,-0.9997625946998596,-0.543025016784668,-0.379456102848053,0.15855661034584045,28.44047737121582,-9.854687690734863,39.783878326416016,0
599,5990174,-0.03022236004471779,-0.001530977780930698,-0.9363410472869873,1.170109748840332,-0.154184490442276,0.12040385603904724,30.719392776489258,-10.045242309570312,40.255680084228516,0
600,6000128,-0.020786063745617867,-0.14593325555324554,-1.0267349481582642,0.11253339797258377,0.3509635627269745,-0.004094227682799101,30.122051239013672,-12.041015625,39.64967727661133,0
601,6010100,0.11367092281579971,-0.03481545299291611,-0.9729907512664795,-0.9253811240196228,-0.48982617259025574,-0.2785365581512451,31.440547943115234,-9.14100456237793,43.28695297241211,0
602,6020159,-0.028151296079158783,0.03297564759850502,-0.9711269736289978,-0.5807272791862488,-0.7276190519332886,-0.6209700703620911,29.250364303588867,-9.252119064331055,38.30813980102539,0
603,6030069,-0.005079580005258322,-0.018456432968378067,-0.9782249927520752,0.9951376914978027,-0.20222747325897217,-0.27395665645599365,29.45366668701172,-10.214495658874512,41.63750076293945,0
604,6040176,0.013111320324242115,-0.012285538949072361,-0.9843276143074036,-0.530531108379364,-0.3767285943031311,-0.7473203539848328,30.46556854248047,-9.227670669555664,40.55708694458008,0
605,6050045,0.11163634061813354,0.0021060577128082514,-0.9771297574043274,-0.21774610877037048,1.1877601146697998,-0.0460059754550457,31.28683090209961,-12.426161766052246,40.10609817504883,0
606,6060110,-0.12456183135509491,0.04336236044764519,-1.0217852592468262,-0.33014917373657227,0.35777369141578674,0.915855884552002,29.384666442871094,-9.149717330932617,40.973724365234375,0
607,6069518,-0.037524979561567307,-0.045080866664648056,-0.9942993521690369,0.15775762498378754,0.3674480617046356,0.6786530017852783,30.38875961303711,-10.68456745147705,40.57773971557617,0
608,6079948,0.014498515985906124,-0.03789106383919716,-1.0200068950653076,-0.9212116003036499,0.4513334035873413,0.03792017698287964,29.3133544921875,-7.654735088348389,39.540428161621094,0
609,6089958,-0.050940100103616714,0.01720460131764412,-1.0269798040390015,-0.14232616126537323,-0.77842116355896,0.01174356509000063,29.502614974975586,-10.049233436584473,39.49774169921875,0
610,6099879,0.008483069948852062,0.034058261662721634,-0.998745322227478,-0.37907665967941284,0.06518717855215073,-0.1204342469573021,30.353721618652344,-11.06463623046875,41.13249969482422,0
611,6110014,-0.02475600503385067,0.044162504374980927,-0.9878216981887817,0.543573796749115,-0.22053630650043488,-0.23786962032318115,31.58640480041504,-11.211296081542969,40.81433868408203,0
612,6119998,-0.041307996958494186,-0.014908518642187119,-1.0134817361831665,-0.36496859788894653,-0.29920440912246704,-0.16732116043567657,32.972843170166016,-10.347657203674316,41.19047164916992,0
613,6130122,-0.06523162126541138,-0.03643840178847313,-1.0078904628753662,0.0179173331707716,0.2811894714832306,-0.3957274556159973,28.677343368530273,-9.741217613220215,40.86298751831055,0
614,6140184,0.05825067311525345,-0.03725992888212204,-0.9884707927703857,-0.20516912639141083,0.3265765309333801,-0.1430933177471161,29.965850830078125,-10.631138801574707,39.88066482543945,0
615,6149984,-0.015600332990288734,0.01996374875307083,-0.9539313316345215,-0.6989066004753113,-0.9725775122642517,0.8212014436721802,29.47787857055664,-9.406257629394531,39.71091842651367,0
616,6160164,-0.007256683893501759,-0.017638402059674263,-0.9983323216438293,0.931545615196228,-0.0637970045208931,-0.14361797273159027,29.58414077758789,-8.895085334777832,39.4256591796875,0
617,6170120,0.027350803837180138,0.10568291693925858,-0.9927594661712646,-0.4411700665950775,-0.03533702716231346,-0.006101612001657486,29.619487762451172,-11.552101135253906,39.75244140625,0
618,6179972,0.013054003939032555,-0.02040053904056549,-0.986232340335846,0.1383008360862732,0.06687625497579575,0.6414164900779724,31.70656967163086,-10.071361541748047,42.90462112426758,0
619,6190034,-0.09228237718343735,-0.0021618648897856474,-1.005625605583191,-0.30380627512931824,0.708977460861206,0.3450499475002289,29.433969497680664,-10.542136192321777,40.87774658203125,0
620,6200070,-0.050805527716875076,-0.07363926619291306,-1.0106364488601685,0.009744304232299328,-0.055913638323545456,0.0055951145477592945,28.314470291137695,-10.246068000793457,38.5706901550293,0
621,6210001,0.0232686884701252,0.033148039132356644,-1.0089267492294312,-0.350225031375885,0.08170703798532486,-0.2827834486961365,31.104524612426758,-9.701298713684082,40.72210693359375,0
622,6219935,-0.059771761298179626,-0.03525666892528534,-1.009266972541809,-0.2795245051383972,-0.22709554433822632,0.0009058342548087239,28.457429885864258,-9.719680786132812,38.69056701660156,0
623,6230100,-0.035943031311035156,-0.05289824679493904,-0.9841634035110474,-0.29936179518699646,-0.228303462266922,-0.12840808928012848,30.6489200592041,-9.122780799865723,40.96406173706055,0
624,6240150,0.1211564913392067,0.002832359168678522,-0.9948029518127441,0.26484042406082153,0.05313773453235626,-0.5362639427185059,31.173927307128906,-9.648364067077637,40.13045120239258,0
625,6249957,0.07789706438779831,-0.02855765074491501,-0.9896227717399597,0.3093719780445099,0.18443821370601654,1.473757028579712,30.26188850402832,-9.095754623413086,38.802024841308594,0
626,6260086,0.009317779913544655,0.03804182633757591,-1.016671061515808,0.06369714438915253,-0.2892816364765167,-0.14352406561374664,29.572099685668945,-10.191078186035156,38.86431121826172,0
627,6270181,-0.02720845676958561,-0.01222847681492567,-0.9319188594818115,0.42141878604888916,0.5784160494804382,-0.15417543053627014,30.188377380371094,-9.809664726257324,38.58911895751953,0
628,6280032,-0.06265199929475784,0.013438163325190544,-1.018934965133667,0.6067315340042114,-1.313224196434021,1.5468629598617554,30.91026496887207,-10.662435531616211,39.04011535644531,0
629,6290011,-0.015767209231853485,0.004876165650784969,-1.0221272706985474,-0.4015772044658661,-0.22707447409629822,0.30429136753082275,30.489336013793945,-11.422183990478516,39.48915100097656,0
630,6300142,-0.027886422351002693,-0.05403624475002289,-1.0114394426345825,0.04607204347848892,-0.658409833908081,-0.7115691900253296,31.03545379638672,-8.95158863067627,39.54966735839844,0
631,6310069,0.06648088991641998,0.052398256957530975,-1.0210473537445068,-0.4305792450904846,0.04211841896176338,-0.43739408254623413,30.10198402404785,-8.949012756347656,40.055931091308594,0
632,6320259,0.08241700381040573,-0.03399352729320526,-1.016662836074829,-0.1882985532283783,-0.5684363842010498,-0.30178022384643555,28.847352981567383,-8.475193977355957,39.11699676513672,0
633,6329955,0.034600380808115005,-0.010204857215285301,-0.993557870388031,0.8632020354270935,0.13990068435668945,0.3540774881839752,31.115861892700195,-9.478391647338867,38.981468200683594,0
634,6340012,-0.03889629989862442,0.08197752386331558,-0.9635424613952637,-0.007567875552922487,-0.03462236002087593,-0.44587942957878113,31.438146591186523,-9.592004776000977,38.66071319580078,0
635,6349545,-0.09195618331432343,0.019206088036298752,-1.001539707183838,-0.20264554023742676,-0.09252314269542694,0.2438705712556839,30.063520431518555,-8.374831199645996,40.413089752197266,0
636,6359989,-0.05563172698020935,0.02581392042338848,-0.982853889465332,-0.5615307092666626,-0.003916515037417412,-0.14783897995948792,28.846487045288086,-11.607659339904785,40.866119384765625,0
637,6370248,-0.01766124740242958,-0.049358151853084564,-1.006493091583252,0.4046786427497864,0.31291499733924866,-0.01900036446750164,30.433320999145508,-9.47087574005127,40.5020637512207,0
638,6379738,0.04036395251750946,0.044767796993255615,-0.9883851408958435,-0.054113779217004776,-0.2490541934967041,-0.5581555366516113,30.12934112548828,-10.297236442565918,39.394630432128906,0
639,6390362,-0.08598775416612625,-0.09190651774406433,-0.9998354315757751,0.24640025198459625,0.439039021730423,0.305645614862442,28.788860321044922,-10.0864896774292,38.6963005065918,0
640,6400162,0.14225618541240692,0.09830482304096222,-1.0200079679489136,-0.6362964510917664,-0.5153760313987732,-0.4953383505344391,31.318334579467773,-10.942774772644043,40.06254577636719,0
641,6409960,0.027384627610445023,-0.03608432784676552,-0.9858431220054626,1.4041966199874878,-0.14792829751968384,-0.140869140625,30.19552993774414,-11.177406311035156,39.50948715209961,0
642,6419836,-0.02374083176255226,-0.0023917839862406254,-0.9865663647651672,-0.8118566870689392,-0.5490889549255371,-0.39995071291923523,30.037704467773438,-11.687005996704102,41.842369079589844,0
643,6429788,0.009718152694404125,0.03530840575695038,-0.9989541172981262,0.6302545070648193,0.18851804733276367,-0.4441218972206116,31.358121871948242,-11.112410545349121,40.451698303222656,0
644,6440055,0.049154527485370636,0.016773972660303116,-1.0404541492462158,0.24507713317871094,0.36565539240837097,0.1304958611726761,30.023447036743164,-10.354941368103027,39.5208625793457,0
645,6449844,0.010691074654459953,-0.0010944565292447805,-1.0222641229629517,0.573760449886322,-0.47443297505378723,-0.1806630641222,29.25632095336914,-9.024092674255371,39.73936080932617,0
646,6459944,0.03848100081086159,-0.03306165710091591,-0.9824015498161316,0.10985177755355835,0.43768998980522156,-0.12299616634845734,28.04752540588379,-10.067805290222168,39.96308898925781,0
647,6469701,-0.02857416681945324,-0.018729157745838165,-0.9653468132019043,-0.201904296875,0.046918436884880066,0.2604617476463318,31.117023468017578,-11.600801467895508,40.24146270751953,0
648,6480005,0.0022334763780236244,0.026590606197714806,-1.0124129056930542,-0.49868789315223694,-0.06742753833532333,0.12693092226982117,31.123062133789062,-9.685248374938965,39.96858215332031,0
649,6490061,-0.15607072412967682,0.030429482460021973,-1.0010277032852173,-0.2653932273387909,-0.02031591720879078,-0.048341840505599976,29.597232818603516,-10.5601224899292,39.72417068481445,0
650,6500022,0.023321449756622314,0.04424574598670006,-1.034111738204956,0.008242771029472351,-1.0716608762741089,-1.0088753700256348,30.51624298095703,-8.77155590057373,40.23463439941406,0
651,6510029,-0.026608072221279144,-0.05757996067404747,-0.9865142107009888,0.81373530626297,-0.39581069350242615,-0.4380921721458435,31.365331649780273,-8.562514305114746,41.235694885253906,0
652,6520229,-1.641805465624202e-05,-0.04150186479091644,-1.0068453550338745,0.7331778407096863,-0.10798032581806183,-0.3426264524459839,30.237146377563477,-10.65691089630127,39.591548919677734,0
653,6529954,-0.02800225093960762,-0.052255354821681976,-1.0280277729034424,-0.4093793034553528,-0.6472485065460205,0.07548630982637405,30.659921646118164,-8.973234176635742,40.99093246459961,0
654,6540178,0.010669306851923466,0.030495086684823036,-0.9929770231246948,0.7597761750221252,0.7594751119613647,-0.054083604365587234,30.09604835510254,-8.395405769348145,40.44134521484375,0
655,6550031,-0.12012160569429398,-0.021738607436418533,-1.0301079750061035,0.1946958750486374,0.6127272248268127,-0.3973698914051056,28.437767028808594,-11.52114200592041,39.41234588623047,0
656,6559817,-0.07143434137105942,-0.022350799292325974,-0.9993026256561279,-0.35946494340896606,0.16456347703933716,0.048108555376529694,29.89250946044922,-10.626631736755371,41.64943313598633,0
657,6569948,-0.0068930466659367085,-0.0011888667941093445,-0.9940788745880127,-0.17521807551383972,0.04127258062362671,-0.4939608573913574,30.850461959838867,-10.501724243164062,39.407997131347656,0
658,6579955,0.0462610125541687,0.07515056431293488,-1.0122705698013306,-0.6550081968307495,-0.6261183619499207,-0.4471837282180786,30.304641723632812,-9.550003051757812,39.57621383666992,0
659,6589873,0.0419255755841732,0.00736128119751811,-0.9893991351127625,-0.5005055665969849,-0.24696719646453857,0.7336565256118774,31.42174530029297,-10.582763671875,39.722991943359375,0
660,6600324,0.06358357518911362,-0.02919568493962288,-0.9639208912849426,-0.2543063461780548,0.021037153899669647,-0.17239345610141754,28.397777557373047,-8.819721221923828,41.0015754699707,0
661,6609989,-0.035684894770383835,0.015773886814713478,-0.9867655634880066,0.2657219469547272,0.12463303655385971,-0.5741397142410278,31.593698501586914,-8.739389419555664,40.24978256225586,0
662,6619911,-0.03912021219730377,-0.07891577482223511,-0.9736321568489075,-0.3601958453655243,-0.6283923983573914,0.42578449845314026,29.54775619506836,-11.006648063659668,39.344974517822266,0
663,6630236,-0.05437135696411133,0.004117200616747141,-0.9757658243179321,0.33068251609802246,1.1589983701705933,0.2272651642560959,29.113855361938477,-8.176041603088379,37.66606903076172,0
664,6639895,-0.07561682164669037,0.014845885336399078,-1.0280616283416748,-0.3075663447380066,-0.24720856547355652,0.04913219064474106,29.86554718017578,-9.919900894165039,39.56474685668945,0
665,6650246,0.03909020870923996,0.012485500425100327,-1.0002145767211914,0.038724787533283234,-0.3156035542488098,-0.39208465814590454,30.67974853515625,-10.711471557617188,40.09233474731445,0
666,6659863,-0.04118480160832405,0.002646088832989335,-1.026689887046814,-0.3581876754760742,0.02511168271303177,0.3010406494140625,31.029327392578125,-9.044591903686523,39.47542190551758,0
667,6669898,-0.029769569635391235,0.025707950815558434,-1.0281200408935547,0.12311729788780212,0.565204381942749,0.06273017078638077,30.301311492919922,-10.116246223449707,39.869468688964844,0
668,6680056,-0.021275445818901062,0.0043618581257760525,-0.9961999654769897,0.504532516002655,0.3128041923046112,0.2643805742263794,30.799903869628906,-8.785138130187988,39.747703552246094,0
669,6690015,-0.00830280501395464,-0.0417170412838459,-1.0252994298934937,-0.08988235145807266,1.0499179363250732,0.05990779772400856,30.359371185302734,-10.227425575256348,41.377689361572266,0
670,6700121,0.029974279925227165,0.03663433715701103,-0.98312908411026,0.31563106179237366,0.636262834072113,0.012412184849381447,29.350671768188477,-10.853727340698242,40.1202507019043,0
671,6710164,-0.0014663173351436853,-0.10385680198669434,-0.9979349970817566,-0.32693639397621155,-0.42686426639556885,-0.6183685660362244,29.70655059814453,-10.617072105407715,40.08324432373047,0
672,6719896,-0.023761935532093048,-0.03253742307424545,-0.979000449180603,0.31170085072517395,0.07082251459360123,0.23356616497039795,29.363441467285156,-8.549345970153809,38.9750862121582,0
673,6730105,0.019850589334964752,0.018469443544745445,-0.9978243708610535,-0.22679229080677032,0.2849040925502777,0.4176151156425476,29.315956115722656,-11.095808982849121,40.2918701171875,0
674,6740046,-0.11308146268129349,0.0037256423383951187,-0.9650351405143738,0.4285835921764374,0.39560237526893616,0.1498861014842987,27.483829498291016,-10.812339782714844,40.02387619018555,0
675,6749792,0.034222569316625595,0.06662023067474365,-1.0264946222305298,0.049025438725948334,0.30778542160987854,-0.12698473036289215,30.244909286499023,-11.397618293762207,39.85676193237305,0
676,6759989,0.013308336958289146,0.031666457653045654,-0.9947689771652222,0.0703764259815216,-0.9920701384544373,0.23666925728321075,29.233976364135742,-8.671158790588379,39.614078521728516,0
677,6769888,-0.006129708606749773,-0.004253860097378492,-0.9885150194168091,0.06802000105381012,0.18662576377391815,-0.4136780798435211,31.39681625366211,-10.039066314697266,40.25931930541992,0
678,6779948,0.016062477603554726,-0.012956003658473492,-0.981962263584137,0.11208686232566833,-0.2548995614051819,-0.01440333016216755,30.144390106201172,-9.191433906555176,39.952880859375,0
679,6790152,-0.01913892850279808,0.022390440106391907,-1.0290913581848145,-0.17687782645225525,0.16761548817157745,0.7458776831626892,30.259870529174805,-10.570594787597656,39.93313980102539,0
680,6800357,0.001672728918492794,0.09978461265563965,-0.9746884107589722,0.4778671860694885,0.2038610726594925,-1.1432576179504395,30.03584098815918,-10.179573059082031,39.94271469116211,0
681,6810052,-0.06672707200050354,0.1437886506319046,-1.001374363899231,0.3549356460571289,-0.4259061813354492,-0.33439570665359497,29.181629180908203,-8.682577133178711,41.20444869995117,0
682,6819774,0.026385776698589325,0.0522628016769886,-1.0368860960006714,0.32029831409454346,0.26223209500312805,0.14727434515953064,29.382808685302734,-10.99157428741455,39.88570785522461,0
683,6830070,-0.09305711835622787,-0.04886486753821373,-0.9982470273971558,0.012506761588156223,-0.3808799386024475,-1.021435260772705,30.962730407714844,-9.664737701416016,40.12856674194336,0
684,6839972,-0.010874039493501186,0.05579089745879173,-0.9714135527610779,0.31032422184944153,0.14569278061389923,0.6178186535835266,29.513978958129883,-10.47378921508789,41.71802520751953,0
685,6850117,0.04607252776622772,-0.07896015048027039,-0.9967173933982849,-0.20557518303394318,-0.18382419645786285,0.05518041178584099,29.408220291137695,-8.65300178527832,39.298030853271484,0
686,6860055,-0.021347684785723686,-0.05237378552556038,-0.9993699193000793,-0.625004768371582,0.3878121078014374,0.7711704969406128,30.830591201782227,-10.897636413574219,40.71761703491211,0
687,6869979,-0.07278189808130264,0.02033447101712227,-0.9689549803733826,-0.5268825888633728,0.2955605685710907,-0.3106224536895752,29.674150466918945,-10.33372974395752,40.20120620727539,0
688,6880105,-0.060692399740219116,-0.03223907947540283,-0.999424397945404,-0.9270137548446655,0.5469731092453003,-0.34907039999961853,30.509376525878906,-7.640017509460449,41.202518463134766,0
689,6890169,0.0241953544318676,0.06719399243593216,-0.9820526838302612,0.6003702878952026,-0.14204014837741852,0.17252802848815918,30.557109832763672,-9.016226768493652,40.28502655029297,0
690,6900077,0.018543463200330734,0.028588980436325073,-1.0138518810272217,-0.5793904066085815,0.7132142782211304,-0.4505780041217804,30.235092163085938,-10.59802532196045,40.7515983581543,0
691,6910300,0.007554815150797367,-0.0528760626912117,-0.974062979221344,-0.4976944029331207,-0.1437852680683136,-0.33257079124450684,32.43075180053711,-11.221982955932617,40.17774200439453,0
692,6920123,0.13769975304603577,-0.02131274901330471,-0.9848623275756836,0.007013833615928888,-0.6871596574783325,-0.716427743434906,28.380084991455078,-11.24726676940918,39.96477127075195,0
693,6930312,0.025234505534172058,-0.01952870562672615,-1.0314841270446777,0.2000231295824051,-0.13610118627548218,-0.18037815392017365,29.836597442626953,-9.48040771484375,38.77833938598633,0
694,6939924,-0.001509533147327602,0.035781241953372955,-0.979698896408081,-0.47847840189933777,0.24428768455982208,-1.1883161067962646,29.278396606445312,-9.817795753479004,39.52702713012695,0
695,6949896,-0.08532309532165527,0.01174847036600113,-0.9818999767303467,-0.6791515350341797,0.12595634162425995,-0.26432231068611145,29.360488891601562,-10.374837875366211,39.32768630981445,0
696,6960095,0.018758675083518028,-0.006687458138912916,-1.0153865814208984,-0.18730086088180542,0.39200884103775024,0.11070578545331955,30.025545120239258,-9.823904037475586,40.310455322265625,0
697,6969722,-0.044046372175216675,0.019874053075909615,-0.9913244843482971,-0.34008386731147766,-0.41865161061286926,0.4940696954727173,30.859128952026367,-10.439057350158691,39.90665817260742,0
698,6979957,-0.046942923218011856,-0.12460090965032578,-1.0682423114776611,0.03638501465320587,-0.6380214095115662,0.03990868479013443,29.0081729888916,-10.447789192199707,41.38191604614258,0
699,6990077,0.021294426172971725,0.029766827821731567,-1.0098289251327515,0.25016844272613525,0.36656323075294495,0.8803176283836365,31.112085342407227,-10.339580535888672,39.4288444519043,0
700,7000009,0.013525398448109627,0.026821166276931763,-0.990618884563446,1.1373732089996338,0.6935921311378479,0.022694876417517662,29.682415008544922,-9.223715782165527,41.18498992919922,0
701,7010025,0.12438124418258667,0.06944070756435394,-0.9981253147125244,-0.06176484003663063,-0.4031839370727539,0.4683581292629242,28.88873863220215,-9.357914924621582,38.767635345458984,0
702,7019873,0.001837640767917037,-0.007577747572213411,-0.9846553802490234,-0.8296469449996948,-0.32485976815223694,0.013086246326565742,31.208538055419922,-10.113724708557129,41.0805549621582,0
703,7029990,0.003764745546504855,-0.08595948666334152,-0.9840326309204102,-0.15486358106136322,-0.7246446013450623,0.6193106174468994,30.043991088867188,-9.471088409423828,39.57930374145508,0
704,7039846,0.0340285450220108,0.04091234505176544,-1.0224215984344482,-0.35352087020874023,-0.7097970247268677,0.1509317010641098,29.655277252197266,-9.29724407196045,40.472408294677734,0
705,7049918,-0.05779915675520897,-0.018943296745419502,-0.9922784566879272,-1.230938196182251,-0.24546894431114197,0.42197757959365845,29.634300231933594,-10.977278709411621,39.82727813720703,0
706,7060172,-0.0282351803034544,0.051485102623701096,-0.9703447222709656,0.6106185913085938,0.024866174906492233,-0.34582608938217163,30.26511573791504,-10.61205768585205,40.37038040161133,0
707,7070086,0.04975135251879692,0.04034359008073807,-1.018723487854004,0.27996209263801575,-0.5462236404418945,-0.7180145382881165,28.820831298828125,-10.940022468566895,40.36491394042969,0
708,7080115,0.05485398322343826,-0.019917597994208336,-0.9925716519355774,0.6982741355895996,0.5381154417991638,0.5742254257202148,30.550764083862305,-9.631667137145996,39.19460678100586,0
709,7089913,0.15272392332553864,-0.026770614087581635,-1.0136553049087524,-0.14619526267051697,-0.027257690206170082,0.33677157759666443,30.050601959228516,-10.073025703430176,40.118316650390625,0
710,7099988,0.05579987168312073,-0.020200354978442192,-1.0115712881088257,-0.4947742223739624,0.1131933182477951,-0.05727493017911911,29.543277740478516,-9.775618553161621,39.77997970581055,0
711,7109984,0.00022929093393031508,-0.02001153491437435,-1.0195072889328003,0.8135297298431396,0.4386913776397705,0.04180891439318657,31.629831314086914,-9.263049125671387,40.46852493286133,0
712,7120012,0.02349022403359413,-0.0008926787995733321,-1.0047497749328613,0.34433144330978394,0.3839190602302551,0.8277927041053772,30.580202102661133,-9.084729194641113,40.422367095947266,0
713,7130001,0.014332113787531853,0.060968078672885895,-1.0201791524887085,0.44619616866111755,-0.42559218406677246,-0.14592906832695007,29.85845184326172,-10.388664245605469,41.55664825439453,0
714,7139740,-0.012326313182711601,0.06456366181373596,-1.0357975959777832,0.18032796680927277,0.7664759159088135,0.6602060794830322,28.446699142456055,-10.440255165100098,41.59638214111328,0
715,7149951,0.010158463381230831,0.06747507303953171,-1.0247141122817993,-0.2816452085971832,-0.5530328750610352,-0.09714984148740768,31.781185150146484,-8.903594017028809,39.998748779296875,0
716,7159886,0.09562896192073822,0.0055475542321801186,-0.978838324546814,0.19058942794799805,-0.6836970448493958,-0.28693997859954834,31.025096893310547,-8.411418914794922,41.953712463378906,0
717,7169934,-0.030510924756526947,-0.030138930305838585,-0.9801501631736755,0.022528935223817825,-0.7618465423583984,0.10599391162395477,30.900239944458008,-9.635719299316406,40.246742248535156,0
718,7179895,-0.007583749946206808,0.05793634057044983,-1.0010839700698853,0.8769815564155579,-0.7772775292396545,0.16808068752288818,29.789947509765625,-9.062423706054688,41.70738983154297,0
719,7190185,0.03723537176847458,0.0257401280105114,-0.9896056056022644,0.3482804000377655,-0.10876638442277908,0.2602507472038269,28.94119644165039,-8.733170509338379,40.1181526184082,0
720,7199918,0.10026289522647858,0.010279348120093346,-1.0117651224136353,0.35310885310173035,-1.0841363668441772,-0.01373276673257351,32.21434020996094,-10.984414100646973,40.27738571166992,0
721,7210347,-0.014789027161896229,0.01492530107498169,-1.004388451576233,-0.3950035870075226,0.6738125085830688,0.46677008271217346,31.4642391204834,-9.029101371765137,39.84941101074219,0
722,7219942,0.008807242847979069,0.02227655053138733,-0.9886465072631836,0.07472190260887146,0.22942045331001282,0.38303250074386597,29.81023597717285,-9.262152671813965,40.61518096923828,0
723,7230067,-0.02689691074192524,-0.050742704421281815,-1.0177093744277954,0.5371155738830566,0.5912874341011047,0.3061944544315338,29.856224060058594,-9.457841873168945,40.36949157714844,0
724,7240028,0.08878729492425919,0.07733707875013351,-1.014918327331543,0.2640400528907776,-0.09142693877220154,-0.045011233538389206,28.216358184814453,-11.223179817199707,40.951255798339844,0
725,7249814,-0.010505476035177708,0.059013333171606064,-1.001998782157898,0.8617143034934998,0.4600111246109009,-0.2594899535179138,30.63039207458496,-10.069853782653809,38.80671691894531,0
726,7260357,-0.03030579164624214,0.03163525089621544,-1.014323353767395,0.8951187133789062,0.12573470175266266,1.0812057256698608,29.053295135498047,-11.308839797973633,40.3929557800293,0
727,7270086,0.03712599724531174,0.08116528391838074,-0.9837928414344788,-0.5776309370994568,0.6686351299285889,-0.19482067227363586,28.9423828125,-11.409286499023438,40.98015594482422,0
728,7279908,-0.0013605384156107903,0.08827666938304901,-0.985605776309967,-0.6160503625869751,-0.7169503569602966,-0.8899254202842712,30.249740600585938,-10.690234184265137,41.519893646240234,0
729,7289993,0.02134782075881958,0.06866324692964554,-0.9980535507202148,-0.7244676947593689,0.457415908575058,0.16891738772392273,30.761669158935547,-10.418313026428223,39.61008071899414,0
730,7300317,0.10871084779500961,0.014605949632823467,-1.0278551578521729,0.6201188564300537,-0.567777156829834,0.1997106373310089,30.67984962463379,-10.791324615478516,41.74781799316406,0
731,7310071,-0.013996301218867302,-0.0256938636302948,-0.9963127374649048,-0.18643465638160706,-0.035568006336688995,-0.3065963089466095,31.330232620239258,-8.935754776000977,39.71890640258789,0
732,7320105,-0.028681321069598198,0.0018395980587229133,-0.9876296520233154,-0.2568041980266571,-0.0001797612349037081,-0.2856980562210083,30.423086166381836,-10.816673278808594,39.71038055419922,0
733,7329973,0.00920773297548294,-0.028871111571788788,-1.0111335515975952,0.6554127931594849,0.8874223232269287,0.08313313126564026,28.739990234375,-10.14306926727295,39.295223236083984,0
734,7339859,-0.04238421842455864,-0.022373193874955177,-0.9926959276199341,0.27137672901153564,0.15885749459266663,-0.7534564733505249,28.184720993041992,-11.06328010559082,40.256980895996094,0
735,7350287,0.023235945031046867,0.024915393441915512,-0.9734334349632263,0.027829976752400398,0.32685160636901855,0.2709476351737976,29.231792449951172,-10.755688667297363,39.18545150756836,0
736,7360166,-0.013473551720380783,-0.06330160051584244,-1.0006150007247925,0.17653977870941162,-0.33080828189849854,0.15746475756168365,28.75738525390625,-10.645553588867188,39.793182373046875,0
737,7370016,0.016798481345176697,-0.029978862032294273,-0.9896865487098694,-0.01940871775150299,-0.8283944725990295,1.3249988555908203,29.094013214111328,-9.028907775878906,39.45920944213867,0
738,7380168,-0.015640154480934143,-0.01334096398204565,-0.9477171301841736,-0.3371332883834839,0.17387257516384125,0.23191840946674347,31.5068359375,-10.149629592895508,40.16511535644531,0
739,7390008,0.07616519182920456,-0.03324510157108307,-0.9870438575744629,0.5719029307365417,-0.11668428778648376,0.388664186000824,29.63603401184082,-10.900884628295898,39.97598648071289,0
740,7400220,-0.06800255924463272,-0.021839963272213936,-0.9812227487564087,-0.5747869610786438,0.5968814492225647,0.33790338039398193,29.614883422851562,-8.798905372619629,41.08557891845703,0
741,7409881,0.034826476126909256,0.048699572682380676,-1.0027964115142822,0.049660615622997284,0.28563234210014343,-0.03835166618227959,30.150341033935547,-8.2473726272583,41.3487434387207,0
742,7420034,-0.07296262681484222,0.013673534616827965,-1.0089430809020996,-0.7113933563232422,-0.22694846987724304,-0.5393757820129395,28.956220626831055,-9.025042533874512,40.33987045288086,0
743,7429948,0.000714391702786088,-0.007977279834449291,-0.9981860518455505,0.5790392756462097,0.04703071713447571,-0.20686958730220795,29.455141067504883,-9.707647323608398,42.282981872558594,0
744,7439746,0.015857843682169914,0.07108588516712189,-1.0172020196914673,-0.006905757822096348,-0.7355008721351624,-0.11562374979257584,29.56045150756836,-9.218137741088867,40.39653396606445,0
745,7449941,-0.031403277069330215,-0.028299422934651375,-1.0078010559082031,-0.46427977085113525,0.10718885064125061,0.6977701783180237,29.658056259155273,-9.854560852050781,38.4249267578125,0
746,7460168,-0.10058404505252838,0.03569871187210083,-0.972991943359375,0.12045545876026154,-1.2180076837539673,-0.47123998403549194,30.106855392456055,-8.70297622680664,39.29517364501953,0
747,7469829,0.054123006761074066,0.14917424321174622,-0.9933521747589111,-0.7014106512069702,0.09514288604259491,-0.6865135431289673,31.39496421813965,-9.124649047851562,39.99500274658203,0
748,7479907,-0.009969823062419891,-0.09782146662473679,-0.9819061160087585,0.07545030117034912,-0.12678776681423187,-0.027996016666293144,30.290283203125,-8.546574592590332,41.91944885253906,0
749,7489880,-0.07068002969026566,0.009781906381249428,-1.0182819366455078,-1.0444111824035645,0.4277489483356476,-0.7162407636642456,29.530179977416992,-9.59821605682373,38.566314697265625,0
750,7500009,0.05166831240057945,-0.0227673202753067,-1.0190174579620361,0.0671270415186882,-0.12473482638597488,0.11174590140581131,27.43819236755371,-9.239812850952148,40.5129280090332,0
751,7510201,0.007682134862989187,0.012410249561071396,-0.9879359006881714,-0.0030079944990575314,0.019674131646752357,-0.6119605302810669,30.365215301513672,-7.901281833648682,41.547122955322266,0
752,7519991,-0.008354254998266697,0.002773430896922946,-1.0070641040802002,-0.04040127620100975,0.26287955045700073,0.05340056121349335,30.79161262512207,-11.66415786743164,40.749473571777344,0
753,7530292,-0.04716476425528526,-0.05303950607776642,-1.0285815000534058,-0.360224187374115,0.49931129813194275,0.2642368972301483,30.948768615722656,-10.678081512451172,39.025325775146484,0
754,7539926,0.04108729213476181,-0.0705079734325409,-1.0286041498184204,-0.020627710968255997,-0.0229210052639246,-0.2202897071838379,30.61321449279785,-11.221724510192871,39.8221549987793,0
755,7549930,-0.022991036996245384,0.05175324156880379,-1.0145138502120972,0.6519320011138916,-0.08891259878873825,1.0852718353271484,27.81637191772461,-11.431073188781738,40.05390930175781,0
756,7560131,0.015535110607743263,0.025593264028429985,-0.9859379529953003,0.15509004890918732,-0.6718806624412537,0.8207723498344421,30.177122116088867,-7.800905704498291,41.29348373413086,0
757,7569946,-0.09589426219463348,-0.040807463228702545,-1.022984266281128,0.39755043387413025,0.48577937483787537,0.4712218940258026,28.781625747680664,-9.19851016998291,39.47111511230469,0
758,7580026,-0.013300467282533646,0.011639509350061417,-0.9801504611968994,0.6881918907165527,0.3730599582195282,0.039341285824775696,31.023406982421875,-9.880400657653809,38.260467529296875,0
759,7590217,0.06738258898258209,0.025355948135256767,-0.9961565136909485,0.4352573752403259,0.1525392234325409,-0.716762363910675,30.972061157226562,-10.249662399291992,38.11512756347656,0
760,7599687,0.03564803674817085,-0.011926126666367054,-1.0235769748687744,0.3621726334095001,0.8033736944198608,0.6126978397369385,28.3370361328125,-11.475886344909668,40.75967788696289,0
761,7609707,0.05565406382083893,-0.010870905593037605,-0.98102205991745,-0.19570598006248474,-0.43444380164146423,-0.6738559007644653,29.268415451049805,-10.555099487304688,37.670799255371094,0
762,7620273,-0.037431903183460236,-0.016250889748334885,-0.9945890307426453,-0.04959574341773987,-0.04842979460954666,0.15508528053760529,31.52019500732422,-10.197000503540039,40.475982666015625,0
763,7630134,0.042474519461393356,0.06876133382320404,-1.0021253824234009,-0.27090153098106384,-1.0190714597702026,-1.2784096002578735,30.34856605529785,-10.263307571411133,39.4298095703125,0
764,7639993,-0.005412184167653322,-0.10038601607084274,-0.9745936393737793,-0.5616574883460999,0.23379045724868774,0.2054077684879303,30.763471603393555,-10.089293479919434,39.102684020996094,0
765,7649852,-0.044609349220991135,0.014332098886370659,-0.9970304369926453,0.09150705486536026,-1.3086953163146973,-0.14271333813667297,30.282779693603516,-8.99284839630127,37.50638198852539,0
766,7659998,-0.03197723254561424,-0.04213634505867958,-0.994736909866333,-0.021317850798368454,-0.264390230178833,-0.020526526495814323,29.43387794494629,-8.63290786743164,40.91934585571289,0
767,7670304,0.05464820936322212,-0.006166481412947178,-1.0262868404388428,0.7698414921760559,0.34981074929237366,0.14759986102581024,32.18540573120117,-10.861214637756348,41.07987594604492,0
768,7679935,0.04923123121261597,-0.008145835250616074,-1.0223348140716553,0.2085036039352417,-0.5412954092025757,-0.35745128989219666,29.298099517822266,-9.614775657653809,40.40091323852539,0
769,7690144,-0.060042522847652435,-0.030538657680153847,-0.9530141353607178,0.10153201967477798,0.237635999917984,0.1572428196668625,30.277130126953125,-11.171745300292969,40.20799255371094,0
770,7700097,0.04836360365152359,-0.04037613794207573,-0.9967164397239685,-0.6574403047561646,0.5503348708152771,-1.0748313665390015,30.29244041442871,-10.303279876708984,39.6326904296875,0
771,7709817,-0.03018323890864849,0.007903018966317177,-0.999973714351654,0.8828117847442627,0.18213969469070435,-0.19915509223937988,28.71291160583496,-10.251587867736816,38.45646667480469,0
772,7720160,0.07466165721416473,-0.05191753804683685,-0.992885410785675,0.3873067796230316,0.2234732061624527,0.23001575469970703,28.65977668762207,-12.143389701843262,39.4739990234375,0
773,7729939,0.020866625010967255,-0.039749182760715485,-0.9894115328788757,0.3549567759037018,0.5767207145690918,-0.8426070213317871,29.92926025390625,-9.745223045349121,41.499298095703125,0
774,7740058,0.06369073688983917,-0.044848211109638214,-1.0125929117202759,0.2205664962530136,0.09838956594467163,-0.16798527538776398,29.496244430541992,-11.860551834106445,39.22061538696289,0
775,7750167,-0.014797275885939598,0.01503463089466095,-0.9607095122337341,0.048428669571876526,-0.5415202975273132,-0.027960767969489098,30.328357696533203,-9.675742149353027,39.52048873901367,0
776,7759999,0.07397494465112686,-0.0015408870531246066,-1.0141291618347168,0.4201571047306061,-0.07475870102643967,-0.01912241242825985,31.08812141418457,-10.621804237365723,36.96824264526367,0
777,7770042,-0.01252955012023449,0.050901371985673904,-0.9895883798599243,0.08237286657094955,-0.08945773541927338,-0.21869701147079468,28.75421142578125,-9.338823318481445,40.21582794189453,0
778,7779965,-0.06941566616296768,0.0081106498837471,-0.9998519420623779,0.2713772654533386,-0.27215149998664856,-0.4201327860355377,28.19508171081543,-10.21623420715332,38.657039642333984,0
779,7790163,-0.05322328582406044,0.03431930020451546,-1.007063865661621,-0.30070367455482483,-0.9062293171882629,-0.21658176183700562,30.46764373779297,-8.009054183959961,39.80864715576172,0
780,7799899,0.014723303727805614,-0.003074456239119172,-0.9667184948921204,0.20316359400749207,0.37061363458633423,1.2267351150512695,28.974031448364258,-11.436135292053223,39.018089294433594,0
781,7810131,-0.0013340921141207218,-0.008101800456643105,-0.9727961421012878,0.5580475926399231,0.5384462475776672,0.08708713203668594,29.529701232910156,-9.130967140197754,41.675193786621094,0
782,7820160,0.05966570973396301,0.11915913224220276,-1.0048518180847168,1.015820026397705,-0.23247778415679932,-0.5768580436706543,29.80361557006836,-12.018301010131836,39.06736373901367,0
783,7830094,0.003279786091297865,0.09822078049182892,-1.0240237712860107,0.15092557668685913,0.6435083746910095,0.46712371706962585,29.781639099121094,-10.16115951538086,39.51853561401367,0
784,7840188,-0.035395968705415726,-0.04913261532783508,-1.0185835361480713,0.06086176633834839,0.07028662413358688,-0.21532410383224487,30.09299087524414,-12.112276077270508,39.34163284301758,0
785,7849834,0.01622033677995205,-0.07536284625530243,-1.0163062810897827,0.12660068273544312,0.3986443877220154,-0.12800118327140808,29.93395233154297,-10.885905265808105,40.55071258544922,0
786,7859960,-0.027678992599248886,0.005231838207691908,-1.006817102432251,-0.1880592554807663,-0.6238804459571838,0.4052346646785736,28.75674819946289,-8.41672420501709,40.274532318115234,0
787,7870064,0.04464411363005638,-0.020201383158564568,-0.9760898947715759,0.1771487146615982,0.20354299247264862,-0.28880032896995544,29.36182403564453,-9.20407772064209,40.115570068359375,0
788,7880206,0.09133726358413696,-0.1187908723950386,-1.0058783292770386,1.0867356061935425,0.10431993752717972,0.5347384810447693,31.52985191345215,-11.024404525756836,39.26320266723633,0
789,7889792,-0.0839352235198021,0.07109733670949936,-0.9910553693771362,0.6373197436332703,-0.3497810959815979,-0.01647919788956642,29.376060485839844,-11.04244613647461,39.328880310058594,0
790,7899987,0.06237180158495903,0.06225289776921272,-0.9675735831260681,-0.06405211240053177,-0.696934700012207,0.1962205171585083,29.5863037109375,-10.658601760864258,39.098655700683594,0
791,7910099,-0.015692709013819695,0.0338146910071373,-1.0123587846755981,-0.44524329900741577,0.33591026067733765,-0.25231119990348816,31.16248321533203,-11.909611701965332,41.07966613769531,0
792,7919840,0.007977519184350967,0.01658611185848713,-0.9945048093795776,0.7222762703895569,0.22264067828655243,0.19430483877658844,28.196847915649414,-10.380403518676758,39.73902130126953,0
793,7929759,0.007490744348615408,0.03664076700806618,-1.0226683616638184,0.5065234303474426,-0.11904415488243103,0.6310057044029236,27.602230072021484,-9.573737144470215,39.64352798461914,0
794,7940120,0.015578819438815117,0.0049603283405303955,-1.0131226778030396,0.775685727596283,0.22174271941184998,0.40047499537467957,30.436155319213867,-11.989655494689941,41.073753356933594,0
795,7949813,0.09563969820737839,0.014644941315054893,-0.9969562888145447,-0.2672109007835388,0.10151146352291107,-0.3506258726119995,28.975191116333008,-10.619467735290527,41.77973556518555,0
796,7959952,-0.07199762761592865,-0.05744485929608345,-1.024583339691162,-0.18547195196151733,0.04263573884963989,-1.1659361124038696,31.144794464111328,-9.432398796081543,39.21719741821289,0
797,7970029,0.006014339625835419,0.03421890735626221,-1.0176440477371216,0.40870144963264465,0.633595883846283,-0.9233444333076477,31.658660888671875,-10.427200317382812,40.596736907958984,0
798,7980160,-0.01730845868587494,-0.06489159911870956,-0.9435718655586243,0.01591332070529461,0.8758177161216736,-0.995051383972168,29.64397430419922,-9.073966979980469,39.294944763183594,0
799,7990128,-0.05241375043988228,0.003384387120604515,-0.9903303980827332,-1.2579222917556763,-0.19385363161563873,-0.1560802310705185,30.519060134887695,-10.118054389953613,41.39405822753906,0
800,7999706,-0.0041120885871350765,-0.018238551914691925,-0.9937584400177002,0.23350122570991516,0.15753071010112762,0.4138677418231964,28.902294158935547,-10.948451042175293,42.49431610107422,0
801,8010038,0.0485675111413002,-0.003830443834885955,-1.0162396430969238,0.12343094497919083,0.6532106995582581,0.4553529620170593,30.313396453857422,-8.852143287658691,41.08305358886719,0
802,8020034,0.007195582613348961,-0.048325736075639725,-1.0066959857940674,0.8451858758926392,-0.30179426074028015,0.1991145759820938,29.698837280273438,-9.583744049072266,41.41123962402344,0
803,8029957,0.009306544438004494,0.029064321890473366,-1.0154225826263428,-0.3510257601737976,0.1349419802427292,0.7059183716773987,30.286096572875977,-9.192744255065918,39.47870635986328,0
804,8040102,-0.03557056561112404,-0.02010454796254635,-1.0027656555175781,0.18241986632347107,-0.2559388279914856,-0.35569265484809875,29.963979721069336,-10.986625671386719,39.8256950378418,0
805,8050109,0.04357731714844704,0.07165205478668213,-1.0017776489257812,-0.711952269077301,0.7553867697715759,0.28482571244239807,30.81797218322754,-9.51396656036377,39.7041015625,0
806,8060038,-0.00953652709722519,-0.0036163227632641792,-0.9846953749656677,0.001824619248509407,-0.3683108687400818,0.40372616052627563,30.66843605041504,-9.365323066711426,38.96113586425781,0
807,8069788,-0.04385817050933838,-0.07336743175983429,-0.9931663274765015,-0.10649622231721878,-0.11527904868125916,1.1087210178375244,29.487428665161133,-8.68375015258789,40.239078521728516,0
808,8079971,0.025405054911971092,-0.011281919665634632,-1.001176118850708,0.20515276491641998,0.42317116260528564,0.1271551251411438,32.111915588378906,-9.38421630859375,39.84542465209961,0
809,8090195,0.02158140204846859,0.07340691238641739,-0.9878374934196472,1.0938764810562134,-0.22013196349143982,0.6052255034446716,30.47979736328125,-10.932411193847656,40.383087158203125,0
810,8100033,0.013955710455775261,-0.023805538192391396,-0.9977871179580688,-0.4744706153869629,0.892069399356842,0.6083567142486572,28.621862411499023,-8.788501739501953,39.210594177246094,0
811,8109997,0.044038090854883194,-0.026503872126340866,-1.0002092123031616,-0.13415853679180145,-0.07817936688661575,-0.008978036232292652,31.218923568725586,-9.495504379272461,38.45155715942383,0
812,8120036,0.08435607701539993,-0.027773486450314522,-1.03732168674469,-0.8355254530906677,-0.3932277262210846,0.15935079753398895,30.768678665161133,-11.31567096710205,39.41743469238281,0
813,8129905,-0.012358644977211952,-0.036488644778728485,-1.0292483568191528,0.5482205152511597,0.14437386393547058,0.3670518398284912,29.81251335144043,-11.322921752929688,39.25417709350586,0
814,8140225,-0.03523172438144684,0.002705749124288559,-0.9908490180969238,0.4842941462993622,0.8913374543190002,-0.08419512957334518,30.629819869995117,-12.074430465698242,40.24945068359375,0
815,8150173,0.1627236157655716,-0.04270996153354645,-1.0054682493209839,0.3377837538719177,-0.4084954261779785,-0.19447088241577148,30.141191482543945,-9.257292747497559,40.384586334228516,0
816,8159929,-0.02887972816824913,-0.037600234150886536,-0.9994170665740967,0.24787567555904388,0.3164215385913849,0.6211467385292053,31.79802131652832,-10.172745704650879,40.335445404052734,0
817,8170202,0.047468338161706924,0.010743540711700916,-0.9769926071166992,0.41451966762542725,-0.5979987382888794,-0.11970815807580948,30.61814308166504,-9.741727828979492,39.4151611328125,0
818,8180139,-0.035671837627887726,0.013569137081503868,-0.9830077886581421,0.12794604897499084,-1.0813111066818237,-0.1985773891210556,31.361492156982422,-9.771554946899414,40.38887023925781,0
819,8189802,0.009669119492173195,-0.018203407526016235,-1.0139683485031128,1.5594855546951294,0.34647417068481445,0.5100250244140625,30.69716453552246,-9.569992065429688,39.97043991088867,0
820,8199809,-0.0506485216319561,0.11249839514493942,-0.9873373508453369,0.6338600516319275,-0.2189866006374359,0.07936843484640121,30.9488468170166,-9.885690689086914,40.46986770629883,0
821,8210012,0.023526286706328392,-0.026603564620018005,-0.9835414886474609,0.09289249777793884,-0.05656469985842705,-0.17989107966423035,29.237838745117188,-10.300735473632812,41.07445526123047,0
822,8220036,-0.017279792577028275,0.05794091150164604,-0.9874489307403564,-0.1472068428993225,0.1667693555355072,-0.4435218572616577,30.057151794433594,-10.540406227111816,40.13583755493164,0
823,8229895,0.039365485310554504,-0.10847659409046173,-1.0162984132766724,0.25700879096984863,-1.394274115562439,0.7593235373497009,29.8231258392334,-8.814149856567383,39.79734420776367,0
824,8240151,-0.014160582795739174,0.006253267638385296,-0.9731342792510986,0.4367198050022125,-0.21094515919685364,0.04651528224349022,29.56475067138672,-8.308528900146484,38.91434097290039,0
825,8250131,-0.0977037101984024,-0.04709375649690628,-0.9990602135658264,0.3004544973373413,-0.5544808506965637,-0.7810434103012085,31.47980499267578,-10.33975601196289,40.08210372924805,0
826,8259928,0.07843270152807236,0.010034452192485332,-0.9982801079750061,0.6586666107177734,-0.48408907651901245,0.3439004719257355,31.114063262939453,-7.87174654006958,39.53449630737305,0
827,8269745,0.04192604497075081,-0.07232654839754105,-0.9698363542556763,1.712722897529602,-0.0529983751475811,0.5468634366989136,29.21481704711914,-9.013321876525879,40.989051818847656,0
828,8279825,0.025458086282014847,-0.041168294847011566,-0.9759462475776672,0.1670733392238617,-0.30118638277053833,0.36866334080696106,29.394969940185547,-10.472579002380371,40.01300048828125,0
829,8290356,0.11171241849660873,-0.0814785286784172,-1.0020774602890015,-0.6558123826980591,0.7143958210945129,-0.29871752858161926,30.142391204833984,-9.838369369506836,38.727474212646484,0
830,8300301,0.028247306123375893,0.004126601852476597,-1.0015181303024292,0.3019232749938965,0.32723891735076904,-0.5248830914497375,30.928577423095703,-8.849512100219727,39.896915435791016,0
831,8310072,0.0035508766304701567,-0.030783312395215034,-0.9932010173797607,-0.19123166799545288,0.006018630228936672,0.4999710023403168,29.51728630065918,-9.244686126708984,40.23186111450195,0
832,8320115,0.00953913014382124,-0.04108449071645737,-1.0274415016174316,0.04525108262896538,-0.09312490373849869,0.07472861558198929,28.78307342529297,-9.404563903808594,40.21468734741211,0
833,8329836,0.03783199191093445,0.018931102007627487,-1.0100680589675903,-0.5509440898895264,0.2428727000951767,0.7350410223007202,30.055526733398438,-10.317485809326172,40.026302337646484,0
834,8340346,-0.03902052342891693,0.0869702398777008,-1.0104974508285522,0.14866948127746582,-0.6815880537033081,0.12607277929782867,30.748620986938477,-10.147956848144531,42.139976501464844,0
835,8349961,-0.0299985408782959,0.02596966363489628,-1.0410858392715454,-0.5705381631851196,0.3789704442024231,-0.08633489906787872,31.0157413482666,-8.380730628967285,40.704566955566406,0
836,8360237,-0.00021155372087378055,0.03527407348155975,-0.9939420223236084,0.7249694466590881,-0.21225284039974213,0.16253522038459778,30.291053771972656,-10.679265975952148,39.63664245605469,0
837,8369825,-0.08161448687314987,-0.020715119317173958,-0.9848175048828125,-0.02066398598253727,-0.7677810788154602,-0.7266829013824463,29.598913192749023,-10.628535270690918,42.004146575927734,0
838,8379716,0.07426556199789047,0.00258244713768363,-0.99958336353302,0.09331248700618744,0.10414060205221176,-0.3053145408630371,30.273603439331055,-10.932724952697754,40.73987579345703,0
839,8390011,0.0447397343814373,-0.0027822796255350113,-0.9870428442955017,-0.2253563404083252,-0.350373238325119,-0.9996050000190735,30.818063735961914,-8.810076713562012,39.124202728271484,0
840,8399818,-0.0033086182083934546,-0.001004431047476828,-1.032698631286621,0.3598890006542206,0.13467846810817719,0.1375533640384674,31.007604598999023,-11.085009574890137,37.696468353271484,0
841,8410050,0.029622646048665047,0.00036028146860189736,-0.9811859130859375,0.13163185119628906,0.5734469294548035,0.16606202721595764,31.24306869506836,-10.437582969665527,39.543174743652344,0
842,8419806,0.10341931879520416,0.052432574331760406,-0.9711324572563171,-0.5148554444313049,-0.09428145736455917,0.026565290987491608,30.002107620239258,-10.191421508789062,40.84245300292969,0
843,8430051,0.02983670122921467,-0.08890730142593384,-1.0063458681106567,0.5314851403236389,-0.326061874628067,-0.5601415038108826,29.84747314453125,-9.931161880493164,38.187496185302734,0
844,8439833,0.00460114236921072,-0.04319312423467636,-0.9827895164489746,-0.7306351661682129,-0.7868297696113586,-1.2581241130828857,30.907512664794922,-10.89969253540039,41.433380126953125,0
845,8449791,-0.02396363951265812,-0.027710095047950745,-0.990821361541748,0.19091543555259705,1.028239130973816,-1.0552958250045776,29.371837615966797,-8.935098648071289,39.71989822387695,0
846,8459967,0.01605287939310074,0.0931754857301712,-1.0243982076644897,1.0744751691818237,-0.5793570876121521,0.3818824291229248,30.77713394165039,-8.687950134277344,40.29745864868164,0
847,8469974,0.061940278857946396,0.019804393872618675,-0.9766671657562256,0.4729193150997162,0.6864743828773499,-0.20874078571796417,28.643674850463867,-8.634333610534668,39.813236236572266,0
848,8479867,0.0017266616923734546,0.02341051585972309,-0.9910616874694824,1.024122714996338,-0.18817628920078278,0.1744968593120575,29.122236251831055,-11.050122261047363,39.694271087646484,0
849,8489951,0.036233313381671906,0.0129484161734581,-1.0073940753936768,0.4916028380393982,-0.07174501568078995,-0.9012510776519775,29.883838653564453,-9.823896408081055,42.28142547607422,0
850,8500091,-0.03312975540757179,-0.04889276996254921,-1.0009406805038452,-0.45159244537353516,-0.5713931918144226,0.9422940611839294,29.107019424438477,-11.804536819458008,41.5739631652832,0
851,8509990,-0.006599854212254286,0.07355941832065582,-1.0147591829299927,-0.15113459527492523,0.6041864156723022,-0.14122676849365234,30.482925415039062,-9.243502616882324,41.055294036865234,0
852,8519995,-0.06849651038646698,-0.0025434810668230057,-0.9838130474090576,-0.5809027552604675,-0.5439944863319397,-0.08218897879123688,30.778810501098633,-11.017539978027344,41.59687805175781,0
853,8530178,0.004972519353032112,0.011538330465555191,-1.0216410160064697,-0.38299742341041565,-0.6425061225891113,0.35547521710395813,30.73540496826172,-9.218094825744629,39.06446838378906,0
854,8539790,-0.08390843868255615,0.019162464886903763,-0.9679765105247498,-0.6011186838150024,-0.28800156712532043,-0.6507818698883057,30.032939910888672,-9.044347763061523,39.866722106933594,0
855,8549758,0.07636920362710953,0.021893519908189774,-0.9564746618270874,-1.0273678302764893,0.28590044379234314,0.4252968728542328,30.24863624572754,-9.679997444152832,38.770263671875,0
856,8560037,-0.00796571560204029,0.043759919703006744,-0.9688541889190674,0.13928282260894775,-0.17346875369548798,0.039848774671554565,31.29274559020996,-8.832587242126465,40.627864837646484,0
857,8569942,-0.07074028998613358,-0.10086660087108612,-1.0118285417556763,-0.5976524949073792,0.30549895763397217,0.20286224782466888,30.16939926147461,-7.557427883148193,37.99040222167969,0
858,8580085,0.010171775706112385,-0.020108314231038094,-1.0203791856765747,0.0159918162971735,-0.11237075924873352,-0.43772149085998535,30.08007049560547,-9.520479202270508,39.67055130004883,0
859,8590104,-0.0933968648314476,-0.02461661957204342,-0.9985687136650085,0.16355548799037933,-0.1474728286266327,0.11715715378522873,31.878677368164062,-12.86711597442627,38.4731330871582,0
860,8600025,0.010475100949406624,-0.0006201474461704493,-1.0244104862213135,0.19487108290195465,-0.21755880117416382,-0.39257681369781494,29.379201889038086,-8.155806541442871,39.95170593261719,0
861,8610169,-0.030844343826174736,-0.012543709017336369,-0.989109218120575,-0.05119623616337776,0.6429327726364136,0.12419667094945908,30.884183883666992,-10.062213897705078,38.82292175292969,0
862,8620019,0.016768747940659523,0.01330052874982357,-1.0221595764160156,-0.9466150999069214,-0.14358757436275482,-0.3065986633300781,30.236682891845703,-9.872761726379395,41.54498291015625,0
863,8630216,-0.05267401784658432,0.01877332478761673,-0.9731277227401733,-0.24816486239433289,-0.13867463171482086,-0.28563588857650757,29.771345138549805,-9.825579643249512,39.19101333618164,0
864,8640030,0.013761116191744804,0.045393265783786774,-0.9949402809143066,1.2877120971679688,-0.46216243505477905,0.4220595359802246,29.15744972229004,-8.308534622192383,41.159637451171875,0
865,8649897,0.021237419918179512,-0.07616501301527023,-1.024446964263916,-0.349386066198349,-0.2498730570077896,0.44004443287849426,27.970151901245117,-10.500022888183594,39.51290512084961,0
866,8660138,0.037010207772254944,-0.013135540299117565,-0.9902463555335999,-0.5576204657554626,-0.2394469827413559,0.45258012413978577,28.47268295288086,-10.465624809265137,39.804954528808594,0
867,8669959,0.018922701478004456,-0.03395140543580055,-0.9907035827636719,-1.0213638544082642,-0.3285122513771057,-0.05901248753070831,31.346521377563477,-10.851064682006836,38.95747756958008,0
868,8679923,0.05604878440499306,-0.009729749523103237,-1.022107720375061,-0.4693760573863983,1.0740346908569336,0.16437432169914246,28.668546676635742,-10.352655410766602,40.07236862182617,0
869,8690059,0.059294991195201874,-0.007442539092153311,-1.0311318635940552,-0.9013990759849548,-0.5518630146980286,0.7187249660491943,30.62893295288086,-9.725348472595215,38.498077392578125,0
870,8700148,-0.048403989523649216,0.1729869395494461,-0.9691376686096191,0.16500498354434967,0.9132683277130127,0.027352899312973022,29.016616821289062,-10.022382736206055,39.94929122924805,0
871,8709840,-0.06470433622598648,-0.02010459639132023,-0.9781310558319092,-0.40119048953056335,-0.006100537721067667,0.15890264511108398,31.43937873840332,-10.759395599365234,40.09537887573242,0
872,8720140,0.11917908489704132,-0.03323180228471756,-1.004918098449707,-0.20965731143951416,-0.39893272519111633,-0.4194861352443695,29.286392211914062,-9.055788040161133,37.836463928222656,0
873,8729963,0.013531222008168697,-0.007045031990855932,-0.9859129786491394,-0.1835130900144577,-0.4381517767906189,0.12954942882061005,30.49057388305664,-8.555150032043457,41.37404251098633,0
874,8739837,-0.005323533900082111,-0.01249806396663189,-0.9703457951545715,0.5680277943611145,0.42743951082229614,-0.9884217977523804,30.275331497192383,-10.815936088562012,40.019290924072266,0
875,8749861,-0.05959483981132507,0.018876515328884125,-1.0191045999526978,-0.3023635149002075,-0.811160147190094,-0.07652653753757477,28.6282958984375,-10.503693580627441,39.766883850097656,0
876,8760024,0.0459965355694294,0.09115645289421082,-0.9730114340782166,-0.9364110231399536,-1.1934757232666016,-0.6158289313316345,30.08734893798828,-9.814468383789062,39.77162551879883,0
877,8769940,0.09529518336057663,-0.03045029379427433,-1.0129766464233398,0.3982664942741394,0.028582144528627396,-0.7418404221534729,28.81753158569336,-11.828805923461914,41.27423095703125,0
878,8780023,0.07688617706298828,0.03580775856971741,-1.0369445085525513,-0.2631206810474396,0.5842543840408325,-0.16176867485046387,28.68836212158203,-9.991085052490234,39.757568359375,0
879,8789955,0.06123153120279312,0.07716691493988037,-0.9770352244377136,0.4999874532222748,-0.10521874576807022,0.281867653131485,29.72978401184082,-10.816644668579102,41.077545166015625,0
880,8799897,0.03292776271700859,-0.06548594683408737,-0.9795593619346619,0.7835655212402344,0.03147224336862564,0.3042833209037781,30.215898513793945,-11.669540405273438,38.687191009521484,0
881,8809908,0.05762879177927971,0.016052648425102234,-1.0362921953201294,-0.8261736035346985,0.6902964115142822,0.21920663118362427,28.673954010009766,-9.06999397277832,40.49281311035156,0
882,8819766,0.015216506086289883,0.0017745016375556588,-1.024829626083374,0.20447035133838654,-0.05235978960990906,0.4121134877204895,31.81571388244629,-9.531294822692871,38.31404113769531,0
883,8829764,-0.12818408012390137,-0.042724933475255966,-0.9757638573646545,-0.911139965057373,-0.1544910967350006,1.091422200202942,29.882244110107422,-9.677597999572754,40.085914611816406,0
884,8839912,0.018789971247315407,0.01809600368142128,-1.0375783443450928,-0.16791324317455292,-0.268170565366745,0.3517685532569885,29.98331069946289,-10.496264457702637,39.71012496948242,0
885,8849928,0.07537778466939926,0.06066489964723587,-1.0354793071746826,-0.15519750118255615,1.1930701732635498,-0.020595921203494072,30.481307983398438,-9.442972183227539,40.625694274902344,0
886,8860110,0.16126906871795654,-0.025586014613509178,-0.9933942556381226,-1.0891191959381104,-0.1143219843506813,-0.004801896866410971,31.008331298828125,-9.873006820678711,40.124977111816406,0
887,8869949,0.02952970191836357,-0.008137570694088936,-0.9996869564056396,-0.13935528695583344,0.03585150092840195,-0.2550772726535797,29.727569580078125,-10.486934661865234,40.6650276184082,0
888,8879887,0.05193060263991356,-0.017870470881462097,-1.0154579877853394,0.30422243475914,0.19255921244621277,-0.09565753489732742,32.74201965332031,-8.754590034484863,41.052555084228516,0
889,8890029,-0.04189208522439003,0.028128962963819504,-1.026554822921753,0.3666400909423828,0.26740506291389465,0.4535197615623474,29.7589168548584,-8.496866226196289,40.83698272705078,0
890,8899906,-0.10117854923009872,0.07479890435934067,-0.9995997548103333,0.09645828604698181,0.07412520796060562,0.425361305475235,32.02528381347656,-10.056496620178223,39.583248138427734,0
891,8910085,0.013227581977844238,-0.03375477343797684,-1.0082180500030518,0.09827359765768051,-0.8387467265129089,-0.18114633858203888,28.45054817199707,-9.201223373413086,40.27140808105469,0
892,8920263,-0.08858644217252731,0.009984679520130157,-1.011812448501587,0.14980846643447876,0.6175068616867065,0.22306716442108154,28.895360946655273,-8.329334259033203,39.315914154052734,0
893,8929951,-0.05493902787566185,-0.004116450436413288,-0.987873375415802,-0.12409070879220963,0.5612024664878845,-0.04993290826678276,30.608854293823242,-10.947173118591309,39.73150634765625,0
894,8939928,0.008468611165881157,-0.04464706405997276,-0.9650461077690125,0.6893692016601562,0.7961997985839844,0.4815276563167572,29.33241844177246,-9.621225357055664,38.75543975830078,0
895,8949995,-0.02615710347890854,-0.0506850965321064,-0.9939268231391907,0.89680016040802,-0.45490598678588867,-0.028142137452960014,31.275678634643555,-9.923460960388184,37.74039840698242,0
896,8960112,0.08262776583433151,0.04432695731520653,-1.0090047121047974,-0.8796393275260925,-0.03153406083583832,-0.38064810633659363,30.25954818725586,-8.18712329864502,39.578269958496094,0
897,8970101,-0.07173475623130798,-0.017153369262814522,-1.031053900718689,0.26973479986190796,-0.5358823537826538,-0.8691195249557495,30.4560489654541,-8.834272384643555,41.17885971069336,0
898,8979970,0.04164276644587517,0.006968614179641008,-1.0113126039505005,0.03912743180990219,-1.5967316627502441,0.7271106243133545,27.888267517089844,-10.339101791381836,40.982337951660156,0
899,8989844,0.04788672924041748,0.09298637509346008,-0.9891538023948669,0.129171684384346,0.04184313118457794,-0.04363929107785225,33.038272857666016,-10.379143714904785,40.252586364746094,0
900,9000080,0.024014368653297424,-0.008905530907213688,-0.9550419449806213,0.20519353449344635,1.6382312774658203,-0.8191826939582825,29.032268524169922,-10.852784156799316,39.78555679321289,0
901,9010293,-0.029014484956860542,-0.06394881010055542,-1.001375436782837,-0.02314617671072483,0.03996432572603226,0.13485999405384064,31.22800636291504,-10.589265823364258,40.32783126831055,0
902,9020225,-0.0024453180376440287,-0.06871786713600159,-1.0085302591323853,0.3530629277229309,0.12623289227485657,-0.12401160597801208,30.679153442382812,-9.63345718383789,39.70341873168945,0
903,9030063,-0.05729220062494278,-0.016141220927238464,-1.0153313875198364,0.4312179982662201,-0.02469165064394474,-0.3168328106403351,29.087215423583984,-10.016804695129395,39.935062408447266,0
904,9040057,0.020077204331755638,0.011254487559199333,-1.019423007965088,0.4505016505718231,0.5092249512672424,0.11096728593111038,30.218990325927734,-10.866938591003418,39.748435974121094,0
905,9049975,-0.025908609852194786,0.03743734955787659,-1.0147148370742798,-0.42266589403152466,1.1466026306152344,0.5770012736320496,31.676647186279297,-10.86340618133545,38.73061752319336,0
906,9060044,0.11047321557998657,-0.12925134599208832,-0.9703671932220459,0.2192869931459427,0.5405792593955994,0.471694678068161,28.54496955871582,-12.084610939025879,39.058231353759766,0
907,9069806,0.026370733976364136,0.03391965851187706,-1.011772871017456,-0.3869077265262604,0.15869323909282684,0.5574029684066772,31.00197982788086,-7.9105377197265625,40.21519470214844,0
908,9079848,0.006754526402801275,-0.039020881056785583,-1.004351019859314,-0.6906057596206665,-0.6253539323806763,0.053178709000349045,30.399444580078125,-12.385360717773438,40.89213180541992,0
909,9089930,-0.006362989079207182,-0.015532540157437325,-1.0188789367675781,-0.3160165250301361,-0.19756647944450378,0.5185981392860413,31.138492584228516,-11.79554557800293,37.97629165649414,0
910,9100119,0.00785913784056902,-0.012528320774435997,-1.0128253698349,0.6471694111824036,-0.3517184257507324,-0.5019931793212891,29.8649959564209,-10.053644180297852,39.37120819091797,0
911,9110001,0.008240054361522198,-0.03371281921863556,-1.0167052745819092,-0.5782631039619446,0.49722906947135925,0.47337260842323303,29.616565704345703,-9.260889053344727,40.9071044921875,0
912,9120069,0.09475336223840714,-0.01686304807662964,-1.002725601196289,-0.48168185353279114,0.5040053129196167,-0.17704153060913086,29.511777877807617,-8.61289119720459,40.676856994628906,0
913,9129976,0.07865918427705765,-0.03727226331830025,-1.002169132232666,0.6045586466789246,0.08223355561494827,0.5087965726852417,30.755952835083008,-11.341202735900879,38.2275276184082,0
914,9139907,0.039637885987758636,-0.00805534329265356,-0.9527720808982849,0.6340683698654175,-0.5021749138832092,0.3838849663734436,31.537551879882812,-8.19156551361084,39.16149139404297,0
915,9149900,0.0720600038766861,-0.020476913079619408,-0.9959259033203125,0.5462004542350769,-0.06675975769758224,0.4119891822338104,30.063106536865234,-9.875687599182129,40.325618743896484,0
916,9159816,0.07881442457437515,-0.03269009292125702,-1.006569504737854,0.3962309658527374,0.08281216770410538,0.6763105988502502,30.414833068847656,-10.88876724243164,40.647613525390625,0
917,9170026,-0.05303400382399559,0.03426533564925194,-0.9879160523414612,-0.8241385817527771,-0.14145798981189728,0.12712736427783966,28.447481155395508,-9.140350341796875,40.612266540527344,0
918,9180267,-0.022196179255843163,-0.010825594887137413,-0.982448399066925,0.470608115196228,0.8292966485023499,0.24275434017181396,30.46027183532715,-9.294121742248535,39.4239616394043,0
919,9190039,0.013737793080508709,0.051897939294576645,-1.0060306787490845,0.491232693195343,-0.25684797763824463,-0.014556234702467918,29.325149536132812,-10.305158615112305,39.73986053466797,0
920,9199906,-0.03376032039523125,-0.08961603790521622,-1.036760926246643,0.3960665166378021,-0.5919454097747803,-0.41645535826683044,30.19075584411621,-11.200228691101074,40.050987243652344,0
921,9209893,-0.04431929811835289,-0.02549988031387329,-1.007875919342041,-0.1450047791004181,-0.8638729453086853,0.39816293120384216,31.593624114990234,-9.51318359375,40.00807571411133,0
922,9220253,0.04098064452409744,0.0006543872295878828,-0.9609645009040833,-0.4470668435096741,0.22227641940116882,0.41729775071144104,28.34691047668457,-9.330130577087402,39.28040313720703,0
923,9229904,0.009777555242180824,-0.04918195679783821,-0.9613878130912781,0.6793295741081238,-0.22085237503051758,0.40510836243629456,31.08871841430664,-9.787755012512207,41.80259704589844,0
924,9239974,0.014888007193803787,-0.04830849543213844,-1.0119802951812744,-0.6719934344291687,-0.3925771713256836,0.14426280558109283,31.32200050354004,-7.480951309204102,39.96949768066406,0
925,9249804,0.05478436499834061,0.03417078033089638,-1.0426430702209473,0.7929229140281677,0.5144065618515015,0.6420385241508484,28.720285415649414,-8.772923469543457,42.322608947753906,0
926,9260019,-0.08225060254335403,-0.020023740828037262,-1.0042192935943604,0.6542749404907227,0.04448695108294487,0.07512974739074707,29.38559341430664,-10.796089172363281,41.272361755371094,0
927,9269936,0.03757215663790703,0.006997038144618273,-0.9908044338226318,0.5995142459869385,-0.20235450565814972,-0.31838467717170715,28.88593292236328,-9.867444038391113,41.01597595214844,0
928,9280067,0.07513662427663803,0.017868895083665848,-1.0036574602127075,0.40938231348991394,-1.085056185722351,0.12759451568126678,30.45012855529785,-8.776867866516113,40.87358856201172,0
929,9290103,0.017895488068461418,0.04958270117640495,-1.001940369606018,0.04970944672822952,0.033710114657878876,0.24659748375415802,30.523639678955078,-9.174792289733887,38.71095657348633,0
930,9300120,0.05870140716433525,-0.05027876794338226,-1.009783387184143,-0.529994785785675,-0.3572100102901459,-0.13721327483654022,30.214580535888672,-9.298681259155273,37.48591995239258,0
931,9309878,0.07522307336330414,-0.04496961086988449,-0.9920724034309387,-0.10997167974710464,-0.5821269154548645,-0.3920637369155884,29.198501586914062,-12.960286140441895,41.33958435058594,0
932,9320157,0.02085748128592968,0.003209053073078394,-0.9892964363098145,0.7332769632339478,0.39836761355400085,0.1639380156993866,30.182125091552734,-8.443440437316895,38.465755462646484,0
933,9330060,0.04414770379662514,-0.027921155095100403,-1.0259418487548828,0.7318492531776428,-0.24331744015216827,-0.9530408382415771,30.61033821105957,-10.409257888793945,40.47898483276367,0
934,9339871,0.08972670882940292,0.001532684313133359,-1.001273274421692,0.4954727590084076,-0.46847933530807495,0.3182332515716553,30.904773712158203,-7.823032379150391,40.7855339050293,0
935,9350072,0.04098014533519745,0.006931505165994167,-0.9787768721580505,-0.35753321647644043,-0.0857105702161789,-0.5213510394096375,29.81785774230957,-8.783525466918945,40.078277587890625,0
936,9360005,0.023813622072339058,-0.005074246786534786,-1.0081170797348022,-0.9416956901550293,-0.5667113065719604,-0.3612464368343353,31.190643310546875,-9.13347339630127,41.117549896240234,0
937,9369816,-0.04230807349085808,0.03598743677139282,-0.9959393739700317,0.19629618525505066,-0.2228473573923111,-0.07692493498325348,30.59400749206543,-9.887444496154785,42.23942565917969,0
938,9380068,0.09966365993022919,-0.09163188189268112,-0.9978675246238708,-0.27788886427879333,-0.025371957570314407,-0.4527387022972107,29.202390670776367,-9.830154418945312,39.78406524658203,0
939,9390034,0.0445113331079483,-0.010794627480208874,-0.9968425631523132,0.20079390704631805,0.20233570039272308,-0.005734532605856657,30.002222061157227,-7.889184951782227,39.8138542175293,0
940,9400107,-0.021257007494568825,-0.014974587596952915,-0.9938424229621887,-0.3254780173301697,0.19261983036994934,-0.8920832872390747,31.57281494140625,-10.981582641601562,40.1187858581543,0
941,9410206,-0.04994875192642212,0.017146192491054535,-0.988278329372406,0.08032478392124176,0.4552072584629059,0.6522770524024963,29.56353759765625,-9.113680839538574,39.389766693115234,0
942,9420021,0.017737066373229027,-0.0247561763972044,-1.0297472476959229,-0.10569993406534195,-0.17431558668613434,0.10633359849452972,31.05191421508789,-9.964081764221191,40.00750732421875,0
943,9429978,0.08040764182806015,0.01445809192955494,-1.01276695728302,-0.0949518084526062,0.9160736799240112,0.7417623996734619,31.830263137817383,-11.09311580657959,39.67778015136719,0
944,9440106,-0.04516742751002312,0.04963911324739456,-1.0286989212036133,-0.13604409992694855,0.46060219407081604,0.4318677484989166,29.487689971923828,-9.101459503173828,39.8532600402832,0
945,9450037,0.03228176757693291,0.04350123554468155,-0.9674531817436218,0.6940263509750366,-0.258515328168869,0.4600684344768524,31.11516761779785,-9.175527572631836,40.42242431640625,0
946,9459751,0.0040016560815274715,0.008707142435014248,-0.9966126680374146,0.3753209412097931,-0.006352064199745655,-0.39934012293815613,29.56585121154785,-10.859518051147461,38.75524139404297,0
947,9469988,0.044735174626111984,0.00047750392695888877,-0.9870814681053162,0.6539396047592163,0.7130507230758667,-0.20574766397476196,28.501821517944336,-9.727664947509766,39.10121536254883,0
948,9480065,0.021753521636128426,0.03094952367246151,-1.0222010612487793,0.38410869240760803,-0.8046553134918213,-0.12355192005634308,29.036701202392578,-11.088960647583008,40.343597412109375,0
949,9490192,-0.05251605063676834,0.021564478054642677,-0.9737561941146851,0.8212434649467468,-0.16503633558750153,0.43785515427589417,29.899993896484375,-10.202736854553223,39.20254135131836,0
950,9500104,0.012974116019904613,-0.057191621512174606,-0.9864235520362854,0.8967496752738953,-0.050332553684711456,0.546898603439331,30.87591552734375,-11.210808753967285,38.56787109375,0
951,9510012,0.012827824801206589,-0.0015443459851667285,-0.9962842464447021,-0.12458312511444092,0.3408239483833313,-1.3693019151687622,29.81310272216797,-9.78331470489502,40.881229400634766,0
952,9520068,0.03510570153594017,-0.09759021550416946,-1.0335184335708618,0.17162993550300598,-0.446996808052063,0.104985810816288,29.674575805664062,-11.085517883300781,38.89019775390625,0
953,9530182,-0.01750814914703369,0.11447793990373611,-0.9936642050743103,0.5589328408241272,0.4258500635623932,-0.25268861651420593,29.707069396972656,-10.125301361083984,40.848323822021484,0
954,9540204,0.017022673040628433,0.03808848187327385,-0.9771454930305481,0.7493369579315186,-0.6226617097854614,-0.3063202202320099,30.941734313964844,-9.403889656066895,40.70135498046875,0
955,9549981,0.12759099900722504,0.03871902823448181,-1.0007261037826538,-0.15218929946422577,-0.2202184647321701,1.2302179336547852,28.721778869628906,-10.63720989227295,40.234169006347656,0
956,9560033,-0.043085452169179916,-0.07092057168483734,-0.9517931938171387,0.8339142799377441,-0.33031731843948364,0.23751750588417053,29.764080047607422,-9.258794784545898,39.666351318359375,0
957,9569917,-0.025157393887639046,0.012090546078979969,-1.009248971939087,1.4258363246917725,0.18370430171489716,0.2533397674560547,30.23830795288086,-10.628171920776367,41.16435241699219,0
958,9579955,0.12697675824165344,-0.1012752428650856,-0.9792738556861877,-0.1620652973651886,0.45166170597076416,0.4490969181060791,29.556655883789062,-11.082291603088379,38.45036697387695,0
959,9589909,0.034892488270998,0.020133906975388527,-0.9787829518318176,0.5792787075042725,-0.31256693601608276,-0.001990269171074033,29.914369583129883,-9.776762962341309,40.56844711303711,0
960,9600144,-0.03774458169937134,-0.026322094723582268,-1.0068247318267822,-0.48815464973449707,0.6013457179069519,-0.23480214178562164,29.98515510559082,-11.417868614196777,41.548240661621094,0
961,9609757,-0.009983459487557411,0.013612042181193829,-0.9865120649337769,0.9369713664054871,0.24501420557498932,-0.8632998466491699,30.430986404418945,-11.864903450012207,39.868778228759766,0
962,9620240,0.005844364874064922,0.024497123435139656,-0.9804218411445618,0.627687931060791,-0.17257337272167206,-0.9234619736671448,27.980117797851562,-12.081659317016602,37.72743225097656,0
963,9629969,-0.01696043275296688,0.057030901312828064,-1.0300239324569702,0.013875270262360573,-0.32169097661972046,-0.48772430419921875,31.137290954589844,-9.646148681640625,39.82840347290039,0
964,9640044,-0.04116049408912659,-0.06157902255654335,-1.0204389095306396,0.30416396260261536,-0.2144956886768341,-0.21568423509597778,31.087827682495117,-7.646502494812012,41.52712631225586,0
965,9649818,-0.010791875422000885,-0.02866976708173752,-1.012534499168396,-0.5319539904594421,-0.3225955665111542,-0.6348763704299927,31.578197479248047,-10.14404010772705,39.15228271484375,0
966,9659858,0.04166750609874725,-0.02399710938334465,-1.0155203342437744,0.6671578884124756,0.5420762896537781,-0.5183755159378052,30.225351333618164,-9.616495132446289,41.9468879699707,0
967,9670192,0.09529265761375427,0.05236373469233513,-1.0094481706619263,0.1008727177977562,-0.057379692792892456,0.10278657078742981,28.428543090820312,-10.89794921875,40.77676773071289,0
968,9680261,-0.0250413678586483,-0.006173160392791033,-0.9998252391815186,-0.33971837162971497,0.18597346544265747,-0.05732033774256706,29.550809860229492,-8.148946762084961,39.5672721862793,0
969,9689710,-0.00973067618906498,0.05132190138101578,-0.9721962213516235,0.12280590832233429,0.5589877963066101,-0.24002666771411896,30.908370971679688,-8.155804634094238,37.477725982666016,0
970,9699949,-0.0828043594956398,-0.06663506478071213,-1.0051466226577759,0.39347898960113525,-0.27619513869285583,-0.2352621853351593,29.069561004638672,-10.42166519165039,39.45558166503906,0
971,9710146,-0.07975785434246063,0.039252374321222305,-0.9879106879234314,0.012984340079128742,0.48932695388793945,-0.3835735023021698,30.307945251464844,-9.906774520874023,40.47127914428711,0
972,9720005,-0.003417764790356159,-0.04958808049559593,-1.0253359079360962,-1.1748570203781128,-0.14937007427215576,0.12593720853328705,30.82408905029297,-8.258225440979004,40.46904754638672,0
973,9729914,0.008335479535162449,-0.06020934879779816,-1.0085985660552979,0.667713463306427,-0.038424424827098846,0.0542370080947876,29.87579917907715,-8.677900314331055,39.799922943115234,0
974,9740107,-0.004954036790877581,0.003694451879709959,-1.011358618736267,0.25658273696899414,-0.18995541334152222,-0.6930797696113586,29.736190795898438,-9.837203979492188,40.7995719909668,0
975,9750125,-0.0467347651720047,0.02017543464899063,-0.9830944538116455,0.25960713624954224,-1.1118855476379395,0.5629342794418335,30.075786590576172,-8.290010452270508,40.28730773925781,0
976,9760016,-0.06282331049442291,0.0353710800409317,-1.0070443153381348,0.4902535378932953,0.1484609693288803,-0.7538455128669739,29.221006393432617,-9.084513664245605,40.324134826660156,0
977,9769968,0.03812897950410843,-0.05518927797675133,-0.9847199320793152,-1.1765977144241333,0.09310431033372879,-0.08618485927581787,30.333242416381836,-9.391785621643066,38.715274810791016,0
978,9779808,0.05097773298621178,-0.031116968020796776,-0.9856238961219788,0.14513421058654785,0.28929609060287476,-0.2601851522922516,30.935585021972656,-11.525500297546387,39.35033416748047,0
979,9789910,-0.00401054322719574,-0.09521563351154327,-1.0076724290847778,0.3282791078090668,-0.25427961349487305,-0.15676498413085938,29.894222259521484,-10.435343742370605,40.67643356323242,0
980,9800042,-0.008691211231052876,-0.00043732766062021255,-1.0183731317520142,-0.7070486545562744,-0.9547525644302368,-0.7291261553764343,30.673831939697266,-9.101646423339844,42.56367111206055,0
981,9809778,0.043875593692064285,-0.03470875695347786,-1.022781252861023,-0.19761835038661957,-0.5667952299118042,-0.2995513677597046,29.67502212524414,-10.020384788513184,40.767723083496094,0
982,9820010,-0.009713374078273773,0.05404435843229294,-0.9793968796730042,-0.7170749306678772,-0.37721720337867737,0.42403504252433777,29.986881256103516,-11.355688095092773,38.55971145629883,0
983,9829908,-0.03453603386878967,0.04461655765771866,-1.0233508348464966,-0.3766227662563324,0.35571298003196716,-0.4714060127735138,28.96477508544922,-10.361379623413086,38.4640007019043,0
984,9839936,-0.038502033799886703,0.02438328042626381,-1.011777639389038,-0.09634613245725632,-0.6472769975662231,0.2626528739929199,29.37009620666504,-10.219959259033203,39.85466384887695,0
985,9849692,-0.013734943233430386,0.014183360151946545,-0.9863047003746033,0.06665199249982834,0.6566532850265503,-0.2313469648361206,29.040817260742188,-8.673529624938965,40.879032135009766,0
986,9860305,0.01601887121796608,-0.009921389631927013,-1.0227324962615967,-0.2356308549642563,-0.4316428601741791,0.5928112268447876,29.338037490844727,-9.17278003692627,39.964656829833984,0
987,9870022,0.010630176402628422,0.01211942732334137,-0.9927676916122437,-0.8751160502433777,0.27820706367492676,0.5801323056221008,28.979290008544922,-12.307955741882324,39.182613372802734,0
988,9879955,-0.09586090594530106,0.06652789562940598,-0.9933297038078308,0.5962933301925659,0.21778634190559387,-0.29105645418167114,31.364665985107422,-8.215214729309082,40.91523361206055,0
989,9890104,0.007984568364918232,-0.003162010805681348,-1.000942349433899,-0.4985801577568054,0.5107451677322388,-0.975361168384552,30.38174057006836,-10.943669319152832,39.72728729248047,0
990,9900196,0.011549894697964191,-0.11410029232501984,-0.9977648854255676,0.3703160285949707,-0.1835641860961914,-0.2342301458120346,29.170358657836914,-8.628640174865723,39.71820831298828,0
991,9909833,-0.0300066526979208,-0.0626370832324028,-1.0048315525054932,0.07414177805185318,0.5584693551063538,-0.42674100399017334,30.846445083618164,-11.862971305847168,39.15007019042969,0
992,9919938,0.02316647209227085,-0.028178634122014046,-0.9907165169715881,-0.4123440384864807,-0.0901918038725853,0.14848454296588898,31.21910285949707,-10.229229927062988,38.324676513671875,0
993,9929895,0.024985140189528465,-0.039652734994888306,-1.0229088068008423,0.46389275789260864,0.678329586982727,0.26281845569610596,30.950475692749023,-8.607698440551758,40.174320220947266,0
994,9940047,0.050649337470531464,0.05978021025657654,-0.9808653593063354,-0.08196964859962463,-0.18676115572452545,0.7640279531478882,29.936994552612305,-11.014601707458496,40.49394607543945,0
995,9950035,0.06609118729829788,0.019939711317420006,-0.9887808561325073,0.7525767683982849,-0.025530096143484116,0.80476313829422,30.110361099243164,-12.402756690979004,41.05819320678711,0
996,9959981,-0.014906871132552624,0.03632123023271561,-0.9991750121116638,0.5421674847602844,0.19221095740795135,0.8944143652915955,30.171171188354492,-7.8106513023376465,41.07787322998047,0
997,9970117,0.040510136634111404,0.03894580900669098,-1.011857509613037,0.7765617966651917,-0.06724897772073746,0.2797181308269501,30.799522399902344,-10.769840240478516,38.57467269897461,0
998,9979918,0.17736397683620453,-0.030244017019867897,-0.964238703250885,0.21745692193508148,0.5835835337638855,-0.1853369176387787,31.179441452026367,-7.588833808898926,41.25912857055664,0
999,9989754,0.037219204008579254,0.01876256801187992,-0.998671293258667,-0.12453803420066833,0.7403463125228882,0.015040045604109764,28.57387924194336,-10.834990501403809,38.96892166137695,0
1000,9999909,-0.05270436406135559,0.013967825099825859,-0.9936395883560181,0.06881958991289139,0.5342633128166199,0.3284085690975189,30.537561416625977,-10.090030670166016,41.28568649291992,0
1001,10010292,0.09185174852609634,-0.03318168967962265,-0.9879202842712402,0.13657940924167633,0.5871800184249878,0.08736545592546463,29.826356887817383,-9.797869682312012,38.14202880859375,0
1002,10019729,0.03516532480716705,0.0431092344224453,-1.0091533660888672,0.11565316468477249,-0.19348378479480743,0.015186895616352558,30.13572120666504,-8.690117835998535,40.758201599121094,0
1003,10030204,-0.014186562970280647,-0.015873350203037262,-1.019337773323059,0.4915229380130768,0.267758846282959,0.057965293526649475,28.81832504272461,-9.787554740905762,40.08269119262695,0
1004,10039963,-0.0327007882297039,0.03562444821000099,-1.0107461214065552,0.3249085545539856,-0.12167315930128098,-0.46802517771720886,30.89264678955078,-11.733689308166504,38.79556655883789,0
1005,10050107,-0.006704738363623619,-0.07406949251890182,-0.9918835163116455,0.5359809398651123,0.6174138188362122,-0.6757498979568481,30.70207405090332,-10.61720085144043,40.16841506958008,0
1006,10060150,4.2985175241483375e-05,0.007311887573450804,-1.0250275135040283,-0.44608011841773987,-0.009532961994409561,0.5928353667259216,28.933671951293945,-10.186124801635742,42.178932189941406,0
1007,10070120,0.04155094176530838,0.017811987549066544,-0.9791989922523499,-0.18862712383270264,0.2153102159500122,0.2567134499549866,30.589134216308594,-10.921223640441895,40.057167053222656,0
1008,10080031,-0.03070741333067417,-0.11673862487077713,-0.9961104989051819,0.14606337249279022,0.034342456609010696,-0.23676371574401855,32.63982391357422,-10.15903377532959,37.95102310180664,0
1009,10089990,0.026149440556764603,0.054190587252378464,-1.034076452255249,0.3669551908969879,-0.38448795676231384,-0.4012570381164551,30.16963768005371,-10.407026290893555,40.47601318359375,0
1010,10099912,0.02624392881989479,0.039384521543979645,-0.9927525520324707,-0.6835107803344727,-0.009946877136826515,0.3713984489440918,29.862571716308594,-10.662996292114258,41.60314178466797,0
1011,10109865,0.05052929371595383,-0.05171932652592659,-1.0197608470916748,-0.9802548289299011,-0.3351874351501465,-0.4987674355506897,29.34807777404785,-10.57046890258789,40.840721130371094,0
1012,10119732,-0.035900015383958817,0.00676171388477087,-1.037276268005371,-0.27572160959243774,0.029562799260020256,-0.7963929772377014,29.492908477783203,-9.68508243560791,41.16713333129883,0
1013,10129959,0.019825933501124382,0.09269886463880539,-1.0053061246871948,-0.4705060124397278,-0.0952049046754837,-0.3100316524505615,30.507139205932617,-9.788871765136719,41.026878356933594,0
1014,10139978,0.010040943510830402,-0.04252147674560547,-0.960218071937561,0.5210149884223938,-0.6659878492355347,-0.45791736245155334,28.119064331054688,-8.412178039550781,40.92992401123047,0
1015,10149882,-0.01437737699598074,0.0402524396777153,-0.9892183542251587,0.6556190848350525,0.014440209604799747,-0.4043465256690979,30.015108108520508,-10.49498176574707,40.308021545410156,0
1016,10159982,0.008925087749958038,0.01594163477420807,-0.982588529586792,-0.37965840101242065,1.2404049634933472,0.48521488904953003,31.844013214111328,-11.476428985595703,39.29044723510742,0
1017,10169714,-0.04570602998137474,-0.055250320583581924,-1.002610683441162,0.388532429933548,0.8029557466506958,0.5043150782585144,30.409318923950195,-11.236593246459961,40.308143615722656,0
1018,10179989,0.09153083711862564,0.054090455174446106,-0.9997777938842773,0.0697311982512474,-0.20284096896648407,-0.6736277341842651,30.57386016845703,-8.005520820617676,41.75606155395508,0
1019,10189819,-0.0032525460701435804,-0.050035055726766586,-1.0260632038116455,-0.4536426365375519,0.08955597132444382,0.06467460095882416,29.739974975585938,-10.597482681274414,39.28176498413086,0
1020,10200455,0.12044496089220047,-0.07291402667760849,-0.9952806830406189,1.079525113105774,-0.2866038978099823,0.13568592071533203,29.220922470092773,-9.913802146911621,38.79218292236328,0
1021,10210020,0.028022998943924904,0.0541183203458786,-1.0212606191635132,-0.7194423675537109,-0.4490448534488678,-0.14034190773963928,30.136157989501953,-11.124759674072266,39.8366813659668,0
1022,10220018,0.04411657899618149,0.06131913885474205,-1.003557562828064,0.32854586839675903,0.21036770939826965,-0.30475524067878723,29.88766098022461,-8.938132286071777,38.17308044433594,0
1023,10229981,0.03547888994216919,0.003330919658765197,-0.953150749206543,-0.10999404639005661,0.905935525894165,-0.7447903156280518,31.044811248779297,-8.69371223449707,39.701175689697266,0
1024,10240203,-0.0617733933031559,-0.04244513437151909,-1.0153167247772217,0.014702869579195976,-0.19368819892406464,0.3468378782272339,30.276710510253906,-10.05923080444336,38.333595275878906,0
1025,10250092,0.010026129893958569,-0.0475030280649662,-0.9606727361679077,0.07219193130731583,-0.6959422826766968,-0.020051194354891777,28.87813377380371,-10.910160064697266,41.16767120361328,0
1026,10259873,-0.026740234345197678,-0.11690063029527664,-1.0014046430587769,-0.9208148121833801,-0.11562551558017731,0.20728889107704163,31.638633728027344,-10.109301567077637,39.5280876159668,0
1027,10269870,0.04027935490012169,-0.033104777336120605,-1.0013012886047363,0.5714791417121887,0.02927563153207302,-0.7459133863449097,29.82862091064453,-9.081546783447266,40.58012390136719,0
1028,10279985,0.03812602162361145,0.05211466923356056,-0.9917237162590027,0.07280737906694412,0.6876949667930603,1.120205283164978,31.28431510925293,-10.651485443115234,39.32667541503906,0
1029,10290000,-0.016440410166978836,-0.07236122339963913,-1.0190634727478027,-0.42324385046958923,-0.6381874084472656,0.26066452264785767,30.367324829101562,-10.371296882629395,38.777225494384766,0
1030,10300159,-0.0036233861465007067,0.006575881503522396,-1.0049270391464233,-0.7700871229171753,0.5110057592391968,0.18727287650108337,29.549591064453125,-9.753841400146484,39.06875228881836,0
1031,10310136,-0.01430156733840704,-0.06375297904014587,-1.0032110214233398,0.29865697026252747,-0.14125898480415344,0.0960446447134018,31.679588317871094,-11.351988792419434,40.546112060546875,0
1032,10319990,0.019515495747327805,-0.18140020966529846,-1.0223169326782227,-0.5883685946464539,-0.16300539672374725,0.4293634593486786,31.421995162963867,-8.667780876159668,38.83423614501953,0
1033,10329975,0.09920890629291534,0.11418914049863815,-1.0067671537399292,0.4267553985118866,-0.28530892729759216,-0.11716390401124954,28.59721565246582,-8.901871681213379,40.17209243774414,0
1034,10339849,-0.005750130396336317,-0.06296598166227341,-1.0029445886611938,-0.054091677069664,0.03337099775671959,0.3277694582939148,31.27104377746582,-9.47250747680664,39.67325210571289,0
1035,10350026,0.014523825608193874,0.02996942773461342,-1.0035687685012817,-0.5255663990974426,0.3734998404979706,-0.6572627425193787,30.042869567871094,-10.401150703430176,41.12932586669922,0
1036,10360100,-0.07120589166879654,-0.030219517648220062,-0.9662690758705139,0.3134714663028717,0.01496199145913124,-0.19192135334014893,31.184192657470703,-10.387171745300293,41.973873138427734,0
1037,10370136,-0.05755068361759186,-0.11080267280340195,-0.9607734680175781,-0.16786246001720428,-0.20754897594451904,-0.8449483513832092,27.789260864257812,-10.821761131286621,40.36619567871094,0
1038,10379949,-0.010670430026948452,-0.0036654009018093348,-0.994486927986145,-0.11682014912366867,-0.3785631060600281,0.2551248371601105,28.784130096435547,-10.271018981933594,41.33122634887695,0
1039,10389744,0.0015698986826464534,0.017356283962726593,-1.0060666799545288,0.42986640334129333,-0.8574997782707214,0.13643832504749298,29.586545944213867,-9.55040454864502,39.76900100708008,0
1040,10400056,-0.04940006509423256,-0.0015481740701943636,-0.9772655963897705,-0.13248638808727264,-0.3600129783153534,0.4055742025375366,31.137361526489258,-11.021114349365234,39.84384536743164,0
1041,10410028,0.12648756802082062,-0.0534973107278347,-1.0002353191375732,-0.15280993282794952,-0.7364974021911621,-0.87307208776474,30.917633056640625,-9.849992752075195,40.20799255371094,0
1042,10420249,-0.028749851509928703,0.06679186969995499,-0.9980104565620422,-0.6485357284545898,-0.39721566438674927,-0.7850959300994873,28.756738662719727,-9.196818351745605,40.394474029541016,0
1043,10429769,-0.007215424440801144,-0.01705692708492279,-1.0256712436676025,0.20196020603179932,-1.2771856784820557,-0.5318045020103455,30.652633666992188,-9.336642265319824,40.21378707885742,0
1044,10440029,0.11529101431369781,0.04360964521765709,-1.0061540603637695,0.5393570065498352,-0.43812036514282227,-0.987153172492981,30.239078521728516,-8.92262077331543,38.99583435058594,0
1045,10450057,-0.003123887814581394,-0.018583867698907852,-0.9968034625053406,0.3207542598247528,0.25167331099510193,0.4880512058734894,31.029041290283203,-9.875396728515625,39.44496536254883,0
1046,10459964,-0.026285571977496147,-0.01751268468797207,-1.0026077032089233,-0.16656391322612762,1.115308403968811,-0.5754595994949341,29.016948699951172,-11.426529884338379,40.326568603515625,0
1047,10470040,0.0923943817615509,0.0879485160112381,-0.9863023161888123,-0.022452743723988533,-0.10199857503175735,0.22063758969306946,31.002653121948242,-9.596539497375488,40.278114318847656,0
1048,10479943,0.06736889481544495,-0.028581824153661728,-1.008717656135559,-1.0848934650421143,0.41121721267700195,0.16680744290351868,29.297351837158203,-11.39974308013916,38.97968673706055,0
1049,10490132,-0.009667829610407352,-0.037347469478845596,-0.990912675857544,0.24387824535369873,0.4918743669986725,0.599461019039154,29.106678009033203,-10.442374229431152,39.7786750793457,0
1050,10500127,-0.10260778665542603,0.020037531852722168,-1.0342867374420166,1.1233148574829102,0.40480196475982666,-0.06112489104270935,29.095964431762695,-11.840503692626953,40.429351806640625,0
1051,10510033,-0.06224292144179344,-0.03859012573957443,-1.015356183052063,0.21881292760372162,0.07481607049703598,-0.14991410076618195,31.012662887573242,-11.525726318359375,38.81607437133789,0
1052,10519883,0.09673120081424713,0.04657583683729172,-0.9750686287879944,0.003704220987856388,-2.377845703449566e-05,0.08290151506662369,29.737842559814453,-9.202377319335938,39.533565521240234,0
1053,10529880,-0.04465002566576004,-0.022365128621459007,-1.0036845207214355,0.14982201159000397,0.30222758650779724,0.03059191070497036,29.12078094482422,-9.629786491394043,39.241424560546875,0
1054,10540046,-0.0038235760293900967,0.011531444266438484,-0.9817670583724976,0.002647925866767764,-0.32426491379737854,0.3008038401603699,31.090112686157227,-9.922127723693848,39.99717712402344,0
1055,10550033,0.0313604436814785,-0.055131565779447556,-0.988698422908783,0.9368053078651428,0.4622856080532074,0.20026297867298126,30.461978912353516,-9.264510154724121,40.68752670288086,0
1056,10559785,-0.016502302139997482,0.04517385736107826,-0.984847903251648,-0.5187481045722961,-0.39565974473953247,0.057613104581832886,30.698226928710938,-9.215935707092285,39.40530014038086,0
1057,10570042,-0.013137565925717354,0.004275839775800705,-0.9564489126205444,-0.6848625540733337,0.07207826524972916,0.21777784824371338,29.5798397064209,-8.483234405517578,40.93733215332031,0
1058,10579968,-0.0037786555476486683,0.11284253001213074,-0.9880768060684204,0.7027134299278259,0.24184589087963104,0.8445345163345337,30.44048500061035,-10.76317310333252,39.26698303222656,0
1059,10589814,-0.03261686488986015,-0.06733935326337814,-0.9683113098144531,0.10540058463811874,0.14686816930770874,-0.7044491171836853,30.144758224487305,-11.091002464294434,39.60100555419922,0
1060,10599822,0.10529791563749313,0.048737019300460815,-1.0227203369140625,-0.16363616287708282,-0.3098021447658539,1.0878382921218872,28.651979446411133,-11.503148078918457,40.23910903930664,0
1061,10609743,-0.03807301074266434,0.03699589893221855,-1.013485074043274,-0.44673576951026917,-0.6037119626998901,0.32255327701568604,29.14881134033203,-9.921928405761719,40.518310546875,0
1062,10619629,0.04127280414104462,-0.0498332679271698,-0.9831059575080872,-0.21022088825702667,-0.668632447719574,-0.7728890180587769,31.374691009521484,-9.365456581115723,39.40693283081055,0
1063,10630083,0.01666586473584175,0.12347514927387238,-0.9646309614181519,0.22323714196681976,-0.4898180663585663,-0.050758060067892075,30.794755935668945,-11.053815841674805,40.314395904541016,0
1064,10640069,-0.010577008128166199,-0.01931770145893097,-1.0288994312286377,-0.4143404960632324,-0.2919497787952423,0.336283802986145,30.09617042541504,-10.116583824157715,39.28530502319336,0
1065,10649795,-0.03918332979083061,0.041007429361343384,-0.9887979030609131,-0.15455347299575806,0.49788516759872437,0.2082909196615219,30.59161376953125,-8.289907455444336,40.605262756347656,0
1066,10659885,0.05169801786541939,0.017326373606920242,-0.9856735467910767,0.34541669487953186,-0.38274407386779785,0.724503755569458,29.86298370361328,-11.982053756713867,39.647396087646484,0
1067,10669714,0.1288868933916092,0.017641238868236542,-1.003784418106079,0.2333170473575592,0.3206680119037628,0.253194123506546,28.90233612060547,-10.134082794189453,37.24492263793945,0
1068,10680028,0.06945985555648804,-0.04625251889228821,-0.9937275648117065,-0.13361315429210663,0.4419070780277252,0.09668609499931335,29.0439395904541,-7.550797462463379,39.592506408691406,0
1069,10689893,0.035270825028419495,0.029163269326090813,-1.006027102470398,0.10573497414588928,-0.12478337436914444,-0.09928665310144424,30.795618057250977,-8.897160530090332,41.41595458984375,0
1070,10700031,-0.023203188553452492,-0.09652943164110184,-0.9838135242462158,-0.07122966647148132,-0.4809666574001312,-0.2171558290719986,29.63860321044922,-10.269637107849121,40.32833480834961,0
1071,10710024,-0.024757200852036476,0.1026807650923729,-0.9734358787536621,-0.9867860674858093,0.0248270221054554,-0.7399453520774841,29.414459228515625,-10.399919509887695,37.91358947753906,0
1072,10719863,-0.025520941242575645,-0.005672309082001448,-0.9944867491722107,-0.5669146180152893,0.2565382122993469,-0.3179871439933777,31.309465408325195,-10.734326362609863,39.32604217529297,0
1073,10729699,0.08090890198945999,-0.06010735034942627,-0.9850226640701294,0.6280408501625061,0.4794185161590576,0.43642327189445496,29.128881454467773,-9.474005699157715,42.364139556884766,0
1074,10739789,-0.027933567762374878,-0.00797262042760849,-1.0135809183120728,0.3213372826576233,-0.08593279123306274,-0.6816015243530273,29.654884338378906,-10.904281616210938,40.07037353515625,0
1075,10750111,0.06357543915510178,-0.02297080121934414,-0.9550755620002747,-0.14150047302246094,-0.020907558500766754,0.1629718542098999,29.80673599243164,-9.087611198425293,39.73870849609375,0
1076,10760128,0.04426233097910881,0.07225082814693451,-0.9556252360343933,0.168527290225029,-0.060150884091854095,-0.222050279378891,30.60882568359375,-8.451082229614258,39.58669662475586,0
1077,10770048,-0.024172257632017136,-0.0354197695851326,-0.9748454689979553,-0.21148981153964996,-0.33593830466270447,0.08622922003269196,29.30858039855957,-10.356741905212402,39.00945281982422,0
1078,10780040,-0.10137400031089783,-0.009434612467885017,-1.0352630615234375,-0.7124751210212708,-0.08324844390153885,-0.6621484160423279,29.756715774536133,-8.736791610717773,40.09429168701172,0
1079,10789710,0.016467086970806122,0.03955801948904991,-0.9745467305183411,-0.8725420832633972,-0.30965518951416016,0.10016737133264542,29.328399658203125,-11.552865028381348,41.140464782714844,0
1080,10800166,-0.03173049911856651,0.006452075205743313,-0.9607667326927185,-0.6773878931999207,0.8524166345596313,0.7943344116210938,31.23102378845215,-10.27731990814209,40.10879135131836,0
1081,10809720,0.08495434373617172,-0.04655824601650238,-1.0377562046051025,0.08649511635303497,0.02077394165098667,0.6593630313873291,31.03307342529297,-10.967721939086914,40.32100296020508,0
1082,10819879,0.0543103851377964,0.05368383228778839,-1.00077223777771,-0.4443436861038208,0.7558664679527283,-0.27987876534461975,29.402469635009766,-9.19095516204834,39.8157958984375,0
1083,10830031,0.0637856274843216,-0.010911433957517147,-0.9854753017425537,-0.26112091541290283,-0.5344835519790649,-0.7591970562934875,30.083234786987305,-8.55953598022461,41.92227554321289,0
1084,10839644,0.046272438019514084,-0.008600259199738503,-1.0464985370635986,-0.7192514538764954,0.7064424157142639,-0.7559755444526672,30.162940979003906,-10.785913467407227,40.24911117553711,0
1085,10849971,-0.060336314141750336,-0.012951841577887535,-1.001266598701477,0.0843501091003418,0.20167645812034607,0.9067502021789551,30.376392364501953,-9.302742004394531,40.43397521972656,0
1086,10859890,0.013537281192839146,-0.0562751442193985,-0.977233350276947,-0.4798468053340912,-0.20461268723011017,0.13134261965751648,31.185565948486328,-10.494551658630371,41.04411697387695,0
1087,10870067,0.0016562769887968898,-0.044439658522605896,-0.9806856513023376,0.2432837188243866,-0.9583882689476013,0.7906333208084106,30.629894256591797,-10.600037574768066,40.51052474975586,0
1088,10880147,-0.04019831120967865,-0.004611245822161436,-0.9797905087471008,-0.4150458574295044,-0.2984132766723633,0.3288664221763611,29.485469818115234,-8.317314147949219,39.65714645385742,0
1089,10890020,-0.061039604246616364,-0.09727655351161957,-0.9881726503372192,-0.6821843385696411,0.005461221560835838,0.0032777555752545595,29.929758071899414,-8.79405689239502,39.5536003112793,0
1090,10899906,-0.03470022976398468,-0.02486776001751423,-0.9919094443321228,0.7137746214866638,0.9416772723197937,-0.5520294904708862,31.396984100341797,-11.05588150024414,39.649566650390625,0
1091,10909961,-0.06052181124687195,-0.012915348634123802,-1.0363092422485352,0.010743679478764534,-0.5430297255516052,-0.678841233253479,30.63930892944336,-8.9750394821167,39.96227264404297,0
1092,10920281,0.04365447163581848,0.05424133315682411,-0.9993338584899902,-0.004780694842338562,0.5971781015396118,-0.7180689573287964,29.347240447998047,-8.001839637756348,39.010154724121094,0
1093,10930005,0.022121509537100792,0.024802042171359062,-1.004978060722351,-0.7683963179588318,1.2434823513031006,0.4436541497707367,30.488327026367188,-10.411734580993652,40.537662506103516,0
1094,10939851,-0.034578610211610794,0.024467794224619865,-0.9955074787139893,-0.6812304258346558,0.8298766016960144,-0.49864712357521057,29.41703224182129,-9.986323356628418,39.946041107177734,0
1095,10950263,-0.03680912032723427,0.05491163209080696,-1.0229676961898804,0.18093709647655487,-0.8546928763389587,-0.3758479654788971,30.18235206604004,-8.741260528564453,39.80716323852539,0
1096,10959898,0.04887224733829498,-0.020533541217446327,-1.0172600746154785,0.6317592263221741,0.08770778775215149,-0.5098045468330383,29.606189727783203,-8.989017486572266,38.7773323059082,0
1097,10969890,0.0244755856692791,-0.04004385694861412,-1.006772756576538,-0.6459848284721375,-0.6029552221298218,1.084975242614746,29.459856033325195,-9.287510871887207,38.94915008544922,0
1098,10980121,-0.031825464218854904,-0.041531991213560104,-0.956976056098938,0.5246456265449524,-0.05020136758685112,0.12462608516216278,29.94992446899414,-10.853355407714844,39.795875549316406,0
1099,10989825,-0.11706618219614029,0.0013715501409024,-0.9729554057121277,-0.4721355736255646,-0.4224540591239929,0.5984678268432617,30.056440353393555,-9.274823188781738,41.55571365356445,0
1100,10999925,0.07282176613807678,0.03979694843292236,-1.0031503438949585,0.5307601690292358,-0.01722005009651184,-0.06792882829904556,30.05067253112793,-7.2615485191345215,41.77994155883789,0
1101,11010063,-0.07203538715839386,-0.044837430119514465,-0.9857491254806519,0.5372608304023743,-0.32430005073547363,0.651416003704071,27.312522888183594,-10.072158813476562,41.51494598388672,0
1102,11019718,-0.03844096511602402,-0.02469307743012905,-0.981532871723175,-0.7848625183105469,-0.5109965205192566,-0.013160264119505882,30.5235595703125,-10.118793487548828,40.423118591308594,0
1103,11029673,-0.025291556492447853,0.028368916362524033,-1.00775146484375,0.8142144083976746,0.8164811730384827,0.0016289965715259314,28.479219436645508,-9.627498626708984,40.803680419921875,0
1104,11040266,0.0004647370078600943,0.024892808869481087,-0.9574840068817139,-0.17036409676074982,-0.6539933085441589,-0.30578669905662537,29.975006103515625,-11.015141487121582,40.87851333618164,0
1105,11050156,-0.042631860822439194,-0.000523713300935924,-0.9915274977684021,-0.12650078535079956,-0.10301753133535385,-1.4650580883026123,30.258312225341797,-11.73141860961914,41.236778259277344,0
1106,11060063,-0.0773925930261612,0.03461663797497749,-0.9912191033363342,0.03386856988072395,0.3730551302433014,0.5436392426490784,31.33790397644043,-11.167180061340332,38.45198440551758,0
1107,11069716,-0.06873282045125961,0.02696518413722515,-1.0523916482925415,-0.6299594044685364,-0.03876649960875511,0.5087459087371826,31.059789657592773,-9.090685844421387,42.147438049316406,0
1108,11079858,-0.0371658094227314,-0.030676787719130516,-0.987970769405365,0.12686647474765778,0.05738730728626251,0.4194556772708893,28.57041358947754,-8.53447437286377,40.35250473022461,0
1109,11090010,-0.039820145815610886,-0.04781641066074371,-0.9759961366653442,-0.04917513579130173,0.024431416764855385,0.0035657244734466076,28.66983985900879,-10.72385025024414,38.13227462768555,0
1110,11099734,0.007890811190009117,0.023393454030156136,-1.0171724557876587,0.5155717134475708,-0.0620751827955246,-0.8475532531738281,29.390939712524414,-9.488862037658691,39.69149398803711,0
1111,11109930,0.05498921498656273,0.017585337162017822,-1.0179781913757324,-0.13522984087467194,-0.9292588233947754,-0.1863650679588318,30.564062118530273,-9.364168167114258,39.87386703491211,0
1112,11119981,0.04158925265073776,-0.03731769695878029,-1.004825472831726,0.5537724494934082,-0.4416229724884033,-0.06596255302429199,29.618728637695312,-10.435956001281738,40.229766845703125,0
1113,11130050,-0.019885526970028877,-0.04004434868693352,-1.0073668956756592,-0.1430818885564804,0.3500630855560303,0.04435638338327408,30.64142417907715,-10.034370422363281,41.26013946533203,0
1114,11140058,0.026741767302155495,0.0007593483896926045,-0.9635559320449829,0.156429260969162,0.12848599255084991,-0.008281026966869831,29.849180221557617,-9.267871856689453,38.6019287109375,0
1115,11149908,-0.0356999970972538,-0.024307990446686745,-0.9959752559661865,-0.38066399097442627,-0.1552518606185913,0.32085373997688293,29.0745849609375,-10.804329872131348,39.673728942871094,0
1116,11159902,-0.014980092644691467,0.038529690355062485,-0.9774122834205627,0.0032671678345650434,0.1364317387342453,-1.2019468545913696,31.17120361328125,-9.95952033996582,40.80647277832031,0
1117,11170097,-0.03286417946219444,0.0247381329536438,-0.9833417534828186,0.4875202775001526,-0.8351884484291077,0.4816935360431671,32.079837799072266,-9.939584732055664,39.168331146240234,0
1118,11179829,0.031238501891493797,0.08007711172103882,-0.9822820425033569,-0.4292818605899811,-0.3181956112384796,-0.025260744616389275,31.589906692504883,-10.166747093200684,41.38190841674805,0
1119,11190037,0.00978537555783987,0.07565443962812424,-0.9951120615005493,0.43125176429748535,-0.553032398223877,0.19837652146816254,30.479633331298828,-11.13226318359375,40.077003479003906,0
1120,11199661,0.09923040121793747,-0.020974185317754745,-0.9800758957862854,-0.6769585013389587,-0.5792412757873535,-0.23819851875305176,30.106948852539062,-9.774188041687012,39.93693542480469,0
1121,11210075,0.0945236012339592,-0.05868636444211006,-1.0042070150375366,-0.21204529702663422,-1.6170357465744019,0.5135921835899353,29.84586524963379,-11.239818572998047,41.36152267456055,0
1122,11220258,0.07372711598873138,0.010299543850123882,-0.9883545637130737,0.46093201637268066,-0.7105038166046143,-1.161912441253662,29.91985511779785,-10.127632141113281,40.83945846557617,0
1123,11229957,0.06893014907836914,0.030590761452913284,-0.9519935250282288,0.7140457034111023,-0.026303431019186974,-0.5549702048301697,29.940771102905273,-9.598170280456543,40.6514892578125,0
1124,11240046,0.06612563133239746,-0.08041707426309586,-0.984297513961792,0.04742000624537468,0.6070653200149536,0.43792226910591125,30.911087036132812,-10.365072250366211,38.47313690185547,0
1125,11249735,0.006045357324182987,0.03425547108054161,-0.9550235867500305,0.43510034680366516,0.0032908059656620026,-0.23729753494262695,29.8468017578125,-11.399520874023438,41.2938346862793,0
1126,11260031,0.011552160605788231,0.1070336401462555,-0.9992161393165588,0.048212967813014984,0.15610213577747345,-0.05962648615241051,29.98027229309082,-10.321372032165527,39.13957595825195,0
1127,11269980,-0.02616015262901783,-0.021374017000198364,-1.031772255897522,-0.23770225048065186,-0.6688204407691956,0.5007900595664978,30.610612869262695,-10.538301467895508,41.64065170288086,0
1128,11279989,0.022322000935673714,0.06886442005634308,-0.9852935075759888,-0.7337494492530823,-0.310409814119339,-0.5082527995109558,28.183364868164062,-9.43439769744873,41.217594146728516,0
1129,11289809,-0.0010763563914224505,0.05776465684175491,-0.9874975681304932,0.174724742770195,-0.889737069606781,0.12362821400165558,30.15854263305664,-11.718194961547852,39.28018569946289,0
1130,11300032,-0.08851927518844604,0.0363573357462883,-1.0166070461273193,-0.12476785480976105,-0.7773027420043945,0.1361514776945114,29.740550994873047,-9.890299797058105,39.8599853515625,0
1131,11309821,-0.060411788523197174,-0.024039292708039284,-1.007131576538086,-0.07913554459810257,-0.9598969221115112,-0.5231965780258179,28.53169059753418,-8.840415954589844,38.88203048706055,0
1132,11320008,0.002327495953068137,-0.027945317327976227,-1.0235456228256226,-0.4712911546230316,0.24337874352931976,0.1953510344028473,32.39041519165039,-10.761635780334473,40.856380462646484,0
1133,11329705,-0.018595736473798752,0.09032159298658371,-0.9675238132476807,-0.0036188282538205385,0.39800792932510376,-1.413060188293457,30.538076400756836,-10.748187065124512,40.756107330322266,0
1134,11340032,0.05479639023542404,-0.07032102346420288,-1.0341448783874512,0.2691648006439209,-0.10905148088932037,0.20952486991882324,29.877531051635742,-8.618119239807129,38.76969528198242,0
1135,11350242,0.058103423565626144,-0.0018554312409833074,-1.0002261400222778,0.2807937264442444,0.15546944737434387,0.22677116096019745,29.661821365356445,-11.454523086547852,41.23983383178711,0
1136,11360115,0.07255801558494568,-0.06349924951791763,-0.9941524863243103,0.004506738390773535,-0.870596170425415,-0.12025149166584015,30.015939712524414,-9.974604606628418,38.73989486694336,0
1137,11370358,-0.06811635196208954,0.046792883425951004,-0.987808108329773,0.19983743131160736,0.7375888824462891,-0.22537775337696075,30.12042999267578,-11.625092506408691,42.197471618652344,0
1138,11380039,-0.01221269927918911,-0.011653007939457893,-0.9611642360687256,-0.5009368658065796,0.3494052588939667,-1.012006163597107,31.274051666259766,-10.029923439025879,38.17169189453125,0
1139,11389975,-0.03661292418837547,-0.05277136713266373,-1.0261540412902832,-0.2853469252586365,-0.7884823083877563,-0.051171787083148956,30.575885772705078,-9.855501174926758,40.93135070800781,0
1140,11399953,-0.015481445007026196,0.006592894438654184,-1.0427985191345215,0.02875598333775997,-0.11307976394891739,-0.10819148272275925,27.783565521240234,-10.00623893737793,40.12007522583008,0
1141,11409953,0.045808833092451096,0.008652687072753906,-1.0120471715927124,-1.0202796459197998,1.04584801197052,0.42002907395362854,30.653167724609375,-11.063305854797363,40.80660629272461,0
1142,11420233,0.006879460532218218,-0.021818477660417557,-1.0088539123535156,0.9687883257865906,-0.2711178958415985,0.31673988699913025,30.216320037841797,-10.79483699798584,38.4865837097168,0
1143,11430279,-0.008023829199373722,-0.031782522797584534,-1.0282506942749023,-1.126172661781311,-0.21496140956878662,-0.27262169122695923,30.39325714111328,-8.6958646774292,40.19758987426758,0
1144,11440022,0.005547836888581514,0.008187464438378811,-0.9938654899597168,-0.6542723774909973,-0.5461639761924744,-0.12432350963354111,29.241779327392578,-9.054699897766113,39.432926177978516,0
1145,11449906,0.0537848137319088,0.03166169673204422,-1.015459418296814,-1.0269443988800049,-0.23355786502361298,-0.17785125970840454,29.962831497192383,-9.252700805664062,42.39562225341797,0
1146,11459906,0.009896240197122097,0.054778989404439926,-0.9945524334907532,-0.01705489680171013,-0.5440025329589844,-0.23137816786766052,30.218753814697266,-10.611742973327637,37.89669418334961,0
1147,11469920,-0.006068072747439146,-0.07254983484745026,-0.987200915813446,-0.09799977391958237,0.03171005845069885,0.04032564163208008,28.084667205810547,-12.71181869506836,39.79489517211914,0
1148,11479809,0.022433321923017502,-0.013629068620502949,-1.0294822454452515,-0.4042300581932068,-0.8184446692466736,0.23965097963809967,30.296112060546875,-10.406137466430664,39.78123092651367,0
1149,11489999,-0.024340353906154633,0.005480849649757147,-1.002658486366272,-0.87459796667099,-0.43959638476371765,0.6136210560798645,31.416385650634766,-9.3253812789917,40.1617546081543,0
1150,11500092,-0.004033053293824196,0.02848813310265541,-1.0035675764083862,-0.8780180811882019,-0.2255428582429886,0.12225572019815445,31.50889015197754,-10.508112907409668,39.48588562011719,0
1151,11509807,-0.08839219063520432,0.09670042246580124,-0.9873540997505188,-0.12692487239837646,-0.3233222961425781,0.6971306204795837,28.37421989440918,-11.145452499389648,39.37531661987305,0
1152,11520255,0.0025895475409924984,-0.04537054896354675,-1.0295201539993286,0.00966164655983448,0.6352659463882446,0.23095807433128357,29.70100212097168,-8.937533378601074,40.614925384521484,0
1153,11529985,0.04478740692138672,-0.11006304621696472,-1.028051733970642,-0.20901426672935486,0.040828555822372437,0.09986356645822525,31.050294876098633,-10.895254135131836,40.225982666015625,0
1154,11540046,-0.01278491411358118,-0.007432817481458187,-1.0105416774749756,-0.1482568085193634,-1.0455018281936646,-0.3179146349430084,28.961233139038086,-10.709517478942871,38.369346618652344,0
1155,11549990,0.013675129041075706,-0.03386622667312622,-0.9937841296195984,-1.2845466136932373,0.37672144174575806,0.41666755080223083,30.877086639404297,-9.595580101013184,39.06322479248047,0
1156,11560094,-0.044686365872621536,0.062356796115636826,-0.9984811544418335,-0.3740859031677246,0.9762903451919556,-0.2458353042602539,30.633337020874023,-8.384830474853516,41.21942138671875,0
1157,11569920,0.014797807671129704,0.01692258007824421,-1.0025451183319092,-0.6703770160675049,-0.8536840081214905,-0.6032786965370178,29.426780700683594,-8.734304428100586,40.16771697998047,0
1158,11579776,0.01587633229792118,-0.027117684483528137,-1.0003304481506348,-0.2151053547859192,-0.2073763906955719,0.8952911496162415,29.925891876220703,-9.642133712768555,40.467594146728516,0
1159,11590159,-0.05078126862645149,-0.03821089118719101,-1.0047551393508911,-0.09833873808383942,-0.256876140832901,0.04038972035050392,29.27081871032715,-8.813589096069336,41.238739013671875,0
1160,11599808,-0.05087682977318764,-0.017349962145090103,-0.9854601621627808,0.405233770608902,1.1052838563919067,-0.025089165195822716,29.224201202392578,-9.502808570861816,40.597774505615234,0
1161,11609910,0.020082972943782806,0.012452554889023304,-1.0318470001220703,0.5196219682693481,0.2824426591396332,-0.5604051947593689,30.533536911010742,-10.753788948059082,38.31547164916992,0
1162,11620252,-0.03214867040514946,0.02305150404572487,-1.0126047134399414,0.034470874816179276,-0.3090752959251404,0.500210702419281,28.799501419067383,-11.00731372833252,42.02841567993164,0
1163,11630097,-0.062068354338407516,-0.047139208763837814,-1.0304243564605713,0.5180819630622864,-0.5586943626403809,-0.07673340290784836,31.5465030670166,-12.00700855255127,38.4441032409668,0
1164,11640051,-0.02489796280860901,-0.03218098357319832,-0.9864784479141235,0.5359402298927307,-0.02551627717912197,0.39891570806503296,30.93059539794922,-8.284446716308594,41.21930694580078,0
1165,11649977,-0.09375117719173431,0.04380742460489273,-1.0119589567184448,-0.14731693267822266,0.37108471989631653,0.535767138004303,29.773595809936523,-9.495183944702148,40.53499221801758,0
1166,11659997,0.014940859749913216,0.022123342379927635,-1.0011402368545532,0.12540604174137115,0.7764666676521301,-0.5496152639389038,29.663166046142578,-8.966565132141113,38.96974563598633,0
1167,11669867,0.04423104226589203,0.046257056295871735,-0.9963786602020264,-0.20724369585514069,-0.46236953139305115,-0.4732598662376404,28.17332649230957,-11.95561695098877,40.139373779296875,0
1168,11679968,0.02621139958500862,-0.06775456666946411,-1.0235859155654907,-0.38696539402008057,-0.5136718153953552,-0.861663818359375,28.892261505126953,-9.95922565460205,39.455909729003906,0
1169,11690027,-0.05111152306199074,-0.10286945104598999,-1.0058265924453735,0.6357422471046448,0.3923184275627136,0.6828614473342896,30.216249465942383,-9.417749404907227,39.56256103515625,0
1170,11700175,-0.04059780016541481,0.05388602986931801,-0.9957560896873474,-0.4343288540840149,-0.6074681282043457,0.07969054579734802,29.903162002563477,-9.393746376037598,39.64907455444336,0
1171,11710126,-0.04193877428770065,-0.0017605348257347941,-1.0078768730163574,-0.7669333219528198,-0.30989301204681396,0.14755304157733917,30.00438690185547,-7.640981674194336,38.30706024169922,0
1172,11719881,0.06413662433624268,0.051925379782915115,-0.988217294216156,-0.3138478398323059,0.8862876892089844,-0.4020555317401886,31.09531593322754,-10.659173011779785,40.670318603515625,0
1173,11729856,0.010556770488619804,-0.028760995715856552,-0.9999189972877502,0.1867223083972931,-0.5500929951667786,0.16758933663368225,30.72397232055664,-8.937847137451172,39.47417068481445,0
1174,11739941,0.006377076730132103,0.05294954776763916,-0.9949550032615662,0.8553809523582458,0.6966450810432434,-0.27173250913619995,29.267263412475586,-10.05473518371582,40.08991622924805,0
1175,11749961,0.013063175603747368,0.0989966168999672,-1.025244951248169,0.8315753936767578,-0.2594923973083496,-0.20674735307693481,28.82366371154785,-10.18852424621582,39.13217544555664,0
1176,11759838,-0.08444090932607651,0.0046319211833179,-1.013454556465149,-0.505645751953125,0.10026824474334717,-0.3327372968196869,30.328536987304688,-9.807596206665039,41.011878967285156,0
1177,11769926,0.03548261523246765,0.07439033687114716,-1.035628080368042,-0.4948097765445709,-0.10308511555194855,-0.10932476818561554,27.82372283935547,-9.331297874450684,38.84095001220703,0
1178,11779790,0.0048853205516934395,0.018236499279737473,-0.9925813674926758,-0.28458231687545776,-0.22332918643951416,0.6371788382530212,31.17648696899414,-11.308503150939941,38.179847717285156,0
1179,11789979,-0.04114760085940361,0.004793605301529169,-0.9880623817443848,-0.6966721415519714,0.9569898247718811,-0.5040096640586853,30.01323127746582,-10.99057388305664,39.988975524902344,0
1180,11800274,-0.058855704963207245,0.11794554442167282,-0.9820995926856995,0.2878452241420746,0.7195200324058533,0.46252042055130005,30.375080108642578,-9.785802841186523,40.49199295043945,0
1181,11809920,-0.13737058639526367,-0.03244926035404205,-0.982260525226593,0.7015367746353149,0.6085019707679749,0.4523664712905884,29.91192626953125,-8.284693717956543,42.388954162597656,0
1182,11820060,0.0047987354919314384,0.03252020105719566,-1.0185296535491943,-0.5086971521377563,-0.6318778991699219,0.31485384702682495,28.614084243774414,-9.70961856842041,41.454715728759766,0
1183,11830051,-0.11394168436527252,-0.06191437691450119,-0.990278422832489,0.17198504507541656,0.4307764768600464,0.9035286903381348,29.87517547607422,-7.250381946563721,40.116947174072266,0
1184,11840057,-0.050940386950969696,0.009651494212448597,-1.0201541185379028,0.1033250167965889,0.10013308376073837,0.40784740447998047,29.703176498413086,-9.361916542053223,40.2883415222168,0
1185,11850286,-0.03980851545929909,-0.0782124474644661,-0.9856756329536438,-0.5580459237098694,0.3927510976791382,0.205452099442482,30.611099243164062,-9.010401725769043,40.7338752746582,0
1186,11859984,0.04286274313926697,-0.05120139569044113,-0.9782083630561829,0.684772789478302,-0.10274296253919601,0.23795126378536224,29.081947326660156,-11.052884101867676,42.024497985839844,0
1187,11870112,-0.02307763136923313,0.06303248554468155,-0.9997092485427856,0.4022951126098633,-0.7648793458938599,-1.0433688163757324,28.991086959838867,-11.747265815734863,41.41380310058594,0
1188,11879963,-0.023246072232723236,-0.06883107125759125,-0.993850827217102,-0.26951634883880615,-0.13354067504405975,0.18390706181526184,30.045469284057617,-9.190515518188477,39.120121002197266,0
1189,11889738,-0.040774598717689514,-0.024501534178853035,-1.0022733211517334,-0.28719404339790344,-0.6419998407363892,0.08083075284957886,29.76534652709961,-9.19945240020752,38.817108154296875,0
1190,11900053,-0.03745727986097336,0.06799406558275223,-1.004734992980957,0.44137388467788696,-0.2557991147041321,0.037815120071172714,31.33226203918457,-7.454787731170654,40.20545196533203,0
1191,11909876,-0.021553698927164078,-0.02202387899160385,-1.0061073303222656,0.33703604340553284,0.2249506562948227,-0.21688194572925568,30.404550552368164,-9.972603797912598,40.65766143798828,0
1192,11920208,-0.04067959636449814,-0.07661857455968857,-0.9844954013824463,-0.06928710639476776,0.857946515083313,0.27612268924713135,30.002336502075195,-7.978987216949463,39.43159866333008,0
1193,11929981,0.045451145619153976,-0.037274692207574844,-0.9814519286155701,0.06825188547372818,0.811688244342804,-0.5111560225486755,27.487913131713867,-10.154260635375977,40.19353485107422,0
1194,11939936,0.05153559893369675,0.020786959677934647,-0.9928596615791321,-0.09618527442216873,-0.1941479742527008,-0.2909596264362335,28.87265968322754,-10.093634605407715,37.907352447509766,0
1195,11950307,0.052866771817207336,0.01643383502960205,-1.0205010175704956,0.06654489040374756,-0.4220554828643799,-0.23562310636043549,30.175622940063477,-11.16318130493164,38.55664825439453,0
1196,11959969,-0.0060925912111997604,0.01468057930469513,-0.9989346265792847,-0.9556745290756226,-0.07928085327148438,0.07658185809850693,30.059349060058594,-10.468390464782715,39.26197052001953,0
1197,11970301,0.02039513550698757,-0.02130449190735817,-0.9978352189064026,0.40270134806632996,-0.23159797489643097,0.2761206328868866,30.02600860595703,-9.444799423217773,39.727169036865234,0
1198,11979983,-0.022668708115816116,-0.025433052331209183,-0.9703933596611023,0.5099036693572998,0.007298496551811695,-0.15838535130023956,29.84279441833496,-10.38422679901123,39.275634765625,0
1199,11989850,-0.013230756856501102,0.058973561972379684,-1.0153428316116333,-0.5117480754852295,-0.06992334127426147,-0.10713857412338257,29.252153396606445,-9.475320816040039,40.371337890625,0
1200,11999890,0.020812582224607468,0.006153115537017584,-1.0100464820861816,0.8509142994880676,1.6140505075454712,0.12973059713840485,29.374835968017578,-9.612357139587402,39.6223030090332,0
1201,12009859,-0.03448217734694481,-0.03594956174492836,-0.9971634149551392,-0.3097516894340515,0.6811152696609497,-0.2246324121952057,30.602510452270508,-10.485405921936035,38.782203674316406,0
1202,12019986,-0.03927948325872421,0.02800893411040306,-1.0164024829864502,-0.14193731546401978,0.060737431049346924,0.9417278170585632,29.544401168823242,-9.596444129943848,40.0665283203125,0
1203,12029961,-0.11639115959405899,-0.00307065830565989,-1.0036312341690063,0.6964219212532043,0.827319324016571,0.11427904665470123,30.132354736328125,-8.953250885009766,39.898685455322266,0
1204,12040198,-0.015099868178367615,0.020014801993966103,-1.0045722723007202,-0.3330227732658386,-0.6152087450027466,0.22100214660167694,30.785974502563477,-9.588796615600586,40.1513557434082,0
1205,12050007,0.061843398958444595,0.050758738070726395,-1.0109336376190186,-0.013294952921569347,0.8917967677116394,0.22215095162391663,30.39232063293457,-10.09408187866211,39.13313293457031,0
1206,12059838,0.001381163252517581,0.004826734308153391,-1.015024185180664,-0.6233358383178711,0.042948976159095764,0.1795186698436737,30.60686492919922,-9.78059196472168,40.65285873413086,0
1207,12070234,0.04464028403162956,-0.042754895985126495,-1.0449355840682983,0.18309776484966278,0.08314023166894913,-0.7182732224464417,30.47635269165039,-9.94286823272705,41.713443756103516,0
1208,12080080,-0.1477222889661789,-0.012886233627796173,-0.9968620538711548,1.107108473777771,-0.7441679835319519,0.762163519859314,29.932714462280273,-8.390283584594727,37.4651985168457,0
1209,12089792,-0.03509151563048363,0.042004991322755814,-0.9927833676338196,0.29187753796577454,-0.11940723657608032,0.5563358068466187,29.252490997314453,-10.15811538696289,39.72748947143555,0
1210,12100045,0.04897268861532211,-0.06429874897003174,-0.9779407382011414,-0.4584534764289856,0.5439893007278442,0.794732391834259,29.503347396850586,-9.716723442077637,38.862369537353516,0
1211,12109901,-0.01132717914879322,0.006635803729295731,-1.003082275390625,-0.12876597046852112,0.03699301555752754,-0.94777512550354,31.101835250854492,-11.23250961303711,41.21915054321289,0
1212,12120307,-0.016769928857684135,0.01950189843773842,-1.014318585395813,0.02446107007563114,0.10928287357091904,-0.46345123648643494,29.964651107788086,-9.578374862670898,39.17521286010742,0
1213,12130101,-0.03461753576993942,-0.04881517216563225,-0.984529972076416,-0.7312146425247192,-1.2239160537719727,0.22437867522239685,30.871028900146484,-11.291402816772461,40.13376998901367,0
1214,12140023,-0.021132705733180046,0.029095182195305824,-0.9831044673919678,0.03171048313379288,-0.027608221396803856,-0.31723207235336304,29.633975982666016,-10.8185453414917,39.83575439453125,0
1215,12150309,-0.08414947241544724,-0.03328653797507286,-1.0069401264190674,-0.8347226977348328,0.19131973385810852,-0.0673375353217125,29.3431453704834,-10.938640594482422,39.82285690307617,0
1216,12160001,-0.03127797320485115,-0.0050693112425506115,-1.0235360860824585,-0.35214823484420776,-0.492437481880188,0.5027974247932434,30.14438247680664,-10.201101303100586,39.25704574584961,0
1217,12170009,-0.01172828208655119,-0.055542632937431335,-0.9708755016326904,0.46195733547210693,0.43185311555862427,0.22617554664611816,29.18519401550293,-10.007827758789062,40.9720573425293,0
1218,12180038,0.02172916941344738,-0.11260735243558884,-1.0395804643630981,1.0342683792114258,-0.29185184836387634,-0.08402282744646072,28.657150268554688,-9.964689254760742,39.91105270385742,0
1219,12190043,-0.09014080464839935,0.036811280995607376,-1.004993200302124,-0.4866763949394226,-0.31584906578063965,0.43700090050697327,30.27550506591797,-10.290908813476562,38.2979736328125,0
1220,12199978,-0.06589408218860626,0.02797470986843109,-1.0003472566604614,0.041841182857751846,0.1682422161102295,-0.16261838376522064,30.56702423095703,-10.079545021057129,38.638954162597656,0
1221,12210155,0.007073272950947285,0.004944778513163328,-1.0135658979415894,-0.9911017417907715,0.7294080853462219,0.12681186199188232,28.834796905517578,-8.467874526977539,41.8230094909668,0
1222,12220184,0.08308710902929306,0.029185298830270767,-0.9560880661010742,0.13222503662109375,0.07552036643028259,0.21579328179359436,29.942977905273438,-8.629674911499023,40.155094146728516,0
1223,12230035,0.006178006064146757,0.03147284314036369,-0.968634307384491,0.9551284313201904,-0.9400510191917419,0.3730294704437256,30.116907119750977,-12.156880378723145,39.2047233581543,0
1224,12240090,-0.10622703284025192,-0.01787988841533661,-1.016211748123169,0.6961211562156677,-0.5638315081596375,-0.08952070027589798,30.59520721435547,-8.613542556762695,40.0374641418457,0
1225,12250036,-0.0829097181558609,-0.010541416704654694,-1.0026788711547852,-0.9367805123329163,0.5038731098175049,-0.259310781955719,27.781606674194336,-9.579763412475586,39.59312438964844,0
1226,12260048,-0.004050855524837971,0.02558532916009426,-0.9982181787490845,-0.5964513421058655,-0.5016187429428101,0.012263642624020576,28.868507385253906,-12.362948417663574,41.38780975341797,0
1227,12269903,0.04141784831881523,0.018811060115695,-1.0159971714019775,0.17788338661193848,0.556516170501709,-0.2934810221195221,28.590059280395508,-9.97929573059082,41.821327209472656,0
1228,12280090,0.042155634611845016,0.0415986105799675,-1.031674861907959,0.3959234058856964,-0.6406886577606201,0.17141883075237274,28.732646942138672,-10.176389694213867,40.15224838256836,0
1229,12289912,-0.001970024546608329,0.047455307096242905,-0.9980209469795227,0.0009962971089407802,0.9522610902786255,-0.02641349844634533,30.269079208374023,-11.731898307800293,39.99858093261719,0
1230,12300063,0.06483520567417145,0.03242253512144089,-1.0053150653839111,-0.4323479235172272,0.07971770316362381,-0.440693199634552,29.91667938232422,-11.81850528717041,42.667110443115234,0
1231,12310063,0.09494996815919876,0.017473753541707993,-0.9970362782478333,0.35846373438835144,0.545866072177887,0.345163494348526,29.969385147094727,-9.208603858947754,39.91960906982422,0
1232,12319985,0.04377661645412445,-0.032077934592962265,-1.0098052024841309,0.296261727809906,0.10421966016292572,-0.869380533695221,29.668806076049805,-8.040872573852539,38.70576477050781,0
1233,12329976,0.04128722846508026,0.08321079611778259,-1.0199499130249023,-0.14348100125789642,0.196201890707016,0.43499013781547546,29.5469970703125,-9.270217895507812,41.159488677978516,0
1234,12339991,-0.03183027729392052,-0.08712844550609589,-1.0110045671463013,-0.637776792049408,0.3227356970310211,-0.30214545130729675,29.833118438720703,-8.686020851135254,41.44521713256836,0
1235,12349885,-0.05233154818415642,0.020152894780039787,-1.0047483444213867,-0.12632280588150024,0.3678835332393646,-0.10626345872879028,31.05166244506836,-10.732538223266602,39.81706619262695,0
1236,12360149,0.018519775941967964,0.003996227867901325,-0.9942046403884888,0.4288487434387207,-0.0007031559362076223,-1.0855109691619873,28.6163387298584,-10.583541870117188,39.44535446166992,0
1237,12369989,0.023108169436454773,0.01956017315387726,-0.9617019295692444,0.5213854312896729,-0.8559818863868713,-0.519449770450592,31.557857513427734,-10.73300552368164,38.81977462768555,0
1238,12379905,-0.00013819598825648427,-0.027752235531806946,-0.9682007431983948,0.7382657527923584,-0.9188713431358337,0.46049177646636963,30.758716583251953,-11.09124755859375,39.8304443359375,0
1239,12389914,-0.03432350978255272,0.0290469229221344,-0.9794765114784241,-0.33999374508857727,0.5201870799064636,0.30486810207366943,29.940025329589844,-8.496875762939453,40.49357986450195,0
1240,12400015,-0.0324527733027935,0.038853954523801804,-0.9672093987464905,-0.21357925236225128,-0.2481147050857544,-0.23415564000606537,30.054548263549805,-9.801584243774414,40.77518844604492,0
1241,12410071,0.03474750742316246,-0.006344643421471119,-0.9515253305435181,0.688059389591217,0.9579331874847412,0.2088186889886856,29.938108444213867,-7.573827266693115,40.63846206665039,0
1242,12420046,-0.09555845707654953,-0.017021697014570236,-1.028835654258728,0.36849719285964966,0.2393886297941208,0.028077341616153717,28.52123260498047,-10.439776420593262,41.117332458496094,0
1243,12429892,0.025886500254273415,0.014389567077159882,-0.9878470301628113,0.6763538718223572,-0.004499121569097042,-0.2862931191921234,29.226980209350586,-9.41330623626709,40.72410202026367,0
1244,12439851,-0.0002563248563092202,-0.04480849951505661,-0.9627429246902466,1.1223132610321045,-0.4812659025192261,-0.07934821397066116,30.206571578979492,-9.408796310424805,39.099632263183594,0
1245,12450078,-0.01274197455495596,0.03172164782881737,-0.9803156852722168,-0.004738029092550278,-0.13354963064193726,-0.36188313364982605,29.494646072387695,-9.165321350097656,37.88081359863281,0
1246,12459768,0.07665660977363586,-0.04422137886285782,-1.0147069692611694,-0.3087989091873169,0.05863800272345543,0.003957797307521105,31.123558044433594,-11.012885093688965,40.543827056884766,0
1247,12469811,-0.03930562734603882,0.03459212929010391,-0.9817097187042236,1.0946393013000488,-0.7071161270141602,0.017006047070026398,29.12264633178711,-11.792139053344727,41.1091194152832,0
1248,12479850,-0.04150891304016113,-0.08216828107833862,-0.9961508512496948,0.42703789472579956,0.2996324300765991,0.31161972880363464,28.97661781311035,-10.18282699584961,39.88449478149414,0
1249,12489994,0.03202404826879501,-0.02910814993083477,-1.0087579488754272,0.18481828272342682,-0.05146519094705582,-0.03815930709242821,28.856124877929688,-9.110200881958008,38.44906234741211,0
1250,12499890,0.04776063933968544,0.006365928333252668,-0.9695802927017212,-8.641367458039895e-05,-0.19247986376285553,-0.9613124132156372,29.605833053588867,-10.932806015014648,39.57639694213867,0
1251,12509937,-0.0747569277882576,-0.004691966809332371,-0.9885561466217041,-0.22661739587783813,-0.4181578457355499,0.0038056564517319202,30.356021881103516,-10.873842239379883,41.07258987426758,0
1252,12520166,-0.012842406518757343,0.060072507709264755,-1.001613736152649,0.0060309749096632,-0.30942460894584656,-0.1700846552848816,29.40333366394043,-8.829527854919434,39.636314392089844,0
1253,12529899,0.025591032579541206,-0.040570665150880814,-0.96883225440979,-0.3373759686946869,0.8546482920646667,0.46540817618370056,28.679344177246094,-8.253854751586914,39.75003433227539,0
1254,12539931,0.005205558612942696,0.01057969219982624,-0.9935271739959717,-0.198137104511261,-1.0387468338012695,0.9483374357223511,30.91377830505371,-10.934867858886719,39.37564468383789,0
1255,12549937,0.001921860035508871,0.03548971563577652,-1.0115926265716553,0.4726465344429016,-1.0027635097503662,0.1766905039548874,30.80799674987793,-8.868926048278809,38.259334564208984,0
1256,12560038,0.005192806012928486,0.01587662473320961,-1.0218275785446167,-0.4598779082298279,0.3684212863445282,-0.11763762682676315,30.519611358642578,-8.283832550048828,41.70357131958008,0
1257,12569941,0.02770383656024933,-0.02519778348505497,-1.0081650018692017,-0.3182315230369568,-0.49524882435798645,-0.3922121822834015,30.172391891479492,-10.175284385681152,41.04513931274414,0
1258,12580084,0.0014495339710265398,0.010448130778968334,-0.9803374409675598,-1.0856436491012573,0.007732288911938667,0.32711368799209595,29.84328269958496,-11.532423973083496,40.06687927246094,0
1259,12589981,0.0182038601487875,-0.012267844751477242,-0.9781721830368042,-0.5284189581871033,0.003722677007317543,0.15664663910865784,30.538740158081055,-9.940840721130371,39.46576690673828,0
1260,12599939,0.003633280284702778,-0.105972521007061,-0.9771358966827393,0.4691304564476013,0.08174178004264832,-0.8601927161216736,32.72556686401367,-10.96242904663086,41.04637145996094,0
1261,12609892,0.02541690692305565,-0.008298578672111034,-1.013958215713501,0.5630132555961609,-0.2741580605506897,-0.080970399081707,29.554058074951172,-10.923426628112793,40.432743072509766,0
1262,12619895,-0.002051745308563113,-0.10385814309120178,-0.9844539761543274,0.39389050006866455,-0.34240883588790894,-0.6968967318534851,30.011981964111328,-10.33021068572998,41.39900588989258,0
1263,12630285,-0.04222630336880684,-0.05648481100797653,-1.0063631534576416,-0.356229305267334,0.27798837423324585,-0.19835202395915985,30.67803192138672,-9.508337020874023,39.672584533691406,0
1264,12640147,-0.05014908313751221,0.0170560572296381,-0.9992979168891907,0.32071733474731445,0.9784973859786987,0.5412297248840332,29.771804809570312,-9.856755256652832,40.96854019165039,0
1265,12650113,-0.09952528774738312,0.032080017030239105,-1.018880844116211,0.3035106956958771,-0.36430323123931885,-0.5207949876785278,29.722057342529297,-9.193233489990234,41.31306076049805,0
1266,12660124,-0.04194698855280876,0.05227845907211304,-0.9963108897209167,0.6496074795722961,-0.4804680645465851,-0.7553697824478149,29.77298355102539,-10.561013221740723,38.86674499511719,0
1267,12670021,0.011893494985997677,0.011026282794773579,-0.9971041083335876,-0.2773807942867279,1.3943816423416138,1.1184090375900269,29.90038299560547,-13.351778984069824,38.54281234741211,0
1268,12680035,-0.07809878140687943,0.04286826774477959,-1.0286024808883667,-0.4990968108177185,-0.5901239514350891,0.7921658754348755,30.85123062133789,-9.27623176574707,39.9017448425293,0
1269,12690018,0.010655034333467484,0.020795047283172607,-1.040798544883728,0.6011059284210205,0.08315777033567429,0.26785844564437866,30.07490348815918,-10.613348007202148,38.32938766479492,0
1270,12700035,-0.008792215026915073,-0.04409365355968475,-1.036969780921936,0.11000629514455795,0.23883382976055145,-0.10290710628032684,29.830738067626953,-9.563636779785156,42.16373062133789,0
1271,12709845,-0.027974896132946014,-0.04821901023387909,-1.0000430345535278,-0.9252724051475525,-0.8918862342834473,-0.48348522186279297,30.753686904907227,-11.443827629089355,40.805538177490234,0
1272,12720184,0.09730865061283112,0.06324484199285507,-0.9967935085296631,0.21942239999771118,0.2959628701210022,-0.4431813657283783,30.43620491027832,-11.057136535644531,38.650962829589844,0
1273,12730225,0.014485177583992481,-0.0354127362370491,-0.9988803267478943,0.31003880500793457,0.6836243271827698,0.36551567912101746,28.39988899230957,-11.081978797912598,39.10313034057617,0
1274,12739852,0.027805272489786148,0.014537716284394264,-1.0344057083129883,-0.020047660917043686,0.39160990715026855,0.23647774755954742,31.748367309570312,-9.148880004882812,41.94989013671875,0
1275,12750166,-0.002604362554848194,-0.021919075399637222,-0.9587758779525757,0.5321502089500427,-0.030212709680199623,0.23390501737594604,29.733333587646484,-9.440447807312012,39.7871208190918,0
1276,12760159,-0.09334499388933182,0.02929016388952732,-0.9985602498054504,0.9324178099632263,0.812633216381073,0.48582813143730164,30.681076049804688,-10.179981231689453,41.46746826171875,0
1277,12769980,-0.02667652629315853,-0.07353971153497696,-0.982926070690155,-0.3148893415927887,0.4691378176212311,-0.5608111023902893,29.66983413696289,-10.063983917236328,41.016910552978516,0
1278,12779841,0.009855799376964569,0.006900579668581486,-1.0216079950332642,-0.5038544535636902,-0.005067754536867142,0.5339411497116089,30.719297409057617,-9.095040321350098,39.66503143310547,0
1279,12790069,0.07005752623081207,-0.04478037729859352,-0.9890896677970886,0.32452017068862915,-0.48863524198532104,-0.4763416051864624,30.245378494262695,-13.441579818725586,38.903656005859375,0
1280,12799866,-0.11354110389947891,-0.051559895277023315,-1.001109004020691,-0.22471874952316284,-0.02336466684937477,0.41136330366134644,29.438016891479492,-8.144838333129883,40.74592208862305,0
1281,12810075,-0.03326337784528732,-0.09821537882089615,-0.9943949580192566,0.5308448076248169,-0.33610591292381287,-0.4269821047782898,29.970998764038086,-10.121053695678711,38.868431091308594,0
1282,12819860,0.056874386966228485,-0.035556063055992126,-0.9806272387504578,-1.0200703144073486,-0.2790023684501648,-0.591978132724762,30.48749351501465,-9.262738227844238,39.9028434753418,0
1283,12830062,-0.04631322622299194,0.05640636011958122,-0.9945895671844482,1.1404918432235718,-0.6503239274024963,-0.12364666908979416,29.64145278930664,-7.261606216430664,40.332698822021484,0
1284,12840072,0.02342880703508854,-0.0021746132988482714,-0.9803925156593323,-0.03204410523176193,0.8206349611282349,-0.5114614367485046,29.397064208984375,-10.630032539367676,40.61581802368164,0
1285,12850020,-0.013559732586145401,-0.05173344165086746,-0.9886333346366882,-0.39911511540412903,-0.08301077038049698,-0.23833516240119934,30.15360450744629,-8.592631340026855,38.66886901855469,0
1286,12859869,-0.014954615384340286,-0.06265194714069366,-1.0098342895507812,0.6934652924537659,0.316249281167984,-0.059970658272504807,29.78065299987793,-11.341408729553223,39.10917282104492,0
1287,12869970,0.04280983284115791,0.016342569142580032,-0.9837831258773804,0.1818055957555771,0.035714291036129,-0.013669587671756744,29.66484832763672,-9.80462646484375,40.02922821044922,0
1288,12880096,-0.05208263918757439,0.028294038027524948,-0.9644399881362915,0.7645803093910217,-0.21439261734485626,0.030952943488955498,29.073097229003906,-8.926071166992188,39.21952819824219,0
1289,12890137,-0.0197422057390213,0.032082270830869675,-1.0022839307785034,-0.028620656579732895,0.9704705476760864,-0.8362675905227661,28.21186065673828,-8.749348640441895,38.24005126953125,0
1290,12900167,0.002924207365140319,-0.07664913684129715,-1.0359419584274292,0.7649592757225037,-0.2838684022426605,-0.6270087957382202,29.031518936157227,-10.357267379760742,40.26847457885742,0
1291,12909890,-0.03882627934217453,-0.03904656320810318,-0.9979933500289917,0.7881620526313782,-0.22175805270671844,-0.015217030420899391,30.171403884887695,-10.26050090789795,41.922271728515625,0
1292,12920120,0.012841950170695782,0.03446955978870392,-1.0103408098220825,0.8603094816207886,-0.785228431224823,-0.018786562606692314,30.260704040527344,-7.729220867156982,38.6247444152832,0
1293,12929818,-0.023712296038866043,0.03548615425825119,-1.0505131483078003,-0.3399563133716583,0.5963587760925293,0.29906466603279114,30.06893539428711,-8.28343677520752,40.29084014892578,0
1294,12940096,0.015185937285423279,-0.07629884034395218,-0.9755300283432007,0.11818147450685501,0.4850124418735504,-0.43369609117507935,29.41667938232422,-10.35665225982666,40.89250564575195,0
1295,12950089,0.027195105329155922,0.07551715523004532,-1.0092803239822388,-0.06608539074659348,-0.24375496804714203,0.0725770965218544,32.2719841003418,-10.314781188964844,40.81736373901367,0
1296,12959951,-0.03939126059412956,-0.01564580760896206,-0.9857248067855835,0.5775421857833862,-0.2608809173107147,-0.9670584201812744,28.531877517700195,-10.196194648742676,40.137672424316406,0
1297,12969728,0.00999624002724886,0.01846379041671753,-1.0137773752212524,0.5584874749183655,-0.7252829074859619,0.05424003675580025,28.681421279907227,-9.603315353393555,42.39543914794922,0
1298,12979923,0.03698250278830528,-0.07089503854513168,-0.9605821371078491,-0.7073472738265991,-0.32829615473747253,-0.18703235685825348,31.412425994873047,-9.597661018371582,39.730796813964844,0
1299,12989827,-0.11918410658836365,-0.0474119670689106,-1.0180583000183105,0.8414674401283264,0.6262025237083435,0.11886654794216156,31.889795303344727,-10.773687362670898,39.50544357299805,0
1300,13000153,-0.029695484787225723,0.014504192396998405,-1.0015558004379272,0.3496868908405304,-0.12490586936473846,-0.007066706195473671,29.148178100585938,-9.750514030456543,39.7954216003418,0
1301,13010098,0.0513029620051384,-0.016390901058912277,-1.002394199371338,-0.5671375393867493,-1.4045003652572632,0.2269526571035385,29.624595642089844,-9.517984390258789,42.588096618652344,0
1302,13020227,-0.05248371511697769,-0.02564830332994461,-0.9932066202163696,0.17784647643566132,0.6787332892417908,-0.2938114106655121,31.98261833190918,-10.454707145690918,40.1909294128418,0
1303,13029726,-0.01180817186832428,-0.0043874518014490604,-1.0278782844543457,0.16149358451366425,0.3610190749168396,-0.2604517936706543,28.120607376098633,-8.791271209716797,40.88691329956055,0
1304,13040238,0.011091322638094425,-0.01900271140038967,-1.0260387659072876,-0.629296600818634,-0.010715045034885406,-0.8671191334724426,31.41240692138672,-8.355158805847168,40.344154357910156,0
1305,13050196,-0.05455036461353302,-0.013184594921767712,-0.9994751214981079,-0.09986775368452072,-0.17849910259246826,-0.20894205570220947,28.823261260986328,-10.095827102661133,40.94456481933594,0
1306,13059915,-0.0057525429874658585,-0.001486689317971468,-0.9833606481552124,0.04424925893545151,0.29290077090263367,-0.09473040699958801,31.20001220703125,-10.33448600769043,38.49361038208008,0
1307,13069879,0.07436684519052505,0.09308640658855438,-1.016627311706543,0.8596905469894409,-0.09474161267280579,-0.9899405241012573,28.964143753051758,-9.234835624694824,40.01060485839844,0
1308,13080184,0.057888325303792953,0.013363523408770561,-0.9969201683998108,1.1345452070236206,-0.1380925476551056,0.4021171033382416,27.55911636352539,-9.777215003967285,40.664306640625,0
1309,13089892,0.025076648220419884,-0.03494745120406151,-1.0261030197143555,0.3417830169200897,0.7666807174682617,-0.16848215460777283,30.58283233642578,-11.20844554901123,38.14338302612305,0
1310,13100118,0.0013568896101787686,0.05100448057055473,-0.997156023979187,-0.4119104743003845,-0.5527003407478333,-0.39071497321128845,28.463560104370117,-11.444016456604004,39.51768493652344,0
1311,13109834,0.0011248461669310927,0.06093229353427887,-0.9827116131782532,-0.8509529232978821,0.4548223614692688,-0.6636558771133423,29.652080535888672,-10.99925422668457,40.627220153808594,0
1312,13120054,-0.0120010981336236,0.03507719561457634,-0.9983160495758057,0.3808712363243103,-0.15640372037887573,0.3484760522842407,30.935710906982422,-10.880156517028809,41.55189895629883,0
1313,13129928,-0.04016312584280968,-0.01819850504398346,-1.0104296207427979,0.36047473549842834,-0.5183772444725037,0.004657840356230736,29.77776527404785,-9.545781135559082,39.964202880859375,0
1314,13139608,0.00390047300606966,0.0028928513638675213,-0.9832673668861389,-0.26717624068260193,-0.2778416872024536,0.3253791630268097,29.704158782958984,-11.255987167358398,37.722042083740234,0
1315,13150221,-0.008048471994698048,-0.03684690222144127,-1.0117520093917847,1.3440401554107666,0.3966217041015625,-0.03631679713726044,32.13017272949219,-9.828453063964844,40.42356872558594,0
1316,13160242,-0.11354157328605652,0.04037934169173241,-1.0001552104949951,-0.12302178144454956,-0.34811753034591675,0.15784144401550293,30.355396270751953,-10.346928596496582,39.81373596191406,0
1317,13169939,0.004447799641638994,-0.017761850729584694,-0.9646418690681458,-0.5361877083778381,0.6062403917312622,0.027196720242500305,29.981531143188477,-10.326602935791016,40.11658477783203,0
1318,13179880,0.013104134239256382,-0.018993588164448738,-1.0031416416168213,0.5098586082458496,-0.26667919754981995,-0.0012729064328595996,28.5033016204834,-10.507025718688965,40.756221771240234,0
1319,13190203,-0.029427116736769676,0.04244621843099594,-0.9992441534996033,-0.5690929293632507,-1.095496654510498,0.4047311842441559,31.594301223754883,-9.23901081085205,40.95016860961914,0
1320,13199945,-0.02102225460112095,-0.02993469499051571,-1.0212335586547852,-0.06885885447263718,-0.48659783601760864,0.05943606048822403,29.089887619018555,-9.471037864685059,40.69804382324219,0
1321,13209967,0.024837180972099304,-0.013307248242199421,-0.9433548450469971,-0.3237793743610382,-0.7024030089378357,0.7567519545555115,30.625194549560547,-8.420815467834473,40.67456817626953,0
1322,13220361,0.014654338359832764,0.01962399110198021,-1.0057873725891113,-0.49463269114494324,0.31986501812934875,-0.19708602130413055,31.029497146606445,-10.414424896240234,39.91716766357422,0
1323,13230150,0.12325688451528549,0.052583012729883194,-1.005893349647522,0.4359831213951111,-0.7721994519233704,-0.0826960876584053,30.24684715270996,-9.196256637573242,40.00062561035156,0
1324,13239936,0.07589148730039597,0.04336710274219513,-0.9957319498062134,-0.6292492151260376,0.16712050139904022,-0.42831605672836304,30.91253089904785,-11.666219711303711,40.9613037109375,0
1325,13249685,0.04846256226301193,0.029938457533717155,-1.0175883769989014,0.4551032781600952,0.9021301865577698,-0.2137630134820938,29.84380531311035,-9.059797286987305,40.01220703125,0
1326,13260333,-0.0017495754873380065,-0.054820895195007324,-0.9990103840827942,0.34636417031288147,-0.538097620010376,0.5426710247993469,31.977771759033203,-9.489864349365234,41.99001693725586,0
1327,13269994,-0.050381261855363846,-0.01798538863658905,-1.0014280080795288,-0.12291659414768219,-0.11185789853334427,0.33719968795776367,29.857906341552734,-10.009472846984863,40.78169631958008,0
1328,13280000,0.09159974753856659,-0.013681856915354729,-0.9724954962730408,0.0518215149641037,-0.24884763360023499,0.13228033483028412,30.301145553588867,-9.98973560333252,38.869239807128906,0
1329,13290157,-0.06806067377328873,0.05693114548921585,-1.0163288116455078,-0.4346620440483093,0.1652032434940338,-0.33712661266326904,27.869590759277344,-10.110247611999512,38.52415084838867,0
1330,13299750,-0.07410643994808197,0.02617664821445942,-1.0458424091339111,0.5775896310806274,-0.6826663017272949,0.2567594051361084,30.127225875854492,-11.349369049072266,40.49252700805664,0
1331,13310058,0.04292404651641846,-0.11427747458219528,-0.9903149604797363,-0.14104682207107544,-0.32437044382095337,-0.10407032817602158,30.55497169494629,-11.188106536865234,38.804656982421875,0
1332,13319997,-0.08766483515501022,-0.018497759476304054,-1.0251981019973755,0.5301717519760132,0.5824460983276367,0.22086431086063385,29.438398361206055,-10.162643432617188,41.27179718017578,0
1333,13330199,0.07186255604028702,0.08825346827507019,-0.9798007011413574,-0.596775233745575,-0.19966250658035278,-0.08177360892295837,30.180267333984375,-8.744428634643555,40.10435485839844,0
1334,13339955,0.06311371177434921,-0.05733448266983032,-1.02175772190094,-0.39689329266548157,1.0316791534423828,-0.5152794718742371,31.187070846557617,-9.020620346069336,42.638465881347656,0
1335,13350098,0.03549665957689285,-0.009364800527691841,-1.0152184963226318,0.06982850283384323,0.5637966394424438,-0.6992278695106506,30.06572914123535,-10.197611808776855,40.88901138305664,0
1336,13360199,0.02808920294046402,-0.1356850117444992,-0.9739208817481995,-0.2160159945487976,-0.0751003697514534,-0.30307736992836,30.26306915283203,-9.904940605163574,40.86554718017578,0
1337,13369852,0.022154774516820908,0.043666064739227295,-1.0116913318634033,-0.20863991975784302,0.3515940010547638,1.8711656332015991,29.532939910888672,-10.531268119812012,39.589717864990234,0
1338,13379889,0.001895766006782651,0.021605929359793663,-1.0181726217269897,-0.17697344720363617,-0.44746819138526917,-0.21885086596012115,31.012104034423828,-7.809962749481201,39.89365768432617,0
1339,13389929,-0.0028029403183609247,-0.03026234731078148,-0.9945613741874695,-0.009738646447658539,0.6741122603416443,0.883468747138977,29.986417770385742,-8.046655654907227,38.30218505859375,0
1340,13400031,0.014107436873018742,-0.0032506731804460287,-1.000341773033142,0.10404691845178604,-0.3240068256855011,0.04072268679738045,30.417789459228516,-8.60939884185791,42.29844665527344,0
1341,13409981,0.038175299763679504,-0.023000109940767288,-1.0033740997314453,0.42606210708618164,0.38459762930870056,0.4572674036026001,30.150066375732422,-7.896050930023193,39.602745056152344,0
1342,13420025,0.037274498492479324,-0.01985274627804756,-0.9889397621154785,0.5590760707855225,0.5036594271659851,-0.016243161633610725,29.04347801208496,-10.11618709564209,39.3459358215332,0
1343,13430007,-0.005802825093269348,-0.001954473089426756,-1.009214162826538,0.35883861780166626,-0.5291641354560852,-0.48620718717575073,29.830732345581055,-9.994585990905762,40.27768325805664,0
1344,13440260,-0.08225184679031372,-0.006824928801506758,-1.0340111255645752,-0.3578786849975586,0.25031936168670654,-0.3598654568195343,29.42059326171875,-8.53548526763916,42.31297302246094,0
1345,13450181,0.035173989832401276,0.005439577624201775,-0.9841534495353699,-0.31329289078712463,0.2836850881576538,0.8949655294418335,32.358768463134766,-9.85597038269043,38.88068771362305,0
1346,13460188,0.08087671548128128,0.01053670048713684,-0.9841454029083252,-0.8478456139564514,-0.07690976560115814,0.035081613808870316,29.701751708984375,-9.792037963867188,40.874168395996094,0
1347,13469990,-0.09017720073461533,0.10249269008636475,-0.9536454677581787,-0.2862125337123871,-0.5330111980438232,-0.653343141078949,29.221025466918945,-9.942211151123047,39.6553955078125,0
1348,13480142,0.026461917906999588,-0.030071556568145752,-0.9897359609603882,0.5837692618370056,0.7537155151367188,-0.4448195695877075,29.88715362548828,-9.138859748840332,40.222896575927734,0
1349,13490018,0.018051328137516975,0.02186441794037819,-1.001661777496338,0.022482071071863174,0.36865198612213135,-0.2548183500766754,29.181442260742188,-10.51595687866211,39.09048843383789,0
1350,13499734,0.10628515481948853,-0.008614936843514442,-0.9839823842048645,-0.6512238383293152,-0.26284438371658325,-0.30923381447792053,30.81525230407715,-11.163298606872559,40.355106353759766,0
1351,13509984,0.05441613122820854,-0.020420830696821213,-1.0367237329483032,-0.013388432562351227,0.1328296959400177,-0.18280337750911713,31.525657653808594,-9.67398738861084,40.39986038208008,0
1352,13520159,-0.05943424254655838,-0.10197523236274719,-1.00206458568573,0.022692661732435226,-0.6149079203605652,0.3339636027812958,30.861270904541016,-9.787127494812012,39.24578857421875,0
1353,13529895,-0.08559806644916534,-0.005391672719269991,-1.0226505994796753,0.7090899348258972,-0.16227678954601288,0.22708770632743835,29.74633026123047,-9.565242767333984,39.02793502807617,0
1354,13539902,-0.02461538091301918,-0.015904055908322334,-1.003126859664917,0.05819122865796089,0.3334454298019409,-0.3410267233848572,31.676300048828125,-10.113557815551758,40.44526672363281,0
1355,13550099,0.004802362062036991,-0.007083641830831766,-0.9948205351829529,-0.25969579815864563,-0.4664132297039032,0.3943972885608673,29.35979652404785,-10.179388046264648,40.50514602661133,0
1356,13560207,0.017827553674578667,0.005017529707401991,-0.9841108918190002,0.09785006195306778,-0.42046886682510376,-0.03276585787534714,27.89468002319336,-10.839797019958496,39.62507247924805,0
1357,13569823,-0.029376082122325897,-0.08472739160060883,-0.9933866262435913,-0.28634747862815857,-0.006141477730125189,0.2499326765537262,31.076759338378906,-10.968107223510742,41.904380798339844,0
1358,13579734,0.03894629329442978,-0.04761379584670067,-1.0293703079223633,1.0607216358184814,-0.2181737720966339,0.22682537138462067,28.078933715820312,-10.190840721130371,40.086631774902344,0
1359,13589956,-0.022707318887114525,-0.01282202173024416,-0.995671808719635,0.5225775837898254,0.3739154636859894,0.3918388783931732,27.90203857421875,-8.767218589782715,40.75321578979492,0
1360,13599876,0.11592893302440643,0.06042419746518135,-0.9919788241386414,-1.0641995668411255,0.022672832012176514,-0.662404477596283,32.375213623046875,-10.694998741149902,38.63364028930664,0
1361,13610169,-0.035087957978248596,-0.013818802312016487,-0.9833249449729919,0.028675420209765434,-0.6148743629455566,-0.492930144071579,29.580949783325195,-9.970865249633789,40.6458854675293,0
1362,13620349,-0.06112171337008476,0.015730714425444603,-1.0056592226028442,-0.8760584592819214,0.7253330945968628,-0.8430134057998657,29.839141845703125,-8.977409362792969,39.16731643676758,0
1363,13630253,0.04610418155789375,-0.009624138474464417,-0.9894335269927979,0.684075653553009,-0.49929100275039673,0.02767372876405716,28.081417083740234,-9.990779876708984,38.79116439819336,0
1364,13639723,-0.05654227361083031,0.034930408000946045,-1.0123999118804932,0.5500987768173218,0.5739409923553467,0.2890350818634033,30.31779670715332,-10.665351867675781,39.68396759033203,0
1365,13649694,-0.06528516858816147,0.03102448210120201,-0.9781869053840637,0.26780977845191956,-0.721069872379303,-0.057708363980054855,29.95287322998047,-10.0068359375,39.810977935791016,0
1366,13659955,0.02646595798432827,-0.037614334374666214,-0.9914423227310181,-0.45063233375549316,0.3167230486869812,0.41927215456962585,30.68958282470703,-12.49437141418457,38.84452819824219,0
1367,13670139,0.039880651980638504,-0.10308846086263657,-0.9746306538581848,-0.6689636707305908,-0.4417230486869812,0.35864564776420593,31.795846939086914,-10.435627937316895,38.31355667114258,0
1368,13679927,0.08999837189912796,-0.03992798924446106,-1.0080877542495728,0.3546777069568634,0.1354944258928299,-0.513271689414978,29.474376678466797,-10.208146095275879,41.136661529541016,0
1369,13690282,-0.04757445678114891,-0.12474827468395233,-1.0004124641418457,-0.7410296201705933,-0.8920650482177734,0.05221844092011452,28.320293426513672,-8.467774391174316,39.80327224731445,0
1370,13700121,-0.007535332813858986,-0.02516218088567257,-1.0365853309631348,-0.6306552886962891,-1.004838466644287,0.021732622757554054,29.278484344482422,-11.25520133972168,39.739837646484375,0
1371,13710075,-0.0541655458509922,-0.008239580318331718,-1.0167031288146973,-0.1805238127708435,0.46027639508247375,-0.3121623396873474,31.111181259155273,-9.495377540588379,41.85516357421875,0
1372,13720181,0.007138160057365894,0.0603189617395401,-0.9815536141395569,-0.6793554425239563,0.25303083658218384,-0.608603298664093,29.850231170654297,-9.361315727233887,39.45058059692383,0
1373,13730014,0.020456722006201744,-0.08131858706474304,-1.0034602880477905,-0.6158459186553955,-0.27661874890327454,0.10814622789621353,31.291837692260742,-9.73122787475586,39.78589630126953,0
1374,13739751,0.057833340018987656,-0.00889150332659483,-1.0030790567398071,0.420156329870224,-0.13046258687973022,-0.5861477851867676,30.410354614257812,-11.457444190979004,39.72589874267578,0
1375,13750081,-0.11412763595581055,-0.041960038244724274,-0.9944401979446411,-0.7010267972946167,0.6007615327835083,-0.31360113620758057,30.126142501831055,-8.575336456298828,40.45280075073242,0
1376,13759908,0.07063943147659302,0.0032617305405437946,-0.9833294749259949,-0.4881383180618286,-0.35849136114120483,-0.6505645513534546,30.038951873779297,-11.35859489440918,40.036842346191406,0
1377,13769817,0.03793277591466904,0.005528797395527363,-0.9873713850975037,-0.020129946991801262,-0.8500601053237915,-0.47362184524536133,30.908248901367188,-8.723527908325195,42.05527877807617,0
1378,13780237,0.03140643239021301,0.11394254118204117,-1.0021543502807617,-0.3693329691886902,0.07781531661748886,-0.18029893934726715,29.052274703979492,-10.830405235290527,38.3428840637207,0
1379,13790035,0.0518890917301178,0.01779933087527752,-0.983529806137085,0.4436836540699005,1.0505796670913696,0.49407583475112915,30.68269157409668,-9.859843254089355,38.698951721191406,0
1380,13800238,0.017417384311556816,0.052625108510255814,-0.9563676714897156,-0.0863906741142273,0.22513069212436676,1.202033281326294,30.378454208374023,-9.782910346984863,40.392234802246094,0
1381,13809875,-0.036529190838336945,-0.015189355239272118,-0.9911511540412903,-0.042834166437387466,-0.07027378678321838,0.1356254667043686,29.876466751098633,-10.41610336303711,40.0822868347168,0
1382,13819835,0.016969997435808182,-0.04759439080953598,-0.9724546670913696,0.7669862508773804,0.3190530836582184,1.067921757698059,28.223466873168945,-9.374135971069336,40.8221549987793,0
1383,13830092,0.026652250438928604,-0.012522687204182148,-1.014662742614746,0.4225843846797943,-0.05234620347619057,0.3455149531364441,29.948932647705078,-11.831414222717285,37.7938346862793,0
1384,13840031,0.009453123435378075,-0.028303593397140503,-1.0267382860183716,0.4407171607017517,-0.11259637773036957,0.6546903252601624,31.09185218811035,-10.910740852355957,41.8674201965332,0
1385,13849998,-0.0052846805192530155,-0.00841797050088644,-0.9768738150596619,0.08003180474042892,0.7122548818588257,-0.9011609554290771,29.707401275634766,-10.434189796447754,42.120662689208984,0
1386,13859902,-0.03857290744781494,0.022025179117918015,-1.0021928548812866,0.06808967143297195,-0.7391804456710815,-0.4761382043361664,28.5635986328125,-10.483531951904297,39.47611618041992,0
1387,13869856,0.06281834095716476,-0.007590391673147678,-1.0006115436553955,0.5099330544471741,-0.25981420278549194,-0.284500390291214,29.58006477355957,-9.714147567749023,37.957977294921875,0
1388,13880252,0.029997138306498528,-0.042069774121046066,-1.005678415298462,0.16746917366981506,-0.04577317088842392,-0.14943785965442657,29.342111587524414,-10.056108474731445,41.15507507324219,0
1389,13890039,0.030555132776498795,0.06654630601406097,-1.000998616218567,0.8578260540962219,-0.7381083369255066,0.48679324984550476,28.62789535522461,-11.303717613220215,40.266353607177734,0
1390,13900091,-0.08163158595561981,-0.07734918594360352,-1.0244388580322266,0.04827351123094559,-0.7921580672264099,-0.11819083988666534,30.125654220581055,-9.647576332092285,38.610294342041016,0
1391,13910018,0.032656777650117874,-0.04580050706863403,-1.0045850276947021,0.194191113114357,-0.6429159641265869,0.3022769093513489,30.555347442626953,-10.015655517578125,40.9107666015625,0
1392,13919807,0.014847495593130589,0.06132539361715317,-1.0150010585784912,-0.40248575806617737,0.4098316431045532,-0.28237155079841614,32.176063537597656,-8.205790519714355,39.536190032958984,0
1393,13930070,0.08949548751115799,0.04964287579059601,-0.9928734302520752,-0.27526435256004333,-0.7299285531044006,-0.34075528383255005,29.988927841186523,-10.883606910705566,41.55933380126953,0
1394,13939992,-0.11013422906398773,0.04179174825549126,-1.021223783493042,1.0036674737930298,-0.6371904015541077,0.19036465883255005,29.495193481445312,-11.682883262634277,39.81966781616211,0
1395,13949844,-0.0017851394368335605,0.0437636524438858,-1.0053074359893799,0.3733730912208557,0.18753580749034882,0.4359230399131775,30.449661254882812,-10.911903381347656,40.82716751098633,0
1396,13959998,0.02906590886414051,0.029639264568686485,-0.9667742252349854,0.06562009453773499,0.162796750664711,-0.19282853603363037,31.068899154663086,-9.401179313659668,41.174781799316406,0
1397,13970072,-0.007367889396846294,-0.06879740208387375,-1.003373622894287,0.09727198630571365,0.13174830377101898,-0.6594577431678772,30.688251495361328,-11.600171089172363,39.66946029663086,0
1398,13979974,0.03998183086514473,0.05448129028081894,-1.0022658109664917,-0.49207237362861633,0.2794261872768402,-0.06692437827587128,29.24873924255371,-10.043013572692871,38.443538665771484,0
1399,13989858,-0.00033354625338688493,-0.05495521053671837,-0.9783753156661987,-0.07078808546066284,-0.2855413556098938,-0.11263256520032883,29.20928955078125,-9.187389373779297,41.52153015136719,0
1400,14000049,0.005198120605200529,-0.12180330604314804,-1.0182445049285889,-0.3969143033027649,0.47140032052993774,0.07927323132753372,30.91411781311035,-9.835893630981445,41.59952163696289,0
1401,14009912,-0.033888429403305054,-0.0015848195180296898,-1.0438998937606812,0.38417381048202515,0.5027812719345093,-0.5454860925674438,29.463605880737305,-10.246236801147461,39.84822463989258,0
1402,14020083,-0.050516169518232346,0.012621110305190086,-0.9869798421859741,0.12926940619945526,-0.3218066990375519,0.9823518395423889,30.640422821044922,-10.368535995483398,37.9088020324707,0
1403,14030134,0.02328186109662056,-0.08117087930440903,-1.0122126340866089,-0.039479292929172516,0.8492996692657471,-0.5485168695449829,29.577787399291992,-8.916940689086914,39.06119918823242,0
1404,14040182,-0.03490029275417328,-0.012283049523830414,-1.040391445159912,-0.5998995900154114,-1.1648437976837158,-0.3282947242259979,30.710453033447266,-10.611181259155273,40.89571762084961,0
1405,14049902,-0.04496298357844353,-0.06728828698396683,-0.994431734085083,0.5331138968467712,0.5896008610725403,-0.9988149404525757,30.509967803955078,-12.405323028564453,40.044559478759766,0
1406,14059896,0.13600878417491913,-0.04182906448841095,-1.0030206441879272,0.09780918061733246,-0.83684241771698,-0.20513945817947388,28.783676147460938,-12.81633186340332,41.25323486328125,0
1407,14070046,-0.020101672038435936,0.06111018732190132,-1.0036790370941162,0.3198951780796051,-0.03424294292926788,-0.1920074224472046,29.133821487426758,-8.668468475341797,40.295928955078125,0
1408,14080057,0.029783565551042557,-0.033108241856098175,-1.0402028560638428,-0.07496961206197739,-0.3622613251209259,-0.1183641105890274,29.001955032348633,-11.297889709472656,39.96760559082031,0
1409,14090144,0.04523269087076187,-0.02431253343820572,-0.9807465672492981,-0.3815598785877228,-0.1551370918750763,-0.23960022628307343,27.583784103393555,-7.947225570678711,39.547882080078125,0
1410,14100017,0.09377576410770416,0.039446983486413956,-0.996200442314148,0.42395931482315063,0.12530438601970673,0.42156800627708435,30.829837799072266,-12.309429168701172,39.60467529296875,0
1411,14110231,-0.04808646813035011,0.09799560159444809,-1.007597804069519,0.17391827702522278,-0.32956597208976746,-0.5662946105003357,29.438419342041016,-8.108450889587402,39.8118896484375,0
1412,14119829,-0.029891205951571465,0.05955759435892105,-0.9886654615402222,0.4345915913581848,-0.40098580718040466,-0.06458752602338791,29.753398895263672,-10.471495628356934,40.691200256347656,0
1413,14130045,-0.018668202683329582,-0.0005304182996042073,-0.9920905828475952,0.21902383863925934,-0.6013175249099731,0.2560635507106781,29.717832565307617,-9.91753101348877,39.61443328857422,0
1414,14140074,0.0737859383225441,-0.07997222989797592,-0.987269401550293,-0.018407579511404037,-0.4684411287307739,-0.3652576804161072,29.698944091796875,-9.303258895874023,39.445823669433594,0
1415,14149651,-0.04985361546278,-0.04492175579071045,-0.995378851890564,-0.4213256239891052,-0.4093703031539917,0.5171480774879456,30.64604949951172,-10.474172592163086,39.17417526245117,0
1416,14160036,-0.031166845932602882,-0.07638809829950333,-0.9672742486000061,-0.05192168056964874,0.8601470589637756,-0.3488886058330536,29.71346092224121,-9.229291915893555,39.844383239746094,0
1417,14169636,0.023071592673659325,-0.01451663114130497,-0.9915388822555542,0.12471587210893631,-0.9594544172286987,-0.05154302343726158,30.624025344848633,-9.937920570373535,38.58531951904297,0
1418,14180036,0.06227470189332962,0.06266797333955765,-0.9790364503860474,0.2692263424396515,0.0730040967464447,-0.027600513771176338,29.69810676574707,-10.373495101928711,41.63916778564453,0
1419,14190059,-0.015576372854411602,-0.020379945635795593,-1.0057868957519531,0.12717744708061218,0.18887288868427277,-0.23364311456680298,29.433805465698242,-9.044351577758789,39.22803497314453,0
1420,14200076,-0.05479178577661514,0.03245474770665169,-0.9800148606300354,-0.5379619002342224,0.8210805654525757,0.3616984784603119,29.6074161529541,-8.883267402648926,40.54422378540039,0
1421,14209945,0.07746121287345886,0.03875679522752762,-1.011242389678955,-0.09598003327846527,0.23699723184108734,-0.9073218703269958,30.26719093322754,-9.33855152130127,40.3291015625,0
1422,14219781,-0.12940499186515808,0.018250811845064163,-0.9853814244270325,0.40968358516693115,0.16935056447982788,-0.23386457562446594,29.456661224365234,-11.099016189575195,39.70673370361328,0
1423,14229959,-0.04892207682132721,-0.0665845051407814,-1.0084741115570068,-0.6413907408714294,-0.6761068105697632,0.2557980716228485,30.839725494384766,-9.535307884216309,39.568077087402344,0
1424,14239671,-0.034148845821619034,-0.0016166234854608774,-0.9951573610305786,-0.04193609952926636,-0.3144235610961914,0.7460067272186279,30.66866111755371,-9.65614128112793,41.658660888671875,0
1425,14250112,-0.10402069985866547,0.06554728746414185,-0.97434401512146,0.025191642343997955,0.709616482257843,-0.21094845235347748,30.945968627929688,-11.039517402648926,39.71925354003906,0
1426,14259645,-0.0399867407977581,0.00607839273288846,-0.9838178157806396,-0.036435168236494064,0.5161276459693909,-0.11895490437746048,30.302223205566406,-9.502355575561523,39.013118743896484,0
1427,14270068,-0.01656416803598404,0.02157270722091198,-0.9854273200035095,-0.2178747057914734,0.1272784322500229,0.10615549981594086,29.076135635375977,-9.66247844696045,41.92809295654297,0
1428,14279987,0.01287769339978695,-0.007051101885735989,-0.9892547726631165,-0.5867202281951904,-0.1345691829919815,0.3280951976776123,28.78128433227539,-9.297344207763672,41.15289306640625,0
1429,14290272,-0.007949627004563808,-0.030694253742694855,-1.0165685415267944,-0.06212689355015755,-0.5182971954345703,0.531205415725708,29.725088119506836,-9.436334609985352,40.81855392456055,0
1430,14299991,-0.046266015619039536,0.025380318984389305,-1.0084707736968994,-0.20395582914352417,0.1776278018951416,1.0617486238479614,29.28238296508789,-10.20257568359375,39.50028610229492,0
1431,14309992,-0.06516513228416443,-0.018700534477829933,-0.9933042526245117,-0.6850361227989197,-0.43630650639533997,-0.022611109539866447,30.932209014892578,-11.368304252624512,40.371158599853516,0
1432,14320331,-0.010223275050520897,-0.04001613333821297,-1.0230863094329834,0.853159487247467,-0.7312327027320862,0.2084151953458786,29.955060958862305,-9.7969388961792,40.47225570678711,0
1433,14329869,0.09674839675426483,-0.0563831701874733,-0.989952802658081,-0.0689420998096466,-0.008211156353354454,-0.8695173263549805,30.137067794799805,-8.800193786621094,40.05341339111328,0
1434,14339822,-0.13485051691532135,-0.006171078886836767,-0.9950611591339111,0.09215458482503891,0.13708627223968506,0.34918704628944397,29.72101593017578,-8.807414054870605,40.94169998168945,0
1435,14349699,0.030284006148576736,0.0653485581278801,-0.9928605556488037,-0.7769266366958618,-0.23803836107254028,-0.43573930859565735,30.383031845092773,-8.99324893951416,37.9239501953125,0
1436,14360132,-0.02480202354490757,0.026965970173478127,-1.0243606567382812,0.2974357306957245,-0.8189112544059753,-0.3385624885559082,30.40907096862793,-10.298736572265625,39.874290466308594,0
1437,14370014,0.029287809506058693,-0.008492964319884777,-0.9959061741828918,-1.4404780864715576,-0.22097021341323853,-0.4110492467880249,30.770925521850586,-8.237114906311035,39.101009368896484,0
1438,14379926,0.021551094949245453,0.03791119158267975,-1.0251915454864502,0.2155032455921173,0.21460764110088348,-0.41470324993133545,31.73856544494629,-10.590222358703613,40.557247161865234,0
1439,14389931,-0.10769304633140564,0.03385179117321968,-1.0338634252548218,0.17852509021759033,0.27587705850601196,-0.1329498440027237,29.461078643798828,-8.760099411010742,40.977298736572266,0
1440,14400023,0.024811875075101852,0.039246875792741776,-0.977700412273407,-0.3839614987373352,-0.12481547147035599,-0.5644050240516663,30.653738021850586,-8.29271411895752,41.642303466796875,0
1441,14409861,-0.025407904759049416,-0.05570473149418831,-0.9937881827354431,0.06404054164886475,-0.30261510610580444,0.3052369952201843,31.089235305786133,-9.601799964904785,39.1566047668457,0
1442,14419824,-0.013512694276869297,0.022334005683660507,-1.0088108777999878,-0.04758168011903763,0.32122164964675903,0.2523328363895416,30.753602981567383,-10.286300659179688,38.48744201660156,0
1443,14429961,0.03622879832983017,0.08206761628389359,-0.9774007201194763,-0.17400188744068146,0.4972406029701233,0.006828657817095518,29.962032318115234,-8.62044620513916,39.30031204223633,0
1444,14440056,0.02644968405365944,-0.033291514962911606,-1.0031360387802124,0.2283579409122467,-0.023008359596133232,-0.27826252579689026,28.649072647094727,-10.15662670135498,41.396827697753906,0
1445,14449861,-0.031645335257053375,-0.004391117952764034,-1.0004055500030518,-0.029658207669854164,0.22894948720932007,0.05783585086464882,28.991870880126953,-9.963860511779785,41.897857666015625,0
1446,14459831,-0.05746195837855339,-0.022189680486917496,-0.9725698232650757,-0.29746246337890625,0.21729214489459991,0.5776335597038269,29.439720153808594,-9.48172378540039,38.56816101074219,0
1447,14469915,-0.011012952774763107,0.020925451070070267,-0.9997836351394653,0.39124029874801636,-0.7472292184829712,0.21553412079811096,29.673616409301758,-9.55267333984375,40.515689849853516,0
1448,14480222,0.01876019313931465,-0.04620887711644173,-1.0440791845321655,0.10893146693706512,0.5617398023605347,-0.20128785073757172,30.170574188232422,-8.755037307739258,40.28057861328125,0
1449,14490039,0.04998044669628143,0.047175537794828415,-0.9814920425415039,0.07798927277326584,0.34647056460380554,-0.9577043652534485,29.938947677612305,-8.564069747924805,39.11769104003906,0
1450,14499925,0.024970579892396927,0.012670128606259823,-0.9879239797592163,0.4085215628147125,0.4227238595485687,-0.24227961897850037,29.69371223449707,-9.219378471374512,39.82894515991211,0
1451,14509884,-0.0303328987210989,-0.0888209342956543,-1.00352942943573,-0.2922375500202179,-0.3916839063167572,0.08328653872013092,31.026369094848633,-10.717851638793945,40.04439926147461,0
1452,14519851,0.028529344126582146,0.059582050889730453,-1.0131089687347412,-0.5218523740768433,-0.2555968463420868,-0.3663541376590729,28.48044776916504,-12.090181350708008,39.861576080322266,0
1453,14530287,-0.024317432194948196,-0.0010680865962058306,-0.9779468178749084,0.7424522042274475,1.2053886651992798,-0.5415237545967102,30.740734100341797,-9.358529090881348,39.61186981201172,0
1454,14539937,0.017656687647104263,0.045909471809864044,-1.0027995109558105,1.5377274751663208,0.14129282534122467,0.2843095362186432,30.362483978271484,-10.402644157409668,38.34716796875,0
1455,14550084,0.04565636068582535,0.005775026045739651,-0.9911571741104126,-0.7579718828201294,-0.564926028251648,0.8070822954177856,30.276227951049805,-10.928722381591797,38.51077651977539,0
1456,14559988,0.03199240192770958,0.05560006573796272,-1.00572669506073,0.46673619747161865,-0.4652007818222046,0.4062563180923462,29.887067794799805,-11.73745346069336,39.621768951416016,0
1457,14569849,0.002892323536798358,0.020088860765099525,-1.0043325424194336,0.40667951107025146,-0.6415250301361084,0.3636895716190338,29.703380584716797,-9.799469947814941,41.17725372314453,0
1458,14579821,-0.024086911231279373,0.057325027883052826,-0.9863694310188293,-0.5505405068397522,1.065218210220337,0.23367145657539368,32.15333938598633,-10.164852142333984,39.63056945800781,0
1459,14590006,-0.06780124455690384,-0.0033330493606626987,-0.9696996808052063,0.9043247699737549,0.4258670508861542,-0.1255289614200592,30.590435028076172,-9.946081161499023,39.93104553222656,0
1460,14600025,-0.04349781200289726,0.00025547572295181453,-1.0125654935836792,-0.08810865134000778,-0.4322785437107086,1.411622166633606,29.399311065673828,-9.34596061706543,38.43748092651367,0
1461,14609801,-0.03820865601301193,-0.0737563893198967,-0.9958468675613403,0.037596289068460464,-0.5117244720458984,0.4067839980125427,27.719003677368164,-10.463376998901367,40.14413833618164,0
1462,14619896,0.03258838504552841,-0.03390471637248993,-0.9948585629463196,-0.6242306232452393,-0.20907075703144073,0.2164057493209839,30.594261169433594,-9.930807113647461,39.40730667114258,0
1463,14630022,0.08354003727436066,-0.029084723442792892,-0.9865016937255859,-0.5078202486038208,-0.1485322266817093,-0.231171652674675,30.48778533935547,-8.6886625289917,41.83799362182617,0
1464,14640171,-0.003035187255591154,0.005078211426734924,-0.9877028465270996,0.9049959778785706,-0.5160461068153381,-0.35526540875434875,28.222021102905273,-10.16241455078125,40.42142868041992,0
1465,14649794,0.09445571154356003,0.0016380007145926356,-1.0069252252578735,-0.4333833158016205,-0.8335762619972229,0.17874246835708618,29.13082504272461,-10.337723731994629,39.150753021240234,0
1466,14660110,-0.01915837451815605,0.005821052938699722,-0.9879335761070251,0.4455537497997284,0.2281811684370041,0.6879743337631226,29.737003326416016,-9.684596061706543,40.1153678894043,0
1467,14670056,0.03284423425793648,-0.08872748166322708,-1.006831169128418,-0.4997320771217346,-0.1212099939584732,0.05723263695836067,30.344568252563477,-10.261348724365234,41.29650115966797,0
1468,14679812,-0.032600659877061844,-0.029383523389697075,-0.957304060459137,-0.07063549011945724,-0.5375285744667053,0.2146444320678711,28.943336486816406,-9.039828300476074,41.768638610839844,0
1469,14690256,-0.09649939835071564,-0.029454810544848442,-1.006622552871704,0.14080104231834412,-0.8720414638519287,0.34506040811538696,29.241928100585938,-7.399256229400635,41.298458099365234,0
1470,14700165,-0.0253406073898077,0.02194092981517315,-0.9820380210876465,-0.03971443325281143,0.24445585906505585,-0.13228614628314972,31.438684463500977,-10.737530708312988,40.94710922241211,0
1471,14709981,0.0533265583217144,-0.04198075830936432,-0.9604284763336182,0.24846264719963074,0.655010998249054,-0.127778559923172,30.57396697998047,-10.422114372253418,38.8733024597168,0
1472,14719756,0.0632103756070137,-0.058846935629844666,-0.978076159954071,0.08432227373123169,0.44890254735946655,0.19629579782485962,29.9486141204834,-10.0084228515625,41.890140533447266,0
1473,14730073,0.010823098011314869,-0.015097098425030708,-0.943740963935852,0.5397201776504517,-0.11073483526706696,0.14836938679218292,31.042831420898438,-9.344365119934082,40.01651382446289,0
1474,14739857,-0.07185998558998108,0.034950293600559235,-0.99065762758255,-0.7014763951301575,-0.8965132832527161,-0.04632752388715744,28.506183624267578,-10.777477264404297,40.69486999511719,0
1475,14750096,-0.03868931159377098,-0.006009364500641823,-0.9941937923431396,0.0836014524102211,-0.19451777637004852,0.30264735221862793,32.480506896972656,-9.733664512634277,40.353240966796875,0
1476,14759862,0.0012277512578293681,0.017035815864801407,-1.0329056978225708,-0.7515254020690918,-0.16680657863616943,-0.5794614553451538,31.15956687927246,-9.1777925491333,40.945098876953125,0
1477,14769914,-0.008110747672617435,0.01822919026017189,-1.0060124397277832,-0.1551293283700943,-0.6173182129859924,0.6485140919685364,32.100616455078125,-10.621164321899414,42.36094665527344,0
1478,14780047,0.017523622140288353,0.0108254449442029,-0.9846291542053223,-0.40399429202079773,0.39362284541130066,0.47959476709365845,30.26407241821289,-9.969924926757812,40.47383117675781,0
1479,14789887,0.06179378181695938,0.032136525958776474,-1.0081716775894165,0.2298719733953476,0.8115572333335876,-0.23853275179862976,30.23853874206543,-10.202404022216797,40.56633758544922,0
1480,14799879,0.09883488714694977,0.022600002586841583,-1.0224155187606812,0.3351399898529053,0.4749925136566162,-0.04912922531366348,28.717609405517578,-8.725829124450684,39.928321838378906,0
1481,14810182,0.022856269031763077,0.05299372971057892,-0.9945988655090332,0.3835274875164032,-0.20310534536838531,-0.8372642397880554,31.369321823120117,-10.300024032592773,39.22557830810547,0
1482,14819916,-0.014248017221689224,-0.03317972645163536,-0.9946821331977844,0.42712414264678955,0.10523702204227448,0.5769572257995605,29.883604049682617,-10.251626014709473,40.36802673339844,0
1483,14829824,0.017439113929867744,-0.017294051125645638,-1.0505287647247314,0.10565555840730667,0.21631839871406555,-0.32450011372566223,30.430789947509766,-10.872883796691895,40.089176177978516,0
1484,14839874,-0.05298135057091713,0.0726996660232544,-1.0067890882492065,0.1847129464149475,0.5134933590888977,0.14144912362098694,30.164634704589844,-9.84106731414795,38.871681213378906,0
1485,14849833,0.08220958709716797,0.028558507561683655,-0.9934369325637817,0.00275041488930583,0.3403637707233429,0.6817117929458618,30.67928123474121,-9.13097095489502,40.307804107666016,0
1486,14859883,0.042340803891420364,0.0374629832804203,-1.0106661319732666,0.7712177634239197,0.06622865796089172,-0.19498345255851746,29.84172821044922,-9.00100326538086,40.766090393066406,0
1487,14869802,0.011127477511763573,0.11096936464309692,-0.9942207932472229,-0.12689773738384247,0.18005725741386414,-0.9275413155555725,31.191822052001953,-12.349905014038086,40.10651397705078,0
1488,14880024,-0.06242828443646431,-0.02621190808713436,-0.9849082827568054,-0.30663591623306274,0.114622101187706,-0.4010240435600281,29.75438690185547,-8.778315544128418,40.96446990966797,0
1489,14890150,0.08280473202466965,-0.0767638087272644,-0.9953702092170715,-0.1977151781320572,0.6879646182060242,0.4161095917224884,29.2451171875,-10.790525436401367,40.65827178955078,0
1490,14899888,0.007347176782786846,-0.02522134967148304,-1.0099233388900757,1.2063205242156982,-0.275184690952301,0.14212767779827118,29.469688415527344,-10.628745079040527,40.51276397705078,0
1491,14910231,-0.09633937478065491,-0.030657997354865074,-1.0035874843597412,0.8723865151405334,-0.1074400544166565,0.23936837911605835,29.761621475219727,-9.631827354431152,41.116336822509766,0
1492,14919938,0.01730886474251747,-0.07858946919441223,-0.9776858687400818,0.46383437514305115,0.4861944913864136,0.662940263748169,28.620973587036133,-8.731938362121582,41.21559524536133,0
1493,14930042,-0.033564481884241104,0.0038609763141721487,-0.9953034520149231,-0.5767608284950256,0.593316912651062,0.3846403658390045,30.923688888549805,-10.289530754089355,40.40734100341797,0
1494,14940133,-0.03582076355814934,0.11167360097169876,-0.9943351745605469,0.5376904010772705,0.6887631416320801,-1.3655635118484497,30.426349639892578,-8.958666801452637,39.865821838378906,0
1495,14949811,-0.04087207838892937,-0.061516448855400085,-0.9882780909538269,0.10238818824291229,-0.06554190814495087,0.5723293423652649,30.55388069152832,-9.600154876708984,38.99224853515625,0
1496,14959804,0.026546450331807137,0.057442981749773026,-1.0073308944702148,0.254876971244812,-0.9743044376373291,-0.5090440511703491,29.923473358154297,-9.901220321655273,38.91277313232422,0
1497,14970124,0.0034091791603714228,0.06820098310709,-0.9878480434417725,0.7558423280715942,-0.07823140174150467,0.3618040084838867,31.562837600708008,-9.644371032714844,39.47142791748047,0
1498,14980271,-0.04452430456876755,0.044337157160043716,-0.964034378528595,-0.3808806836605072,0.15419629216194153,-0.06106239929795265,30.759029388427734,-9.558968544006348,40.14945983886719,0
1499,14989856,0.01596992090344429,0.043381061404943466,-0.9957499504089355,0.2118098884820938,-1.1993911266326904,-0.0756833553314209,28.57135009765625,-9.513452529907227,38.10963821411133,0
1500,14999916,0.072316013276577,0.010590014979243279,-0.9664493203163147,0.6413878202438354,0.6628381609916687,0.14748677611351013,29.644296646118164,-9.856760025024414,39.22036361694336,0
1501,15009829,-0.03343287855386734,-0.014412413351237774,-1.017741084098816,0.020850371569395065,0.4542386531829834,-0.1745624989271164,29.04464340209961,-11.422304153442383,40.808624267578125,0
1502,15019801,0.08431509137153625,-0.024093346670269966,-0.9858940243721008,-0.1993875950574875,0.13815100491046906,0.2552666962146759,30.350040435791016,-10.896357536315918,38.606449127197266,0
1503,15029991,-0.07374586910009384,-0.02020937018096447,-0.9818100333213806,0.36675578355789185,0.5642006993293762,-0.23246465623378754,29.958629608154297,-10.957432746887207,39.351043701171875,0
1504,15040273,-0.00405866326764226,0.10415270179510117,-1.0048320293426514,0.447978675365448,-0.23393408954143524,0.28851625323295593,29.08396339416504,-10.68078899383545,40.534610748291016,0
1505,15049818,-0.04570496827363968,0.015901600942015648,-0.9976709485054016,0.5257533192634583,0.5242906212806702,0.7897430658340454,29.2273006439209,-10.94556999206543,39.892913818359375,0
1506,15059934,-0.004982272628694773,-0.04974699392914772,-1.0071709156036377,0.9397095441818237,0.3748868405818939,-0.39712968468666077,30.66483497619629,-10.167243957519531,41.106285095214844,0
1507,15070118,0.05933267995715141,-0.02727077342569828,-0.979427695274353,-0.7623772025108337,0.8761253952980042,-0.6596829891204834,31.81612777709961,-11.334481239318848,40.28292465209961,0
1508,15080310,-0.012618407607078552,-0.03042580932378769,-0.9768475294113159,-0.09778819233179092,0.26881200075149536,-0.9489679932594299,30.71544075012207,-8.865433692932129,40.000328063964844,0
1509,15090001,-0.009125865064561367,-0.04667208716273308,-1.022119164466858,-0.9352884888648987,-0.40439990162849426,-0.09029702842235565,29.284046173095703,-10.417097091674805,39.09027862548828,0
1510,15099989,-0.025614945217967033,0.03572787716984749,-0.9989194273948669,0.015796173363924026,-0.5907095074653625,0.16180358827114105,30.49674415588379,-9.179244995117188,41.900997161865234,0
1511,15110056,-0.05376790091395378,-0.059459343552589417,-0.9904890060424805,0.07895838469266891,0.1994403600692749,0.10230521112680435,30.191112518310547,-10.764403343200684,40.004215240478516,0
1512,15119972,0.011045665480196476,0.023167256265878677,-0.9995722770690918,-0.08902948349714279,0.2270728498697281,0.47982627153396606,28.454662322998047,-10.578585624694824,39.94075012207031,0
1513,15129755,-0.023868879303336143,0.03344340622425079,-0.9927219748497009,1.335747480392456,-0.7095896005630493,-0.5170834064483643,29.35321044921875,-9.627708435058594,40.78750228881836,0
1514,15140018,0.041560087352991104,0.057659365236759186,-1.0187588930130005,-0.7249005436897278,0.044719524681568146,-0.5461758375167847,28.950185775756836,-9.945773124694824,39.92947006225586,0
1515,15149757,-0.010472968220710754,0.11356242001056671,-1.0027278661727905,0.2329389452934265,0.10166724771261215,-0.17095902562141418,28.83195686340332,-10.255159378051758,37.14764404296875,0
1516,15160166,0.030947895720601082,-0.0899680033326149,-1.0100630521774292,-0.39866912364959717,-0.07064099609851837,-0.9161093235015869,29.573925018310547,-8.999950408935547,39.97998046875,0
1517,15170008,0.10519283264875412,0.03702886775135994,-1.011806607246399,0.2904953956604004,0.5946639180183411,0.20959393680095673,28.902179718017578,-10.890624046325684,40.738529205322266,0
1518,15179944,0.02601633407175541,0.00813289824873209,-0.9795865416526794,0.460423082113266,-1.0571331977844238,0.5964912176132202,28.422636032104492,-11.723465919494629,39.81736373901367,0
1519,15189759,-0.0030256060417741537,0.016748208552598953,-1.0030254125595093,-0.30868086218833923,-0.06791023164987564,-0.9055121541023254,28.107751846313477,-8.815621376037598,38.51780700683594,0
1520,15200074,0.01822839491069317,0.008442919701337814,-1.0279226303100586,0.6958115100860596,-0.04307691752910614,0.11240561306476593,28.325603485107422,-10.583144187927246,39.62332534790039,0
1521,15210020,-0.05966774374246597,-0.02250862494111061,-0.9883898496627808,-0.6698108911514282,-0.5139033198356628,-0.553743302822113,30.601438522338867,-9.303918838500977,38.981388092041016,0
1522,15219968,0.03810178488492966,-0.038863662630319595,-0.9910826086997986,-0.9371968507766724,-0.7261585593223572,-0.47591790556907654,31.71390724182129,-8.781821250915527,37.9005241394043,0
1523,15230002,0.023475781083106995,0.02063184604048729,-1.0027204751968384,0.03887956961989403,0.9443893432617188,0.13301603496074677,30.559844970703125,-9.885846138000488,40.801902770996094,0
1524,15240186,-0.09134998172521591,0.0031854482367634773,-0.9764339923858643,-0.5302029848098755,-0.6769218444824219,-0.17602957785129547,30.152912139892578,-8.787951469421387,39.420188903808594,0
1525,15249791,-0.03582264110445976,0.03732732683420181,-0.997686505317688,-0.7871043682098389,-0.2636755704879761,-0.7905405759811401,28.434450149536133,-10.387444496154785,40.68791580200195,0
1526,15259869,-0.02909836731851101,-0.0232404638081789,-1.0131328105926514,0.6202664971351624,-0.3698980510234833,0.24401190876960754,30.64052963256836,-8.641828536987305,41.33058547973633,0
1527,15270043,-0.03116648830473423,0.06666772812604904,-0.9984996914863586,0.3144880533218384,0.5804441571235657,-0.4135099947452545,30.55460548400879,-8.706576347351074,40.65910720825195,0
1528,15280048,-0.063382089138031,0.04017377644777298,-0.9533987045288086,-1.2853323221206665,0.8088567852973938,0.22793500125408173,30.413408279418945,-11.971299171447754,39.61861038208008,0
1529,15289730,-0.028262214735150337,-0.04360346123576164,-0.9931082129478455,0.1976180225610733,0.03247453644871712,-0.9006643295288086,28.960622787475586,-9.99161434173584,39.749568939208984,0
1530,15300273,-0.010379967279732227,-0.034157298505306244,-1.0188688039779663,-0.4321005940437317,0.5212752223014832,0.009237916208803654,29.027990341186523,-8.89932918548584,40.4340934753418,0
1531,15309962,0.050806958228349686,-0.049746643751859665,-1.0227104425430298,-0.03456171229481697,0.33711346983909607,0.8478860855102539,29.240392684936523,-9.633715629577637,40.41646957397461,0
1532,15320081,-0.05700355023145676,-0.03550805151462555,-1.0297167301177979,0.13194799423217773,-0.34980663657188416,-0.6237887144088745,30.549667358398438,-8.8484525680542,40.68226623535156,0
1533,15329841,-0.09872584044933319,0.011041291989386082,-0.9750571250915527,-0.635875940322876,0.5472731590270996,-0.1329384744167328,28.289241790771484,-10.926984786987305,39.69856262207031,0
1534,15340255,0.01793590746819973,0.04674177244305611,-1.0100966691970825,-0.3451777398586273,0.5243411064147949,0.8113667368888855,31.028635025024414,-10.405228614807129,41.54307556152344,0
1535,15350127,0.06311990320682526,-0.06823574751615524,-1.0302016735076904,-0.1306617259979248,0.35990452766418457,0.22770506143569946,30.420394897460938,-10.115931510925293,38.740840911865234,0
1536,15359859,-0.025554317981004715,-0.03247943893074989,-1.0120058059692383,-0.10280617326498032,0.3265487551689148,-0.24855513870716095,30.193918228149414,-10.007118225097656,38.78934860229492,0
1537,15369947,0.06031772121787071,0.03918256610631943,-0.9909728169441223,0.5133337378501892,0.5914302468299866,0.17394866049289703,30.220962524414062,-9.711946487426758,38.68278121948242,0
1538,15380054,0.04675067216157913,-0.0645907074213028,-1.0326733589172363,-0.4345741868019104,0.6394569873809814,-0.5953009724617004,29.828174591064453,-7.491184234619141,40.09817123413086,0
1539,15389749,0.08412992209196091,0.08863712102174759,-1.007340431213379,-0.18645791709423065,1.2045389413833618,0.08786008507013321,30.622934341430664,-9.083443641662598,39.03621292114258,0
1540,15400188,0.08341367542743683,-0.0069577363319695,-0.9616661071777344,0.4104222059249878,-0.3698045015335083,-0.02696584165096283,28.823575973510742,-9.904666900634766,40.78226089477539,0
1541,15409992,0.08723557740449905,0.0005364550743252039,-0.9775928854942322,-0.2163008153438568,0.11827250570058823,0.3437778055667877,29.540529251098633,-9.716032028198242,40.74958038330078,0
1542,15419921,0.03619313985109329,0.02198348566889763,-0.9989979863166809,-0.034817036241292953,-0.402511328458786,-0.10418468713760376,30.286989212036133,-8.196452140808105,39.6162109375,0
1543,15430162,-0.0242157019674778,-0.03302937000989914,-0.9782323241233826,0.3074885904788971,-0.12071267515420914,0.4918809235095978,30.190359115600586,-9.561614990234375,39.4505729675293,0
1544,15439799,-0.05251068249344826,-0.07232481986284256,-1.0382158756256104,-0.9454288482666016,-0.27645736932754517,0.3801388144493103,29.800188064575195,-8.88764762878418,38.91977310180664,0
1545,15449877,0.04219796881079674,-0.001415401347912848,-1.0103609561920166,-0.2630164623260498,-0.2537405490875244,-0.4982346296310425,30.576282501220703,-11.833597183227539,39.89048385620117,0
1546,15460023,-0.05445291846990585,0.08584629744291306,-0.9916814565658569,-0.15058083832263947,-0.4821569323539734,0.10469570755958557,28.320974349975586,-10.544804573059082,39.26753616333008,0
1547,15470164,-0.029637295752763748,0.04593111202120781,-1.0288887023925781,-0.4262083172798157,0.5040614008903503,-0.12914305925369263,28.697521209716797,-10.676488876342773,40.7355842590332,0
1548,15480371,0.0606469064950943,-0.03651166707277298,-0.9759893417358398,0.06757784634828568,0.4506223499774933,-0.24707476794719696,28.167095184326172,-10.537859916687012,40.55099105834961,0
1549,15490048,0.015884120017290115,-0.03735766187310219,-0.9956837296485901,-0.39218977093696594,0.1198890209197998,-0.5387750864028931,27.806791305541992,-8.80942153930664,39.705596923828125,0
1550,15500000,-0.00918322242796421,0.029811594635248184,-1.0245048999786377,-0.5623030066490173,0.2637791633605957,-0.3675508201122284,29.920814514160156,-11.268587112426758,40.527587890625,0
1551,15510112,0.085991770029068,0.031247464939951897,-0.9513976573944092,-0.1153053417801857,0.13602860271930695,0.6572873592376709,28.257713317871094,-8.733614921569824,39.7978401184082,0
1552,15519741,0.11857101321220398,-0.0004201153351459652,-1.0131146907806396,-0.2349502593278885,0.4167330861091614,-0.10357790440320969,31.292997360229492,-10.55152702331543,40.289344787597656,0
1553,15529822,-0.060107264667749405,0.02595444768667221,-0.977284848690033,-0.33486276865005493,-0.30402424931526184,-0.2823218107223511,30.257169723510742,-9.770392417907715,40.60062026977539,0
1554,15540111,-0.0015923869796097279,0.13601946830749512,-0.9733160734176636,-0.24785687029361725,-0.04974731430411339,-0.5397650599479675,29.61332893371582,-10.684088706970215,38.062007904052734,0
1555,15549936,-0.04810687527060509,-0.017579112201929092,-0.9783768653869629,0.5174931883811951,-0.9057415723800659,0.08044024556875229,30.1423397064209,-9.487617492675781,39.46733474731445,0
1556,15559736,0.028161704540252686,0.006391795352101326,-0.9891212582588196,-0.7964719533920288,-0.24978011846542358,-0.7822266817092896,29.720340728759766,-9.349283218383789,41.25489044189453,0
1557,15570050,-0.0782938301563263,0.06481971591711044,-0.9860525727272034,-0.03983280807733536,-0.35451918840408325,0.40571093559265137,27.88618278503418,-9.545411109924316,40.6885871887207,0
1558,15580132,0.06763194501399994,0.14217877388000488,-1.0027364492416382,0.6677297353744507,0.64141845703125,0.4413035213947296,29.511699676513672,-8.490090370178223,39.770545959472656,0
1559,15590172,0.03213309496641159,-0.01782253384590149,-0.9662145972251892,-0.36329057812690735,0.6237927675247192,-0.14796997606754303,29.15334701538086,-10.42691707611084,39.85340881347656,0
1560,15599877,-0.0412873812019825,-0.036091871559619904,-1.0066996812820435,-0.4406271278858185,-0.16729749739170074,0.4590715169906616,30.299497604370117,-10.00771427154541,39.747222900390625,0
1561,15610055,0.04548263922333717,-0.021703794598579407,-1.000008463859558,-0.7904284000396729,-0.38012585043907166,-0.45399513840675354,31.901927947998047,-11.590679168701172,38.99116516113281,0
1562,15619885,0.06703242659568787,0.015328608453273773,-1.0162338018417358,0.09688416123390198,-0.3718127906322479,-0.04625455290079117,30.32438850402832,-9.795654296875,39.274845123291016,0
1563,15630213,0.02069677598774433,-0.006036439910531044,-0.9774695634841919,0.2547841966152191,0.038977060467004776,0.11768821626901627,30.396095275878906,-9.752230644226074,39.249290466308594,0
1564,15640022,-0.010132107883691788,0.031199868768453598,-0.9993062019348145,0.5363621711730957,-0.462220698595047,0.03070245124399662,28.800878524780273,-10.124526977539062,41.993614196777344,0
1565,15649865,-0.027137460187077522,0.005227283108979464,-0.9878736734390259,-1.2098538875579834,0.05195052921772003,-0.34841805696487427,30.25304412841797,-8.396201133728027,38.75519561767578,0
1566,15660052,0.008605284616351128,-0.06078223139047623,-0.966141402721405,-1.8545624017715454,0.6413580775260925,0.6607406139373779,31.279701232910156,-10.01901626586914,39.7386360168457,0
1567,15669971,0.09445091336965561,-0.013845393434166908,-0.9778339266777039,-0.10105333477258682,-0.15749491751194,-1.0005805492401123,32.019500732421875,-10.202638626098633,37.3466682434082,0
1568,15679816,-0.029370443895459175,-0.02521909587085247,-1.003900408744812,0.864504337310791,0.1495836079120636,0.3031019866466522,30.0772647857666,-10.916754722595215,40.500057220458984,0
1569,15689934,-0.043439608067274094,-0.06399690359830856,-0.9986593723297119,0.224967360496521,-0.311687707901001,0.41992756724357605,30.21756362915039,-10.827202796936035,38.102169036865234,0
1570,15699871,0.04164925590157509,0.0010289575438946486,-0.9978643655776978,-1.0091195106506348,0.6818287372589111,-0.5120423436164856,28.581567764282227,-10.954792022705078,41.73237228393555,0
1571,15709667,-0.052877724170684814,-0.0013550001895055175,-1.0039469003677368,0.3392334282398224,0.7462008595466614,0.10736922919750214,30.481897354125977,-10.398870468139648,40.26540756225586,0
1572,15720092,0.014095122925937176,0.03187895193696022,-0.9867772459983826,0.08650435507297516,-0.26485952734947205,-1.3129479885101318,30.708480834960938,-10.463119506835938,38.298133850097656,0
1573,15729764,0.013301270082592964,-0.07282135635614395,-1.0384018421173096,-0.020221751183271408,0.6078093647956848,1.0851762294769287,28.560380935668945,-11.043869018554688,40.39797592163086,0
1574,15739639,0.019482150673866272,-0.052340708673000336,-0.9799336194992065,0.061498116701841354,0.2955966591835022,-0.1669728010892868,29.821765899658203,-10.41546630859375,41.17860794067383,0
1575,15750193,-0.07572148740291595,0.06269169598817825,-0.9856905937194824,-0.21392886340618134,-0.0006880626897327602,0.6387206315994263,32.165245056152344,-10.397919654846191,39.05841827392578,0
1576,15760085,0.08007090538740158,0.02124202810227871,-0.9448019862174988,-0.6468905806541443,0.5174832940101624,1.002122402191162,31.749589920043945,-9.793194770812988,40.98157501220703,0
1577,15769956,0.051704198122024536,0.08450940996408463,-0.9732897877693176,-0.17542003095149994,0.43781569600105286,0.37801066040992737,29.90546417236328,-9.195091247558594,40.911521911621094,0
1578,15780056,0.020307254046201706,0.02603461593389511,-0.9757081866264343,-0.3357742428779602,0.209115669131279,0.1758348047733307,29.39468765258789,-11.596116065979004,37.97964096069336,0
1579,15790219,0.04858895763754845,-0.0029406205285340548,-1.0034351348876953,-0.523975670337677,1.3468836545944214,-0.5590367913246155,28.775423049926758,-9.648520469665527,41.26126480102539,0
1580,15800336,0.08173810690641403,0.029990430921316147,-1.0153124332427979,0.07897061109542847,-0.4871741831302643,-0.31210288405418396,30.49382781982422,-9.450886726379395,39.73707962036133,0
1581,15810251,-0.01785639487206936,0.023253824561834335,-1.0122554302215576,-0.3379710018634796,-0.4689039885997772,0.6381041407585144,30.86536979675293,-9.373048782348633,39.17021942138672,0
1582,15819933,-0.04948869347572327,-0.00457826629281044,-0.9617494940757751,0.29575011134147644,0.05121941491961479,0.304232120513916,29.436092376708984,-10.854166030883789,39.34724426269531,0
1583,15830009,0.056056343019008636,0.011277510784566402,-1.0186740159988403,0.48794129490852356,0.6822901368141174,-0.12475046515464783,29.616840362548828,-8.283256530761719,41.189693450927734,0
1584,15839949,0.012554430402815342,0.023717274889349937,-1.0227363109588623,-0.13201716542243958,0.03238724544644356,-0.5183143019676208,30.84036636352539,-9.247971534729004,40.66674041748047,0
1585,15849884,-0.013471930287778378,0.032045647501945496,-0.9929375052452087,-0.2074434906244278,-0.6463145017623901,-0.680738091468811,30.073589324951172,-9.110315322875977,40.42301559448242,0
1586,15860076,0.09612350910902023,0.07771974056959152,-0.9885740876197815,-0.42273080348968506,-0.4279572069644928,0.17333970963954926,31.45335578918457,-8.924052238464355,39.9213752746582,0
1587,15869920,0.08543363213539124,0.14390292763710022,-1.0157426595687866,0.6342232823371887,-0.3837279975414276,0.585548460483551,31.238155364990234,-10.164798736572266,39.45989227294922,0
1588,15879927,-0.013972137123346329,0.005363008938729763,-0.9765533804893494,-0.07668353617191315,0.791114091873169,-0.28633925318717957,29.4097957611084,-10.374981880187988,40.391292572021484,0
1589,15890138,-0.03736384958028793,-0.004255952779203653,-1.0039193630218506,-0.18227845430374146,0.3817692995071411,0.8947906494140625,27.918535232543945,-9.148027420043945,39.717803955078125,0
1590,15900195,0.02329711802303791,0.03798823058605194,-0.9689420461654663,-0.5504599213600159,0.7446889281272888,-0.6996328234672546,31.642065048217773,-9.990558624267578,41.2508659362793,0
1591,15910035,-0.007919436320662498,0.030105868354439735,-1.0101271867752075,0.23140481114387512,0.043290890753269196,-0.07897108793258667,29.02306365966797,-8.886364936828613,39.403785705566406,0
1592,15919916,0.04988021403551102,0.05255022272467613,-1.0095206499099731,-0.04163919389247894,-0.21127842366695404,0.6529057025909424,28.9099178314209,-9.835729598999023,41.30534362792969,0
1593,15930093,0.02078544721007347,-0.008993154391646385,-1.0116949081420898,0.2758188545703888,-0.326802134513855,0.40204834938049316,30.09183120727539,-11.404366493225098,39.09751510620117,0
1594,15939897,0.006499752402305603,0.0321938619017601,-0.9921296238899231,-0.03426878899335861,0.19580303132534027,-1.1504862308502197,29.52373504638672,-9.192184448242188,40.201412200927734,0
1595,15949882,0.030694004148244858,-0.04444790259003639,-1.0069923400878906,0.3636583089828491,1.1267071962356567,0.2479369044303894,29.907073974609375,-11.13172435760498,40.304134368896484,0
1596,15960319,-0.028449632227420807,0.09563879668712616,-1.006302833557129,-0.22123874723911285,0.6657747030258179,0.7086228728294373,29.44563865661621,-10.089333534240723,40.22373580932617,0
1597,15970115,-0.030940715223550797,-0.0046832142397761345,-1.001814603805542,0.3816879093647003,0.16822753846645355,-0.4635557532310486,29.978897094726562,-9.913524627685547,39.465633392333984,0
1598,15979976,0.03332584723830223,-0.005225196946412325,-0.9850926995277405,-0.27716442942619324,0.3978157639503479,-1.1570603847503662,28.49515151977539,-10.332992553710938,39.90300750732422,0
1599,15989892,0.0631142407655716,0.1339963972568512,-0.9945290684700012,0.2685052752494812,-0.6312838792800903,-0.4147018492221832,29.40764045715332,-11.95585823059082,40.088783264160156,0
1600,15999974,0.02322414517402649,-0.019147273153066635,-1.0070769786834717,-0.1236606240272522,0.5434329509735107,-1.5920840501785278,28.66277503967285,-9.655221939086914,38.821590423583984,0
1601,16010084,-0.0356244221329689,0.014107650145888329,-0.9895195364952087,0.20096294581890106,0.18117187917232513,-0.793558657169342,29.56970977783203,-10.96252155303955,38.80096435546875,0
1602,16020068,0.030047602951526642,-0.025775639340281487,-1.0007927417755127,-0.019965535029768944,-0.13124926388263702,1.131771206855774,29.126392364501953,-8.600406646728516,39.97413635253906,0
1603,16029997,-0.04338749498128891,-0.12791332602500916,-1.0019947290420532,-0.8987768888473511,-0.7399349212646484,0.17136350274085999,29.066099166870117,-8.58277416229248,40.5040397644043,0
1604,16039901,0.023544929921627045,-0.04724757745862007,-1.0224331617355347,0.2176365852355957,-0.1501263529062271,0.10761873424053192,31.12523078918457,-9.160467147827148,39.546119689941406,0
1605,16050092,0.012809006497263908,-0.023299597203731537,-1.0008419752120972,-0.07365424185991287,-0.2779053747653961,0.7727047204971313,30.354103088378906,-7.823647499084473,39.99688720703125,0
1606,16060232,0.0063266693614423275,-0.012277165427803993,-0.9672365784645081,0.27556589245796204,0.017571764066815376,0.18862484395503998,29.970706939697266,-9.53773021697998,40.71814727783203,0
1607,16069936,0.10686427354812622,0.0015844388399273157,-0.9387199282646179,0.6977916359901428,-0.05860194191336632,-0.9914296269416809,30.064838409423828,-11.083854675292969,38.32680892944336,0
1608,16080303,-0.06621196120977402,0.05280231684446335,-0.9918256402015686,0.15389935672283173,-0.255868524312973,-0.5152794122695923,29.86245346069336,-9.873518943786621,40.92538070678711,0
1609,16089850,-0.013771486468613148,0.07155448943376541,-0.9989610910415649,0.03677252680063248,-0.9560496807098389,0.11875118315219879,28.881202697753906,-10.50728988647461,40.12050247192383,0
1610,16099907,0.025578932836651802,0.004351670388132334,-1.0342304706573486,-0.270518034696579,0.18764963746070862,-1.2070634365081787,29.145296096801758,-10.491772651672363,39.408851623535156,0
1611,16110158,0.01987551897764206,0.014873906970024109,-1.002294898033142,0.45679599046707153,0.014570152387022972,0.3560653328895569,27.611608505249023,-10.425520896911621,40.981109619140625,0
1612,16119798,-0.046426136046648026,0.00026372537831775844,-1.021912932395935,-0.6615756154060364,0.006667751353234053,0.7810978889465332,28.94610595703125,-8.604519844055176,40.38641357421875,0
1613,16129951,0.038503654301166534,0.05623893812298775,-0.9935647249221802,-0.3294490575790405,-0.4449756443500519,0.5979363322257996,30.42766571044922,-9.620731353759766,39.553436279296875,0
1614,16140193,0.0025404600892215967,-0.07136554270982742,-0.9889340400695801,0.28822267055511475,-0.4044831693172455,0.3661254346370697,30.3537540435791,-10.998246192932129,39.622230529785156,0
1615,16150017,0.0009830341441556811,0.038002703338861465,-1.022809386253357,0.4533306360244751,0.5713549852371216,-0.1084744781255722,30.944461822509766,-10.290769577026367,41.05613327026367,0
1616,16160171,0.0003211454313714057,0.03524365648627281,-0.9990424513816833,0.40876251459121704,0.6948306560516357,-0.44826740026474,30.505035400390625,-9.443174362182617,38.76981735229492,0
1617,16170083,0.02050459384918213,-0.003465201472863555,-1.000138521194458,-0.09806755185127258,0.6553872227668762,-0.6819034218788147,29.39136505126953,-10.988090515136719,40.47060775756836,0
1618,16179963,0.0048039136454463005,-0.07983651757240295,-1.0079765319824219,-0.7086116671562195,-0.25076916813850403,-0.2180505096912384,31.473928451538086,-9.002490997314453,41.18279266357422,0
1619,16189972,0.030431432649493217,0.0750351995229721,-1.0030570030212402,0.5443747043609619,0.3718271851539612,-0.6250707507133484,30.783174514770508,-9.154629707336426,40.212581634521484,0
1620,16199903,0.11514678597450256,-0.02593851648271084,-1.0070631504058838,0.45552942156791687,0.2882450520992279,-0.6116804480552673,29.18146324157715,-10.348798751831055,42.135013580322266,0
1621,16209955,0.014717847108840942,-0.010910184122622013,-0.976873517036438,-0.3281121551990509,-0.06243016570806503,-0.3887420892715454,30.703245162963867,-8.853486061096191,41.60696792602539,0
1622,16219892,0.08820821344852448,-0.025571275502443314,-1.021416187286377,-0.8079632520675659,0.3465626835823059,-0.8849020600318909,31.283405303955078,-10.693681716918945,38.66170120239258,0
1623,16229967,0.025692852213978767,-0.00337183172814548,-0.989746630191803,-0.11626837402582169,0.2652074694633484,0.6954032778739929,28.809083938598633,-8.956513404846191,39.40471649169922,0
1624,16239984,0.051336005330085754,-0.044436343014240265,-1.0203332901000977,-0.16162294149398804,-0.24966269731521606,-0.29160794615745544,29.15768814086914,-10.124344825744629,40.97782516479492,0
1625,16249863,-0.04285835102200508,0.06672853231430054,-0.9742582440376282,-0.19184331595897675,0.23605592548847198,0.4982784390449524,30.479372024536133,-9.562243461608887,37.42030334472656,0
1626,16260137,-0.08294732868671417,0.014517194591462612,-1.0064942836761475,0.43967077136039734,-0.09681624919176102,0.9904321432113647,29.556991577148438,-11.044544219970703,39.261539459228516,0
1627,16270036,-0.04388510435819626,0.033813703805208206,-1.028329849243164,0.33028915524482727,-0.17189322412014008,-0.04388199746608734,30.46864128112793,-10.623164176940918,39.557132720947266,0
1628,16279916,0.04653765261173248,-0.022252773866057396,-0.9943069219589233,-0.15349553525447845,-0.0829053446650505,-0.8011769652366638,30.14532470703125,-10.291245460510254,40.564144134521484,0
1629,16289935,-0.0036765607073903084,-0.049327608197927475,-1.0221127271652222,0.8712887167930603,-0.13601772487163544,-0.7508182525634766,30.819311141967773,-10.242842674255371,38.76203536987305,0
1630,16300076,0.12352690100669861,0.010480700060725212,-1.0191402435302734,-0.3041320741176605,0.2786019444465637,-0.03033456951379776,29.1027889251709,-10.399798393249512,41.49094772338867,0
1631,16310133,0.04048369079828262,0.028944114223122597,-0.975381076335907,-0.655022144317627,0.08344295620918274,0.024417230859398842,31.763551712036133,-10.621146202087402,38.452674865722656,0
1632,16320052,-0.05678248032927513,-0.02183733694255352,-1.0240187644958496,0.7014548778533936,0.4285196363925934,-0.38012370467185974,29.925012588500977,-9.368488311767578,39.64486312866211,0
1633,16330020,0.03865803778171539,-0.027639856562018394,-1.0044841766357422,-0.3640533983707428,-0.2839493453502655,0.20791329443454742,30.76072883605957,-9.554611206054688,40.359806060791016,0
1634,16340263,-0.04523959010839462,0.08524163067340851,-1.012904167175293,0.11864718794822693,-0.3099614679813385,-0.35009169578552246,30.563722610473633,-10.814945220947266,41.57898712158203,0
1635,16350037,-0.05383123829960823,-0.057452861219644547,-0.9665420055389404,0.33702048659324646,0.6755011081695557,-0.9642654061317444,29.907302856445312,-9.696891784667969,38.163177490234375,0
1636,16360012,-0.09127271920442581,0.08892979472875595,-0.9836694002151489,0.1488809883594513,0.23590636253356934,-0.019423797726631165,29.574825286865234,-10.722764015197754,38.8353157043457,0
1637,16369988,-0.060434550046920776,-0.003113540355116129,-0.9925280809402466,0.06131531298160553,-0.31100770831108093,-0.23759418725967407,30.707021713256836,-11.493006706237793,41.793636322021484,0
1638,16379882,-0.04682779312133789,0.004667552188038826,-1.013577938079834,0.1316186487674713,0.16032883524894714,0.7903082966804504,31.260547637939453,-10.852218627929688,40.58970260620117,0
1639,16389939,-0.058378491550683975,0.019628841429948807,-0.9560296535491943,-0.10377103090286255,-0.07705707103013992,-0.062082454562187195,29.973878860473633,-11.108574867248535,40.46282958984375,0
1640,16399885,0.024950137361884117,0.005926250480115414,-0.9714757800102234,0.3790509104728699,-0.20553593337535858,-0.9378212690353394,31.800024032592773,-10.021627426147461,38.387908935546875,0
1641,16409813,-0.020361877977848053,-0.05613952875137329,-1.0422091484069824,0.44800281524658203,-0.4560307264328003,-0.8786680102348328,30.27973747253418,-9.263686180114746,40.43656539916992,0
1642,16420077,-0.03346618637442589,-0.01654052548110485,-0.977867066860199,-0.6615256667137146,-0.18248774111270905,-0.1692640781402588,28.497282028198242,-11.147494316101074,40.11771011352539,0
1643,16430089,-0.050751056522130966,-0.09733008593320847,-0.9939552545547485,-0.9289330244064331,-0.8459844589233398,-0.1352866291999817,27.837568283081055,-9.416886329650879,39.83976745605469,0
1644,16439894,0.049936406314373016,-0.024323120713233948,-0.9993665218353271,-0.25278979539871216,0.28038936853408813,-0.6298596262931824,30.486125946044922,-9.611669540405273,38.679874420166016,0
1645,16450155,0.06660108268260956,0.11160735040903091,-1.0326038599014282,-0.32966455817222595,0.028633486479520798,-0.7482307553291321,29.696897506713867,-8.778280258178711,41.3297233581543,0
1646,16460123,0.08546289056539536,-0.08667304366827011,-1.0128977298736572,-0.10406870394945145,-0.11733101308345795,0.5380507111549377,28.248079299926758,-8.06600570678711,39.9528694152832,0
1647,16470049,-0.025590870529413223,-0.0020419328939169645,-1.0105140209197998,-0.01586979441344738,-0.4915327727794647,-0.595431923866272,30.593036651611328,-8.770776748657227,39.346988677978516,0
1648,16480089,0.11400895565748215,-0.046100929379463196,-0.9905200004577637,0.21716801822185516,-0.27625566720962524,0.23229163885116577,29.468616485595703,-9.995232582092285,39.69165802001953,0
1649,16490077,-0.013712024316191673,-0.08118539303541183,-0.9818246364593506,0.5698316097259521,-0.3301699161529541,-0.9084157347679138,31.22679328918457,-9.34730052947998,39.73173141479492,0
1650,16500279,0.011185291223227978,0.023700037971138954,-0.9698991775512695,-0.14362280070781708,-0.2163168489933014,-0.550462543964386,28.503690719604492,-9.442463874816895,41.85694885253906,0
1651,16510020,-0.048050325363874435,-0.018454723060131073,-0.9690392017364502,-0.8278948664665222,-0.13879621028900146,-0.12671226263046265,30.86530876159668,-10.78564739227295,41.02208709716797,0
1652,16519965,-0.017269862815737724,0.056164078414440155,-1.0014574527740479,-0.24936218559741974,0.1640070080757141,-0.13493604958057404,28.97357940673828,-10.371301651000977,39.78062438964844,0
1653,16530272,0.058427438139915466,-0.04394121468067169,-0.9692776799201965,-0.2820276916027069,0.4825075566768646,-0.008767971768975258,29.814380645751953,-8.958878517150879,38.15482711791992,0
1654,16540036,0.047136373817920685,-0.0036050332710146904,-1.0097874402999878,-0.23928064107894897,-0.7494935393333435,0.3933839499950409,28.31014633178711,-9.849534034729004,40.16544723510742,0
1655,16550168,-0.01237543672323227,0.04873618483543396,-0.9878960251808167,-1.2219164371490479,-0.2638665735721588,-0.5770975351333618,31.320159912109375,-9.119884490966797,40.87855529785156,0
1656,16559993,0.047515492886304855,-0.01723024807870388,-1.0199284553527832,-0.8029816746711731,-0.2109820395708084,-0.5223215222358704,30.96230125427246,-11.501954078674316,41.024539947509766,0
1657,16570111,-0.09432195127010345,-0.042859405279159546,-0.9695056676864624,0.08699936419725418,-0.7820143103599548,0.190764918923378,28.791406631469727,-10.176591873168945,40.07284927368164,0
1658,16579999,-0.05256861448287964,0.031676460057497025,-0.9799501299858093,-0.17195014655590057,0.5623360276222229,-0.5993725657463074,29.039461135864258,-9.900774002075195,40.185604095458984,0
1659,16589928,-0.06172209978103638,0.054031599313020706,-1.023149847984314,-0.5649167895317078,0.3777218461036682,-0.49058666825294495,30.754030227661133,-8.575851440429688,39.806339263916016,0
1660,16599881,0.07916686683893204,0.006578960921615362,-1.001213550567627,0.7794705033302307,0.2861892282962799,-0.07833415269851685,29.060714721679688,-9.500696182250977,42.135284423828125,0
1661,16610086,0.07342789322137833,-0.014912066049873829,-1.0180000066757202,-0.6514209508895874,0.7314625978469849,0.10693328827619553,29.842924118041992,-10.539710998535156,40.64752197265625,0
1662,16619837,-0.07367060333490372,0.008768820203840733,-1.0397672653198242,-0.18114569783210754,-0.9497277736663818,-0.23762311041355133,30.12165641784668,-9.926497459411621,40.1470832824707,0
1663,16630243,-0.06618808209896088,0.002287849085405469,-0.9898741841316223,-0.9292981028556824,-0.45375972986221313,-0.8949064612388611,30.628177642822266,-12.157963752746582,40.30824661254883,0
1664,16640053,-0.01862969994544983,0.018932778388261795,-0.9861194491386414,-0.15795141458511353,0.23301465809345245,0.8260650634765625,29.796112060546875,-10.951597213745117,40.450286865234375,0
1665,16650299,0.003665733151137829,-0.028023967519402504,-1.0292487144470215,1.0144221782684326,-0.767215371131897,0.20967605710029602,27.645273208618164,-9.741615295410156,40.81214141845703,0
1666,16660095,0.0730113536119461,-0.012703768908977509,-1.0022767782211304,-0.10060852766036987,0.479754775762558,-0.17187273502349854,29.4465274810791,-11.257274627685547,38.79238510131836,0
1667,16670028,-0.059557076543569565,-0.05407101660966873,-1.004855990409851,-0.24211542308330536,-0.28015953302383423,0.5492897629737854,29.639795303344727,-9.960125923156738,40.95561218261719,0
1668,16680057,0.020724184811115265,-0.08699942380189896,-1.046081304550171,-0.11737801134586334,-0.6877126097679138,0.6129116415977478,31.047298431396484,-12.765417098999023,40.144622802734375,0
1669,16690213,-0.029737625271081924,0.04750489816069603,-0.9870330691337585,-0.7626103162765503,0.1827017217874527,0.392017662525177,28.353681564331055,-9.5546875,39.208885192871094,0
1670,16699949,-0.06983911246061325,-0.02640722692012787,-0.9830256104469299,0.5852887630462646,-0.3155536949634552,-0.39719751477241516,30.048725128173828,-9.868700981140137,41.68603515625,0
1671,16710023,0.002331041730940342,-0.028654566034674644,-1.0076831579208374,-0.09028208255767822,-0.2786204516887665,-0.6361481547355652,29.39723777770996,-10.13789176940918,39.10542678833008,0
1672,16719818,0.024000220000743866,-0.03471770137548447,-0.9908864498138428,-1.0631229877471924,-0.36548104882240295,-0.2429785579442978,29.957260131835938,-10.279558181762695,38.456520080566406,0
1673,16729844,-0.010947790928184986,-0.0274492297321558,-1.008818507194519,-1.2444474697113037,-0.34888753294944763,-0.04371502995491028,29.225160598754883,-11.444780349731445,39.15672302246094,0
1674,16740164,0.01993616484105587,-0.08796954154968262,-0.9910731315612793,0.2538277804851532,-0.3205130696296692,0.8593345284461975,29.62123680114746,-9.96079158782959,40.01847457885742,0
1675,16749864,0.1293811947107315,0.012471524067223072,-1.0064769983291626,0.5954567790031433,0.10377397388219833,0.3220396637916565,30.21234893798828,-8.854562759399414,40.23784255981445,0
1676,16759897,0.06029605492949486,-0.007696172222495079,-1.0136345624923706,-0.731665849685669,0.11083412170410156,0.24432049691677094,30.41099739074707,-10.234862327575684,39.080684661865234,0
1677,16769948,-0.013040236197412014,0.05173918604850769,-1.0399243831634521,-0.3348848521709442,0.05235441401600838,-0.30408263206481934,27.97589111328125,-11.686599731445312,40.37875747680664,0
1678,16780199,0.03033178113400936,-0.01529287826269865,-1.0274410247802734,0.6035041809082031,-1.0377603769302368,0.4473901391029358,28.10533905029297,-11.990086555480957,42.7319450378418,0
1679,16790233,0.08452225476503372,0.05434132739901543,-1.0154184103012085,1.1217612028121948,-0.1022484228014946,-0.34812232851982117,29.65411949157715,-8.959725379943848,39.843910217285156,0
1680,16799754,0.03624039515852928,0.046485044062137604,-0.9946548342704773,-0.3428599536418915,0.07120309770107269,-0.03722560033202171,30.675338745117188,-11.050959587097168,42.297332763671875,0
1681,16809793,0.07219411432743073,0.0143538573756814,-1.0250194072723389,-0.427033931016922,-0.5873146653175354,-0.7246130704879761,29.223825454711914,-10.04344654083252,38.67551040649414,0
1682,16819774,-0.04511973634362221,0.08187436312437057,-1.0082861185073853,-0.08049636334180832,0.11125542968511581,0.6964699029922485,28.56172752380371,-9.816246032714844,39.60431671142578,0
1683,16829781,-0.04283132404088974,0.0026961311232298613,-0.9985347390174866,0.7492877244949341,0.3803800940513611,0.1244838535785675,30.195064544677734,-8.014185905456543,39.580318450927734,0
1684,16840137,-0.013261497020721436,0.018867578357458115,-0.9956396222114563,0.4088168144226074,0.10311955958604813,-0.508622407913208,30.60938262939453,-10.026461601257324,39.39421844482422,0
1685,16849777,-0.006620379630476236,-0.007084904704242945,-1.0095689296722412,0.440780907869339,0.15545223653316498,-0.3529186248779297,29.198606491088867,-9.911694526672363,38.412254333496094,0
1686,16860064,0.06270997226238251,0.022747281938791275,-1.0211117267608643,0.07909803837537766,0.09994467347860336,0.12223714590072632,31.074003219604492,-9.886287689208984,39.515350341796875,0
1687,16870170,-0.006201957818120718,0.04294690489768982,-1.0120447874069214,0.12466435134410858,0.6469172835350037,0.5378679037094116,30.416648864746094,-9.323946952819824,38.61579513549805,0
1688,16880009,0.004080128390341997,0.043154094368219376,-1.015028715133667,0.4359576404094696,-0.34929919242858887,0.18011365830898285,31.303924560546875,-9.097610473632812,40.949466705322266,0
1689,16889944,-0.06793380528688431,0.009352969005703926,-0.9964195489883423,-0.6849062442779541,0.17238040268421173,0.4286002814769745,29.912742614746094,-10.109694480895996,38.79722595214844,0
1690,16900102,0.03752990439534187,0.02044709399342537,-0.9852221012115479,-0.3518400490283966,-0.1089337095618248,-0.24548573791980743,29.488845825195312,-11.93270492553711,38.8349723815918,0
1691,16910097,-0.048675861209630966,-0.008817163296043873,-0.9901955723762512,0.06625299900770187,0.002728937426581979,0.06759106367826462,31.76681137084961,-10.691043853759766,38.48241424560547,0
1692,16919770,-0.0130570437759161,0.060019586235284805,-0.9445999264717102,-0.42364728450775146,0.2989296317100525,0.33107829093933105,27.41633415222168,-10.455500602722168,39.098106384277344,0
1693,16930364,0.12758369743824005,-0.07285890728235245,-0.9632139205932617,0.6356939077377319,-0.11361926048994064,-0.0233125239610672,30.76709747314453,-8.134455680847168,40.87693405151367,0
1694,16939944,-0.006907578092068434,-0.048615556210279465,-0.9843611717224121,-0.21135325729846954,0.40234965085983276,-0.190313458442688,30.029346466064453,-9.469817161560059,41.29655075073242,0
1695,16950088,0.0005428353906609118,-0.05586715787649155,-0.9995632767677307,0.7596328854560852,0.5951768755912781,-0.8199840188026428,30.963760375976562,-11.04670238494873,38.72711944580078,0
1696,16960059,-0.004751233849674463,0.04661091789603233,-1.009080171585083,-0.15639662742614746,-0.12386681139469147,0.462248831987381,29.632484436035156,-11.076080322265625,40.17589569091797,0
1697,16970325,-0.0716998428106308,0.024963874369859695,-0.9948031306266785,0.2852862775325775,-0.0051063657738268375,0.1737821102142334,29.61915397644043,-9.3862943649292,38.99024963378906,0
1698,16979898,-0.050949689000844955,-0.03958229720592499,-1.0090117454528809,-0.4895520806312561,-0.3239623010158539,0.13211898505687714,28.991226196289062,-10.346010208129883,39.490299224853516,0
1699,16989946,-0.02392202988266945,-0.02544761821627617,-0.9724551439285278,-0.2645668387413025,-0.20194990932941437,-0.05833987146615982,30.2022647857666,-9.678624153137207,39.419376373291016,0
1700,17000045,-0.001453481032513082,0.0004892863216809928,-1.0215702056884766,-0.2123190015554428,0.746870219707489,-0.23522061109542847,31.407915115356445,-9.8754301071167,40.137351989746094,0
1701,17010085,-0.09421967715024948,0.045366592705249786,-0.9900885820388794,-0.08354530483484268,0.2199278026819229,0.1955704689025879,31.212003707885742,-11.18319320678711,39.61332702636719,0
1702,17019959,-0.09378741681575775,0.0477275624871254,-1.0197983980178833,-0.6915755271911621,0.31498339772224426,-0.6178597807884216,30.794729232788086,-9.399109840393066,38.81160354614258,0
1703,17029958,0.004865578841418028,-0.009583557955920696,-1.0226985216140747,0.2382727563381195,0.006110774353146553,-0.01244298741221428,29.390003204345703,-8.614706993103027,40.31739044189453,0
1704,17040082,-0.008835340850055218,-0.05472094193100929,-0.9770618677139282,-0.6552999019622803,0.7846693396568298,0.13806471228599548,30.873394012451172,-10.8106107711792,38.61562728881836,0
1705,17049854,-0.11937152594327927,-0.027461102232336998,-0.9589177966117859,0.1370575875043869,-0.5739134550094604,0.21624049544334412,30.098695755004883,-10.247794151306152,40.40339279174805,0
1706,17059891,0.05051371082663536,-0.00622071698307991,-0.966235876083374,0.15937189757823944,0.08037222176790237,0.944056510925293,30.88109588623047,-10.307022094726562,39.28305435180664,0
1707,17069807,-0.016422975808382034,0.07693886011838913,-0.9710891246795654,0.4125300943851471,-0.4497362971305847,-0.3922646641731262,30.355573654174805,-11.141494750976562,38.64332962036133,0
1708,17080240,0.07791022211313248,-0.08846519142389297,-0.9926414489746094,-0.5077269673347473,0.08309151977300644,-0.4680883586406708,29.6185302734375,-7.726429462432861,40.41364669799805,0
1709,17090051,0.036517996340990067,-0.041939571499824524,-1.006538987159729,0.3699437379837036,0.617947518825531,0.37521204352378845,30.63144302368164,-8.881341934204102,39.08781051635742,0
1710,17099883,0.0005126926698721945,-0.036417413502931595,-0.9953976273536682,-0.007445776369422674,0.08063749223947525,-0.33673253655433655,29.777677536010742,-11.382490158081055,39.8325080871582,0
1711,17109963,-0.035181060433387756,-0.13299158215522766,-0.9878331422805786,0.2599509358406067,0.49027350544929504,0.33991125226020813,29.316667556762695,-8.751155853271484,40.01128005981445,0
1712,17119905,0.0092960549518466,0.01947483792901039,-1.021239995956421,-0.32808637619018555,0.2562669813632965,0.7559518218040466,28.61016273498535,-10.695290565490723,40.04299545288086,0
1713,17129950,0.07297501713037491,0.05856020376086235,-1.005919337272644,0.006962976418435574,-0.7654832005500793,0.4749927222728729,28.673969268798828,-9.63795280456543,39.70845413208008,0
1714,17139916,-0.03338783606886864,0.0804699957370758,-1.0019282102584839,-0.15677152574062347,0.11920308321714401,-0.5735276937484741,30.38805389404297,-10.095091819763184,41.1009407043457,0
1715,17150152,-0.021211400628089905,0.039251238107681274,-1.0097458362579346,-0.2595228850841522,-0.060364920645952225,-0.38476184010505676,31.74095916748047,-10.045977592468262,40.56344985961914,0
1716,17159754,0.021984204649925232,-0.04686900973320007,-1.012924075126648,-0.3795742690563202,0.5257053971290588,-0.23634813725948334,28.804439544677734,-9.437764167785645,40.04820251464844,0
1717,17170051,-0.01191610749810934,-0.02596477046608925,-1.0354654788970947,0.8048457503318787,-0.6392689943313599,-0.5931802988052368,29.32823944091797,-10.48475170135498,39.282814025878906,0
1718,17179916,-0.009987880475819111,-0.051366306841373444,-0.9969375729560852,-0.5848062038421631,-0.5081795454025269,6.73745889798738e-05,31.32207679748535,-10.335184097290039,39.4644889831543,0
1719,17190233,-0.01416238397359848,0.021476050838828087,-0.9831556677818298,0.28513655066490173,-0.93148273229599,0.9423864483833313,30.22550392150879,-10.810023307800293,38.78130340576172,0
1720,17199941,-0.05905231833457947,0.00121793313883245,-1.000462293624878,0.3516884446144104,-0.27518922090530396,0.12242315709590912,31.60515594482422,-10.171796798706055,39.64134979248047,0
1721,17209981,0.08318916708230972,0.017945846542716026,-1.0058099031448364,-1.6206690073013306,-0.7363329529762268,-0.36000898480415344,29.267459869384766,-11.311121940612793,38.21133041381836,0
1722,17220050,-0.046239010989665985,0.02279551886022091,-1.02059006690979,-0.4118742346763611,0.6410490274429321,0.4940212070941925,29.758237838745117,-8.035630226135254,39.59723663330078,0
1723,17229838,0.06545616686344147,0.08534105122089386,-1.0009644031524658,0.8618423342704773,-0.6756927371025085,0.4879215955734253,28.475435256958008,-8.522680282592773,38.18825912475586,0
1724,17240013,-0.06552015244960785,-0.06530410796403885,-1.0408531427383423,-0.6613633632659912,0.5944622159004211,-0.7030574083328247,32.9834098815918,-10.635412216186523,40.962162017822266,0
1725,17249948,0.01826149970293045,-0.004202715586870909,-0.9698259830474854,0.7281328439712524,0.04254844784736633,-0.3944360911846161,29.619802474975586,-8.40937614440918,41.93034362792969,0
1726,17260103,-0.008265421725809574,0.0738430991768837,-0.9862861633300781,0.8272542953491211,-0.9925628900527954,-0.11753509938716888,29.71415138244629,-8.887950897216797,39.35250473022461,0
1727,17269853,-0.05339529365301132,0.04305768758058548,-1.0098541975021362,-0.7384188771247864,-0.15650632977485657,-0.04907386749982834,29.80687713623047,-10.100183486938477,41.103553771972656,0
1728,17279965,0.03744685649871826,0.0596112497150898,-0.999478280544281,0.06352608650922775,0.18693117797374725,-0.3691357672214508,29.88686752319336,-9.30923843383789,39.47491455078125,0
1729,17290028,0.10300935059785843,0.08217167854309082,-1.0241271257400513,0.0878237634897232,0.6750496625900269,0.025579078122973442,29.009788513183594,-11.040154457092285,39.872684478759766,0
1730,17300153,0.04620622470974922,0.01487068459391594,-1.0297435522079468,-0.2188393771648407,0.29048797488212585,-0.2604094445705414,30.683849334716797,-9.953601837158203,39.54000473022461,0
1731,17310207,0.07351842522621155,-0.07422610372304916,-1.0122261047363281,-0.7768579721450806,-0.534300684928894,0.19429023563861847,30.116239547729492,-10.098484992980957,37.986656188964844,0
1732,17319917,0.07534921169281006,0.0442749559879303,-0.9711178541183472,-1.7814148664474487,1.7694958448410034,0.3478783667087555,30.439659118652344,-9.04998779296875,38.03173828125,0
1733,17329892,0.01588735729455948,-0.046449754387140274,-1.0124282836914062,-0.12063591182231903,-0.6178125143051147,-0.24153266847133636,30.77608299255371,-10.183755874633789,38.762794494628906,0
1734,17339923,0.08305266499519348,0.022795241326093674,-0.9712405800819397,0.3161274492740631,-0.3707471191883087,0.06898434460163116,27.84321403503418,-11.620004653930664,39.996253967285156,0
1735,17350071,-0.010522635653614998,-0.049859561026096344,-0.9420808553695679,-0.4506867229938507,0.7688174843788147,0.4172000586986542,31.046598434448242,-12.138788223266602,39.87327194213867,0
1736,17359959,-0.007137245964258909,-0.008035100065171719,-1.0300195217132568,0.24158388376235962,0.5237907767295837,-0.25518879294395447,29.28712272644043,-12.13714599609375,39.65453338623047,0
1737,17370228,0.044437892735004425,-0.03040933609008789,-0.9968734383583069,0.2801828980445862,-0.3084058463573456,0.7745731472969055,30.122621536254883,-8.979830741882324,40.303104400634766,0
1738,17380077,0.08034122735261917,-0.09196159988641739,-0.9558328986167908,-0.04674111679196358,-0.2381913959980011,0.0019826157949864864,28.090063095092773,-10.133752822875977,38.762977600097656,0
1739,17390060,-0.01297872606664896,0.007964124903082848,-0.9819060564041138,0.02228136546909809,0.02167828567326069,-0.34689995646476746,30.033611297607422,-10.909035682678223,41.89929962158203,0
1740,17400007,0.043104492127895355,0.030039772391319275,-0.9665942192077637,0.3797317445278168,0.6797094941139221,0.2696762979030609,30.453929901123047,-10.929760932922363,39.4312744140625,0
1741,17409969,-0.04751214757561684,-0.04315626248717308,-0.9882088303565979,0.9285162687301636,-0.25541797280311584,0.14653895795345306,29.91229248046875,-10.444258689880371,40.297672271728516,0
1742,17419989,-0.013393068686127663,-0.008123798295855522,-0.9755646586418152,-0.39396190643310547,-0.7252854108810425,-0.13072986900806427,29.698545455932617,-11.303356170654297,40.74268341064453,0
1743,17429942,0.0036618071608245373,0.03606561943888664,-0.9926195740699768,0.6088426113128662,-0.3451796770095825,-0.3354378342628479,29.880084991455078,-10.580952644348145,39.55099868774414,0
1744,17439744,-0.02472838945686817,-0.02503635361790657,-1.0268583297729492,0.13998615741729736,-0.6832440495491028,-0.4201973080635071,29.80604362487793,-10.917825698852539,40.41669845581055,0
1745,17450257,0.023868432268500328,0.10245107859373093,-0.9659643173217773,0.9677212834358215,0.46294552087783813,0.08807963132858276,29.521400451660156,-10.711980819702148,39.88682556152344,0
1746,17460053,0.02357030287384987,0.047417763620615005,-1.0119540691375732,-0.00693496922031045,-0.2536979615688324,0.1248856708407402,29.77260398864746,-11.334104537963867,39.1781120300293,0
1747,17469796,-0.0187287125736475,0.07878615707159042,-0.9962394833564758,0.04876236617565155,-0.33559325337409973,0.20851236581802368,31.008466720581055,-11.50503158569336,38.02587127685547,0
1748,17479955,0.005211333278566599,-0.0252816341817379,-1.0149039030075073,0.10195306688547134,0.41419196128845215,-0.5714357495307922,31.084671020507812,-9.872747421264648,41.01234436035156,0
1749,17489923,-0.01054778415709734,-0.024172605946660042,-1.002543330192566,-0.08394940197467804,0.16623471677303314,0.3312869966030121,30.865312576293945,-11.293180465698242,41.467994689941406,0
1750,17499996,0.0590428002178669,0.047941189259290695,-0.998731255531311,-0.05003085732460022,1.0798617601394653,0.5397921204566956,29.434959411621094,-9.370367050170898,39.98319625854492,0
1751,17510211,0.023657048121094704,-0.044099725782871246,-1.0063319206237793,-0.12901264429092407,-0.6296162605285645,-0.6184037923812866,30.103097915649414,-10.624582290649414,40.788570404052734,0
1752,17519875,0.038619350641965866,0.07297826558351517,-0.9805550575256348,0.2044506072998047,0.16784055531024933,-0.20181618630886078,28.703657150268555,-8.794715881347656,39.410430908203125,0
1753,17529973,-0.025237100198864937,0.014617265202105045,-1.02004075050354,-0.4702264070510864,0.09295458346605301,-0.38345053791999817,31.060182571411133,-7.804554462432861,40.45071792602539,0
1754,17539952,-0.01725538820028305,0.025269918143749237,-0.9873116612434387,-0.2865210771560669,0.01674111746251583,0.1181492730975151,29.362428665161133,-9.479869842529297,40.586151123046875,0
1755,17550141,0.055164169520139694,-0.011009139008820057,-1.015658974647522,0.043974872678518295,-0.11943341791629791,0.48174113035202026,30.144094467163086,-10.365926742553711,40.4189453125,0
1756,17560132,0.016845371574163437,-0.10111970454454422,-1.0180659294128418,0.1771581918001175,-0.5276644229888916,-0.08152641355991364,28.47185707092285,-9.735489845275879,38.64918518066406,0
1757,17569953,-0.15484651923179626,-0.011004943400621414,-0.9875999689102173,-1.0181556940078735,-0.4522972106933594,-0.4542633891105652,30.316274642944336,-10.741086959838867,39.90378952026367,0
1758,17580049,-0.11053716391324997,-0.04020975902676582,-1.0295135974884033,-1.1936768293380737,0.021117718890309334,-0.11821416765451431,29.881649017333984,-11.640385627746582,39.462093353271484,0
1759,17589979,-0.03926565870642662,0.11628998816013336,-1.039862871170044,0.06772676110267639,0.7084770202636719,1.004696249961853,28.84029197692871,-11.595235824584961,40.58260726928711,0
1760,17600040,0.016131656244397163,0.020852424204349518,-1.0026099681854248,-0.1598963737487793,-0.42084524035453796,-0.3022167682647705,30.524099349975586,-8.898894309997559,40.85690689086914,0
1761,17609959,0.024370821192860603,0.07886996865272522,-0.9975935220718384,-0.028148228302598,0.15704335272312164,-1.1827493906021118,29.538198471069336,-10.926981925964355,37.73332595825195,0
1762,17620275,0.02810092829167843,-0.015581730753183365,-0.9616197347640991,-0.8224954605102539,0.4747885465621948,0.07667891681194305,29.741283416748047,-8.603814125061035,39.71882247924805,0
1763,17630201,-0.0037351634819060564,0.019761836156249046,-0.9869593381881714,-1.003257155418396,-0.8808008432388306,-0.08704401552677155,30.926904678344727,-10.968900680541992,40.46059036254883,0
1764,17640026,-0.034907691180706024,-0.06919711083173752,-0.9726531505584717,0.5438329577445984,-1.3093265295028687,-0.16636312007904053,29.017112731933594,-9.906304359436035,41.581260681152344,0
1765,17649951,0.0590500645339489,0.10587842017412186,-0.9751368165016174,-0.008710582740604877,0.2674817740917206,0.31935691833496094,30.11988067626953,-11.0364351272583,40.32197952270508,0
1766,17660103,-0.016344822943210602,0.06547896564006805,-0.9747846126556396,0.513924241065979,-0.43303921818733215,0.29699456691741943,29.36107635498047,-10.322595596313477,41.14220428466797,0
1767,17669980,-0.014258802868425846,0.03226353973150253,-0.9777904748916626,-0.41570231318473816,-0.18330036103725433,1.3398501873016357,30.301279067993164,-10.036725044250488,39.543418884277344,0
1768,17679879,-0.025771165266633034,-0.07368135452270508,-0.9789516925811768,0.4057072699069977,-0.8047719597816467,-0.2944079339504242,30.536855697631836,-9.765864372253418,39.76504135131836,0
1769,17690194,0.044402047991752625,-0.11031020432710648,-0.959561288356781,0.4139924645423889,0.7745149731636047,1.0613007545471191,28.829185485839844,-11.249958992004395,39.823486328125,0
1770,17700046,-0.06251856684684753,0.031953196972608566,-1.0270421504974365,0.5382794737815857,-1.003486156463623,-0.0809069350361824,29.782123565673828,-9.049175262451172,37.95490264892578,0
1771,17710165,-0.06478481739759445,0.015507987700402737,-0.9723947644233704,-0.33485594391822815,0.13383010029792786,0.30528923869132996,30.081851959228516,-9.338274955749512,39.90565490722656,0
1772,17720006,0.012508143670856953,-0.022331595420837402,-1.0082582235336304,-1.7289289236068726,0.04384855553507805,-0.13088397681713104,30.271961212158203,-10.255868911743164,39.21102523803711,0
1773,17730353,-0.001596130314283073,0.02526325173676014,-0.995063066482544,0.4386756122112274,0.8649914860725403,-0.010767187923192978,29.936458587646484,-9.34339427947998,39.65333557128906,0
1774,17740003,-0.10235396772623062,0.01702198199927807,-1.0187486410140991,0.26887625455856323,0.5269306898117065,-0.4777583181858063,30.14120864868164,-10.740020751953125,41.028968811035156,0
1775,17750241,0.02391032874584198,-0.011921076104044914,-1.017215609550476,-0.19581399857997894,0.22731494903564453,0.9882062077522278,30.657255172729492,-10.224348068237305,40.407020568847656,0
1776,17760282,0.031037194654345512,-0.09660615026950836,-0.998725414276123,0.021539608016610146,0.809927225112915,-0.6202032566070557,28.63162612915039,-7.698348045349121,40.08660888671875,0
1777,17769820,0.03985675796866417,0.015595830045640469,-0.9941586852073669,-0.2912033498287201,-0.25065022706985474,0.14869339764118195,29.73585319519043,-10.160025596618652,40.394859313964844,0
1778,17779961,0.00046263341209851205,0.03782911226153374,-0.9937512874603271,1.338331937789917,-0.3623005747795105,-0.10785021632909775,29.488569259643555,-7.123603820800781,39.173404693603516,0
1779,17789759,-0.06517338007688522,-0.14963865280151367,-1.030699610710144,-0.5777752995491028,0.6458759307861328,-0.3004852831363678,28.969343185424805,-11.203723907470703,39.870758056640625,0
1780,17800024,0.043593116104602814,0.015101687051355839,-1.0296366214752197,-0.36774885654449463,0.22127236425876617,-0.779045581817627,29.223636627197266,-10.58419132232666,40.158172607421875,0
1781,17810172,-0.0753079429268837,-0.027112338691949844,-1.012757658958435,-0.3408277630805969,0.23157955706119537,-0.4895905554294586,30.52456283569336,-9.895651817321777,39.160560607910156,0
1782,17819953,-0.03683143109083176,0.02429507113993168,-0.9812084436416626,0.5796703100204468,0.21764391660690308,0.020981546491384506,29.526336669921875,-10.011123657226562,40.76768112182617,0
1783,17829851,0.05957723408937454,-0.030876891687512398,-1.002413034439087,0.45333027839660645,-0.4401162564754486,0.1626274585723877,30.454591751098633,-11.42235279083252,40.68351364135742,0
1784,17840217,0.07776854187250137,-0.05198423191905022,-0.99532151222229,-0.14407196640968323,-0.253799170255661,0.4498589336872101,29.556900024414062,-9.605955123901367,40.80368423461914,0
1785,17850113,-0.07331112027168274,0.06261122226715088,-0.9990985989570618,-0.37483981251716614,0.36482295393943787,-0.24524357914924622,29.333120346069336,-8.973038673400879,40.58195877075195,0
1786,17859902,-0.09054659307003021,0.0034383072052150965,-0.9835017323493958,0.7928978800773621,-0.5148921608924866,0.19283722341060638,28.518705368041992,-9.07118034362793,39.836395263671875,0
1787,17870209,0.06159338355064392,0.028443560004234314,-0.9994035363197327,0.32621872425079346,0.4759587347507477,-0.7700085639953613,29.18165397644043,-10.177824020385742,38.54277420043945,0
1788,17880211,0.08886835724115372,0.04257214069366455,-0.9909926652908325,-0.3964555859565735,0.5285100340843201,0.9752672910690308,29.163869857788086,-10.539665222167969,39.24441146850586,0
1789,17890015,-0.027642076835036278,-0.0375516340136528,-1.0114489793777466,-0.6913497447967529,-0.17370712757110596,-0.6329352259635925,29.96555519104004,-9.571237564086914,39.810909271240234,0
1790,17900090,-0.02462196536362171,-0.0457686185836792,-0.9751285910606384,-0.49143821001052856,0.23746047914028168,0.1716734617948532,28.9808406829834,-10.40577507019043,40.95933532714844,0
1791,17909998,0.00825207307934761,0.0817854255437851,-0.9905248284339905,0.05653637647628784,-0.2902529537677765,0.1304924190044403,30.537214279174805,-9.011824607849121,38.84505081176758,0
1792,17920030,-0.07461478561162949,0.01804433949291706,-1.0069836378097534,-0.6519984602928162,-0.18093392252922058,-0.302004337310791,29.818296432495117,-9.436524391174316,40.47959518432617,0
1793,17929973,0.044958896934986115,0.0008840075461193919,-1.0229008197784424,-0.008063330315053463,-0.019331712275743484,0.27233976125717163,28.887907028198242,-9.18929672241211,40.470458984375,0
1794,17940115,0.034879498183727264,0.06738235056400299,-0.9789535403251648,0.8176591992378235,-0.2544882595539093,-0.44097375869750977,29.87896728515625,-10.707415580749512,40.500057220458984,0
1795,17949968,-0.03285869210958481,0.0821058452129364,-1.0096582174301147,0.21058522164821625,0.10819713026285172,-0.357488214969635,28.513925552368164,-11.654071807861328,39.39128494262695,0
1796,17959976,0.07374808937311172,-0.0702189952135086,-1.004982590675354,-0.09474678337574005,0.18715333938598633,0.294039249420166,30.793432235717773,-9.861089706420898,40.93987274169922,0
1797,17969737,0.03644409403204918,0.008110431022942066,-0.976114809513092,0.20276868343353271,0.6622652411460876,-0.5232741236686707,29.88782501220703,-7.363439559936523,39.227474212646484,0
1798,17980025,0.05115317553281784,0.0631248876452446,-0.9860916137695312,0.2690422236919403,0.11522408574819565,-0.40716519951820374,29.89496612548828,-8.921894073486328,41.545982360839844,0
1799,17989774,0.016737202182412148,0.05255546793341637,-1.0408097505569458,-0.7656926512718201,0.28053000569343567,-0.23870794475078583,29.680734634399414,-9.25417709350586,38.636478424072266,0
1800,18000159,0.003652562154456973,0.04350709170103073,-1.034231185913086,1.2713412046432495,-0.5899834632873535,1.0603821277618408,29.676712036132812,-10.183003425598145,38.93037033081055,0
1801,18010088,0.05275452509522438,-0.07291468977928162,-0.977630078792572,0.20069831609725952,-0.9365954995155334,-0.39908888936042786,30.86501121520996,-11.001043319702148,39.18528366088867,0
1802,18019862,-0.03866675868630409,-0.06921881437301636,-0.9912740588188171,0.34716078639030457,0.19893616437911987,1.0001689195632935,28.710712432861328,-10.541586875915527,39.42240905761719,0
1803,18030123,-0.09028264135122299,-0.03275420516729355,-1.0008878707885742,0.38461509346961975,0.9116659164428711,-0.27876922488212585,29.720319747924805,-9.390347480773926,39.79907989501953,0
1804,18039951,-0.149648517370224,0.07405219972133636,-1.0130068063735962,-0.9516643285751343,0.1860649436712265,-0.22392554581165314,30.132654190063477,-10.414145469665527,41.0755615234375,0
1805,18050018,-0.005678275600075722,0.14168871939182281,-1.0322279930114746,-0.07543404400348663,0.16019661724567413,0.17789959907531738,30.132326126098633,-11.300366401672363,40.90834426879883,0
1806,18060058,-0.021878985688090324,-0.012739773839712143,-0.9568498134613037,0.25402718782424927,0.3045167624950409,0.5650322437286377,31.246198654174805,-11.53428840637207,41.21999740600586,0
1807,18069921,-0.014915796928107738,-0.024262459948658943,-1.0007710456848145,0.5604838132858276,-0.25887301564216614,-0.13864374160766602,30.86042594909668,-9.146909713745117,38.27788543701172,0
1808,18080261,0.018137240782380104,-0.05577082186937332,-0.9905076026916504,-1.021040916442871,0.22497114539146423,0.19376176595687866,29.66040802001953,-12.185733795166016,39.387939453125,0
1809,18089947,0.03206266462802887,-0.003110743360593915,-1.006142258644104,-0.5317874550819397,-0.41839054226875305,0.5653809905052185,29.918977737426758,-9.588594436645508,41.68474197387695,0
1810,18099777,-0.028125565499067307,-0.015866070985794067,-0.9976332783699036,0.09063202887773514,0.18468761444091797,0.4566045105457306,30.392189025878906,-9.688896179199219,40.97418212890625,0
1811,18109735,-0.008723675273358822,-0.01962052285671234,-0.9734405875205994,-0.3806138038635254,0.1596568375825882,-0.18859772384166718,29.248422622680664,-9.952866554260254,40.33753204345703,0
1812,18119774,-0.01604589633643627,-0.03316766396164894,-0.9753085374832153,-0.5546399354934692,-0.4013163447380066,0.013359039090573788,30.259241104125977,-9.710105895996094,40.088993072509766,0
1813,18130017,-0.11549709737300873,-0.09210595488548279,-0.9871565103530884,0.6803510785102844,-0.2391211837530136,0.43049734830856323,28.802478790283203,-10.04531478881836,39.56366729736328,0
1814,18140044,0.0855683758854866,0.017283281311392784,-1.0196689367294312,0.18687447905540466,-0.60728520154953,0.3843114972114563,30.633399963378906,-9.629376411437988,40.36166763305664,0
1815,18149922,-0.025411218404769897,0.06260332465171814,-1.027732491493225,-0.11912329494953156,0.04574602097272873,0.6943037509918213,29.077787399291992,-11.032939910888672,40.53265380859375,0
1816,18159832,-0.030218420550227165,0.006191321648657322,-0.9505162835121155,0.5216621160507202,-0.28944629430770874,0.4585511386394501,30.078357696533203,-10.116961479187012,40.814735412597656,0
1817,18170118,-0.0033336225897073746,-0.0370916947722435,-1.0020105838775635,0.30640026926994324,0.8151934146881104,-0.2162274569272995,29.503135681152344,-10.905765533447266,39.08814239501953,0
1818,18180050,-0.006188946310430765,-0.08795611560344696,-0.9755702018737793,-0.44160202145576477,0.43656179308891296,-0.17109757661819458,31.364463806152344,-8.841812133789062,40.983154296875,0
1819,18190026,-0.016067100688815117,-0.0031631262972950935,-0.9697604775428772,-0.7509790062904358,0.24629181623458862,-0.5514928102493286,29.53564453125,-8.130184173583984,38.38138198852539,0
1820,18199999,0.06566628068685532,0.025122379884123802,-1.000711441040039,-0.0822017639875412,0.34667670726776123,0.25312337279319763,27.70836067199707,-9.781277656555176,39.9744758605957,0
1821,18209976,0.017765527591109276,0.0478869304060936,-1.008194088935852,0.4548562467098236,-0.53687584400177,-0.03410067781805992,29.060014724731445,-10.013710021972656,40.04916000366211,0
1822,18220103,0.07795394212007523,0.047474056482315063,-1.0030988454818726,0.7173042893409729,0.6485711932182312,0.656613826751709,30.801050186157227,-8.772897720336914,38.774662017822266,0
1823,18229853,-0.02957163378596306,-0.04576611891388893,-0.991340696811676,0.9183272123336792,0.8893458843231201,-0.1413196474313736,29.796985626220703,-10.323660850524902,39.81761169433594,0
1824,18240050,0.03398529440164566,-0.06356114894151688,-1.003997564315796,-0.7008227109909058,-0.44465315341949463,-0.17100419104099274,29.318706512451172,-10.084741592407227,40.19899368286133,0
1825,18249988,0.05293545499444008,-0.05665425583720207,-0.9842041730880737,-0.19237792491912842,0.3808983266353607,0.07363271713256836,30.50251007080078,-10.104702949523926,38.80548095703125,0
1826,18259987,-0.03176344931125641,-0.014323640614748001,-0.9838635921478271,0.0695057362318039,-0.34058815240859985,-0.07672973722219467,29.144115447998047,-9.681403160095215,40.68256759643555,0
1827,18269859,0.043737735599279404,-0.14975479245185852,-0.9913280010223389,-0.41647887229919434,-0.3221703767776489,-0.6251887083053589,29.802993774414062,-8.178136825561523,41.527870178222656,0
1828,18279859,0.05526076629757881,0.012058484368026257,-1.0026826858520508,0.5463691353797913,-0.7727234363555908,0.2952915132045746,29.285140991210938,-9.590983390808105,39.52972412109375,0
1829,18290071,-0.01280890591442585,0.05908810347318649,-0.9857728481292725,0.22711290419101715,-0.6580737829208374,-0.09533393383026123,29.993093490600586,-10.457155227661133,42.17686462402344,0
1830,18299880,0.001933835563249886,0.07400019466876984,-0.9918743371963501,-0.12856294214725494,-0.5267145037651062,-0.19010695815086365,28.51116180419922,-8.438217163085938,40.53616714477539,0
1831,18309873,0.031100722029805183,-0.051292214542627335,-0.971075177192688,-0.3018190264701843,-0.4327866733074188,0.36297425627708435,31.061439514160156,-9.425907135009766,40.757022857666016,0
1832,18319957,0.012391310185194016,-0.055124953389167786,-1.0134737491607666,-0.49428263306617737,-0.6809016466140747,-0.32154932618141174,29.020891189575195,-9.8862886428833,39.75611114501953,0
1833,18330134,0.0482620894908905,0.04168017581105232,-1.03294038772583,-0.2565065622329712,-0.07342582941055298,-0.10150996595621109,31.659666061401367,-11.195657730102539,38.68031692504883,0
1834,18340090,0.04352165386080742,-0.011461090296506882,-0.9900231957435608,-0.90889972448349,0.8071590662002563,-0.4895288348197937,29.979381561279297,-10.450895309448242,40.24903106689453,0
1835,18350413,0.07719643414020538,-0.03794784098863602,-1.0165510177612305,0.1395035833120346,-0.690823495388031,-0.27373623847961426,29.901384353637695,-11.10499095916748,39.03516387939453,0
1836,18360080,0.006216620560735464,-0.02953115478157997,-0.9919925928115845,0.7984194159507751,0.7908861637115479,-0.07626698911190033,30.876306533813477,-11.587247848510742,40.36802673339844,0
1837,18370194,-0.052253469824790955,0.004845420829951763,-1.0250540971755981,0.4593721628189087,0.9003124237060547,-0.10395687818527222,29.807626724243164,-10.0842866897583,37.488861083984375,0
1838,18380159,-0.0037238490767776966,0.01865742914378643,-1.032482385635376,-0.10220135748386383,-0.04368039593100548,-0.06743913143873215,30.471675872802734,-9.277191162109375,41.2994384765625,0
1839,18389890,0.025698460638523102,-0.01035721879452467,-1.027175784111023,0.7341394424438477,0.9141010046005249,1.0794357061386108,30.012819290161133,-11.503122329711914,41.385040283203125,0
1840,18400203,-0.07166123390197754,0.028930382803082466,-1.002150297164917,0.7668462991714478,-1.5901715755462646,-0.4506358206272125,29.83221435546875,-11.462574005126953,40.41857147216797,0
1841,18409904,0.03344612941145897,-0.02943255566060543,-0.9859403371810913,0.28700724244117737,0.09849383682012558,0.09195231646299362,28.86589813232422,-10.162079811096191,40.87730026245117,0
1842,18419960,0.09558291733264923,0.02671600878238678,-0.9776929616928101,0.1255878061056137,0.7750213742256165,-0.4676019549369812,28.303951263427734,-9.553433418273926,38.95918655395508,0
1843,18429793,0.011508873663842678,-0.020696716383099556,-0.9979098439216614,2.1954944133758545,-0.39063870906829834,0.6156909465789795,30.21912956237793,-11.691054344177246,40.044593811035156,0
1844,18440004,0.012301726266741753,0.029688939452171326,-0.9880506992340088,-0.8424399495124817,0.111657053232193,-0.09019841253757477,29.631324768066406,-9.099830627441406,41.759037017822266,0
1845,18449907,-0.00979783944785595,0.017290765419602394,-1.015264868736267,-0.055292028933763504,0.23640325665473938,0.46705836057662964,28.430782318115234,-8.482437133789062,38.66277313232422,0
1846,18460013,-0.05812782049179077,-0.011974658817052841,-1.015578031539917,0.19089187681674957,-0.4832298159599304,-0.7788351774215698,28.402240753173828,-12.5960693359375,40.743797302246094,0
1847,18470050,0.039703648537397385,0.047514837235212326,-0.9897519946098328,-0.9651464819908142,0.12455790489912033,0.2655263841152191,30.216028213500977,-9.310349464416504,39.47718048095703,0
1848,18480073,0.10680757462978363,-0.07637500017881393,-0.992216169834137,0.01831291802227497,-0.5379170775413513,-0.37442639470100403,30.89578628540039,-10.662752151489258,40.78237533569336,0
1849,18489844,0.02447526529431343,0.06916531920433044,-1.0039108991622925,0.3728915750980377,1.1164551973342896,-0.3308579623699188,29.76062774658203,-8.883073806762695,39.35076904296875,0
1850,18499931,-0.013549602590501308,0.04931074380874634,-1.00747549533844,0.6919264197349548,0.681302011013031,-0.5875719785690308,28.16797637939453,-7.6959099769592285,41.21985626220703,0
1851,18510135,-0.025788523256778717,-0.10574515908956528,-1.0073968172073364,-0.9042111039161682,0.3497369885444641,0.36730629205703735,30.037193298339844,-11.122112274169922,41.45231628417969,0
1852,18520076,0.051736727356910706,-0.06268120557069778,-1.0092486143112183,-0.6980803608894348,0.5278038382530212,-0.14598603546619415,28.577762603759766,-8.034841537475586,39.45057678222656,0
1853,18529967,-0.08623416721820831,0.09549601376056671,-1.0032590627670288,0.39911866188049316,0.7504993081092834,0.742223858833313,30.971233367919922,-9.886809349060059,40.34258270263672,0
1854,18539994,0.04625670239329338,0.08420054614543915,-0.9946819543838501,-0.18503092229366302,0.708701491355896,0.1850256770849228,28.7600040435791,-11.091997146606445,39.726009368896484,0
1855,18549844,0.008894916623830795,0.05518944561481476,-0.9847748875617981,-0.10111217200756073,0.12271304428577423,-0.08138606697320938,29.77940559387207,-10.441322326660156,40.05706024169922,0
1856,18559878,-0.06885300576686859,0.06712173670530319,-1.0017271041870117,0.2541819214820862,-0.40136030316352844,0.3030797243118286,32.24853515625,-9.330119132995605,38.29924011230469,0
1857,18570105,-0.07306455820798874,0.03058379516005516,-0.9871993660926819,-0.10817316919565201,0.4947067201137543,-0.6607352495193481,31.413537979125977,-11.925776481628418,40.16073989868164,0
1858,18579818,0.014018645510077477,-0.00545082800090313,-0.9849618077278137,-0.6743548512458801,-1.1871676445007324,-0.363115131855011,31.434720993041992,-9.426146507263184,39.223907470703125,0
1859,18590197,0.05062000826001167,0.02763739973306656,-1.002418875694275,-0.566802978515625,-0.059809524565935135,-0.39692169427871704,31.044933319091797,-10.941019058227539,39.95698165893555,0
1860,18599790,0.04593551531434059,0.01836973801255226,-0.9814972281455994,0.27059856057167053,0.2337782233953476,-1.2881932258605957,30.660396575927734,-10.690460205078125,39.78044509887695,0
1861,18609728,0.017653554677963257,-0.04114522784948349,-0.9662026762962341,-0.6465319991111755,0.9020282626152039,0.05476653203368187,28.967248916625977,-9.637816429138184,40.507266998291016,0
1862,18619979,-0.0603506863117218,-0.048395223915576935,-0.9620291590690613,0.20344646275043488,0.32984235882759094,0.5802087187767029,28.29383087158203,-10.024679183959961,39.220401763916016,0
1863,18629819,0.025382380932569504,0.010333542712032795,-1.0033718347549438,-0.2890598773956299,-0.312911719083786,0.07427316904067993,30.091440200805664,-10.424351692199707,39.46273422241211,0
1864,18639757,0.056993916630744934,0.06988625973463058,-0.9965549111366272,0.5183943510055542,-0.2240820676088333,-0.2089971899986267,29.81212615966797,-10.878039360046387,40.48572540283203,0
1865,18649872,-0.02588539570569992,-0.0480729341506958,-0.9783662557601929,0.3733915686607361,0.13893242180347443,0.09594438225030899,30.427322387695312,-10.970123291015625,40.253570556640625,0
1866,18660060,0.11954547464847565,0.10184324532747269,-1.021579384803772,-0.504608690738678,-0.5614005923271179,0.1408931463956833,27.801145553588867,-11.621125221252441,41.606040954589844,0
1867,18669760,0.09010657668113708,0.07588130235671997,-1.0089997053146362,0.5405821800231934,-0.41646474599838257,0.0004578638181556016,30.031442642211914,-9.987700462341309,39.09442901611328,0
1868,18680059,0.028421815484762192,0.020088739693164825,-0.9996324777603149,0.01830223575234413,-0.050605110824108124,-0.405408650636673,30.635774612426758,-8.65688419342041,40.8900146484375,0
1869,18689998,-0.0701591968536377,-0.0386139340698719,-1.0023175477981567,-0.3556491732597351,0.15143164992332458,-0.4452786445617676,30.082612991333008,-11.790119171142578,39.62043762207031,0
1870,18700063,0.025749554857611656,0.05574378743767738,-0.9836938977241516,-0.3023201525211334,0.9454418420791626,0.05092531442642212,29.591154098510742,-10.106524467468262,38.049720764160156,0
1871,18709890,0.007263879757374525,-0.04033933952450752,-0.9620557427406311,0.6994189023971558,0.4755761921405792,0.2283942699432373,32.12277603149414,-9.092578887939453,38.22187042236328,0
1872,18720013,0.0033452664501965046,-0.06795558333396912,-0.999460756778717,-0.6274276971817017,0.3145711421966553,0.4520517885684967,31.9633731842041,-10.219854354858398,39.30913162231445,0
1873,18730124,-0.01193144265562296,0.02156979776918888,-1.0031059980392456,-0.09819671511650085,-0.337382048368454,0.6409726738929749,30.204984664916992,-9.120317459106445,39.91941452026367,0
1874,18739986,-0.023636987432837486,-0.04395764321088791,-1.0048847198486328,-0.18775393068790436,0.11685815453529358,0.2637873888015747,30.647247314453125,-9.325446128845215,40.25456619262695,0
1875,18750089,-0.015793072059750557,0.07572566717863083,-1.044432520866394,-0.6225461959838867,-0.5854958295822144,0.2513129413127899,29.20527458190918,-11.110376358032227,37.81743240356445,0
1876,18759875,-0.03489314764738083,0.08178035169839859,-1.003052830696106,0.0043830713257193565,0.7892629504203796,0.07407504320144653,29.539648056030273,-8.665705680847168,41.24160385131836,0
1877,18770150,-0.002580624772235751,0.0643724575638771,-1.0239696502685547,0.3800354599952698,0.1839609295129776,-0.7114672660827637,30.585636138916016,-11.810013771057129,40.14662551879883,0
1878,18780092,-0.016028543934226036,0.06274686753749847,-1.0069559812545776,-0.9511278867721558,-0.3560204803943634,0.011461411602795124,28.848241806030273,-8.576339721679688,38.92683410644531,0
1879,18789875,0.032411180436611176,-0.07774195820093155,-1.0278295278549194,-0.08766554296016693,-0.08880576491355896,0.8215574622154236,30.3441219329834,-10.160745620727539,39.54840087890625,0
1880,18799895,0.11859902739524841,0.02991224080324173,-1.0171746015548706,0.7963382005691528,0.03594876080751419,-0.02472677454352379,31.3056583404541,-8.835314750671387,40.5010986328125,0
1881,18810005,-0.0233601201325655,0.029658958315849304,-0.9990206956863403,0.06529813259840012,0.2832292914390564,0.4457019567489624,30.492887496948242,-8.913551330566406,39.77339172363281,0
1882,18820105,-0.07342243194580078,0.028133131563663483,-1.01564621925354,-0.10101491957902908,-0.014698957093060017,-1.0772488117218018,30.015880584716797,-10.694634437561035,40.819244384765625,0
1883,18829886,-0.056028977036476135,0.05950476974248886,-1.0328706502914429,0.6655805110931396,0.2638408839702606,0.06780511140823364,29.888601303100586,-10.194186210632324,40.40776062011719,0
1884,18840086,0.027168305590748787,-0.005460273940116167,-0.958886981010437,0.5814910531044006,-0.5267334580421448,-0.6643250584602356,29.548490524291992,-9.583781242370605,39.64344787597656,0
1885,18850063,0.08014937490224838,0.0049398173578083515,-1.0197937488555908,1.3118362426757812,-0.25184378027915955,-0.8793497085571289,28.441570281982422,-9.731234550476074,39.76283264160156,0
1886,18860312,0.05965482071042061,0.03713831305503845,-1.0007110834121704,0.8207913637161255,0.30595967173576355,0.39318761229515076,30.67455291748047,-9.355905532836914,39.66620635986328,0
1887,18870099,0.09861592203378677,0.019484534859657288,-1.0150929689407349,-0.12588174641132355,-0.14012961089611053,0.7246679663658142,29.65771484375,-11.130633354187012,41.814903259277344,0
1888,18879992,0.0059745279140770435,0.04182533547282219,-1.000176191329956,0.36127033829689026,-0.18588602542877197,0.6061217188835144,30.847597122192383,-8.70476245880127,39.58198547363281,0
1889,18889910,-0.011512777768075466,0.029061730951070786,-1.0106106996536255,-0.1176614835858345,-0.2607707381248474,0.5365405082702637,31.848114013671875,-11.672204971313477,40.49592590332031,0
1890,18900028,0.06289653480052948,0.03876906633377075,-1.0114171504974365,0.02912209928035736,-0.6469296813011169,-0.15872763097286224,31.97336196899414,-8.16885757446289,40.16215896606445,0
1891,18909939,-0.00026492049801163375,0.10385984182357788,-0.9782277345657349,-0.3973037898540497,-1.1734395027160645,0.5296646952629089,29.210844039916992,-10.201454162597656,40.87950897216797,0
1892,18920092,-0.06568091362714767,-0.11620886623859406,-0.9780347943305969,0.26275089383125305,-0.7306356430053711,0.3139651119709015,31.494504928588867,-10.620855331420898,41.018836975097656,0
1893,18930143,-0.014903287403285503,-0.0630362406373024,-0.9927337169647217,0.7470905780792236,0.4265936613082886,0.5621539950370789,29.649463653564453,-11.474358558654785,40.05286407470703,0
1894,18939937,-0.016254311427474022,0.017504356801509857,-0.999755322933197,-0.5901750326156616,-0.5894239544868469,-0.548359751701355,30.097896575927734,-11.561054229736328,40.355064392089844,0
1895,18949929,-0.06548047810792923,-0.0055366940796375275,-0.9600291848182678,0.47148966789245605,-0.6190669536590576,-0.894931435585022,30.858510971069336,-9.584430694580078,40.555816650390625,0
1896,18959929,-0.09309744089841843,-0.03415213152766228,-0.9775042533874512,0.7845035195350647,0.5904077291488647,-0.3458877205848694,30.01964569091797,-10.229214668273926,39.175140380859375,0
1897,18969936,-0.00853713694959879,0.006828072015196085,-1.0062206983566284,-0.18064750730991364,-0.06339952349662781,0.14517782628536224,30.144664764404297,-11.140063285827637,40.192413330078125,0
1898,18980019,0.062193579971790314,0.0176556333899498,-0.9713091850280762,-0.43821480870246887,-0.2930587828159332,0.1806209683418274,28.938995361328125,-10.09632396697998,41.03400802612305,0
1899,18990260,0.02345324493944645,-0.039923131465911865,-1.0042929649353027,0.5492397546768188,-0.6937901377677917,0.4740854799747467,28.798240661621094,-10.38281536102295,38.220760345458984,0
1900,18999854,-0.018263230100274086,0.0019473476568236947,-0.9747673869132996,-0.12003594636917114,-0.49739813804626465,0.24629704654216766,30.176713943481445,-9.372739791870117,40.02669906616211,0
1901,19009884,-0.09098383784294128,-0.0483979806303978,-0.9826514720916748,-0.5281720757484436,-0.16763466596603394,0.5761603713035583,32.09825897216797,-11.069270133972168,39.62348937988281,0
1902,19019876,-0.06915909796953201,-0.08716174215078354,-0.9853846430778503,-0.6562579274177551,-0.1913338452577591,0.253131240606308,29.90082550048828,-10.147133827209473,39.025543212890625,0
1903,19029958,0.09246005117893219,0.010824748314917088,-1.0060315132141113,-1.022331714630127,-0.8842378854751587,0.511184811592102,30.034029006958008,-10.151859283447266,38.22205352783203,0
1904,19040086,-0.08688127994537354,-0.04667043685913086,-0.9768190979957581,-0.4252331554889679,-0.5445035099983215,-0.12964653968811035,29.36412811279297,-9.041141510009766,39.29485321044922,0
1905,19049939,0.023732949048280716,-0.031206030398607254,-1.0125561952590942,0.5741680860519409,0.31774237751960754,0.14566344022750854,29.91607093811035,-10.756783485412598,41.17128372192383,0
1906,19059911,0.04513321816921234,0.0152858542278409,-1.000135064125061,0.6341875195503235,-0.05284363031387329,-0.6576353311538696,30.423965454101562,-10.967938423156738,38.66059112548828,0
1907,19069953,0.016326330602169037,-0.022947179153561592,-0.9930306077003479,0.24652861058712006,0.010947945527732372,0.08584056794643402,31.26807403564453,-9.690324783325195,40.74433517456055,0
1908,19080015,0.2063109129667282,0.04945845529437065,-1.0362334251403809,0.12824192643165588,-0.5054572224617004,-0.5359801054000854,29.108943939208984,-9.959772109985352,39.77412033081055,0
1909,19089951,-0.008924845606088638,0.06830839067697525,-1.013807773590088,-0.09240328520536423,0.08369308710098267,1.0735371112823486,30.24211311340332,-10.670347213745117,38.01249694824219,0
1910,19100053,0.07896409183740616,-0.09532494843006134,-0.9949284791946411,0.6110414266586304,0.4606704115867615,-0.16471457481384277,28.572065353393555,-9.624909400939941,40.644371032714844,0
1911,19109954,0.03356357291340828,-0.05019879341125488,-0.9964941143989563,-0.14324839413166046,-1.0723590850830078,0.7609503269195557,30.266319274902344,-10.052451133728027,40.480979919433594,0
1912,19120022,-0.09664308279752731,0.06499578803777695,-1.0360678434371948,0.054834090173244476,0.12814979255199432,-0.10652593523263931,30.643949508666992,-8.164863586425781,41.25593948364258,0
1913,19130062,0.027065133675932884,-0.026660198345780373,-0.9857749342918396,-0.49273356795310974,-0.12002675235271454,-0.1899024099111557,29.981975555419922,-8.618016242980957,39.10108947753906,0
1914,19140005,0.0010506432736292481,-0.028903545811772346,-1.006248950958252,-0.6374303698539734,-0.023473020642995834,-0.06598934531211853,30.710285186767578,-9.485688209533691,40.722076416015625,0
1915,19149984,-0.02053450420498848,-0.06652747839689255,-0.9862557053565979,0.7028248310089111,0.017961688339710236,0.4913690686225891,29.835981369018555,-10.679505348205566,38.73281478881836,0
1916,19159770,0.04337780177593231,-0.016667885705828667,-1.0473994016647339,-0.7707393169403076,-0.40700840950012207,-0.2729162871837616,30.689023971557617,-8.048271179199219,39.60781478881836,0
1917,19170089,0.006674580741673708,-0.09306120127439499,-0.9939655661582947,0.3387761116027832,-0.308455228805542,0.20534712076187134,31.39467430114746,-9.873895645141602,40.73352813720703,0
1918,19180074,0.038112420588731766,0.021699408069252968,-0.9799115061759949,0.40352800488471985,0.3955748677253723,-0.16065703332424164,28.947235107421875,-10.25993537902832,40.341835021972656,0
1919,19189959,-0.06879740953445435,0.01640365831553936,-1.0027536153793335,0.5358143448829651,-0.1573116034269333,-0.40542399883270264,28.398157119750977,-9.645363807678223,40.96527099609375,0
1920,19200023,0.01589096523821354,0.011269383132457733,-1.0277118682861328,0.2865910232067108,-0.3459373414516449,-0.09265366941690445,31.337493896484375,-10.029595375061035,40.06342697143555,0
1921,19210249,-0.07813065499067307,-0.04118013754487038,-1.011831283569336,0.0730188637971878,-0.26889097690582275,0.6846758127212524,29.629873275756836,-9.981879234313965,39.00446319580078,0
1922,19220018,0.07815409451723099,0.0036803316324949265,-0.9799256920814514,0.13173024356365204,-0.6243911981582642,-0.501481831073761,31.14896011352539,-10.663753509521484,40.503211975097656,0
1923,19230179,0.020679453387856483,0.05735642462968826,-1.0089677572250366,0.3249923288822174,-0.21970601379871368,-0.6226789951324463,29.080598831176758,-10.064603805541992,40.14178466796875,0
1924,19240018,-0.05122818797826767,0.014567088335752487,-1.0084518194198608,0.42890432476997375,-0.1560487002134323,1.2442669868469238,29.648052215576172,-8.323027610778809,40.88649368286133,0
1925,19250219,0.0031741915736347437,0.020686117932200432,-1.0004855394363403,0.017579520121216774,-0.536678671836853,-0.001533849397674203,30.3404483795166,-9.406803131103516,39.3023796081543,0
1926,19260215,0.07312803715467453,0.10201309621334076,-0.9986499547958374,0.3783409595489502,0.10897862166166306,0.15516936779022217,30.395782470703125,-8.859474182128906,40.85807800292969,0
1927,19270121,-0.07942455261945724,0.010733317583799362,-1.00917387008667,-0.11190839111804962,-0.6250360608100891,-0.34964805841445923,30.68320655822754,-11.166571617126465,41.05415344238281,0
1928,19279974,-0.021606698632240295,0.050468310713768005,-0.9931869506835938,-0.5938366651535034,0.47587016224861145,-0.4233672320842743,29.400659561157227,-9.349749565124512,38.50632858276367,0
1929,19289789,0.031156184151768684,-0.04556441679596901,-0.9892538785934448,-0.23236525058746338,0.37045779824256897,0.3965843915939331,28.232254028320312,-10.260466575622559,39.8089599609375,0
1930,19300045,0.03613715618848801,-0.04643775895237923,-1.013047695159912,-0.3663317561149597,-0.14156301319599152,-0.5704890489578247,29.07151985168457,-10.354436874389648,40.7261962890625,0
1931,19309938,0.0710568055510521,0.023139169439673424,-0.9947888851165771,-0.1472504734992981,0.16114403307437897,0.35768923163414,31.30913734436035,-11.886726379394531,41.1883659362793,0
1932,19320149,-0.10537473857402802,-0.035887449979782104,-0.9832723140716553,1.0188597440719604,-0.4480285942554474,-1.1882688999176025,29.661348342895508,-11.954689979553223,39.04945373535156,0
1933,19330215,0.09671907871961594,0.11023379117250443,-0.983330488204956,-0.4282281696796417,-0.3053402602672577,-0.3654930889606476,30.01020622253418,-11.111029624938965,38.992008209228516,0
1934,19339892,-0.059109948575496674,0.006772308610379696,-0.9903693199157715,-0.4854792654514313,-0.4759006202220917,0.21641770005226135,28.321086883544922,-9.48315715789795,40.4792366027832,0
1935,19350150,0.046137697994709015,0.021634792909026146,-1.0193225145339966,-0.5759239196777344,0.0620187409222126,0.11099352687597275,30.539554595947266,-9.956506729125977,39.25481414794922,0
1936,19359749,-0.03142857179045677,0.03549075126647949,-1.001036286354065,0.07980510592460632,0.11094909906387329,0.34544825553894043,29.389612197875977,-9.958356857299805,39.963809967041016,0
1937,19369837,0.027866393327713013,0.021969517692923546,-1.0035021305084229,1.1618345975875854,0.2714351713657379,0.6092207431793213,30.517879486083984,-10.441703796386719,41.207515716552734,0
1938,19380151,-0.041211359202861786,0.08703748136758804,-0.9879423379898071,0.07479456812143326,-0.5197241306304932,0.45334458351135254,29.84819221496582,-11.538082122802734,39.50759506225586,0
1939,19390008,-0.010905323550105095,-0.00015623193758074194,-1.0072247982025146,0.5249620676040649,-0.12041769176721573,0.13269786536693573,31.444562911987305,-8.987480163574219,40.558448791503906,0
1940,19400423,-0.032968033105134964,0.03583133965730667,-1.006895661354065,-1.3584376573562622,-0.23805277049541473,0.05931534990668297,28.545869827270508,-10.656326293945312,41.62837600708008,0
1941,19409931,-0.007193874102085829,0.046951886266469955,-1.0277483463287354,0.018736019730567932,0.2982144057750702,-0.3769833743572235,28.8946533203125,-11.59719181060791,40.45978546142578,0
1942,19419735,-0.013245385140180588,0.017085066065192223,-1.0295896530151367,-0.2721799314022064,-0.03886093571782112,0.6226909160614014,30.334808349609375,-10.221565246582031,39.4604606628418,0
1943,19429749,0.021676702424883842,-0.024638494476675987,-1.0034918785095215,-0.03995019942522049,0.3918944299221039,0.5587382316589355,29.563888549804688,-8.050065040588379,39.57548141479492,0
1944,19439801,0.03897713124752045,-0.11239193379878998,-1.0377699136734009,0.17909997701644897,-0.05940394476056099,0.4411728084087372,30.709087371826172,-9.67440128326416,39.64771270751953,0
1945,19450146,-0.011261576786637306,-0.11220616102218628,-1.012753963470459,0.8994372487068176,-0.4166905879974365,0.19300851225852966,29.973188400268555,-9.804886817932129,40.93722915649414,0
1946,19460070,0.02493337169289589,0.05187157541513443,-1.0321673154830933,-0.3148297369480133,0.07889150828123093,-0.4980875849723816,30.841081619262695,-10.998689651489258,40.84690475463867,0
1947,19469929,-0.0722058042883873,-0.00014995857782196254,-0.98537278175354,-0.1439480185508728,-0.016963044181466103,-0.3552328050136566,28.598737716674805,-9.91639518737793,40.46880340576172,0
1948,19480125,-0.023659592494368553,0.01840517669916153,-1.02145254611969,-0.5449085831642151,-0.6815314292907715,-0.689339816570282,29.661659240722656,-10.763785362243652,40.96302032470703,0
1949,19490026,-0.042385753244161606,-0.04426609352231026,-0.9915359020233154,0.21560673415660858,0.1867312341928482,0.46800756454467773,31.85626220703125,-11.867569923400879,39.17106246948242,0
1950,19499691,-0.027760950848460197,-0.09309907257556915,-1.0044211149215698,-0.5326629877090454,0.3517671823501587,0.24437977373600006,29.56858253479004,-8.81102466583252,38.529144287109375,0
1951,19510260,0.024711191654205322,-0.02864239178597927,-1.0050122737884521,0.5103429555892944,-0.23811842501163483,-1.5993448495864868,30.139118194580078,-10.7172212600708,39.979400634765625,0
1952,19520196,0.05320744216442108,8.058440289460123e-05,-1.0195496082305908,0.019984206184744835,-1.4683362245559692,0.6822133660316467,31.215938568115234,-9.828118324279785,39.22959899902344,0
1953,19530090,-0.010274089872837067,0.040441613644361496,-0.9933390021324158,0.5983790159225464,0.6107836365699768,-0.4357946515083313,29.27850341796875,-10.121132850646973,38.72389221191406,0
1954,19540203,0.08382958173751831,0.007492815610021353,-0.9857515692710876,0.03887074440717697,0.23349285125732422,-0.9684427976608276,29.621967315673828,-11.51169490814209,38.9680290222168,0
1955,19550093,-0.09171707183122635,0.002350017661228776,-1.0030914545059204,0.2429606020450592,0.05227161943912506,0.5107176899909973,30.52236557006836,-10.823840141296387,39.800479888916016,0
1956,19560178,-0.07134672999382019,0.0027002799324691296,-0.9946367144584656,-0.050013355910778046,0.4267684519290924,-0.042847562581300735,29.127838134765625,-10.900347709655762,39.69485092163086,0
1957,19570106,0.023242436349391937,0.011578870937228203,-0.994999349117279,0.4261757433414459,-0.8396649360656738,0.6544770002365112,28.131193161010742,-9.250947952270508,41.07461166381836,0
1958,19580224,-0.04964831471443176,0.014061355963349342,-0.99089115858078,-0.4816763699054718,0.24064210057258606,0.4964977502822876,29.658939361572266,-9.382408142089844,40.223575592041016,0
1959,19590091,0.025463517755270004,-0.01591349206864834,-0.9884052276611328,0.037729304283857346,0.5128684043884277,0.19598685204982758,28.628217697143555,-10.207733154296875,40.39858627319336,0
1960,19599846,-0.09467394649982452,-0.008764386177062988,-1.0094130039215088,0.3048880100250244,0.6083196401596069,-0.5491153597831726,28.187095642089844,-9.897092819213867,40.58032989501953,0
1961,19609836,-0.007834338583052158,0.011847619898617268,-1.0030449628829956,-0.10965095460414886,-0.4239228367805481,0.4514812231063843,29.478967666625977,-9.978068351745605,41.374996185302734,0
1962,19619858,0.04854978248476982,0.036186281591653824,-0.9947575926780701,0.025371994823217392,-0.06093856319785118,-0.011376984417438507,28.09738540649414,-10.813779830932617,39.7725830078125,0
1963,19629920,0.027002373710274696,-0.08420941978693008,-0.9677472114562988,-0.741442859172821,0.01630515418946743,-0.2289935201406479,29.73712921142578,-8.73885440826416,39.61743927001953,0
1964,19640047,0.007053037639707327,0.0795544758439064,-0.989023745059967,-0.23255035281181335,0.7912498116493225,-0.1461132913827896,29.675674438476562,-10.073854446411133,38.41129684448242,0
1965,19649870,-0.03883311152458191,-0.00626997509971261,-1.0014476776123047,-0.35483622550964355,-0.28321635723114014,0.09918280690908432,30.76915168762207,-10.083308219909668,42.74428176879883,0
1966,19659896,-0.033154457807540894,-0.006522446405142546,-0.9885120987892151,0.24252532422542572,0.05066179111599922,-0.6729440093040466,28.546772003173828,-10.414502143859863,37.892791748046875,0
1967,19670142,-0.012585243210196495,-0.05524512007832527,-1.0158950090408325,0.24809294939041138,0.21806782484054565,1.0663613080978394,31.109020233154297,-9.47074031829834,39.19968032836914,0
1968,19679718,0.02718750573694706,-0.04155861213803291,-1.0159558057785034,0.19779567420482635,-0.39808136224746704,0.4637613892555237,30.501209259033203,-11.472981452941895,40.01553726196289,0
1969,19689779,-0.03706708177924156,0.07165977358818054,-1.0032275915145874,0.7718315124511719,0.29612040519714355,0.04572949558496475,30.52058219909668,-10.158970832824707,41.30316925048828,0
