seq,time_us,ax,ay,az,gx,gy,gz,mx,my,mz,drop_flag
0,60,-0.01846214011311531,-0.06860057264566422,-0.9926698803901672,-0.03800530359148979,0.42428845167160034,0.21067483723163605,29.880725860595703,-9.401912689208984,40.277259826660156,0
1,9926,-0.0530729778110981,-0.09959211945533752,-1.029205322265625,-0.19878311455249786,-0.7804510593414307,0.26101595163345337,32.673160552978516,-8.36269760131836,39.57759094238281,0
2,19956,-0.10056590288877487,0.03191762417554855,-0.9890558123588562,0.15174588561058044,-0.47785213589668274,-0.3084067702293396,29.97576332092285,-10.89979362487793,40.49385452270508,0
3,30153,-0.040063340216875076,-0.09623274207115173,-0.9869178533554077,-0.5077671408653259,0.12786433100700378,0.6853115558624268,29.78998374938965,-11.1460599899292,40.951683044433594,0
4,39948,0.02750958502292633,-0.01592206209897995,-0.9979625940322876,0.0051075853407382965,-0.21205934882164001,0.2624879479408264,30.360261917114258,-10.534018516540527,40.343082427978516,0
5,50251,0.04113072529435158,0.09007156640291214,-0.9720386862754822,-0.43077516555786133,-0.8137105107307434,-0.0182049497961998,31.519817352294922,-8.924972534179688,41.758544921875,0
6,60115,-0.09889102727174759,-0.0029200029093772173,-0.9685325622558594,0.7189319729804993,0.6334128975868225,0.2845717668533325,29.47600746154785,-9.81761646270752,41.87424087524414,0
7,69846,0.03160145506262779,0.037165019661188126,-1.0110589265823364,-0.6938487887382507,0.18015262484550476,0.34009602665901184,29.444854736328125,-10.152383804321289,40.058677673339844,0
8,80151,0.046986013650894165,-0.008683910593390465,-0.9967511892318726,-0.40027472376823425,0.11953821778297424,-0.4779026508331299,28.854915618896484,-10.098302841186523,38.659950256347656,0
9,90188,0.020894283428788185,0.016481773927807808,-0.9712619185447693,0.04417119547724724,0.40170755982398987,-0.5417829155921936,29.46000099182129,-11.073801040649414,40.282955169677734,0
10,100280,0.07453504204750061,0.02834196202456951,-0.987703800201416,-0.0020509720779955387,0.3465999662876129,-0.009610128588974476,28.40663719177246,-8.942228317260742,39.53162384033203,0
11,110022,0.018929028883576393,-0.00488669378682971,-0.9979894161224365,-0.7667295932769775,-0.16592980921268463,-0.9293273687362671,31.04013442993164,-9.573076248168945,39.7706413269043,0
12,119999,-0.06842223554849625,0.004562309943139553,-0.990483820438385,0.5838084816932678,0.06956895440816879,-0.29518112540245056,30.5535888671875,-10.828950881958008,41.5059700012207,0
13,130005,0.018754566088318825,0.03351956978440285,-0.9731549620628357,-0.4129554331302643,0.08703013509511948,-0.9650863409042358,30.33952522277832,-9.599380493164062,40.374019622802734,0
14,140071,-0.008228704333305359,-0.01061614416539669,-0.9891606569290161,-0.11839337646961212,0.35520538687705994,0.36658838391304016,31.015430450439453,-10.677938461303711,38.38935852050781,0
15,149995,0.02306775003671646,-0.021951474249362946,-0.9782448410987854,0.0562957301735878,-0.36475419998168945,-0.3958278000354767,27.834604263305664,-11.059027671813965,39.39219665527344,0
16,160132,0.06729484349489212,-0.00420277938246727,-0.9752169251441956,0.3484484851360321,-0.5258117318153381,0.7730278372764587,31.669055938720703,-7.9351701736450195,38.33601379394531,0
17,170051,0.10514752566814423,-0.05677963048219681,-1.0241128206253052,-0.46187856793403625,0.33892011642456055,0.42782607674598694,28.99540901184082,-10.098678588867188,40.619842529296875,0
18,180196,0.016500312834978104,-0.02067561075091362,-1.0017266273498535,0.0797613114118576,0.7357521057128906,-1.1952126026153564,30.96215057373047,-10.760807037353516,40.72683334350586,0
19,190062,0.024267222732305527,0.044586181640625,-0.9750021696090698,-0.7795724272727966,0.06657031178474426,-0.872647762298584,29.559402465820312,-9.498355865478516,42.06745910644531,0
20,200218,0.018681030720472336,0.002236094791442156,-1.0281614065170288,-0.3408087193965912,-0.949104905128479,0.46291056275367737,31.540433883666992,-9.500654220581055,39.85792541503906,0
21,209897,-0.016401538625359535,-0.017234472557902336,-1.0046461820602417,0.8286646604537964,0.24620917439460754,0.5681957602500916,30.1261043548584,-9.584708213806152,38.967376708984375,0
22,220389,-0.0628930851817131,0.07403961569070816,-0.9914436936378479,-0.1659727692604065,0.6537416577339172,-0.8923836350440979,30.416179656982422,-9.554572105407715,39.93996047973633,0
23,230310,0.02584804967045784,-0.08820391446352005,-1.014589786529541,0.24710112810134888,-0.5235942602157593,0.3203590512275696,30.238697052001953,-7.30605411529541,39.323062896728516,0
24,240494,0.013429556041955948,0.039504874497652054,-0.9649038314819336,-0.12811952829360962,-0.49181613326072693,0.11680921167135239,28.15129280090332,-9.938785552978516,39.373077392578125,0
25,249960,-0.02178630232810974,0.04010838642716408,-0.9856200218200684,-0.7634336948394775,0.10554305464029312,-0.702522873878479,27.727262496948242,-10.4235200881958,41.774436950683594,0
26,260141,0.03277016058564186,0.011944642290472984,-1.013564944267273,0.022930633276700974,-0.9906054735183716,0.6506679058074951,30.674882888793945,-8.237222671508789,40.083412170410156,0
27,270105,0.04063691943883896,0.053875632584095,-0.9996958374977112,0.12417925149202347,0.07352472841739655,0.20393165946006775,30.81909942626953,-10.26472282409668,39.86492156982422,0
28,279815,0.08998995274305344,0.003915316425263882,-0.9951954483985901,0.14920063316822052,0.07893774658441544,0.2712586224079132,30.408910751342773,-8.565584182739258,40.92583465576172,0
29,289939,-0.024814758449792862,-0.03693639114499092,-0.9532005190849304,0.06661991029977798,-0.34906259179115295,-0.6332786679267883,30.50538444519043,-10.594691276550293,39.464317321777344,0
30,300093,-0.03960762545466423,-0.01909562572836876,-1.065386414527893,0.41656264662742615,-0.4209766387939453,-0.16401700675487518,30.770483016967773,-11.285401344299316,40.99228286743164,0
31,310084,0.05702288821339607,-0.03625793755054474,-0.987909197807312,-0.023980842903256416,0.09347367286682129,0.5597344040870667,31.801076889038086,-9.39895248413086,38.320247650146484,0
32,320096,-0.007416288834065199,-0.005853944458067417,-0.9906091690063477,-0.82576584815979,0.17295600473880768,0.00998469814658165,30.9064998626709,-10.346343994140625,38.88102340698242,0
33,330239,0.11936995387077332,0.03544313833117485,-1.0100903511047363,-0.6994084715843201,-0.013363064266741276,0.6917429566383362,28.278024673461914,-11.749591827392578,40.196834564208984,0
34,340049,0.004989794455468655,-0.08984475582838058,-0.9886209964752197,-0.18919096887111664,0.4006718695163727,0.301456481218338,30.17292022705078,-9.555559158325195,39.53634262084961,0
35,350172,-0.09328743815422058,-0.020598843693733215,-1.0012545585632324,-0.5067498683929443,0.6044260263442993,-0.3467111587524414,30.009897232055664,-9.91884994506836,40.972434997558594,0
36,360155,-0.11466742306947708,-0.026762522757053375,-0.9864411354064941,-0.0007450719713233411,0.3378891944885254,0.43680471181869507,29.401960372924805,-11.279265403747559,40.14418029785156,0
37,369918,-0.07790922373533249,0.005672125611454248,-0.999266505241394,0.35902515053749084,-0.15255342423915863,0.14099034667015076,32.01638412475586,-8.274681091308594,38.75259017944336,0
38,379904,0.004272852558642626,-0.054807864129543304,-0.9681051969528198,-0.2870355248451233,-0.9694084525108337,0.9178221225738525,29.678871154785156,-10.684404373168945,39.591285705566406,0
39,389766,-0.025659779086709023,-0.14585699141025543,-1.001090168952942,-0.9582098126411438,-0.37042322754859924,-1.2145109176635742,29.38756561279297,-11.478050231933594,38.17702865600586,0
40,399887,0.0917801558971405,0.03769214078783989,-0.9769439697265625,0.1630764752626419,0.3901459872722626,-0.304699569940567,28.660160064697266,-9.724555969238281,41.161434173583984,0
41,409986,-0.04990937560796738,-0.0433594286441803,-0.976111888885498,-0.5619233250617981,-0.5874084234237671,-0.7215767502784729,30.320331573486328,-11.170414924621582,41.04933547973633,0
42,419872,0.011685626581311226,-0.03981230780482292,-0.9989932775497437,-0.09905467182397842,0.17589214444160461,-0.24959489703178406,30.986169815063477,-10.239095687866211,40.35892868041992,0
43,430088,0.013827805407345295,-0.01577894762158394,-1.0131199359893799,-0.21313533186912537,0.3809077739715576,0.5740007162094116,29.125459671020508,-10.990221977233887,39.85232162475586,0
44,439790,0.11295978724956512,0.05807498097419739,-0.9982661008834839,0.7885947227478027,-0.010304479859769344,0.3147483766078949,30.241180419921875,-10.805374145507812,39.78086471557617,0
45,450256,0.04165917634963989,0.0018993400735780597,-1.0209981203079224,-0.7897008061408997,-0.13433711230754852,0.33868128061294556,29.492536544799805,-13.087056159973145,39.615814208984375,0
46,460192,0.04854223132133484,-0.0353902168571949,-1.0108531713485718,-0.742713987827301,-0.42418336868286133,0.11485069990158081,30.215309143066406,-8.626924514770508,39.99721908569336,0
47,470134,0.05271616205573082,0.013888631947338581,-0.996471643447876,-0.25385603308677673,0.8651590943336487,0.47622939944267273,28.07500457763672,-9.246801376342773,38.45696258544922,0
48,479806,0.046427588909864426,-0.07343767583370209,-1.0212136507034302,-0.05341016873717308,0.5440163016319275,-0.34995320439338684,29.141328811645508,-9.877273559570312,39.68407440185547,0
49,490141,0.05831693857908249,0.00020642565505113453,-1.0061089992523193,-1.2027862071990967,-1.2020456790924072,-0.4667668640613556,30.45830726623535,-9.609308242797852,40.6547966003418,0
50,500076,-0.047798704355955124,-0.02010994777083397,-0.9790354371070862,-0.0761006623506546,-0.14982172846794128,-0.8532387614250183,29.801794052124023,-10.566999435424805,41.89542770385742,0
51,509874,-0.0651613101363182,0.04522450640797615,-1.0206369161605835,-0.10960590839385986,-0.2825014889240265,0.2944389283657074,31.142337799072266,-8.879024505615234,38.249122619628906,0
52,520179,-0.0007610569009557366,0.05068400874733925,-0.9941326975822449,0.6094976663589478,-0.5347234010696411,-0.09055910259485245,31.316051483154297,-11.26308822631836,38.267578125,0
53,529812,-0.06470953673124313,0.05168895050883293,-1.0086250305175781,0.057790398597717285,-0.5276757478713989,0.6053577065467834,30.68701934814453,-9.579216957092285,38.991363525390625,0
54,540285,0.015153502114117146,0.012364140711724758,-1.0125892162322998,-0.8086796402931213,0.1020841971039772,-0.009545191191136837,30.685516357421875,-10.481144905090332,38.22654342651367,0
55,549973,0.05161683261394501,-0.030020369216799736,-0.9948270320892334,-0.32098859548568726,-0.23091068863868713,-0.060987118631601334,30.207033157348633,-10.379335403442383,39.3482780456543,0
56,559892,-0.07469625025987625,0.070630744099617,-1.0206778049468994,0.3134843111038208,0.3218703269958496,0.44400909543037415,29.618408203125,-10.566054344177246,41.396148681640625,0
57,569975,0.0014200506266206503,0.06177084520459175,-0.9902960062026978,-0.21271036565303802,-0.3895849883556366,-0.22717750072479248,29.163393020629883,-10.085199356079102,41.60496139526367,0
58,579973,0.038770027458667755,0.0305266585201025,-1.0245561599731445,0.03253478929400444,0.46278879046440125,0.2615201473236084,28.698974609375,-10.43626880645752,42.00624465942383,0
59,590112,0.06787631660699844,-0.024382349103689194,-1.0044748783111572,0.17161576449871063,0.5898231863975525,0.014654511585831642,31.53715705871582,-10.779227256774902,39.323509216308594,0
60,599987,-0.021285993978381157,0.08902832120656967,-0.9726789593696594,-0.24751122295856476,0.7173967361450195,-0.2792213261127472,31.93290138244629,-9.153218269348145,37.23902130126953,0
61,609942,-0.07537233829498291,0.0380915068089962,-0.982474148273468,0.3203701078891754,0.09673352539539337,-0.34704679250717163,30.35966682434082,-10.952605247497559,41.43104553222656,0
62,620066,-0.09829986095428467,-0.0392235666513443,-1.0085179805755615,-0.8638818264007568,-0.46439117193222046,-0.08726049959659576,29.795732498168945,-10.39831256866455,39.763092041015625,0
63,629914,0.008792865090072155,-0.004557207692414522,-0.9776667356491089,-0.06271481513977051,0.6076328158378601,-0.2531557083129883,30.31866455078125,-11.433932304382324,41.037322998046875,0
64,639988,-0.008712493814527988,0.03714938461780548,-1.021402359008789,-0.18096251785755157,-0.07610757648944855,-0.4360348582267761,29.758583068847656,-10.823626518249512,38.50338363647461,0
65,650102,0.029537159949541092,0.02262062206864357,-0.9942411780357361,0.43459826707839966,0.7984271049499512,0.8366185426712036,30.795185089111328,-9.95244312286377,39.79771423339844,0
66,660161,0.01425535324960947,0.03889603167772293,-1.022828221321106,0.38097861409187317,0.5194389224052429,0.6349561214447021,30.699352264404297,-10.255868911743164,38.705875396728516,0
67,670085,0.04280737042427063,0.027665749192237854,-0.975318431854248,-0.4786972105503082,-0.33894625306129456,0.08705803006887436,30.74390983581543,-9.795858383178711,40.59358596801758,0
68,679889,-0.0415852926671505,-0.052198342978954315,-1.0004570484161377,-0.6658070087432861,0.010064568370580673,0.15078409016132355,30.503204345703125,-9.976001739501953,41.534786224365234,0
69,690146,0.07737341523170471,0.026325685903429985,-0.9753581881523132,0.23345394432544708,-0.06022822484374046,0.37823280692100525,29.676298141479492,-10.730428695678711,38.980247497558594,0
70,700089,0.07142949104309082,-0.04253455996513367,-1.004774808883667,0.11772668361663818,0.45627668499946594,-0.18684197962284088,28.355939865112305,-10.636490821838379,39.66938781738281,0
71,710009,-0.03792262077331543,0.0003598537005018443,-1.0335445404052734,-0.494027316570282,0.5197476744651794,-0.10018455237150192,29.239147186279297,-8.810750961303711,40.127262115478516,0
72,719919,0.05284890532493591,0.10950139909982681,-0.9786575436592102,-0.5427922010421753,-0.137036994099617,-0.26159730553627014,31.14289665222168,-10.207103729248047,39.142459869384766,0
73,730000,-0.06400115042924881,-0.01221560686826706,-0.9834433794021606,0.34183165431022644,1.0108964443206787,-0.5787824988365173,30.526687622070312,-10.89833927154541,41.31110382080078,0
74,740357,0.017339861020445824,0.02820466086268425,-0.978159487247467,-0.7298150658607483,1.0413728952407837,0.2417135089635849,29.649288177490234,-9.940759658813477,39.25720977783203,0
75,749807,-0.05855788290500641,-0.02647531032562256,-0.9800127744674683,0.42321258783340454,0.5560325980186462,-0.25533610582351685,29.509891510009766,-11.295577049255371,38.96367645263672,0
76,760190,0.03635052591562271,-0.05718522518873215,-0.9761107563972473,0.7366697788238525,-0.790234386920929,0.4246685206890106,30.700908660888672,-8.055996894836426,38.89631652832031,0
77,770316,-0.07547412812709808,0.019034162163734436,-1.0179036855697632,-0.23759832978248596,-0.051591187715530396,0.12930965423583984,28.779985427856445,-10.285943984985352,41.26704788208008,0
78,779890,0.01539845671504736,0.05243039131164551,-0.984133243560791,-0.33792370557785034,0.4578710198402405,-0.07275816053152084,30.750070571899414,-11.078317642211914,40.8237419128418,0
79,790061,-0.010818349197506905,0.019296374171972275,-0.99251389503479,0.020935673266649246,-0.1378381997346878,-0.33420997858047485,29.212738037109375,-9.871316909790039,38.64799118041992,0
80,800038,-0.013759737834334373,-0.10365456342697144,-1.0010266304016113,-0.364018052816391,-0.21900063753128052,-0.38780632615089417,30.389442443847656,-11.499822616577148,38.44355773925781,0
81,809919,-0.07524437457323074,-0.060115087777376175,-1.0035969018936157,-0.5776357650756836,-0.4667447507381439,0.06991264969110489,30.335432052612305,-10.327339172363281,40.369300842285156,0
82,819975,0.09872465580701828,-0.05371393635869026,-1.0144788026809692,-0.26347583532333374,-1.0843008756637573,0.16125665605068207,30.949872970581055,-8.221663475036621,40.27147674560547,0
83,829853,-0.06090603396296501,0.0625552237033844,-0.9990120530128479,-1.3784961700439453,0.27313530445098877,0.34560489654541016,29.6605167388916,-10.654897689819336,39.26816177368164,0
84,840187,0.05260666832327843,-0.05032046511769295,-1.0093724727630615,-0.5911607146263123,-0.12721844017505646,0.009780422784388065,30.142683029174805,-10.144380569458008,40.529685974121094,0
85,850100,-0.020514020696282387,-0.057004135102033615,-1.0194098949432373,0.9064274430274963,-0.4106956422328949,0.2762550413608551,30.341306686401367,-9.113856315612793,40.27499008178711,0
86,860008,-0.05897852033376694,0.0924607589840889,-0.9921123385429382,0.28261798620224,-0.25616249442100525,-0.24512836337089539,31.33108901977539,-8.864864349365234,41.00921630859375,0
87,870000,-0.03363437205553055,-0.012564586475491524,-0.9951637387275696,0.45111286640167236,0.03938334435224533,-0.6232109069824219,31.344348907470703,-10.803335189819336,41.17949676513672,0
88,879783,-0.022246839478611946,0.09464884549379349,-1.0057796239852905,-0.2613263726234436,-0.06715815514326096,-0.5692715644836426,29.858022689819336,-8.327274322509766,39.57386016845703,0
89,890091,0.04228537529706955,0.03336048498749733,-1.02847158908844,0.8973484039306641,0.8985577821731567,0.593567430973053,29.2398624420166,-9.444169044494629,41.753719329833984,0
90,899859,0.06496915966272354,-0.047975946217775345,-1.0082306861877441,-0.18140575289726257,-0.16674649715423584,-0.7492784857749939,31.28740882873535,-12.248181343078613,40.62898254394531,0
91,909844,0.008715394884347916,0.03471006825566292,-1.0196229219436646,0.2630748748779297,0.6510576605796814,0.22338779270648956,31.232717514038086,-10.253414154052734,39.12517166137695,0
92,920146,0.027982648462057114,0.014331093989312649,-0.9953901767730713,0.44139549136161804,-0.13027898967266083,-0.2916468679904938,31.575233459472656,-10.516783714294434,38.23748779296875,0
93,929932,-0.006871928460896015,-0.0443774051964283,-0.9778024554252625,-0.36687180399894714,-0.11549700051546097,0.25828659534454346,30.042709350585938,-10.569499969482422,38.46451950073242,0
94,939826,0.05910646542906761,-0.1036527156829834,-1.0053379535675049,0.053953178226947784,0.5739376544952393,0.5696953535079956,28.618877410888672,-10.316561698913574,39.58161544799805,0
95,949991,0.004874442238360643,-0.012162706814706326,-1.0096489191055298,-0.37963247299194336,0.4394294321537018,1.163170576095581,28.985549926757812,-9.716692924499512,39.408424377441406,0
96,959866,-0.012302021495997906,0.01467391662299633,-0.9893513917922974,-0.4524763822555542,0.20226174592971802,-0.6041615009307861,27.81426239013672,-8.47808837890625,39.56648254394531,0
97,970208,0.02148159220814705,0.033399198204278946,-0.9657992124557495,0.9922756552696228,-0.4393102526664734,-1.0811645984649658,30.528759002685547,-9.432049751281738,40.09667205810547,0
98,980201,0.03636813908815384,0.10394997894763947,-0.9959053993225098,-0.18770793080329895,0.6301308870315552,-0.2518351674079895,28.257797241210938,-10.74637508392334,39.0435905456543,0
99,989993,-0.04310078173875809,0.0009684040560387075,-0.9742549657821655,0.7752740979194641,0.15694522857666016,-0.3314609229564667,31.620437622070312,-11.490900993347168,40.25938034057617,0
100,999922,0.02451319992542267,0.00675729475915432,-1.020305871963501,-0.6580145359039307,0.4614408612251282,-0.521304190158844,29.845195770263672,-9.076486587524414,40.41863250732422,0
101,1009986,0.030443932861089706,-0.01647551730275154,-0.9799309372901917,0.22826699912548065,0.20464113354682922,1.0192428827285767,31.757946014404297,-9.72227954864502,41.490413665771484,0
102,1019895,0.009713619947433472,0.06117293983697891,-0.9815167784690857,-0.10720031708478928,0.39122623205184937,-0.6620334386825562,31.222307205200195,-9.931483268737793,38.60279846191406,0
103,1030035,-0.016235727816820145,0.031505193561315536,-0.9904119968414307,-0.30771559476852417,-0.1772165447473526,0.824981689453125,29.84688377380371,-9.639570236206055,40.73418426513672,0
104,1040152,-0.0021973527036607265,0.028431158512830734,-1.014669418334961,-0.8465499877929688,0.4715862572193146,-0.14336290955543518,29.905643463134766,-10.690285682678223,39.39771270751953,0
105,1049789,-0.06279698014259338,-0.03882986307144165,-0.9891976118087769,0.13439366221427917,0.24192361533641815,-0.08288481086492538,30.981536865234375,-10.555290222167969,37.967811584472656,0
106,1060055,0.06607873737812042,0.047605421394109726,-1.0206128358840942,0.7329934239387512,-0.011550446040928364,0.7835059762001038,29.901620864868164,-9.099998474121094,39.91152572631836,0
107,1070337,0.0426671989262104,0.024113425984978676,-1.0341562032699585,-0.1963425725698471,0.9417797923088074,-0.49572479724884033,28.76038360595703,-9.820194244384766,40.81051254272461,0
108,1080066,0.013932501897215843,-0.08410393446683884,-0.9966807961463928,0.6218831539154053,0.1579357087612152,-0.5807891488075256,29.075084686279297,-9.856348991394043,40.83893966674805,0
109,1089980,-0.043410707265138626,0.0230825487524271,-1.0073693990707397,0.07498053461313248,0.039853837341070175,-1.7481508255004883,29.114227294921875,-9.598617553710938,40.56924057006836,0
110,1099823,-0.005253538955003023,-0.029896585270762444,-0.9808453917503357,0.8636412024497986,-0.4945983290672302,0.11634552478790283,29.903812408447266,-10.440608024597168,39.40359878540039,0
111,1110128,-0.04254118725657463,0.07286403328180313,-1.0003447532653809,-0.2562379539012909,0.01852441392838955,0.46131443977355957,31.206279754638672,-10.194087982177734,40.470497131347656,0
112,1120000,-0.04214661568403244,-0.01822221837937832,-1.012713074684143,0.11118575185537338,-0.16227564215660095,0.0649266242980957,29.546493530273438,-8.637494087219238,39.856990814208984,0
113,1129818,-0.09637244790792465,0.0009230406139977276,-0.9935923218727112,-0.10284299403429031,0.7387263774871826,-0.5870417356491089,31.98259925842285,-10.63333797454834,41.0834846496582,0
114,1140076,0.01661008410155773,0.033912498503923416,-1.0072828531265259,-0.6225975751876831,0.405400812625885,-0.31184765696525574,29.69858741760254,-11.660517692565918,39.44168472290039,0
115,1149994,0.022328810766339302,0.006488928571343422,-0.972219705581665,0.29940345883369446,1.069761872291565,0.3676852583885193,29.282943725585938,-8.972103118896484,41.52456283569336,0
116,1160000,-0.05814212188124657,-0.013177127577364445,-1.0085359811782837,0.41259220242500305,0.03693012520670891,0.9144383072853088,30.142873764038086,-9.08903694152832,40.63102340698242,0
117,1169951,0.016735484823584557,0.045979034155607224,-1.005979299545288,-0.39220356941223145,-0.04807426780462265,-0.9435803890228271,29.177928924560547,-9.592320442199707,41.91362380981445,0
118,1180098,-0.03292699530720711,-0.06041790544986725,-0.9988254308700562,0.03292638808488846,-0.6887291669845581,-1.0251730680465698,29.7398681640625,-8.79529094696045,40.6781005859375,0
119,1189959,0.04173900932073593,-0.047630395740270615,-0.9913254380226135,0.1520577371120453,0.9770020842552185,0.12219850718975067,30.766950607299805,-11.115571022033691,39.776611328125,0
120,1199920,0.044848036020994186,-0.007449623662978411,-0.9967655539512634,0.6050024032592773,-0.11391163617372513,0.6604041457176208,29.76483154296875,-10.600774765014648,38.8287239074707,0
121,1209697,0.01735558919608593,0.040712662041187286,-1.0148957967758179,-0.21175652742385864,-0.40894171595573425,0.49315378069877625,30.042743682861328,-10.660619735717773,38.83842849731445,0
122,1220056,-0.010940521955490112,-0.05610723793506622,-1.0052025318145752,-0.12544475495815277,0.21630895137786865,-0.6379621028900146,30.880651473999023,-9.875685691833496,39.259132385253906,0
123,1229935,-0.09620202332735062,-0.05259808152914047,-1.0444716215133667,1.079172968864441,0.2710043489933014,-0.09998483210802078,30.231557846069336,-8.92373275756836,40.31074905395508,0
124,1239655,0.011043654754757881,0.024162892252206802,-0.981924831867218,0.8532447218894958,0.12020353972911835,-0.15363842248916626,30.418760299682617,-8.840188980102539,40.39902877807617,0
125,1250139,-0.00526540819555521,-0.00046104801003821194,-1.0044822692871094,0.5956547260284424,1.4436321258544922,0.1292237490415573,27.97348403930664,-9.40036392211914,40.02240753173828,0
126,1259871,0.05681867152452469,0.0009230630821548402,-1.023529291152954,-0.47051453590393066,-0.19949327409267426,-0.348610520362854,28.359262466430664,-10.757847785949707,39.890716552734375,0
127,1270012,-0.1001066267490387,-0.0713905543088913,-0.9863645434379578,-0.5845833420753479,0.133870929479599,0.8911334872245789,30.81073570251465,-10.375048637390137,40.97484588623047,0
128,1279846,-0.007703222334384918,-0.040060583502054214,-1.0184376239776611,-0.13188692927360535,-0.3575584888458252,0.2652091979980469,28.33651351928711,-9.353302955627441,39.15585708618164,0
129,1289807,-0.03707152605056763,-0.08714448660612106,-0.9907482862472534,-0.3106445372104645,0.1076727882027626,0.005014155525714159,29.91961097717285,-8.63233470916748,39.20807647705078,0
130,1300148,0.012810987420380116,-0.005763474851846695,-0.9948769211769104,0.16712060570716858,-0.06933925300836563,-0.602782130241394,29.210186004638672,-8.966980934143066,38.27207565307617,0
131,1309873,-0.016953514888882637,-0.02745264396071434,-0.9811863303184509,1.1375792026519775,0.18398486077785492,-0.09453469514846802,29.70062828063965,-11.290960311889648,40.42972946166992,0
132,1320281,-0.09691553562879562,-0.013537163846194744,-0.9435203671455383,-0.2792511284351349,0.266338974237442,0.7095129489898682,30.77031707763672,-10.717935562133789,39.06553268432617,0
133,1329948,-0.03369152545928955,0.12522484362125397,-1.0097585916519165,-0.6910218596458435,-0.0850425660610199,-0.14208489656448364,29.237201690673828,-10.960110664367676,39.08879852294922,0
134,1339986,-0.11136308312416077,0.046918608248233795,-1.00980806350708,-0.9266328811645508,-0.3878002166748047,-0.07109440118074417,32.585968017578125,-9.319890022277832,40.312400817871094,0
135,1350167,0.036893174052238464,0.07309024780988693,-0.9749031066894531,-0.04150889813899994,0.5859001874923706,0.3309280276298523,30.213685989379883,-12.402950286865234,41.613914489746094,0
136,1360140,-0.005091563332825899,-0.0027106008492410183,-0.958985447883606,-1.0478485822677612,-0.29158636927604675,1.1711225509643555,29.08590316772461,-10.800603866577148,39.01191711425781,0
137,1369762,-0.1011197417974472,0.007487600669264793,-1.0017893314361572,-0.649516224861145,0.0631803423166275,-0.21023088693618774,31.570167541503906,-10.062039375305176,39.303558349609375,0
138,1380166,-0.008068517781794071,0.08495627343654633,-0.9959084391593933,-0.18103188276290894,-0.2251269817352295,-0.714065432548523,28.918676376342773,-11.623361587524414,40.41647720336914,0
139,1389974,-0.03020438365638256,0.06919573247432709,-0.9660868644714355,0.4624720811843872,0.6693682670593262,-0.09607920795679092,28.832286834716797,-9.371337890625,42.357940673828125,0
140,1400072,0.003074133535847068,-0.012382528744637966,-1.0107026100158691,-0.758969783782959,0.578361988067627,0.21426261961460114,29.929092407226562,-10.045741081237793,40.247310638427734,0
141,1409817,-0.060354508459568024,-0.0030796367209404707,-1.0180385112762451,-0.31983402371406555,0.374078631401062,-0.09022711217403412,30.13865852355957,-9.779000282287598,39.57212448120117,0
142,1420040,0.036508709192276,-0.03650687262415886,-0.9994385242462158,-1.0220378637313843,-0.08335420489311218,0.08695792406797409,30.71938705444336,-9.906404495239258,40.1909294128418,0
143,1429926,-0.07100518047809601,0.033185772597789764,-1.0062917470932007,0.3735443353652954,-0.21853068470954895,0.018039369955658913,30.335845947265625,-6.863500118255615,40.95964050292969,0
144,1439873,-0.04688861593604088,-0.0012557036243379116,-0.9961367249488831,0.5256404280662537,-0.2366212010383606,0.12166211009025574,31.955902099609375,-8.670904159545898,40.08720779418945,0
145,1450153,-0.05600965768098831,-0.09172937273979187,-0.9914610981941223,-0.09850996732711792,-0.5688890218734741,-0.38087812066078186,29.1261043548584,-9.52294635772705,39.29405212402344,0
146,1459975,0.055972870439291,-0.07503840327262878,-0.9648410081863403,-0.3593125641345978,0.6405613422393799,0.5419996380805969,30.612895965576172,-9.357275009155273,38.380741119384766,0
147,1469917,-0.08216780424118042,-0.07599890232086182,-1.025950312614441,0.7435911297798157,-0.647793173789978,-0.0810789167881012,29.872224807739258,-11.334336280822754,39.50743865966797,0
148,1480131,-0.0539204403758049,0.05016525089740753,-0.999705970287323,0.27785569429397583,0.4164174795150757,-0.9986818432807922,29.20767593383789,-10.826783180236816,38.368385314941406,0
149,1489969,0.03514404222369194,0.028333082795143127,-1.0114924907684326,-0.6419175267219543,0.0017402853118255734,0.04053498059511185,29.498748779296875,-11.243694305419922,41.518348693847656,0
150,1499685,0.04527847096323967,-0.042605817317962646,-1.0094926357269287,-0.5383599400520325,0.5536811351776123,-0.13218820095062256,31.302465438842773,-8.713517189025879,41.152000427246094,0
151,1509867,-0.02205669693648815,0.06014527007937431,-1.0173816680908203,0.1817893534898758,0.07346933335065842,0.037536993622779846,30.706987380981445,-10.609186172485352,40.652400970458984,0
152,1519862,0.10221929103136063,0.07514376938343048,-1.0168204307556152,0.9650657773017883,-0.15972410142421722,0.41488659381866455,31.150821685791016,-10.518717765808105,41.35694122314453,0
153,1530122,0.06094539910554886,-0.005042769946157932,-0.9988315105438232,0.3784751892089844,-0.09517638385295868,-0.5935863852500916,29.303932189941406,-8.190851211547852,40.24858474731445,0
154,1540044,-0.03819969668984413,-0.027440322563052177,-0.9973458051681519,-0.13570642471313477,-0.15391123294830322,-0.033852118998765945,29.6619930267334,-9.632991790771484,40.26576614379883,0
155,1549498,-0.033480409532785416,-0.047117989510297775,-0.9797623157501221,-0.13821235299110413,0.4659213721752167,0.4503895044326782,32.159088134765625,-9.701004981994629,40.91071319580078,0
156,1560101,-0.0313558503985405,0.026214301586151123,-1.0121766328811646,0.5378985404968262,0.2037985622882843,0.6337404251098633,28.217037200927734,-8.934408187866211,41.07301712036133,0
157,1569859,0.02849828265607357,0.0018554029520601034,-0.9943587183952332,-0.8256762027740479,-0.7708914279937744,0.570881724357605,30.47178840637207,-9.053418159484863,40.86722183227539,0
158,1580035,0.0998440682888031,-0.040998201817274094,-1.0138007402420044,-0.14409558475017548,0.7493433952331543,0.8268560171127319,31.604726791381836,-9.806041717529297,39.83015060424805,0
159,1589848,-0.06534121930599213,0.03914959728717804,-1.035218358039856,0.08219143003225327,-0.6221227049827576,-0.25894495844841003,28.147003173828125,-9.662208557128906,40.393009185791016,0
160,1599846,0.026455309242010117,-0.006161956116557121,-1.0107520818710327,-0.0910440981388092,0.00019358877034392208,0.40750476717948914,30.016618728637695,-9.900918960571289,39.727622985839844,0
161,1610078,-0.052549853920936584,-0.011108803562819958,-0.9885089993476868,-0.1070333868265152,-0.24367791414260864,0.8189243674278259,29.521926879882812,-11.261563301086426,38.993309020996094,0
162,1620050,0.013623261824250221,-0.012820491567254066,-1.0129873752593994,-0.22332291305065155,-0.26852360367774963,-0.3714698553085327,30.433717727661133,-11.995218276977539,39.814002990722656,0
163,1629901,0.042862072587013245,-0.03562028706073761,-0.985213577747345,0.03462788090109825,0.1804945468902588,-0.5954439043998718,29.497413635253906,-8.92910385131836,39.080970764160156,0
164,1640030,0.09715613722801208,-0.033496007323265076,-0.9936750531196594,-0.12630200386047363,0.4204741418361664,1.0188044309616089,29.397052764892578,-10.572510719299316,38.438255310058594,0
165,1649940,0.06431131064891815,0.03162088245153427,-1.0010347366333008,0.20663224160671234,0.3484252691268921,0.6731070876121521,28.87172508239746,-9.912199974060059,40.96073913574219,0
166,1660183,-0.03309398889541626,0.0028123329393565655,-1.0581022500991821,0.19789686799049377,-0.022466763854026794,-0.44113001227378845,31.192960739135742,-10.551175117492676,39.93553924560547,0
167,1669910,0.09823350608348846,0.037344083189964294,-0.9991490840911865,-0.07605526596307755,-0.07888436317443848,-0.21810457110404968,29.575483322143555,-9.57032299041748,41.09986877441406,0
168,1680034,0.05785132944583893,-0.04998749867081642,-0.9745790958404541,-0.04107852652668953,0.0793205052614212,-0.2947295308113098,30.67926788330078,-11.291110038757324,41.04950714111328,0
169,1690062,-0.04315553233027458,0.05041757971048355,-0.9692631363868713,0.6533541679382324,-0.07811596244573593,0.24196256697177887,29.78193473815918,-10.020270347595215,40.25432205200195,0
170,1700155,-0.0004531006561592221,-0.03006732277572155,-1.0051419734954834,-0.5583303570747375,0.020504923537373543,0.08427637070417404,28.761873245239258,-10.638920783996582,40.90375518798828,0
171,1710013,0.035124272108078,0.03162599727511406,-1.0104337930679321,0.20438630878925323,-0.02288171462714672,0.14944365620613098,31.100263595581055,-9.155733108520508,40.34174728393555,0
172,1719826,0.008715334348380566,0.04849281162023544,-1.0438340902328491,0.20188134908676147,0.2594611942768097,-0.43115946650505066,30.64056968688965,-10.02432632446289,41.17728805541992,0
173,1730063,0.03239459916949272,0.015128783881664276,-0.9993606209754944,-0.7854140400886536,-0.19081220030784607,-0.04273616150021553,30.44900894165039,-10.562643051147461,40.750850677490234,0
174,1739790,-0.026656106114387512,0.06592897325754166,-0.9787502288818359,-0.7592505216598511,-0.7243595719337463,0.6283211708068848,30.436050415039062,-10.723599433898926,40.74151611328125,0
175,1750107,-0.05078037828207016,0.002128622028976679,-1.0076066255569458,0.5500605702400208,-0.36744236946105957,-0.7908994555473328,28.873226165771484,-10.714179992675781,40.742820739746094,0
176,1760023,-0.01500766072422266,0.00880077201873064,-0.9713008999824524,-0.255941241979599,-0.3093707859516144,0.10985351353883743,29.857187271118164,-10.94180679321289,39.62118148803711,0
177,1769902,-0.0005044726422056556,0.02417915128171444,-0.9978975653648376,0.3439532220363617,0.1341637820005417,-0.18573859333992004,27.44810676574707,-10.49974250793457,38.8896369934082,0
178,1780190,0.026430580765008926,-0.058468349277973175,-1.0039180517196655,-0.2243632674217224,-0.15798786282539368,-0.9805155992507935,30.591434478759766,-8.871482849121094,39.604793548583984,0
179,1789936,-0.025690723210573196,0.04182421416044235,-0.9816532135009766,0.5736923217773438,0.13542784750461578,0.9446436762809753,29.244144439697266,-11.77235221862793,39.56147384643555,0
180,1799892,0.012763090431690216,0.025294436141848564,-0.9393113851547241,-0.372532457113266,-0.12839604914188385,-0.43758267164230347,29.263938903808594,-11.371060371398926,40.8242301940918,0
181,1810207,0.09461705386638641,-0.009197311475872993,-1.017816424369812,-0.6637812852859497,-0.21253982186317444,0.13221295177936554,30.886381149291992,-9.042577743530273,40.450706481933594,0
182,1820072,-0.003699794877320528,-0.02061541937291622,-0.9997121691703796,-0.005207016132771969,0.11639753729104996,0.1632944941520691,30.477447509765625,-9.139047622680664,41.99393081665039,0
183,1830125,-0.0011403830721974373,-0.02322951890528202,-0.9901806712150574,-0.4310462772846222,0.08851948380470276,0.9243130683898926,30.52994155883789,-10.578089714050293,41.17660903930664,0
184,1840078,0.009241631254553795,-0.03810567781329155,-1.0099544525146484,0.41484224796295166,0.03463645279407501,0.3897503614425659,30.611942291259766,-10.477946281433105,40.28334045410156,0
185,1849850,-0.04761255905032158,0.0006159413023851812,-0.9895622730255127,-0.7430875897407532,-0.8973826169967651,1.1706993579864502,31.149633407592773,-9.517909049987793,39.954002380371094,0
186,1860013,-0.06587141752243042,0.025016356259584427,-1.0067530870437622,0.8853895664215088,-0.18719209730625153,-0.6501995325088501,30.176612854003906,-11.203194618225098,40.922340393066406,0
187,1870073,-0.0037313818465918303,-0.05112558975815773,-0.9531530737876892,-0.4325524866580963,-0.1926012933254242,0.10049181431531906,28.65827751159668,-11.075056076049805,40.300201416015625,0
188,1879988,0.10035993158817291,0.06915245950222015,-1.0147128105163574,0.7926362156867981,-0.2029675841331482,-0.8236520886421204,30.960176467895508,-9.291738510131836,39.19041061401367,0
189,1890120,0.009719524532556534,0.04182663559913635,-1.00650954246521,0.16103214025497437,-0.7093788981437683,-0.38271772861480713,30.672954559326172,-10.60317611694336,39.35121154785156,0
190,1900083,-0.024490872398018837,0.014795065857470036,-0.9962993264198303,0.1618504375219345,0.21037550270557404,-0.033560797572135925,32.997802734375,-9.35115909576416,39.53783416748047,0
191,1909944,-0.012616337276995182,-0.014697111211717129,-1.0152212381362915,0.3652780055999756,0.21374498307704926,-0.06557927280664444,31.27767562866211,-10.015711784362793,40.58082962036133,0
192,1920114,0.0747389867901802,-0.034004274755716324,-0.9805151224136353,0.08044064044952393,-0.03942689672112465,0.1825253665447235,29.14415168762207,-9.334782600402832,39.67027282714844,0
193,1930200,-0.03544240817427635,0.115536168217659,-0.9864695072174072,1.026109218597412,1.3243274688720703,0.7437982559204102,29.437673568725586,-9.798445701599121,38.5064697265625,0
194,1939827,-0.03330865502357483,-0.06669978052377701,-0.9997249245643616,-0.14202934503555298,-0.10558964312076569,-0.0077299149706959724,30.584566116333008,-9.012228965759277,39.650699615478516,0
195,1950053,-0.028229588642716408,-0.005918579176068306,-0.9761683940887451,0.6755006313323975,0.4771406948566437,0.0008783564553596079,31.065340042114258,-10.352567672729492,40.79417419433594,0
196,1959893,-0.024468347430229187,0.01738414727151394,-0.9725415110588074,-0.1476297825574875,0.23097798228263855,0.7649014592170715,29.342479705810547,-10.997318267822266,39.05974578857422,0
197,1970155,-0.05275291949510574,0.02328183315694332,-1.018067479133606,-0.31512558460235596,-1.1039323806762695,-0.6794176697731018,29.514028549194336,-10.360819816589355,39.21867370605469,0
198,1980059,-0.0547541119158268,-0.0038512609899044037,-0.99894779920578,-0.19635164737701416,0.2607804238796234,0.013768994249403477,30.90402603149414,-7.2826924324035645,40.26063919067383,0
199,1990167,0.08455289900302887,0.09555858373641968,-1.0148240327835083,0.7190333604812622,0.06955369561910629,0.2644060552120209,29.28801918029785,-9.535579681396484,38.54689407348633,0
200,1999993,0.035555098205804825,0.03565649315714836,-0.9786776304244995,0.17949853837490082,0.2510513365268707,-0.7884227633476257,28.98516273498535,-9.907516479492188,39.46957778930664,0
201,2009970,-0.05464741587638855,0.016278482973575592,-0.9887804388999939,0.23136340081691742,0.12962459027767181,-0.22460681200027466,29.57461166381836,-9.99862289428711,40.38838577270508,0
202,2019846,0.01667160540819168,0.01565665937960148,-0.9925044775009155,0.030739912763237953,0.7035050392150879,0.38755109906196594,27.970359802246094,-9.83594799041748,40.85594177246094,0
203,2030033,0.023027442395687103,-0.04440602287650108,-0.9666821956634521,-0.42112091183662415,-0.6636064052581787,0.24053996801376343,29.161720275878906,-9.530388832092285,40.301700592041016,0
204,2039859,0.006072612479329109,-0.029784616082906723,-0.9852854013442993,0.7877160310745239,0.3118025064468384,1.0193490982055664,31.08179473876953,-12.777318000793457,40.47372817993164,0
205,2050026,0.002124069258570671,-0.08048084378242493,-0.9810142517089844,-0.18605740368366241,0.5589742064476013,0.35149624943733215,29.3768253326416,-10.915827751159668,40.07943344116211,0
206,2060049,-0.04941345751285553,0.041823480278253555,-0.9587379097938538,-0.5291265249252319,0.035762567073106766,0.4838145077228546,30.24358558654785,-10.007072448730469,40.867462158203125,0
207,2069967,0.0002597002312541008,0.026956891641020775,-1.0025200843811035,-0.2902798652648926,-0.3823885917663574,-0.27107924222946167,29.601787567138672,-10.322844505310059,38.39756774902344,0
208,2079998,0.029135413467884064,-0.047428350895643234,-1.050485372543335,0.15934526920318604,-0.26578161120414734,-1.1823376417160034,29.769943237304688,-12.25735855102539,39.70441818237305,0
209,2089865,-0.05873435363173485,-0.0890289917588234,-0.9951263070106506,0.11493783444166183,0.758420467376709,-0.43470707535743713,30.087413787841797,-10.851679801940918,39.783077239990234,0
210,2099958,0.10563736408948898,0.04829395189881325,-0.9843655824661255,0.5416195392608643,-0.6513066291809082,0.19664867222309113,30.34971046447754,-8.855278968811035,40.28702163696289,0
211,2110033,-0.04979413375258446,0.1146041601896286,-1.0120019912719727,-0.698067307472229,0.262100487947464,0.05912841111421585,30.283639907836914,-8.769576072692871,39.76821517944336,0
212,2119513,0.05030201002955437,0.008407512679696083,-0.993819534778595,-0.1004929170012474,0.14953908324241638,-0.004071336705237627,27.637920379638672,-10.110822677612305,40.8148193359375,0
213,2129999,-0.007861229591071606,-0.05822063237428665,-1.015939712524414,-0.18293550610542297,-1.2290269136428833,-0.38169771432876587,29.98780632019043,-11.45939826965332,40.24345779418945,0
214,2139794,-0.033122628927230835,-0.01890427991747856,-0.9661606550216675,-0.30974122881889343,-0.33777791261672974,0.3676050305366516,30.85929298400879,-8.795531272888184,40.04568099975586,0
215,2149922,-0.07865791767835617,0.011341814883053303,-0.9827048182487488,-1.2710965871810913,0.9309137463569641,-0.3189420700073242,30.42913818359375,-11.906457901000977,39.67078399658203,0
216,2159899,0.0058061713352799416,0.04821855202317238,-0.9892209768295288,0.21017302572727203,-0.1455126255750656,0.39138221740722656,32.0306510925293,-10.710165977478027,40.21658706665039,0
217,2169903,-0.020595645532011986,-0.05265852436423302,-0.9976102113723755,0.1593279391527176,0.5057201385498047,0.5190714001655579,30.387666702270508,-10.564330101013184,38.508880615234375,0
218,2179845,-0.03944867104291916,-0.12512299418449402,-0.9863452911376953,-0.02335844561457634,-0.0414050854742527,-0.8156470060348511,29.804344177246094,-10.72924518585205,40.916656494140625,0
219,2189939,0.028526922687888145,0.04145396128296852,-1.0136587619781494,0.3863159418106079,-0.21203947067260742,-0.11458219587802887,30.890289306640625,-11.391427040100098,37.436763763427734,0
220,2199816,-0.01735670492053032,0.01756383292376995,-0.9970152378082275,-1.016873836517334,-0.6352729201316833,-0.9581449627876282,30.602643966674805,-8.95719051361084,40.46428680419922,0
221,2210201,-0.045945946127176285,0.043805234134197235,-1.038537859916687,-0.2932124137878418,-0.6165385842323303,-0.22078049182891846,29.388986587524414,-11.036764144897461,40.89372253417969,0
222,2219796,-0.041779812425374985,0.05075293406844139,-1.046433448791504,0.07289496809244156,0.3077976703643799,0.20624852180480957,30.51751708984375,-9.291621208190918,39.996856689453125,0
223,2229839,-0.05435146763920784,0.007367394398897886,-0.9516936540603638,-0.02751048468053341,-0.5429680347442627,0.47486844658851624,29.685407638549805,-11.40929889678955,39.268123626708984,0
224,2240110,-0.024878323078155518,0.0355718620121479,-0.9791939854621887,-0.6223282814025879,-0.6803101897239685,0.0341138057410717,30.58162498474121,-9.921266555786133,39.693389892578125,0
225,2249863,-0.06438832730054855,0.04314851760864258,-1.009667992591858,0.1560593992471695,-1.027397632598877,0.04083609953522682,29.969249725341797,-10.908220291137695,38.321006774902344,0
226,2259719,0.012150865979492664,0.015245147980749607,-0.9608641862869263,-0.8967308402061462,0.08169212192296982,-0.5004433989524841,32.0192756652832,-11.161349296569824,38.775962829589844,0
227,2270223,-0.03544722497463226,0.08451391011476517,-1.0194286108016968,1.0995984077453613,0.04312378168106079,-0.2586035430431366,29.71699333190918,-9.870105743408203,40.742698669433594,0
228,2280162,0.11104094982147217,0.0018828983884304762,-1.0104690790176392,-0.28623420000076294,-0.043550990521907806,-0.45470693707466125,30.005138397216797,-9.411770820617676,38.82189178466797,0
229,2290126,0.058447640389204025,0.0005797133198939264,-1.0026909112930298,0.2867802381515503,0.09420393407344818,0.3682418763637543,29.372196197509766,-11.624879837036133,38.78036880493164,0
230,2299920,0.0347273014485836,0.10575025528669357,-0.9933491349220276,-0.21721763908863068,0.8112062811851501,0.549019992351532,29.762794494628906,-9.646647453308105,41.906219482421875,0
231,2310142,0.008350911550223827,0.0007554779294878244,-1.0045663118362427,0.0015723812393844128,-0.46547621488571167,0.11990546435117722,31.984039306640625,-10.919498443603516,40.89552688598633,0
232,2319743,-0.05741458386182785,-0.05389830097556114,-1.0240432024002075,-0.6956110596656799,0.3637513816356659,0.9284232258796692,32.205848693847656,-9.377296447753906,40.1618766784668,0
233,2330244,0.07708745449781418,0.008702677674591541,-1.0114407539367676,-0.02265893667936325,1.018131971359253,0.39079898595809937,31.847942352294922,-9.040517807006836,40.2373046875,0
234,2340014,-0.0020531672053039074,0.03221823275089264,-1.0231013298034668,0.6132118105888367,-0.0630669891834259,0.32578369975090027,29.111616134643555,-10.207592010498047,39.94301986694336,0
235,2349902,0.014143461361527443,-0.09789202362298965,-1.0144259929656982,-0.04199768975377083,-0.5036036968231201,-0.7130168080329895,28.88765525817871,-8.29859733581543,39.48237228393555,0
236,2360066,-0.0005547317559830844,-0.02656623162329197,-0.9781431555747986,-0.197065532207489,0.5917965173721313,0.33860278129577637,28.95967674255371,-9.75625228881836,39.84196090698242,0
237,2369805,0.07926194369792938,-0.017595747485756874,-1.0017266273498535,-0.6946842074394226,0.5474086403846741,0.5793098211288452,30.29416275024414,-11.177907943725586,39.384742736816406,0
238,2380113,0.03859323635697365,-0.022954333573579788,-1.0200997591018677,0.23076395690441132,-0.8050670623779297,0.22235627472400665,30.43197250366211,-11.377803802490234,40.27073669433594,0
239,2390047,-0.07119598984718323,0.007792839780449867,-0.9970123767852783,0.19372355937957764,0.663033664226532,0.144821435213089,29.94352912902832,-9.899989128112793,39.67247009277344,0
240,2399780,-0.07462254166603088,-0.02872816100716591,-0.9816223978996277,0.18651293218135834,0.22100496292114258,-0.770479142665863,30.24557113647461,-11.806724548339844,40.47819137573242,0
241,2409881,-0.013746335171163082,-0.012239011935889721,-0.9803547263145447,0.7117778062820435,0.28228631615638733,0.3095288574695587,30.56377410888672,-11.432242393493652,39.75361633300781,0
242,2419904,0.03884956240653992,-0.043268442153930664,-1.025757908821106,-0.2693190574645996,-0.46466630697250366,0.7205540537834167,29.742107391357422,-8.527892112731934,39.9365348815918,0
243,2430026,-0.00412646634504199,0.030223967507481575,-1.001147985458374,-0.2965845763683319,0.6984687447547913,-0.284515917301178,28.54183578491211,-11.852945327758789,41.8695182800293,0
244,2440150,0.023160336539149284,0.0025485351216048002,-1.0035498142242432,0.778462290763855,0.20670951902866364,0.4784390926361084,27.057300567626953,-9.36831283569336,40.72639846801758,0
245,2450115,0.005303641781210899,-0.024861318990588188,-0.9736514091491699,0.31720060110092163,0.19248661398887634,0.31564971804618835,30.368045806884766,-9.626298904418945,40.68135070800781,0
246,2460180,-0.03122074343264103,-0.11520804464817047,-1.0191513299942017,0.35965868830680847,0.09406190365552902,0.5462824702262878,29.049570083618164,-10.913866996765137,40.78685760498047,0
247,2470077,0.011945369653403759,-0.01778622344136238,-0.9776760935783386,-0.5911635756492615,0.2405889481306076,-0.10160581022500992,28.809701919555664,-9.074254989624023,40.3121452331543,0
248,2480160,-0.060471005737781525,-0.02916426584124565,-0.9962060451507568,-1.2188268899917603,-0.6221192479133606,-1.1232458353042603,31.124738693237305,-10.771198272705078,39.575679779052734,0
249,2489813,0.04544857516884804,0.001843850826844573,-0.9980334043502808,-0.07414062321186066,0.9722989201545715,0.3671719431877136,29.534425735473633,-12.370254516601562,39.91277313232422,0
250,2499949,-0.008973075076937675,-0.03729231283068657,-1.0430346727371216,0.28474870324134827,-0.620835542678833,0.139699786901474,29.03689193725586,-11.447766304016113,42.17688751220703,0
251,2509782,-0.06006815284490585,-0.0018346552969887853,-1.0302715301513672,-0.48387378454208374,0.818666934967041,-0.24792979657649994,30.18021583557129,-8.54323959350586,40.35328674316406,0
252,2520121,0.04147937521338463,-0.08968046307563782,-1.0319989919662476,0.6533133387565613,-0.42489105463027954,0.4000155031681061,31.64904022216797,-10.304281234741211,40.62320327758789,0
253,2529898,0.04265879839658737,0.017170868813991547,-1.0042622089385986,-0.32752513885498047,0.05092815309762955,1.0254837274551392,28.10638999938965,-9.399404525756836,40.5758056640625,0
254,2539943,0.07385030388832092,0.025052407756447792,-1.0087896585464478,-0.2395649552345276,0.6726550459861755,0.024928096681833267,29.8537654876709,-9.766789436340332,38.36371612548828,0
255,2550256,-0.027030853554606438,-0.05163879320025444,-0.9977672696113586,-0.22763903439044952,0.20295631885528564,-0.2523956000804901,29.98970603942871,-9.803143501281738,39.27820587158203,0
256,2559975,-0.02073795162141323,-0.019862405955791473,-1.0057110786437988,-0.0520695224404335,-0.2216600924730301,-0.40559348464012146,29.47167205810547,-10.641129493713379,40.41325378417969,0
257,2569990,0.03045155107975006,0.026804985478520393,-0.998404324054718,0.054364413022994995,0.024572985246777534,-0.6012277603149414,31.28264617919922,-9.999258995056152,40.1437873840332,0
258,2579978,-0.014743257313966751,0.08408352732658386,-1.0044634342193604,0.09747106581926346,-1.0146422386169434,-0.3139526844024658,28.44586753845215,-8.382251739501953,40.33969497680664,0
259,2589991,-0.002435433678328991,0.05803252384066582,-0.9997978806495667,0.05753779411315918,0.24040791392326355,-0.33348044753074646,29.501232147216797,-8.879865646362305,39.82423782348633,0
260,2600077,0.00570708466693759,-0.04041673615574837,-1.0366456508636475,-0.5512743592262268,0.26522403955459595,-0.3312760889530182,28.742958068847656,-9.291570663452148,40.717708587646484,0
261,2610120,-0.04629698395729065,-0.010595465078949928,-1.0218108892440796,-0.011525378562510014,0.9435790777206421,0.38485562801361084,30.572824478149414,-10.030794143676758,40.98891830444336,0
262,2620171,0.053655970841646194,0.035249125212430954,-0.969733476638794,-0.5012677907943726,-1.0167019367218018,-1.0810636281967163,31.326059341430664,-8.882060050964355,39.57564926147461,0
263,2630200,0.014794206246733665,0.0887664258480072,-1.0054433345794678,0.08992704004049301,0.304787278175354,-0.19274352490901947,30.391395568847656,-11.539080619812012,41.97633361816406,0
264,2639860,-0.06622610241174698,-0.06984870135784149,-0.9975557327270508,0.2638498544692993,1.0333164930343628,-0.7983953952789307,28.745229721069336,-10.559976577758789,38.57129669189453,0
265,2650127,-0.024971846491098404,-0.08478942513465881,-0.9906858205795288,0.22848491370677948,0.1289147436618805,0.07658646255731583,30.61838150024414,-9.173773765563965,41.467041015625,0
266,2660047,0.0175539031624794,0.08421839028596878,-1.0011217594146729,-0.05748531222343445,-0.6439584493637085,-0.18832559883594513,29.006155014038086,-9.264105796813965,40.344970703125,0
267,2669736,-0.0525028258562088,0.02475280873477459,-0.9692509770393372,0.29143327474594116,-0.28208455443382263,0.842369556427002,30.57981300354004,-9.520294189453125,40.451904296875,0
268,2679773,-0.0014409641735255718,0.016232900321483612,-1.0072555541992188,0.2372918277978897,0.531399130821228,-0.43396618962287903,30.689191818237305,-12.213988304138184,40.49433517456055,0
269,2690052,-0.05510153993964195,-0.06296826899051666,-1.0058610439300537,-0.4510256052017212,0.008911730721592903,-0.41578495502471924,31.51449966430664,-9.388962745666504,40.37582778930664,0
270,2700190,0.023248126730322838,-0.04493246600031853,-0.9814528822898865,0.40448495745658875,0.15374842286109924,0.07302315533161163,31.91474151611328,-9.409750938415527,39.274658203125,0
271,2710131,-0.10043075680732727,-0.035419829189777374,-0.9636601805686951,0.21713940799236298,-0.33516380190849304,-0.07551506161689758,27.846630096435547,-11.429352760314941,40.01587677001953,0
272,2720246,-0.00032478742650710046,-0.030035879462957382,-0.9755196571350098,0.8572802543640137,0.13364754617214203,-0.0404694601893425,30.4887752532959,-9.333950996398926,39.997337341308594,0
273,2730129,0.013261551037430763,0.02979229763150215,-0.9674544930458069,-0.10834227502346039,0.21106021106243134,-0.639129638671875,28.381357192993164,-9.008674621582031,40.15562057495117,0
274,2740077,-0.004214596468955278,-0.07091207057237625,-1.017367959022522,-0.06591992825269699,-0.007222198881208897,-0.03170271962881088,29.2784423828125,-10.613041877746582,40.79682922363281,0
275,2749921,-0.06288685649633408,-0.0027538235299289227,-1.003852128982544,0.18354350328445435,0.6817592978477478,0.22161847352981567,27.988874435424805,-9.011285781860352,41.151763916015625,0
276,2759747,0.004653841257095337,-0.06334123015403748,-0.982250988483429,0.45006996393203735,-0.6199756264686584,-0.2860089838504791,29.070405960083008,-8.612577438354492,38.65747833251953,0
277,2770004,-0.05553615093231201,0.030708428472280502,-0.98973149061203,0.189381405711174,0.26508957147598267,-0.44744351506233215,30.581754684448242,-9.586920738220215,39.03886795043945,0
278,2780194,0.021218346431851387,0.032873764634132385,-0.9995778203010559,0.21785970032215118,-0.4013526141643524,0.05522271990776062,32.44185256958008,-11.705384254455566,38.44755554199219,0
279,2789859,0.015813281759619713,-0.11923181265592575,-1.0105870962142944,-0.4561883509159088,0.5486288070678711,0.1362522691488266,30.1752986907959,-10.269550323486328,40.514739990234375,0
280,2799976,-0.05938359349966049,-0.04154643788933754,-1.0033514499664307,0.6849029064178467,-0.5025070309638977,0.40434300899505615,31.98406982421875,-12.46591567993164,41.92013168334961,0
281,2810032,0.05251722037792206,-0.018673157319426537,-1.0234804153442383,0.5394784808158875,-1.2507257461547852,-0.1986842006444931,32.15237808227539,-9.893342971801758,41.54948806762695,0
282,2820147,0.04072815552353859,0.05824705958366394,-1.0248867273330688,0.6486860513687134,-0.6681564450263977,0.6853429675102234,30.29143524169922,-9.563508033752441,40.51057434082031,0
283,2830227,-0.03187550604343414,-0.009128835052251816,-0.9941500425338745,-0.9381657838821411,-0.929939866065979,-0.17323175072669983,29.309612274169922,-10.294392585754395,39.92287063598633,0
284,2840119,0.01516062393784523,-0.052927885204553604,-1.0189954042434692,0.6267528533935547,-0.45360252261161804,-0.06091342866420746,29.587629318237305,-10.053611755371094,39.622352600097656,0
285,2849777,-0.01465389784425497,0.021400151774287224,-0.9810810685157776,-0.4570128619670868,0.18373112380504608,0.40705516934394836,29.204214096069336,-8.529374122619629,40.055301666259766,0
286,2859981,-0.00019519802299328148,-0.016631251201033592,-0.9808825850486755,-0.5364496111869812,-0.5452880263328552,-0.6297815442085266,30.650798797607422,-9.770522117614746,40.119354248046875,0
287,2869799,0.08448239415884018,-0.007684795185923576,-0.9770225882530212,0.40606236457824707,-1.1985241174697876,0.5343953967094421,30.720521926879883,-9.978124618530273,39.307289123535156,0
288,2880136,-0.01724167913198471,-0.03668082877993584,-1.020843505859375,-0.11889643222093582,-0.2514275312423706,0.052513379603624344,29.411361694335938,-7.54353666305542,40.79628372192383,0
289,2890010,-0.019354376941919327,0.12019404768943787,-0.9840061664581299,-0.44955313205718994,-0.4546501934528351,0.6583536863327026,30.494094848632812,-10.35965347290039,39.19799041748047,0
290,2899664,-0.012855310924351215,-0.02111203595995903,-0.9905736446380615,-0.21164020895957947,-0.6709114909172058,0.2645884156227112,28.339628219604492,-10.49588394165039,39.297245025634766,0
291,2910087,0.07056676596403122,-0.056206077337265015,-0.9873472452163696,0.034350208938121796,0.09618404507637024,-0.7876186370849609,29.682525634765625,-10.086954116821289,40.26913833618164,0
292,2919851,-0.06172819063067436,0.0327276848256588,-1.0182124376296997,0.5876221656799316,0.5703709721565247,0.12433316558599472,30.46584701538086,-10.099149703979492,39.269493103027344,0
293,2929759,0.06212026998400688,0.05703214928507805,-0.9898664355278015,0.7597976326942444,0.3882018029689789,-0.3481723964214325,29.39847183227539,-8.34326171875,40.71363067626953,0
294,2939947,0.08577905595302582,-0.007100163493305445,-1.004768967628479,0.09212049096822739,-0.19930118322372437,-0.5919427871704102,30.473176956176758,-10.025602340698242,39.68018341064453,0
295,2950229,0.0906364768743515,0.0988379716873169,-0.9853075742721558,0.9736171960830688,-0.06154445931315422,0.6889032125473022,27.51260757446289,-10.020401954650879,40.15628433227539,0
296,2959813,0.018806230276823044,0.007794560864567757,-1.0110050439834595,-0.23078596591949463,-0.5227243900299072,0.6744713187217712,30.02918815612793,-10.733907699584961,40.4473876953125,0
297,2970025,-0.008263537660241127,-0.01796204410493374,-1.0179346799850464,-0.32717809081077576,0.32330769300460815,0.20752786099910736,28.947935104370117,-9.785246849060059,40.16743850708008,0
298,2979837,-0.07826811820268631,0.05164588987827301,-1.0078604221343994,0.41385501623153687,0.1730976700782776,-0.045342735946178436,31.392419815063477,-10.667136192321777,40.48321533203125,0
299,2990080,0.022422440350055695,-0.06687158346176147,-1.0098659992218018,0.7359377145767212,0.5297549366950989,0.05826406925916672,31.08507537841797,-9.092256546020508,40.35277557373047,0
300,3000187,0.10442015528678894,-0.008991523645818233,-0.9991904497146606,0.2552907168865204,0.0002621478051878512,0.1132403016090393,29.290029525756836,-9.746033668518066,39.45710372924805,0
301,3010162,0.026713015511631966,0.026348887011408806,-1.0029339790344238,-0.05752202123403549,0.5266067981719971,-0.01714119128882885,30.15970802307129,-10.157234191894531,38.17555236816406,0
302,3020073,-0.020961398258805275,0.041839633136987686,-1.0162174701690674,-1.1239715814590454,-0.7003118991851807,0.7533533573150635,29.654603958129883,-10.913500785827637,39.1989860534668,0
303,3029934,0.04307089373469353,0.035040318965911865,-1.0193109512329102,-0.015187959186732769,0.8282274007797241,-0.3076743185520172,31.54918098449707,-9.278636932373047,38.65837478637695,0
304,3040107,-0.04544692859053612,-0.053187817335128784,-1.0290307998657227,1.0096968412399292,-0.0441114604473114,-0.42767515778541565,30.2524356842041,-7.560720443725586,38.91646957397461,0
305,3050039,0.01155924890190363,0.014823192730545998,-0.9726995229721069,-0.5483502149581909,0.20620372891426086,0.03661223128437996,31.01679039001465,-7.875124454498291,39.584964752197266,0
306,3059888,-0.04182374104857445,-0.043911632150411606,-0.9869427680969238,-0.5380715727806091,0.13832075893878937,0.8195520639419556,29.003618240356445,-8.028491973876953,38.07484436035156,0
307,3069853,-0.051662907004356384,0.017498232424259186,-0.9798076748847961,-0.01858154870569706,1.0794507265090942,-0.2310762256383896,30.93804359436035,-10.561603546142578,39.302669525146484,0
308,3079949,0.0639781579375267,0.02492685243487358,-1.0058202743530273,-0.012312665581703186,-0.09890887141227722,-0.281852126121521,30.046222686767578,-9.425333976745605,39.84455490112305,0
309,3089923,-0.005973509047180414,-0.0038432239089161158,-0.9843407273292542,-0.36088407039642334,0.7077344059944153,1.260836124420166,29.96673011779785,-9.275501251220703,40.40068054199219,0
310,3099781,-0.03141462802886963,0.05495214834809303,-1.0314435958862305,-0.4409506618976593,0.46890538930892944,0.055663108825683594,29.377784729003906,-9.438855171203613,41.57514953613281,0
311,3109971,0.029262475669384003,-0.05389224737882614,-1.037832260131836,0.13136377930641174,0.08612062782049179,0.08912841230630875,29.867467880249023,-9.504049301147461,39.16412353515625,0
312,3119911,-0.006389073096215725,0.04686656594276428,-1.0272756814956665,-0.42049360275268555,-0.07488733530044556,0.1478741466999054,29.860164642333984,-10.30408000946045,40.90895462036133,0
313,3129730,0.012198562733829021,0.058640845119953156,-1.0093470811843872,-0.29611125588417053,0.04995625466108322,-0.8815416693687439,31.634498596191406,-10.993912696838379,40.35232925415039,0
314,3139941,-0.035023946315050125,-0.057734016329050064,-0.989120364189148,0.28262874484062195,-0.1860576570034027,-0.6813572645187378,29.74595832824707,-11.514785766601562,40.79024124145508,0
315,3149914,-0.018866026774048805,-0.01797438971698284,-0.9933283925056458,-0.005301228258758783,0.7745389342308044,1.0062377452850342,29.080896377563477,-9.814809799194336,41.13689422607422,0
316,3160004,0.032551564276218414,0.012415959499776363,-1.0119842290878296,0.006382505409419537,-0.4305752217769623,-0.3389829695224762,30.50640106201172,-10.351308822631836,40.36949920654297,0
317,3169714,-0.08942973613739014,0.03566502407193184,-0.9897457361221313,0.0359656997025013,0.689355194568634,-0.5134522914886475,27.640485763549805,-10.259810447692871,38.86051940917969,0
318,3179923,0.04534853249788284,0.0695391520857811,-0.9829784631729126,0.20301222801208496,0.388512521982193,-0.6267022490501404,30.1483097076416,-9.929386138916016,40.231590270996094,0
319,3189717,0.014818164519965649,0.05015327036380768,-0.9862183928489685,0.674997091293335,-0.8977664113044739,0.21195940673351288,28.903383255004883,-9.128172874450684,39.98209762573242,0
320,3199971,-0.08240533620119095,-0.0047245873138308525,-0.9987149238586426,0.4015907347202301,0.6553122401237488,-0.5979716777801514,31.049650192260742,-10.565072059631348,39.52360916137695,0
321,3210081,0.10576675087213516,0.048419274389743805,-0.9889119863510132,0.8263752460479736,0.47432762384414673,0.44489729404449463,31.05129051208496,-10.911962509155273,38.825321197509766,0
322,3219674,0.085026815533638,-0.0005784674431197345,-0.9930483102798462,0.9177676439285278,-0.8251613974571228,0.16925489902496338,30.185317993164062,-10.478337287902832,41.66659927368164,0
323,3229960,-0.008706886321306229,-0.06326597183942795,-1.0035364627838135,-0.3293285071849823,0.280212938785553,0.001990830758586526,29.8641300201416,-7.905118465423584,39.573307037353516,0
324,3240115,0.053344644606113434,0.004830869846045971,-1.002334713935852,-1.1158959865570068,0.18163961172103882,-0.40705180168151855,30.672237396240234,-8.61410140991211,38.21018981933594,0
325,3250117,-0.002451900392770767,0.03505367413163185,-1.0051991939544678,0.21999600529670715,-0.41895073652267456,0.17335309088230133,30.53333282470703,-10.187026977539062,39.569618225097656,0
326,3260012,0.06320119649171829,-0.004935195203870535,-0.9980806708335876,0.8753334283828735,-0.18460509181022644,0.09449505805969238,29.470468521118164,-10.047930717468262,40.81800842285156,0
327,3270015,0.034802064299583435,-0.0157090462744236,-1.000523567199707,0.7448644042015076,0.5878708958625793,-0.306054949760437,29.048810958862305,-9.6251220703125,41.950439453125,0
328,3279881,-0.03905931115150452,0.021374991163611412,-0.9408890604972839,1.059877872467041,-0.1939622312784195,-0.17163348197937012,28.850555419921875,-11.22739028930664,40.14558792114258,0
329,3290081,-0.01663852483034134,-0.04526884853839874,-1.007476568222046,0.06812264025211334,0.01965148188173771,0.14486034214496613,29.75981903076172,-9.52061939239502,39.41572189331055,0
330,3299801,0.006438210606575012,0.10132426768541336,-0.996748149394989,0.34681349992752075,-0.6268312335014343,-0.3954116404056549,28.458293914794922,-10.825860977172852,39.73297882080078,0
331,3309896,-0.06198043003678322,0.07125212252140045,-1.0183857679367065,-0.03527325391769409,0.5733741521835327,0.09739498794078827,31.749677658081055,-10.728111267089844,39.498085021972656,0
332,3320016,-0.005016020964831114,-0.024945219978690147,-0.9731985330581665,-0.22674569487571716,0.5553581118583679,0.649249255657196,30.67218017578125,-9.570544242858887,40.64865493774414,0
333,3329840,0.049829598516225815,-0.006063423119485378,-1.0015206336975098,-0.05919549614191055,-0.278367817401886,0.24291248619556427,29.316604614257812,-8.656109809875488,40.67017364501953,0
334,3340172,0.026275204494595528,-0.015941685065627098,-1.0026835203170776,-0.026164432987570763,-0.2618200182914734,-0.25293850898742676,29.61960792541504,-7.941788673400879,41.506996154785156,0
335,3349748,0.005929790902882814,0.007780374493449926,-1.0123354196548462,0.29226067662239075,-0.20660077035427094,0.8400704860687256,30.643293380737305,-9.480368614196777,41.20832824707031,0
336,3360114,-0.004701066762208939,0.04301958903670311,-0.980830192565918,-0.7205338478088379,-0.02554469369351864,-0.9729447960853577,30.46156120300293,-10.01509952545166,39.24163055419922,0
337,3369966,-0.0206720270216465,-0.00359394121915102,-0.9735006093978882,-0.1466284692287445,-0.7795400023460388,-0.030004329979419708,31.126319885253906,-9.376702308654785,39.96459197998047,0
338,3380126,-0.01765402778983116,-0.01542026549577713,-0.989955484867096,-0.5688424110412598,0.08086053282022476,-0.35576775670051575,29.47260093688965,-10.856927871704102,40.77124786376953,0
339,3389797,-0.09102098643779755,-0.04990234598517418,-1.0208697319030762,0.15294721722602844,-0.11093129217624664,0.11286678165197372,29.541696548461914,-9.520769119262695,40.021724700927734,0
340,3399765,-0.030737975612282753,0.01533142477273941,-0.9882912635803223,0.440995991230011,-0.26690319180488586,-0.39031916856765747,30.423015594482422,-10.195976257324219,39.33252716064453,0
341,3410318,-0.020351510494947433,0.01436073612421751,-1.0093333721160889,-0.029781300574541092,0.8305280208587646,-0.6524373888969421,30.107646942138672,-9.201306343078613,38.43685531616211,0
342,3420334,0.047081176191568375,-0.0014437218196690083,-0.9785874485969543,-0.3687683343887329,0.949732780456543,0.72989422082901,31.13355255126953,-8.996750831604004,39.910030364990234,0
343,3429960,-0.01907152682542801,-0.004431353881955147,-1.0035420656204224,0.17086897790431976,-0.15388783812522888,0.21564212441444397,30.870763778686523,-9.516565322875977,39.854957580566406,0
344,3440066,-0.04054331034421921,-0.033643901348114014,-1.0051738023757935,0.04312426969408989,0.6540399193763733,0.682404637336731,30.020231246948242,-10.6325101852417,38.0596923828125,0
345,3449961,-0.013160361908376217,0.07248284667730331,-0.9809727668762207,-0.055711545050144196,-0.6930719614028931,0.17005892097949982,32.239227294921875,-10.49050235748291,40.497955322265625,0
346,3459793,-0.0391569584608078,-0.02825876511633396,-1.0181790590286255,0.16579383611679077,-0.01213807426393032,-0.2702305316925049,29.04205894470215,-9.349696159362793,40.593875885009766,0
347,3469721,0.014444025233387947,0.008398177102208138,-1.0314403772354126,0.020323650911450386,-0.058548711240291595,0.2938743829727173,29.508771896362305,-9.199963569641113,41.11152267456055,0
348,3480077,-0.056199029088020325,-0.024149654433131218,-1.0230568647384644,-0.20950408279895782,0.4433424472808838,0.298725962638855,30.765485763549805,-9.135795593261719,41.71536636352539,0
349,3490055,-0.025781603530049324,-0.019078286364674568,-1.0016789436340332,0.5058967471122742,-0.19053736329078674,-0.631344735622406,28.946537017822266,-10.148736000061035,39.14725875854492,0
350,3499989,-0.07128770649433136,-0.006274722050875425,-1.005414605140686,0.571388304233551,-0.13021157681941986,0.49945470690727234,28.91337776184082,-11.340906143188477,40.500144958496094,0
351,3509876,-0.048453181982040405,-0.11427181214094162,-1.0067472457885742,1.3260608911514282,0.41335633397102356,-0.9797211289405823,31.047039031982422,-10.715904235839844,40.16587448120117,0
352,3519772,-0.0020329109393060207,-0.02259487845003605,-1.0214389562606812,-0.6488456130027771,0.8418383002281189,-0.4578526020050049,30.04673194885254,-10.423614501953125,39.05347442626953,0
353,3530198,0.10381101071834564,0.04656115919351578,-1.00742506980896,0.00389207829721272,0.937394380569458,0.09704660624265671,27.43425941467285,-11.590376853942871,40.81246566772461,0
354,3540147,0.06073485687375069,-0.06421037018299103,-1.0217498540878296,-0.5361649990081787,0.18230780959129333,0.3603547513484955,28.748241424560547,-9.515424728393555,39.83369445800781,0
355,3549696,0.031948499381542206,-0.01268402673304081,-1.0129222869873047,0.5405149459838867,-0.6044722199440002,0.39220112562179565,29.43936538696289,-10.183894157409668,40.19251251220703,0
356,3559980,-0.01174660213291645,0.02073466032743454,-1.0167275667190552,0.0013885052176192403,-0.010051312856376171,-0.28514066338539124,31.693613052368164,-9.456405639648438,42.13885498046875,0
357,3569728,0.002584052039310336,0.024403521791100502,-0.9675287008285522,0.07048582285642624,-0.6955212950706482,-0.845340371131897,30.37806510925293,-8.200757026672363,41.443809509277344,0
358,3580158,-0.046937111765146255,-0.017550284042954445,-1.0073399543762207,-0.026412785053253174,-0.15006457269191742,0.06645870953798294,28.98556137084961,-10.533397674560547,37.9296760559082,0
359,3589995,-0.015879303216934204,-0.05661581829190254,-0.9998687505722046,-0.54847651720047,-0.02731229178607464,-0.36452674865722656,30.327089309692383,-9.273995399475098,38.53328323364258,0
360,3600090,-0.05052180215716362,-0.08495600521564484,-0.9885554909706116,-0.25264236330986023,-0.1763642281293869,0.9520883560180664,30.5870418548584,-9.030019760131836,39.817378997802734,0
361,3610236,-0.0020463799592107534,0.06386426091194153,-0.9828338027000427,0.2722269594669342,0.0037692233454436064,-0.7230145931243896,31.16114044189453,-11.647735595703125,40.757286071777344,0
362,3620095,-0.01245870254933834,-0.01784352771937847,-0.995337188243866,0.14074797928333282,0.2982272505760193,0.008958660997450352,30.241947174072266,-11.142989158630371,40.669830322265625,0
363,3630003,0.009879937395453453,0.08212351053953171,-1.0485726594924927,0.06376054137945175,-0.44522231817245483,-0.3477465808391571,31.637794494628906,-11.26447868347168,39.192726135253906,0
364,3639997,0.043858833611011505,-0.02519926056265831,-0.9623761177062988,0.7588315606117249,0.9136572480201721,0.06599368900060654,28.961870193481445,-9.41018295288086,41.78541946411133,0
365,3649963,-0.07653944939374924,0.005480293184518814,-0.9950773119926453,-0.04520420357584953,-0.6954781413078308,0.00973560567945242,30.236133575439453,-9.551547050476074,40.23175811767578,0
366,3660104,-0.01658162847161293,0.035635318607091904,-1.0032544136047363,-0.33102497458457947,-0.4110516607761383,-1.267032504081726,29.250118255615234,-10.005362510681152,40.84379577636719,0
367,3669957,-0.004016046412289143,-0.08347009867429733,-0.9937446713447571,0.8391233086585999,0.6645808219909668,0.23773519694805145,29.662511825561523,-10.127721786499023,38.975318908691406,0
368,3679840,0.0999840572476387,0.06008781120181084,-1.009668231010437,0.19264250993728638,-0.6149868369102478,0.19217732548713684,30.871135711669922,-8.859312057495117,40.25048065185547,0
369,3690101,0.0039057175163179636,-0.013146020472049713,-1.0046483278274536,0.0061061447486281395,-0.7437242865562439,-0.7434934973716736,30.934282302856445,-9.327790260314941,39.71467971801758,0
370,3700055,-0.033808059990406036,-0.05718740448355675,-1.03200101852417,0.17839805781841278,0.12570348381996155,0.0024784007109701633,30.31540870666504,-9.800392150878906,39.47505569458008,0
371,3709887,0.003194204531610012,-0.08464637398719788,-0.9980883598327637,0.29112866520881653,-0.5251134634017944,-0.22964723408222198,30.2698974609375,-8.96373462677002,40.825904846191406,0
372,3720057,-0.029214909300208092,-0.04633345827460289,-0.9531416893005371,0.2104782611131668,-1.0466232299804688,-0.30540066957473755,28.269227981567383,-10.810589790344238,40.46039581298828,0
373,3730108,-0.0017894129268825054,0.07002677768468857,-1.0615732669830322,0.08034941554069519,0.7455287575721741,-0.06054866686463356,28.78071403503418,-11.193036079406738,40.365928649902344,0
374,3740160,0.09436504542827606,-0.015982594341039658,-0.9908662438392639,-0.7996466159820557,0.24985839426517487,1.0444848537445068,29.412109375,-11.127547264099121,41.21138381958008,0
375,3749993,0.03954172134399414,-0.01313906442373991,-0.9974926710128784,-0.7786499261856079,0.21388384699821472,-0.3362652063369751,31.151809692382812,-7.834950923919678,41.907901763916016,0
376,3760064,0.0014739598846063018,0.09828167408704758,-1.0091657638549805,-1.0202118158340454,-0.2710840702056885,-0.0623076856136322,29.448331832885742,-9.766087532043457,41.48479080200195,0
377,3769904,-0.04610275849699974,-0.04667769744992256,-0.9891898036003113,-0.0016814150149002671,-1.0373269319534302,-0.04354036599397659,29.001419067382812,-9.281015396118164,40.31220245361328,0
378,3780085,0.03140326961874962,-0.003714555175974965,-1.0028374195098877,0.21793685853481293,0.34101614356040955,0.0006063188775442541,32.84725570678711,-8.880034446716309,40.655723571777344,0
379,3790156,0.08152253180742264,-0.004737649578601122,-1.0431498289108276,-0.1278095245361328,0.39641672372817993,0.677777111530304,29.184749603271484,-10.087968826293945,40.34895706176758,0
380,3800224,-0.0028963370714336634,-0.04614752158522606,-1.020810842514038,-0.14036925137043,0.045472096651792526,0.2897232174873352,30.049373626708984,-10.789214134216309,38.76622009277344,0
381,3810053,0.013682194985449314,-0.11833502352237701,-0.9609780311584473,0.3047657907009125,0.12264551222324371,-0.1937285214662552,29.909936904907227,-12.2369966506958,39.56366729736328,0
382,3819905,0.03778573498129845,0.027222314849495888,-0.982172429561615,0.2919771373271942,1.5403308868408203,-0.37139853835105896,30.591310501098633,-9.566744804382324,39.88307189941406,0
383,3829726,0.025536447763442993,-0.08053010702133179,-0.9967138171195984,0.3255826234817505,-0.7549189329147339,-0.0014947819290682673,30.00640106201172,-8.884247779846191,39.16541290283203,0
384,3839964,0.07841356098651886,-0.02070549689233303,-1.040780782699585,-0.3117894232273102,-0.6764019727706909,0.4093717932701111,30.271854400634766,-10.407876968383789,39.52267074584961,0
385,3849758,0.06187434121966362,0.1086452454328537,-0.9674149751663208,-0.08796202391386032,-0.5997083187103271,0.11514222621917725,30.04714012145996,-10.452730178833008,40.987918853759766,0
386,3860242,0.04469909891486168,0.02173795737326145,-1.0178792476654053,-0.7595624923706055,-0.508298397064209,0.5165930390357971,28.624963760375977,-10.830141067504883,39.788814544677734,0
387,3870119,0.08866025507450104,0.011092445813119411,-0.9825937151908875,-0.0961141437292099,0.8855564594268799,0.06922300904989243,31.12388038635254,-9.304646492004395,40.83816909790039,0
388,3880039,-0.03430026397109032,0.0211227647960186,-1.0137943029403687,0.00981683749705553,0.407499223947525,-0.6281306743621826,31.26630401611328,-9.792943000793457,39.37227249145508,0
389,3889860,0.06725858896970749,0.05189082399010658,-0.9456318616867065,-0.01954345777630806,-0.21306882798671722,-0.24226702749729156,30.35590171813965,-9.925902366638184,40.54636764526367,0
390,3899980,0.027754690498113632,0.05238267406821251,-1.0120903253555298,0.5770847201347351,-0.5816691517829895,0.3164271116256714,29.522184371948242,-10.265256881713867,39.70182418823242,0
391,3910034,0.014554410241544247,0.04382629692554474,-0.9955331087112427,-0.8922616243362427,-0.7442312836647034,0.2197508066892624,29.424509048461914,-8.300919532775879,40.665523529052734,0
392,3920081,-0.002747470745816827,0.04292221739888191,-0.9857134222984314,1.2302805185317993,-0.4222903847694397,-0.4597570300102234,29.229459762573242,-10.486599922180176,39.44934844970703,0
393,3929812,0.005209106020629406,0.0523512102663517,-1.0248010158538818,0.47811445593833923,0.340455025434494,-0.07574674487113953,30.58078956604004,-9.318082809448242,41.063697814941406,0
394,3940185,-0.02688019350171089,-0.005971966776996851,-1.0034635066986084,-0.03857309743762016,0.13149523735046387,0.17739617824554443,29.447765350341797,-7.932089805603027,38.56055450439453,0
395,3950184,0.05666493624448776,-0.11761091649532318,-1.007020115852356,0.9280428290367126,-0.040621139109134674,-0.20361341536045074,30.199485778808594,-10.199407577514648,39.96624755859375,0
396,3959980,0.013384757563471794,-0.04623183235526085,-1.005371332168579,0.35100558400154114,0.008960680104792118,-0.08247493952512741,29.778841018676758,-11.095218658447266,39.351417541503906,0
397,3970162,0.13546094298362732,-0.07069769501686096,-0.9982601404190063,-0.22618789970874786,-0.30866730213165283,-0.056499481201171875,30.26325225830078,-9.660614967346191,38.568687438964844,0
398,3980256,-0.02723477967083454,-0.005732450634241104,-0.9909961223602295,0.32866278290748596,-0.6402666568756104,-0.36846160888671875,29.568662643432617,-11.032854080200195,41.79677200317383,0
399,3990040,0.087827667593956,-0.07033795863389969,-1.0022234916687012,0.2207750529050827,-0.077510304749012,0.21562591195106506,29.43006134033203,-11.16523551940918,40.14826965332031,0
400,3999705,0.06815487891435623,-0.03702288493514061,-1.000410795211792,-0.4482101500034332,0.7547701001167297,-0.6663343906402588,30.734575271606445,-8.956939697265625,41.28714370727539,0
401,4009827,-0.09240943193435669,0.03446507826447487,-1.0380260944366455,-0.36462998390197754,-0.7995585799217224,-0.48061537742614746,32.18395233154297,-8.951316833496094,37.523250579833984,0
402,4020111,-0.025241313502192497,-0.03312978893518448,-0.9973115921020508,-0.6736990809440613,0.20319101214408875,1.0871275663375854,30.56232261657715,-11.55100154876709,40.09825134277344,0
403,4029949,0.06561002135276794,0.05408360809087753,-0.9767044186592102,-0.3041502833366394,-0.313975989818573,0.7098177075386047,27.667648315429688,-9.866199493408203,40.466434478759766,0
404,4040293,0.12353847175836563,-0.017379458993673325,-0.9642676115036011,-0.21400201320648193,0.37994733452796936,-0.6243683099746704,31.397281646728516,-10.451127052307129,39.044395446777344,0
405,4050042,-0.03747626766562462,0.050370313227176666,-1.031241774559021,1.0122605562210083,0.0117564145475626,1.013943076133728,30.043540954589844,-8.554522514343262,40.65281295776367,0
406,4059923,-0.05834518373012543,-0.05265267565846443,-1.0082077980041504,-0.7011401653289795,0.37766125798225403,0.26427802443504333,30.388652801513672,-9.08994197845459,40.850406646728516,0
407,4069913,-0.06301582604646683,-0.047548726201057434,-0.9947901964187622,0.8562172651290894,0.5778135657310486,0.12850742042064667,30.020448684692383,-9.756149291992188,38.988563537597656,0
408,4080164,0.0677950531244278,-0.0058470917865633965,-1.0009655952453613,0.8898928761482239,-0.245895653963089,0.5944308638572693,30.529748916625977,-11.017745018005371,40.17285919189453,0
409,4089951,0.02879967913031578,-0.05073026940226555,-1.0137351751327515,0.9723494052886963,-0.18559947609901428,-0.7186235785484314,30.87220573425293,-9.171324729919434,39.89200210571289,0
410,4099989,0.029406994581222534,-0.019725143909454346,-0.9982244372367859,-0.8981043696403503,0.25488173961639404,0.8799413442611694,30.728618621826172,-10.732887268066406,39.64414596557617,0
411,4110125,-0.030235202983021736,0.013557180762290955,-0.9886035323143005,-0.5592788457870483,0.12608297169208527,0.35364851355552673,28.066852569580078,-9.34103012084961,39.352169036865234,0
412,4120514,-0.06466681510210037,-0.01896907575428486,-1.0321054458618164,0.3858141005039215,-0.16189923882484436,-0.012875446118414402,30.171642303466797,-9.893027305603027,40.97492218017578,0
413,4130123,0.0012972273398190737,-0.08700524270534515,-0.9877218008041382,-0.39799177646636963,0.27008017897605896,-0.11716637760400772,30.269079208374023,-10.199966430664062,41.833961486816406,0
414,4139992,-0.059008724987506866,0.039069533348083496,-1.0277773141860962,-0.3362574875354767,-0.433684766292572,-0.5679198503494263,30.81478500366211,-9.953974723815918,41.137359619140625,0
415,4150087,0.010948693379759789,0.054668232798576355,-1.0133863687515259,-0.04761867597699165,0.6102645993232727,0.14498235285282135,30.228113174438477,-8.172229766845703,39.74165725708008,0
416,4160065,-0.006259877234697342,-0.007337889168411493,-0.9775554537773132,0.9129170775413513,1.0497392416000366,-0.1822192221879959,29.539113998413086,-9.16036605834961,39.664039611816406,0
417,4169890,-0.02170831710100174,-0.0175270177423954,-0.9764582514762878,0.46380814909935,-0.539148211479187,0.19215305149555206,29.24168586730957,-10.380643844604492,40.37088394165039,0
418,4179791,-0.03810269013047218,0.014537125825881958,-0.9891581535339355,-0.5428866147994995,0.3681259751319885,-0.06779268383979797,30.46329689025879,-10.640225410461426,38.85797119140625,0
419,4190014,0.03779319301247597,0.012230534106492996,-1.006440281867981,0.6641033291816711,0.21799519658088684,0.9244449734687805,30.07342529296875,-13.613126754760742,41.14457321166992,0
420,4199699,-0.010980877093970776,-0.06833261996507645,-1.0109143257141113,-0.07069309800863266,-0.3166233003139496,-0.2211582213640213,30.91726303100586,-9.364838600158691,40.03522872924805,0
421,4209923,-0.009841729886829853,-0.06402269750833511,-0.9760386347770691,0.15127655863761902,-0.15634235739707947,-0.11242912709712982,28.050182342529297,-10.69745922088623,40.25578689575195,0
422,4220079,-0.11308261007070541,0.02966095507144928,-1.0183131694793701,-0.1801176816225052,-0.2232559323310852,0.09017236530780792,29.159128189086914,-10.476171493530273,39.18830490112305,0
423,4230013,-0.016398059204220772,0.02219570428133011,-0.9658156633377075,0.47460097074508667,-0.20258453488349915,-0.02281641960144043,29.677677154541016,-9.801594734191895,39.07097625732422,0
424,4240120,0.0041784183122217655,-0.0032506620045751333,-1.013074517250061,0.21825890243053436,0.7977116703987122,0.3924771547317505,29.053964614868164,-9.3250093460083,39.883304595947266,0
425,4250128,-0.029761802405118942,0.04452703893184662,-0.9756375551223755,0.540346086025238,-0.3454247713088989,-0.2757579982280731,29.633604049682617,-9.617337226867676,37.20223617553711,0
426,4260036,0.04163295775651932,0.04174446314573288,-1.0001310110092163,0.05009038373827934,0.04886459931731224,-0.011080521158874035,29.466537475585938,-10.627274513244629,39.63475799560547,0
427,4269956,-0.02518155425786972,0.01014164462685585,-1.0177663564682007,1.0170514583587646,-0.030957501381635666,0.055263716727495193,29.32291603088379,-10.077313423156738,39.18095016479492,0
428,4280014,-0.02447703666985035,0.04102429747581482,-1.0211578607559204,-0.22104716300964355,0.4229106903076172,0.717074990272522,28.853607177734375,-9.621827125549316,40.64899444580078,0
429,4289854,0.05056959390640259,0.025181114673614502,-0.9915712475776672,0.8052730560302734,0.21499300003051758,-0.10620027780532837,30.064485549926758,-8.51518440246582,40.3918571472168,0
430,4299887,-0.003936488647013903,0.02864968590438366,-1.026463270187378,0.41266122460365295,-0.19326233863830566,0.34665054082870483,30.828857421875,-9.080811500549316,41.129783630371094,0
431,4310108,-0.04864473268389702,-0.019628865644335747,-1.0081138610839844,-0.1508166640996933,-0.37005773186683655,0.4740828573703766,30.75275230407715,-10.560873985290527,41.29536056518555,0
432,4319944,0.0015372823690995574,0.062042731791734695,-0.9947789311408997,0.25080111622810364,0.1782287359237671,-0.5190841555595398,29.476408004760742,-9.750725746154785,39.746273040771484,0
433,4330288,0.013863738626241684,0.06068095192313194,-0.973844587802887,-0.34798991680145264,0.5298833250999451,-0.22158251702785492,32.564388275146484,-9.452595710754395,40.12226867675781,0
434,4339910,-0.04801400750875473,0.02953418530523777,-1.0014221668243408,-0.2347971498966217,0.20627588033676147,0.023574385792016983,30.348472595214844,-11.194489479064941,42.28716278076172,0
435,4349990,-0.08598224818706512,-0.08023019880056381,-0.9915807843208313,-0.4326157569885254,-0.49933210015296936,-1.2208138704299927,29.78157615661621,-10.767300605773926,39.10892868041992,0
436,4360216,-0.08684622496366501,0.13758157193660736,-0.9776225090026855,-0.6942694187164307,0.9025512337684631,0.12354039400815964,29.47149085998535,-9.871573448181152,39.72111892700195,0
437,4369961,0.0030042999424040318,0.0785403698682785,-0.9821426868438721,0.043154630810022354,0.5095610022544861,0.5518906116485596,29.792816162109375,-11.190607070922852,40.41987609863281,0
438,4379705,0.0723157450556755,0.057530999183654785,-1.0452858209609985,0.2075258493423462,-0.72269606590271,0.0401557981967926,31.00212287902832,-8.910216331481934,39.372032165527344,0
439,4390001,0.044923048466444016,0.03288060054183006,-0.9573705196380615,-1.2924754619598389,-1.0113298892974854,-1.2620000839233398,30.977943420410156,-10.111689567565918,38.17563247680664,0
440,4400025,0.02244231104850769,-0.04463432356715202,-0.992734968662262,0.19141504168510437,-0.731575071811676,0.0702580064535141,30.4893741607666,-11.648369789123535,39.516510009765625,0
441,4410069,-0.05982033163309097,0.06478353589773178,-0.9844093322753906,-0.48056086897850037,-0.07520327717065811,0.005626385565847158,31.048952102661133,-9.201700210571289,40.458438873291016,0
442,4420465,-0.07240850478410721,-0.03976906090974808,-1.0040417909622192,-0.5126798152923584,0.3155793845653534,0.07611116766929626,29.89900779724121,-9.698171615600586,38.940982818603516,0
443,4429866,0.03930208459496498,0.06687243282794952,-1.0094672441482544,-0.23158590495586395,0.30572038888931274,0.15628139674663544,29.8425235748291,-9.59192180633545,40.0987548828125,0
444,4440173,-0.033484216779470444,-0.024416429921984673,-1.0284639596939087,-0.4248999059200287,-0.1893366426229477,0.3510447144508362,29.494760513305664,-9.15440845489502,40.81355667114258,0
445,4449889,0.008378090336918831,-0.025257229804992676,-1.0028659105300903,0.05332164466381073,0.6211861968040466,-0.10016658157110214,29.82485580444336,-9.33033561706543,37.43547821044922,0
446,4459954,0.007461032830178738,-0.007405257783830166,-0.9709272980690002,0.6826927661895752,-0.35116875171661377,0.18111270666122437,31.04183006286621,-9.329667091369629,37.135345458984375,0
447,4470250,-0.03476771339774132,-0.0878276377916336,-0.9905725717544556,0.35733097791671753,0.9343425631523132,0.21090632677078247,31.797733306884766,-8.66257095336914,40.71570587158203,0
448,4479945,0.08943875133991241,-0.018329249694943428,-1.0021387338638306,0.08067044615745544,-0.5084154009819031,0.007288416847586632,30.011974334716797,-9.044025421142578,40.82891082763672,0
449,4490018,0.08129899948835373,-0.03768255561590195,-0.9914092421531677,-0.6369540095329285,0.48057758808135986,-0.19506748020648956,30.03708839416504,-9.218098640441895,40.73564529418945,0
450,4500173,0.06251715868711472,0.026098228991031647,-1.0053250789642334,0.3205236792564392,-0.11370977014303207,-0.1779504120349884,28.575212478637695,-10.267937660217285,41.02388000488281,0
451,4510012,0.019598664715886116,-0.02045198157429695,-0.9912892580032349,-0.5208059549331665,0.4357084333896637,0.5300608277320862,30.016870498657227,-8.379939079284668,39.6814079284668,0
452,4519970,-0.12457939982414246,-0.04218318685889244,-1.004219889640808,-0.6253318786621094,-0.11295807361602783,-0.02990228869020939,31.742107391357422,-10.189523696899414,38.601314544677734,0
453,4530319,0.06678702682256699,-0.006474369205534458,-0.9774946570396423,0.4853944778442383,-0.3655504882335663,0.15815967321395874,28.29648208618164,-10.95262336730957,39.51787185668945,0
454,4540000,0.01525014266371727,-0.08599298447370529,-1.02617347240448,-0.17855902016162872,-0.2377687394618988,0.17824295163154602,28.88564682006836,-9.287714004516602,40.20391845703125,0
455,4550047,0.0815654918551445,-0.03698277845978737,-0.9768585562705994,-0.19281117618083954,-0.2784445285797119,0.5089237689971924,28.884368896484375,-9.671273231506348,38.86152267456055,0
456,4559926,0.008991598151624203,0.04146501421928406,-1.0072813034057617,0.16370856761932373,-0.02565612457692623,-0.5804281234741211,31.642789840698242,-10.2783842086792,38.90961456298828,0
457,4569998,0.06811797618865967,-0.009976339526474476,-1.00989830493927,0.6962279081344604,0.00951733160763979,0.07436597347259521,29.805391311645508,-10.130809783935547,40.861167907714844,0
458,4579769,0.04187259078025818,0.03007153607904911,-1.0185133218765259,-0.4492513835430145,-0.2207440733909607,-0.07805118709802628,30.68219757080078,-9.37977409362793,38.93427276611328,0
459,4590118,-0.01611408405005932,0.0021139406599104404,-0.9807578921318054,-0.517727255821228,0.21019558608531952,0.431211918592453,28.933074951171875,-10.752873420715332,40.423789978027344,0
460,4600152,0.008182059973478317,0.007733147591352463,-0.9929064512252808,0.16690954566001892,0.40954792499542236,0.44715043902397156,31.033212661743164,-10.105743408203125,39.51576232910156,0
461,4610046,0.06980576366186142,0.05653451755642891,-0.9567267298698425,-0.16599199175834656,0.04190460965037346,0.4851381182670593,29.62042236328125,-9.343212127685547,39.44167709350586,0
462,4620099,-0.004752775188535452,-0.059487372636795044,-1.0164507627487183,-0.36152535676956177,0.7116526961326599,-0.14503011107444763,29.72846031188965,-9.40900993347168,40.16353225708008,0
463,4630144,-0.00532726664096117,0.01437547616660595,-0.988517165184021,0.2802422046661377,0.13780349493026733,-0.3322996497154236,30.529062271118164,-11.221631050109863,39.126060485839844,0
464,4640042,0.07836757600307465,0.07024305313825607,-0.9988173246383667,0.04148499667644501,0.10568522661924362,0.49427688121795654,30.10710334777832,-7.989680767059326,40.14271545410156,0
465,4649859,-0.04843970388174057,0.04962441325187683,-0.9653025269508362,0.08784199506044388,-0.340972900390625,0.14363577961921692,29.525835037231445,-10.481620788574219,39.93177795410156,0
466,4660094,-0.01080351509153843,0.14483094215393066,-0.9800638556480408,1.0797538757324219,-0.1936122626066208,0.019028203561902046,31.07401466369629,-8.038778305053711,40.53522872924805,0
467,4669949,0.06519094109535217,0.04282410815358162,-0.9928204417228699,-0.7343767881393433,0.0018334127962589264,0.3519396483898163,30.638504028320312,-10.500518798828125,40.8805046081543,0
468,4679838,-0.017223363742232323,-0.0035467343404889107,-1.0016716718673706,0.8356447219848633,0.5463871359825134,0.4619073271751404,30.5519962310791,-10.341729164123535,40.07699966430664,0
469,4689887,0.09186913818120956,-0.047948792576789856,-1.0035653114318848,0.5207203030586243,0.7546299695968628,-0.5564566850662231,29.3979549407959,-9.794303894042969,40.24697494506836,0
470,4699769,-0.0037567922845482826,-0.0011703429045155644,-0.9752862453460693,-0.41442859172821045,0.5143035054206848,-0.18125347793102264,29.361101150512695,-11.160828590393066,40.08677673339844,0
471,4710101,0.0633443146944046,0.0008037390653043985,-1.0293689966201782,0.31028512120246887,-0.09979166090488434,-0.13111521303653717,31.94322395324707,-9.555550575256348,39.89047622680664,0
472,4719906,-0.02710687182843685,0.03620688617229462,-0.9937804341316223,0.18755462765693665,0.7881369590759277,-1.0833172798156738,29.315343856811523,-10.80971908569336,40.146392822265625,0
473,4729977,0.006552617996931076,-0.021384308114647865,-0.9966952204704285,0.6519882678985596,0.17311276495456696,-0.47913485765457153,29.943052291870117,-10.994815826416016,38.666656494140625,0
474,4739725,-0.013838172890245914,-0.03993696719408035,-1.0138354301452637,0.5651571750640869,-0.41123130917549133,0.5160247087478638,27.800098419189453,-11.236281394958496,41.4083137512207,0
475,4749979,-0.09800062328577042,-0.06974923610687256,-1.0453404188156128,0.004885219037532806,1.0364965200424194,-0.16119275987148285,30.790828704833984,-9.311945915222168,38.22886657714844,0
476,4760109,-0.1561782956123352,0.016152342781424522,-0.9983259439468384,0.14622357487678528,0.2874702513217926,0.018918758258223534,28.433727264404297,-7.669717788696289,40.95543670654297,0
477,4770024,-0.05000869557261467,0.01763996295630932,-1.0184131860733032,0.2797231078147888,-0.09677552431821823,-0.2086406797170639,29.990882873535156,-8.865341186523438,40.735015869140625,0
478,4779940,0.03697366267442703,0.0026455919723957777,-1.0040487051010132,-1.1573702096939087,0.21494555473327637,0.6059092879295349,31.495025634765625,-10.016142845153809,40.345184326171875,0
479,4790144,-0.07393636554479599,-0.025930820032954216,-0.9607695937156677,-1.1173382997512817,-1.1574760675430298,0.016934625804424286,30.827457427978516,-9.547930717468262,40.211273193359375,0
480,4799986,0.08936131000518799,-0.0675276517868042,-0.9989079833030701,0.47434476017951965,0.520562469959259,0.2154722958803177,31.54749870300293,-10.503045082092285,40.12259292602539,0
481,4809937,-0.14871180057525635,-0.0021849852055311203,-0.9878658056259155,-0.09818142652511597,-0.8957504630088806,0.3808853328227997,30.898588180541992,-9.68211555480957,40.529502868652344,0
482,4819997,-0.016114449128508568,-0.09102802723646164,-1.0136628150939941,0.2580609619617462,-0.1021462082862854,0.4480805993080139,30.112735748291016,-9.95960521697998,39.23048782348633,0
483,4829818,-0.058751385658979416,0.038069725036621094,-0.9834060668945312,0.0548580177128315,-0.03564558923244476,0.7304471135139465,30.045673370361328,-10.088746070861816,39.96940612792969,0
484,4840091,0.003941323142498732,-0.059843167662620544,-1.005402684211731,-0.2478807419538498,0.4088606834411621,0.018487995490431786,31.60089111328125,-11.024909019470215,41.10101318359375,0
485,4850198,0.016520347446203232,-0.08107614517211914,-0.9879293441772461,-0.5201727747917175,-0.06654394418001175,-0.2051880955696106,31.992942810058594,-10.8544340133667,39.871055603027344,0
486,4859676,-0.04601931571960449,0.04577143117785454,-0.9898982048034668,0.5641254186630249,-0.032604556530714035,-0.3118469715118408,31.0030517578125,-8.79603385925293,39.651676177978516,0
487,4869946,0.027755822986364365,0.06858000159263611,-0.9805474877357483,-0.3790215849876404,-0.16532890498638153,-0.814955472946167,29.679729461669922,-10.725083351135254,37.70404815673828,0
488,4880028,0.013332052156329155,0.04619115963578224,-0.9612036347389221,0.24218130111694336,-0.04018831625580788,-0.08100301027297974,29.586814880371094,-9.291021347045898,41.60826873779297,0
489,4889965,-0.07561958581209183,0.056028492748737335,-0.9734740257263184,-0.6496458053588867,-0.8457961678504944,1.062179684638977,31.52414321899414,-9.335198402404785,40.644344329833984,0
490,4900180,-0.07261205464601517,0.009887270629405975,-0.9953473806381226,0.13802354037761688,-0.11149033904075623,0.08137815445661545,29.541635513305664,-10.791949272155762,40.74156951904297,0
491,4910040,-0.045752182602882385,0.008693644776940346,-1.0043234825134277,-0.2981537878513336,0.23302501440048218,-0.26853400468826294,29.203643798828125,-11.177460670471191,40.660099029541016,0
492,4919922,0.010231222957372665,0.023713354021310806,-0.9796249866485596,0.5454617142677307,0.4830520451068878,0.5194441676139832,30.03865623474121,-10.110939979553223,38.547096252441406,0
493,4930026,-0.012192985974252224,-0.05103038623929024,-1.0029566287994385,-0.2801903784275055,-0.30259448289871216,0.7443177103996277,28.835790634155273,-10.459766387939453,40.52865982055664,0
494,4939958,0.058507684618234634,0.002169713145121932,-1.0178712606430054,0.8141053318977356,-0.4973846971988678,0.2616019546985626,29.292749404907227,-12.040931701660156,38.891876220703125,0
495,4949981,0.011348769068717957,0.05822107940912247,-1.0261799097061157,-0.5626207590103149,-0.15594631433486938,-0.8454956412315369,31.424724578857422,-11.29758358001709,40.46891784667969,0
496,4960145,-0.07560049742460251,0.007456181105226278,-0.9695013165473938,0.4793563783168793,0.9020742177963257,-0.3033141493797302,31.228164672851562,-9.657196044921875,40.54674530029297,0
497,4970078,-0.034763455390930176,0.056273605674505234,-0.9946612119674683,-0.8555428981781006,0.7185749411582947,-0.056394144892692566,31.31732749938965,-9.670600891113281,39.517578125,0
498,4979915,-0.0005769284325651824,0.04992426559329033,-0.9900545477867126,-0.00863402709364891,-0.16636554896831512,0.3234395682811737,29.7066650390625,-10.799642562866211,41.23445510864258,0
499,4989795,0.1046454906463623,0.013073808513581753,-1.0228333473205566,-0.42101988196372986,-0.4582073390483856,0.4836607277393341,30.119617462158203,-10.6530122756958,38.240352630615234,0
500,5000227,0.03924937546253204,-0.021198473870754242,-0.9705266356468201,0.3792746067047119,0.2353622019290924,-0.16455566883087158,29.54874038696289,-10.883490562438965,39.1357307434082,0
501,5010127,0.15429627895355225,-0.05489256605505943,-0.9745199680328369,0.33109050989151,1.0654996633529663,0.35864463448524475,29.260709762573242,-9.877365112304688,39.40314865112305,0
502,5020117,0.09758324176073074,0.058216020464897156,-0.9928469657897949,-0.4471525251865387,-0.45592406392097473,-0.8279802799224854,30.12432289123535,-8.763545989990234,40.48361587524414,0
503,5029842,0.07051487267017365,0.031789615750312805,-0.9769960641860962,-0.23179468512535095,-1.1392631530761719,1.0369012355804443,28.968259811401367,-10.115364074707031,40.936832427978516,0
504,5039973,-0.10161849111318588,-0.05060620605945587,-1.0290778875350952,-0.3134850263595581,-0.1345195323228836,-0.19634747505187988,28.858442306518555,-10.904474258422852,39.427825927734375,0
505,5050135,-0.014864588156342506,-0.16782091557979584,-1.009909749031067,0.47724875807762146,0.36189574003219604,0.1300858110189438,30.400684356689453,-10.34801197052002,39.379825592041016,0
506,5059959,-0.018603576347231865,-0.013341247104108334,-1.0151140689849854,-0.8429147005081177,0.5113849639892578,-0.13305170834064484,29.449495315551758,-10.766210556030273,38.7476921081543,0
507,5069861,0.0792747214436531,-0.060817278921604156,-1.0035834312438965,-0.5254613757133484,-0.5533337593078613,-0.47614291310310364,30.169166564941406,-9.575360298156738,39.4049072265625,0
508,5079987,0.05173537880182266,0.0629834532737732,-0.9759276509284973,-0.11762313544750214,0.25881505012512207,-0.6830040812492371,29.163307189941406,-9.259627342224121,40.91470718383789,0
509,5090066,-0.0004114408802706748,-0.1031680479645729,-1.0241587162017822,0.08044732362031937,0.13748671114444733,0.30070623755455017,29.635622024536133,-10.364974975585938,39.97662353515625,0
510,5100016,-0.06904027611017227,-0.010539914481341839,-1.0018386840820312,-0.0036800026427954435,-0.03830293193459511,0.17014798521995544,27.568374633789062,-9.666711807250977,41.25044631958008,0
511,5109858,-0.05350209400057793,0.0437973253428936,-0.9935150742530823,-0.19232963025569916,0.13621091842651367,0.23545899987220764,28.695621490478516,-11.16701889038086,39.43025207519531,0
512,5119937,-0.008224639110267162,-0.01541874185204506,-1.01823091506958,-0.9418773651123047,-0.34706342220306396,0.0684494599699974,28.848573684692383,-10.491164207458496,39.31186294555664,0
513,5129990,-0.03193654119968414,0.018561668694019318,-1.0287903547286987,-0.35249948501586914,-0.04855586960911751,0.02676629275083542,31.368547439575195,-8.172013282775879,39.61507034301758,0
514,5139967,0.10237516462802887,0.04256065934896469,-0.9861214756965637,0.6858258843421936,-0.03989143297076225,0.08605046570301056,31.31959342956543,-8.4417724609375,39.357337951660156,0
515,5149825,-0.05444222688674927,-0.004502733238041401,-1.0049477815628052,-0.16516435146331787,0.6672663688659668,-0.6403768062591553,28.611448287963867,-10.460896492004395,39.35239028930664,0
516,5160205,-0.052861034870147705,0.0809958353638649,-0.9810819029808044,0.5809511542320251,0.4690876007080078,0.27791473269462585,30.17384147644043,-9.989585876464844,40.5439453125,0
517,5170135,-0.00551069900393486,0.12582364678382874,-1.0156302452087402,-0.37084758281707764,1.1070177555084229,0.5504839420318604,29.88789939880371,-11.533785820007324,39.66690444946289,0
518,5179913,-0.05107693746685982,-0.06998496502637863,-1.003848910331726,-0.2434827983379364,-0.58194500207901,-0.6721773147583008,28.988676071166992,-9.476967811584473,38.963531494140625,0
519,5189998,-0.014018288813531399,-0.017704715952277184,-0.970533549785614,-0.38372159004211426,0.2193942815065384,0.17417164146900177,31.294891357421875,-10.804708480834961,40.63605880737305,0
520,5199936,0.04099685326218605,0.0038499783258885145,-0.9867193102836609,0.3478749096393585,-0.47002705931663513,-0.053996775299310684,28.550825119018555,-8.00112533569336,39.18333053588867,0
521,5209738,0.0352068766951561,0.012548631057143211,-1.016550064086914,0.07124708592891693,0.5892770290374756,-0.769274115562439,30.143779754638672,-10.562421798706055,39.986576080322266,0
522,5220350,-0.09387984871864319,-0.061552636325359344,-0.9794125556945801,-0.6727304458618164,0.42182865738868713,0.4831864535808563,29.644916534423828,-9.40064811706543,39.80303955078125,0
523,5229854,0.045578546822071075,0.022773824632167816,-1.0193800926208496,-0.8888250589370728,-0.39810216426849365,-0.6024869680404663,31.563095092773438,-9.242871284484863,39.992332458496094,0
524,5240126,0.014298253692686558,0.008365357294678688,-0.9928575158119202,-0.5585110783576965,-0.3922881782054901,0.6307017207145691,30.920255661010742,-10.755762100219727,36.74695587158203,0
525,5249912,-0.04677829146385193,0.02752264402806759,-1.0114266872406006,-0.2770155966281891,0.031551260501146317,0.19415970146656036,31.08758544921875,-10.63115406036377,41.30653762817383,0
526,5260211,-0.02037285827100277,-0.031481750309467316,-1.0146634578704834,0.14467942714691162,-0.5464236736297607,0.12452901154756546,30.276567459106445,-10.622058868408203,37.23393249511719,0
527,5270240,0.027637267485260963,-0.12263405323028564,-1.007969617843628,0.1762923002243042,0.9648058414459229,0.5678032636642456,30.971399307250977,-10.640060424804688,40.363983154296875,0
528,5280209,0.07938377559185028,-0.018236061558127403,-1.0046696662902832,-0.46907562017440796,0.11602767556905746,0.29620492458343506,28.811508178710938,-10.626823425292969,40.1998291015625,0
529,5289914,0.03732765465974808,-0.0035411217249929905,-1.050903558731079,0.3361393213272095,0.6033268570899963,-0.7293441891670227,27.74481964111328,-10.902185440063477,37.9169807434082,0
530,5299739,0.059410467743873596,-0.022253189235925674,-1.0231465101242065,-0.21110650897026062,0.31782713532447815,-0.014935236424207687,29.932437896728516,-9.57004451751709,38.92451477050781,0
531,5309847,-0.020418252795934677,-0.05609435588121414,-1.00273859500885,0.3222580850124359,-0.275122731924057,-0.33954402804374695,30.66931915283203,-10.649600982666016,39.414852142333984,0
532,5319729,0.0034758150577545166,0.03608405217528343,-0.9751929640769958,-0.23636476695537567,0.20930467545986176,-0.24376168847084045,30.335826873779297,-13.379500389099121,39.42382049560547,0
533,5330003,-0.08556295931339264,0.14254449307918549,-1.026316523551941,0.8125770688056946,-0.1305970698595047,0.06821116805076599,30.958423614501953,-8.56335735321045,39.86100769042969,0
534,5339700,0.03621988743543625,-0.05106199160218239,-0.9523205161094666,-0.6640024185180664,0.28613489866256714,-0.2003081738948822,28.085796356201172,-10.06701374053955,39.39583969116211,0
535,5349749,0.009098976850509644,-0.1130136176943779,-0.9708414673805237,0.3992730677127838,-0.42334428429603577,-0.18113331496715546,29.663055419921875,-8.674025535583496,39.80535125732422,0
536,5360000,0.07255885004997253,-0.051226042211055756,-0.9766307473182678,-0.3154974579811096,0.19437745213508606,-0.5962252020835876,30.17675018310547,-9.515543937683105,39.54734420776367,0
537,5370115,-0.007513076066970825,-0.05316001549363136,-0.9956086277961731,0.6987026333808899,0.25877079367637634,0.2426125556230545,30.669437408447266,-12.239200592041016,40.366275787353516,0
538,5379775,-0.0053398869931697845,0.04292602837085724,-0.9758250117301941,-0.4812037944793701,0.5047234892845154,-0.30384087562561035,30.152847290039062,-10.948688507080078,38.60645294189453,0
539,5389960,0.06711149215698242,-0.015032097697257996,-1.009179949760437,0.5663501620292664,0.3940868377685547,0.11543141305446625,29.829195022583008,-8.123749732971191,38.39493942260742,0
540,5399934,0.15440914034843445,-0.09442125260829926,-1.0188690423965454,-0.12850433588027954,-1.074675440788269,-0.9952139258384705,31.130517959594727,-10.486042976379395,40.561546325683594,0
541,5409944,-0.040606796741485596,-0.07698991894721985,-1.0131433010101318,0.5619946122169495,0.49847257137298584,-0.11605510115623474,28.23137855529785,-10.581607818603516,39.753963470458984,0
542,5420105,0.06668468564748764,-0.004850583150982857,-1.00184166431427,0.028435751795768738,0.42853471636772156,-0.12244734913110733,28.41815185546875,-8.565420150756836,40.00667953491211,0
543,5430326,-0.07999197393655777,0.06393938511610031,-0.9815731048583984,-0.5704711675643921,0.21106122434139252,-0.251723051071167,28.577133178710938,-10.948724746704102,39.12314224243164,0
544,5439857,-0.002821562113240361,0.003154295263811946,-1.015557885169983,-0.11427878588438034,-0.10020802915096283,0.145011767745018,30.70600700378418,-10.460222244262695,40.057655334472656,0
545,5450060,0.10387469828128815,0.05200853943824768,-0.9541271328926086,0.3299694359302521,-0.20814865827560425,-0.7250122427940369,29.663414001464844,-10.167369842529297,39.43260192871094,0
546,5460097,-0.09431145340204239,-0.029553217813372612,-1.0023757219314575,-1.0924822092056274,-0.9081752896308899,-0.2684082090854645,30.334386825561523,-9.533218383789062,41.99774932861328,0
547,5470082,0.023412181064486504,0.036219313740730286,-0.9932470917701721,-0.01972782611846924,0.7415390610694885,0.39146044850349426,30.668367385864258,-10.560595512390137,40.64534378051758,0
548,5480230,-0.010586119256913662,0.036866694688797,-1.0218851566314697,-0.4794330596923828,0.40422573685646057,-0.93961101770401,29.211105346679688,-9.505650520324707,41.096710205078125,0
549,5489959,0.08033055812120438,-0.04254056140780449,-1.0006260871887207,-0.665675938129425,-0.44051358103752136,-0.5500307679176331,30.735633850097656,-8.988008499145508,40.02183151245117,0
550,5499751,-0.016802581027150154,0.0017709931125864387,-0.9960961937904358,0.640636682510376,-0.730032742023468,0.5478635430335999,30.7796688079834,-9.80941390991211,39.953487396240234,0
551,5510128,-0.08536184579133987,0.0669630616903305,-1.01460599899292,0.8728526830673218,-0.2155124396085739,-0.0712289810180664,30.03250503540039,-8.365983009338379,39.06013870239258,0
552,5520052,-0.0641438215970993,0.008672545664012432,-0.9982460141181946,-0.29797929525375366,-0.2242930829524994,0.16800633072853088,30.369640350341797,-8.340389251708984,37.643035888671875,0
553,5530303,-0.03649222478270531,-0.07442689687013626,-0.9942092895507812,0.5174618363380432,0.16993758082389832,-0.8655152916908264,29.94040298461914,-9.818443298339844,39.998172760009766,0
554,5539844,0.0016425461508333683,-0.07804281264543533,-1.031481146812439,1.0954821109771729,0.9685066342353821,-0.8582574129104614,29.812740325927734,-10.081217765808105,40.496055603027344,0
555,5549857,0.023957135155797005,0.03323717415332794,-0.9999102354049683,0.6626892685890198,-0.02637493424117565,0.6784898638725281,28.893924713134766,-9.284772872924805,38.285709381103516,0
556,5559868,-0.015820061787962914,0.02868153341114521,-0.9529830813407898,0.7779713273048401,0.23125497996807098,-0.09210148453712463,30.32171630859375,-8.940818786621094,38.71257781982422,0
557,5569922,0.02320955879986286,0.0549844466149807,-0.9937661290168762,-0.2255525290966034,-0.4664756655693054,0.22998912632465363,29.287137985229492,-9.558477401733398,40.445831298828125,0
558,5580129,-0.007876249961555004,-0.014289533719420433,-1.001731038093567,0.22748710215091705,-0.1586693674325943,-0.14190779626369476,29.396081924438477,-10.942584991455078,41.13829040527344,0
559,5589758,-0.016868826001882553,0.06470001488924026,-0.9956997632980347,0.40431174635887146,-0.01847941428422928,-0.5143295526504517,31.61440658569336,-7.7193922996521,41.264888763427734,0
560,5599735,-0.046129010617733,-0.10526791214942932,-0.9405333399772644,0.20068775117397308,-0.3009136915206909,0.9690276384353638,30.18241310119629,-9.636066436767578,39.276893615722656,0
561,5610026,0.0640261247754097,0.025670329108834267,-0.9665297865867615,-0.6638080477714539,-0.07590672373771667,0.22911512851715088,31.424545288085938,-9.53746509552002,40.072837829589844,0
562,5619982,-0.05401569604873657,-0.07627664506435394,-1.00465726852417,-0.23107147216796875,-0.37383922934532166,0.6315537691116333,30.034934997558594,-9.671969413757324,39.59551239013672,0
563,5629741,-0.015774987637996674,0.009035708382725716,-1.0159354209899902,-0.6394211053848267,0.4263038635253906,0.2503318786621094,29.64546775817871,-8.820456504821777,41.865074157714844,0
564,5639882,-0.007154008373618126,0.05539821833372116,-1.0111424922943115,0.2937704622745514,-0.6870583295822144,-0.6386324763298035,29.06802749633789,-10.937304496765137,41.265777587890625,0
565,5649905,0.03889698535203934,0.0002104734448948875,-0.9965952038764954,-0.2253568172454834,0.16549426317214966,0.16438263654708862,30.335607528686523,-9.049935340881348,40.82275390625,0
566,5659743,0.03568296134471893,-0.009295460768043995,-0.9904713034629822,-0.6473879814147949,0.6380350589752197,-0.38915887475013733,31.571435928344727,-10.003713607788086,39.597232818603516,0
567,5669798,-0.05241530016064644,0.01794661208987236,-1.005138874053955,-0.22472527623176575,0.04163024201989174,-0.33687490224838257,28.756067276000977,-9.646910667419434,38.53413009643555,0
568,5679911,-0.08330980688333511,0.04844300076365471,-0.9741076827049255,-0.40626055002212524,0.4143263101577759,0.5140873193740845,31.0008487701416,-10.826225280761719,40.051456451416016,0
569,5689979,-0.04833567142486572,-0.010481256991624832,-0.9948683381080627,0.09616448730230331,-0.5681315064430237,-0.5525831580162048,29.217933654785156,-9.528482437133789,39.62932205200195,0
570,5699882,0.037727829068899155,0.046842191368341446,-1.0226610898971558,-0.4285842478275299,0.09285751730203629,0.035718146711587906,30.424026489257812,-7.589142322540283,41.152042388916016,0
571,5709888,-0.011859254911541939,0.09056970477104187,-0.9925951361656189,-0.05821826308965683,-0.3624444305896759,0.9094540476799011,31.186267852783203,-10.055055618286133,40.445003509521484,0
572,5719867,-0.06747379153966904,-0.028439447283744812,-1.0291757583618164,-0.34128063917160034,-0.21981818974018097,-0.08202724158763885,29.04059600830078,-8.563436508178711,40.186222076416016,0
573,5729842,0.06772235035896301,-0.004052413161844015,-1.020914077758789,-0.2464904934167862,-0.036973513662815094,-0.35923606157302856,28.59711456298828,-9.429779052734375,41.25312042236328,0
574,5740135,0.012398974038660526,-0.03525542467832565,-0.9705353379249573,0.09121941775083542,-0.5274302363395691,0.8123675584793091,30.716684341430664,-10.133808135986328,40.854740142822266,0
575,5750002,-0.020766867324709892,0.06833667308092117,-0.9949408769607544,0.12273473292589188,-0.14894095063209534,0.17913177609443665,29.635555267333984,-8.652022361755371,40.17195129394531,0
576,5759861,0.002384032355621457,-0.043253105133771896,-1.0225107669830322,0.6576801538467407,0.0455823689699173,0.46804407238960266,29.216392517089844,-9.016469955444336,40.64476776123047,0
577,5770122,-0.030684854835271835,-0.005158001556992531,-1.0247033834457397,-0.10823091864585876,0.618360161781311,0.3459734618663788,30.785306930541992,-9.68356990814209,41.26490783691406,0
578,5779870,-0.0358787439763546,0.027989957481622696,-1.0081312656402588,-0.39999398589134216,-0.3471808433532715,0.08523810654878616,29.088850021362305,-8.823116302490234,39.4722900390625,0
579,5790278,-0.027310628443956375,0.11674943566322327,-0.9963124990463257,0.6244194507598877,0.03868011385202408,-0.7186495065689087,29.119579315185547,-9.942811012268066,40.39180374145508,0
580,5800101,0.09782189875841141,0.09915975481271744,-0.9953714609146118,-0.6323873996734619,-0.014921091496944427,-0.20435480773448944,29.658063888549805,-10.345484733581543,40.6175651550293,0
581,5810072,-0.006192285101860762,0.07014217972755432,-0.9812998175621033,0.2171788066625595,-0.05900363624095917,0.13565073907375336,30.47947120666504,-10.066142082214355,40.11237716674805,0
582,5820082,0.03366132453083992,0.03483346104621887,-1.0008550882339478,-0.1437482386827469,0.28925734758377075,0.03327404335141182,31.261821746826172,-8.938211441040039,39.577484130859375,0
583,5829566,-0.027490001171827316,-0.013921167701482773,-1.0121351480484009,0.03768566995859146,0.08735228329896927,-0.1752060502767563,29.33523941040039,-9.338254928588867,39.80052185058594,0
584,5840141,-0.11190498620271683,0.011191884987056255,-1.0217137336730957,-0.02416125312447548,1.196768879890442,-0.2338017076253891,31.61098861694336,-8.754061698913574,40.10934829711914,0
585,5849967,-0.04743427038192749,-0.034154314547777176,-1.001963496208191,0.12316840887069702,-0.11825631558895111,0.38764798641204834,30.527141571044922,-10.857382774353027,40.40537643432617,0
586,5860120,-0.043888822197914124,-0.05658503249287605,-0.9946222305297852,0.6048987507820129,0.2632189989089966,0.23049865663051605,29.55028533935547,-9.792612075805664,40.37487030029297,0
587,5869861,0.009483277797698975,-0.04916371777653694,-0.9804522395133972,-0.9036948084831238,0.17945188283920288,-0.476095050573349,30.344453811645508,-12.902151107788086,41.80113983154297,0
588,5879922,-0.00941075012087822,-0.04314841330051422,-0.986506998538971,1.2094043493270874,0.9277703762054443,-0.259010910987854,28.756113052368164,-10.221065521240234,40.711971282958984,0
589,5890082,-0.025797808542847633,-0.015758395195007324,-0.9670125246047974,-0.5067670345306396,-0.5423814058303833,0.22624646127223969,30.023853302001953,-7.37274694442749,39.9891242980957,0
590,5900143,0.06452587246894836,0.045682720839977264,-1.003348708152771,0.5497473478317261,-0.026707714423537254,-0.04352334886789322,29.51725959777832,-8.257901191711426,39.538116455078125,0
591,5909938,0.10604870319366455,0.0526965893805027,-1.0037864446640015,-0.07658036798238754,0.8548438549041748,0.012309427373111248,31.515151977539062,-9.99105167388916,38.73356246948242,0
592,5920153,0.07514222711324692,-0.013430062681436539,-1.003589391708374,0.39639830589294434,0.8343213200569153,-0.6045124530792236,30.087636947631836,-8.750868797302246,41.29375457763672,0
593,5930049,0.0888247862458229,-0.0032190813217312098,-1.013418436050415,0.5577653050422668,-0.13589531183242798,-0.07777606695890427,28.64073944091797,-8.848289489746094,40.65366744995117,0
594,5939838,4.264362360117957e-06,0.07916847616434097,-1.0104488134384155,-0.28443461656570435,-0.03348162770271301,-0.22220373153686523,29.224735260009766,-11.473522186279297,40.68098831176758,0
595,5949795,-0.0017473259940743446,0.07491748034954071,-1.0334113836288452,0.34553226828575134,0.16044798493385315,-0.39602425694465637,28.404136657714844,-10.65549373626709,40.92049026489258,0
596,5959956,0.003215055912733078,-0.025968709960579872,-0.9593682885169983,0.9256929159164429,0.1636068969964981,0.12519294023513794,29.0469913482666,-10.398822784423828,39.91024398803711,0
597,5970078,-0.043038561940193176,0.07584646344184875,-0.9787806868553162,-1.3332698345184326,0.328449547290802,0.48946860432624817,31.3040771484375,-9.417332649230957,40.3628044128418,0
598,5979831,-0.08208952844142914,-0.015639908611774445,-0.9698857665061951,0.25456732511520386,0.13806860148906708,0.007321752142161131,29.44402313232422,-8.702169418334961,40.52476119995117,0
599,5990294,-0.03171013295650482,-0.015265612863004208,-0.971264660358429,-0.4357694685459137,-0.3195275664329529,0.4897439479827881,29.799375534057617,-9.36169147491455,40.67222213745117,0
600,6000118,0.05050451308488846,-0.04768180474638939,-1.0002790689468384,-0.018726276233792305,0.24866057932376862,-0.41485244035720825,30.118953704833984,-11.296377182006836,39.9108772277832,0
601,6010180,-0.04363827034831047,0.09200358390808105,-1.0223326683044434,0.08037818968296051,0.7492404580116272,0.14930398762226105,29.28603744506836,-8.557145118713379,40.81392288208008,0
602,6020016,-0.12695524096488953,0.01400603074580431,-0.9931761622428894,-0.28385117650032043,0.7484989166259766,0.5136005878448486,30.489545822143555,-11.16576099395752,38.175575256347656,0
603,6029876,0.02531389147043228,0.026310382410883904,-0.9636174440383911,0.4090961217880249,0.4150061309337616,-0.26208534836769104,29.33564567565918,-10.088899612426758,39.77198028564453,0
604,6040087,0.022453289479017258,0.03838876634836197,-1.000430703163147,-0.5311964750289917,0.4527210295200348,-0.8202731013298035,29.785213470458984,-7.761221885681152,37.92179870605469,0
605,6049937,0.044544193893671036,-0.040604621171951294,-1.0220779180526733,-0.30553632974624634,-0.2855340838432312,-0.7290488481521606,30.33552360534668,-10.486806869506836,40.1214599609375,0
606,6059992,0.06367240101099014,0.02985840104520321,-0.9727895855903625,0.039945293217897415,-0.2927563190460205,-0.050881996750831604,29.546293258666992,-10.320334434509277,41.5461540222168,0
607,6069978,0.044604577124118805,0.0014203094178810716,-0.9977840781211853,-1.3358488082885742,0.7078794836997986,-0.28498566150665283,30.058441162109375,-11.21430492401123,39.14315414428711,0
608,6079924,0.030545510351657867,0.04801693186163902,-1.0372079610824585,0.5709946751594543,-0.11096019297838211,-0.6219947338104248,31.515195846557617,-8.668753623962402,39.71278762817383,0
609,6090271,-0.03305160626769066,0.01987743005156517,-1.0074477195739746,-0.2080109417438507,-0.12805746495723724,0.5667726993560791,29.647680282592773,-9.674367904663086,40.49071502685547,0
610,6099939,0.03846551105380058,0.0061557539738714695,-0.9670974612236023,-0.16370251774787903,1.2663425207138062,-1.5133217573165894,29.475116729736328,-9.118974685668945,40.41596603393555,0
611,6109910,-0.07737414538860321,0.048699069768190384,-1.0001001358032227,0.40990424156188965,0.15428689122200012,0.6769303679466248,32.05013656616211,-10.8640775680542,40.066612243652344,0
612,6119946,0.05626564100384712,-0.06966892629861832,-1.0153058767318726,-0.3774756193161011,0.29071637988090515,-0.1719130128622055,29.882036209106445,-9.407368659973145,41.26173400878906,0
613,6129952,0.029707372188568115,0.0603744201362133,-0.983514666557312,0.16519078612327576,-0.40903612971305847,-0.4932461380958557,31.078393936157227,-11.033333778381348,38.93668746948242,0
614,6140044,-0.005672830622643232,-0.014093453995883465,-1.0189608335494995,-0.43526652455329895,0.7815970778465271,0.05205896124243736,30.888324737548828,-7.698181629180908,39.07619094848633,0
615,6149992,0.017476031556725502,0.03011954016983509,-0.99571293592453,0.08740434795618057,-0.12046454101800919,0.9711294770240784,30.773006439208984,-10.803208351135254,40.202186584472656,0
616,6159718,-0.1065688207745552,0.0007746117771603167,-1.0448514223098755,-0.5232188701629639,-0.4544943869113922,0.6337634325027466,29.807334899902344,-8.863236427307129,40.41033172607422,0
617,6169928,-0.041910167783498764,-0.0015371473273262382,-1.011955738067627,-0.7801423668861389,-0.15780003368854523,0.5676479935646057,30.439022064208984,-8.54001235961914,39.7989387512207,0
618,6179994,0.05961676314473152,0.045074135065078735,-0.9614554047584534,0.5285220742225647,-0.4734615683555603,-0.4955993592739105,29.093225479125977,-8.561863899230957,40.73347473144531,0
619,6190068,-0.03483295068144798,-0.0003046021156478673,-0.9944158792495728,-0.7195823788642883,-0.16282127797603607,-0.5657141804695129,31.285017013549805,-9.938639640808105,40.64373016357422,0
620,6199926,-0.02688021771609783,-0.00017213454702869058,-1.0131980180740356,-0.3531658351421356,0.006289937533438206,-0.7195862531661987,29.49990463256836,-7.744187831878662,41.243309020996094,0
621,6209874,-0.06288719922304153,-0.0073590511456131935,-1.0481890439987183,0.06947404891252518,0.12303903698921204,-0.01954375021159649,29.987157821655273,-9.010156631469727,39.86448287963867,0
622,6220122,0.017734818160533905,-0.012897608801722527,-1.0157973766326904,0.23515646159648895,-0.8480564951896667,-0.06266933679580688,29.83509635925293,-8.258108139038086,39.78506851196289,0
623,6229831,0.1323518455028534,0.038946960121393204,-0.9650369882583618,-0.39651721715927124,0.720260739326477,0.17966265976428986,30.400705337524414,-10.965879440307617,41.64931106567383,0
624,6239963,0.04685074836015701,-0.08817503601312637,-1.0000956058502197,0.15131638944149017,-0.2502184808254242,0.4058157801628113,31.520355224609375,-10.338991165161133,40.7116813659668,0
625,6249985,-0.030631152912974358,-0.010467656888067722,-1.018028974533081,0.029339084401726723,-0.23406055569648743,-0.13163462281227112,31.096641540527344,-9.64179801940918,37.19686508178711,0
626,6259888,-0.02107502706348896,-0.025916893035173416,-1.0015873908996582,0.11373549699783325,-0.017056304961442947,0.14764858782291412,28.214052200317383,-10.171093940734863,42.0366325378418,0
627,6269747,-0.008025229908525944,0.026165371760725975,-0.9925152659416199,-0.5637615323066711,-0.020747005939483643,0.41376298666000366,29.472116470336914,-8.941327095031738,40.569480895996094,0
628,6280160,-0.0033939338754862547,0.04625381901860237,-0.9909803867340088,-0.34579259157180786,-0.048652779310941696,-0.5110164284706116,29.409955978393555,-11.176682472229004,40.35457992553711,0
629,6290275,-0.022629424929618835,-0.06288338452577591,-1.0014525651931763,-0.22870439291000366,-1.1403838396072388,0.14005592465400696,30.200790405273438,-10.097559928894043,41.214988708496094,0
630,6299921,-0.071280337870121,0.10956857353448868,-1.0223987102508545,0.672599196434021,0.3266012370586395,-0.7027566432952881,31.281579971313477,-8.90906047821045,39.1138801574707,0
631,6309867,0.02702414244413376,-0.06056937947869301,-0.9823226928710938,0.031090358272194862,-0.6648207306861877,-0.69132000207901,29.05333709716797,-10.76098918914795,39.98833084106445,0
632,6320044,0.07703270763158798,-0.02085140533745289,-1.0301885604858398,-0.2280491143465042,-0.006607510149478912,0.03129815682768822,31.824052810668945,-10.094328880310059,40.313987731933594,0
633,6330293,-0.057411402463912964,-0.011128979735076427,-1.0488309860229492,0.015153631567955017,0.7675338387489319,-0.9158607125282288,30.299570083618164,-10.020525932312012,41.375938415527344,0
634,6339673,0.06325377523899078,0.010961056686937809,-0.9683576226234436,-0.4197525382041931,0.30264127254486084,-0.3206792175769806,29.102453231811523,-11.235101699829102,41.78920364379883,0
635,6350146,-0.13918952643871307,0.05259311944246292,-0.9925514459609985,-0.13126559555530548,-0.8384152054786682,-0.2701079547405243,29.43377113342285,-10.301512718200684,39.93056106567383,0
636,6360000,-0.06009506434202194,0.01563882827758789,-0.9729123115539551,0.8643484115600586,-0.342975914478302,-0.6521936058998108,28.136398315429688,-11.402087211608887,40.61787796020508,0
637,6369970,0.03523608669638634,0.01076190173625946,-0.9901290535926819,0.13904593884944916,0.517207682132721,0.3052636682987213,27.83370590209961,-8.180909156799316,40.25063705444336,0
638,6379952,-0.09917161613702774,0.020632633939385414,-1.0058072805404663,0.409487783908844,-0.4454142153263092,-0.5441864132881165,31.980920791625977,-10.352545738220215,39.76109313964844,0
639,6390198,0.0878332182765007,-0.05191612243652344,-0.9969637393951416,-0.12279267609119415,-0.6488515734672546,0.21042077243328094,29.77264404296875,-7.67309045791626,40.14439010620117,0
640,6400200,0.011306528933346272,-0.09975983947515488,-0.9892558455467224,0.5501734614372253,0.3239050507545471,-0.06665454804897308,30.351093292236328,-8.771700859069824,39.793861389160156,0
641,6409894,0.05019927769899368,0.007836228236556053,-1.0515451431274414,-0.018989112228155136,0.22359400987625122,0.5700303912162781,29.284255981445312,-10.977602005004883,40.80657196044922,0
642,6420161,-0.022490033879876137,0.0073770093731582165,-0.9993628263473511,0.3698922097682953,0.22769688069820404,-0.8029158115386963,31.04115104675293,-9.975285530090332,40.73653793334961,0
643,6429966,-0.03570578992366791,0.014865551143884659,-1.0221017599105835,-0.5467272400856018,-0.02513139508664608,0.0458509661257267,29.146825790405273,-8.895548820495605,40.76888656616211,0
644,6439932,-0.0014021992683410645,0.028679778799414635,-1.015958309173584,0.748361349105835,-0.20467106997966766,-0.6393664479255676,29.65119743347168,-9.215106964111328,39.012176513671875,0
645,6450219,0.0663432627916336,-0.00027044833404943347,-1.0120238065719604,-0.3133537173271179,-0.4920801520347595,0.96992427110672,30.536447525024414,-11.146646499633789,39.84938049316406,0
646,6459996,0.06914821267127991,-0.02694099396467209,-1.0134129524230957,-0.5304096937179565,0.10490253567695618,0.975318431854248,28.597585678100586,-10.451569557189941,40.26546096801758,0
647,6469876,-0.00984952412545681,0.0050091068260371685,-1.0134046077728271,-0.30853980779647827,-0.2908077538013458,0.21959921717643738,29.977046966552734,-10.754786491394043,39.71821594238281,0
648,6479738,0.055188801139593124,0.03204144164919853,-1.0139164924621582,-0.27383339405059814,-0.34296831488609314,-0.16228091716766357,31.283601760864258,-10.11523723602295,40.198341369628906,0
649,6490186,-0.06922829151153564,0.013972789980471134,-1.0358850955963135,0.385233610868454,-0.6302196979522705,0.5837295055389404,30.44993019104004,-8.803210258483887,40.475799560546875,0
650,6500243,-0.017814116552472115,-0.03305438533425331,-0.998900830745697,-1.360637903213501,-0.2118329554796219,0.5473373532295227,29.178546905517578,-10.857420921325684,40.401161193847656,0
651,6509903,-0.013413509353995323,-0.011708220466971397,-0.9775692820549011,-0.5357028245925903,0.48302316665649414,-0.21964095532894135,29.983121871948242,-10.624013900756836,40.71015930175781,0
652,6520367,0.013369621708989143,0.06101600080728531,-1.0032521486282349,0.096244677901268,-0.27790436148643494,0.5629530549049377,28.839542388916016,-10.24007797241211,38.874656677246094,0
653,6530150,0.046315379440784454,-0.029208365827798843,-1.0229743719100952,0.013258573599159718,0.08411514759063721,0.31470951437950134,30.086671829223633,-9.137648582458496,39.38577651977539,0
654,6539894,0.04636877030134201,0.06255176663398743,-0.9968572854995728,0.2399756759405136,-0.8357502818107605,-0.4712696075439453,31.76883888244629,-10.476042747497559,39.556236267089844,0
655,6550034,0.025182699784636497,0.04278343543410301,-0.982400119304657,-0.12354721128940582,-0.4235058128833771,1.0413799285888672,28.553319931030273,-10.340970993041992,39.10634231567383,0
656,6560129,0.010850487276911736,0.03625257685780525,-1.0245379209518433,0.8409330248832703,-0.03577198460698128,-0.6175394058227539,29.80558967590332,-11.08653450012207,40.246681213378906,0
657,6569913,0.007287885528057814,0.05912771075963974,-0.9757606387138367,0.40282103419303894,0.4803016483783722,0.03832365199923515,33.18413162231445,-11.020903587341309,42.135833740234375,0
658,6579925,0.005149262957274914,-0.09617028385400772,-1.0099838972091675,-0.4261411130428314,-0.06759443879127502,0.6374370455741882,31.01523208618164,-7.5496063232421875,40.249576568603516,0
659,6590015,-0.01146263349801302,-0.03894289582967758,-1.0143030881881714,0.47727468609809875,0.8213410973548889,-0.19072768092155457,29.988603591918945,-10.315552711486816,39.33387756347656,0
660,6600247,-0.09135226160287857,-0.04566666856408119,-0.9760923981666565,-0.40180855989456177,0.977812647819519,0.7640257477760315,29.677043914794922,-8.870923042297363,40.09281921386719,0
661,6610022,0.003928507212549448,-0.021998047828674316,-0.9908450245857239,0.03683839365839958,0.4032174050807953,-0.9174449443817139,29.554018020629883,-10.545821189880371,42.582759857177734,0
662,6619940,-0.007958706468343735,0.030421296134591103,-0.9909635186195374,-0.38029414415359497,-0.1986192762851715,0.2720196545124054,28.975385665893555,-9.795920372009277,42.19664001464844,0
663,6629980,-0.0404338538646698,-0.0003373796644154936,-0.9898432493209839,0.20571105182170868,0.020751819014549255,-0.1145763248205185,29.773996353149414,-11.148442268371582,39.19514465332031,0
664,6639979,-0.05045328661799431,0.011589284986257553,-0.982326865196228,0.6898252964019775,-0.7306047081947327,-0.37668511271476746,30.924009323120117,-10.986912727355957,42.079429626464844,0
665,6650256,0.0025691832415759563,-0.02815626747906208,-1.0179789066314697,0.05688212811946869,0.37949514389038086,0.07177078723907471,29.333263397216797,-11.178823471069336,41.45799255371094,0
666,6659987,-0.02342311292886734,-0.04848220571875572,-0.9804712533950806,0.6220672726631165,-0.3028828203678131,-0.0027285157702863216,29.84083366394043,-11.376649856567383,39.94565963745117,0
667,6669853,0.08849853277206421,-0.0051138815470039845,-0.994263231754303,0.16616879403591156,0.9763413071632385,0.4635055363178253,29.495216369628906,-9.581125259399414,38.99012756347656,0
668,6680088,-0.018584731966257095,0.014630801044404507,-0.9926915764808655,-0.21517516672611237,-0.1686423122882843,0.6053208112716675,30.56342315673828,-8.953479766845703,40.67741394042969,0
669,6689911,0.11784523725509644,0.033108338713645935,-1.0085176229476929,-0.36368781328201294,0.8438704609870911,0.11903882026672363,30.88715362548828,-9.887847900390625,38.94820022583008,0
670,6700076,0.04176703095436096,0.06057394668459892,-1.0156633853912354,0.17202314734458923,0.05349316447973251,-0.36311638355255127,30.450849533081055,-10.988870620727539,37.951446533203125,0
671,6709794,-0.10937930643558502,-0.030400773510336876,-0.9590973854064941,-0.5667582750320435,-0.7774122953414917,-0.12421947717666626,30.19933319091797,-11.978432655334473,40.89323043823242,0
672,6719743,0.0012137333396822214,-0.11728695034980774,-0.9654828906059265,0.3119325637817383,0.19932912290096283,-0.04849926754832268,30.85383415222168,-11.553984642028809,39.68476486206055,0
673,6729936,-0.0007852292037568986,0.06911540776491165,-1.0172287225723267,0.2121121734380722,-0.31559303402900696,-0.6083672046661377,30.07314109802246,-9.741410255432129,39.87084197998047,0
674,6739939,0.0007351419189944863,-0.0736139714717865,-1.011616826057434,0.5047479271888733,0.3190179467201233,1.2738577127456665,29.747385025024414,-11.04185676574707,39.727500915527344,0
675,6750245,0.018161747604608536,-0.019579928368330002,-1.01685631275177,1.3465213775634766,-0.2894623279571533,-0.07130105793476105,31.160659790039062,-11.059995651245117,38.1922492980957,0
676,6759898,-0.023759474977850914,-0.015012593008577824,-1.0044037103652954,-0.1283217817544937,-0.6342146396636963,0.5568196773529053,33.62293243408203,-9.032570838928223,41.79288101196289,0
677,6769882,0.007848386652767658,-0.024712922051548958,-0.9781158566474915,-0.09491095691919327,-0.9716358184814453,-0.6432303786277771,31.827695846557617,-8.933006286621094,37.46502685546875,0
678,6779707,0.015846218913793564,-0.051181305199861526,-1.0111979246139526,0.36732175946235657,0.22503024339675903,0.14288468658924103,31.283201217651367,-10.568198204040527,39.288448333740234,0
679,6789910,0.030060596764087677,-0.0377197340130806,-0.9731783866882324,0.40431466698646545,-0.3991183936595917,0.5016111135482788,30.322269439697266,-10.547935485839844,40.29152297973633,0
680,6800370,0.0190400630235672,-0.041169438511133194,-1.0102627277374268,-0.6279698014259338,-0.5942859649658203,0.2790928781032562,29.525434494018555,-9.811863899230957,39.72871017456055,0
681,6810010,0.07401489466428757,-0.013085025362670422,-0.9869675040245056,-0.5788682699203491,-0.35315144062042236,0.0028945780359208584,29.638442993164062,-9.319596290588379,40.163238525390625,0
682,6820084,0.051923979073762894,0.014595563523471355,-1.0097724199295044,0.5116105079650879,-0.21165905892848969,-0.45614245533943176,30.192428588867188,-10.023808479309082,40.97024917602539,0
683,6830051,0.07181548327207565,-0.01838536374270916,-0.9976719617843628,-0.551529586315155,-0.28336092829704285,-0.8456421494483948,30.40882682800293,-9.494216918945312,38.13768768310547,0
684,6839841,0.014650468714535236,-0.01638391613960266,-0.9973109364509583,0.08089099079370499,0.19972319900989532,0.14247092604637146,30.69139862060547,-11.182961463928223,41.38088607788086,0
685,6849999,-0.030989738181233406,0.09916536509990692,-0.9938188791275024,0.6403060555458069,0.29820483922958374,0.5459209680557251,30.635953903198242,-8.462845802307129,41.12685775756836,0
686,6860065,-0.016060907393693924,-0.03947508707642555,-0.9852104783058167,0.013293487019836903,-0.2311946451663971,0.24592307209968567,30.538606643676758,-9.879103660583496,39.90149688720703,0
687,6870069,-0.01238186750560999,-0.05997529253363609,-0.9652780294418335,0.11851556599140167,0.45017585158348083,-1.262150764465332,31.574153900146484,-8.524499893188477,39.903648376464844,0
688,6879851,0.011144510470330715,-0.032317522913217545,-0.957486629486084,0.6629584431648254,1.03321373462677,-0.6031759977340698,29.83124542236328,-12.10122013092041,38.81511688232422,0
689,6889982,-0.02912416122853756,0.04370511323213577,-0.9857149124145508,-0.32258760929107666,0.2120332568883896,-0.804736316204071,30.025184631347656,-9.57444953918457,38.18466567993164,0
690,6899924,-0.01600440964102745,0.003865200327709317,-1.011747121810913,-0.060679253190755844,0.21094265580177307,-0.06523559242486954,29.013530731201172,-7.431166172027588,39.5406608581543,0
691,6910062,-0.04120592772960663,-0.06637142598628998,-1.0237427949905396,-0.3164101243019104,0.006982225459069014,-0.4554944932460785,30.030269622802734,-8.411102294921875,39.44478988647461,0
692,6919555,-0.025206228718161583,-0.03072238713502884,-0.9987192749977112,-0.8334646224975586,-0.7424964308738708,0.43942612409591675,28.30734634399414,-7.549214839935303,40.742881774902344,0
693,6929832,0.002779680769890547,0.01847834885120392,-0.9969272017478943,-0.582334041595459,-0.8905513286590576,-0.03619688004255295,29.781848907470703,-8.66952133178711,39.40605545043945,0
694,6939827,-0.03812131658196449,0.019488921388983727,-1.0122783184051514,0.3436761200428009,-0.5078903436660767,0.35630539059638977,29.643930435180664,-9.707172393798828,40.161407470703125,0
695,6949821,0.014154216274619102,-0.034755006432533264,-1.0056989192962646,-0.6169382929801941,0.37249845266342163,-0.32637810707092285,28.98914909362793,-10.064495086669922,40.05530548095703,0
696,6959832,0.03816578909754753,-0.06551504880189896,-1.0247728824615479,0.46835437417030334,-0.6123588681221008,-0.10148006677627563,28.425334930419922,-9.29305648803711,40.74633026123047,0
697,6970007,0.06060226634144783,0.0991775393486023,-1.0581060647964478,-0.47754064202308655,0.14142069220542908,-0.4560838043689728,32.83451843261719,-11.041516304016113,40.167259216308594,0
698,6979724,0.02619251422584057,0.005826966371387243,-0.9992093443870544,0.6708499789237976,-0.04519115388393402,0.10696319490671158,29.9389705657959,-11.068521499633789,38.90959930419922,0
699,6990091,-0.04700177162885666,-0.050862185657024384,-0.9798058271408081,-0.7123700976371765,-0.8060184717178345,0.1760035902261734,27.455589294433594,-10.28663444519043,40.20361328125,0
700,7000149,0.04484710469841957,0.041568830609321594,-0.9989727139472961,0.774813175201416,-0.6432628035545349,0.046351026743650436,30.323265075683594,-9.048900604248047,39.56867980957031,0
701,7010079,-0.038507264107465744,0.013445232063531876,-1.0202674865722656,-0.4114486277103424,-0.48122647404670715,0.37641826272010803,30.476560592651367,-9.726712226867676,41.229488372802734,0
702,7019908,-0.06857533752918243,0.039898209273815155,-0.9938463568687439,-0.5114914178848267,-0.7971784472465515,0.05464968830347061,30.85216522216797,-11.993764877319336,41.11631393432617,0
703,7030114,0.0026693057734519243,0.014554239809513092,-0.9622863531112671,0.7270402908325195,0.8316568732261658,-0.1900077760219574,29.430076599121094,-10.18010425567627,40.31755447387695,0
704,7040077,-0.021714502945542336,-0.024686381220817566,-1.014062523841858,-0.7425820827484131,0.3347243070602417,-0.14213986694812775,31.936552047729492,-10.071890830993652,39.23268127441406,0
705,7049955,-0.01622920110821724,0.009885023348033428,-1.0050708055496216,-0.18927623331546783,-0.4535919725894928,-0.1459282785654068,30.067800521850586,-8.345884323120117,40.67083740234375,0
706,7059713,-0.06831920146942139,0.03963219374418259,-0.9908166527748108,0.2092733532190323,0.3187287747859955,0.1748627871274948,31.037199020385742,-8.539549827575684,41.702796936035156,0
707,7070173,-0.03099999576807022,0.047173380851745605,-0.9663527011871338,0.28299209475517273,-0.3111121654510498,-0.3291129767894745,29.11820411682129,-9.678297996520996,40.256622314453125,0
708,7079873,-0.1185489371418953,-0.016407925635576248,-0.9649146795272827,-0.06378042697906494,-0.19489814341068268,-0.9677071571350098,29.571447372436523,-10.524805068969727,40.0297737121582,0
709,7090001,-0.007845964282751083,-0.025440257042646408,-0.9989575147628784,-0.3192512094974518,-0.35121485590934753,1.1082264184951782,28.231237411499023,-10.835548400878906,39.870384216308594,0
710,7100126,0.017451545223593712,-0.08608149737119675,-0.9792845845222473,-0.4802605211734772,0.16146479547023773,0.3794268071651459,30.519750595092773,-9.144217491149902,39.86634063720703,0
711,7109677,0.02576158568263054,-0.00402112165465951,-0.9679679870605469,0.08282624185085297,-0.11305553466081619,0.32308340072631836,31.594446182250977,-9.662425994873047,41.800907135009766,0
712,7120046,-0.042575422674417496,0.06218601018190384,-0.9824418425559998,0.7985703945159912,0.24978691339492798,-0.6229532361030579,30.811962127685547,-8.988265037536621,40.20357894897461,0
713,7130263,-0.09924018383026123,0.05597840994596481,-0.9987502694129944,1.2865320444107056,-0.7454845905303955,0.4543716013431549,30.59933853149414,-9.460054397583008,39.049373626708984,0
714,7139938,0.02169857546687126,0.01334191020578146,-1.0046876668930054,-0.16705967485904694,-0.5942513346672058,0.20906038582324982,30.31793785095215,-9.4052734375,38.99419403076172,0
715,7150042,0.07071918994188309,-0.04888906702399254,-1.0060265064239502,-0.1522607058286667,-0.22169189155101776,0.46897420287132263,29.832738876342773,-10.931586265563965,39.73067855834961,0
716,7160163,0.08266888558864594,0.037430137395858765,-0.9876934885978699,-0.258743017911911,0.007593238726258278,0.8781353831291199,29.96332550048828,-8.968466758728027,40.27531433105469,0
717,7170156,-0.11380206048488617,-0.008831961080431938,-1.023667573928833,0.7592667937278748,0.2684277892112732,-0.3702491223812103,30.017345428466797,-9.364583015441895,37.82952880859375,0
718,7180075,0.05128701776266098,0.09119272232055664,-0.9907848834991455,0.885048508644104,0.4738096296787262,-0.6681415438652039,28.787309646606445,-10.727680206298828,38.71746826171875,0
719,7189878,-0.023618105798959732,0.025438880547881126,-1.007362723350525,0.3020455837249756,-0.06429549306631088,-0.16926981508731842,30.193527221679688,-10.361359596252441,39.4002685546875,0
720,7199955,0.0906098335981369,-0.044293954968452454,-0.9679043889045715,0.4469153583049774,0.17961199581623077,-0.3105093538761139,29.965087890625,-8.719236373901367,40.21773910522461,0
721,7209927,-0.0608830526471138,-0.01118062250316143,-0.9821493625640869,-0.7117353081703186,0.5934475064277649,-0.6185534000396729,31.69730567932129,-8.834023475646973,40.16255569458008,0
722,7220027,-0.005627904552966356,-0.03846929222345352,-0.9617713093757629,-0.03699334338307381,0.3575808107852936,0.009409763850271702,29.98922348022461,-10.281161308288574,40.27760314941406,0
723,7229789,0.04500507190823555,-0.11388640105724335,-0.9911130666732788,-0.43683087825775146,0.3854229152202606,0.761387825012207,29.852067947387695,-9.470067024230957,39.05427551269531,0
724,7239845,0.0350428931415081,0.004210860468447208,-1.0079646110534668,0.39504703879356384,-0.07069853693246841,-0.6857232451438904,30.106922149658203,-10.3030366897583,39.676822662353516,0
725,7250071,-0.017331719398498535,-0.03315218165516853,-0.9816103577613831,-0.5132943987846375,0.4869508445262909,-0.5330487489700317,29.967899322509766,-9.483931541442871,40.748016357421875,0
726,7260161,0.08653157204389572,-0.0378323569893837,-0.9918650388717651,0.4324750602245331,-0.2986982464790344,-0.293252170085907,30.996503829956055,-9.593562126159668,42.71571731567383,0
727,7270138,-0.07546031475067139,0.1284593790769577,-0.9778192639350891,-0.34318846464157104,0.27682462334632874,-0.6382298469543457,29.05158233642578,-9.237687110900879,38.79603958129883,0
728,7280129,-0.014017531648278236,0.08010033518075943,-1.0186450481414795,-0.29511740803718567,-0.03124619647860527,0.27159518003463745,31.521526336669922,-10.1504487991333,39.670875549316406,0
729,7289715,-0.014035810716450214,-0.0848366990685463,-1.0048855543136597,0.18131767213344574,0.3374648690223694,0.187117338180542,30.935829162597656,-9.89393138885498,41.156620025634766,0
730,7299851,-0.003434737678617239,-0.07480154931545258,-0.9804840087890625,-0.22168779373168945,0.08734668791294098,0.5956159234046936,29.40840721130371,-10.020330429077148,38.88756561279297,0
731,7310000,-0.03581230714917183,-0.0895143449306488,-1.0017690658569336,0.1346459984779358,0.4523899555206299,0.24045521020889282,28.688034057617188,-11.496685981750488,40.59809875488281,0
732,7320016,0.017637591809034348,0.011704581789672375,-1.0318472385406494,-0.16382354497909546,-0.12202992290258408,0.13424238562583923,29.279937744140625,-9.933699607849121,40.56434631347656,0
733,7330020,0.050912801176309586,0.018772579729557037,-1.0040364265441895,0.6849781274795532,0.28494948148727417,0.35289669036865234,30.97054100036621,-9.482972145080566,40.451663970947266,0
734,7339943,0.017348328605294228,-0.009880900382995605,-0.9775991439819336,0.13717785477638245,0.5140127539634705,-0.59156733751297,30.615224838256836,-9.848318099975586,40.56306457519531,0
735,7350013,-0.052243877202272415,-0.019840164110064507,-0.9877076148986816,-0.3737599551677704,0.3722628951072693,0.21540895104408264,29.948286056518555,-9.437551498413086,40.45295715332031,0
736,7360166,-0.06721571832895279,0.0053762588649988174,-1.0013781785964966,0.17129969596862793,-0.3353821039199829,-0.44165903329849243,28.229516983032227,-11.2608642578125,40.43330383300781,0
737,7369849,0.02373909205198288,0.08623151481151581,-0.9788380265235901,-0.09962856769561768,-0.3236122727394104,0.004700939636677504,28.790802001953125,-9.161847114562988,40.257808685302734,0
738,7379950,-0.041528165340423584,0.10557672381401062,-0.9837702512741089,-0.2922152280807495,-0.29874467849731445,-0.01556624285876751,29.976953506469727,-9.902242660522461,38.98896026611328,0
739,7389933,0.04729128256440163,0.0057294052094221115,-1.0119855403900146,-0.21153691411018372,-0.6666272282600403,0.8049795627593994,30.81660270690918,-8.742101669311523,38.49314498901367,0
740,7400063,-0.02233561873435974,0.08556623011827469,-1.0001493692398071,0.6300886869430542,-0.2040521502494812,-0.49671080708503723,29.318798065185547,-11.049616813659668,41.58302688598633,0
741,7410287,0.054468464106321335,0.07435985654592514,-0.9545450806617737,-1.506668210029602,-0.10185693949460983,-0.300371378660202,29.75522804260254,-10.263161659240723,39.89599609375,0
742,7420105,0.0015038159908726811,-0.011617512442171574,-1.008404016494751,0.22312922775745392,-0.09490519016981125,0.20233790576457977,31.01683807373047,-10.989933967590332,39.84668731689453,0
743,7429852,-0.011957497335970402,-0.05077671259641647,-1.0066667795181274,-1.0759108066558838,0.24159128963947296,1.3063408136367798,31.330968856811523,-10.488401412963867,38.83628845214844,0
744,7439895,-0.010874306783080101,-0.012158617377281189,-0.9798049330711365,0.2559456527233124,0.5565818548202515,-0.8360615372657776,27.903364181518555,-9.062633514404297,41.66081619262695,0
745,7450009,0.0730941891670227,0.05024683102965355,-1.0047051906585693,-0.2019832730293274,0.5697551369667053,-0.03344549611210823,30.434036254882812,-11.649712562561035,39.546165466308594,0
746,7460201,0.05486581474542618,0.009295770898461342,-0.9977258443832397,0.6026964783668518,-0.5687546730041504,-0.10951481014490128,29.909406661987305,-9.77710247039795,40.05923843383789,0
747,7469963,-0.06312498450279236,-0.006553162820637226,-1.0342828035354614,-0.2650885581970215,-1.1579394340515137,0.10911490768194199,30.909435272216797,-8.699606895446777,39.93635177612305,0
748,7479815,0.0017508149612694979,0.03186054900288582,-1.0446457862854004,-0.44243890047073364,0.13230516016483307,0.4473530054092407,28.946765899658203,-10.547913551330566,41.12569808959961,0
749,7489973,0.04335569590330124,0.09197212010622025,-0.9962037205696106,-1.5508668422698975,-0.7068969011306763,-0.2193194329738617,30.218294143676758,-10.245058059692383,40.105079650878906,0
750,7499926,-0.013915621675550938,-0.055218156427145004,-1.0553711652755737,-0.31806036829948425,0.09411033242940903,0.52766352891922,30.353872299194336,-8.08533763885498,40.7171516418457,0
751,7510049,-0.03335891291499138,0.014325469732284546,-1.000138282775879,-0.3684069812297821,-0.6412318348884583,0.07551903277635574,29.904258728027344,-10.172276496887207,40.64055633544922,0
752,7519802,0.06706436723470688,0.0606280155479908,-1.0410444736480713,-0.017175283282995224,-0.8613018989562988,-0.09204592555761337,30.00054359436035,-11.018062591552734,40.568885803222656,0
753,7530128,0.06729666888713837,0.1455354243516922,-0.9815417528152466,0.10528367757797241,-0.021905887871980667,-1.0160635709762573,28.263288497924805,-10.448461532592773,41.748374938964844,0
754,7540072,-0.015584336593747139,-0.021157603710889816,-0.9774504899978638,-0.03419385105371475,0.7874034643173218,0.47131773829460144,30.125885009765625,-9.400609016418457,38.61928939819336,0
755,7549997,0.04376840218901634,0.06680811941623688,-1.0182925462722778,-0.47553136944770813,-0.7536137700080872,0.45214998722076416,30.291980743408203,-10.77995491027832,39.01270294189453,0
756,7560185,-0.004548674449324608,-0.028260935097932816,-1.0481727123260498,-0.10629816353321075,-0.0321565642952919,0.3380908668041229,30.38399314880371,-10.348130226135254,39.49205780029297,0
757,7569957,-0.09173707664012909,-0.049051862210035324,-1.009703278541565,0.3399721086025238,0.027442920953035355,-1.0792845487594604,30.133583068847656,-9.657971382141113,40.73578643798828,0
758,7580057,0.015480952337384224,-0.04765227437019348,-1.0051648616790771,0.5570734143257141,0.02238827385008335,0.8563251495361328,29.15365219116211,-9.37067699432373,40.81803512573242,0
759,7589971,0.03593898564577103,0.020170139148831367,-0.997702956199646,0.4865555763244629,-0.15243928134441376,0.3174184262752533,29.18050193786621,-10.476537704467773,38.66382598876953,0
760,7599898,-0.04985707253217697,0.14407160878181458,-1.0253745317459106,0.07288878411054611,0.6359208822250366,-0.26471683382987976,32.02828598022461,-10.035210609436035,41.11414337158203,0
761,7609769,0.0016319897258654237,-0.006731219124048948,-1.01018226146698,0.009519406594336033,-0.07871673256158829,-0.08828147500753403,28.800832748413086,-11.469808578491211,38.598731994628906,0
762,7619852,0.0021225297823548317,-0.10501093417406082,-0.9688128232955933,0.5743553042411804,-0.3107401132583618,-0.6300230622291565,30.86434555053711,-9.42354965209961,39.713722229003906,0
763,7630165,-0.03545666113495827,-0.015012547373771667,-1.0201903581619263,-0.6024414300918579,-0.8942678570747375,0.25468453764915466,29.69171905517578,-9.734607696533203,40.73204803466797,0
764,7639926,-0.05012419447302818,0.00186284224037081,-0.99509596824646,1.0521925687789917,-0.35748291015625,-0.3653329014778137,30.478498458862305,-10.106780052185059,39.50218963623047,0
765,7649937,-0.023084646090865135,0.007379302754998207,-0.9797102212905884,-0.3664570152759552,0.04027823358774185,-0.07964609563350677,29.523822784423828,-10.311173439025879,40.00531768798828,0
766,7660153,0.024817446246743202,0.0697818174958229,-0.9540441036224365,-0.13480208814144135,0.2800960838794708,0.9784715175628662,28.87102699279785,-8.77000617980957,40.23625183105469,0
767,7669912,0.03765444457530975,0.03050502948462963,-0.9951416850090027,0.580873966217041,0.6079651713371277,0.29215380549430847,29.439428329467773,-10.696114540100098,41.21697235107422,0
768,7679924,0.015262280590832233,0.04485137015581131,-1.0092371702194214,0.09051372855901718,-0.68321692943573,-0.16924770176410675,29.654985427856445,-10.56370735168457,39.47441101074219,0
769,7689872,0.041976526379585266,-0.026238812133669853,-1.0214289426803589,0.3918289244174957,-0.2029171586036682,0.3305320143699646,29.593748092651367,-8.954095840454102,39.761016845703125,0
770,7700020,0.033006131649017334,0.002543764654546976,-0.9984697103500366,0.5156627297401428,-0.32410454750061035,0.727078914642334,30.585906982421875,-8.635697364807129,39.66596221923828,0
771,7709824,0.012772618792951107,0.02012365497648716,-0.9753659963607788,-0.058766718953847885,0.28692367672920227,-0.8070988059043884,29.910236358642578,-11.240825653076172,40.88471984863281,0
772,7720001,0.012324838899075985,-0.04080544784665108,-0.9690874814987183,0.5220075249671936,0.32715243101119995,0.7784832715988159,30.63140106201172,-10.135634422302246,40.016639709472656,0
773,7729963,-0.04572827368974686,0.05412779748439789,-0.9963408708572388,-0.4569191634654999,0.8526908159255981,-0.3728578984737396,30.995298385620117,-10.143796920776367,40.06439971923828,0
774,7740159,0.01404411718249321,0.015471584163606167,-1.00542151927948,0.2295963615179062,0.94320148229599,-0.4615094065666199,28.40483283996582,-10.605327606201172,40.5849609375,0
775,7749971,-0.018334167078137398,-0.026467543095350266,-1.0011143684387207,-0.03547019138932228,0.05690210685133934,0.42190560698509216,28.783384323120117,-9.343554496765137,40.29505920410156,0
776,7759943,-0.06102542579174042,-0.07762645184993744,-0.9881811141967773,-0.032806091010570526,0.29079312086105347,0.3669956922531128,29.623096466064453,-10.26172161102295,40.435733795166016,0
777,7769806,0.03670526295900345,-0.01759127527475357,-1.0032322406768799,-0.7533295154571533,0.6452873349189758,-0.7702227830886841,31.035900115966797,-10.047613143920898,40.83324432373047,0
778,7779965,-0.08807525038719177,0.010540375486016273,-1.0055346488952637,-0.1638365089893341,0.7713154554367065,0.26215189695358276,30.376401901245117,-9.135072708129883,40.41367721557617,0
779,7790015,-0.1001361608505249,0.04221741482615471,-0.9779105186462402,0.24513235688209534,0.16244277358055115,-0.8223869800567627,29.23756217956543,-9.56972885131836,39.75377655029297,0
780,7799883,0.017773792147636414,-0.024398909881711006,-0.9876827597618103,0.23150429129600525,0.2666988670825958,-0.6122186779975891,30.39861297607422,-8.579829216003418,40.507911682128906,0
781,7809942,-0.07295499742031097,0.037242207676172256,-0.9933658838272095,0.49152857065200806,0.7286130785942078,-1.080046534538269,28.871417999267578,-10.914432525634766,40.9364128112793,0
782,7819869,-0.008509405888617039,-0.02707228995859623,-1.0393741130828857,-0.03964567184448242,-0.18890956044197083,-0.02832186222076416,31.765037536621094,-9.451857566833496,39.75224685668945,0
783,7829932,0.008454821072518826,0.014004023745656013,-1.0143623352050781,0.2513776123523712,0.5654554963111877,-0.4269333481788635,30.405664443969727,-10.867151260375977,40.01100158691406,0
784,7839928,0.025179637596011162,0.10132911056280136,-1.0429332256317139,-0.4784391522407532,0.22219158709049225,0.3145197927951813,29.90987777709961,-9.670026779174805,37.661376953125,0
785,7849991,-0.0023573068901896477,-0.07659216970205307,-0.9812133312225342,-0.21388815343379974,-0.11322289705276489,-0.6846617460250854,29.93985366821289,-10.660801887512207,40.917911529541016,0
786,7859988,-0.005846373271197081,0.031732864677906036,-1.001774549484253,0.46601468324661255,-0.2623661756515503,0.5128675103187561,29.88105583190918,-10.66192626953125,40.95671463012695,0
787,7870107,-0.012815987691283226,-0.008147385902702808,-1.0177597999572754,0.9431482553482056,0.3127312958240509,-0.43063005805015564,29.344650268554688,-9.22641372680664,39.038551330566406,0
788,7879914,-0.040598124265670776,0.028469474986195564,-1.026566982269287,-0.18879616260528564,1.316948652267456,-0.07432473450899124,28.554357528686523,-10.408867835998535,39.885189056396484,0
789,7889881,0.04118947312235832,-0.03584297001361847,-1.0008158683776855,0.27645811438560486,0.38950997591018677,0.4572741389274597,30.18669319152832,-9.209100723266602,40.65058898925781,0
790,7900006,-0.021975815296173096,0.051881734281778336,-0.9717052578926086,0.4010407626628876,-0.5857570171356201,0.2912094295024872,28.939329147338867,-9.020607948303223,39.42751693725586,0
791,7910005,0.032330263406038284,-0.0009237919002771378,-0.987177312374115,-0.1534065306186676,-0.2488890439271927,0.8190479874610901,31.23782730102539,-11.326260566711426,41.076515197753906,0
792,7919934,0.03856835141777992,-0.03399229422211647,-1.0057833194732666,-1.0045679807662964,0.04185514897108078,-0.08252882212400436,29.3621768951416,-10.16562557220459,39.34149169921875,0
793,7929927,0.012578194960951805,-0.03573546186089516,-0.9742723107337952,0.33179324865341187,0.34079164266586304,0.18221765756607056,29.65153694152832,-9.103435516357422,38.9498405456543,0
794,7940029,-0.0395616739988327,0.008335491642355919,-0.9595226049423218,0.6497992277145386,0.016141340136528015,-0.5927950739860535,28.902069091796875,-8.739462852478027,40.617034912109375,0
795,7949829,0.04874898120760918,-0.041678283363580704,-1.0212790966033936,-0.4604897201061249,-0.30623960494995117,-0.027760451659560204,30.936176300048828,-10.630032539367676,40.62902069091797,0
796,7959805,-0.06387722492218018,0.01940104365348816,-1.0275976657867432,-0.04334698244929314,0.290475994348526,0.6634368300437927,30.572784423828125,-9.7050142288208,39.58123779296875,0
797,7969954,-0.037810277193784714,-0.026807747781276703,-1.044533133506775,-0.9436507225036621,0.2280290275812149,-0.6032600402832031,30.018123626708984,-10.429661750793457,40.14833068847656,0
798,7979989,0.03121453896164894,0.09922906756401062,-0.9911567568778992,0.0928635373711586,0.5350205898284912,0.6605942249298096,30.45974349975586,-11.011161804199219,39.15444564819336,0
799,7990075,-0.009293926879763603,0.08106415718793869,-1.0097458362579346,-0.6026920080184937,-0.07344310730695724,0.25613388419151306,30.827363967895508,-8.876157760620117,39.77714920043945,0
800,8000153,-0.030737539753317833,-0.10057708621025085,-1.0002491474151611,0.796437680721283,0.29292669892311096,0.3613303601741791,29.553377151489258,-10.72758960723877,40.70441818237305,0
801,8009834,0.0053757294081151485,-0.016014577820897102,-1.015220046043396,-0.5726487040519714,1.0510873794555664,0.24913370609283447,28.725072860717773,-12.454185485839844,38.85695266723633,0
802,8019966,-0.05759728327393532,0.012950233183801174,-0.9990568161010742,0.23227693140506744,0.1279744654893875,-0.6785560250282288,29.872800827026367,-8.938173294067383,37.10641098022461,0
803,8030022,-0.027053162455558777,-0.07385692745447159,-0.9731464982032776,0.7331591844558716,-0.4393921494483948,0.7861130833625793,29.796228408813477,-9.975423812866211,39.030094146728516,0
804,8039943,0.07065869867801666,-0.05428123101592064,-0.9973454475402832,-0.0015671461587771773,-1.1216083765029907,-0.05249243602156639,29.91880226135254,-10.345467567443848,38.462711334228516,0
805,8050089,-0.06927506625652313,0.05565308406949043,-1.0207256078720093,0.6694508194923401,-0.02548781782388687,0.06226736679673195,28.693605422973633,-10.621025085449219,41.14558410644531,0
806,8059950,-0.04707624390721321,-0.053248561918735504,-0.999183714389801,0.04357802867889404,0.4484732747077942,1.1839561462402344,31.187171936035156,-8.242037773132324,41.65860366821289,0
807,8069980,0.03313691169023514,-0.007923155091702938,-0.9960962533950806,-0.04671740531921387,0.2843465209007263,-0.2629595994949341,30.576234817504883,-9.11959457397461,41.846534729003906,0
808,8079928,0.07992474734783173,0.0021064027678221464,-0.9913811683654785,-0.33693066239356995,-0.2390497326850891,1.1139566898345947,32.73247528076172,-9.641879081726074,39.17859649658203,0
809,8090129,-0.01239482220262289,0.013438016176223755,-0.9920265078544617,-0.25317665934562683,1.2668613195419312,-1.0932830572128296,30.289281845092773,-8.322155952453613,40.47969055175781,0
810,8099758,0.004279382526874542,0.09026562422513962,-1.0183777809143066,-0.3497941195964813,0.02213512733578682,0.2049759179353714,30.905885696411133,-10.228010177612305,40.17094039916992,0
811,8109930,0.006050505675375462,-0.05658057704567909,-1.0142472982406616,-0.3389805257320404,0.19749994575977325,0.019902842119336128,29.313159942626953,-10.887391090393066,40.15702438354492,0
812,8119960,-0.029898330569267273,-0.016560468822717667,-0.9944242835044861,0.4930388927459717,0.6917416453361511,0.20811493694782257,30.015018463134766,-9.089661598205566,40.67606735229492,0
813,8130134,0.0252094529569149,-0.08200227469205856,-1.0118354558944702,0.01250626053661108,0.1697777360677719,0.1653173863887787,31.079553604125977,-10.419608116149902,40.47432327270508,0
814,8140294,0.029393812641501427,0.02833593636751175,-0.9730040431022644,-0.009045424871146679,0.2412882298231125,0.46909990906715393,29.196401596069336,-9.727556228637695,41.050537109375,0
815,8150199,0.04471944272518158,0.06073666736483574,-0.9758445620536804,0.5656131505966187,0.6030257940292358,-0.4438486695289612,28.87653923034668,-10.864104270935059,39.4519157409668,0
816,8160039,0.06196772679686546,0.037477318197488785,-1.0091105699539185,0.37277695536613464,0.1541595757007599,0.3222373127937317,31.876056671142578,-9.717808723449707,41.009918212890625,0
817,8169750,-0.037349484860897064,0.07596735656261444,-0.986541211605072,0.5565177798271179,0.05727217718958855,0.2643280625343323,29.675079345703125,-9.741476058959961,39.72404098510742,0
818,8180043,-0.11891347169876099,-0.013767844066023827,-0.9711356163024902,-0.24942804872989655,0.2725997865200043,0.36343467235565186,29.428346633911133,-8.728442192077637,38.45005416870117,0
819,8189979,0.01231336873024702,0.0528135783970356,-1.031925916671753,-0.2910555601119995,0.6133050322532654,-0.6033104658126831,29.978500366210938,-9.554949760437012,39.432926177978516,0
820,8199975,-0.03432758152484894,0.0702914297580719,-1.0165690183639526,-0.15569360554218292,-0.43164825439453125,-0.24375765025615692,29.17093849182129,-10.523970603942871,38.81812286376953,0
821,8209783,0.024569686502218246,-0.0029320402536541224,-0.9679800271987915,0.23933269083499908,-0.12167491018772125,0.21796217560768127,31.552757263183594,-10.530381202697754,39.894371032714844,0
822,8219978,0.03828676789999008,0.010650279931724072,-1.0386635065078735,-0.5456598401069641,0.36666738986968994,0.42538103461265564,29.706382751464844,-8.12582015991211,41.055755615234375,0
823,8230097,-0.059485312551259995,-0.004487939644604921,-0.9660555720329285,0.8282228708267212,0.10009792447090149,-1.2002373933792114,30.94755744934082,-10.516843795776367,41.60841369628906,0
824,8239926,0.022458024322986603,-0.10430151224136353,-0.9976639747619629,-0.2654816806316376,0.6645035743713379,-0.057972896844148636,29.302410125732422,-10.14055347442627,40.277862548828125,0
825,8249937,-0.01284092292189598,-0.00845429114997387,-1.0017341375350952,-0.5689924955368042,-1.3505607843399048,0.4386475384235382,28.887792587280273,-10.455768585205078,41.60917282104492,0
826,8260180,-0.046081334352493286,0.04839783161878586,-0.9997314214706421,-0.9194377660751343,0.2678355574607849,0.2824329435825348,30.57366943359375,-10.882495880126953,40.28522872924805,0
827,8269988,0.048971567302942276,-0.03470667451620102,-1.0148857831954956,0.16564500331878662,0.038082003593444824,0.042277611792087555,30.94786834716797,-8.164590835571289,38.56129455566406,0
828,8279655,-0.02220526896417141,0.016822462901473045,-1.028485655784607,1.1925454139709473,-0.22178128361701965,-0.19425812363624573,30.81436538696289,-8.499024391174316,39.58538055419922,0
829,8290178,0.030178701505064964,0.07022415101528168,-0.9756777882575989,0.33824294805526733,0.5262296199798584,0.3408762216567993,29.241703033447266,-10.288392066955566,38.75050735473633,0
830,8300072,-0.06513524055480957,-0.03243411332368851,-1.0009465217590332,0.6550177335739136,-0.1865227371454239,-0.21725168824195862,32.038326263427734,-9.042182922363281,39.95652389526367,0
831,8310135,-0.06285673379898071,0.0028732793871313334,-1.0210680961608887,-0.07361504435539246,-0.23763027787208557,-0.07077159732580185,28.991851806640625,-11.088065147399902,39.33790588378906,0
832,8320294,0.05539236590266228,0.01983250118792057,-1.0303645133972168,-0.5027213096618652,0.0016485798405483365,-0.3674175441265106,30.085254669189453,-10.466090202331543,40.98323440551758,0
833,8330252,-0.030795253813266754,-0.00011471907782834023,-0.9918961524963379,-0.4522886276245117,-0.07813125848770142,0.9034934639930725,29.26872444152832,-9.255785942077637,40.02229690551758,0
834,8340170,0.018020646646618843,0.04204665124416351,-1.0146501064300537,-0.6708102822303772,-0.6209275126457214,-0.7274348139762878,30.027210235595703,-10.909053802490234,40.248504638671875,0
835,8350099,0.05128857120871544,0.06463190913200378,-0.9961265325546265,0.07315139472484589,0.35903990268707275,-0.11534906923770905,31.03205680847168,-10.349824905395508,40.08967208862305,0
836,8360049,0.009678708389401436,-0.00777885178104043,-0.9896466732025146,0.3440317213535309,-0.10287636518478394,0.5325174331665039,27.293319702148438,-8.583539009094238,41.26458740234375,0
837,8370104,-0.007787072565406561,-0.12528575956821442,-0.9441468715667725,0.5229907035827637,0.3260476291179657,1.0880542993545532,29.704069137573242,-9.873427391052246,40.0491828918457,0
838,8379900,0.022149397060275078,0.005344981327652931,-1.0104174613952637,-0.3397338092327118,0.19287818670272827,0.5183818936347961,30.094282150268555,-9.38651180267334,41.377349853515625,0
839,8390052,0.04215950891375542,9.41247126320377e-05,-1.0200339555740356,0.04349184036254883,0.05923442170023918,0.03597715124487877,31.676984786987305,-12.233176231384277,41.20427703857422,0
840,8400200,-0.062212906777858734,-0.0025680523831397295,-0.9568973183631897,0.2914482057094574,-0.0388476736843586,0.23989322781562805,27.556093215942383,-10.280344009399414,39.30919647216797,0
841,8410001,0.01425949577242136,0.029178407043218613,-1.0065480470657349,0.4350821077823639,0.6909635663032532,0.018766649067401886,27.540145874023438,-10.625203132629395,40.512107849121094,0
842,8420157,-0.04925718158483505,-0.06344756484031677,-1.0220375061035156,0.10463263094425201,0.020618846639990807,0.13950125873088837,30.462007522583008,-11.854933738708496,39.92707824707031,0
843,8429856,-0.011746780015528202,-0.021462399512529373,-0.9849770069122314,0.03255324438214302,-0.13222266733646393,-0.19933059811592102,29.547924041748047,-7.19275426864624,39.0240478515625,0
844,8439689,-0.018775388598442078,0.10225474089384079,-1.0017180442810059,-0.0923672765493393,0.09138625115156174,-0.11469937860965729,29.410146713256836,-9.281310081481934,41.32490158081055,0
845,8449764,0.02919694222509861,-0.04285561665892601,-0.9512583017349243,-0.0624217614531517,0.6950210332870483,0.3216525912284851,29.28397560119629,-11.829751968383789,39.02658462524414,0
846,8460176,0.014787754975259304,-0.07206737250089645,-1.0398427248001099,-0.09153152257204056,0.14545182883739471,-0.2502891719341278,29.507328033447266,-10.56274127960205,38.89177322387695,0
847,8469768,-0.017893265932798386,-0.014662360772490501,-1.0144459009170532,0.2075401246547699,0.07736147195100784,-0.5696133375167847,29.700668334960938,-10.021190643310547,41.22435760498047,0
848,8480181,-0.03323329985141754,-0.038588665425777435,-1.0083945989608765,-0.41380083560943604,-0.13757063448429108,0.31197139620780945,31.309892654418945,-9.976319313049316,39.6436653137207,0
849,8489922,0.004216936882585287,-0.06386656314134598,-1.03196120262146,-0.5490914583206177,0.36341097950935364,-0.6641958355903625,30.005861282348633,-11.584537506103516,40.342674255371094,0
850,8499995,-0.040178876370191574,-0.07344860583543777,-0.9997040033340454,0.019563622772693634,-0.49416404962539673,-0.8042558431625366,31.03801918029785,-9.038914680480957,38.757484436035156,0
851,8510354,-0.04210635647177696,-0.010402413085103035,-0.968183159828186,0.38718271255493164,-0.20699582993984222,-0.08065548539161682,30.426837921142578,-7.5586161613464355,37.932090759277344,0
852,8519935,0.02002694644033909,-0.07961922138929367,-1.0086333751678467,-0.4574589133262634,0.07951634377241135,-0.3776579797267914,30.290361404418945,-10.919620513916016,40.28885269165039,0
853,8530142,-0.03161046281456947,-0.03095485083758831,-0.9844119548797607,0.43411558866500854,-0.34057706594467163,-0.4629444479942322,31.114004135131836,-9.413676261901855,40.18953323364258,0
854,8540272,-0.036289770156145096,-0.03165823221206665,-0.9798443913459778,-0.24934661388397217,0.5662103295326233,-0.22547104954719543,28.295385360717773,-10.836199760437012,40.7651481628418,0
855,8550257,0.078360915184021,0.03887036815285683,-1.0204880237579346,0.02730110101401806,0.548420250415802,-0.041513215750455856,29.536632537841797,-10.292158126831055,38.672603607177734,0
856,8559885,0.07806771248579025,0.11985571682453156,-0.9791663289070129,0.32171711325645447,0.4721890389919281,-0.21381765604019165,28.335063934326172,-11.161611557006836,39.2154426574707,0
857,8570118,0.007021438330411911,0.08577962964773178,-1.003652572631836,-0.9715792536735535,-0.5433835387229919,-0.29169929027557373,29.70442771911621,-11.603528022766113,40.129337310791016,0
858,8580006,-0.023932937532663345,0.035395801067352295,-1.0224153995513916,0.6585243940353394,0.6958029270172119,0.26066720485687256,30.674766540527344,-9.965808868408203,40.15830612182617,0
859,8589683,-0.0008329757838509977,0.06172667443752289,-0.9858034253120422,0.057678256183862686,-0.7044239640235901,-0.7586181163787842,31.692840576171875,-10.292587280273438,40.73130798339844,0
860,8599532,-0.04649832099676132,-0.02898281440138817,-0.9950602650642395,-0.6906918287277222,0.35054704546928406,-0.06007334217429161,30.614215850830078,-11.733477592468262,40.45800018310547,0
861,8609830,-0.057223014533519745,0.022333290427923203,-0.9817959666252136,-0.41412588953971863,0.21637877821922302,0.13230429589748383,30.715044021606445,-10.843025207519531,39.7314338684082,0
862,8619995,0.01195705309510231,0.18370527029037476,-0.9599012732505798,-0.3352704644203186,-0.6209061741828918,-0.34885820746421814,30.93758201599121,-10.783860206604004,39.25541687011719,0
863,8630073,-0.0022145449183881283,-0.012307515367865562,-1.013261079788208,0.5649517774581909,0.17679466307163239,0.11409424245357513,31.434804916381836,-11.368410110473633,38.47537612915039,0
864,8640195,-0.07441308349370956,-0.07035858184099197,-0.9856767654418945,-0.3201286494731903,-0.3210918605327606,-0.3179401159286499,30.868122100830078,-9.894580841064453,39.63479995727539,0
865,8649989,-0.006130869500339031,0.0516233891248703,-1.0191035270690918,0.5599476099014282,-0.13281559944152832,-0.7454903721809387,28.991762161254883,-9.61376953125,41.77458572387695,0
866,8659981,-0.023673858493566513,-0.0017042254330590367,-0.9891924262046814,0.2545856535434723,0.40908363461494446,-0.04821212217211723,30.192337036132812,-11.43709945678711,38.85409927368164,0
867,8669926,0.00875549204647541,-0.018085069954395294,-1.011614203453064,-0.5256542563438416,0.37519025802612305,0.29143190383911133,28.92633628845215,-9.849706649780273,39.24864959716797,0
868,8680249,-0.07585688680410385,-0.0022787011694163084,-1.0049554109573364,0.5035023093223572,-0.17314638197422028,-0.08613885194063187,31.981264114379883,-11.47629165649414,39.13368606567383,0
869,8690000,-0.09756592661142349,0.0292475838214159,-1.0132617950439453,-0.12586961686611176,-0.4070828855037689,0.36553677916526794,31.002281188964844,-9.570283889770508,40.83073043823242,0
870,8700137,0.07553361356258392,-0.0019991081207990646,-1.010883092880249,0.6038405299186707,-0.29854488372802734,0.11951454728841782,29.955413818359375,-9.823956489562988,39.670623779296875,0
871,8710139,-0.001498143537901342,0.022887084633111954,-1.0207358598709106,-0.5072082281112671,-0.46507027745246887,0.19395221769809723,30.373428344726562,-9.867531776428223,39.57706832885742,0
872,8720042,0.02709316648542881,-0.02382829785346985,-1.0106168985366821,0.4135705530643463,0.9316278100013733,-0.4040682911872864,29.98188591003418,-9.569153785705566,39.34009552001953,0
873,8729929,-0.003986656665802002,-0.03505942225456238,-1.044325351715088,0.5598183870315552,-0.06059667840600014,-0.36585119366645813,28.816608428955078,-10.010955810546875,41.3157958984375,0
874,8740123,0.08390112966299057,-0.0651497095823288,-1.0076279640197754,0.5126566290855408,0.73469477891922,-0.4994211196899414,31.006364822387695,-9.330229759216309,41.31576156616211,0
875,8749944,0.017850182950496674,-0.0298121627420187,-1.0109217166900635,-0.3237685561180115,0.5499800443649292,1.1526029109954834,31.68854522705078,-12.096662521362305,41.97062301635742,0
876,8760015,0.015360305085778236,-0.007196485996246338,-0.9682759046554565,-0.10659807175397873,-1.0389586687088013,-0.4357967674732208,29.753829956054688,-9.216508865356445,39.15713119506836,0
877,8770151,0.11958663165569305,-0.011088039726018906,-1.0426251888275146,0.19514954090118408,-0.4500068724155426,-0.30660465359687805,29.88327407836914,-10.1476469039917,40.8145637512207,0
878,8779843,0.011519502848386765,0.024048861116170883,-0.9926220774650574,-0.42197534441947937,0.12480323016643524,-0.33947810530662537,28.155914306640625,-9.805384635925293,39.9942626953125,0
879,8790048,-0.01048371847718954,-0.0433029867708683,-0.9876211285591125,0.28625378012657166,0.35513773560523987,-0.5850017666816711,30.66692352294922,-7.827101230621338,40.45781326293945,0
880,8800026,0.03326566517353058,-0.07039763033390045,-0.9708539247512817,0.32942691445350647,-0.015796439722180367,0.47539231181144714,27.810199737548828,-9.801711082458496,39.8880729675293,0
881,8809682,0.07233011722564697,0.006185544654726982,-0.999107837677002,-0.2760106027126312,-0.09540995955467224,0.1491980403661728,29.45742416381836,-8.831466674804688,39.554744720458984,0
882,8819780,-0.0755024179816246,0.03865872696042061,-0.9917688369750977,-0.09539307653903961,-0.46566206216812134,0.46650636196136475,30.796663284301758,-10.091495513916016,39.31449508666992,0
883,8829856,0.03924085944890976,0.0043096537701785564,-1.0042434930801392,0.17717522382736206,0.1247597336769104,-0.12934532761573792,30.288463592529297,-10.429915428161621,38.433414459228516,0
884,8839774,-0.05979050695896149,-0.05559981241822243,-0.9904988408088684,0.35591578483581543,-0.559023916721344,-0.0351203978061676,30.3501033782959,-9.846068382263184,40.34709930419922,0
885,8850017,-0.0718832015991211,0.1078566461801529,-0.9639045596122742,0.5017310380935669,-0.7307484745979309,-0.6105144619941711,29.326276779174805,-10.414780616760254,40.0135612487793,0
886,8860298,-0.04453910142183304,-0.02655503898859024,-0.98624587059021,0.19118106365203857,-0.2624269723892212,-0.9140921235084534,29.1204776763916,-8.315642356872559,40.5737190246582,0
887,8869892,-0.010556732304394245,-0.036832310259342194,-1.0356440544128418,-0.47596731781959534,0.27589869499206543,-0.7322102785110474,29.313232421875,-9.51340103149414,39.75,0
888,8880078,-0.031376924365758896,0.0679476335644722,-0.951099157333374,-0.3842298984527588,0.15801894664764404,0.5919473767280579,30.197933197021484,-9.832925796508789,39.436492919921875,0
889,8890053,-0.034261781722307205,-0.07945194840431213,-0.9731701612472534,0.06846899539232254,-0.7146089673042297,-0.410038024187088,30.729299545288086,-9.875250816345215,40.0743293762207,0
890,8899894,0.04685594514012337,-0.07165133208036423,-0.9801135063171387,-0.02608536183834076,-0.13449159264564514,-0.5166662931442261,30.40093231201172,-10.075325965881348,39.92732620239258,0
891,8909970,-0.021451903507113457,-0.007010553497821093,-0.9997658133506775,-0.3515702486038208,-0.12447478622198105,-0.27963414788246155,29.87906837463379,-8.244163513183594,39.92256546020508,0
892,8920136,0.010232086293399334,-0.018959857523441315,-1.0035412311553955,0.2849973440170288,0.6777290105819702,0.31510937213897705,29.531551361083984,-8.134329795837402,40.02379608154297,0
893,8929900,-0.037883613258600235,-0.025635600090026855,-1.0125055313110352,-0.1915588527917862,-0.2282290905714035,-0.9473292827606201,30.018659591674805,-9.721116065979004,39.32644271850586,0
894,8939834,0.20757433772087097,0.014304227195680141,-1.006565809249878,0.16603590548038483,-0.3210878074169159,0.5285220742225647,27.182024002075195,-10.987478256225586,40.59217834472656,0
895,8949580,-0.046511635184288025,0.013701340183615685,-1.0074336528778076,0.4475603699684143,0.7238263487815857,-0.45290690660476685,30.30569076538086,-10.281700134277344,39.09814453125,0
896,8960039,0.10393908619880676,0.16630837321281433,-0.9937065839767456,-0.17290395498275757,0.4506511688232422,-0.3584418296813965,29.414878845214844,-10.037026405334473,39.89862060546875,0
897,8969899,0.04744189605116844,0.09116718173027039,-1.0162030458450317,0.07336235791444778,1.0519382953643799,-0.009330620057880878,31.30719757080078,-10.168253898620605,40.525482177734375,0
898,8980053,-0.026157597079873085,-0.05533110350370407,-1.00801682472229,-0.5254288911819458,-0.034752484411001205,-0.14405661821365356,30.392024993896484,-9.574930191040039,39.65275573730469,0
899,8989893,-0.04876869544386864,0.018316365778446198,-0.9788040518760681,-0.03791992738842964,0.09386398643255234,-0.6041948199272156,29.135560989379883,-10.184897422790527,40.4012565612793,0
900,8999960,-0.05896518751978874,-0.07209940254688263,-0.9795651435852051,0.37773242592811584,-0.42261043190956116,-0.5066479444503784,29.019304275512695,-9.088784217834473,40.239559173583984,0
901,9009968,-0.048180654644966125,0.02617066539824009,-0.9800264239311218,-0.21834376454353333,0.6972683668136597,-0.025791820138692856,29.296899795532227,-11.038335800170898,38.97391891479492,0
902,9020320,0.06631837785243988,0.03372955694794655,-0.9895835518836975,-0.43880510330200195,0.7223623991012573,0.664692223072052,28.61266326904297,-10.258410453796387,39.922935485839844,0
903,9029822,2.975163806695491e-05,-0.01377066969871521,-0.9900581240653992,0.20040887594223022,0.20313139259815216,-0.22139236330986023,28.67884635925293,-9.78598403930664,39.94865417480469,0
904,9040052,0.037788745015859604,-0.039337314665317535,-1.0003811120986938,0.1577112078666687,0.17558160424232483,-0.8168059587478638,30.919082641601562,-8.44289493560791,42.335243225097656,0
905,9050040,-0.02464771270751953,-0.05717029049992561,-0.9794464707374573,0.9350818991661072,0.06178957223892212,-0.5150784254074097,29.867198944091797,-9.339569091796875,39.39226150512695,0
906,9060169,0.09329907596111298,0.069551981985569,-0.9801836609840393,-0.13911275565624237,-0.24592463672161102,-0.9103130102157593,30.90869903564453,-9.52663803100586,39.79204177856445,0
907,9070042,0.014817663468420506,0.006260636728256941,-0.9751812219619751,-0.03807744383811951,0.8472108244895935,0.17606528103351593,30.042011260986328,-10.95128059387207,39.94731140136719,0
908,9080360,-0.07413982599973679,-0.10520461946725845,-1.010327935218811,0.19052273035049438,-0.027309952303767204,-0.12329133599996567,28.702987670898438,-10.52481460571289,39.56782150268555,0
909,9089842,0.10530970990657806,0.0007043961086310446,-1.0059889554977417,0.3480169177055359,-0.2049688845872879,-0.2184429168701172,31.419391632080078,-8.911670684814453,38.79037857055664,0
910,9099995,-0.007370705250650644,0.03300829604268074,-1.0102990865707397,-0.5316053032875061,0.24844494462013245,0.3847207725048065,30.503522872924805,-8.96042537689209,39.16947937011719,0
911,9109939,0.011256154626607895,-0.004986714571714401,-1.0098965167999268,0.11782698333263397,0.052824318408966064,-0.31630271673202515,30.167409896850586,-9.942158699035645,39.9843635559082,0
912,9119974,-0.033991262316703796,0.07156795263290405,-0.9850849509239197,-0.6098057627677917,-0.10379266738891602,0.505240261554718,31.246498107910156,-11.638022422790527,38.629241943359375,0
913,9129964,-0.06638085842132568,-0.01734493486583233,-1.0136431455612183,-0.09267708659172058,0.30988892912864685,-0.09436530619859695,30.88518524169922,-10.45704460144043,41.84097671508789,0
914,9140010,0.02455803193151951,0.014112473465502262,-0.9779894351959229,-0.15590038895606995,0.21682876348495483,0.17644357681274414,31.196395874023438,-8.598386764526367,39.148651123046875,0
915,9150247,-0.07539792358875275,0.06642775982618332,-1.0100106000900269,0.2589337229728699,-0.5160590410232544,0.26130613684654236,29.199180603027344,-10.398791313171387,40.68993377685547,0
916,9160006,-0.01951555162668228,-0.05501299723982811,-0.9688867330551147,0.5803532600402832,0.3119437098503113,0.5327557325363159,28.455469131469727,-8.510849952697754,39.92671203613281,0
917,9169959,-0.017007585614919662,-0.06400924921035767,-0.9954023957252502,0.5407925844192505,0.03798773139715195,0.2658315598964691,30.579654693603516,-10.246232032775879,40.007999420166016,0
918,9179882,0.013299621641635895,-0.029529403895139694,-1.0106631517410278,-0.11526603996753693,0.026033693924546242,-0.40743476152420044,30.719818115234375,-11.7755126953125,40.434242248535156,0
919,9189990,-0.06611312925815582,0.02555975317955017,-1.0162889957427979,-0.5516421794891357,-0.6301373243331909,0.791318416595459,30.88117218017578,-9.807089805603027,40.17664337158203,0
920,9199851,0.004343058913946152,0.024192513898015022,-1.0224089622497559,-1.4798895120620728,-0.23591546714305878,-0.7991366386413574,29.46922492980957,-11.04772663116455,40.09938049316406,0
921,9209907,-0.049700308591127396,0.07284711301326752,-0.9819169044494629,0.6326719522476196,0.38689202070236206,0.16836859285831451,29.7382755279541,-10.184015274047852,39.09242248535156,0
922,9219834,-0.040876198559999466,-0.05900935083627701,-1.0028294324874878,0.8619621396064758,-0.4604102075099945,-0.0974174439907074,29.482181549072266,-11.140714645385742,41.2783088684082,0
923,9229977,0.001076449640095234,-0.039819419384002686,-1.0306679010391235,-0.4380201995372772,0.5903598666191101,-0.39592739939689636,28.910701751708984,-11.051163673400879,39.57902145385742,0
924,9240069,-0.04366020858287811,0.07036598771810532,-0.9895018935203552,-0.19108566641807556,0.4226667881011963,1.1141793727874756,29.139352798461914,-9.35377311706543,40.07518768310547,0
925,9249903,0.00846459437161684,-0.022239312529563904,-1.016404390335083,0.08765773475170135,0.6458672881126404,-0.04610230401158333,28.714584350585938,-10.244653701782227,40.50852966308594,0
926,9259991,-0.025854628533124924,-0.08607050031423569,-1.0004395246505737,-0.19513264298439026,-0.2729317545890808,-0.2858869731426239,30.46672248840332,-9.5540771484375,40.73656463623047,0
927,9270063,0.10680485516786575,0.07193703949451447,-0.9943224787712097,0.3588366210460663,-0.6185247898101807,-0.08240249007940292,30.509408950805664,-9.888938903808594,41.67236328125,0
928,9280154,0.07918031513690948,-0.048375654965639114,-0.9955311417579651,-0.3268316686153412,0.9534355998039246,-0.05068948492407799,30.268821716308594,-10.87463665008545,39.59769058227539,0
929,9289906,-0.03710509091615677,-0.06265430152416229,-0.9893322587013245,-0.3225010633468628,0.7904331684112549,-0.17461535334587097,30.994510650634766,-9.041437149047852,42.02416229248047,0
930,9300146,-0.048932626843452454,-0.04108594357967377,-1.0415821075439453,-0.210316464304924,0.7397499084472656,-0.02817295491695404,29.948163986206055,-8.875146865844727,40.129058837890625,0
931,9310002,-0.031625498086214066,-0.0507030263543129,-1.011776089668274,-1.1739495992660522,-0.5000056028366089,-0.6040939092636108,28.840757369995117,-9.740752220153809,41.1740608215332,0
932,9320303,-0.02257426269352436,-0.05395618826150894,-1.0162006616592407,-0.6357240080833435,0.8846175074577332,0.21673336625099182,29.64358139038086,-9.963386535644531,40.390525817871094,0
933,9329954,-0.04490520805120468,0.014574188739061356,-0.9832439422607422,0.72114098072052,-0.46853187680244446,0.27446481585502625,30.482196807861328,-9.491656303405762,39.58708572387695,0
934,9339917,0.08210411667823792,0.047304339706897736,-1.0126041173934937,0.3434126377105713,-0.0011580042773857713,0.15467756986618042,28.987688064575195,-9.610417366027832,39.113563537597656,0
935,9350131,-0.030967330560088158,0.057620659470558167,-1.028066635131836,0.3568512499332428,0.34772950410842896,-0.5192636847496033,28.143306732177734,-10.623651504516602,40.8892822265625,0
936,9359938,0.0026865226682275534,0.014713975600898266,-1.0165318250656128,0.2332601696252823,-0.6355916261672974,-0.4357651174068451,30.501474380493164,-9.249590873718262,42.4339599609375,0
937,9370187,0.029192253947257996,0.03156861290335655,-0.9732367396354675,0.02554949000477791,-0.19515809416770935,0.056189343333244324,28.03925895690918,-9.805431365966797,40.342628479003906,0
938,9379845,0.030827227979898453,-0.05839889496564865,-0.9836235046386719,0.5339490175247192,-0.5347740650177002,-0.5891112685203552,29.917972564697266,-7.99547815322876,40.982818603515625,0
939,9389986,0.025217916816473007,0.08289659023284912,-0.9878486394882202,0.06840849667787552,-0.32883813977241516,-0.022329021245241165,29.146507263183594,-10.339725494384766,41.36543273925781,0
940,9400022,-0.02797672338783741,-0.0049443491734564304,-0.9734678864479065,-0.10687579959630966,-0.7627459764480591,0.24005885422229767,29.235904693603516,-11.046010971069336,40.68199157714844,0
941,9409969,0.008541539311408997,-0.009644945152103901,-1.0065255165100098,-0.4942816495895386,-0.45138609409332275,-0.4502045810222626,29.81389045715332,-11.700912475585938,38.52008056640625,0
942,9420125,-0.00486843241378665,0.014300664886832237,-1.0174328088760376,-1.5570311546325684,0.03329381346702576,-0.17813415825366974,30.454870223999023,-10.766034126281738,38.7623405456543,0
943,9430113,-0.0035065829288214445,0.05654313415288925,-1.0016661882400513,-0.0530269481241703,0.2808695435523987,0.2252918928861618,30.145723342895508,-10.33974552154541,40.87871551513672,0
944,9440226,0.05977046489715576,-0.0991625115275383,-0.9810950756072998,-0.2946527600288391,0.31327012181282043,0.6765578389167786,28.741456985473633,-9.19156551361084,38.3267707824707,0
945,9450092,0.08555428683757782,0.005571993067860603,-1.0010263919830322,0.3841179609298706,0.09384274482727051,-0.037553030997514725,29.61836051940918,-10.643479347229004,38.818092346191406,0
946,9460069,0.07607540488243103,-0.12771755456924438,-1.0267330408096313,0.015022162348031998,1.1122981309890747,0.38312041759490967,32.07172393798828,-10.695045471191406,39.79681396484375,0
947,9469845,-0.058162860572338104,-0.023727811872959137,-1.0016367435455322,-0.3881997764110565,-0.6506925821304321,-0.1936052441596985,29.9083251953125,-7.260671138763428,40.317378997802734,0
948,9479861,0.038383230566978455,-0.050545673817396164,-1.0015114545822144,-0.23902542889118195,-0.16102991998195648,-0.030329294502735138,30.669933319091797,-8.351404190063477,38.36572265625,0
949,9490221,0.023425279185175896,0.03575132042169571,-1.012371301651001,0.17157429456710815,0.1071794331073761,-0.49006322026252747,29.559959411621094,-10.726298332214355,41.71452331542969,0
950,9499949,0.01526445522904396,0.04581524059176445,-0.992509126663208,-0.3517197370529175,-0.27229490876197815,0.049022965133190155,30.114295959472656,-10.859771728515625,40.410003662109375,0
951,9510213,-0.013484956696629524,-0.019659334793686867,-0.9922863245010376,0.047701623290777206,-1.3530282974243164,-0.1819768249988556,30.67799186706543,-10.122881889343262,37.400211334228516,0
952,9520131,0.01592033915221691,0.041546531021595,-0.9972714185714722,0.31883004307746887,0.27296552062034607,-0.026007138192653656,30.122709274291992,-8.226044654846191,41.710845947265625,0
953,9529991,-0.04490964859724045,0.06745512038469315,-1.027910590171814,-0.4075770676136017,-0.37663325667381287,-0.8998219966888428,30.0416316986084,-9.642759323120117,39.38098907470703,0
954,9539846,0.017500991001725197,0.007323786616325378,-1.023660659790039,0.08317337185144424,0.15484954416751862,-0.8526608347892761,30.93627166748047,-9.59310531616211,41.878047943115234,0
955,9549996,0.044968701899051666,0.03699410706758499,-0.9941720962524414,-0.11274902522563934,-1.083595871925354,-0.5978667140007019,28.775375366210938,-10.792705535888672,40.76796340942383,0
956,9559953,-0.03758610412478447,-0.0013168428558856249,-0.9933449029922485,0.18498143553733826,0.17427195608615875,-0.6044401526451111,28.964656829833984,-9.793130874633789,38.863197326660156,0
957,9569889,0.020060095936059952,0.06324420124292374,-0.979206383228302,0.537373423576355,8.383866224903613e-05,0.07929801195859909,29.85330581665039,-8.770310401916504,40.25707244873047,0
958,9579934,-0.043845564126968384,0.054230187088251114,-1.0298233032226562,-0.38159748911857605,0.006023242603987455,-0.035470809787511826,30.051265716552734,-9.98586654663086,39.61732864379883,0
959,9589904,0.020468927919864655,-0.008723277598619461,-1.0347926616668701,-0.3870600163936615,-0.40421169996261597,0.2667047083377838,29.181434631347656,-8.80841064453125,39.16944122314453,0
960,9599959,-0.003890457795932889,-0.058145586401224136,-1.0031133890151978,-0.05031760782003403,0.9933042526245117,0.6076595783233643,31.706172943115234,-10.737030029296875,41.48801040649414,0
961,9609883,-0.09581062197685242,-0.07059791684150696,-1.008534550666809,-0.203812375664711,0.47013068199157715,-1.0040512084960938,30.17054557800293,-10.486047744750977,40.05673599243164,0
962,9619947,-0.02372150681912899,-0.020930681377649307,-1.0040733814239502,-0.4019451141357422,-0.6258736848831177,-0.014230521395802498,29.505722045898438,-8.547804832458496,40.458797454833984,0
963,9629844,-0.04203125834465027,0.038600798696279526,-1.0143495798110962,0.6760938763618469,-0.7835192680358887,-0.16076312959194183,28.317604064941406,-8.721895217895508,40.15222930908203,0
964,9640074,0.05981482192873955,0.08995334804058075,-0.9883179068565369,-0.7089567184448242,0.8402917385101318,-0.24147666990756989,29.239652633666992,-10.645489692687988,39.67762756347656,0
965,9649832,0.06756717711687088,0.0028526857495307922,-0.9834516644477844,1.7218680381774902,0.23855434358119965,0.40668970346450806,31.52152442932129,-9.789801597595215,39.93110275268555,0
966,9660023,-0.0012229649582877755,0.0030770839657634497,-0.968883752822876,-0.16511251032352448,-0.12975038588047028,0.633177638053894,30.11751365661621,-12.154746055603027,38.8397216796875,0
967,9669980,0.018852772191166878,-0.01696067862212658,-0.9940823316574097,0.6248799562454224,0.36787116527557373,-1.3422983884811401,30.795013427734375,-10.482791900634766,39.25825500488281,0
968,9680094,0.008725305087864399,0.03950239717960358,-1.0154218673706055,0.5841439366340637,0.209847092628479,0.4005228579044342,31.237226486206055,-10.806377410888672,41.07316589355469,0
969,9690229,-0.08518604934215546,-0.029260968789458275,-0.9724069237709045,0.045448824763298035,-0.7523255348205566,0.05860043317079544,28.63553237915039,-10.99216079711914,40.56048583984375,0
970,9699968,0.015120149590075016,-0.07201772183179855,-1.0091397762298584,0.33887001872062683,0.21793760359287262,0.7795518040657043,29.680376052856445,-9.551612854003906,39.14910888671875,0
971,9709876,0.07346993684768677,-0.024479765444993973,-0.9821847081184387,0.6936043500900269,0.497604638338089,-0.23668740689754486,30.570350646972656,-9.874945640563965,40.66123580932617,0
972,9720056,-0.013030029833316803,0.03423798084259033,-1.0017361640930176,-0.6031513214111328,0.5842788815498352,-0.1816703826189041,31.28467559814453,-9.747493743896484,40.49235534667969,0
973,9730038,-0.05579289048910141,0.029441673308610916,-1.0085010528564453,-0.5660393834114075,0.4193862974643707,0.220443457365036,29.27139663696289,-10.477230072021484,38.95155334472656,0
974,9740175,0.04007131978869438,-0.03864329308271408,-1.0056781768798828,0.47427135705947876,-0.5079945921897888,0.40414297580718994,30.37067222595215,-9.759814262390137,38.902400970458984,0
975,9750065,-0.023035814985632896,-0.04443926364183426,-1.0474467277526855,-0.04065247252583504,-0.8061859011650085,0.5284420847892761,29.299753189086914,-10.100088119506836,40.94364929199219,0
976,9759756,0.022478356957435608,-0.015883199870586395,-0.9828072786331177,0.048578377813100815,-0.17206229269504547,0.17028221487998962,32.220035552978516,-9.155531883239746,39.186161041259766,0
977,9769987,-0.01339985802769661,-0.07903407514095306,-0.9930776357650757,-0.04358678311109543,-0.3353291451931,0.14050748944282532,28.079191207885742,-8.776503562927246,41.63363265991211,0
978,9780019,-0.05202969163656235,-0.02739771269261837,-1.0327452421188354,-0.473395973443985,1.0691049098968506,-0.0792214646935463,29.107994079589844,-11.5836763381958,38.46065139770508,0
979,9790153,-0.046416427940130234,-0.06791931390762329,-1.0100748538970947,0.2608306109905243,-0.3339155614376068,0.2010914385318756,28.857145309448242,-9.650181770324707,40.64360809326172,0
980,9799895,0.015116195194423199,0.07102653384208679,-1.0125839710235596,-0.13337288796901703,-0.15097802877426147,0.3909485936164856,30.335580825805664,-8.749063491821289,39.70561218261719,0
981,9810417,0.0593351274728775,-0.043809253722429276,-0.9597324132919312,-0.7407991290092468,0.3304661214351654,0.5893384218215942,29.574016571044922,-8.067465782165527,39.89558029174805,0
982,9819824,-0.05549938976764679,-0.022952184081077576,-0.9970122575759888,0.38058003783226013,-0.8600158095359802,-0.32397931814193726,32.4888916015625,-9.803603172302246,39.802730560302734,0
983,9830072,-0.05100658908486366,0.01349211297929287,-1.0243569612503052,-0.33208268880844116,0.24922126531600952,0.08297069370746613,29.71023941040039,-8.917362213134766,40.23614501953125,0
984,9839964,0.03212236240506172,-0.06258995085954666,-1.0123294591903687,1.159954309463501,0.21865907311439514,0.7847295999526978,30.86371612548828,-9.912886619567871,39.93376922607422,0
985,9850087,-0.05357501283288002,-0.05169524997472763,-1.02230703830719,0.6244233846664429,0.6505777835845947,0.20420119166374207,30.587833404541016,-8.323447227478027,40.64856719970703,0
986,9859934,-0.07986561954021454,-0.03330863639712334,-0.9784411787986755,-0.47236907482147217,0.1850099116563797,0.8862807154655457,32.9688720703125,-11.226082801818848,39.52204132080078,0
987,9869795,0.04171481728553772,-0.0051632230170071125,-1.0096580982208252,0.22772420942783356,0.5173274278640747,-0.8595225214958191,27.945327758789062,-10.323955535888672,39.31852340698242,0
988,9879923,0.011350163258612156,0.05448390915989876,-1.0099061727523804,0.010015981271862984,-0.7435778975486755,0.0022146881092339754,30.475038528442383,-8.092098236083984,39.688148498535156,0
989,9890013,-0.010577662847936153,0.0033597825095057487,-1.009257435798645,0.5679150223731995,0.01206841692328453,-1.4278724193572998,31.328556060791016,-11.013632774353027,40.6331787109375,0
990,9900057,-0.07647646218538284,-0.014809831976890564,-1.0293723344802856,0.4231994152069092,-0.15002232789993286,0.259628564119339,28.94780158996582,-7.70436954498291,41.46844482421875,0
991,9910053,0.03985984995961189,0.06600040197372437,-0.9867281913757324,-0.1280856728553772,-0.41294941306114197,-0.8108235001564026,30.58719825744629,-10.544540405273438,38.748573303222656,0
992,9920039,0.022241784259676933,-0.09233857691287994,-0.9711759686470032,0.5573463439941406,0.2824696898460388,-0.043282266706228256,29.247774124145508,-8.759675979614258,39.079078674316406,0
993,9930004,0.021097054705023766,0.05104299634695053,-0.9826252460479736,0.31501537561416626,0.19986535608768463,1.164762258529663,30.527942657470703,-10.750714302062988,39.116615295410156,0
994,9940011,-0.0004132867034059018,0.00968142133206129,-1.0128302574157715,0.968923807144165,-0.3955855071544647,-0.49574679136276245,31.78965950012207,-10.005000114440918,39.574127197265625,0
995,9950109,-0.04538370668888092,-0.014618445187807083,-0.9961647987365723,-0.7782431840896606,0.2894403040409088,-0.5830802917480469,30.262372970581055,-11.569315910339355,41.99565887451172,0
996,9960144,-0.029531827196478844,-0.058289188891649246,-0.9928598999977112,-0.37739673256874084,0.36972522735595703,0.8409433364868164,29.305652618408203,-9.392934799194336,39.8342399597168,0
997,9969871,0.03137859329581261,0.007755937986075878,-1.0124150514602661,-0.70426344871521,0.7783446311950684,0.4220163822174072,29.73745346069336,-9.322497367858887,40.1357307434082,0
998,9980179,-0.012345094233751297,-0.05281046777963638,-0.9869339466094971,-0.41842547059059143,-0.17758022248744965,0.49163174629211426,29.694042205810547,-10.157242774963379,38.40080261230469,0
999,9989906,0.045120157301425934,-0.01021526474505663,-0.9970398545265198,-0.1671140342950821,0.08159980922937393,0.5518115162849426,30.082664489746094,-9.577225685119629,41.06183624267578,0
1000,10000147,-0.08132065832614899,0.027834780514240265,-1.0139973163604736,0.08020134270191193,0.357571542263031,-0.17706507444381714,29.485559463500977,-11.713769912719727,40.46783447265625,0
1001,10010041,0.039119280874729156,0.05830596759915352,-0.9803734421730042,0.3149923086166382,0.31500086188316345,-0.6610538959503174,29.4191837310791,-10.468700408935547,38.79730987548828,0
1002,10020041,-0.06443656235933304,-0.026448743417859077,-0.976277768611908,0.20079770684242249,-0.1333751380443573,0.935239315032959,29.778106689453125,-8.394237518310547,38.88679504394531,0
1003,10030069,0.012802188284695148,0.023993341252207756,-0.9701313376426697,-0.12298233062028885,-0.2941325604915619,0.07168599963188171,28.13129425048828,-11.140995025634766,39.63706588745117,0
1004,10040077,-0.026984473690390587,0.0026860020589083433,-0.9967880845069885,0.8174683451652527,0.0928778350353241,0.33729586005210876,31.143665313720703,-10.618656158447266,39.123355865478516,0
1005,10050233,0.012162644416093826,-0.04080617427825928,-0.96994549036026,1.037033200263977,-0.3919384479522705,0.3865252435207367,30.81957244873047,-9.321784973144531,38.828773498535156,0
1006,10059611,-0.03506728261709213,0.013270922005176544,-0.978312611579895,-0.3023435175418854,0.9050639867782593,-0.44619378447532654,30.822641372680664,-9.759997367858887,39.0349006652832,0
1007,10070220,0.030261775478720665,0.03790808096528053,-0.9954958558082581,-0.3709271252155304,0.04869664087891579,0.2129034399986267,30.990877151489258,-8.573092460632324,40.692195892333984,0
1008,10080151,0.12983310222625732,-0.027340803295373917,-0.9773679375648499,0.08519638329744339,0.8668766021728516,0.7368048429489136,31.634706497192383,-11.239459991455078,39.79179763793945,0
1009,10089778,-0.07313697040081024,-0.04578161612153053,-0.9765088558197021,0.2503717839717865,-0.41542157530784607,-0.27001291513442993,30.429441452026367,-9.779430389404297,38.79974365234375,0
1010,10099778,-0.012556950561702251,0.03377411141991615,-1.0119528770446777,0.42809024453163147,0.43505874276161194,-1.0975476503372192,29.132736206054688,-9.796713829040527,38.4809684753418,0
1011,10110181,-0.02870207466185093,-0.024897901341319084,-0.9748644828796387,-0.22643786668777466,-0.7706884741783142,0.20945459604263306,30.17302703857422,-8.9071626663208,40.43938064575195,0
1012,10119689,0.02554628625512123,0.010085844434797764,-1.0405691862106323,0.5281188488006592,-0.36465319991111755,-0.08713539689779282,30.341758728027344,-7.963647842407227,40.17865753173828,0
1013,10129672,0.02932818979024887,0.011941483244299889,-0.9931858777999878,-0.017458844929933548,-0.04342467337846756,0.12260672450065613,29.429201126098633,-9.990670204162598,40.32447052001953,0
1014,10140307,0.04037564620375633,-0.021072478964924812,-1.0186047554016113,0.825090229511261,0.031003309413790703,0.2141590416431427,31.36289405822754,-11.780303001403809,40.71731185913086,0
1015,10149958,-0.00927542895078659,0.050582557916641235,-0.9839634895324707,0.013173866085708141,0.05671815946698189,-0.1840667575597763,31.812828063964844,-10.02759075164795,40.36195373535156,0
1016,10159991,-0.02278883568942547,-0.0026013986207544804,-0.9686862826347351,0.39047467708587646,-0.3514992594718933,0.561302125453949,29.3177547454834,-12.222684860229492,40.751319885253906,0
1017,10170174,0.004029563162475824,-0.001848899177275598,-0.9902594685554504,-0.38168269395828247,1.1585915088653564,-0.08757150173187256,28.200109481811523,-10.983698844909668,40.314022064208984,0
1018,10180117,0.010602579452097416,0.02872791327536106,-0.9755867719650269,-0.48380130529403687,0.7392618060112,-0.41208523511886597,30.46516990661621,-12.026585578918457,40.45576858520508,0
1019,10189817,-0.0334501713514328,0.02561740204691887,-1.0295907258987427,-0.6326224207878113,-0.15136979520320892,0.6912791728973389,28.531219482421875,-10.186284065246582,39.75584411621094,0
1020,10200031,-0.02450210228562355,0.03272538632154465,-1.0360900163650513,-0.16826356947422028,0.3596491813659668,0.08001577854156494,28.98122787475586,-9.738154411315918,40.027549743652344,0
1021,10210031,-0.006353351287543774,-0.017116960138082504,-0.9834173321723938,-0.0011796884937211871,0.27075883746147156,0.6552508473396301,31.79254913330078,-11.053051948547363,38.550655364990234,0
1022,10220056,-0.004509920720010996,0.09986075013875961,-1.004709243774414,-0.625956654548645,0.04150635376572609,-0.019237175583839417,31.321239471435547,-9.572585105895996,39.924903869628906,0
1023,10229998,0.03486548364162445,0.0207360852509737,-1.023034930229187,0.13882392644882202,0.10915705561637878,-0.6797845959663391,28.939943313598633,-10.142791748046875,38.14358901977539,0
1024,10240057,-0.005228309892117977,0.02027045004069805,-0.986046552658081,-0.4017188847064972,-0.2892976999282837,0.028349701315164566,29.875070571899414,-11.442426681518555,37.59553527832031,0
1025,10250256,0.09055779129266739,0.07450447976589203,-0.9719629287719727,-0.19013530015945435,0.9224558472633362,-0.6353201866149902,29.12828826904297,-10.498619079589844,40.806671142578125,0
1026,10259855,0.047399140894412994,0.0013737459667026997,-0.9455478191375732,0.15043355524539948,0.17999693751335144,0.07576249539852142,29.811973571777344,-9.398490905761719,39.935081481933594,0
1027,10270224,0.015513262711465359,-0.0020730970427393913,-1.0060769319534302,-0.2021515667438507,-0.9672918319702148,0.40043166279792786,28.832551956176758,-9.056839942932129,39.611263275146484,0
1028,10279881,0.18537093698978424,0.04118834808468819,-1.0009335279464722,-0.5526828765869141,-0.03195715695619583,-0.9061567783355713,29.36029624938965,-9.801533699035645,41.20606231689453,0
1029,10290040,0.0536234974861145,-0.023619089275598526,-1.0081415176391602,0.18479575216770172,-0.7715738415718079,0.6382295489311218,29.225004196166992,-10.742392539978027,38.718963623046875,0
1030,10300090,0.022731151431798935,0.025411048904061317,-1.0426994562149048,-0.4092104434967041,-0.5622860789299011,0.7601876258850098,30.394277572631836,-11.645418167114258,38.40818786621094,0
1031,10310269,-0.08100955933332443,0.037202537059783936,-0.9581424593925476,-0.09631627798080444,0.7792643904685974,-0.9128986597061157,28.9028377532959,-9.35218620300293,41.083580017089844,0
1032,10319869,-0.043895527720451355,0.029070371761918068,-1.0155158042907715,0.08338652551174164,-0.7825167775154114,0.5900683403015137,30.354259490966797,-9.613770484924316,38.20069885253906,0
1033,10330287,-0.06929096579551697,-4.974957482772879e-05,-1.0078336000442505,-0.40312179923057556,-0.15875652432441711,0.021691754460334778,29.155216217041016,-10.797738075256348,40.15793991088867,0
1034,10339891,0.012820525094866753,0.07361164689064026,-1.0064610242843628,0.41502341628074646,0.6636701226234436,1.2936668395996094,30.87974739074707,-9.443622589111328,39.63911437988281,0
1035,10349716,0.009954581037163734,-0.06716566532850266,-1.0280510187149048,0.11205830425024033,0.03412766382098198,-0.09327638894319534,29.032636642456055,-10.251141548156738,39.47547149658203,0
1036,10359953,-0.032575685530900955,-0.007220522966235876,-1.0193108320236206,-0.8348478674888611,-0.7784758806228638,0.2030785232782364,31.687110900878906,-9.727925300598145,39.83440399169922,0
1037,10369954,0.019295185804367065,-0.0072905137203633785,-0.9851017594337463,-0.18117672204971313,0.7533103227615356,-0.5109006762504578,30.82505989074707,-10.97795295715332,37.90504837036133,0
1038,10380042,0.07858689874410629,0.10178083926439285,-0.9818773865699768,-0.1314660906791687,-0.13709688186645508,0.6254324316978455,31.510833740234375,-10.155440330505371,41.67123794555664,0
1039,10389947,0.03862627595663071,0.0010099264327436686,-0.9732980132102966,-0.5493797063827515,-0.05571964755654335,-0.839519739151001,30.303483963012695,-10.512587547302246,39.8300895690918,0
1040,10399745,-0.08621156215667725,-0.09421084076166153,-0.985100269317627,0.05206970497965813,0.12629830837249756,-0.7560998201370239,30.04996681213379,-7.736359596252441,40.199485778808594,0
1041,10410259,-0.01338121946901083,0.011845314875245094,-0.9812089800834656,0.37344104051589966,0.01601686328649521,0.464932382106781,30.073638916015625,-9.851022720336914,40.02826690673828,0
1042,10419795,-0.06049933284521103,-0.046802032738924026,-1.0014169216156006,0.6983795166015625,-0.5849542021751404,-0.5641522407531738,30.18512725830078,-9.515655517578125,39.165584564208984,0
1043,10429828,-0.004096417687833309,-0.020588506013154984,-0.9522891640663147,0.7215363383293152,0.04615355655550957,0.5489174723625183,30.383193969726562,-10.598008155822754,40.2326545715332,0
1044,10440017,-0.05489569529891014,-0.013642524369060993,-1.0145634412765503,1.0130295753479004,0.13047988712787628,0.5799766182899475,30.448488235473633,-9.411931037902832,40.879615783691406,0
1045,10450055,0.017214760184288025,0.0039808303117752075,-1.0156186819076538,0.28524890542030334,0.3178831934928894,0.44858917593955994,30.659088134765625,-10.298343658447266,40.740108489990234,0
1046,10459858,-0.050872039049863815,-0.003291525412350893,-0.9940598011016846,0.03460550680756569,-0.3179808557033539,-0.13402116298675537,31.920913696289062,-10.247108459472656,38.58039474487305,0
1047,10469888,0.012672826647758484,-0.0655687153339386,-0.9809995293617249,0.43387648463249207,0.060308463871479034,-0.007572149857878685,29.451290130615234,-12.356340408325195,40.212223052978516,0
1048,10480258,-0.05298209935426712,0.0016591658350080252,-1.0115137100219727,0.5874839425086975,-1.1624350547790527,-0.2905106544494629,31.981876373291016,-8.98598575592041,40.095176696777344,0
1049,10490019,0.06371268630027771,-0.025283310562372208,-0.9602466821670532,0.48955440521240234,-0.025705620646476746,-0.28821638226509094,29.389629364013672,-10.689531326293945,39.43217468261719,0
1050,10500221,-0.057185184210538864,0.04168160259723663,-1.0169329643249512,-0.09381067007780075,-0.20221979916095734,0.07826237380504608,28.788822174072266,-10.246541023254395,38.89558792114258,0
1051,10509932,-0.05240902677178383,0.046431832015514374,-0.9624655246734619,0.90559321641922,-0.27194055914878845,0.5357028245925903,30.937795639038086,-8.804631233215332,40.27074432373047,0
1052,10520145,-0.005475474521517754,0.11190836876630783,-0.973890483379364,0.07102560997009277,0.3042882978916168,-0.1346864104270935,29.559152603149414,-11.407172203063965,38.87641906738281,0
1053,10529890,0.06942007690668106,0.05997397005558014,-1.007659673690796,0.20457042753696442,0.1493818312883377,0.1792517453432083,30.256370544433594,-10.0819730758667,40.99533462524414,0
1054,10540008,0.024315034970641136,0.024665676057338715,-0.9822579622268677,0.21333973109722137,-0.039974573999643326,-0.34841758012771606,29.80689239501953,-8.87317180633545,40.85475158691406,0
1055,10550001,-0.01452683750540018,-0.010381202213466167,-1.0201021432876587,-0.005883386358618736,-0.6503747701644897,0.8025516271591187,29.50375747680664,-10.274397850036621,38.98365020751953,0
1056,10560243,0.05578000843524933,-0.01691192388534546,-1.0183322429656982,0.37737417221069336,-0.5445237159729004,-0.3652958273887634,30.176319122314453,-10.803220748901367,40.901153564453125,0
1057,10569899,0.02722029574215412,-0.06254290044307709,-1.0466021299362183,-0.3039165735244751,-0.8770849108695984,-0.5079835653305054,30.747222900390625,-9.928184509277344,41.105167388916016,0
1058,10579933,-0.02563709020614624,-0.022829627618193626,-1.0124547481536865,0.2508898377418518,-0.8064407110214233,-0.30866530537605286,30.189550399780273,-10.161415100097656,41.2410888671875,0
1059,10590165,0.07182668149471283,0.05592872574925423,-0.957768976688385,0.6956396698951721,0.19387242197990417,-0.5897974967956543,31.428573608398438,-11.611721992492676,39.71031188964844,0
1060,10599949,-0.003789744107052684,0.03819211572408676,-1.0116157531738281,-0.20915468037128448,0.786878764629364,0.20481233298778534,30.24618148803711,-9.919378280639648,40.30539321899414,0
1061,10609807,-0.06763293594121933,0.014938744716346264,-0.9795225858688354,0.19817541539669037,-0.3938436806201935,0.051724255084991455,30.583837509155273,-8.758801460266113,40.149024963378906,0
1062,10619971,0.025596771389245987,-0.028339575976133347,-0.9719877243041992,0.05683472380042076,0.2895251214504242,0.046010229736566544,29.345829010009766,-10.914755821228027,38.72383117675781,0
1063,10629850,-0.018445950001478195,-0.010153502225875854,-0.9777942895889282,-0.6242733597755432,-0.613961398601532,-0.43106168508529663,30.164302825927734,-10.31574535369873,41.48033905029297,0
1064,10640185,0.03215979039669037,-0.03048083558678627,-1.010353446006775,-0.46928852796554565,-0.12109316885471344,0.025250066071748734,30.074119567871094,-8.410038948059082,40.49457550048828,0
1065,10650000,-0.03296913579106331,-0.055754054337739944,-0.9958162903785706,0.8304568529129028,-0.7547931671142578,-0.5104196071624756,29.95186996459961,-10.608302116394043,41.0176887512207,0
1066,10660090,-0.08693695068359375,0.08690562844276428,-1.0060553550720215,-0.5337585210800171,0.6014685034751892,0.7370132803916931,30.13960838317871,-11.34887981414795,39.59107208251953,0
1067,10670236,0.0014727228553965688,0.06684812903404236,-0.9896048903465271,0.4873547852039337,-1.1699626445770264,0.5586649179458618,28.554792404174805,-11.539997100830078,40.74673843383789,0
1068,10680010,-0.04600723460316658,0.006796118803322315,-1.0406054258346558,-0.23568646609783173,0.7062680125236511,-0.07935252040624619,28.414810180664062,-9.556747436523438,39.28538131713867,0
1069,10689937,-0.03529062122106552,0.040966495871543884,-1.0177422761917114,-0.8796602487564087,0.04186815023422241,1.0865191221237183,31.686870574951172,-8.881630897521973,40.793182373046875,0
1070,10700091,0.00039379711961373687,-0.10041778534650803,-1.0030083656311035,-0.14697657525539398,-0.2976129353046417,-0.1299818754196167,29.861705780029297,-10.465367317199707,39.50859069824219,0
1071,10709900,0.04440974071621895,-0.005508418194949627,-0.9953562617301941,0.4725908935070038,-0.6234912872314453,-0.3210456967353821,30.319019317626953,-8.884122848510742,41.600711822509766,0
1072,10720104,-0.03001638688147068,0.02593260630965233,-1.0496736764907837,-0.21375367045402527,0.8318139910697937,0.4971909523010254,29.23699188232422,-8.773737907409668,40.5271110534668,0
1073,10729888,0.007541560102254152,0.03305419534444809,-1.0495327711105347,0.3312092125415802,0.12836331129074097,0.7602072954177856,31.555057525634766,-11.874348640441895,40.453956604003906,0
1074,10739809,-0.021006828173995018,0.0094838822260499,-0.946790337562561,0.6196070909500122,-0.6140750646591187,-0.3401736319065094,28.39859962463379,-9.862604141235352,40.53151321411133,0
1075,10750050,-0.052256230264902115,0.06371892243623734,-1.0110585689544678,-0.687786340713501,0.9195486307144165,0.963324785232544,30.358068466186523,-10.79478931427002,40.82419967651367,0
1076,10759947,-0.021239085122942924,0.011187969706952572,-1.0333716869354248,0.2889031767845154,-0.05114971101284027,-0.8272424936294556,30.14084815979004,-9.899515151977539,39.720680236816406,0
1077,10770065,-0.005648273043334484,-0.0349063016474247,-1.0249282121658325,-0.09477590769529343,0.18991026282310486,0.19357270002365112,29.952560424804688,-11.347540855407715,38.78630447387695,0
1078,10780101,-0.037503648549318314,0.02374085783958435,-1.0050095319747925,-0.050602249801158905,0.3084559738636017,0.6342507004737854,31.828405380249023,-10.258866310119629,39.472373962402344,0
1079,10790308,-0.021323099732398987,-0.024170981720089912,-1.048064947128296,-0.16796131432056427,-0.577192485332489,0.05527293309569359,30.218442916870117,-10.515453338623047,38.01285934448242,0
1080,10800005,-0.005899003241211176,0.03316484019160271,-1.0170557498931885,0.8665780425071716,0.1983017772436142,0.19593346118927002,29.693605422973633,-9.201244354248047,41.343711853027344,0
1081,10810054,0.03930305317044258,-0.04081328585743904,-0.9682093858718872,0.4100210964679718,0.28845879435539246,0.04236802086234093,30.008617401123047,-10.023361206054688,39.015682220458984,0
1082,10820005,0.04173649847507477,-0.06263794749975204,-1.0179753303527832,0.024344731122255325,0.8433827757835388,0.011071323417127132,28.784500122070312,-9.990204811096191,40.5884895324707,0
1083,10830172,0.01811760477721691,-0.05610690265893936,-1.0267605781555176,-0.5549378395080566,-0.5098943710327148,0.04993987828493118,29.702974319458008,-10.74825668334961,39.98021697998047,0
1084,10839888,-0.008147725835442543,-0.04693245142698288,-0.9923490881919861,0.779222846031189,-0.34451866149902344,0.6906886100769043,30.178794860839844,-10.25710391998291,39.33087158203125,0
1085,10850237,0.009067605249583721,-0.06128660589456558,-0.9920597076416016,0.637456476688385,-0.2086019217967987,0.23386435210704803,29.92072296142578,-9.90289306640625,39.985801696777344,0
1086,10860010,-0.03169197961688042,0.028987674042582512,-1.0215405225753784,0.5775488615036011,-0.7076811790466309,0.06498576700687408,30.76218032836914,-9.626716613769531,39.787296295166016,0
1087,10869856,-0.06789188086986542,-0.09512235969305038,-1.0238548517227173,0.3394581973552704,-0.8332223296165466,-0.7228875756263733,29.22921371459961,-9.199297904968262,39.97444152832031,0
1088,10879885,0.012265169993042946,-0.0819229781627655,-1.01032555103302,0.6388180255889893,1.0695120096206665,0.4481567144393921,31.545705795288086,-9.663092613220215,40.260276794433594,0
1089,10890205,0.04678848385810852,-0.0270182304084301,-1.0090669393539429,-0.16278374195098877,0.3584636151790619,0.20092782378196716,29.854257583618164,-10.550163269042969,40.063411712646484,0
1090,10899936,0.06449595093727112,0.03214583545923233,-0.9857063293457031,-0.06969352066516876,-0.5991583466529846,0.6049082279205322,29.71109962463379,-10.629632949829102,42.12432098388672,0
1091,10910165,0.005273778457194567,-0.006381833925843239,-0.9983956217765808,-0.6160535216331482,-1.2873746156692505,0.49808257818222046,30.402843475341797,-9.017498016357422,40.044219970703125,0
1092,10919991,0.010234829969704151,-0.026191620156168938,-1.0053898096084595,-0.40495485067367554,0.16034621000289917,1.0306689739227295,30.52632713317871,-10.955718040466309,41.017093658447266,0
1093,10929816,0.025115566328167915,-0.03565850853919983,-0.987050473690033,0.17243124544620514,0.9007124900817871,0.07637809962034225,31.10460662841797,-10.305946350097656,39.238468170166016,0
1094,10940379,0.021797122433781624,0.06923424452543259,-0.991093635559082,-0.1997765600681305,0.4158687889575958,0.20684769749641418,28.81791114807129,-9.956267356872559,40.75124740600586,0
1095,10949872,0.004901905544102192,-0.03753194957971573,-1.0468124151229858,-0.46016332507133484,-0.04858570918440819,-0.5197655558586121,31.65732192993164,-8.278667449951172,41.23893356323242,0
1096,10959711,-0.025406278669834137,0.04978136718273163,-0.9830441474914551,-0.10379359871149063,0.2426162213087082,-0.04704491049051285,31.86945915222168,-9.108048439025879,41.604896545410156,0
1097,10970134,-0.033665239810943604,0.005558784119784832,-1.0106358528137207,-0.2946806848049164,0.28326213359832764,0.30130085349082947,28.210474014282227,-9.93706226348877,39.3820915222168,0
1098,10979932,-0.018827861174941063,-0.005739846266806126,-0.9980485439300537,-0.4122548997402191,0.2890247106552124,0.2366330623626709,31.344327926635742,-8.740954399108887,39.7844352722168,0
1099,10990111,-0.014770342968404293,0.03840925544500351,-1.0245450735092163,-0.21733449399471283,-0.06755984574556351,0.368120014667511,29.93490219116211,-13.126928329467773,39.502681732177734,0
1100,11000063,-0.032967645674943924,-0.1123126819729805,-0.9826133251190186,0.05689253658056259,0.7146790623664856,-0.3724208176136017,29.44530487060547,-10.327959060668945,41.03376770019531,0
1101,11009927,0.10492980480194092,0.04715714231133461,-0.9909957051277161,-0.42458656430244446,0.5180573463439941,-0.00038121812394820154,29.276525497436523,-9.178625106811523,39.61307907104492,0
1102,11019616,0.08365623652935028,0.04254079610109329,-1.029599666595459,0.9846755266189575,-0.10176707059144974,0.2804756164550781,30.78826332092285,-10.469833374023438,39.2957763671875,0
1103,11029776,-0.03991366922855377,0.023066114634275436,-0.9738467335700989,0.3628503978252411,-0.28399914503097534,0.5356471538543701,29.59507942199707,-10.344398498535156,39.00967788696289,0
1104,11040216,0.014924813061952591,-0.04936543479561806,-0.999125063419342,-0.562158465385437,-0.07295292615890503,-0.007515357341617346,29.436391830444336,-9.416812896728516,39.786380767822266,0
1105,11050576,-0.03023853339254856,-0.011999072507023811,-0.9946179389953613,0.4932378828525543,-0.3563231825828552,-0.31578680872917175,29.619924545288086,-8.521001815795898,39.564727783203125,0
1106,11060147,0.009454541839659214,-0.04884030669927597,-0.984991729259491,-0.12796099483966827,0.35904836654663086,0.3633570969104767,29.68712043762207,-10.836409568786621,39.02643585205078,0
1107,11070009,0.0074046277441084385,-0.08450614660978317,-0.9859094619750977,0.6641693711280823,-0.37443411350250244,-0.08672025054693222,29.492122650146484,-10.027462005615234,39.38628387451172,0
1108,11080105,-0.014347437769174576,-0.04128474369645119,-1.0350980758666992,-0.8773612380027771,-0.22721704840660095,-0.6792998909950256,30.6470890045166,-8.616588592529297,38.69672775268555,0
1109,11089832,0.032387424260377884,-0.13625313341617584,-1.0059958696365356,-0.3997200131416321,-0.8779979944229126,-0.14283034205436707,31.704092025756836,-10.317456245422363,38.421302795410156,0
1110,11099848,-0.04335968196392059,-0.02937001734972,-1.0227383375167847,-0.2612636387348175,0.5462293028831482,0.028273766860365868,30.051063537597656,-10.06821060180664,41.99379348754883,0
1111,11109952,-0.024999020621180534,-0.02746616117656231,-1.0064886808395386,-0.1383419632911682,-0.06405353546142578,0.44975924491882324,28.865148544311523,-11.503029823303223,39.26018142700195,0
1112,11119989,-0.04893725737929344,0.03270406648516655,-1.046601414680481,0.2285534292459488,0.27664443850517273,-0.9959385991096497,28.208791732788086,-8.183832168579102,39.808597564697266,0
1113,11129976,0.03025653026998043,-0.09565240889787674,-1.0155506134033203,-0.051406897604465485,0.11652318388223648,0.4798857569694519,30.09228515625,-9.412742614746094,40.34423065185547,0
1114,11139814,0.019381439313292503,0.018810180947184563,-1.016431450843811,-0.5208978652954102,-0.2982669174671173,0.3427993059158325,30.778236389160156,-10.396629333496094,40.176849365234375,0
1115,11150007,-0.022648055106401443,0.12783780694007874,-0.9814831018447876,-0.8164437413215637,0.3652113080024719,0.2707350552082062,29.16897201538086,-9.46855640411377,40.78980255126953,0
1116,11160011,0.0915873721241951,-0.030568597838282585,-0.992120623588562,0.12033682316541672,0.7570199966430664,-0.4423576295375824,30.899160385131836,-10.716714859008789,41.3267822265625,0
1117,11170131,0.02768559195101261,0.060456790030002594,-0.9758890271186829,0.2735840976238251,-0.061733923852443695,0.43157437443733215,30.022180557250977,-8.135668754577637,40.22063446044922,0
1118,11179969,-0.07410813868045807,0.03152354806661606,-1.0009483098983765,0.0407424122095108,-0.34631869196891785,0.625941276550293,29.66344451904297,-10.203817367553711,39.165992736816406,0
1119,11190129,0.015889985486865044,0.020290791988372803,-0.9838885068893433,0.019574511796236038,-0.07419878244400024,0.9455718994140625,29.653980255126953,-10.695411682128906,40.081424713134766,0
1120,11199884,-0.11605829000473022,0.0377434566617012,-0.9932072162628174,0.7259483337402344,0.19265338778495789,-0.11584237962961197,31.142929077148438,-8.9876708984375,41.808067321777344,0
1121,11210285,0.010120296850800514,0.03400753065943718,-1.0349953174591064,-0.7205077409744263,0.7719340324401855,-0.5434293150901794,29.69670867919922,-11.515677452087402,42.00654983520508,0
1122,11219957,-0.027773022651672363,0.0038430355489253998,-0.9878073930740356,0.1591940075159073,-0.9850614070892334,1.2431899309158325,31.65913200378418,-8.276412963867188,40.07843017578125,0
1123,11230064,0.016914917156100273,-0.05804062634706497,-0.9852957725524902,-0.5522120594978333,-0.8345910310745239,0.5533270835876465,28.233917236328125,-9.624869346618652,39.75800323486328,0
1124,11240249,0.0006669045542366803,0.042286235839128494,-0.997411847114563,-0.19988541305065155,-0.27426958084106445,-0.1526419073343277,29.162912368774414,-10.060250282287598,39.53927230834961,0
1125,11250009,0.047957323491573334,0.035889632999897,-1.0186738967895508,-0.1994054615497589,0.29694798588752747,0.6665264368057251,29.20140266418457,-11.057662010192871,39.834739685058594,0
1126,11259982,-0.007628610357642174,-0.02031887136399746,-0.993876039981842,0.3871314227581024,0.8001153469085693,0.17703406512737274,31.126052856445312,-9.674214363098145,39.58694839477539,0
1127,11269985,0.1001582220196724,-0.03942802548408508,-1.0104142427444458,0.20014557242393494,0.6133507490158081,-0.5133568644523621,26.914165496826172,-10.065319061279297,40.97128677368164,0
1128,11279962,0.07163885235786438,-0.01507286075502634,-0.9770148396492004,0.4052886962890625,-0.4754182696342468,-0.49423715472221375,32.07376480102539,-11.820940971374512,39.415157318115234,0
1129,11289965,-0.024510463699698448,0.02921151928603649,-0.9932975172996521,0.09820585697889328,0.09535004198551178,0.30776089429855347,30.141569137573242,-9.42258071899414,38.86822509765625,0
1130,11300015,-0.04805412143468857,0.04803137108683586,-0.9697263836860657,0.5260658264160156,-0.8100712299346924,0.03187473490834236,31.039995193481445,-9.916129112243652,40.15201187133789,0
1131,11309647,0.049927279353141785,0.05645207315683365,-1.0113214254379272,-0.3036729097366333,0.12459073960781097,0.2985478639602661,30.248493194580078,-10.428754806518555,39.74830627441406,0
1132,11320291,0.04060891643166542,-0.012781337834894657,-0.983824610710144,-0.7060918211936951,-0.09606654942035675,-0.584766149520874,31.64995765686035,-10.539918899536133,39.69036102294922,0
1133,11330036,0.029688602313399315,-0.01511396188288927,-1.0167227983474731,0.33752840757369995,0.7130278944969177,-0.3237133026123047,29.992860794067383,-9.364358901977539,38.55455780029297,0
1134,11340150,0.051050592213869095,-0.030094662681221962,-0.9794655442237854,0.9488989114761353,0.4044904112815857,-0.23401734232902527,30.544105529785156,-10.035757064819336,39.89215850830078,0
1135,11349858,0.04954985901713371,-0.0039053692016750574,-0.9877764582633972,-0.683804452419281,-0.9499174952507019,-0.2526049315929413,30.550121307373047,-8.724311828613281,38.8076171875,0
1136,11359860,-0.04344700276851654,0.059862054884433746,-1.0249392986297607,-0.016227737069129944,-0.6617619395256042,0.16275714337825775,31.20893096923828,-8.23326301574707,39.19557189941406,0
1137,11370134,0.0515611506998539,0.08957253396511078,-1.031593680381775,-0.1217421144247055,0.41885215044021606,-0.27228406071662903,29.939083099365234,-11.634676933288574,40.936771392822266,0
1138,11380084,-0.05425196513533592,-0.0034443014301359653,-0.985762357711792,0.5857896208763123,0.2728154957294464,-0.19509561359882355,29.2581787109375,-7.894594192504883,40.459136962890625,0
1139,11389980,0.03326476365327835,0.00022081697534304112,-0.9609708189964294,0.03685251995921135,0.5104492902755737,0.39928504824638367,29.67030143737793,-7.739309310913086,39.92369842529297,0
1140,11399910,0.030112329870462418,0.07158595323562622,-1.0074125528335571,0.3730267286300659,0.0885215550661087,0.08115194737911224,28.703872680664062,-11.060041427612305,39.194278717041016,0
1141,11410081,-0.03294343128800392,-0.0640256255865097,-1.0038671493530273,0.12069685757160187,0.18485035002231598,-0.31585046648979187,28.997440338134766,-9.667093276977539,40.151878356933594,0
1142,11420063,-0.042115163058042526,0.011210945434868336,-1.0070730447769165,-0.3484458923339844,-0.4446726143360138,-0.6581218242645264,30.2966365814209,-8.901487350463867,39.11258316040039,0
1143,11429911,0.037743404507637024,0.01555947307497263,-0.9894121885299683,-0.06633080542087555,0.8768552541732788,-0.0899895653128624,30.71759605407715,-9.610489845275879,41.62527084350586,0
1144,11440094,-0.04149763286113739,-0.024228867143392563,-0.9987972378730774,0.8512812852859497,-0.43408671021461487,0.8882757425308228,29.64811897277832,-9.961051940917969,41.17534637451172,0
1145,11449981,0.07523461431264877,0.015428119339048862,-1.0220654010772705,-0.06278959661722183,-0.09736395627260208,-0.09105447679758072,31.257776260375977,-7.120402812957764,41.896759033203125,0
1146,11460281,0.05310056731104851,-0.025046419352293015,-1.0217727422714233,0.08473210781812668,0.0628451406955719,0.3612977862358093,28.70648765563965,-9.788300514221191,38.552223205566406,0
1147,11470080,-0.00034181875525973737,-0.019013963639736176,-1.021051287651062,-0.5677796602249146,0.9561942219734192,0.017799707129597664,29.538986206054688,-11.116525650024414,40.21180725097656,0
1148,11480064,-0.026368144899606705,0.023180479183793068,-0.9928975105285645,0.5398315191268921,0.24792739748954773,-0.43302884697914124,31.647029876708984,-8.916695594787598,39.763511657714844,0
1149,11489966,0.019027281552553177,-0.0011992071522399783,-1.015731930732727,-0.17169524729251862,0.43645501136779785,0.7900151014328003,29.521221160888672,-10.335233688354492,41.889404296875,0
1150,11499871,0.06314915418624878,0.01722780428826809,-0.9822549223899841,0.4798114001750946,0.3785609304904938,0.2115413248538971,30.889184951782227,-10.211583137512207,40.58904266357422,0
1151,11510046,-0.04766842722892761,0.04962634667754173,-0.9945385456085205,0.13631571829319,0.13939310610294342,0.2103828489780426,30.067581176757812,-11.138047218322754,40.96086883544922,0
1152,11519909,-0.060373883694410324,-0.014984523877501488,-1.018013834953308,1.057189702987671,-0.2996287941932678,0.036909669637680054,29.80217933654785,-10.623671531677246,39.66492462158203,0
1153,11530102,0.05430601164698601,-0.005945383105427027,-0.9930145144462585,-0.08358507603406906,0.08402762562036514,0.47799357771873474,28.979103088378906,-11.962518692016602,41.45950698852539,0
1154,11540020,-0.04542924463748932,0.06061903014779091,-1.0186692476272583,-0.8374836444854736,0.2284286767244339,-0.28410178422927856,28.312437057495117,-9.999919891357422,39.6805305480957,0
1155,11549928,-0.011534126475453377,0.04146314039826393,-1.0129425525665283,0.18053121864795685,-0.7354356646537781,-0.17211391031742096,30.789064407348633,-12.426730155944824,39.69672393798828,0
1156,11560133,-0.028633994981646538,0.014868311583995819,-1.019074559211731,0.08514948189258575,-0.06873294711112976,-0.9627153873443604,28.17317008972168,-10.852591514587402,39.32978057861328,0
1157,11570202,-0.07938650250434875,0.08575624972581863,-1.000494360923767,-0.2626762390136719,-0.16255921125411987,0.11557440459728241,30.015283584594727,-9.251028060913086,39.14344024658203,0
1158,11579967,-0.05017523467540741,-0.03611021116375923,-0.9959946870803833,-0.22034476697444916,0.30916768312454224,-0.3955634534358978,29.489791870117188,-9.816352844238281,40.73458480834961,0
1159,11590073,-0.025981543585658073,-0.0017255619168281555,-1.0148640871047974,-0.719293475151062,-0.02358604036271572,0.047035474330186844,29.320947647094727,-10.509000778198242,40.27218246459961,0
1160,11600070,-0.00580774899572134,-0.04906250536441803,-0.9889140725135803,0.07088273763656616,0.37158799171447754,-0.4132712483406067,29.105745315551758,-11.49127197265625,39.760929107666016,0
1161,11609809,-0.07322636991739273,-0.016160830855369568,-0.9772960543632507,0.13537804782390594,-0.6537452936172485,0.24984323978424072,31.861543655395508,-8.997385025024414,39.638206481933594,0
1162,11620077,-0.0023382031358778477,0.0029504280537366867,-1.0474238395690918,0.04298466816544533,0.42972537875175476,-0.42095574736595154,29.578706741333008,-8.692743301391602,39.50087356567383,0
1163,11630251,-0.04831814020872116,-0.03014819137752056,-0.9817371964454651,0.9313946962356567,-0.23134715855121613,0.3739418089389801,30.32622718811035,-10.779864311218262,38.68922805786133,0
1164,11640209,0.02373301237821579,0.0036879340186715126,-0.9908549785614014,-0.09309127181768417,0.929848849773407,0.5255477428436279,29.50033187866211,-8.937246322631836,40.633663177490234,0
1165,11650011,0.02619858644902706,-0.0009689779253676534,-1.0140420198440552,0.079597607254982,-0.33595389127731323,-0.001038184273056686,30.63589096069336,-11.436515808105469,40.60904312133789,0
1166,11660045,0.022835051640868187,0.05257686600089073,-0.9993727207183838,-0.43215376138687134,0.28007152676582336,-0.16265155375003815,30.765439987182617,-10.4249906539917,39.9968376159668,0
1167,11669947,0.0005468225572258234,0.01094923447817564,-0.9847467541694641,1.0360914468765259,-0.26696422696113586,0.23413127660751343,30.482276916503906,-9.729551315307617,40.545738220214844,0
1168,11679953,0.08817823231220245,-0.07883071154356003,-0.9932957291603088,-1.0055547952651978,0.11098060756921768,-0.7575774192810059,29.28790283203125,-9.421182632446289,41.16965103149414,0
1169,11689932,-0.0026053697802126408,-0.02013399824500084,-1.0222997665405273,-0.6496255993843079,0.8942432999610901,0.4116838872432709,30.26524543762207,-10.235612869262695,40.655521392822266,0
1170,11700029,0.021907247602939606,-0.10400472581386566,-1.016721248626709,-0.6653541922569275,-0.021976353600621223,-0.2681417763233185,28.0446834564209,-10.000736236572266,39.991737365722656,0
1171,11710136,-0.05049961805343628,-0.009147310629487038,-1.0032382011413574,0.5853109359741211,-0.2709510028362274,0.39832425117492676,29.393070220947266,-10.332305908203125,39.90819549560547,0
1172,11720193,-0.11789990216493607,-0.023521119728684425,-0.9845008850097656,-0.5354119539260864,-0.05131014063954353,-0.5045043230056763,30.965200424194336,-11.513313293457031,39.10643005371094,0
1173,11729803,-0.010310688987374306,-0.016373028978705406,-0.9954978823661804,1.0096778869628906,-1.2650929689407349,-0.11750789731740952,29.1959171295166,-8.284443855285645,42.20613098144531,0
1174,11740037,-0.04247572645545006,0.028126338496804237,-0.9751372933387756,1.2489522695541382,0.37019848823547363,-0.5774844288825989,29.459152221679688,-8.446285247802734,40.7987060546875,0
1175,11749965,-0.031083473935723305,0.022471720352768898,-1.0041571855545044,-1.3568209409713745,0.09864543378353119,0.2625313103199005,29.046070098876953,-9.237345695495605,39.13838577270508,0
1176,11759836,0.03424070030450821,-0.07036176323890686,-1.036162257194519,0.2498171180486679,-0.34848254919052124,-0.5314674973487854,28.100872039794922,-9.462051391601562,40.68657302856445,0
1177,11769966,0.010048051364719868,-0.003930761478841305,-0.9747852087020874,-0.24650157988071442,0.33856597542762756,-1.1019810438156128,29.6746826171875,-10.991484642028809,39.608253479003906,0
1178,11780184,0.02735208533704281,-0.06834125518798828,-0.9548323154449463,0.2502405643463135,-0.20540951192378998,-0.37870848178863525,32.258262634277344,-11.198182106018066,41.628421783447266,0
1179,11790233,0.004692526534199715,0.008866630494594574,-0.9737381935119629,0.19475992023944855,0.001495006843470037,1.1609578132629395,29.716901779174805,-10.775671005249023,39.95126724243164,0
1180,11799801,-0.03017708659172058,-0.04089413955807686,-0.9856362342834473,0.21570248901844025,0.23726150393486023,0.052392929792404175,30.244722366333008,-11.17983341217041,39.742889404296875,0
1181,11809761,-0.03859907016158104,-0.027240069583058357,-1.006645679473877,0.13883942365646362,-0.027761293575167656,0.2690368592739105,29.65981101989746,-8.255997657775879,39.5246696472168,0
1182,11819689,-0.03947967290878296,0.007677207235246897,-0.9696959853172302,-0.293991357088089,-0.17661847174167633,1.392622947692871,31.99989891052246,-8.528281211853027,40.036224365234375,0
1183,11829885,0.011727235279977322,0.027327055111527443,-0.9738088250160217,0.2305382490158081,0.09641071408987045,-0.8180881142616272,28.16606903076172,-9.823104858398438,40.63474655151367,0
1184,11839734,0.017338911071419716,-0.05156097933650017,-0.9957993626594543,-0.07211408764123917,-0.5959100723266602,0.16867679357528687,29.65450096130371,-9.535049438476562,38.5754508972168,0
1185,11849879,-0.027234520763158798,0.013945119455456734,-1.0065219402313232,0.10166949778795242,-0.28230515122413635,-0.08756165206432343,31.818748474121094,-10.72374439239502,41.2770881652832,0
1186,11859971,-0.07628921419382095,-0.002982029691338539,-0.9785716533660889,-0.16018067300319672,0.12432146817445755,-0.3180214762687683,29.42863655090332,-10.956260681152344,42.29547119140625,0
1187,11870052,0.00968779157847166,-0.08949931710958481,-1.0143190622329712,-0.4836040139198303,0.4370306432247162,-0.1720922291278839,30.226621627807617,-10.195917129516602,40.31991958618164,0
1188,11879870,0.04683661833405495,-0.058802347630262375,-1.024198293685913,-0.48395273089408875,-0.3588918149471283,-0.3093748688697815,30.589696884155273,-8.731517791748047,39.885868072509766,0
1189,11890035,-0.04962245374917984,-0.0178216639906168,-1.0220657587051392,-0.4885801672935486,0.677920401096344,0.9688413143157959,31.050264358520508,-10.384873390197754,39.4532356262207,0
1190,11900289,0.06388341635465622,3.912665488314815e-05,-1.0227278470993042,-0.17147280275821686,0.8686773180961609,-0.0013776023406535387,30.406312942504883,-10.482789993286133,40.88105392456055,0
1191,11910065,0.028530381619930267,0.06024009361863136,-0.9783215522766113,-0.046713657677173615,0.06477894634008408,-0.036598000675439835,30.891328811645508,-10.531542778015137,39.62413024902344,0
1192,11919936,0.06364846974611282,-0.02133013680577278,-0.9772829413414001,0.2686612606048584,-0.7932988405227661,0.6548386216163635,28.835521697998047,-9.598960876464844,40.430335998535156,0
1193,11929845,0.06726746261119843,-0.028271036222577095,-0.9640490412712097,0.1621273159980774,-0.15198826789855957,-0.6463614106178284,30.921146392822266,-9.102468490600586,38.26277542114258,0
1194,11939894,-0.0920112207531929,-0.021841637790203094,-1.0010398626327515,0.6633947491645813,0.03913778066635132,0.11466961354017258,30.073036193847656,-10.944815635681152,40.1839485168457,0
1195,11950329,0.014254310168325901,-0.06605104357004166,-0.9721893072128296,0.3247250020503998,0.3314833641052246,-0.8088499307632446,28.876028060913086,-10.02089786529541,39.00118637084961,0
1196,11959782,-0.034891750663518906,0.029792729765176773,-1.009946346282959,0.4721733331680298,0.05991189181804657,0.4021185040473938,29.31664276123047,-10.92841911315918,40.402931213378906,0
1197,11969960,0.02901490405201912,-0.06445591896772385,-0.9839948415756226,0.3716546893119812,0.615441620349884,0.30886751413345337,30.5742244720459,-9.978273391723633,39.39400100708008,0
1198,11979946,0.008937175385653973,-0.03534158319234848,-1.034363031387329,-0.17824886739253998,-0.3627679646015167,0.7403258085250854,30.096010208129883,-10.37714958190918,39.82455062866211,0
1199,11989891,-0.13663531839847565,0.0396568588912487,-1.0101735591888428,-0.02818344719707966,0.36957985162734985,-0.16712653636932373,30.815715789794922,-10.818127632141113,42.2856559753418,0
1200,11999954,0.008616870269179344,-0.016493989154696465,-0.9846693277359009,0.3971157371997833,0.1600322723388672,-0.712712824344635,28.368450164794922,-10.807340621948242,40.0555305480957,0
1201,12010000,0.015996932983398438,-0.02918354608118534,-0.9887162446975708,-0.6763723492622375,0.2204943597316742,0.14708846807479858,28.735750198364258,-11.437004089355469,37.73502731323242,0
1202,12020150,0.12215935438871384,0.031392574310302734,-1.0094795227050781,-0.8292223811149597,0.8445374369621277,-0.2329331934452057,30.705238342285156,-8.886149406433105,40.30143356323242,0
1203,12029944,0.048826929181814194,0.02232995443046093,-1.0245355367660522,-0.7099384665489197,0.24932190775871277,-0.010718826204538345,30.97121238708496,-8.19068717956543,41.39655685424805,0
1204,12039830,-0.032634951174259186,-0.08269236981868744,-0.9851232171058655,-0.2482661008834839,0.15730512142181396,0.7832786440849304,30.48297882080078,-8.657581329345703,40.970794677734375,0
1205,12049720,-0.06954367458820343,-0.09312011301517487,-1.025294542312622,0.11048018932342529,-0.4768521785736084,-0.9305797219276428,30.34770965576172,-9.449885368347168,40.84080123901367,0
1206,12060300,0.05122842267155647,0.09250927716493607,-0.9866183996200562,0.011993040330708027,-0.6694471836090088,0.3933123052120209,31.30691146850586,-9.910429954528809,39.858642578125,0
1207,12070451,0.04238392040133476,-0.07879340648651123,-0.9639095664024353,-0.7439016699790955,-0.09491763263940811,-1.2340706586837769,29.453432083129883,-9.865781784057617,38.7214469909668,0
1208,12079847,-0.03137107193470001,-0.018581490963697433,-0.9950841069221497,-0.49350398778915405,0.2978632152080536,0.1829829066991806,29.23385238647461,-10.812439918518066,42.20882797241211,0
1209,12089828,-0.038344159722328186,0.0080280601978302,-0.9924615621566772,-0.34399905800819397,0.13752610981464386,-0.04763473570346832,30.613800048828125,-11.122830390930176,40.866539001464844,0
1210,12099971,-0.10266385227441788,-0.04184567928314209,-1.0046508312225342,0.24956761300563812,-0.11552732437849045,0.14037001132965088,28.242389678955078,-9.488696098327637,41.81446075439453,0
1211,12110249,0.03855520114302635,-0.020038126036524773,-1.0125792026519775,-0.11444423347711563,0.6946537494659424,-0.21075914800167084,29.29401969909668,-8.84144401550293,40.98440933227539,0
1212,12120072,-0.017122356221079826,-0.06817788630723953,-1.0557236671447754,-0.2571691870689392,-1.2155932188034058,0.9156076908111572,30.96500587463379,-9.866758346557617,40.484703063964844,0
1213,12130036,0.014278304763138294,0.01314790453761816,-1.0087696313858032,-0.5429997444152832,0.3786229193210602,-0.3370511531829834,29.87137222290039,-10.57620620727539,41.28078079223633,0
1214,12140058,0.06521196663379669,-0.028596404939889908,-0.9834088683128357,-0.021975446492433548,-0.3968709707260132,-0.18751101195812225,30.532625198364258,-9.372875213623047,38.60662078857422,0
1215,12150181,-0.04925905168056488,0.11667459458112717,-0.9786720275878906,-0.06992000341415405,0.7682589292526245,0.7856934666633606,29.894786834716797,-11.0491304397583,39.82656478881836,0
1216,12159998,-0.00403222581371665,-0.07963263988494873,-0.9742746353149414,0.6951254606246948,-0.4772610664367676,-1.3267781734466553,33.235191345214844,-10.44211196899414,40.427642822265625,0
1217,12169891,-0.03768026456236839,-0.019272541627287865,-1.008163332939148,-0.12170756608247757,-0.15003211796283722,0.8294396996498108,31.765810012817383,-8.050077438354492,39.57975387573242,0
1218,12179819,-0.0025689140893518925,0.014992606826126575,-0.9993608593940735,-0.825568437576294,0.5777192115783691,-0.20197638869285583,30.00302505493164,-11.119144439697266,39.00643539428711,0
1219,12190333,0.016821203753352165,0.10315321385860443,-1.0362409353256226,-0.1904156655073166,0.22478540241718292,0.3832550048828125,30.21743392944336,-8.926815032958984,40.64820861816406,0
1220,12200001,2.156198024749756e-05,-0.07126446068286896,-0.9837965369224548,0.3328384459018707,-0.4966700077056885,0.21465466916561127,29.68905258178711,-10.613898277282715,41.095558166503906,0
1221,12210042,-0.014256248250603676,0.08344968408346176,-0.9996525645256042,0.7384215593338013,0.21467286348342896,-0.23615029454231262,29.908639907836914,-9.270233154296875,40.54816818237305,0
1222,12219973,0.02726093679666519,-0.07347770780324936,-0.9807425141334534,-0.0313311442732811,0.09337068349123001,-0.5019528865814209,30.69803237915039,-10.194344520568848,40.972042083740234,0
1223,12230077,-0.03895922005176544,0.003718617372214794,-0.9827148914337158,-0.0028789613861590624,0.29586145281791687,-0.42083650827407837,29.382854461669922,-10.903617858886719,41.93122100830078,0
1224,12239997,0.029919123277068138,0.08294731378555298,-1.0533696413040161,0.13311421871185303,1.063829779624939,0.20296546816825867,28.95955467224121,-9.194466590881348,39.851341247558594,0
1225,12250011,-0.03255773335695267,-0.05614975467324257,-0.9707156419754028,0.5677027106285095,0.4489389955997467,0.11047648638486862,29.731224060058594,-11.84465503692627,39.065948486328125,0
1226,12260163,0.0770772323012352,-0.03994697704911232,-1.0146112442016602,0.1510513573884964,-0.5266047716140747,-0.816372811794281,29.341585159301758,-9.523279190063477,38.83187484741211,0
1227,12270087,0.007666776422411203,-0.048103801906108856,-0.9776900410652161,0.3711147606372833,0.3557880222797394,0.17527729272842407,29.673954010009766,-8.442179679870605,41.4516716003418,0
1228,12279958,0.05880410224199295,0.007355920970439911,-0.9727321863174438,-0.42144834995269775,0.5168575048446655,0.26107731461524963,29.41667938232422,-8.883732795715332,38.810691833496094,0
1229,12290137,0.08376652002334595,0.07417051494121552,-0.9909994006156921,0.24017955362796783,0.4523485004901886,0.0851777046918869,30.94220733642578,-10.959924697875977,40.613975524902344,0
1230,12300296,0.05033429339528084,-0.08265087753534317,-0.9975627660751343,-1.0731477737426758,0.48076146841049194,0.2761828601360321,29.528095245361328,-8.416202545166016,40.5100212097168,0
1231,12309629,-0.08310889452695847,0.05181237310171127,-1.004948616027832,0.10602418333292007,0.1568034142255783,1.0372860431671143,29.529380798339844,-9.373090744018555,39.13763427734375,0
1232,12319893,-0.06413561850786209,-0.03625600039958954,-0.9881463646888733,0.4225006401538849,-0.09691157191991806,0.43462854623794556,30.36465072631836,-7.731643199920654,39.11517333984375,0
1233,12330019,0.07416584342718124,-0.09740620106458664,-1.0090798139572144,-0.7574296593666077,0.27607980370521545,0.5837975144386292,30.3511962890625,-10.467376708984375,39.42843246459961,0
1234,12340171,7.407661905745044e-05,-0.010519308969378471,-1.0158722400665283,-0.005979596637189388,-0.27689769864082336,0.031823184341192245,29.190322875976562,-9.724298477172852,40.30418395996094,0
1235,12350162,0.06918454170227051,-0.019865090027451515,-0.9825078845024109,-0.08518316596746445,-0.3071298599243164,1.1912477016448975,30.78877067565918,-9.798416137695312,40.99833297729492,0
1236,12359641,0.041921261698007584,0.04439233988523483,-0.9910932779312134,-0.43112310767173767,0.5211981534957886,-0.0551396906375885,28.882484436035156,-10.709455490112305,38.6865348815918,0
1237,12369877,0.013540874235332012,-0.014424460940063,-0.9961076378822327,0.6492072939872742,0.4321238696575165,0.033692289143800735,30.350475311279297,-9.980331420898438,38.42039489746094,0
1238,12380263,0.0597444586455822,-0.0069213309325277805,-1.0326467752456665,1.173941731452942,0.02263910323381424,0.9423023462295532,28.68498420715332,-10.06155776977539,40.53369140625,0
1239,12389832,-0.07449869811534882,-0.03341091796755791,-0.9889453649520874,-0.21419832110404968,0.4153018593788147,-0.50386643409729,29.18327522277832,-10.384782791137695,39.94134521484375,0
1240,12399881,0.008159991353750229,-0.024651682004332542,-1.0277621746063232,0.1560637354850769,0.14142906665802002,0.299430251121521,29.29827880859375,-11.191030502319336,41.04076385498047,0
1241,12409884,0.001699242857284844,-0.055200569331645966,-1.0325498580932617,-0.3787175118923187,-0.5988588333129883,0.30472108721733093,31.081151962280273,-9.947113037109375,41.20122528076172,0
1242,12419936,0.01664409600198269,-0.0009170121047645807,-0.9550873637199402,0.33521711826324463,-0.08722586929798126,-0.6122000813484192,29.659420013427734,-10.177016258239746,39.823760986328125,0
1243,12430032,-0.047746941447257996,0.030026143416762352,-0.9967577457427979,0.1066339761018753,0.19654810428619385,0.08585312217473984,30.969568252563477,-8.36764144897461,40.94090270996094,0
1244,12440120,-0.04457059130072594,0.02538355626165867,-1.0021992921829224,-0.7787837982177734,0.5160856246948242,-0.10130425542593002,30.66841697692871,-10.429990768432617,38.642948150634766,0
1245,12449889,-0.051281753927469254,0.04511589556932449,-1.034865140914917,0.7075477838516235,-0.14212806522846222,0.18573087453842163,31.333642959594727,-9.182424545288086,41.05036163330078,0
1246,12460076,0.04201231896877289,0.005909519270062447,-1.0097668170928955,-0.9822161197662354,0.3213599920272827,-0.3262399435043335,30.021469116210938,-10.60012149810791,38.13276672363281,0
1247,12469960,-0.0699237808585167,-0.0006749196909368038,-0.9806027412414551,-0.18650047481060028,-0.47893866896629333,0.5630286931991577,29.838876724243164,-10.16751480102539,42.39225387573242,0
1248,12480079,0.06957439333200455,0.06473972648382187,-0.9893779158592224,-0.178045853972435,-0.262971431016922,0.026557492092251778,28.21955108642578,-10.519258499145508,38.86135482788086,0
1249,12490154,0.06796589493751526,-0.006509253289550543,-0.9938574433326721,0.1050686165690422,-0.42784383893013,0.38150185346603394,28.74739646911621,-10.348284721374512,39.42462921142578,0
1250,12500040,0.06094754859805107,-0.003413660917431116,-0.9884015321731567,0.014450499787926674,0.03024320863187313,-0.0790863186120987,30.928970336914062,-11.305588722229004,38.729644775390625,0
1251,12510068,-0.0020963135175406933,-0.03593721240758896,-0.9977980852127075,0.9124415516853333,-0.23343271017074585,-0.23065190017223358,31.541780471801758,-10.161299705505371,37.6814079284668,0
1252,12520113,-0.038246363401412964,0.03207976371049881,-1.0212483406066895,0.1886485069990158,-0.5195919871330261,-0.27513206005096436,29.37746238708496,-11.505363464355469,38.92578125,0
1253,12529981,-0.06583219766616821,-0.08267659693956375,-0.9824224710464478,-0.17888173460960388,-0.03776587173342705,-0.9303421378135681,28.161319732666016,-11.460516929626465,39.588783264160156,0
1254,12539974,-0.04495926946401596,-0.13089920580387115,-0.9973999857902527,0.0816338062286377,-0.2684705853462219,-0.567163348197937,30.350433349609375,-12.075133323669434,40.350006103515625,0
1255,12550091,-0.1278214007616043,0.057009197771549225,-0.9963133335113525,-0.16989868879318237,-0.4668080508708954,-0.2371520698070526,31.356164932250977,-10.385415077209473,40.74476623535156,0
1256,12559954,0.007270071655511856,0.0631415992975235,-0.9812951683998108,-0.43082067370414734,-0.1129174679517746,-0.14936986565589905,31.774797439575195,-9.759471893310547,40.23020935058594,0
1257,12570481,0.02087566629052162,0.009717278182506561,-0.9868345856666565,-0.5450003147125244,0.8159281015396118,-0.028742924332618713,30.632177352905273,-9.046531677246094,39.63991928100586,0
1258,12580078,0.01603170670568943,-0.031710002571344376,-0.9950870275497437,0.012221616692841053,0.12877021729946136,-1.263536810874939,31.21192169189453,-9.878949165344238,41.356266021728516,0
1259,12590052,0.05209536477923393,-0.04416050389409065,-0.9899346828460693,-0.20103444159030914,-0.7471962571144104,0.09726434201002121,29.2662353515625,-10.236929893493652,40.34653854370117,0
1260,12599702,-0.10830280929803848,0.044633232057094574,-1.0025774240493774,-0.29530200362205505,-0.5079158544540405,-0.4778696894645691,31.113525390625,-9.558883666992188,42.11534118652344,0
1261,12610066,-0.04095040261745453,0.04221198335289955,-1.0100408792495728,1.116410493850708,-0.2807360589504242,-0.13455075025558472,28.40286636352539,-9.745281219482422,39.374412536621094,0
1262,12620044,0.057267069816589355,-0.05337318778038025,-1.0064821243286133,-1.0685235261917114,0.34642869234085083,-0.8137494325637817,30.486299514770508,-9.973097801208496,40.89906692504883,0
1263,12629838,-0.034028276801109314,0.013483094051480293,-0.971368134021759,-0.2247910350561142,-0.5234331488609314,0.45562005043029785,30.050228118896484,-10.806045532226562,40.305076599121094,0
1264,12640019,-0.030888089910149574,0.004720429889857769,-1.0110255479812622,-1.0499452352523804,-0.8411440253257751,0.23753097653388977,30.45289421081543,-10.63232707977295,40.88140106201172,0
1265,12650111,0.11082794517278671,0.013071760535240173,-1.0035814046859741,0.4497537612915039,0.26941758394241333,0.46009165048599243,29.586227416992188,-10.984509468078613,40.2985954284668,0
1266,12659873,0.050645679235458374,-0.018090471625328064,-1.011132001876831,0.13925701379776,0.6764782667160034,0.21461595594882965,28.732662200927734,-10.085803031921387,39.912845611572266,0
1267,12670045,0.03930597007274628,0.05663542449474335,-0.9894166588783264,-0.21338918805122375,-0.6941445469856262,0.5345568060874939,27.74985694885254,-10.453990936279297,39.47149658203125,0
1268,12679852,0.05206245929002762,-0.025394346565008163,-1.008774757385254,0.23548097908496857,0.07207868248224258,0.46967220306396484,28.323387145996094,-9.341973304748535,38.386741638183594,0
1269,12689915,0.02981618046760559,0.10923769325017929,-0.9787789583206177,0.8700234889984131,0.6057729125022888,0.41239219903945923,30.77579116821289,-9.247855186462402,38.87919235229492,0
1270,12699988,0.04552944004535675,-0.0005470846663229167,-0.9713279008865356,0.12089686095714569,0.13707329332828522,0.4956361949443817,31.88878631591797,-8.436537742614746,40.4458122253418,0
1271,12709854,0.11070781946182251,-0.003137810155749321,-1.0119471549987793,-0.11598789691925049,-0.5591151118278503,0.22185347974300385,30.855989456176758,-10.029868125915527,41.586753845214844,0
1272,12720038,-0.03015201911330223,-0.08902057260274887,-0.9733304977416992,0.5451876521110535,0.6091539859771729,-0.021700607612729073,29.63502311706543,-10.89929485321045,41.10328674316406,0
1273,12730180,-0.01214755792170763,-0.034363728016614914,-1.0029139518737793,-0.6859066486358643,-0.22203631699085236,0.05651209503412247,29.17462730407715,-9.662205696105957,40.7010612487793,0
1274,12740000,0.04660461097955704,0.0028249789029359818,-1.007765293121338,-0.20722249150276184,0.14744938910007477,0.12243184447288513,29.977066040039062,-11.50015640258789,39.92988586425781,0
1275,12749742,-0.015133553184568882,-0.03087534010410309,-1.016487717628479,0.25764942169189453,0.4736175537109375,0.15348486602306366,29.80733299255371,-9.837736129760742,40.961647033691406,0
1276,12760072,-0.0037129726260900497,0.004294486716389656,-0.9950658082962036,0.5382975935935974,-0.14476463198661804,0.12411326169967651,28.920719146728516,-9.454141616821289,38.89910888671875,0
1277,12770134,-0.004895587917417288,0.02431134134531021,-0.9700737595558167,-0.2581345736980438,-0.40973833203315735,-0.16207043826580048,30.176923751831055,-10.780580520629883,38.2086067199707,0
1278,12779901,0.034088145941495895,0.019325289875268936,-0.9833933115005493,0.23453466594219208,-0.024579552933573723,0.08926714956760406,28.634889602661133,-9.365187644958496,40.809967041015625,0
1279,12790270,-0.001257520285435021,0.026581857353448868,-0.9787189960479736,-0.13947521150112152,0.29127243161201477,-0.12133120000362396,29.097734451293945,-8.992429733276367,37.6007194519043,0
1280,12800016,-0.08119533956050873,0.014097045175731182,-0.9863223433494568,-0.05468517169356346,0.3440306782722473,0.9339373111724854,29.91094398498535,-10.51237964630127,39.56353759765625,0
1281,12810094,0.03243504837155342,0.06014866754412651,-1.0456517934799194,0.08246944099664688,-0.14174938201904297,0.4142874777317047,30.431522369384766,-10.793045997619629,40.05496597290039,0
1282,12820033,-0.015202785842120647,-0.09128063917160034,-1.014363408088684,-0.031673721969127655,0.24632376432418823,0.4701549708843231,31.937700271606445,-9.492568969726562,40.257930755615234,0
1283,12829816,0.09129641205072403,0.0019496689783409238,-0.9676172733306885,0.8489242792129517,0.23022383451461792,-1.074725866317749,31.190383911132812,-8.909594535827637,39.98476028442383,0
1284,12840015,-0.01217682659626007,-0.011256732046604156,-1.0045799016952515,0.2692517638206482,0.04425588995218277,-0.5669296383857727,30.896753311157227,-9.080507278442383,40.5866813659668,0
1285,12850216,-0.12251440435647964,0.046636853367090225,-1.0128849744796753,0.5799004435539246,-0.7981061935424805,0.6378310918807983,28.779052734375,-10.229348182678223,38.58719253540039,0
1286,12860235,0.026032136753201485,0.09308797121047974,-1.0099554061889648,-0.48474395275115967,-0.39490798115730286,0.747473955154419,29.81521987915039,-10.247400283813477,41.24300765991211,0
1287,12870105,-0.009129143320024014,0.11059808731079102,-0.9981391429901123,0.631761908531189,0.7751147150993347,0.14523954689502716,30.302757263183594,-8.978835105895996,40.05295944213867,0
1288,12879860,0.049201127141714096,-0.059743430465459824,-0.9822058081626892,0.23057860136032104,-0.3694173991680145,0.33889040350914,30.372676849365234,-9.398841857910156,39.791046142578125,0
1289,12889981,-0.023142747581005096,0.12093447893857956,-0.9782580137252808,0.18001368641853333,-0.445898175239563,-0.30594921112060547,29.89478302001953,-11.138259887695312,40.054100036621094,0
1290,12900125,-0.06434669345617294,-0.06803234666585922,-1.0071611404418945,-1.2930917739868164,0.044468894600868225,-0.3878348767757416,28.461977005004883,-9.11412239074707,39.46668243408203,0
1291,12909994,-0.004158575553447008,0.040680136531591415,-0.983429491519928,1.5262839794158936,0.21016985177993774,0.14931416511535645,30.350360870361328,-8.804699897766113,40.531917572021484,0
1292,12919942,0.046738408505916595,0.019263440743088722,-1.0263010263442993,-0.16930660605430603,1.2742527723312378,-0.04353011026978493,29.332021713256836,-8.457559585571289,41.04951858520508,0
1293,12930062,-0.018034325912594795,0.0675542801618576,-1.0191603899002075,-0.7685879468917847,-0.04007257521152496,0.056273698806762695,29.45272445678711,-9.271697044372559,40.64207458496094,0
1294,12940089,-0.004057259764522314,-0.043178390711545944,-1.0169302225112915,-0.8095541596412659,-0.2524253726005554,-0.6323118805885315,28.077838897705078,-10.373695373535156,40.50874328613281,0
1295,12949970,0.01850087009370327,0.03787210211157799,-1.0341848134994507,0.5898124575614929,0.31855112314224243,0.1122342124581337,30.26862335205078,-10.39113998413086,38.3709602355957,0
1296,12960021,-0.029410190880298615,-0.049250807613134384,-0.9689541459083557,-1.0339055061340332,0.33018359541893005,-0.19515320658683777,30.02532196044922,-10.880852699279785,39.27511215209961,0
1297,12970106,0.005573723930865526,-0.035233307629823685,-1.0216102600097656,0.41515132784843445,-0.1813369244337082,0.49738809466362,30.274654388427734,-10.488014221191406,39.680015563964844,0
1298,12980121,-0.0007553043542429805,-0.032940156757831573,-0.9968284964561462,-0.034681614488363266,0.09326402097940445,-0.8120648264884949,29.280702590942383,-8.712813377380371,40.27614974975586,0
1299,12990342,-0.037882063537836075,-0.06135344132781029,-1.0011584758758545,1.2592252492904663,-1.3195548057556152,0.49040481448173523,29.88776397705078,-8.521716117858887,39.37588882446289,0
1300,13000028,0.04663962125778198,0.012394741177558899,-0.9925233125686646,-0.4834490716457367,0.10968188941478729,0.42685258388519287,29.38017463684082,-8.55492115020752,41.172733306884766,0
1301,13009866,-0.026521634310483932,0.019161658361554146,-1.018798828125,0.9232689738273621,-0.5987560153007507,0.7122384309768677,29.347400665283203,-8.486557006835938,41.1773681640625,0
1302,13019811,-0.013013369403779507,-0.016204236075282097,-0.9774066209793091,0.35757380723953247,-0.07228109985589981,0.04632320627570152,27.061113357543945,-10.384810447692871,39.60240173339844,0
1303,13030225,0.0028990560676902533,-0.05748475342988968,-0.9682583808898926,0.6077092885971069,0.027375413104891777,0.023614343255758286,30.692291259765625,-11.954629898071289,39.95048904418945,0
1304,13040056,-0.06390915811061859,-0.031335290521383286,-0.9773575663566589,-0.2975207269191742,0.17364813387393951,0.2956414520740509,30.674705505371094,-10.779119491577148,39.15797424316406,0
1305,13050089,0.09332691133022308,0.08209491521120071,-0.9823020100593567,1.1108901500701904,-0.13706034421920776,-1.1396102905273438,30.833681106567383,-10.790946960449219,39.44923400878906,0
1306,13060040,-0.0604754276573658,0.008190750144422054,-0.9917603135108948,-0.6194390654563904,-0.3839094936847687,0.2881830334663391,30.032434463500977,-9.833756446838379,40.54178237915039,0
1307,13070088,0.03673934563994408,0.0399068146944046,-0.9629993438720703,-0.9522544741630554,0.6893116235733032,0.37625905871391296,29.904321670532227,-9.51154613494873,38.21193313598633,0
1308,13080010,0.007572563365101814,0.06156884878873825,-0.9942342042922974,-0.30442097783088684,-0.07306291908025742,-0.34020906686782837,31.008914947509766,-10.498154640197754,41.01616668701172,0
1309,13090029,-0.0778236836194992,0.020825481042265892,-0.9727312922477722,-0.15508420765399933,-0.6953427195549011,-0.7344205975532532,30.671512603759766,-9.39385986328125,41.1051139831543,0
1310,13100006,-0.049046341329813004,-0.02871357463300228,-0.9677368998527527,-0.852932333946228,0.044667359441518784,-0.2833072543144226,30.109676361083984,-9.106792449951172,40.16138458251953,0
1311,13109911,-0.03199893236160278,0.005317919421941042,-1.0108495950698853,-0.45491552352905273,-0.20841121673583984,0.7627242207527161,29.211437225341797,-8.4083833694458,40.81053161621094,0
1312,13119949,0.005402399227023125,0.06498073041439056,-0.9935069680213928,1.3177597522735596,0.2450530081987381,0.5659917593002319,29.642662048339844,-10.298107147216797,39.088470458984375,0
1313,13129938,0.07459402829408646,0.02086692675948143,-0.9839146733283997,0.6704497337341309,0.6789146065711975,1.021964430809021,29.8147029876709,-9.781437873840332,40.746551513671875,0
1314,13139985,-0.0450090654194355,-0.013422152027487755,-0.9782779216766357,-0.20633602142333984,-0.12349060922861099,1.042865514755249,31.015762329101562,-11.523963928222656,41.65681457519531,0
1315,13150033,0.05949314683675766,-0.046185288578271866,-0.9831116199493408,-0.27606797218322754,0.030365578830242157,-1.0203853845596313,29.56779670715332,-10.104656219482422,41.09100341796875,0
1316,13160002,0.02191237360239029,-0.06262630969285965,-0.9561785459518433,0.9761959910392761,0.1285393387079239,-0.3733411133289337,30.41457176208496,-8.355086326599121,40.18147277832031,0
1317,13170136,0.034888219088315964,-0.007635160814970732,-1.0029573440551758,0.2557506561279297,-0.010877871885895729,0.014955592341721058,29.935131072998047,-9.571084976196289,39.24448776245117,0
1318,13179798,-0.0792895033955574,0.05428368225693703,-1.0081459283828735,-0.36932018399238586,0.6905615329742432,0.15035265684127808,31.3800048828125,-10.335978507995605,39.45560836791992,0
1319,13189746,-0.01929287053644657,-0.007392704486846924,-0.985422670841217,-0.3168029189109802,-0.006860809866338968,0.1757563054561615,29.87887191772461,-9.377311706542969,41.307212829589844,0
1320,13200000,0.035858552902936935,0.10109793394804001,-0.9960610270500183,-0.18857410550117493,0.4034271538257599,-0.04914691299200058,28.58148193359375,-9.493152618408203,39.814517974853516,0
1321,13209921,-0.07329730689525604,-0.04669085144996643,-1.0339314937591553,-0.06611111760139465,0.6678037643432617,0.976729154586792,30.687240600585938,-9.068780899047852,38.84751510620117,0
1322,13220226,0.06404192000627518,-0.051032502204179764,-1.0044578313827515,0.6009652614593506,-0.6022780537605286,-0.6861688494682312,29.538114547729492,-10.417387962341309,38.77583312988281,0
1323,13229967,-0.029472315683960915,0.10516272485256195,-1.013346552848816,-0.5189899802207947,-0.24645689129829407,-0.40654245018959045,30.54990577697754,-10.579364776611328,38.50368881225586,0
1324,13240261,-0.13216862082481384,0.026478586718440056,-1.0054188966751099,0.1385858952999115,-0.9544740319252014,-0.22280338406562805,30.399574279785156,-9.71485424041748,39.088558197021484,0
1325,13249842,0.026528803631663322,0.02086595445871353,-0.9813891649246216,0.24175696074962616,0.35020050406455994,0.06881731748580933,30.31012725830078,-8.689859390258789,41.126705169677734,0
1326,13259937,-0.03749784827232361,-0.016967609524726868,-0.9894096255302429,1.1403915882110596,0.5562319755554199,0.16605016589164734,31.83442497253418,-11.264781951904297,41.183258056640625,0
1327,13269859,0.016913777217268944,-0.015308205969631672,-1.0137920379638672,-0.9877216219902039,-0.5718125700950623,0.07989729940891266,29.3287296295166,-9.926426887512207,39.49700164794922,0
1328,13279981,-0.035060472786426544,0.022873174399137497,-1.0693186521530151,-0.2860412895679474,0.26706480979919434,0.14501795172691345,31.410423278808594,-9.29129409790039,39.08681869506836,0
1329,13289950,0.0397869348526001,0.005661798641085625,-0.99118572473526,0.6004435420036316,-0.0890781357884407,0.3756847381591797,31.121610641479492,-9.945965766906738,39.3087272644043,0
1330,13300135,0.0049914149567484856,-0.006913157645612955,-0.9955641627311707,0.3432515859603882,0.035571835935115814,0.14676694571971893,29.06829833984375,-9.997037887573242,40.61686325073242,0
1331,13310136,-0.04628818854689598,0.04189714044332504,-1.0009902715682983,-0.6508194208145142,-0.09534849971532822,-0.16314221918582916,29.025915145874023,-10.02859115600586,38.85365676879883,0
1332,13319976,0.015383311547338963,0.017834831029176712,-1.013675570487976,0.3689826428890228,-0.2413904368877411,0.5278052091598511,30.39768409729004,-11.1484956741333,38.820281982421875,0
1333,13329912,-0.015679981559515,0.10190850496292114,-1.0149967670440674,-0.28605782985687256,0.06651250272989273,-0.0076694246381521225,30.637897491455078,-11.193817138671875,39.93529510498047,0
1334,13339860,-0.07167067378759384,0.005665215197950602,-0.9667133092880249,-0.029912153258919716,-0.712955892086029,0.561377227306366,30.6231632232666,-10.127420425415039,39.21881866455078,0
1335,13350166,-0.07619143277406693,-0.005465466994792223,-1.0169970989227295,-0.6136517524719238,-0.2263503223657608,-0.5232698321342468,31.105342864990234,-10.3152437210083,40.73736572265625,0
1336,13359724,-0.03843175992369652,-0.035522159188985825,-0.998892605304718,-0.04643227532505989,1.261130928993225,0.27314847707748413,29.621910095214844,-9.538644790649414,38.90684509277344,0
1337,13370127,-0.011930262669920921,0.08419224619865417,-1.0025579929351807,-0.11252232640981674,-0.358542263507843,-0.23986704647541046,30.179656982421875,-11.408980369567871,39.37123489379883,0
1338,13379887,-0.046011783182621,0.02470964752137661,-0.9853987097740173,-0.249167338013649,-0.3697682321071625,-0.5669136047363281,30.348491668701172,-9.17224407196045,37.82698059082031,0
1339,13389913,0.02998589538037777,-0.03783998265862465,-0.994932234287262,-0.09961636364459991,-0.09944947808980942,0.6437045931816101,28.41700553894043,-8.35263442993164,41.737945556640625,0
1340,13399917,0.0016954229213297367,-0.0010846930090337992,-1.0271310806274414,-0.14869947731494904,0.7702729105949402,-0.14347170293331146,29.99250030517578,-9.87222671508789,39.732635498046875,0
1341,13410007,0.06331179291009903,-0.018305150792002678,-1.0052376985549927,-0.8130111694335938,-0.1378091275691986,0.1294180452823639,28.437116622924805,-9.091655731201172,39.041847229003906,0
1342,13420236,-0.06069011241197586,-0.07994000613689423,-1.01547110080719,-0.0842410996556282,0.26906904578208923,0.1703619807958603,30.850589752197266,-10.837538719177246,41.38569641113281,0
1343,13429875,0.018470358103513718,0.0983467698097229,-1.013333797454834,0.4181116819381714,0.9709277153015137,0.820766270160675,30.368188858032227,-9.095431327819824,39.965885162353516,0
1344,13439803,0.018893029540777206,-0.01431285496801138,-1.0017070770263672,-0.47800156474113464,0.022489167749881744,-0.592505156993866,29.830944061279297,-7.724117279052734,38.11646270751953,0
1345,13450207,-0.017707915976643562,-0.04628892242908478,-1.0180577039718628,-0.04622580483555794,-0.6082775592803955,-0.22064921259880066,30.18821907043457,-9.445865631103516,42.53462219238281,0
1346,13460239,-0.007312916684895754,0.03487338870763779,-1.0174881219863892,-0.7349643707275391,-0.6844310164451599,0.3935127854347229,32.181251525878906,-9.631491661071777,39.61990737915039,0
1347,13469953,-0.03006887435913086,-0.011167139746248722,-0.9952725172042847,0.3163968622684479,0.19077253341674805,-0.37545496225357056,30.886564254760742,-10.599783897399902,41.55908203125,0
1348,13479903,0.014584899879992008,0.02984812669456005,-0.9967483878135681,-0.35817840695381165,0.3729783296585083,0.2069273591041565,29.071483612060547,-9.662446022033691,39.28636169433594,0
1349,13490000,-0.09292981028556824,-0.0007091251900419593,-1.0221610069274902,0.9638305306434631,-0.1532740443944931,-0.3538406789302826,28.906436920166016,-11.023205757141113,41.571319580078125,0
1350,13499941,0.005468541290611029,0.006770703475922346,-1.0195696353912354,0.07506506890058517,-0.3533051311969757,0.01597537472844124,28.74199867248535,-9.164112091064453,39.50764846801758,0
1351,13510173,0.004956717137247324,0.024961357936263084,-0.9879197478294373,-0.4932597875595093,0.27523836493492126,0.19124871492385864,30.265296936035156,-11.227478981018066,40.37936019897461,0
1352,13520003,0.014992523938417435,-0.016849976032972336,-1.0114800930023193,-0.007888074032962322,-0.5444269180297852,0.6295508146286011,28.78740882873535,-8.784648895263672,41.64588165283203,0
1353,13530359,0.008899092674255371,0.08804384618997574,-1.0122871398925781,0.30724191665649414,0.8592631220817566,-0.5641012787818909,30.010284423828125,-10.423910140991211,39.680938720703125,0
1354,13540043,0.05209861323237419,0.06727021932601929,-1.018263816833496,-0.06359124928712845,0.56516033411026,0.7391273379325867,31.240140914916992,-10.23200511932373,42.09962463378906,0
1355,13549969,0.02383643016219139,0.10065265744924545,-0.9719324111938477,-0.37788355350494385,0.28146249055862427,0.36464229226112366,30.937850952148438,-11.268282890319824,39.17551803588867,0
1356,13560101,-0.030377384275197983,0.005319549702107906,-0.990185558795929,-0.6588371992111206,-0.23074524104595184,0.9055622220039368,28.88735008239746,-10.374927520751953,40.991363525390625,0
1357,13569918,0.035366177558898926,0.015300185419619083,-0.9792296886444092,-0.638195276260376,-0.45067301392555237,0.4770332872867584,30.95926856994629,-10.154679298400879,41.12392807006836,0
1358,13579943,0.00342737534083426,0.08955583721399307,-1.0050771236419678,0.5559230446815491,-0.14566288888454437,-0.6248821020126343,29.810333251953125,-10.22514533996582,41.41542434692383,0
1359,13589976,0.06659643352031708,0.03783367946743965,-1.0221991539001465,0.04799116030335426,-0.39716383814811707,-0.21724815666675568,32.526763916015625,-11.158201217651367,40.43511962890625,0
1360,13600081,0.008669452741742134,0.06658627092838287,-1.0265260934829712,-0.21124693751335144,0.15546895563602448,0.5680886507034302,30.906055450439453,-9.691083908081055,40.27957534790039,0
1361,13609980,-0.06768526881933212,-0.02063911221921444,-0.998549222946167,0.22104813158512115,0.0757027417421341,0.4448840618133545,29.042007446289062,-10.066757202148438,39.6375846862793,0
1362,13620273,0.05940219759941101,0.06692729145288467,-0.9915063381195068,0.893585205078125,-0.13752855360507965,1.019271731376648,29.069358825683594,-10.145208358764648,40.12630081176758,0
1363,13630431,0.056985486298799515,0.14825057983398438,-0.9953401684761047,1.1244416236877441,0.061052463948726654,0.4444235861301422,31.80741310119629,-11.335290908813477,39.02541732788086,0
1364,13639857,0.10812974721193314,0.0037822574377059937,-0.9870463609695435,0.3173516094684601,-0.2927718758583069,-0.2077055126428604,30.173213958740234,-9.471430778503418,39.875484466552734,0
1365,13649950,0.001828092965297401,-0.03350450471043587,-1.0213470458984375,-0.4825783371925354,-0.8477869629859924,0.9643153548240662,30.799617767333984,-9.297192573547363,39.81475830078125,0
1366,13660083,0.03516276553273201,0.007925801910459995,-1.014281988143921,0.7031314969062805,-0.41473230719566345,-0.038119252771139145,30.180400848388672,-9.122081756591797,41.64009475708008,0
1367,13669932,-0.017475862056016922,-0.06247603893280029,-1.028937578201294,0.2993119955062866,-0.28407663106918335,0.5917990803718567,30.314748764038086,-8.252167701721191,40.68669509887695,0
1368,13680084,0.06356984376907349,0.05900604650378227,-0.9904184341430664,-0.6706312894821167,-0.22074055671691895,0.2878727912902832,29.854358673095703,-10.138474464416504,41.50198745727539,0
1369,13689858,0.038658611476421356,-0.023859675973653793,-0.9813224673271179,0.5187830328941345,-1.1196765899658203,-0.2676497995853424,28.927377700805664,-10.781937599182129,40.756534576416016,0
1370,13699997,0.039007578045129776,0.03605785220861435,-0.9935054183006287,-0.629031240940094,0.4081481993198395,0.6426388025283813,30.285356521606445,-9.366372108459473,40.66701126098633,0
1371,13709896,-0.06265824288129807,-0.02789989672601223,-1.0140330791473389,0.08388236910104752,0.4668845236301422,0.011212009936571121,29.040739059448242,-12.361225128173828,40.78738784790039,0
1372,13720152,0.012787317857146263,-0.017173826694488525,-1.036908507347107,-0.4237213134765625,0.29877331852912903,0.09457585960626602,30.558441162109375,-10.751255989074707,41.154327392578125,0
1373,13730182,0.046452488750219345,-0.05724061653017998,-0.9951498508453369,-0.5747171640396118,0.4812203049659729,0.22659611701965332,28.863882064819336,-9.580989837646484,40.623512268066406,0
1374,13740158,0.003929100465029478,-0.053509946912527084,-0.9996082186698914,-0.3478391170501709,0.32749587297439575,-0.24371783435344696,30.41693115234375,-10.130646705627441,40.95615005493164,0
1375,13749953,0.017917262390255928,0.09278346598148346,-0.9941191077232361,-0.42366641759872437,-0.5062342286109924,1.3194637298583984,29.965087890625,-10.693487167358398,40.382442474365234,0
1376,13759929,-0.0012111957184970379,0.041049081832170486,-0.9633296132087708,0.1862127035856247,0.8871265649795532,0.22905220091342926,30.215150833129883,-9.35785961151123,39.530364990234375,0
1377,13770052,-0.05279247462749481,-0.0014196179108694196,-0.9854211211204529,0.5602859258651733,-0.7853280901908875,0.43419620394706726,27.33732032775879,-10.556806564331055,39.02473068237305,0
1378,13779969,-0.11236591637134552,-0.05496034026145935,-1.0201680660247803,0.05497473105788231,-0.023541439324617386,0.23656600713729858,28.642892837524414,-8.335899353027344,40.41713333129883,0
1379,13790163,-0.021896619349718094,-0.040971871465444565,-1.0080804824829102,0.38641875982284546,0.0806119367480278,0.00031149713322520256,30.336036682128906,-9.361540794372559,40.44765853881836,0
1380,13799888,-0.055726613849401474,0.06943978369235992,-1.0033233165740967,-0.28630319237709045,-0.08214223384857178,0.04444468393921852,28.44668197631836,-9.144180297851562,37.9206657409668,0
1381,13810365,-0.034787554293870926,0.04934598505496979,-1.019582986831665,-0.15781012177467346,-0.3275103271007538,0.5360041856765747,31.17857551574707,-10.88602352142334,39.24115753173828,0
1382,13820168,0.0004911670694127679,0.0033118678256869316,-1.010895013809204,-1.0730003118515015,-0.21510697901248932,0.12734976410865784,29.163047790527344,-9.998136520385742,40.17182159423828,0
1383,13829927,-0.038131970912218094,0.0005242418264970183,-0.9857578277587891,-0.3037950098514557,0.5622170567512512,0.048318397253751755,28.524478912353516,-10.824466705322266,39.80665588378906,0
1384,13839873,0.030515816062688828,0.03161735460162163,-1.017695665359497,-0.3836432099342346,0.26399916410446167,0.18656016886234283,31.673887252807617,-8.5211181640625,39.138519287109375,0
1385,13849746,-0.01212641503661871,0.038877274841070175,-0.9797613024711609,-0.3064256012439728,-0.1469285637140274,0.27792230248451233,29.00751304626465,-9.210348129272461,41.418487548828125,0
1386,13860177,0.06444931030273438,0.02051832713186741,-0.982441246509552,-0.3501757085323334,0.05482775717973709,-0.06073706969618797,28.984947204589844,-10.946816444396973,38.30325698852539,0
1387,13869930,0.007161709945648909,-0.09366726875305176,-1.0054070949554443,-0.016985034570097923,0.5129366517066956,-0.17771919071674347,29.4438419342041,-9.196186065673828,40.72180938720703,0
1388,13879989,0.10575349628925323,0.07774649560451508,-0.9766689538955688,0.7628018856048584,0.640077531337738,-0.5191770195960999,28.83074188232422,-11.332719802856445,39.154781341552734,0
1389,13889953,0.021338310092687607,0.032667823135852814,-1.0137542486190796,0.8409335017204285,0.8481482863426208,0.14124926924705505,31.01671600341797,-11.10490894317627,39.79603576660156,0
1390,13899923,0.03295541927218437,0.034867070615291595,-1.0226348638534546,0.6965138912200928,0.37549594044685364,-0.062202680855989456,31.173524856567383,-10.127058029174805,39.943729400634766,0
1391,13910172,0.041252657771110535,0.017945215106010437,-0.9783549308776855,0.06710939854383469,-0.06643930077552795,-0.09467693418264389,29.041427612304688,-11.796366691589355,38.76094055175781,0
1392,13920054,-0.06259895116090775,-0.015167638659477234,-0.9645339250564575,0.6127026677131653,0.5556498765945435,-0.2692084312438965,29.90735626220703,-8.629755973815918,38.600624084472656,0
1393,13930086,0.025656525045633316,0.011912570334970951,-0.9689919352531433,0.42517173290252686,-0.35671690106391907,-0.812633752822876,29.572406768798828,-10.150792121887207,40.74277877807617,0
1394,13940002,0.0775195062160492,0.08760155737400055,-0.987522542476654,-0.6210905909538269,0.9592013955116272,0.8672967553138733,28.67652702331543,-10.975031852722168,40.238651275634766,0
1395,13949879,0.002460567280650139,-0.002640127670019865,-1.004624843597412,-0.25941240787506104,0.511616051197052,-0.19229155778884888,29.100622177124023,-11.043279647827148,40.709564208984375,0
1396,13959953,-0.06816912442445755,0.0023266272619366646,-1.0262759923934937,0.821254551410675,0.22779013216495514,-0.8824841380119324,30.297067642211914,-10.512518882751465,40.447120666503906,0
1397,13969749,0.014424523338675499,0.021296586841344833,-1.0355257987976074,0.4188821017742157,0.9269145131111145,0.2676747441291809,30.122297286987305,-9.830896377563477,41.803260803222656,0
1398,13979909,0.04012618586421013,-0.02870059385895729,-1.0214407444000244,-0.20361179113388062,0.13148975372314453,-0.2822585999965668,30.971704483032227,-11.719256401062012,41.71554946899414,0
1399,13989969,-0.020608868449926376,0.010601109825074673,-0.975104808807373,0.249420166015625,0.2812477648258209,-0.7133232951164246,28.912765502929688,-9.965737342834473,38.9268684387207,0
1400,13999986,-0.1318364143371582,0.14852242171764374,-1.0007257461547852,0.5799958109855652,-1.0948851108551025,-0.586979329586029,30.823009490966797,-10.363916397094727,39.80374526977539,0
1401,14009931,-0.024118810892105103,-0.01947297714650631,-0.9811481237411499,-0.10130896419286728,-0.13444335758686066,-0.48879605531692505,29.038747787475586,-12.468406677246094,39.77005386352539,0
1402,14019893,-0.0368826650083065,-0.05451695993542671,-1.011640191078186,-0.3747237026691437,0.7419524788856506,0.5686274766921997,27.971633911132812,-10.013257026672363,40.844268798828125,0
1403,14030441,0.005971081089228392,0.034229446202516556,-0.9947858452796936,0.2067316472530365,-0.12447404861450195,0.7243125438690186,30.598133087158203,-10.8173246383667,42.08430099487305,0
1404,14040059,-0.005212767980992794,-0.0023734092246741056,-1.0216255187988281,0.15372321009635925,-0.7678108215332031,0.3517352342605591,29.323827743530273,-8.91672420501709,40.309810638427734,0
1405,14050012,0.05797753855586052,0.03169788420200348,-1.0080958604812622,0.1617428958415985,-0.38705575466156006,0.29853469133377075,30.132369995117188,-10.980961799621582,38.93699645996094,0
1406,14059928,-0.055838149040937424,0.04240347817540169,-0.9521943926811218,0.061342865228652954,0.5069023370742798,0.087553471326828,30.549894332885742,-10.861659049987793,40.91277313232422,0
1407,14069957,0.06359189003705978,0.02864755317568779,-1.0316776037216187,-0.3723700940608978,0.4702337980270386,0.725991427898407,32.172607421875,-10.450484275817871,39.81163024902344,0
1408,14079978,0.04992646723985672,-0.10264493525028229,-0.9912866353988647,-0.12529093027114868,0.10948994010686874,0.01835053600370884,30.04357147216797,-8.318622589111328,38.57836151123047,0
1409,14090256,0.004305410664528608,-0.007429529447108507,-0.9876399636268616,-1.317245602607727,-0.33926230669021606,-0.27506038546562195,30.383962631225586,-8.984970092773438,38.254608154296875,0
1410,14099934,-0.019277330487966537,0.005171735771000385,-0.9790834188461304,-0.29471972584724426,-0.12251323461532593,0.0918695479631424,29.939233779907227,-11.05449104309082,41.24771499633789,0
1411,14109908,0.06714990735054016,-0.04479818418622017,-1.0050849914550781,0.2735365629196167,-0.1065925806760788,0.35191911458969116,29.9708309173584,-10.015949249267578,41.027435302734375,0
1412,14120072,0.043697357177734375,-0.03387801721692085,-1.008795142173767,0.23055119812488556,-0.42319855093955994,0.34706923365592957,29.588470458984375,-10.688066482543945,39.08927917480469,0
1413,14129952,0.032492559403181076,-0.003124181879684329,-1.002296805381775,-0.18572835624217987,-1.2386678457260132,0.5199944376945496,28.908645629882812,-10.17440414428711,39.41512680053711,0
1414,14140096,0.02810034155845642,-0.02551906742155552,-0.9924441576004028,-0.35989633202552795,-0.9341285824775696,-1.1637132167816162,29.993009567260742,-9.563112258911133,38.237606048583984,0
1415,14149910,0.014296031557023525,-0.03556882590055466,-1.0096977949142456,-0.7295393943786621,0.5827022194862366,0.12583933770656586,29.222909927368164,-9.740641593933105,40.04594802856445,0
1416,14160269,0.014260511845350266,-0.04795782268047333,-1.0004807710647583,0.8278238773345947,0.8522742390632629,0.04817364737391472,30.37523078918457,-9.835184097290039,40.08202362060547,0
1417,14170193,-0.025365006178617477,0.03988243639469147,-0.9968857169151306,0.013279645703732967,0.13915689289569855,-0.4283972382545471,31.196704864501953,-10.054332733154297,41.17349624633789,0
1418,14180042,-0.008347393944859505,-0.015542321838438511,-0.968248188495636,0.6512235999107361,0.9365993738174438,-0.6581010222434998,29.939773559570312,-10.440811157226562,39.242218017578125,0
1419,14190064,-0.05616769939661026,0.06736785173416138,-1.0208959579467773,0.6571542620658875,-0.12625384330749512,0.3686346113681793,29.914915084838867,-9.222067832946777,37.968528747558594,0
1420,14199697,-0.051816318184137344,-0.0303979329764843,-1.026328206062317,0.6840702891349792,-0.797182559967041,0.13102631270885468,30.12107276916504,-10.193659782409668,40.1389045715332,0
1421,14209734,0.018968941643834114,-0.016380425542593002,-1.0003650188446045,0.5654014348983765,-0.4701571762561798,-0.15232239663600922,33.32573699951172,-11.578229904174805,40.87815856933594,0
1422,14219905,-0.050448186695575714,-0.07563348859548569,-0.984230637550354,-0.5348396301269531,0.49282723665237427,-1.0342344045639038,29.961345672607422,-10.868820190429688,38.816184997558594,0
1423,14230035,0.030746201053261757,-0.03562900051474571,-1.019795536994934,0.3134159445762634,0.5934368968009949,-0.23107804358005524,29.336349487304688,-8.974961280822754,40.011077880859375,0
1424,14240028,-0.01808888651430607,0.0002761340874712914,-1.027595043182373,1.0195153951644897,0.9312607645988464,-0.9783408045768738,30.021289825439453,-9.367125511169434,39.36186599731445,0
1425,14249957,-0.0869641974568367,0.03188703954219818,-1.0070335865020752,0.7452292442321777,0.7915908098220825,0.1547500044107437,31.24064826965332,-9.107442855834961,41.396263122558594,0
1426,14260251,-0.0028659822419285774,-0.054578762501478195,-1.0175449848175049,0.33309608697891235,0.21598652005195618,-0.5516980290412903,30.029115676879883,-9.801414489746094,40.162784576416016,0
1427,14270025,-0.031100422143936157,0.03046155348420143,-0.9924630522727966,0.025315428152680397,0.5596804022789001,0.44643494486808777,31.29926300048828,-12.142988204956055,38.99726104736328,0
1428,14279930,0.05668265372514725,-0.11137150228023529,-0.9917588233947754,-0.022432861849665642,0.09061326086521149,-0.3841642439365387,30.802085876464844,-9.08725357055664,41.21864318847656,0
1429,14289962,0.06042766571044922,-0.05347663164138794,-1.0195661783218384,1.3667064905166626,-0.17589545249938965,0.48041340708732605,29.902637481689453,-10.32988166809082,40.70259094238281,0
1430,14299596,0.005061788018792868,0.022634295746684074,-1.0100334882736206,0.2538692057132721,0.15101474523544312,-0.4082805812358856,30.15859031677246,-10.009819984436035,41.0693473815918,0
1431,14309857,6.86730636516586e-05,-0.029345326125621796,-0.9815203547477722,-0.3061932623386383,-0.2403748631477356,-0.2687094807624817,30.584938049316406,-10.208300590515137,38.7587890625,0
1432,14320207,-0.12186332046985626,-0.02181689254939556,-0.9896761775016785,0.28803253173828125,0.1372116357088089,-0.0633636862039566,30.188264846801758,-10.821392059326172,39.25173568725586,0
1433,14329937,-0.07165221869945526,-0.06762523949146271,-1.0124503374099731,-0.13257357478141785,0.25877147912979126,-0.08255665004253387,30.044029235839844,-11.729994773864746,40.72321701049805,0
1434,14339947,0.07588214427232742,0.08019109815359116,-1.0098347663879395,-0.3378262221813202,0.8793071508407593,0.048037849366664886,30.803848266601562,-10.04647159576416,40.957862854003906,0
1435,14349989,0.022233011201024055,-0.02970820851624012,-0.9995530843734741,-0.25772666931152344,0.30354827642440796,-0.14896650612354279,29.6225528717041,-9.161364555358887,40.802425384521484,0
1436,14360002,-0.01840180531144142,-0.04567698761820793,-0.9784255027770996,0.4009859263896942,-0.23131591081619263,-0.4089873731136322,28.21991539001465,-8.35792064666748,39.878360748291016,0
1437,14369770,0.05347919091582298,-0.04935917630791664,-1.001394510269165,0.07669394463300705,1.3854765892028809,-0.1979038268327713,29.87009620666504,-10.180795669555664,40.697811126708984,0
1438,14379874,0.016345009207725525,0.008319566026329994,-0.9892933368682861,-0.5492947697639465,-0.18895715475082397,-0.13912539184093475,28.17324447631836,-10.802681922912598,40.61033630371094,0
1439,14389904,-0.023079825565218925,0.11010897159576416,-0.9681982398033142,0.49430516362190247,-0.005991433747112751,0.48202091455459595,29.327688217163086,-8.690061569213867,41.0521125793457,0
1440,14400057,-0.024958768859505653,-0.012341598980128765,-1.0114024877548218,-0.15495823323726654,-0.09386255592107773,-0.5925734043121338,27.920957565307617,-9.622119903564453,40.46535873413086,0
1441,14410103,-0.03360746428370476,0.013613905757665634,-1.0322593450546265,-0.7866358160972595,-0.4580226540565491,0.1726139485836029,29.991512298583984,-11.559354782104492,38.523616790771484,0
1442,14420147,-0.01664343848824501,-0.030554715543985367,-0.9995882511138916,0.9391979575157166,-0.6533792614936829,0.3898167908191681,33.107704162597656,-10.570466041564941,39.49216079711914,0
1443,14430020,-0.053246114403009415,-0.02702760323882103,-0.9976534247398376,-0.5527757406234741,0.29054123163223267,0.0718018189072609,29.466745376586914,-8.305685043334961,39.62552261352539,0
1444,14440038,0.02799653634428978,0.0037924672942608595,-0.9905383586883545,0.05432477593421936,-0.04131150245666504,0.7701811790466309,30.58161163330078,-10.150864601135254,40.43266677856445,0
1445,14449911,-0.03176417946815491,0.06651946902275085,-0.9794341921806335,-1.053205966949463,-0.2323744297027588,-0.08901477605104446,28.628662109375,-9.696059226989746,39.529109954833984,0
1446,14460112,-0.05711779743432999,-0.01852473057806492,-0.9876286387443542,-0.17407426238059998,-0.06744785606861115,0.36915329098701477,31.70953369140625,-10.034066200256348,38.691986083984375,0
1447,14469820,0.051377587020397186,0.08115556836128235,-0.9505683779716492,0.33625927567481995,-0.4997130334377289,-0.8477867841720581,30.445024490356445,-9.629293441772461,41.25401306152344,0
1448,14480014,-0.135624498128891,-0.026645241305232048,-0.9857432246208191,-0.508769690990448,0.4244230091571808,-0.6275869011878967,30.122276306152344,-8.81927490234375,39.297088623046875,0
1449,14489788,-0.011112322099506855,-0.047692470252513885,-1.0125523805618286,0.06091688573360443,-0.015210652723908424,0.418454647064209,30.022567749023438,-8.165942192077637,40.8102912902832,0
1450,14500223,-0.027876785025000572,-0.06340119242668152,-1.0338279008865356,1.057033896446228,-1.083484411239624,0.3138194680213928,29.763198852539062,-11.621095657348633,40.39231491088867,0
1451,14509803,-0.09092656522989273,-0.043357476592063904,-1.039808750152588,-0.012668848969042301,-0.053462836891412735,0.8285135626792908,32.228553771972656,-10.117147445678711,38.48237991333008,0
1452,14519855,-0.012321772053837776,-0.0028553036972880363,-0.9916029572486877,-1.5253489017486572,0.29310929775238037,-0.5933220982551575,28.961685180664062,-9.579498291015625,38.34052658081055,0
1453,14529846,-0.013768631033599377,0.012228334322571754,-1.0382320880889893,-0.6214196681976318,-0.6923744082450867,-0.3836649954319,30.104103088378906,-10.373303413391113,40.33679962158203,0
1454,14539939,-0.07103047519922256,0.03576301038265228,-1.0154701471328735,-0.6678550243377686,-0.05234557390213013,0.728734016418457,29.63874626159668,-9.02361011505127,38.902645111083984,0
1455,14550116,-0.014525627717375755,-0.033914513885974884,-1.041717767715454,0.696336567401886,0.2703682482242584,-0.18419066071510315,29.818941116333008,-10.073939323425293,40.261375427246094,0
1456,14560121,0.06310068070888519,0.01826608180999756,-1.014480710029602,-0.16506215929985046,0.3803616762161255,0.2769485116004944,31.74750518798828,-9.99748706817627,40.08224105834961,0
1457,14570118,0.08381491899490356,0.0033717232290655375,-1.006042242050171,0.16651864349842072,0.07342715561389923,0.00011506437294883654,29.715755462646484,-12.408900260925293,39.65507507324219,0
1458,14580242,-0.02950592339038849,0.043699249625205994,-0.9890299439430237,0.8084366917610168,-0.538332462310791,-0.4858874976634979,31.800386428833008,-10.643553733825684,38.596229553222656,0
1459,14590092,0.030552295967936516,-0.060504250228405,-0.9916471242904663,0.38274046778678894,0.6390109658241272,0.6830692887306213,29.988988876342773,-11.187400817871094,40.77393341064453,0
1460,14599838,-0.015800105407834053,0.08809271454811096,-1.016473412513733,-0.27081167697906494,0.2665505111217499,-1.2047725915908813,30.411266326904297,-8.668717384338379,40.10874938964844,0
1461,14610001,0.01160995289683342,-0.06215188279747963,-1.0003238916397095,-0.6192739009857178,0.1419253945350647,0.3514667749404907,30.2061824798584,-10.680670738220215,41.28384780883789,0
1462,14620211,0.008271819911897182,0.07479476183652878,-1.0165046453475952,-0.2930166721343994,-0.5021705627441406,-0.5015203356742859,28.819149017333984,-10.02658748626709,39.353694915771484,0
1463,14629993,-0.029419051483273506,-0.050519805401563644,-1.0310059785842896,1.2674542665481567,0.033356864005327225,1.167667269706726,30.270538330078125,-8.798717498779297,38.994136810302734,0
1464,14639841,-0.09187778830528259,0.007404819596558809,-0.9833014011383057,-1.3400752544403076,-0.06562800705432892,0.4419499337673187,29.198394775390625,-8.85097599029541,38.57929992675781,0
1465,14650050,-0.009978177957236767,-0.005260140635073185,-0.9810633659362793,0.2901477515697479,-0.34423887729644775,0.9477620124816895,29.61458396911621,-11.37550163269043,39.511478424072266,0
1466,14659909,-0.041298817843198776,0.09967423230409622,-0.9999755024909973,0.4741157293319702,0.502998411655426,0.9529433846473694,29.331270217895508,-10.795379638671875,40.3330192565918,0
1467,14669933,0.09635664522647858,-0.019376177340745926,-1.0221173763275146,-0.13365072011947632,0.02711491659283638,-1.085991621017456,29.953067779541016,-10.838924407958984,41.55841827392578,0
1468,14680083,0.08325011283159256,0.08617019653320312,-0.9817274808883667,-0.2010602205991745,-1.3550151586532593,0.7623685002326965,29.369483947753906,-9.60213565826416,39.38406753540039,0
1469,14689802,-0.010955950245261192,-0.06569088995456696,-1.0265765190124512,0.8592664003372192,0.260253369808197,0.07071005553007126,29.650102615356445,-11.148364067077637,40.911983489990234,0
1470,14700154,0.061799682676792145,-0.014068041928112507,-0.9513354897499084,0.25792422890663147,-0.009777463972568512,0.5962399244308472,28.32288360595703,-10.413164138793945,40.73815155029297,0
1471,14710002,0.07544835656881332,0.03117271326482296,-0.973067045211792,0.877943754196167,-0.7360396385192871,0.0693749412894249,31.286161422729492,-10.813773155212402,39.85432434082031,0
1472,14719767,0.005868976935744286,-0.018131282180547714,-1.0229241847991943,0.06214839592576027,0.024809112772345543,0.3815629184246063,30.410680770874023,-9.874223709106445,41.67774963378906,0
1473,14729965,-0.009743386879563332,-0.04961451515555382,-1.0163421630859375,0.48013836145401,-0.33722177147865295,0.29277974367141724,30.2470703125,-10.552131652832031,41.678279876708984,0
1474,14740161,0.04760497808456421,0.010072815231978893,-1.022808313369751,0.7062224745750427,-0.9214344024658203,0.1151556596159935,29.949392318725586,-9.82721996307373,39.531166076660156,0
1475,14750013,-0.03969672694802284,-0.030411500483751297,-0.9906834363937378,-0.4000355303287506,-0.29383063316345215,0.1606983095407486,30.655654907226562,-10.905962944030762,39.591060638427734,0
1476,14759931,-0.01540002878755331,0.007958426140248775,-0.995512068271637,-0.728705883026123,-0.03958620876073837,-0.20618055760860443,28.469005584716797,-9.76736831665039,39.11469650268555,0
1477,14769890,-0.02158254012465477,-0.007058885879814625,-1.0312004089355469,0.02057323046028614,0.19901739060878754,-0.030149392783641815,29.646198272705078,-9.963645935058594,40.623104095458984,0
1478,14779884,-0.0037736184895038605,-0.043965764343738556,-0.993872344493866,0.9108042120933533,-0.45612049102783203,0.3209908604621887,31.897005081176758,-9.805113792419434,39.96213912963867,0
1479,14789908,-0.042795196175575256,-0.04050200432538986,-1.0126107931137085,0.634535014629364,0.10508601367473602,-0.9558535218238831,28.078353881835938,-9.484947204589844,40.930782318115234,0
1480,14800055,0.06253606826066971,0.034899044781923294,-1.0121973752975464,-0.02392132394015789,-0.18106505274772644,-0.6062299013137817,30.654964447021484,-7.642683982849121,38.89532470703125,0
1481,14810124,-0.013088579289615154,-0.07436982542276382,-0.9652878642082214,-0.6526092886924744,-0.5079535245895386,-0.32012176513671875,29.948335647583008,-8.048274993896484,39.55735397338867,0
1482,14820216,0.063741035759449,0.06485672295093536,-0.9984148740768433,-0.2408735305070877,-0.08303385227918625,0.5261680483818054,30.4995174407959,-10.779988288879395,39.80717468261719,0
1483,14830342,-0.012501641176640987,0.09130819886922836,-1.0052608251571655,0.8455541133880615,-0.30575600266456604,1.6285417079925537,30.592021942138672,-10.501825332641602,40.426246643066406,0
1484,14839959,-0.00533048901706934,0.0753946304321289,-0.9818300008773804,0.666549026966095,-0.3598416745662689,-0.7495762705802917,30.964832305908203,-11.491278648376465,40.56243133544922,0
1485,14850105,0.05431961640715599,0.014339528977870941,-0.9778357148170471,-0.5995292067527771,-0.3918485641479492,-0.17618465423583984,29.682300567626953,-9.75073528289795,38.19550323486328,0
1486,14859875,0.04959266632795334,-0.03209833800792694,-1.0034253597259521,0.4587702453136444,-0.7224266529083252,0.5732135772705078,29.982446670532227,-9.126871109008789,38.871826171875,0
1487,14869887,0.0982932299375534,-0.03849373012781143,-1.0063265562057495,-0.23166699707508087,0.24822425842285156,0.39631861448287964,30.088274002075195,-10.2123441696167,39.5514030456543,0
1488,14879953,-0.03120347298681736,0.005565601401031017,-1.002718210220337,0.009851614944636822,-0.6364624500274658,0.6423646807670593,31.801294326782227,-10.172782897949219,40.01536178588867,0
1489,14889571,-0.011969496496021748,0.054967641830444336,-0.9614261984825134,-0.7873558402061462,0.45828479528427124,-0.1610076129436493,30.896615982055664,-11.865904808044434,41.58009338378906,0
1490,14900030,-0.06688141822814941,-0.06312171369791031,-0.9748390913009644,-0.4170573949813843,0.43440374732017517,-0.825636088848114,29.08167839050293,-9.650951385498047,40.75239181518555,0
1491,14909999,0.010712916031479836,-0.040659401565790176,-1.0440245866775513,0.22928152978420258,-0.5552273392677307,0.6520151495933533,31.071794509887695,-8.960610389709473,39.64335632324219,0
1492,14919973,0.01838705688714981,0.053259603679180145,-1.0406439304351807,-0.4524841904640198,0.585274338722229,0.6606171727180481,29.806243896484375,-11.15196704864502,40.69046401977539,0
1493,14929951,0.0017330124974250793,0.12082807719707489,-1.0132110118865967,0.24567893147468567,0.24307452142238617,-0.4556174576282501,30.916549682617188,-8.68720817565918,37.83373260498047,0
1494,14940062,0.01614898256957531,-0.07135657966136932,-1.0146276950836182,-1.375442385673523,0.8601398468017578,-0.5693114995956421,29.93441390991211,-11.204211235046387,40.11056900024414,0
1495,14949903,0.025706488639116287,-0.013271786272525787,-0.9806415438652039,0.8404150009155273,-0.8273081183433533,-0.42171087861061096,29.504751205444336,-9.33877182006836,40.76512908935547,0
1496,14959947,-0.018754856660962105,-0.0075333742424845695,-1.0135633945465088,-0.35682031512260437,-0.5228791236877441,-0.3339184522628784,28.848295211791992,-10.414145469665527,39.631866455078125,0
1497,14970175,0.04055052250623703,0.0025123171508312225,-0.991727352142334,0.14956200122833252,0.38176077604293823,0.28140974044799805,30.122072219848633,-9.630861282348633,40.684261322021484,0
1498,14980384,-0.050477128475904465,0.017144454643130302,-0.9963511228561401,0.7890631556510925,-0.5236140489578247,-0.022097691893577576,33.04661560058594,-9.871859550476074,40.385826110839844,0
1499,14990181,0.05149304121732712,-0.09840293228626251,-0.9626525640487671,-0.7367271184921265,-0.8660966157913208,0.664749264717102,29.313270568847656,-9.42446517944336,40.416561126708984,0
1500,15000011,-0.0206907968968153,-0.04334472864866257,-0.9542054533958435,0.10863044857978821,0.37065455317497253,0.18580937385559082,29.73362159729004,-10.502872467041016,38.33137512207031,0
1501,15009980,0.003520805621519685,-0.023334329947829247,-1.0072472095489502,0.6152992248535156,-0.2955312430858612,0.653712272644043,30.244338989257812,-9.108436584472656,42.169944763183594,0
1502,15019826,0.03908076509833336,-0.05867970734834671,-1.0020865201950073,-0.07859651744365692,0.3459538519382477,0.9485906362533569,29.57944107055664,-8.47953987121582,40.18428421020508,0
1503,15030331,-0.07939857989549637,-0.04191797599196434,-1.004665732383728,-0.3114934265613556,0.17193603515625,0.8274405598640442,31.73259925842285,-10.333334922790527,40.37818908691406,0
1504,15040140,-0.09631427377462387,0.011990980245172977,-1.0167847871780396,-0.16323019564151764,0.9427540302276611,0.6202933192253113,30.21514892578125,-10.789756774902344,39.5450325012207,0
1505,15050231,-0.01754395104944706,-0.0623728446662426,-0.9910497069358826,-0.6319642663002014,0.0498492456972599,0.5965278744697571,29.83707046508789,-10.660740852355957,41.124267578125,0
1506,15060086,-0.049646180123090744,0.04239611327648163,-1.0310587882995605,0.11360745131969452,0.26906007528305054,-0.29923078417778015,29.455699920654297,-9.759712219238281,39.40285873413086,0
1507,15070371,-0.020384641364216805,0.024228297173976898,-1.018071174621582,0.27055594325065613,-0.16975967586040497,-0.4581378102302551,29.064870834350586,-9.503046035766602,38.202880859375,0
1508,15080060,0.03157087415456772,0.01570284366607666,-1.0015231370925903,-0.98642897605896,0.2965475022792816,-0.36623698472976685,28.837976455688477,-13.002509117126465,39.404361724853516,0
1509,15090137,-0.01936504617333412,-0.03067651018500328,-0.9996323585510254,-0.14727307856082916,-0.3099921643733978,-0.05697636306285858,28.696523666381836,-9.642413139343262,40.04141616821289,0
1510,15099823,-0.03516114875674248,0.02662426419556141,-1.005674123764038,0.23566854000091553,0.9099858999252319,0.8307440876960754,28.41414451599121,-8.541138648986816,38.47366714477539,0
1511,15109942,-0.08522220700979233,0.006223175674676895,-0.9863671064376831,-0.6874530911445618,-0.8841705322265625,-0.22845205664634705,30.775981903076172,-10.110433578491211,39.462223052978516,0
1512,15119842,0.04861272871494293,0.09164824336767197,-1.0210901498794556,0.21030110120773315,0.2615850269794464,1.2640098333358765,28.185062408447266,-9.641568183898926,41.240638732910156,0
1513,15130070,-0.003663059789687395,0.05348694697022438,-1.0283710956573486,-0.47807708382606506,0.6227872967720032,-0.09934552013874054,29.101186752319336,-8.878432273864746,40.49921798706055,0
1514,15140039,-0.0668923482298851,-0.09921175241470337,-1.031720519065857,0.10892319679260254,0.43463248014450073,0.6025394797325134,30.213361740112305,-10.893744468688965,41.159454345703125,0
1515,15150065,-0.03422129899263382,-0.009111285209655762,-1.0162317752838135,0.08055426180362701,-0.8009316325187683,-0.008783981204032898,31.059978485107422,-10.596709251403809,37.86634063720703,0
1516,15159922,0.04983574151992798,0.019038869068026543,-1.0392366647720337,-0.0010058523621410131,0.06409457325935364,1.24844491481781,28.576480865478516,-9.440132141113281,39.6754150390625,0
1517,15169830,-0.06538968533277512,-0.003717588260769844,-0.9994585514068604,-0.6153073310852051,-0.4601964056491852,-0.32272404432296753,29.56256675720215,-8.55423641204834,43.01018524169922,0
1518,15179821,0.035144682973623276,0.038579389452934265,-1.0084400177001953,0.48520809412002563,0.1436506062746048,0.3177254796028137,29.2316837310791,-10.899702072143555,39.875553131103516,0
1519,15190285,-0.0284580010920763,-0.1073923110961914,-1.0150748491287231,1.3207358121871948,0.13253788650035858,0.795492947101593,28.711334228515625,-9.179137229919434,39.909019470214844,0
1520,15199767,0.03809523209929466,-0.09312282502651215,-0.9689649939537048,0.36473771929740906,-0.5071637630462646,0.08536173403263092,29.24246597290039,-8.881165504455566,40.29226303100586,0
1521,15210105,0.017668673768639565,0.020297108218073845,-1.0296170711517334,-0.3014807403087616,0.8396069407463074,-0.16816818714141846,29.65254020690918,-10.908326148986816,40.83570861816406,0
1522,15219890,0.049089401960372925,-0.06186593323945999,-1.035306453704834,0.18685467541217804,-0.2906862199306488,0.44856661558151245,30.29855728149414,-10.953886032104492,39.82943344116211,0
1523,15229990,-0.00420649629086256,-0.028314316645264626,-1.0101319551467896,0.0875529870390892,0.5070644021034241,-0.38024839758872986,31.711071014404297,-9.605409622192383,39.447078704833984,0
1524,15239872,-0.09579580277204514,-0.05902097374200821,-1.012756109237671,-0.3494829535484314,-0.49543192982673645,0.0026205170433968306,30.614032745361328,-10.49918270111084,40.31764602661133,0
1525,15250066,-0.03156983107328415,0.11158306896686554,-0.9935629367828369,0.00761420838534832,-0.22260864078998566,0.8315644860267639,32.36759948730469,-7.9524455070495605,40.26271057128906,0
1526,15260242,0.04351333901286125,0.061800140887498856,-1.0063230991363525,-0.3007454574108124,0.8432866334915161,0.06867192685604095,30.431480407714844,-8.585222244262695,39.432464599609375,0
1527,15269879,0.04817989096045494,-0.02087344415485859,-1.0328845977783203,0.01146669965237379,-0.21246512234210968,0.4096127450466156,29.357803344726562,-10.737754821777344,41.07475662231445,0
1528,15280140,0.035866498947143555,0.002027507172897458,-0.9836312532424927,-0.2286546230316162,0.9344081282615662,0.7180145978927612,30.366334915161133,-8.499489784240723,39.59014892578125,0
1529,15289895,-0.10188508033752441,-0.10414992272853851,-1.0062977075576782,0.8660312294960022,0.31648412346839905,0.32922637462615967,30.633132934570312,-9.289163589477539,40.58650207519531,0
1530,15300153,0.04719582572579384,-0.018098095431923866,-0.9873169660568237,-0.7422435283660889,1.121059775352478,0.46928223967552185,30.1057071685791,-11.450387001037598,39.52246856689453,0
1531,15309900,-0.03722911328077316,-0.06673550605773926,-1.0279165506362915,0.0013527096016332507,-0.10207555443048477,-0.6204055547714233,30.62755012512207,-9.238249778747559,40.16907501220703,0
1532,15319781,0.05304771661758423,-0.01693578064441681,-0.9980390667915344,-0.4588799476623535,0.5700826048851013,0.295706182718277,28.777597427368164,-10.71530532836914,39.226749420166016,0
1533,15329955,0.012843780219554901,-0.02254302427172661,-0.975631058216095,-1.0219284296035767,-0.620518147945404,-0.48258575797080994,29.383052825927734,-9.654644966125488,41.28043746948242,0
1534,15339979,0.05694674700498581,0.030261194333434105,-0.9675489664077759,0.6139276623725891,-0.1128927618265152,-0.32917118072509766,30.268896102905273,-10.947452545166016,40.254150390625,0
1535,15349985,-0.06265926361083984,0.00579493073746562,-1.025667428970337,0.21777638792991638,-0.482532262802124,0.19972653687000275,30.05963134765625,-10.132064819335938,41.100013732910156,0
1536,15360024,0.07290349155664444,-0.10110611468553543,-0.979313850402832,-0.24988698959350586,-0.12213223427534103,0.43345412611961365,29.179269790649414,-9.294320106506348,40.6796989440918,0
1537,15370181,0.06458743661642075,0.06778699159622192,-0.9836346507072449,-0.6721423268318176,-0.2370460480451584,-0.43344658613204956,28.948129653930664,-9.376848220825195,39.589996337890625,0
1538,15380040,0.07335597276687622,0.019361048936843872,-1.022039771080017,0.26379555463790894,-0.34283116459846497,-0.14578209817409515,29.657928466796875,-10.437268257141113,40.106834411621094,0
1539,15389906,-0.08495938777923584,-0.014600393362343311,-0.9801070094108582,0.22318899631500244,0.7674097418785095,0.22836615145206451,30.493114471435547,-8.74388599395752,40.42204666137695,0
1540,15400040,0.10103267431259155,0.05946289747953415,-1.0271868705749512,0.45763906836509705,0.6478381156921387,0.5085041522979736,31.597007751464844,-7.523293495178223,39.962528228759766,0
1541,15409929,-0.020805830135941505,0.12062901258468628,-0.960783839225769,-0.2741706371307373,0.6137120127677917,0.3836475610733032,29.047847747802734,-9.429551124572754,40.985103607177734,0
1542,15420153,0.006521506700664759,-0.04106345400214195,-1.0286308526992798,-0.07079195976257324,-0.020472945645451546,0.8664846420288086,29.486852645874023,-8.393461227416992,40.27058792114258,0
1543,15429729,0.027466079220175743,0.10835783183574677,-0.9856211543083191,0.050412505865097046,0.05241868272423744,-0.5619138479232788,30.28662109375,-8.656034469604492,39.386653900146484,0
1544,15440074,0.022391168400645256,-0.0056311762891709805,-0.9983162879943848,-0.3944929838180542,0.49296483397483826,-0.12139534950256348,31.20794677734375,-10.197246551513672,39.60397720336914,0
1545,15450069,-0.10039830952882767,-0.01836748793721199,-1.0338175296783447,-0.0005490630865097046,0.4830423891544342,-0.5710898637771606,28.718616485595703,-9.683094024658203,37.96934509277344,0
1546,15460095,-0.07077848166227341,0.037518128752708435,-0.9948424696922302,0.3886827230453491,0.2466219812631607,0.32439497113227844,31.590381622314453,-11.054170608520508,41.02110290527344,0
1547,15470203,0.0035628569312393665,-0.04273203760385513,-0.9850590229034424,-0.4190899729728699,0.734129786491394,0.9614502191543579,30.41950035095215,-9.552544593811035,40.363853454589844,0
1548,15480042,-0.010071530006825924,-0.015802154317498207,-0.9941551685333252,-0.7901853322982788,0.3714546859264374,0.1849505454301834,30.147476196289062,-11.308059692382812,39.17432403564453,0
1549,15489682,-0.05858774855732918,0.10289346426725388,-1.0159200429916382,0.11816789209842682,-0.05718817561864853,-0.12395334988832474,29.51460075378418,-12.636502265930176,41.1794548034668,0
1550,15499926,-0.023584669455885887,0.021697092801332474,-1.016966700553894,0.16677774488925934,0.13367535173892975,0.0371587909758091,28.055158615112305,-9.577543258666992,38.73936080932617,0
1551,15510096,-0.043100543320178986,0.06411568075418472,-1.031522512435913,1.1347168684005737,-0.4479113221168518,-0.05589822307229042,30.88874053955078,-9.608582496643066,36.641197204589844,0
1552,15520044,-0.00038487918209284544,-0.025234544649720192,-0.9901003241539001,-0.8586906790733337,-0.38020622730255127,0.10827306658029556,29.155824661254883,-10.411664009094238,38.196163177490234,0
1553,15529904,0.08955555409193039,0.013751178979873657,-1.0214182138442993,-0.3818008005619049,0.12066139280796051,0.6658862233161926,28.180130004882812,-11.03088665008545,39.3169059753418,0
1554,15539767,0.03372391685843468,0.04001894220709801,-0.9918410778045654,0.22281497716903687,0.370201975107193,-0.446165531873703,30.99083137512207,-10.271286964416504,41.23603439331055,0
1555,15549910,-0.02702236734330654,-0.0026997001841664314,-1.0044636726379395,0.5246844291687012,0.8194561004638672,0.2831766903400421,30.107826232910156,-9.708452224731445,40.47103500366211,0
1556,15559891,0.09100396931171417,0.01883241906762123,-0.9889939427375793,0.922703742980957,0.4837643802165985,-0.20243039727210999,29.8061580657959,-9.322188377380371,40.952911376953125,0
1557,15570089,0.015171043574810028,-0.06577601283788681,-0.971320629119873,0.5273122787475586,-0.22990000247955322,-0.2074393928050995,30.516788482666016,-9.935067176818848,40.220069885253906,0
1558,15579827,-0.02958015166223049,-0.0361073836684227,-0.9987285137176514,-0.24655504524707794,-0.21469281613826752,-0.13852033019065857,29.1978702545166,-8.286648750305176,40.59719467163086,0
1559,15590076,-0.0815335363149643,0.0010018680477514863,-0.999256432056427,-0.15298308432102203,-0.5347567200660706,-0.05310911685228348,30.143077850341797,-7.953290939331055,39.92735290527344,0
1560,15599901,-0.06476105749607086,0.024750858545303345,-0.9996590614318848,-0.33837616443634033,-0.6219263672828674,0.38792505860328674,30.346519470214844,-11.072538375854492,38.39985656738281,0
1561,15610011,0.003621114883571863,-0.009014144539833069,-1.0346851348876953,0.8316577076911926,0.7097828984260559,0.007734124083071947,29.375951766967773,-11.038875579833984,39.93640899658203,0
1562,15619853,0.05546553060412407,0.06341134756803513,-1.0000271797180176,0.2539658546447754,0.8797596096992493,0.9516710638999939,30.469791412353516,-11.530349731445312,40.75418472290039,0
1563,15629941,0.04839017987251282,-0.04427848756313324,-1.0073188543319702,-0.18239478766918182,0.11368568241596222,-0.15291260182857513,29.744991302490234,-10.531227111816406,41.938201904296875,0
1564,15640067,-0.08133946359157562,0.006403808947652578,-1.034221887588501,-0.3210102915763855,-0.3793838918209076,-0.47942081093788147,31.399755477905273,-10.691883087158203,40.931827545166016,0
1565,15649952,0.06767154484987259,-0.009441451169550419,-1.0131067037582397,0.9761168360710144,-0.3282869756221771,0.028970714658498764,32.57852554321289,-8.769708633422852,40.40392303466797,0
1566,15660060,0.04470604658126831,-0.03881954774260521,-0.9706850051879883,-0.2567541003227234,-0.6049978137016296,0.5539029240608215,29.476818084716797,-8.921334266662598,39.19041442871094,0
1567,15670325,-0.03244265913963318,-0.012575763277709484,-0.9877943396568298,-0.25594979524612427,0.147469162940979,-0.8426279425621033,31.597543716430664,-8.914413452148438,38.66655731201172,0
1568,15680076,-0.026720821857452393,-0.0377364419400692,-0.9756751656532288,-0.3392263352870941,-0.07899661362171173,-0.26919394731521606,29.29536247253418,-10.848275184631348,40.889896392822266,0
1569,15689989,-0.13016726076602936,0.03299153968691826,-1.0149561166763306,0.07640549540519714,-0.3370830714702606,0.18183653056621552,29.924222946166992,-10.660562515258789,39.95418930053711,0
1570,15700034,0.013251028954982758,-0.020309779793024063,-1.0157721042633057,0.3959103524684906,-0.0994035080075264,0.3336954116821289,29.747045516967773,-11.070393562316895,40.34748077392578,0
1571,15710032,0.05522412806749344,-0.04166671261191368,-1.0228352546691895,0.13269516825675964,-0.03466944023966789,-0.7260567545890808,29.140056610107422,-8.180315017700195,41.32698059082031,0
1572,15719877,0.09076903015375137,0.016160855069756508,-0.9870237708091736,0.1638043075799942,-0.4308956563472748,0.10490606725215912,29.778228759765625,-9.338227272033691,43.5877799987793,0
1573,15730065,-0.02277779020369053,0.130084827542305,-0.9778717756271362,0.591705858707428,0.3698590099811554,0.36461830139160156,29.540470123291016,-8.80211067199707,40.39262771606445,0
1574,15740270,0.0058005270548164845,-0.04812844097614288,-0.9845253229141235,0.6516970992088318,-0.5104089975357056,-0.26094526052474976,29.76972770690918,-9.928603172302246,40.15146255493164,0
1575,15749862,-0.03383612260222435,0.059487298130989075,-0.9903663396835327,0.18411026895046234,-0.250031054019928,-0.5110010504722595,29.27629852294922,-11.297904014587402,39.538238525390625,0
1576,15759908,-0.025458339601755142,-0.05408291891217232,-1.0036027431488037,-0.6323777437210083,-0.5940792560577393,-0.03231407701969147,29.158191680908203,-10.497162818908691,38.6789436340332,0
1577,15770044,0.04469273239374161,0.034734051674604416,-1.006469488143921,-0.130646213889122,-0.2670419216156006,0.04376096650958061,30.11185646057129,-12.135208129882812,41.21339416503906,0
1578,15780180,0.056016575545072556,0.04133599251508713,-1.0167142152786255,-0.19348585605621338,0.18047571182250977,0.14505837857723236,29.30225372314453,-9.900476455688477,39.775238037109375,0
1579,15789914,-0.008108958601951599,0.026353713124990463,-1.0196377038955688,-0.14487597346305847,-0.5703800916671753,-0.4185064136981964,30.539276123046875,-8.905603408813477,39.241024017333984,0
1580,15799918,0.06332488358020782,-0.014093665406107903,-1.0199579000473022,-0.37434840202331543,-0.5547657608985901,0.2424410581588745,29.592487335205078,-9.47523307800293,39.04704284667969,0
1581,15809940,0.046795979142189026,-0.06486845016479492,-0.9873936176300049,-0.12477771937847137,-0.33185967803001404,-0.21141083538532257,30.59393310546875,-9.485610008239746,40.79228210449219,0
1582,15819885,-0.03424469009041786,-0.013368373736739159,-0.9883179068565369,0.2899273633956909,0.7983060479164124,1.0429357290267944,30.718931198120117,-11.296196937561035,41.26482391357422,0
1583,15830215,0.02750205062329769,-0.0035986416041851044,-1.0126090049743652,-0.3945330083370209,0.7644803524017334,-0.22736388444900513,29.72464942932129,-10.871552467346191,41.24238967895508,0
1584,15840039,-0.030962510034441948,0.038685623556375504,-1.0425453186035156,0.6217793822288513,0.18151487410068512,0.9244332313537598,28.68060302734375,-10.041094779968262,39.16361618041992,0
1585,15850114,0.06937289237976074,-0.025195594877004623,-1.030596137046814,0.27069124579429626,0.6812847256660461,-0.8015139698982239,28.948017120361328,-8.810209274291992,40.135589599609375,0
1586,15859909,0.08338367193937302,0.023229241371154785,-0.977590799331665,-0.10929626226425171,0.12130207568407059,0.1605709195137024,31.67627716064453,-10.062917709350586,43.331092834472656,0
1587,15870070,0.01165971253067255,-0.04091900214552879,-0.9811627268791199,-0.43763598799705505,0.21395613253116608,-0.03937508538365364,30.50995635986328,-10.525758743286133,39.83535385131836,0
1588,15880047,-0.02044975385069847,-0.0625322014093399,-1.0105971097946167,0.1364254504442215,0.014812459237873554,-0.37675753235816956,31.271743774414062,-9.86945915222168,39.6124153137207,0
1589,15890135,-0.009710450656712055,-0.07345277070999146,-0.9785059094429016,-0.3430429995059967,0.10590177774429321,0.02045402303338051,29.537200927734375,-10.712237358093262,41.20472717285156,0
1590,15900056,0.07107606530189514,-0.047388918697834015,-0.9757965803146362,-0.45513206720352173,0.282374769449234,0.24672648310661316,30.45609474182129,-11.18942642211914,40.387718200683594,0
1591,15909782,-0.12140820175409317,-0.019356846809387207,-1.0148265361785889,0.12149354815483093,-0.21683141589164734,-0.5230001211166382,27.870939254760742,-9.794556617736816,38.620418548583984,0
1592,15919800,-0.08736088126897812,0.12537020444869995,-0.9976521134376526,-0.43454402685165405,-0.17560572922229767,-0.712166428565979,28.6346378326416,-8.638961791992188,40.2699089050293,0
1593,15929755,0.00884341076016426,0.04335138574242592,-1.0006932020187378,0.6357535719871521,-0.026021109893918037,-0.192307248711586,31.44632911682129,-10.813432693481445,40.235572814941406,0
1594,15939841,0.005829544737935066,0.018392758443951607,-0.965748131275177,0.9855119585990906,0.39510390162467957,-0.8173928260803223,29.19996452331543,-10.76262092590332,40.76118850708008,0
1595,15950005,0.0014926961157470942,-0.031175723299384117,-1.0458784103393555,-0.10293816030025482,0.09357409179210663,0.10775012522935867,31.395668029785156,-10.606128692626953,39.31781768798828,0
1596,15960109,0.014091226272284985,-0.06470703333616257,-0.9869540929794312,-0.15484237670898438,0.6048438549041748,-0.40185466408729553,30.666494369506836,-9.924386024475098,40.802207946777344,0
1597,15970151,-0.014319322071969509,-0.03525956720113754,-1.0454133749008179,0.2975175380706787,0.35325828194618225,0.1592186689376831,30.773164749145508,-11.05983829498291,40.19725799560547,0
1598,15979664,-0.010951336473226547,0.002653573639690876,-1.0189944505691528,-0.15796104073524475,0.6949310302734375,-0.22524702548980713,30.2519474029541,-9.507743835449219,39.82172775268555,0
1599,15989785,0.04981124773621559,-0.09083347767591476,-0.9700848460197449,-0.5754689574241638,-0.6528727412223816,-1.1929783821105957,30.84408187866211,-9.688802719116211,40.40726852416992,0
1600,16000115,-0.03981899097561836,0.04909701645374298,-1.018044114112854,0.2482209950685501,-0.0726085975766182,-0.44305381178855896,30.05289649963379,-11.479753494262695,39.04255294799805,0
1601,16010214,0.05325191840529442,0.020526809617877007,-0.9705038070678711,0.576680600643158,0.20337659120559692,-0.3142068088054657,28.752513885498047,-8.817880630493164,38.95127487182617,0
1602,16019978,0.05422467738389969,-0.014369223266839981,-1.0096797943115234,-0.4907534718513489,-0.4699377119541168,0.3409026861190796,29.786975860595703,-9.259727478027344,39.82712936401367,0
1603,16029869,0.0005848149885423481,-0.006958897691220045,-1.0039042234420776,0.3106544613838196,-0.22238212823867798,-0.11607988178730011,29.296245574951172,-9.05454158782959,38.261558532714844,0
1604,16040023,0.020786331966519356,-0.07164503633975983,-1.0410069227218628,-0.30230990052223206,-0.01269247755408287,0.7383982539176941,31.202730178833008,-8.847311973571777,39.74314498901367,0
1605,16050018,0.05493037775158882,0.01458264421671629,-0.9733248353004456,0.3001892566680908,0.15771083533763885,-1.026737928390503,29.03750228881836,-9.50575065612793,41.38161849975586,0
1606,16059904,-0.010118798352777958,-0.02375878021121025,-0.9852144718170166,-0.34107235074043274,0.36525750160217285,-0.7812579870223999,30.48353385925293,-10.167463302612305,39.1461296081543,0
1607,16070233,0.027152685448527336,0.11216764152050018,-0.9848735332489014,-0.7554636597633362,0.16722238063812256,-0.3508109450340271,29.812885284423828,-11.612184524536133,39.845523834228516,0
1608,16080244,0.0022299792617559433,-0.020778391510248184,-1.028306245803833,-1.3120180368423462,0.026180239394307137,-0.4127308130264282,29.60572052001953,-10.219377517700195,38.7252197265625,0
1609,16089789,-0.008641468361020088,-0.02456071972846985,-0.9987236857414246,0.19920864701271057,0.8616673350334167,-0.22408053278923035,31.45070457458496,-10.27380084991455,39.4053955078125,0
1610,16100112,0.016300760209560394,-0.027571603655815125,-0.9987664818763733,-0.7534053921699524,-0.29689982533454895,-0.13367734849452972,29.979877471923828,-10.095161437988281,41.10248947143555,0
1611,16110192,-0.004422937519848347,-0.02158208377659321,-0.9906640648841858,-0.11157999187707901,-0.15566956996917725,0.1716734915971756,29.464801788330078,-9.325501441955566,40.087913513183594,0
1612,16120054,0.014264339581131935,-0.0660703182220459,-0.9817717671394348,0.1034814715385437,-0.2802063524723053,0.05328262597322464,30.54900550842285,-10.491289138793945,39.50848388671875,0
1613,16129784,-0.0030799901578575373,0.021791867911815643,-0.9879562258720398,0.05422001704573631,-0.02877454087138176,-0.14545565843582153,30.190916061401367,-10.62891960144043,38.87751007080078,0
1614,16139844,0.04345066472887993,-0.03417523577809334,-0.9660434126853943,-0.11915042251348495,-0.29299238324165344,0.1342683732509613,28.81245231628418,-9.006291389465332,40.46739196777344,0
1615,16149897,-0.033063698559999466,-0.011952044442296028,-1.0117335319519043,-0.03404008224606514,0.7324487566947937,-0.548568606376648,28.835567474365234,-9.822022438049316,40.23210525512695,0
1616,16159779,0.037636175751686096,0.07687000930309296,-1.0095268487930298,0.3754342496395111,-0.8462762236595154,-0.26993393898010254,29.47869110107422,-9.45662784576416,38.91764450073242,0
1617,16170004,-0.010418231599032879,-0.025838837027549744,-0.987373948097229,0.7970114946365356,-0.7824744582176208,0.07746633887290955,30.988149642944336,-9.379338264465332,41.210975646972656,0
1618,16179839,-0.013445721007883549,0.026962853968143463,-0.9771071672439575,0.3488580584526062,-0.16035869717597961,0.014661232940852642,28.00973129272461,-9.114334106445312,39.51946258544922,0
1619,16190124,-0.05183018743991852,-0.04373523220419884,-1.0238227844238281,0.19660590589046478,-0.1379442662000656,-0.08942453563213348,30.574928283691406,-9.482950210571289,39.431495666503906,0
1620,16199779,0.02890813536942005,0.015509603545069695,-1.019936442375183,0.7818938493728638,-0.6761010885238647,0.4643811285495758,30.42686653137207,-9.593903541564941,39.68863296508789,0
1621,16209729,-0.018930276855826378,-0.04828573018312454,-1.002638816833496,1.0589606761932373,0.3290426433086395,-0.06353292614221573,30.787384033203125,-11.59764289855957,39.415382385253906,0
1622,16220069,-0.048443153500556946,0.0669129267334938,-0.9766672253608704,0.536591649055481,0.4337945282459259,-1.0439062118530273,30.853443145751953,-9.178112030029297,40.37775421142578,0
1623,16229844,0.045142028480768204,-0.05576552450656891,-0.9809042811393738,-0.6500431895256042,-0.18462564051151276,1.0540919303894043,29.889501571655273,-8.552258491516113,39.19553756713867,0
1624,16239991,-0.018091142177581787,-0.046979885548353195,-0.9565629363059998,0.11862143874168396,-0.5660989284515381,-0.2577577233314514,31.061399459838867,-9.85594367980957,40.43880844116211,0
1625,16249969,0.03389131650328636,0.0079362653195858,-0.9895166754722595,-0.10307750850915909,0.2044365406036377,0.7275714874267578,30.36954689025879,-9.335687637329102,39.59285354614258,0
1626,16260076,-0.0160671379417181,-0.012784215621650219,-0.9948523640632629,0.43569284677505493,0.02163134142756462,0.18457601964473724,29.66216278076172,-9.633045196533203,39.631046295166016,0
1627,16269796,0.042701590806245804,-0.03414156287908554,-0.979627251625061,-1.1603381633758545,0.6927142143249512,0.0068059042096138,29.58920669555664,-9.268532752990723,40.667938232421875,0
1628,16279865,-0.10084611922502518,0.01211873721331358,-0.9925841093063354,0.9602037668228149,0.334154337644577,0.11187184602022171,32.676788330078125,-10.731100082397461,39.89945983886719,0
1629,16289870,-0.011141126975417137,0.014278184622526169,-0.978547215461731,0.4173440933227539,-1.0358597040176392,0.18998515605926514,30.175399780273438,-9.366150856018066,40.70918273925781,0
1630,16299999,-0.025419821962714195,-0.011946950107812881,-0.9758042097091675,0.7865985631942749,0.5872965455055237,0.19704832136631012,30.147829055786133,-9.304938316345215,41.35599899291992,0
1631,16309845,-0.006794440094381571,-0.05062033608555794,-0.9951769113540649,-0.6129427552223206,0.29175248742103577,-0.1663258820772171,30.101747512817383,-10.919242858886719,39.330345153808594,0
1632,16320036,0.031168928369879723,0.049177102744579315,-1.0087541341781616,1.2006542682647705,0.42584842443466187,0.4327114224433899,30.621994018554688,-10.433107376098633,37.84246063232422,0
1633,16329929,-0.020465511828660965,0.03644121438264847,-0.992939293384552,0.48442256450653076,0.4605664908885956,-0.5488308072090149,29.500017166137695,-10.466597557067871,40.13211441040039,0
1634,16340156,-0.00825075339525938,0.048557136207818985,-1.0278308391571045,0.5144137144088745,0.0803041085600853,-0.5234119892120361,30.43920135498047,-10.45789623260498,39.94524002075195,0
1635,16350139,0.009227784350514412,-0.02985100820660591,-1.0120512247085571,-0.13796158134937286,-0.5216934680938721,-0.5499083995819092,31.389678955078125,-10.890582084655762,40.5118522644043,0
1636,16360130,0.12027985602617264,-0.013683727011084557,-0.9632889628410339,0.2536838948726654,0.27805736660957336,0.4214935898780823,30.93395233154297,-10.342180252075195,42.010440826416016,0
1637,16369997,-0.00971163809299469,-0.09521080553531647,-0.9907898902893066,-0.6162965893745422,-0.4554275572299957,0.29005101323127747,29.53629493713379,-9.33439826965332,40.6682014465332,0
1638,16379878,-0.033188920468091965,-0.04493526741862297,-0.9844866991043091,-0.37675416469573975,-0.29035601019859314,0.24347613751888275,29.19049835205078,-9.477200508117676,41.65517044067383,0
1639,16389949,0.009455989114940166,-0.018292313441634178,-1.01576566696167,-0.5038180947303772,-0.6149851679801941,-0.686501145362854,30.575931549072266,-10.441498756408691,37.96298599243164,0
1640,16400187,0.01463532168418169,0.10235105454921722,-1.0043258666992188,0.2956959903240204,-0.127585306763649,-0.6418645977973938,27.73025894165039,-11.070459365844727,39.810882568359375,0
1641,16410129,0.018201839178800583,-0.027736518532037735,-1.0027434825897217,-0.34656885266304016,0.424171507358551,-0.07756202667951584,31.120912551879883,-9.419920921325684,40.05024719238281,0
1642,16419787,0.0647137239575386,0.024190519005060196,-0.988237738609314,-0.11496028304100037,1.116935133934021,-0.2969946563243866,29.323150634765625,-9.16026782989502,41.02430725097656,0
1643,16430025,0.050287336111068726,0.010053320787847042,-1.0162432193756104,-0.0869080126285553,0.8292337656021118,0.04214320331811905,30.60213851928711,-8.954357147216797,40.882057189941406,0
1644,16440285,-0.036509379744529724,0.03141402453184128,-0.998210072517395,-1.0066014528274536,-0.21477727591991425,0.31306833028793335,30.33454132080078,-8.986551284790039,39.155094146728516,0
1645,16450048,-0.05287769436836243,0.07879890501499176,-0.9889679551124573,0.18459902703762054,0.37476009130477905,0.4214349091053009,29.600000381469727,-9.492141723632812,39.012638092041016,0
1646,16459979,0.03071366250514984,0.07194864749908447,-1.0040417909622192,-0.6460016369819641,0.1037900373339653,0.7977352738380432,30.80938720703125,-8.593289375305176,39.19031524658203,0
1647,16470120,-0.03999754786491394,0.039486370980739594,-1.0043189525604248,0.8395963907241821,0.3935904800891876,-0.5591599345207214,28.755739212036133,-10.113362312316895,38.699893951416016,0
1648,16480086,0.024591056630015373,0.003982665948569775,-1.0045572519302368,-0.4265577793121338,-0.5247073173522949,-0.22884447872638702,30.69231605529785,-9.336928367614746,39.29817581176758,0
1649,16489892,0.03788105398416519,0.02179952897131443,-0.976559042930603,0.05656369403004646,0.012875273823738098,0.07457375526428223,30.997520446777344,-9.9284029006958,40.35636901855469,0
1650,16500214,0.041969746351242065,-0.02319560945034027,-0.9911612272262573,0.3714568316936493,0.5851745009422302,0.04009101912379265,30.58639907836914,-9.366703987121582,39.84653854370117,0
1651,16509867,-0.04053181782364845,0.06920084357261658,-0.9844104647636414,-0.007211859803646803,-0.6068148016929626,-0.838180422782898,32.01336669921875,-9.7368745803833,39.19203567504883,0
