t_ms,ax,ay,az,gx,gy,gz,mx,my,mz,roll_gyro,pitch_gyro,yaw_gyro,roll_cf,pitch_cf,yaw_cf,roll_ekf,pitch_ekf,yaw_ekf,roll_madgwick,pitch_madgwick,yaw_madgwick,roll_mahony,pitch_mahony,yaw_mahony
0.000,-0.04117680713534355,-0.02669340744614601,-0.9931907653808594,-0.8255202770233154,-0.007735520601272583,0.02362380363047123,30.18527603149414,-8.079268455505371,39.980838775634766,-0.3037310838699341,-2.0663444995880127,-0.019457874819636345,0.2622024118900299,-2.618114948272705,1.464583396911621,-0.4477349519729614,0.8435086607933044,-0.539023756980896,-0.18845942616462708,0.8800119757652283,-0.29936662316322327,-1.8148233890533447,0.23837441205978394,0.8611887097358704
9.710,-0.09512905031442642,0.019737564027309418,-1.0275386571884155,1.1259996891021729,-0.6060864925384521,0.18408003449440002,29.6218204498291,-10.972589492797852,42.4815559387207,-0.7823535203933716,1.1014577150344849,-0.8184871673583984,0.45859554409980774,1.0760889053344727,0.4114358127117157,-0.4906613230705261,2.038729190826416,0.31706079840660095,0.2739483714103699,1.0416176319122314,-0.9276825189590454,1.0538573265075684,-1.9669790267944336,-1.3744627237319946
20.073,0.05154436081647873,-0.04090683162212372,-0.9758460521697998,-0.22203466296195984,-0.636783242225647,-0.3936004042625427,29.544483184814453,-10.775699615478516,39.603511810302734,-1.3386902809143066,0.0809323713183403,-0.29639264941215515,-0.4273456633090973,0.6304426789283752,-0.525486171245575,0.0423637218773365,1.4465019702911377,0.35457903146743774,-0.6394277811050415,-0.7984629273414612,-1.299960970878601,0.7565699219703674,0.20368193089962006,-2.022536277770996
30.049,0.07060971856117249,-0.08448753505945206,-1.0002100467681885,0.23396418988704681,-0.07183313369750977,0.39235952496528625,28.479825973510742,-10.970843315124512,38.1558837890625,-1.3914352655410767,1.8056763410568237,0.6333699822425842,0.3677738904953003,-1.0792124271392822,2.8642821311950684,-0.06540423631668091,0.6686006188392639,0.31793734431266785,-0.4742768108844757,0.028130820021033287,-0.7214940190315247,-0.17843498289585114,-1.4996893405914307,-0.8525854349136353
39.948,-0.01938185654580593,0.028033409267663956,-0.9917116165161133,-0.2531681954860687,0.15923400223255157,0.5792354345321655,30.500436782836914,-10.282012939453125,41.3323860168457,0.6168434619903564,1.0305261611938477,-0.32143428921699524,0.5792636275291443,0.12802326679229736,-0.46050533652305603,-0.6861720681190491,1.4417073726654053,-1.381763219833374,0.9298474788665771,-0.6142002940177917,1.9202041625976562,-1.7397992610931396,-0.6504632830619812,1.3347785472869873
49.968,0.10466098040342331,0.0027504386380314827,-1.0029070377349854,-0.3292730450630188,0.10467881709337234,-0.02363269031047821,29.431398391723633,-9.586978912353516,40.20656204223633,0.10107970982789993,-1.1905502080917358,0.6115779280662537,0.3971821665763855,-1.0248287916183472,1.4820727109909058,-0.8717736005783081,1.1743577718734741,-0.09017371386289597,-1.9917590618133545,0.5304831266403198,0.18163681030273438,0.739190399646759,-1.4580891132354736,0.25306305289268494
59.688,-0.04933129996061325,-0.0401446595788002,-1.0199049711227417,0.11779514700174332,0.09400656074285507,-0.5179449319839478,30.202123641967773,-10.861640930175781,39.05293273925781,0.19249340891838074,-2.976165294647217,0.24720609188079834,-0.7574252486228943,-1.8180828094482422,0.5198718905448914,0.9304670095443726,-0.6881211400032043,-0.10971678793430328,0.11831320077180862,-0.5868019461631775,-1.5268304347991943,0.3282138407230377,-1.3834974765777588,-2.317750930786133
70.227,-0.009591060690581799,0.019188400357961655,-1.0011378526687622,-0.3923327922821045,-0.29312166571617126,-0.43057486414909363,30.53387451171875,-10.81010913848877,40.954986572265625,-0.15233637392520905,2.4598913192749023,2.031381368637085,-0.4497367739677429,0.12437479197978973,-0.4971785545349121,0.3794366419315338,1.8724907636642456,1.6028181314468384,-1.2030376195907593,0.9712050557136536,-0.8025187849998474,-0.7104058265686035,1.0342463254928589,0.9030288457870483
79.718,-0.026698319241404533,-0.033067427575588226,-0.9954373836517334,0.5389015078544617,-0.03456687927246094,-1.2709689140319824,29.67921257019043,-10.19089412689209,40.37514877319336,-0.8972378373146057,-1.7792956829071045,0.030983371660113335,1.6905503273010254,0.8672716021537781,-1.3150862455368042,-1.2214832305908203,-1.383579134941101,-1.5647320747375488,-0.39061978459358215,-0.883881151676178,0.8934338688850403,-0.2987437844276428,-0.052991170436143875,-0.0964009016752243
90.022,0.012424864806234837,0.06625380367040634,-0.9927903413772583,-0.5821740627288818,0.1211714968085289,-0.17763850092887878,30.540170669555664,-8.868953704833984,39.95380401611328,-1.1951560974121094,0.22720715403556824,-0.2832374572753906,-2.107534646987915,1.872385859489441,0.8459182977676392,1.9637285470962524,0.877503514289856,-0.4273427128791809,-0.4018447995185852,-1.4476921558380127,0.5011799931526184,1.6059132814407349,-0.3083116412162781,-1.3851748704910278
99.814,0.03816858306527138,-0.08259662985801697,-1.00632643699646,-0.16965067386627197,0.5388327836990356,0.5734468102455139,29.479448318481445,-9.816136360168457,40.39060592651367,0.41179725527763367,-0.08482569456100464,0.25001031160354614,-1.5695421695709229,-1.1148916482925415,-0.22067953646183014,0.702508270740509,-0.6195914149284363,-0.08451171219348907,1.5201612710952759,-2.1705422401428223,1.2072454690933228,-0.4440460205078125,1.645339846611023,-0.121097631752491
110.032,-0.03515253961086273,0.004241588059812784,-1.0004606246948242,-0.6900618076324463,-0.4095993638038635,-0.5525217652320862,32.0318603515625,-11.883102416992188,40.33995056152344,-0.26646724343299866,-1.0108839273452759,0.3815996050834656,-1.05077064037323,-0.7215701341629028,0.3753381073474884,-0.6341764330863953,-0.4535800516605377,0.2369268536567688,-0.524418294429779,1.584784984588623,-0.4682377576828003,-0.8087231516838074,-0.08395397663116455,0.16150838136672974
119.775,0.022738369181752205,0.01862846501171589,-1.0357239246368408,-0.6305661201477051,0.6922594308853149,-0.5100383162498474,29.004091262817383,-10.709165573120117,38.59197998046875,-0.2599540650844574,1.1012920141220093,0.19528509676456451,0.46766775846481323,-2.5594639778137207,1.1146234273910522,0.6695836782455444,-2.3903377056121826,1.5191189050674438,-1.7965532541275024,2.2804110050201416,-0.5195537209510803,0.7998381853103638,-0.2033557891845703,-0.33389875292778015
129.879,0.06593266874551773,-0.018191110342741013,-0.9723673462867737,0.4970083236694336,0.8983449339866638,-0.009401217103004456,27.968687057495117,-10.878830909729004,38.562862396240234,-0.004962841048836708,-0.6553434133529663,0.8859144449234009,-0.2240644097328186,0.8453860878944397,0.5157458782196045,-1.0186012983322144,0.0738563984632492,0.9546334147453308,-1.101480484008789,0.08128297328948975,-0.45980602502822876,-0.35160380601882935,-0.3592642843723297,2.9539663791656494
140.019,-0.038936059921979904,0.08232302218675613,-1.012506127357483,-0.22424079477787018,0.5243924856185913,-0.344759464263916,31.08475685119629,-10.160611152648926,39.35675048828125,-0.9622389078140259,-0.11040317267179489,0.4622326195240021,-0.5962766408920288,0.933272659778595,-0.02238375134766102,-0.3368813693523407,-0.9795342087745667,-1.2524292469024658,0.8424479961395264,-0.05611415579915047,-0.37241673469543457,-0.9664679765701294,-0.09899532794952393,-0.2584933638572693
150.066,0.03255798667669296,-0.014924436807632446,-0.9948071241378784,-0.3575918674468994,-0.42807742953300476,0.704724133014679,30.589582443237305,-9.214605331420898,40.118797302246094,0.23093056678771973,0.07742748409509659,-0.6541039347648621,-1.094614863395691,2.0135085582733154,-1.4018796682357788,-0.380725622177124,1.0680290460586548,1.810408353805542,-0.5612145662307739,1.4167282581329346,0.4718461036682129,-1.7821577787399292,-0.8919427394866943,-0.2333654761314392
160.112,-0.043716952204704285,0.044418446719646454,-0.9967690706253052,-0.14545029401779175,-0.7225356698036194,0.3259473741054535,30.031753540039062,-10.173608779907227,39.17393112182617,0.4961967468261719,-0.037819940596818924,0.416324257850647,-0.37172916531562805,-0.48825886845588684,-1.4986717700958252,-0.19945737719535828,-1.1594536304473877,-1.4996098279953003,0.6171299815177917,0.12696139514446259,-0.29428553581237793,-1.4253448247909546,-1.1298434734344482,-1.8175849914550781
170.128,-0.08800575137138367,-0.05993488058447838,-0.9796029925346375,-0.26412805914878845,-0.5619128346443176,0.7852495312690735,29.735958099365234,-9.618393898010254,38.92792510986328,-1.8575668334960938,0.36437833309173584,0.04524436965584755,-0.9185550212860107,-0.03864474222064018,-2.5422444343566895,-0.7796037793159485,1.0421500205993652,-0.11324988305568695,0.05364034324884415,-0.8541992902755737,0.3731559216976166,0.2240036278963089,1.9316757917404175,0.5545560121536255
179.713,-0.04762156307697296,0.031833961606025696,-0.9898242950439453,-0.2721375524997711,0.1903776377439499,0.2757510244846344,29.837963104248047,-11.944427490234375,40.225162506103516,-0.077478788793087,-0.13553600013256073,0.9469528198242188,1.0132230520248413,-0.04952886328101158,0.31652432680130005,-0.013666992075741291,-0.890125036239624,-1.353148102760315,0.21658116579055786,-0.9780731201171875,-0.6674452424049377,-0.4370350241661072,0.023234684020280838,0.9962077140808105
190.003,0.0069997841492295265,0.030579550191760063,-1.0051666498184204,-1.1507058143615723,-0.6582398414611816,-0.6244000792503357,30.136680603027344,-8.769145965576172,39.986846923828125,0.9783487915992737,-0.8777841925621033,0.6751877069473267,2.6510908603668213,-1.7772716283798218,-0.3377635180950165,-0.1918048858642578,0.22516728937625885,0.3744228780269623,1.0785208940505981,-0.5205054879188538,-0.39691346883773804,1.3754820823669434,-0.44918692111968994,0.8314000368118286
199.700,0.027092434465885162,0.06537109613418579,-0.9919853806495667,0.24767418205738068,0.15468771755695343,0.6283769607543945,30.8095760345459,-9.093060493469238,40.29594039916992,0.6323265433311462,-1.8552534580230713,-1.0969959497451782,-1.066754937171936,2.2016093730926514,0.5145400762557983,-0.6217408180236816,0.6657428741455078,-0.08185023069381714,0.5300304889678955,-0.05708339437842369,-0.22575479745864868,0.1297062337398529,-0.1790262758731842,-0.5807554721832275
209.826,0.0446724034845829,0.02215423434972763,-0.9801986217498779,0.9775318503379822,0.31772080063819885,1.214185118675232,29.344547271728516,-10.827054023742676,40.161964416503906,-0.6719130873680115,-0.7653495669364929,-0.8298406004905701,-0.7445873618125916,-0.6241602897644043,0.4686203598976135,0.5847010016441345,-1.0356426239013672,0.631870687007904,-0.6999268531799316,-0.7336413860321045,-0.2632843255996704,0.26523932814598083,0.03518206998705864,0.3960070312023163
219.871,-0.0015902002342045307,-0.0069318064488470554,-1.0081706047058105,-0.42250460386276245,0.020958641543984413,-0.09814593195915222,29.133716583251953,-10.545106887817383,39.730777740478516,0.23043742775917053,0.4742084741592407,0.5231541395187378,-1.537827730178833,0.12754064798355103,0.04511822760105133,-1.4102404117584229,-0.49888601899147034,-1.5851749181747437,-0.04523341357707977,1.0031780004501343,-1.2408099174499512,0.7211818695068359,-0.37966686487197876,-0.783050537109375
229.987,-0.010997018776834011,-0.03925943747162819,-1.0149531364440918,-0.09847483783960342,0.40387487411499023,0.011613927781581879,29.972667694091797,-10.502033233642578,39.55544662475586,0.7834278345108032,0.09196076542139053,0.14403831958770752,0.14874815940856934,0.23925961554050446,-0.05003762245178223,-0.4970155954360962,-0.15777406096458435,-0.3916793465614319,0.6762403249740601,-1.3414225578308105,-0.7844187021255493,0.26644179224967957,-0.7621220350265503,0.33114826679229736
239.788,-0.06306043267250061,-0.04035079479217529,-1.0402865409851074,-0.24526068568229675,-0.1817527413368225,-0.3655719757080078,29.17736053466797,-9.994504928588867,40.92457580566406,-0.012285029515624046,1.213930368423462,1.3523191213607788,-1.8196734189987183,0.31348398327827454,1.080865740776062,0.6842026710510254,-0.7726941108703613,-0.758125901222229,0.501032829284668,0.3182408809661865,-1.4811465740203857,-0.003833336755633354,1.2468867301940918,1.50214684009552
249.988,-0.022959133610129356,0.007186837028712034,-1.0072680711746216,-0.32995861768722534,0.648766279220581,-0.3912930488586426,30.34982681274414,-8.744471549987793,40.06256103515625,1.4265140295028687,-2.1830952167510986,1.0937925577163696,0.047388460487127304,0.8144508600234985,0.24751241505146027,0.979354977607727,-0.9360078573226929,0.8119310736656189,-0.7623712420463562,-0.1683487445116043,-0.8258567452430725,-1.7670116424560547,0.052594348788261414,0.9624164700508118
259.903,-0.05542091652750969,0.0018421540735289454,-1.0478326082229614,-0.015871619805693626,-0.3794960379600525,0.5496444702148438,30.3592586517334,-9.12801456451416,40.9842414855957,1.7813178300857544,-0.16963306069374084,-0.7026413083076477,0.2707711160182953,-0.18518507480621338,-0.1614370048046112,-1.652137041091919,-1.0454758405685425,1.4931138753890991,2.000396966934204,-0.36237043142318726,0.44929128885269165,1.5183981657028198,0.48938292264938354,-0.3438444435596466
269.854,0.02063506841659546,-0.08956034481525421,-1.0282585620880127,-0.9375799298286438,-0.042382095009088516,0.3321344256401062,29.899381637573242,-9.831300735473633,41.291648864746094,-1.6746894121170044,0.09026965498924255,-0.7633604407310486,-0.5275885462760925,-0.32045164704322815,-1.2868584394454956,-0.713451087474823,-1.3245282173156738,-0.32606571912765503,-0.5037720203399658,1.5500333309173584,2.113079309463501,-0.4904884994029999,0.5370559692382812,-1.1358139514923096
280.137,0.029270784929394722,-0.10413049906492233,-0.9862372875213623,0.2864895761013031,-0.0071336510591208935,-0.624720573425293,29.32539176940918,-8.571441650390625,39.80964279174805,-0.1777254045009613,0.10030391812324524,-0.7438170909881592,-0.32035428285598755,0.5174063444137573,-0.16854536533355713,0.14039626717567444,0.778943657875061,1.6462886333465576,0.08863820135593414,-1.4846833944320679,-0.12735766172409058,0.6339985132217407,-0.18378005921840668,-0.5398648977279663
290.019,0.03771547973155975,0.08660001307725906,-0.9841912984848022,-0.07747934013605118,0.6154106855392456,-0.6723780632019043,28.740440368652344,-9.509032249450684,40.03746032714844,0.512931764125824,0.03684520721435547,0.37990471720695496,0.03151027858257294,-0.1735498458147049,-1.4952034950256348,-0.21392041444778442,-0.6860044002532959,0.9415954351425171,-1.5038259029388428,-0.08504966646432877,0.9399123191833496,1.8769832849502563,0.6947978138923645,-0.5432835817337036
299.975,0.0053732143715023994,-0.0687345415353775,-1.0409079790115356,0.7518379092216492,-0.27647143602371216,-0.7967424392700195,30.15289306640625,-10.512860298156738,39.95842361450195,-2.2512829303741455,-0.21964113414287567,-0.34174931049346924,-0.42593732476234436,-0.7558177709579468,0.5011250972747803,0.02389395609498024,0.18531528115272522,0.7525993585586548,1.4030866622924805,0.8212897181510925,1.038383960723877,0.08341450989246368,-0.5102559924125671,0.2416139394044876
310.063,-0.08302243798971176,0.023597775027155876,-0.9563989639282227,-0.8075172901153564,-0.2109619528055191,0.27967849373817444,29.733060836791992,-10.230719566345215,40.984100341796875,0.2846107482910156,0.15826082229614258,0.008881605230271816,-0.49046406149864197,0.5741861462593079,-0.5696107745170593,0.8281809091567993,-1.5256214141845703,-0.21983817219734192,0.41103556752204895,-1.4008249044418335,-0.25403329730033875,0.5913459062576294,-0.9972043633460999,-0.14737385511398315
319.914,0.09669443219900131,-0.03743657097220421,-1.0157272815704346,0.3200230300426483,0.13653261959552765,0.3812597990036011,32.989498138427734,-10.644506454467773,38.278533935546875,0.6823506355285645,0.8526963591575623,0.44457492232322693,0.7848877310752869,2.247692823410034,-0.6211626529693604,-1.7140581607818604,1.1124672889709473,-0.9186926484107971,-1.2800812721252441,-0.23879657685756683,1.16603422164917,1.123997449874878,-0.724435031414032,1.0429202318191528
330.247,-0.10043589770793915,0.0007867299136705697,-1.0264846086502075,-0.6941840052604675,0.30065658688545227,0.05923347547650337,29.48109245300293,-11.04056167602539,39.15620803833008,-0.7142971158027649,-0.3794306814670563,1.2075101137161255,-0.2748367488384247,0.29244914650917053,-0.1903449296951294,0.09342941641807556,0.9649620056152344,-0.12708953022956848,-1.326759696006775,2.1473050117492676,-0.170066699385643,-1.3546122312545776,1.1124273538589478,-0.17295624315738678
339.783,0.0007612352492287755,-0.023132266476750374,-0.9990525841712952,-0.4920022785663605,0.5335356593132019,-0.24141567945480347,30.420520782470703,-10.810497283935547,39.88837432861328,-2.7185542583465576,0.5893458127975464,0.5045782923698425,-0.680250883102417,-0.28567904233932495,1.2145975828170776,-0.23227231204509735,0.4545654058456421,-0.47046977281570435,0.031779635697603226,1.611039400100708,-0.8819131851196289,0.9547487497329712,-1.6406384706497192,-0.738456130027771
349.943,0.023049477487802505,0.052390776574611664,-1.000908613204956,1.0858919620513916,-0.05356327071785927,-0.04315521940588951,29.71956443786621,-10.414709091186523,40.41179656982422,-1.1563644409179688,0.14401443302631378,1.8118313550949097,1.1132549047470093,0.6853809952735901,0.19154071807861328,-0.0547788180410862,-0.10020461678504944,0.7176663279533386,-1.656053900718689,0.33250176906585693,-1.3143558502197266,1.2410902976989746,-0.3924767076969147,1.2066019773483276
359.917,-0.05797730013728142,0.03557046502828598,-1.0277001857757568,-0.8787419199943542,0.44864973425865173,-0.5921041965484619,29.349287033081055,-9.379386901855469,40.73758316040039,-0.06295010447502136,0.9994165301322937,-0.11340906471014023,-1.457689881324768,-0.05023327097296715,2.04459810256958,1.625162124633789,0.07249221205711365,-0.13170990347862244,0.44270753860473633,-0.5947310924530029,1.6278308629989624,0.01524217426776886,1.3243730068206787,-1.8132703304290771
370.194,-0.012701611034572124,0.030562395229935646,-0.9772182106971741,-0.15650272369384766,0.4031418561935425,0.4947497546672821,27.580669403076172,-12.14344596862793,38.96444320678711,0.05827055871486664,-0.4227900207042694,0.030308930203318596,2.0096397399902344,1.4760000705718994,0.22090943157672882,-0.9474156498908997,1.2827666997909546,0.8473458886146545,-0.04116139933466911,0.4722331464290619,0.706613302230835,-0.543018639087677,2.226884603500366,1.9452950954437256
380.022,-0.009951739571988583,0.04397644102573395,-0.9800978899002075,-0.7535085678100586,-0.4522705376148224,-0.7399681806564331,30.5565242767334,-9.553986549377441,39.70543670654297,0.06643254309892654,0.7049081921577454,0.19500353932380676,-0.445492148399353,0.6231273412704468,0.3389586806297302,-0.7555080652236938,-1.3004823923110962,0.24559804797172546,0.7436019778251648,-0.6840071678161621,-1.5695699453353882,-1.9345262050628662,-0.8862079977989197,1.1153829097747803
389.765,0.025665489956736565,-0.001968392636626959,-0.9986214637756348,-0.35216599702835083,0.9386386871337891,-0.2828611433506012,30.239904403686523,-10.466304779052734,41.10499572753906,-0.7404026389122009,1.2874648571014404,2.148409128189087,0.12192043662071228,0.2623303532600403,0.5071322321891785,0.7130703926086426,0.983500063419342,1.3749678134918213,-1.0814929008483887,0.15417760610580444,-0.6482857465744019,1.0103830099105835,2.2196950912475586,-0.2464967668056488
399.994,-0.053326673805713654,0.04819510877132416,-0.9611460566520691,1.3403619527816772,0.27282586693763733,-0.32974642515182495,30.25604820251465,-9.390503883361816,39.85324478149414,0.8385971188545227,0.18081700801849365,0.6658490300178528,-0.10393770784139633,-1.539951205253601,1.6583069562911987,1.2515344619750977,0.0054347217082977295,-0.7044438123703003,-0.07298023253679276,-1.6397926807403564,1.01620352268219,1.022719144821167,0.6576535701751709,-0.6868919134140015
410.024,0.020555073395371437,0.018306447193026543,-1.003136396408081,0.13773976266384125,0.10337160527706146,0.048501547425985336,29.857324600219727,-9.22285270690918,40.81098175048828,1.064954400062561,1.5555788278579712,0.42526140809059143,-1.2837544679641724,-1.01957368850708,1.4165829420089722,-1.297953486442566,-0.5155689716339111,0.7551482319831848,-0.8742120265960693,0.7430697083473206,1.1935824155807495,0.3658689260482788,0.7878705859184265,-0.1372053176164627
420.038,0.03302323818206787,-0.015261417254805565,-1.031400203704834,0.24026452004909515,-1.0908232927322388,-0.7647275924682617,30.183446884155273,-9.868416786193848,38.9726676940918,1.4830470085144043,-1.0747628211975098,1.249451994895935,-0.674942135810852,1.526257872581482,-0.5146447420120239,1.3718960285186768,-0.5206217765808105,-0.1337224543094635,-0.3179974853992462,0.6040603518486023,0.1979137808084488,-1.0509308576583862,-0.4901789128780365,-1.3991570472717285
430.127,0.005773679353296757,-0.0376410149037838,-0.9710094332695007,0.951231062412262,0.6582769155502319,0.0786774680018425,30.25750732421875,-9.520487785339355,41.4390869140625,1.6175107955932617,-1.1438333988189697,0.9962807297706604,1.5039623975753784,-0.5434870719909668,-1.2390384674072266,0.6177781224250793,-1.063783049583435,-0.7420803904533386,0.46308761835098267,0.7134663462638855,1.225874423980713,0.22402064502239227,1.127581238746643,-0.8945073485374451
439.980,0.03711174055933952,0.04248511418700218,-1.0206423997879028,-0.5508455634117126,-0.23806890845298767,-0.5707531571388245,29.5631103515625,-13.283021926879883,40.29946517944336,0.06773407757282257,-0.7048841118812561,-0.5412858724594116,0.260611355304718,-0.7336947321891785,0.0964517891407013,0.4590999484062195,-0.062208011746406555,0.3118748366832733,-0.6674094796180725,-1.3268147706985474,-1.8834189176559448,-1.2265979051589966,-0.5456618666648865,-0.43470752239227295
449.967,-0.009346830658614635,-0.038083210587501526,-0.9865148663520813,-0.29103848338127136,-0.2620776295661926,0.3707258999347687,30.399837493896484,-10.947468757629395,39.1430549621582,0.29319602251052856,0.5840660333633423,0.7133357524871826,-1.3997433185577393,-0.8065266609191895,0.7393770813941956,0.35618916153907776,-2.03037166595459,-1.0421291589736938,-0.3513767719268799,2.5256497859954834,-0.6559770703315735,1.3362281322479248,-1.4096906185150146,-0.3454573452472687
459.897,-0.02705838531255722,0.03273696452379227,-1.0232632160186768,-0.308885782957077,0.22556142508983612,-0.02400926686823368,29.884071350097656,-8.93887996673584,40.58869934082031,-0.09669752418994904,0.38934430480003357,2.4001176357269287,0.3123290538787842,-0.3745265007019043,0.8938672542572021,1.0689717531204224,0.008834186010062695,-0.25931358337402344,0.009977440349757671,0.5302664637565613,-0.3447525203227997,-0.0025500019546598196,-0.26892411708831787,-0.8510565757751465
470.399,0.04543532058596611,0.045637987554073334,-0.9792431592941284,0.5491917729377747,0.6745847463607788,-0.6248199939727783,29.497224807739258,-9.189034461975098,39.148216247558594,-2.222236156463623,-0.12617306411266327,-0.22063910961151123,-0.7846488952636719,-1.3129557371139526,0.11542796343564987,-0.12459718436002731,0.9426881074905396,-0.9272712469100952,-0.1702960580587387,0.7606682777404785,-0.6154024004936218,-1.2042897939682007,0.24798071384429932,-0.5724731087684631
480.165,-0.004973717965185642,0.0091572105884552,-1.014336347579956,0.9656242728233337,-0.3369376063346863,0.7130505442619324,30.542749404907227,-10.543938636779785,41.25245666503906,0.21220630407333374,1.845674753189087,-0.5704922676086426,0.26575323939323425,-0.22289226949214935,-0.12817513942718506,-2.2985479831695557,-0.2867546081542969,-2.119673013687134,0.3924911916255951,0.5163090825080872,1.9363360404968262,0.37981271743774414,0.29235586524009705,-2.7201101779937744
490.051,0.023421941325068474,0.024150606244802475,-1.0115113258361816,0.12896667420864105,0.04389462620019913,-0.01109484862536192,30.07604217529297,-8.53501033782959,39.7205924987793,-0.16840650141239166,1.0395257472991943,-1.411718487739563,1.262527346611023,1.0120220184326172,-0.09516184031963348,-0.6867890954017639,-1.0801321268081665,0.39231351017951965,2.9604992866516113,-0.29283982515335083,0.21294359862804413,-0.41074416041374207,1.1150466203689575,0.1033947542309761
500.270,0.06676803529262543,0.03057134710252285,-1.031541109085083,-0.38700589537620544,0.055366672575473785,-0.5307953953742981,29.56669807434082,-9.931909561157227,43.437320709228516,0.6156304478645325,1.9988782405853271,0.44867417216300964,-0.725270688533783,0.403624951839447,-1.2797702550888062,1.4948033094406128,-0.17219404876232147,-1.1655453443527222,-0.6887426972389221,0.9871081709861755,-0.5942954421043396,-1.4188933372497559,1.142128586769104,-0.18621127307415009
509.935,-0.05794644355773926,0.03679884225130081,-0.9772379994392395,-0.40364453196525574,-0.5388517379760742,0.29719215631484985,31.697999954223633,-8.723783493041992,40.73287582397461,1.7584961652755737,-0.1993720382452011,2.083173990249634,0.29006683826446533,1.3770265579223633,0.28414180874824524,-1.025842308998108,0.02906743250787258,-0.20846672356128693,1.228211522102356,0.28209787607192993,0.5381904244422913,0.15559393167495728,-0.8428636789321899,0.814639151096344
520.120,-0.05440792068839073,-0.013959112577140331,-1.0130386352539062,0.4341500401496887,1.1277198791503906,0.6074696779251099,30.92110252380371,-10.49427604675293,39.08320617675781,0.6388806700706482,0.9355562329292297,-0.29924827814102173,1.1926751136779785,-0.9756389856338501,-1.1355053186416626,0.9755356907844543,-0.6994352340698242,0.04510365426540375,1.3470412492752075,0.5581084489822388,-0.5469818711280823,1.181034803390503,0.28363037109375,2.4083402156829834
529.962,0.01597062312066555,-0.018277529627084732,-0.9873127937316895,0.10877780616283417,0.11392665654420853,-0.15414610505104065,28.860910415649414,-10.970708847045898,40.559120178222656,0.9140126705169678,0.050624698400497437,2.0905230045318604,2.6623449325561523,0.6472894549369812,0.036901820451021194,2.6399636268615723,-0.06317684799432755,1.6081916093826294,0.11929592490196228,0.6358216404914856,1.6271944046020508,-1.3279170989990234,0.06949887424707413,-0.07425660640001297
540.083,0.04534291476011276,-0.004623637534677982,-0.9897319674491882,0.2980297803878784,0.32964926958084106,0.21915757656097412,29.81216049194336,-8.580034255981445,41.71548843383789,0.5842004418373108,-0.6199570298194885,0.7855139374732971,0.9541037082672119,1.3441355228424072,-0.5784776210784912,0.7401858568191528,0.21490424871444702,0.5661685466766357,-0.6283882856369019,0.0072935475036501884,-2.764362335205078,0.2975531220436096,0.6149839162826538,-0.2848706543445587
550.046,0.0330122634768486,0.09360870718955994,-1.0327657461166382,-0.07797911763191223,-0.6820947527885437,-0.3409439027309418,31.92487335205078,-9.320202827453613,39.52833938598633,2.0307936668395996,0.44551658630371094,0.1323045939207077,-0.21337348222732544,1.3780875205993652,0.07350470870733261,-0.5698585510253906,-1.266811728477478,0.3680703043937683,-0.9115222692489624,-3.3582987785339355,0.17868919670581818,-0.8987723588943481,1.7836625576019287,1.0307183265686035
559.932,-0.008738993667066097,0.022512400522828102,-0.9990969300270081,0.13243669271469116,0.06041570380330086,0.07186730206012726,29.086265563964844,-8.768089294433594,40.857967376708984,0.05480760335922241,-1.2403135299682617,-1.2801786661148071,0.4293241500854492,0.771389901638031,1.4176045656204224,-0.17109934985637665,-0.34811800718307495,-0.9006801843643188,-0.2595672607421875,-0.4909825325012207,-0.10183456540107727,-0.36599770188331604,1.0579708814620972,0.2805018723011017
569.877,0.008545247837901115,-0.01926170475780964,-0.989063560962677,0.615994393825531,-0.2130487710237503,0.6878716349601746,30.061471939086914,-8.823596954345703,41.621402740478516,-0.8673705458641052,-0.2174968421459198,-0.2806894779205322,1.2653796672821045,-1.020063877105713,0.3058681786060333,-0.39914655685424805,0.31472980976104736,-1.5767172574996948,0.5873480439186096,1.2296510934829712,0.43382301926612854,0.27903735637664795,-1.5975284576416016,-0.2653082609176636
580.002,-0.05084669589996338,-0.024902980774641037,-0.9730409979820251,-0.08583804965019226,0.01281744334846735,0.4121895432472229,29.59347915649414,-10.708422660827637,39.775230407714844,-0.5110230445861816,0.3712140917778015,1.6927520036697388,1.4096932411193848,-1.736761450767517,1.7239683866500854,-2.210374116897583,-0.004514245316386223,-0.2603667080402374,1.4424152374267578,-0.5727705955505371,1.4198555946350098,-0.14641159772872925,0.6253690123558044,0.3915935158729553
590.037,-0.0033170776441693306,0.040174346417188644,-0.98872971534729,-0.18723763525485992,0.41870495676994324,-0.3969977796077728,29.328813552856445,-8.747944831848145,37.34463119506836,0.3105739653110504,1.608089566230774,-2.2228357791900635,0.31764960289001465,1.4803147315979004,-1.0253962278366089,-0.46169155836105347,0.6821405291557312,-0.22414372861385345,-0.6963820457458496,-1.084837555885315,-0.06408829987049103,0.6110143661499023,1.3200770616531372,1.304056167602539
600.076,0.03626739978790283,-0.02024148590862751,-1.0237337350845337,-0.32179170846939087,0.14190231263637543,0.17147287726402283,30.183162689208984,-10.218660354614258,39.54438781738281,-0.4194091558456421,-0.8520258665084839,0.5204214453697205,0.14019371569156647,-0.4648037552833557,-0.5190186500549316,1.2881828546524048,0.038314323872327805,0.8205064535140991,0.3530881106853485,-1.1964260339736938,-1.6522855758666992,0.5439853072166443,0.20822380483150482,-0.05239454284310341
610.149,0.03524492681026459,-0.037907231599092484,-0.994465172290802,-0.13831473886966705,-0.1586570143699646,0.7148358225822449,30.261070251464844,-9.204845428466797,38.71205520629883,-0.16025425493717194,0.12485993653535843,0.31826481223106384,0.08058217912912369,-0.8263038992881775,-1.0806773900985718,1.0850017070770264,-0.6145474910736084,0.08730152249336243,-2.6166350841522217,-0.04560431092977524,1.106976866722107,-1.8396574258804321,0.3597707450389862,0.15194518864154816
620.006,-0.03147076442837715,0.04911736026406288,-0.9780992269515991,0.1566265970468521,0.5077685713768005,0.1797623187303543,30.078886032104492,-11.602401733398438,39.69269561767578,0.9634816646575928,1.4088218212127686,-2.720209836959839,-2.184840679168701,0.3478284776210785,0.8313515186309814,-1.2592583894729614,0.8749122023582458,-0.27893680334091187,-2.0193989276885986,0.6023653149604797,0.01087293028831482,-0.22941426932811737,-0.24271520972251892,-1.0387382507324219
629.846,0.02889043465256691,0.002478695008903742,-0.9976131916046143,0.7780112028121948,-0.03470177203416824,0.31852588057518005,29.246301651000977,-9.960834503173828,39.63215255737305,0.7890406847000122,-1.2550021409988403,1.126041054725647,0.22308005392551422,0.5155092477798462,-1.6509279012680054,-0.37741103768348694,-1.1708707809448242,0.3851490914821625,1.7079217433929443,1.1946626901626587,0.7597489953041077,-0.02058933489024639,-0.21844564378261566,-0.9801852107048035
640.086,-0.003772968193516135,-0.06353076547384262,-1.0155302286148071,0.16757822036743164,-0.8039330840110779,-0.8351428508758545,30.021900177001953,-10.025720596313477,40.63549041748047,0.12233030050992966,0.8646945953369141,-0.12707401812076569,1.2291632890701294,-0.9426679611206055,-0.5651394128799438,0.4959712326526642,-0.3501071035861969,0.49929898977279663,-1.052794337272644,-0.80504310131073,-0.10750603675842285,-0.5990186929702759,1.3249187469482422,0.33361348509788513
649.993,-0.019770683720707893,0.0006320201209746301,-1.0094155073165894,-0.27292922139167786,0.10048408061265945,-0.7874248027801514,29.218828201293945,-12.219708442687988,40.51154708862305,-1.1806539297103882,0.9024004936218262,-0.46575188636779785,1.6921329498291016,0.13168060779571533,-1.3686310052871704,-0.6225719451904297,-0.2147393673658371,1.1123287677764893,-0.25058940052986145,-1.1404454708099365,-0.2706073820590973,-1.4055147171020508,0.8356960415840149,-0.44306495785713196
660.271,-0.0706694945693016,0.08423919975757599,-0.9946081638336182,0.03850637376308441,0.7833091616630554,0.07744099199771881,32.024017333984375,-10.81227970123291,38.42705154418945,-0.3864380419254303,0.2920514941215515,0.9051452279090881,0.28442707657814026,-1.2233707904815674,0.09005548059940338,1.620865821838379,-0.09366782009601593,-0.31673523783683777,-0.8227866291999817,0.9387986063957214,-0.015193581581115723,0.38552865386009216,0.7484029531478882,0.08779921382665634
670.072,-0.009249049238860607,-0.09899202734231949,-0.9949725866317749,0.4746069312095642,0.7297652363777161,-0.16805970668792725,31.37225914001465,-10.95308780670166,40.797847747802734,-0.653348445892334,0.64870685338974,-2.2983059883117676,0.6415469646453857,1.3977172374725342,1.2098726034164429,0.8719791173934937,-0.4997667372226715,1.3463257551193237,-0.6766798496246338,-1.3102973699569702,-1.3534103631973267,0.8243072032928467,-1.7087559700012207,0.9343193769454956
679.773,0.0019248821772634983,-0.04234471172094345,-1.0531445741653442,-0.13009561598300934,0.6593528389930725,-0.45139503479003906,28.32477569580078,-10.002074241638184,40.381568908691406,-0.4975506365299225,0.7718079686164856,0.2450031042098999,1.3259077072143555,-0.22555169463157654,0.8882579207420349,0.5882964134216309,-0.0701899528503418,0.059653643518686295,0.09901662915945053,-2.132194995880127,-1.189157247543335,2.1907153129577637,1.7380433082580566,0.46893829107284546
690.047,0.054879218339920044,0.014318566769361496,-1.0006914138793945,0.4859157204627991,-0.006230961065739393,0.3180880546569824,30.729890823364258,-9.838350296020508,39.059635162353516,-0.3596218526363373,1.1011024713516235,-0.21915476024150848,-2.138958215713501,2.2240777015686035,-0.11171504110097885,-0.5646556615829468,0.2605602443218231,-1.5025391578674316,-0.08421698957681656,1.267080307006836,-1.5196763277053833,-0.8788277506828308,2.4157354831695557,-0.3821098506450653
699.986,-0.09691032022237778,0.008482242934405804,-1.0615402460098267,1.0290333032608032,0.9710938334465027,0.15817727148532867,29.376493453979492,-9.504627227783203,38.72878646850586,-0.5236992835998535,-0.3772130310535431,0.4554978311061859,0.8308684229850769,0.1272227019071579,-2.364224672317505,-0.8377724885940552,-0.6993032097816467,-0.7388947010040283,0.8807377815246582,0.9793714880943298,0.12259551137685776,-0.042616911232471466,0.3409726321697235,-0.7220142483711243
709.770,0.021734535694122314,-0.11410855501890182,-0.9691449403762817,-0.09529297053813934,-0.20854152739048004,-0.42987409234046936,31.20783805847168,-12.097813606262207,38.887847900390625,1.049256443977356,-0.33781254291534424,-0.553531289100647,0.7837468981742859,2.0876030921936035,1.7113211154937744,0.7288689613342285,-1.5050581693649292,0.5640915036201477,-0.9298533797264099,0.032668497413396835,0.3170938789844513,-1.878830909729004,-1.1956084966659546,0.865966796875
720.043,0.0003981887421105057,0.04876678064465523,-1.0023773908615112,0.9554726481437683,0.5171368718147278,0.4462832808494568,30.861347198486328,-10.01163387298584,38.777347564697266,1.2760496139526367,-1.3938246965408325,-0.5128993391990662,-0.7054668068885803,-1.4282976388931274,-0.37794890999794006,-0.9255057573318481,-0.20869946479797363,0.613032341003418,0.09470485895872116,-0.33209651708602905,-0.4182108938694,1.1163908243179321,0.4264792203903198,0.8548024296760559
730.268,-0.04191063717007637,0.04918516054749489,-0.978924036026001,0.5393264889717102,0.2024311125278473,-0.2993924915790558,30.531461715698242,-9.477964401245117,40.05813980102539,-0.40409228205680847,-0.5017632246017456,-1.4311012029647827,-0.6053304672241211,-0.16689328849315643,0.6173859238624573,0.05886850506067276,0.17741245031356812,-0.21627715229988098,0.8016759157180786,-1.0029633045196533,0.23407895863056183,1.457768201828003,-1.3987499475479126,-0.2802962362766266
740.404,-0.02594848722219467,-0.055954501032829285,-0.9939908385276794,-0.051464326679706573,0.24107137322425842,-0.01626124046742916,30.17829132080078,-7.180690765380859,39.623321533203125,-0.0893242284655571,0.29419776797294617,0.7890015244483948,0.35422977805137634,0.33067119121551514,-0.7347359657287598,1.5765790939331055,-0.22553248703479767,1.0287669897079468,-0.28894490003585815,-0.1708400994539261,-0.19224917888641357,-0.30018723011016846,-1.533239483833313,0.5608896017074585
750.021,0.10616935044527054,-0.007528534159064293,-0.9900428056716919,0.15546154975891113,-0.38308101892471313,0.4512501358985901,29.65972900390625,-10.038575172424316,41.28887939453125,1.1233108043670654,0.5240116715431213,1.1144590377807617,1.146806240081787,0.04288414493203163,-0.32927754521369934,-0.8974925875663757,-0.7761635184288025,-0.7455401420593262,0.26361098885536194,-0.10172556340694427,0.010224133729934692,-0.10159213095903397,0.4542960524559021,-1.0711252689361572
759.637,-0.11211825162172318,0.021489514037966728,-0.9763829112052917,1.0079175233840942,-0.5581352114677429,0.39572542905807495,28.703136444091797,-8.376482009887695,41.272735595703125,1.0033972263336182,0.983599066734314,1.5238263607025146,-1.1692237854003906,-0.33672747015953064,-0.5006701946258545,-0.5420764088630676,1.4646114110946655,-0.6697759032249451,0.7936559319496155,0.07746928185224533,-0.39413514733314514,1.57149338722229,-1.5082511901855469,-0.11869294941425323
769.970,-0.020535217598080635,0.06906433403491974,-0.9733676314353943,-0.601559579372406,0.08322393894195557,0.3613266050815582,30.11578369140625,-9.257250785827637,40.75120544433594,-0.8593477606773376,0.09485942125320435,0.6901282072067261,-0.15346409380435944,-1.4678300619125366,0.766181468963623,0.4009740650653839,-0.25143516063690186,-0.029527245089411736,0.3902028799057007,0.27607110142707825,0.2781146764755249,-0.45494544506073,-1.152925968170166,-1.0487453937530518
779.867,0.0647067055106163,-0.025081932544708252,-1.0149610042572021,0.28468549251556396,0.24949157238006592,-0.20563815534114838,30.734642028808594,-9.685259819030762,39.91126251220703,-0.03719640523195267,-2.0091357231140137,0.0187445767223835,-0.9147952198982239,-1.8232754468917847,0.42641696333885193,-1.5675870180130005,0.4526505768299103,-0.5885722637176514,-1.058467984199524,0.42903825640678406,-0.7216755151748657,-0.17004618048667908,0.5948266983032227,-0.0806422308087349
790.138,-0.10062385350465775,-0.001846322906203568,-0.9942402839660645,-0.26164722442626953,0.5158765912055969,0.17270328104496002,29.541370391845703,-10.85284423828125,40.570167541503906,-0.28314268589019775,-0.46479058265686035,-0.4637983739376068,-0.08326772600412369,-1.8160817623138428,1.4432767629623413,0.34254932403564453,-0.3182676434516907,-0.5247504115104675,-1.2472119331359863,1.5922313928604126,0.4015837609767914,-1.5055800676345825,-1.0114634037017822,-0.014184958301484585
800.004,0.04439786449074745,-0.07776916772127151,-0.9993413686752319,0.053388021886348724,0.48890942335128784,-0.30106306076049805,29.489824295043945,-9.18830394744873,39.0054931640625,-0.2713729739189148,1.84221351146698,0.5530168414115906,-0.8195528984069824,1.401685357093811,1.4599205255508423,-0.022111399099230766,-2.2817554473876953,1.2686458826065063,1.4190415143966675,0.9906752705574036,-1.6909157037734985,1.717413306236267,-0.5580141544342041,1.350207805633545
809.977,-0.08889616280794144,-0.018079299479722977,-0.992161750793457,0.5266149640083313,0.34188246726989746,-0.36379557847976685,29.30971336364746,-9.648981094360352,39.11862564086914,1.548754334449768,1.1917215585708618,0.18080733716487885,0.07213051617145538,-0.26175516843795776,0.681723415851593,0.317063570022583,-0.3080114424228668,1.1347010135650635,-0.6772744059562683,0.051081299781799316,0.991319477558136,0.0714472308754921,-0.06637237966060638,-1.3327016830444336
819.989,0.01340466272085905,-0.03343074023723602,-1.0213273763656616,0.11781046539545059,-0.2849286198616028,0.05743158236145973,29.838342666625977,-10.402801513671875,41.0577392578125,-2.085880994796753,-1.4980149269104004,-1.6513229608535767,3.1729912757873535,0.544606626033783,0.11596965044736862,-2.6849594116210938,-2.0166375637054443,0.7422645688056946,-0.8705775737762451,-0.6544561982154846,-0.12254486232995987,1.300813913345337,0.8939197659492493,-0.6711840033531189
830.079,-0.07456149160861969,0.02742745541036129,-0.9944287538528442,-0.6795312166213989,0.11997374147176743,-0.2942825257778168,29.281673431396484,-9.185587882995605,41.21467971801758,-1.5158971548080444,-1.3824981451034546,1.8209203481674194,-1.090346097946167,-0.7999222278594971,1.4420841932296753,1.3870989084243774,-1.8862215280532837,-0.9517485499382019,0.14172078669071198,-0.42199409008026123,-0.15124794840812683,0.09903520345687866,-0.4364447295665741,-2.1357619762420654
840.032,-0.04115745425224304,-0.00402047298848629,-1.003844141960144,-0.9413735866546631,0.8459487557411194,0.2819083034992218,31.24770736694336,-10.502840995788574,40.63263702392578,1.4998003244400024,0.7700093984603882,0.7077922224998474,0.47754400968551636,-1.702399730682373,-0.547542929649353,-1.9152041673660278,0.7213237285614014,0.41061893105506897,-0.46709176898002625,0.3199962377548218,-0.031410280615091324,-0.37370672821998596,-1.4854707717895508,0.9335524439811707
850.303,0.0646977499127388,0.03327320143580437,-1.0119460821151733,0.36881035566329956,-0.003222718136385083,-0.13459932804107666,31.362985610961914,-10.346938133239746,39.95356369018555,-0.6595491766929626,-1.4538564682006836,-0.3611774742603302,-0.95585036277771,0.36837175488471985,-1.0090932846069336,-0.6260719299316406,2.1239190101623535,-1.2578086853027344,2.2537405490875244,-0.1924307942390442,0.140604168176651,2.6984238624572754,-0.1339910626411438,0.31942713260650635
859.971,-0.023466341197490692,0.04537724331021309,-0.9816646575927734,0.25774577260017395,0.07351360470056534,-0.3537102937698364,27.69004249572754,-8.70649528503418,40.32597732543945,-1.0931904315948486,1.0437558889389038,-0.5161694288253784,0.27968016266822815,1.2265491485595703,0.20395419001579285,0.5676271915435791,0.07089713960886002,0.31745582818984985,0.8852576613426208,0.3509632349014282,-1.6259450912475586,0.48420727252960205,0.6723278164863586,0.029658090323209763
869.814,0.04776633903384209,-0.04366004467010498,-1.0106638669967651,0.004842220339924097,0.5889673233032227,0.7220794558525085,30.556671142578125,-8.910881042480469,40.89398956298828,-0.4383630156517029,0.8547208905220032,0.24562932550907135,-0.20322205126285553,-0.6012649536132812,-1.2740888595581055,-0.28206726908683777,-0.5487951040267944,-0.2621462345123291,0.8719155192375183,1.478695273399353,1.1738018989562988,2.583488941192627,-0.1660340577363968,2.8344240188598633
879.626,-0.013419871218502522,0.06162353605031967,-1.0087367296218872,-1.1792962551116943,0.3397757411003113,0.27569380402565,29.630460739135742,-10.199037551879883,40.062599182128906,0.7539088726043701,0.4849338233470917,-1.436901330947876,0.5302339792251587,0.5353659987449646,0.5566806793212891,1.7780424356460571,-0.3805728852748871,0.40830761194229126,1.5938694477081299,1.1976975202560425,-0.4362120032310486,0.2655344307422638,-0.564714789390564,1.0122812986373901
890.093,-0.09329869598150253,0.005320162512362003,-0.9843607544898987,0.5883819460868835,-1.086186170578003,-0.9063186645507812,31.212385177612305,-10.889047622680664,42.39754104614258,-0.35714882612228394,-0.6739233136177063,-1.5965750217437744,-2.108236789703369,0.6538807153701782,0.5403655767440796,-1.1028884649276733,0.01162062305957079,1.0506529808044434,-0.31224989891052246,-2.116807222366333,-0.14877092838287354,0.42671841382980347,-1.2651751041412354,0.043735701590776443
900.072,0.03790460526943207,0.03588768467307091,-0.9770781993865967,-0.36688894033432007,-0.07851127535104752,0.10297895967960358,30.254514694213867,-10.199908256530762,42.09613037109375,-0.23179152607917786,-0.14520496129989624,-1.6996722221374512,0.07289616018533707,-2.343618869781494,0.009950201958417892,0.6698946356773376,-1.7437664270401,-0.6738459467887878,-0.41902676224708557,-0.5495043396949768,2.234337568283081,0.18564264476299286,-0.07046966999769211,1.806396722793579
910.055,-0.029142828658223152,-0.04565277695655823,-0.9953593015670776,-0.10704144835472107,-0.415241539478302,0.49243777990341187,30.025909423828125,-10.219198226928711,39.48283767700195,-0.6786559820175171,0.7419208288192749,-0.3490886986255646,0.33741626143455505,-1.7728825807571411,-0.3771912753582001,0.0961349606513977,-2.3812384605407715,1.1565240621566772,-0.3508710563182831,-0.019431833177804947,-0.01332661509513855,-1.3037362098693848,-0.5542919635772705,0.5462796092033386
919.912,0.08114389330148697,0.03411886468529701,-1.0292301177978516,0.4026198387145996,-0.7174694538116455,-0.5048010349273682,30.15610694885254,-11.770200729370117,38.81378173828125,1.757154941558838,0.7321433424949646,0.4828735589981079,0.506971538066864,-0.666188657283783,-1.098159909248352,-2.062326431274414,0.3656192719936371,-0.2170194685459137,0.6375298500061035,0.667340874671936,-1.381429672241211,1.1634496450424194,1.1159069538116455,0.6277875900268555
929.942,0.02739742584526539,-0.03212636336684227,-0.9987028241157532,-0.07593759149312973,-0.7306861877441406,0.6314200162887573,30.851137161254883,-9.500633239746094,39.109474182128906,0.7214296460151672,1.4092727899551392,1.2868492603302002,-0.19892090559005737,-1.4470592737197876,-0.5560773611068726,0.10673382133245468,0.7902418375015259,0.6100299954414368,0.13817830383777618,-0.6278992891311646,1.3572567701339722,-0.2369547188282013,-0.8471363186836243,0.4909107983112335
940.008,-0.08366678655147552,0.010944432578980923,-0.9828119277954102,0.31537261605262756,-0.47233542799949646,-0.6341755390167236,28.696016311645508,-9.262588500976562,41.47690963745117,-0.09775310754776001,-1.0360090732574463,0.9328844547271729,0.1352466642856598,-1.509022831916809,-1.3747810125350952,0.09679301828145981,-0.7621144652366638,-0.8928595781326294,0.011014064773917198,0.27955225110054016,0.4513586461544037,-0.7109093070030212,-0.5784404873847961,-0.7932758927345276
950.066,-0.04641608148813248,-0.012073484249413013,-0.9903216361999512,0.16606377065181732,0.19979283213615417,0.6599982976913452,30.518131256103516,-9.054832458496094,39.524810791015625,1.0488629341125488,-0.14852891862392426,-1.5160267353057861,-1.6121137142181396,-1.1040009260177612,-0.6022892594337463,-1.0541812181472778,0.6651884317398071,0.015465482138097286,-0.5361970663070679,0.14846399426460266,0.38645777106285095,0.8847262263298035,0.8930596113204956,0.10204244405031204
960.050,0.006828984711319208,0.0450408011674881,-1.0145797729492188,0.2407667636871338,1.167917251586914,0.4974830746650696,28.190275192260742,-10.816448211669922,41.06559753417969,-2.0578460693359375,-0.819760262966156,-0.6977160573005676,-0.3402467668056488,-1.3148170709609985,0.0955604612827301,0.39139896631240845,-0.30629000067710876,1.1023972034454346,0.03647235780954361,-0.3937302529811859,0.7978798151016235,0.11203914880752563,0.31036117672920227,0.5234887003898621
969.995,-0.051805995404720306,-0.024245845153927803,-1.0231722593307495,-0.36527448892593384,1.1612290143966675,-0.8255063891410828,31.086162567138672,-8.436497688293457,38.39099884033203,0.47421085834503174,0.1226225197315216,0.06997609883546829,0.26242488622665405,-0.5447969436645508,-3.5759520530700684,-0.9058191180229187,0.263576865196228,1.990835428237915,0.45276761054992676,0.9283652901649475,-0.1145063191652298,-0.3335220515727997,0.22292260825634003,-0.6224608421325684
980.165,0.0839722529053688,0.02843533642590046,-1.018430471420288,0.3121196925640106,-0.13755124807357788,0.00900659803301096,29.65194320678711,-9.050127983093262,39.64737319946289,1.2689151763916016,-1.9377954006195068,-0.1337437629699707,-0.09960827976465225,-0.9523431062698364,0.20061571896076202,0.3666277527809143,-0.6240822672843933,0.5858991742134094,0.6745583415031433,-0.3208081126213074,-2.3266525268554688,0.5297785997390747,0.6858438849449158,-1.2158145904541016
990.103,0.010496689938008785,0.001185328233987093,-0.9559078812599182,0.4285568296909332,-0.02801014482975006,-0.08204751461744308,29.177589416503906,-11.425066947937012,38.69160842895508,0.42604175209999084,1.034454107284546,-0.3387163281440735,0.7564065456390381,-0.03857439383864403,-0.38351091742515564,-0.3273812234401703,0.33821234107017517,1.0671800374984741,-0.16773681342601776,-1.170174479484558,-0.5850602388381958,1.0885776281356812,-0.462024062871933,-0.8106619119644165
999.913,0.012481273151934147,0.027075689285993576,-0.9801766872406006,-0.3166261315345764,1.9066567420959473,0.26260998845100403,29.052631378173828,-8.652026176452637,39.39350128173828,-1.2117263078689575,-0.5297883152961731,-1.93575918674469,-1.376199722290039,0.45460763573646545,-0.15285372734069824,-0.4136902093887329,1.777517318725586,-0.8385905027389526,-0.15679119527339935,1.654064416885376,-0.034125689417123795,-1.4530622959136963,0.011146223172545433,-1.00356125831604
1010.007,-0.0018886963371187449,0.017869358882308006,-0.9828378558158875,-0.15476471185684204,-0.33023494482040405,0.02131611481308937,29.218162536621094,-10.792709350585938,39.72775650024414,-0.840790867805481,-1.1144217252731323,-0.6831650137901306,-0.4791146218776703,-1.091589093208313,1.6119931936264038,-1.2435050010681152,0.7012283205986023,-1.5147565603256226,0.21489402651786804,-0.6430714130401611,-0.2946234345436096,0.5229331254959106,0.9949657320976257,0.26926910877227783
1019.963,0.06704038381576538,0.00398268224671483,-1.009744644165039,-0.9664705991744995,-0.2537907063961029,0.3396152853965759,29.83897590637207,-9.667372703552246,40.021366119384766,0.6602721214294434,1.3246757984161377,-0.0912441536784172,1.5359076261520386,-0.360941618680954,0.47330737113952637,-0.18632596731185913,0.2720714509487152,0.3322364091873169,-0.5061848759651184,0.4055975079536438,-0.3220631182193756,1.9442243576049805,0.474139928817749,1.1974880695343018
1029.753,-0.032940179109573364,-0.03368593007326126,-0.9982256293296814,-0.3103366494178772,0.4635005593299866,0.035108670592308044,30.682231903076172,-11.740800857543945,39.99291229248047,-0.34755265712738037,1.6815143823623657,-0.5536020398139954,0.8050841689109802,-2.011329412460327,-0.39899078011512756,0.7103265523910522,-0.7875160574913025,0.16852967441082,-0.13814255595207214,0.6283596754074097,-1.7515147924423218,0.09123839437961578,0.5833604335784912,-0.43708550930023193
1039.916,0.03873535245656967,0.022184723988175392,-0.9837326407432556,0.7010498046875,-0.019797401502728462,0.65321946144104,29.831722259521484,-12.198246955871582,41.30630874633789,-1.3549445867538452,-0.8743973970413208,0.42663270235061646,-0.8671227693557739,-0.5776230692863464,-0.014948790892958641,2.3008134365081787,0.6884127259254456,-0.10988960415124893,0.28454872965812683,1.6814404726028442,1.6802716255187988,1.273162603378296,-0.9494302868843079,2.4253926277160645
1050.097,-0.009026964195072651,0.06167732924222946,-1.008159875869751,-0.34613174200057983,-0.28714919090270996,-0.4648113250732422,30.01259994506836,-10.198176383972168,39.73933792114258,-0.49411261081695557,0.512939989566803,-0.15853305160999298,0.7557233572006226,0.386799156665802,0.809032142162323,0.33919909596443176,-0.20943275094032288,0.9246918559074402,0.9317308068275452,-0.20190386474132538,-1.228103756904602,-0.14809252321720123,0.2403489351272583,2.106137275695801
1059.941,-0.0004921949002891779,-0.013564650900661945,-1.0078768730163574,0.37811681628227234,-0.872041642665863,-0.12250372767448425,28.44393539428711,-10.369215965270996,39.902069091796875,-1.2620688676834106,-1.8218728303909302,0.0738258808851242,-0.5298046469688416,0.4913569390773773,-0.06651750952005386,0.8926847577095032,1.813194990158081,0.7530718445777893,0.09657079726457596,0.2557947635650635,0.19075818359851837,-1.0536859035491943,-0.5987560749053955,0.15157929062843323
1069.815,-0.024623123928904533,0.015597675926983356,-0.9837927222251892,0.005054851062595844,-0.6680866479873657,0.05038607865571976,30.073625564575195,-11.226896286010742,39.68729019165039,1.214033603668213,1.746108055114746,-0.2631695568561554,0.03392764553427696,0.8506460189819336,0.5533950328826904,-0.27005356550216675,-0.5036515593528748,-2.047161817550659,0.6364892721176147,0.6804813742637634,-1.014137864112854,0.7283945679664612,0.027935482561588287,0.828045129776001
1080.111,-0.0768442153930664,0.05034114047884941,-1.0252882242202759,0.9185212850570679,0.33882391452789307,0.22393986582756042,30.99390411376953,-10.842294692993164,39.595394134521484,0.2039601057767868,0.8020911812782288,-0.2820383310317993,2.412785053253174,1.4143146276474,-0.2202705442905426,-0.1027514711022377,0.39745211601257324,-0.08712343871593475,-0.1763678640127182,1.297780156135559,0.2208067923784256,-1.96989107131958,-0.8759490251541138,-1.6175695657730103
1089.909,-0.08978310227394104,0.03075561486184597,-1.007872462272644,-0.9802391529083252,-0.10941971838474274,0.2157159298658371,31.265920639038086,-10.803779602050781,40.657798767089844,0.23384350538253784,-0.6873152256011963,-1.5388551950454712,1.7830383777618408,-0.7219345569610596,0.4810304045677185,1.6052765846252441,2.2479794025421143,0.6904885172843933,-0.16001595556735992,-0.7939615845680237,-0.04352639243006706,-0.201754629611969,-0.6896449327468872,0.41216370463371277
1100.065,0.005167999304831028,0.029986955225467682,-1.003440022468567,0.31653591990470886,0.2991683781147003,-0.37433549761772156,29.51414680480957,-10.465893745422363,40.72039031982422,-1.6686381101608276,-0.9572538733482361,1.1486661434173584,-0.3045327365398407,-0.2263924777507782,1.550685167312622,-0.8371974229812622,-0.23109203577041626,0.45369604229927063,0.20161138474941254,-0.5582860112190247,0.5328976511955261,0.1797073483467102,1.6367888450622559,-0.2147340476512909
1109.875,0.001008144929073751,-0.002447645179927349,-1.0155872106552124,0.12878376245498657,-0.23086124658584595,0.9050090909004211,30.016132354736328,-9.284887313842773,39.126155853271484,-1.8128716945648193,-0.4194146692752838,-0.4048193097114563,0.7487648129463196,-0.07374300062656403,-0.20907479524612427,0.43079766631126404,-0.4423278570175171,-0.7091942429542542,-0.7428122162818909,-1.7719546556472778,0.04478815197944641,-0.22046631574630737,-0.52045738697052,0.7599637508392334
1120.004,0.014334228821098804,-0.05497979372739792,-1.0087873935699463,-0.24525019526481628,0.7891811728477478,0.508611798286438,29.190465927124023,-11.666788101196289,38.34327697753906,0.9485084414482117,0.6019632816314697,0.9791909456253052,0.10648012906312943,-0.5860896110534668,-1.3443210124969482,0.3140011131763458,-0.5670854449272156,0.12730182707309723,-0.3696317672729492,0.03316287323832512,1.219907522201538,1.6144416332244873,-0.4105304777622223,0.349149614572525
1130.057,-0.05836610123515129,0.0896894782781601,-0.9915605187416077,1.2639940977096558,-0.15762649476528168,-0.09301575273275375,28.943370819091797,-9.941308975219727,38.142433166503906,-1.7722468376159668,-0.8765318989753723,0.16008959710597992,-0.4112764894962311,0.14138825237751007,1.2666747570037842,1.9118517637252808,-0.14297747611999512,-1.184212565422058,-0.012780014425516129,-0.7745256423950195,1.3761253356933594,0.960601270198822,-0.6232763528823853,-0.7830092906951904
1140.202,0.09501940757036209,-0.004667978733778,-0.985247790813446,-0.2813718020915985,0.3073824644088745,-0.6649450063705444,30.61835289001465,-9.10389232635498,41.48368453979492,-0.5790911316871643,0.502907395362854,-1.6927083730697632,0.19453051686286926,0.7149897217750549,-0.9314979910850525,1.2603522539138794,-1.0222073793411255,-1.6299593448638916,-0.6536287665367126,-1.835720181465149,-0.235677108168602,0.05914328992366791,0.6307587027549744,0.03955508768558502
1150.286,-0.004482506774365902,0.0038795601576566696,-0.9778634309768677,0.8110979795455933,0.5975754857063293,-0.36236077547073364,31.574678421020508,-10.449390411376953,39.88996124267578,-1.0034972429275513,1.0105353593826294,-0.9739176630973816,-0.5438718795776367,-0.5423055291175842,0.7042664289474487,-1.5126738548278809,0.9145740866661072,2.5338101387023926,0.3276064395904541,0.13552890717983246,0.16048769652843475,0.8971960544586182,-0.25473904609680176,-0.5871217250823975
1159.921,0.008075384423136711,0.0035980974789708853,-0.9666993618011475,-0.11468677967786789,0.38163164258003235,-0.9995384216308594,28.44268226623535,-11.426179885864258,38.700538635253906,-0.46430090069770813,-2.5929620265960693,-1.7299165725708008,1.1989091634750366,0.12345404177904129,-0.8340452909469604,0.9284975528717041,0.9565110802650452,-0.5081518888473511,-0.830008327960968,-1.9662407636642456,-1.533066987991333,0.5108535289764404,0.5694718956947327,0.1348441243171692
1169.824,0.04644069820642471,-0.040132615715265274,-0.9948312640190125,0.5256555080413818,0.7434088587760925,0.19792915880680084,29.354433059692383,-8.958083152770996,40.00196838378906,0.9410311579704285,0.7108489871025085,-1.4769268035888672,0.8169717788696289,-0.2970505654811859,-0.19498145580291748,0.4346376955509186,-0.5881572961807251,0.40837422013282776,-0.0708022341132164,0.8739924430847168,-0.4004986584186554,0.5097000002861023,-0.9142933487892151,-0.19045011699199677
1180.192,-0.038483135402202606,-0.031411897391080856,-1.0191593170166016,-0.2666732966899872,0.12207634001970291,-0.09316054731607437,29.02982521057129,-9.936904907226562,39.24224853515625,-0.32314732670783997,0.13780991733074188,0.32303282618522644,-0.25326743721961975,-0.8331298828125,1.8865947723388672,0.930709719657898,-0.28048044443130493,-0.5455427169799805,2.53653621673584,-0.31637874245643616,-0.5586128830909729,-1.6080219745635986,0.43912363052368164,0.29262852668762207
1190.229,0.06608430296182632,0.053021326661109924,-1.0118778944015503,-0.8352973461151123,0.053191982209682465,-0.23607344925403595,29.18390464782715,-9.147497177124023,39.64247131347656,0.3238617479801178,1.152793049812317,-1.1153209209442139,-1.1990175247192383,-1.2269634008407593,0.7386935353279114,-0.9780802130699158,0.46993133425712585,-0.5321524143218994,-1.2139822244644165,-0.5142600536346436,0.02409437485039234,-0.029086973518133163,0.3278544545173645,-1.734811782836914
1200.003,-0.05463550612330437,-0.007578733377158642,-0.9964501857757568,0.34664931893348694,0.6955737471580505,0.006458149291574955,28.575401306152344,-8.819269180297852,41.247467041015625,-0.5496724843978882,-0.4204498529434204,-0.5712531805038452,0.46216315031051636,1.502224087715149,-0.6114893555641174,-0.9506845474243164,1.4757616519927979,2.261828660964966,1.120414137840271,-0.3239225149154663,-0.12819530069828033,0.23379072546958923,-0.0418943352997303,-1.105259895324707
1210.021,-0.03544125333428383,-0.04850321263074875,-1.0003811120986938,0.21434062719345093,0.49025702476501465,0.3368682563304901,31.467628479003906,-10.2351713180542,38.490882873535156,-0.8162803649902344,-1.4410862922668457,1.24699866771698,-0.8081490397453308,-1.8203665018081665,-0.24682696163654327,0.49352872371673584,1.0501831769943237,0.007789494004100561,-1.092729091644287,-0.1424659937620163,0.7818136215209961,2.3101048469543457,0.06702078133821487,0.3163352608680725
1220.046,-0.03427225723862648,0.015174859203398228,-1.0581176280975342,0.5606691241264343,0.1811155378818512,1.0664271116256714,30.782180786132812,-9.292920112609863,38.172080993652344,-0.8292703032493591,-1.4265857934951782,0.49415773153305054,-1.136783480644226,1.3736482858657837,-0.10783135145902634,-0.04195926710963249,0.0640932098031044,2.2286736965179443,0.4897628128528595,-1.0552301406860352,-0.3453582525253296,-0.06944380700588226,-0.23781611025333405,2.494590997695923
1229.810,-0.0102692237123847,0.07651247829198837,-0.9677571654319763,-0.18342290818691254,-0.2042721062898636,-0.3472495675086975,31.1133975982666,-10.246624946594238,41.24812698364258,-1.1493335962295532,0.4351261258125305,-1.458209753036499,1.2874877452850342,-0.4989430904388428,1.6935207843780518,-1.1850192546844482,-0.023032240569591522,-0.09175722301006317,0.22798897325992584,0.5180443525314331,0.22252032160758972,-0.7024621367454529,-0.2954072058200836,-0.656798243522644
1240.358,-0.04119332134723663,0.05897187069058418,-0.9651244878768921,0.5146881341934204,-0.12054747343063354,-0.05378495901823044,30.038116455078125,-8.89205551147461,39.02732849121094,-0.7991334795951843,0.17172160744667053,0.4066578149795532,-1.221681833267212,0.4190796911716461,0.985197126865387,-2.253913164138794,-0.6255698800086975,-0.0009048350621014833,-0.5170029997825623,-0.2381546050310135,0.667693018913269,0.6213570833206177,0.11604055017232895,0.04994135722517967
1250.034,-0.005920897237956524,0.0489620603621006,-1.0056037902832031,0.5359678864479065,0.14448139071464539,0.1630258709192276,30.81560707092285,-9.127546310424805,39.52531051635742,1.5000933408737183,0.3015173673629761,-0.13559776544570923,-0.4814363121986389,0.8112269043922424,-0.42912548780441284,0.11845849454402924,0.4143963158130646,0.13390305638313293,-1.2112479209899902,-1.338036060333252,-1.5221551656723022,-0.6886203289031982,1.1738486289978027,-1.448203206062317
1260.170,-0.020987393334507942,-0.1348581165075302,-1.0252761840820312,-0.3710969090461731,0.27691972255706787,0.09715869277715683,27.88838768005371,-9.387057304382324,40.498111724853516,0.3168564736843109,-1.2780026197433472,0.11872228235006332,0.5881235599517822,1.2916942834854126,0.18022972345352173,-1.423601746559143,0.44944629073143005,1.6872847080230713,-0.40217775106430054,-0.11596184223890305,-0.8736534118652344,1.3424832820892334,-0.4236733317375183,-1.0658255815505981
1270.001,-0.01622564159333706,-0.0319192111492157,-1.0423784255981445,-0.5171400904655457,0.7668548822402954,0.1486918032169342,29.664234161376953,-9.339139938354492,39.90900802612305,-0.7142402529716492,0.32684510946273804,-0.6545750498771667,-1.2501519918441772,-1.4939395189285278,0.862061083316803,-1.0204607248306274,-0.43740329146385193,-0.6884289979934692,-0.726974368095398,-0.6046780943870544,-0.16387979686260223,-0.2510640025138855,-1.066893458366394,0.4492761492729187
1279.580,-0.002497442066669464,0.08182483911514282,-1.0229512453079224,-0.05937008187174797,0.47521650791168213,-0.21170830726623535,28.627107620239258,-10.951268196105957,38.206268310546875,-0.4611516296863556,-0.7167127132415771,0.8947880864143372,-1.0348023176193237,-2.6683084964752197,-1.9222946166992188,0.014083490706980228,-0.2572326958179474,0.17536872625350952,-0.7412558794021606,-1.7147685289382935,-0.06603718549013138,1.46255362033844,-0.2628420889377594,-0.16513414680957794
1290.037,-0.02838953211903572,-0.037770505994558334,-1.0054386854171753,0.2979283928871155,-0.05250364542007446,0.26023349165916443,29.582931518554688,-11.117735862731934,38.106876373291016,0.15172989666461945,1.29605233669281,0.7819364070892334,-0.22808292508125305,0.4956642985343933,-0.09748928248882294,-0.2225843071937561,-1.3137707710266113,0.18099938333034515,-1.664884090423584,-2.5222442150115967,1.5117350816726685,-1.4947011470794678,-0.4813448488712311,-1.4830118417739868
1300.120,-0.02917996421456337,-0.07880301773548126,-0.9787365198135376,-0.17343808710575104,-0.644241213798523,-0.48543331027030945,30.280895233154297,-11.044669151306152,40.020477294921875,0.7615573406219482,-0.4165681004524231,0.46361255645751953,-0.09257040917873383,-0.2061455100774765,0.01620841771364212,0.5071771740913391,1.2052421569824219,-1.8772143125534058,0.855379581451416,-1.061729907989502,-0.8349062204360962,-0.8908186554908752,-0.19824495911598206,0.0007508014095947146
1310.086,0.11649199575185776,0.04347638785839081,-1.0298482179641724,0.014240114949643612,-0.4157256484031677,0.2640399932861328,29.792795181274414,-10.500580787658691,39.20446014404297,-0.1863599419593811,-0.5858510732650757,-0.9133924245834351,-2.44442081451416,-1.8891260623931885,0.8388071060180664,-1.2439357042312622,-0.33278000354766846,-0.43325918912887573,1.3746064901351929,0.8893976211547852,-0.21906821429729462,-0.5880523920059204,-0.3421892523765564,0.9474033117294312
1320.153,0.026442676782608032,-0.06530363112688065,-1.010084629058838,-1.2797038555145264,-0.2828090488910675,-0.020899489521980286,30.63447380065918,-9.561766624450684,41.42377471923828,-0.6623023748397827,1.1709489822387695,-0.48346808552742004,-0.0900861918926239,1.5958622694015503,0.8635870218276978,-0.03474146127700806,-0.3346793055534363,-0.33656126260757446,0.9927783608436584,-1.2608492374420166,-1.1412642002105713,-0.5485197305679321,1.9195019006729126,-2.908926486968994
1329.992,-0.004867469426244497,0.09408516436815262,-1.0275565385818481,-0.1377427577972412,0.4635603129863739,-0.49628812074661255,30.28394317626953,-8.947480201721191,39.9315185546875,0.13906943798065186,-0.6366787552833557,1.7830451726913452,2.513831377029419,-0.3792693018913269,1.4023767709732056,-2.7422657012939453,0.0821317657828331,0.05189666524529457,-0.4699998199939728,1.818131446838379,0.2718948721885681,0.4851040542125702,0.9251877069473267,-1.7883331775665283
1340.095,-0.05027372017502785,0.10041289776563644,-0.9479713439941406,0.08187238872051239,0.519271194934845,-0.3802075684070587,30.40912437438965,-10.449870109558105,41.077293395996094,-1.0412617921829224,-0.29816076159477234,1.150789737701416,0.9618266820907593,0.3050101697444916,1.077246904373169,-0.4297063648700714,1.3117376565933228,0.8996857404708862,0.25499507784843445,0.03609684109687805,0.28263235092163086,-0.4874553680419922,-0.18808260560035706,0.36866629123687744
1349.985,-0.03425595164299011,-0.05702005326747894,-0.9909335374832153,-0.11485815048217773,-0.35160282254219055,0.3125872015953064,28.317949295043945,-10.918197631835938,41.306556701660156,0.896639347076416,-1.1971913576126099,-0.8489512801170349,0.4037189483642578,-0.7679303884506226,-0.4979754090309143,0.5162642598152161,-1.825034737586975,0.1797981858253479,-0.451717346906662,1.938636064529419,-0.333789199590683,-0.7432004809379578,-0.10809414088726044,-0.5975307822227478
1360.051,-0.021097974851727486,-0.018816711381077766,-1.0157417058944702,0.38724347949028015,-0.4888061285018921,-0.2536731958389282,30.667587280273438,-9.938085556030273,40.17620849609375,0.48832738399505615,-0.6497572064399719,-0.6120625138282776,0.34914129972457886,0.7901270985603333,0.3659367859363556,-1.012410283088684,1.2512871026992798,1.2713042497634888,-1.482397437095642,0.39431923627853394,-0.593847393989563,-0.6087853312492371,-0.11711615324020386,0.9373213052749634
1370.062,-0.0016313903033733368,-0.03606778383255005,-0.9811635613441467,0.5386191606521606,-0.038931820541620255,-0.3014260232448578,29.631793975830078,-10.873297691345215,40.044944763183594,-0.03830011188983917,0.5345894694328308,-0.660151481628418,-0.766925036907196,-0.722046971321106,-1.7509267330169678,1.5516273975372314,-0.301807165145874,-1.363863229751587,-1.7265310287475586,-0.2079177051782608,-0.23358254134655,0.7779709696769714,-2.030941963195801,1.0906801223754883
1379.916,-0.07586868107318878,0.012308505363762379,-1.0171570777893066,0.4935471713542938,-0.156169131398201,0.08498076349496841,29.222169876098633,-8.629134178161621,38.70009994506836,-0.2320522964000702,1.0936989784240723,0.04385584220290184,1.1035101413726807,-0.746609091758728,1.1325324773788452,-1.7750524282455444,-1.5401564836502075,-0.1932431161403656,-0.6138147115707397,-0.5852010846138,0.9015340805053711,1.5868957042694092,0.8026328086853027,-1.3104031085968018
1390.095,0.04226032271981239,0.03998231515288353,-0.9589676856994629,-0.7276243567466736,-0.0448232926428318,-0.5151939392089844,31.034549713134766,-7.0791826248168945,40.46780776977539,-0.0918831080198288,0.9578368067741394,-0.37541043758392334,0.6996404528617859,1.513827919960022,0.9926827549934387,-0.14411135017871857,-1.464674711227417,1.4522554874420166,1.5706239938735962,-0.5101795196533203,0.6616110801696777,0.025451043620705605,-2.470144510269165,0.3950384855270386
1399.848,0.03292591869831085,-0.026424730196595192,-0.9854627847671509,0.47588565945625305,-0.34335219860076904,-0.8401967287063599,30.25230598449707,-9.463048934936523,40.18141555786133,-0.5554969906806946,-0.00895598903298378,-0.31572234630584717,0.06276635825634003,-0.18336012959480286,-0.8963008522987366,3.0124270915985107,0.08932790905237198,-0.7529240250587463,0.5548938512802124,1.9257456064224243,1.2829688787460327,-0.46417754888534546,-0.3651145398616791,-1.0157185792922974
1410.003,-0.02752225287258625,0.035652223974466324,-0.9686847925186157,0.287769615650177,0.6368297338485718,0.6169017553329468,30.098939895629883,-9.68061637878418,39.362361907958984,0.4109489619731903,-2.9386677742004395,1.2490309476852417,0.04118261858820915,0.5426017642021179,-0.160497784614563,0.4854852557182312,1.3117527961730957,0.11038792878389359,1.36178457736969,0.5305023193359375,-0.4553326368331909,-0.24743016064167023,0.5412720441818237,1.0002763271331787
1420.036,0.010909948498010635,0.05661725252866745,-0.9845853447914124,0.11848604679107666,-0.2002095878124237,-0.26920077204704285,29.915828704833984,-11.873828887939453,38.98207473754883,-0.33746975660324097,0.04525629058480263,-0.16488607227802277,-0.9463141560554504,0.6498308181762695,-0.16503429412841797,0.7186041474342346,-0.35220134258270264,0.4651753902435303,0.5069261789321899,-1.4575042724609375,2.034404754638672,-0.4301898777484894,-0.3815033435821533,0.2973836660385132
1430.045,0.017933722585439682,-0.01091004628688097,-0.9862179756164551,-1.4041322469711304,-0.045850809663534164,0.33954697847366333,30.42827033996582,-9.162698745727539,40.95877456665039,-0.6630902290344238,0.30341199040412903,1.8116624355316162,-1.564579963684082,-0.5750171542167664,0.5239796042442322,-0.1492585986852646,0.3123277425765991,-1.1203033924102783,-0.49303072690963745,-0.8036161065101624,0.37464937567710876,0.7468641400337219,-0.9971732497215271,-1.19617760181427
1440.084,0.0041979337111115456,0.015842752531170845,-0.9573739767074585,-0.48487699031829834,0.2766062021255493,0.3611263632774353,29.110734939575195,-8.750178337097168,40.42008590698242,0.5088120698928833,-0.4867483973503113,-0.9168345928192139,2.8102610111236572,0.34731581807136536,1.1935583353042603,-1.268871784210205,-1.2645677328109741,2.0087332725524902,-1.4885632991790771,-1.3177746534347534,-0.4543950855731964,-0.7114776968955994,-0.49979880452156067,-0.8607051968574524
1450.135,-0.04524780437350273,0.05457085371017456,-1.0185232162475586,0.23133139312267303,-0.2756655216217041,-0.40904197096824646,29.732879638671875,-9.643271446228027,38.73407745361328,0.1613915115594864,-1.036609172821045,-1.4418103694915771,0.8554055690765381,-1.0314345359802246,-0.6421003341674805,-0.19292320311069489,2.3248159885406494,0.21867503225803375,0.8880618214607239,0.10109175741672516,-0.9111372828483582,0.12499253451824188,-1.0955547094345093,0.43413493037223816
1459.739,0.019041944295167923,-0.05800860375165939,-1.0076960325241089,-0.22021161019802094,-0.7394647598266602,0.2901703417301178,29.869583129882812,-10.445809364318848,38.41351318359375,-0.035647857934236526,0.20388726890087128,-0.5762317776679993,0.7462708950042725,-0.4080195724964142,1.3651353120803833,-0.691074550151825,0.7691477537155151,-0.7703742980957031,1.3862991333007812,1.1373651027679443,0.5164108872413635,-0.19794318079948425,0.7986480593681335,-0.1732066571712494
1469.670,0.04467008262872696,-0.017207909375429153,-0.9625598788261414,-0.23585861921310425,-0.8497477769851685,0.11871185898780823,30.200157165527344,-8.467806816101074,41.74297332763672,0.5964294672012329,-1.8550282716751099,-0.3600503206253052,0.9489295482635498,0.07582590728998184,-0.40590983629226685,0.5419003963470459,0.4335324168205261,-0.3889119625091553,-0.7856181263923645,0.2896454930305481,-0.7484498023986816,0.017420291900634766,-0.3711610734462738,1.1901297569274902
1480.381,0.020419331267476082,0.0095027144998312,-1.017005443572998,0.14208866655826569,-0.047433674335479736,0.018105270341038704,29.978002548217773,-11.315589904785156,38.34977722167969,-1.3252825736999512,0.9927957057952881,0.41045624017715454,-1.176871418952942,-0.0942474752664566,1.2428616285324097,1.411211371421814,-1.4200934171676636,-1.6817121505737305,0.3491044044494629,-0.32934147119522095,-0.23137958347797394,0.9611806273460388,0.6269031167030334,-1.375264286994934
1490.027,0.07379523664712906,-0.01140196155756712,-0.9762038588523865,0.20631304383277893,-0.5033045411109924,-0.8036366105079651,30.16881561279297,-9.14002513885498,40.52724075317383,1.7345554828643799,0.052016425877809525,2.1883702278137207,-0.10508675873279572,0.5804622173309326,0.759286642074585,-0.20444254577159882,1.2081698179244995,1.5437911748886108,-2.1338374614715576,-0.25902870297431946,-0.5041698813438416,-0.11222900450229645,0.38051295280456543,2.0132296085357666
1500.013,0.02188299037516117,-0.0208912156522274,-1.01963210105896,0.00965327862650156,-0.1189890205860138,0.4132221043109894,29.325462341308594,-9.041722297668457,38.58734130859375,-1.1072461605072021,-0.9265015721321106,-1.3269984722137451,-0.1554146260023117,0.17599782347679138,0.1307789832353592,-1.101637601852417,-0.5417463779449463,0.10633628815412521,0.039434466511011124,-0.265718936920166,1.0698286294937134,0.055029258131980896,-0.43517932295799255,-0.47129905223846436
1510.207,-0.0030624314676970243,0.07008597254753113,-1.0137797594070435,-0.2941683828830719,0.23193351924419403,-0.36296263337135315,31.12398338317871,-9.597240447998047,39.53129959106445,0.9837782382965088,0.18453624844551086,0.28652432560920715,0.7365621328353882,-1.2921698093414307,-0.7419154644012451,1.7207801342010498,0.537514328956604,-0.05819408968091011,0.4971662163734436,0.40794986486434937,-0.5727459788322449,-1.8727073669433594,-1.022367000579834,-0.3756389617919922
1520.169,-0.020329058170318604,0.09747043251991272,-0.9721150994300842,-0.11605624109506607,0.40986746549606323,0.21628808975219727,29.325714111328125,-9.747172355651855,39.51405334472656,-0.8085095882415771,-0.2426517903804779,-0.6467905640602112,-0.3436127007007599,1.3072350025177002,2.269320249557495,0.13878962397575378,1.9660236835479736,1.3896088600158691,0.8228051662445068,1.4172587394714355,0.7995724678039551,2.1595752239227295,-0.15608932077884674,-0.5657259225845337
1530.032,-0.021978182718157768,-0.019705649465322495,-1.0298190116882324,-0.09224527329206467,-0.3091431260108948,0.5239951014518738,30.144794464111328,-9.967458724975586,40.310245513916016,-0.13073374330997467,0.25780588388442993,-0.10020457953214645,1.2276103496551514,-0.8649490475654602,-0.18204621970653534,1.5288220643997192,-0.1400376856327057,0.589466392993927,0.3897199332714081,-0.9830061197280884,0.49296697974205017,-1.3589026927947998,0.9620659947395325,2.5933752059936523
1540.115,-0.03121982328593731,0.03238416090607643,-1.040451169013977,0.3407706618309021,0.1847226619720459,-0.3228161036968231,28.48455238342285,-9.346301078796387,39.53434753417969,-0.5056478977203369,-0.3978181779384613,0.2317478507757187,-1.1589211225509644,-0.9564309120178223,0.7047379612922668,-1.1652626991271973,0.373879075050354,-1.9837143421173096,1.026177167892456,-1.6558804512023926,-0.22812478244304657,-0.071689672768116,1.4926584959030151,-1.4560909271240234
1549.787,0.03753858059644699,0.044643040746450424,-1.0208146572113037,0.19900287687778473,0.0009142612689174712,-0.6894623637199402,30.31673812866211,-10.776069641113281,42.71510314941406,1.5581893920898438,0.6983028054237366,-0.4476775527000427,-2.3342456817626953,0.986736536026001,0.34613659977912903,0.9061679244041443,0.7730886936187744,-1.1353012323379517,-0.2719729244709015,1.1707855463027954,-0.46590307354927063,-1.5635416507720947,-0.6951971054077148,0.27537235617637634
1560.186,-0.023626187816262245,-0.011862840503454208,-0.9913281202316284,0.2099185436964035,0.04527192935347557,0.8547507524490356,29.97199249267578,-9.77851676940918,40.120452880859375,-0.916471540927887,-0.01860668882727623,-1.7544375658035278,0.018671607598662376,1.403714895248413,-1.4731568098068237,-0.764663577079773,0.5810032486915588,0.9927251935005188,-0.23203563690185547,-1.3141909837722778,-0.9813926219940186,0.4133693277835846,-0.7622113823890686,0.2980041801929474
1569.860,-0.046487849205732346,0.033452607691287994,-1.002256155014038,0.4186992943286896,0.7369677424430847,-0.7646124362945557,30.055803298950195,-10.834177017211914,41.24495315551758,0.804406464099884,-0.46681198477745056,-1.3576667308807373,2.0039970874786377,0.25217223167419434,-0.4993317723274231,-2.2847707271575928,-0.14129987359046936,-0.2599519193172455,0.7759870290756226,0.5999888181686401,0.6787315607070923,-0.7967371940612793,0.7862622141838074,-0.4345358610153198
1579.965,0.04131891578435898,-0.015282729640603065,-0.9799225330352783,0.249611958861351,0.2911933958530426,0.8845263719558716,29.168737411499023,-10.327521324157715,40.26754379272461,0.016145525500178337,1.2459932565689087,0.18501335382461548,-0.7020198106765747,-0.972317099571228,-0.2176746129989624,-0.15438762307167053,0.23627543449401855,-0.20115527510643005,1.162068486213684,0.34384697675704956,-0.6611515879631042,-0.31956180930137634,-0.24077154695987701,-2.3765244483947754
1589.985,0.03901255130767822,-0.008956419304013252,-1.0115272998809814,0.3336564898490906,0.031496789306402206,0.24133779108524323,31.362834930419922,-8.195433616638184,40.297115325927734,-1.4459577798843384,-0.09780816733837128,-0.39061811566352844,0.22050277888774872,-1.0815712213516235,-1.1994274854660034,0.7144097685813904,-0.28732746839523315,0.24823513627052307,1.119921088218689,1.6573020219802856,-0.08843261748552322,-0.5022144913673401,-0.22599203884601593,0.08010707050561905
1599.999,0.07605499029159546,0.012986253015697002,-1.0331988334655762,-0.061922624707221985,-0.5793917775154114,-0.5797338485717773,29.437562942504883,-9.373655319213867,39.6016960144043,-0.42303788661956787,0.9515804052352905,1.3691859245300293,0.03228652477264404,-1.3335442543029785,0.29726994037628174,1.2591276168823242,0.07159063965082169,-0.5146484375,-1.3621807098388672,0.9041788578033447,0.4956568777561188,1.5043588876724243,-0.08126990497112274,0.351488322019577
1609.732,-0.00596447940915823,0.02913794480264187,-1.004231333732605,-0.4377506673336029,0.2230912744998932,0.08123623579740524,30.407434463500977,-8.965105056762695,39.813472747802734,0.05632394552230835,0.03836967796087265,-0.7839750051498413,-1.5846823453903198,-0.29747697710990906,1.0302340984344482,-0.7040965557098389,-0.2740122377872467,0.7216597199440002,0.924677848815918,-0.7909258008003235,2.0367276668548584,-2.2778751850128174,0.6247692704200745,0.23615586757659912
1619.813,-0.013001441024243832,0.03794696182012558,-1.0132300853729248,-0.11622662097215652,0.5067703723907471,-0.58681321144104,31.512290954589844,-10.32902717590332,40.627376556396484,0.01819528453052044,0.4847470223903656,1.6010969877243042,-0.38636016845703125,-0.20543327927589417,-1.5262444019317627,1.8372039794921875,-0.5934903621673584,1.5268512964248657,0.6752156615257263,-1.1313321590423584,-0.07995278388261795,-0.43789437413215637,-1.5870503187179565,-0.04079722240567207
1630.070,0.01852567493915558,0.0736457034945488,-1.0005005598068237,-0.20692837238311768,0.23659710586071014,0.14903812110424042,30.658720016479492,-11.17519474029541,39.163875579833984,1.1913682222366333,-0.7669105529785156,3.4711828231811523,1.1727404594421387,-1.0279045104980469,-2.9818472862243652,0.9862679839134216,-0.8399127125740051,0.9927789568901062,-1.7186397314071655,1.1575101613998413,0.9919308423995972,-0.8660773634910583,0.20202074944972992,0.5478568077087402
1639.897,0.035118456929922104,-0.01418128702789545,-0.9953750967979431,-0.11361051350831985,-0.003722195513546467,0.2328471690416336,29.066017150878906,-9.987342834472656,39.31682586669922,-1.3485902547836304,0.4191843867301941,-0.017928576096892357,-0.08733510971069336,-0.7383335828781128,-0.20397910475730896,-0.13988320529460907,-1.0156255960464478,3.0390396118164062,-0.568703293800354,-0.5735397338867188,-1.274393916130066,0.9444462656974792,-0.8579667210578918,-0.08892859518527985
1650.224,0.008094958029687405,0.018148718401789665,-1.009366512298584,0.2453753650188446,-1.0011240243911743,0.34257635474205017,28.020418167114258,-11.026275634765625,38.536033630371094,-0.9854745864868164,0.2971697449684143,-1.1118618249893188,-0.5326058268547058,-0.49222904443740845,1.7335582971572876,1.5729994773864746,-0.5431290864944458,-0.34427228569984436,-0.85971999168396,-0.5031935572624207,-0.05761674419045448,-0.19856005907058716,-0.7255698442459106,-0.09664295613765717
1660.184,0.1359352171421051,-0.11223717778921127,-0.9703138470649719,-1.0834392309188843,-0.13207879662513733,0.299430787563324,30.695716857910156,-11.100994110107422,39.06959533691406,0.5312179327011108,-0.08214737474918365,-1.5142487287521362,-1.5149071216583252,0.3006022274494171,-0.6938052773475647,0.836146891117096,0.9844744801521301,0.5852020978927612,-2.1197516918182373,-0.22581204771995544,0.05469055473804474,-0.7310028672218323,0.18120825290679932,0.9239196181297302
1669.908,0.08858262747526169,0.15512441098690033,-1.006111979484558,-0.5917336940765381,0.10708990693092346,0.041209377348423004,30.229225158691406,-8.582267761230469,41.76105499267578,1.2234934568405151,0.685583770275116,-0.15953810513019562,0.9496878981590271,-0.7151798009872437,2.2707736492156982,0.3796319365501404,0.05262158066034317,0.2505093812942505,0.7187343835830688,0.3917856514453888,-0.124779611825943,-1.4049642086029053,0.13755805790424347,0.9197195172309875
1679.902,-0.06542851030826569,0.01879664696753025,-0.9815835356712341,-0.2708601951599121,-1.0019240379333496,-0.3228893578052521,28.643648147583008,-10.4769926071167,40.62654113769531,0.27634871006011963,0.08129336684942245,-0.6022523045539856,0.32165876030921936,1.5021247863769531,0.036241624504327774,-0.3588695824146271,-0.34614428877830505,1.1117362976074219,-3.5335962772369385,0.03376837447285652,-0.5148789882659912,-0.9662684798240662,0.5708225965499878,-1.6384804248809814
1689.705,0.01599733717739582,0.06362242251634598,-1.0297878980636597,0.4233081340789795,-0.13550685346126556,-0.14803285896778107,28.965177536010742,-11.291753768920898,40.419776916503906,0.5951612591743469,-1.6208842992782593,-0.20680004358291626,1.1061712503433228,-0.8798292279243469,-0.0691269189119339,0.5906950235366821,-0.2528496980667114,0.31921109557151794,-1.5932769775390625,0.037709370255470276,-0.6914345622062683,-0.37944528460502625,1.0139496326446533,-0.06209629401564598
1700.066,0.013590946793556213,-0.0038504814729094505,-1.0127034187316895,0.182766392827034,-0.12687864899635315,0.8127760887145996,29.580896377563477,-10.715907096862793,39.511653900146484,-0.4992896318435669,0.5670508146286011,-0.39777112007141113,-0.4147869944572449,0.15966878831386566,-0.09996723383665085,-0.020879264920949936,-0.17868266999721527,0.6578929424285889,-0.2513286769390106,0.029645835980772972,-0.33297964930534363,-0.7871394157409668,-1.036177396774292,0.6904031038284302
1710.063,0.05472644045948982,0.040311578661203384,-1.0220928192138672,0.5156152844429016,-0.42457908391952515,1.067124366760254,29.643770217895508,-10.305364608764648,39.45120620727539,-0.188540518283844,1.1530578136444092,1.3162286281585693,1.658854603767395,0.40776118636131287,-0.16876664757728577,2.8697195053100586,-0.039275240153074265,1.017400860786438,-1.0478224754333496,0.7203442454338074,0.4558311402797699,0.051507867872714996,0.10294606536626816,0.16076859831809998
1720.218,-0.039615631103515625,0.05021001398563385,-0.996056079864502,-0.4745748043060303,0.11726436764001846,0.06442461907863617,30.390697479248047,-9.838132858276367,39.41227340698242,-0.7538994550704956,0.4190053343772888,0.7863931655883789,0.35985392332077026,2.3430919647216797,0.9180548191070557,-0.11980316787958145,0.9432145953178406,-0.7866573333740234,1.4831775426864624,-0.31382083892822266,-0.9835569858551025,-2.2457051277160645,1.3339053392410278,0.9638149738311768
1729.949,-0.039187099784612656,0.03623564541339874,-1.0029553174972534,0.5328783392906189,-0.8464365601539612,0.5387672185897827,30.00233268737793,-9.796273231506348,41.03465270996094,-0.0005264775245450437,-0.4223266541957855,2.8912341594696045,-0.4582512676715851,0.7176641225814819,-0.35793831944465637,1.1072156429290771,-0.6198797225952148,0.9932464361190796,0.2629096508026123,-0.786316454410553,-1.2282289266586304,-0.867438554763794,1.8416295051574707,-1.276690125465393
1740.260,-0.06335676461458206,0.049541033804416656,-1.0143928527832031,0.26176491379737854,0.4692643880844116,-0.18577708303928375,30.608591079711914,-10.258455276489258,41.8811149597168,0.9031001329421997,0.7847103476524353,0.10199327766895294,-0.25095853209495544,1.2216804027557373,-1.1964737176895142,2.1529510021209717,0.4824056923389435,-0.44560837745666504,-3.2246525287628174,1.531135082244873,0.6752904057502747,0.25545573234558105,0.666670024394989,-0.8885021805763245
1749.899,0.0071855876594781876,0.04272356629371643,-1.023893117904663,0.4788249135017395,0.7725632786750793,-0.3714410364627838,30.829652786254883,-8.527274131774902,39.987667083740234,0.359165757894516,1.5587589740753174,-0.35272350907325745,1.4047170877456665,0.5830183625221252,1.1539870500564575,-0.5383020639419556,0.6368676424026489,0.23723791539669037,0.17466826736927032,0.4167773723602295,-0.9035835266113281,0.2437472939491272,-0.3934600055217743,-0.4065423309803009
1760.056,-0.03534405678510666,-0.07799065113067627,-0.9830851554870605,-0.7602087259292603,-0.4632638096809387,-0.5705031156539917,30.071962356567383,-10.129408836364746,40.85905075073242,-0.6035310626029968,0.1961740106344223,-0.9790939688682556,0.1758532077074051,0.4645371735095978,-1.5440584421157837,-0.8392205834388733,0.8265985250473022,-0.6971074938774109,0.2917778491973877,0.0987086296081543,0.6386574506759644,0.446755588054657,-0.9146102666854858,-0.8063294887542725
1769.915,0.005035456735640764,-0.018186595290899277,-1.0152509212493896,-0.3409404754638672,0.4290640652179718,-0.4485172927379608,31.961116790771484,-11.458343505859375,41.0531005859375,0.639106273651123,0.7942795157432556,-0.4284794330596924,-1.6180137395858765,0.11618281900882721,-0.8227987289428711,-0.9534451365470886,1.5300397872924805,-0.7977102398872375,-0.18100601434707642,-0.23233802616596222,0.16600839793682098,0.9292569160461426,0.40310266613960266,0.12574146687984467
1779.895,-0.02586689032614231,0.0031792460940778255,-1.0235227346420288,-0.8200311660766602,0.13548600673675537,-0.49651309847831726,30.094097137451172,-8.073890686035156,39.72042465209961,0.6939626336097717,-0.19542059302330017,-0.3642368018627167,-0.6234839558601379,1.4876302480697632,0.4190749526023865,0.0947423055768013,-1.0550758838653564,-0.7962769865989685,-0.16380999982357025,-0.611497163772583,1.3409132957458496,-0.03322749212384224,0.276401549577713,-0.04939720034599304
1790.186,-0.02631586790084839,-0.05386263132095337,-0.9748474955558777,0.8137080073356628,0.13732127845287323,0.4393545091152191,29.002450942993164,-11.183218955993652,39.49483871459961,1.064934253692627,0.2861890196800232,-0.15871962904930115,0.954735517501831,-0.3513053059577942,-0.17883317172527313,0.9325754642486572,0.2998228371143341,-0.9957442879676819,2.756178617477417,-1.5240166187286377,-0.8669658899307251,1.5326752662658691,-1.270076870918274,-0.7290598154067993
1800.022,-0.0847046747803688,0.06203910708427429,-1.0263475179672241,0.4460964798927307,-0.7454696893692017,0.09790318459272385,28.980377197265625,-9.010997772216797,39.572818756103516,-0.6559539437294006,-0.49941810965538025,0.5367310047149658,0.6661679744720459,1.516159176826477,0.7560220956802368,0.2931133508682251,-0.6803948879241943,-0.20822134613990784,0.06539659947156906,-0.22959306836128235,1.0836782455444336,-2.193601369857788,-1.6024256944656372,-2.6267330646514893
1809.860,-0.025733698159456253,-0.010489845648407936,-1.0127376317977905,-0.30556026101112366,0.6913614869117737,-0.9765797257423401,28.376834869384766,-9.658555030822754,41.215938568115234,0.22434037923812866,0.4757833480834961,0.26515987515449524,0.41967126727104187,-0.468657523393631,-1.7734743356704712,1.2959778308868408,0.5299480557441711,-1.712941288948059,-0.5678187012672424,-1.0342353582382202,-1.5158461332321167,-1.3270725011825562,-2.0775816440582275,-0.24416159093379974
1819.886,0.007407256402075291,-0.05582496151328087,-0.9971359968185425,0.27806171774864197,-0.24974378943443298,-0.7108093500137329,28.93745994567871,-11.291786193847656,38.51543045043945,1.0163986682891846,0.6597927808761597,-1.070094347000122,-0.5604673027992249,-0.2295648455619812,0.45598942041397095,-0.5954678058624268,-0.47043919563293457,0.23420189321041107,-0.7019249200820923,1.4229449033737183,0.07635805010795593,-0.10635173320770264,1.3152765035629272,-2.0955662727355957
1829.870,-0.01319767627865076,-0.042102135717868805,-1.0013457536697388,0.3761606216430664,-0.44716328382492065,-0.27647560834884644,30.324649810791016,-10.471059799194336,40.10192108154297,1.0541770458221436,1.082842230796814,0.04617682471871376,-1.4294049739837646,-0.705083429813385,0.5273978114128113,-0.6313027143478394,0.27886784076690674,-1.957453727722168,1.219817042350769,-1.453498363494873,-0.5725715756416321,0.8301696181297302,0.2667090892791748,0.26415932178497314
1839.880,-0.034170787781476974,-0.024379899725317955,-0.9664588570594788,-0.6188620328903198,0.7218121886253357,-0.2981255352497101,29.68723487854004,-10.077951431274414,39.47730255126953,0.7050085663795471,0.42402154207229614,1.3059669733047485,-1.522570252418518,1.4383012056350708,-0.929775595664978,1.5337573289871216,0.6020756363868713,-0.796339750289917,0.41048526763916016,0.6241034865379333,1.3486051559448242,0.5679546594619751,1.8136488199234009,-0.3726098835468292
1850.202,0.06140325218439102,-0.012141331098973751,-0.9850212335586548,0.12166748195886612,0.28550171852111816,-0.3660757541656494,27.41887092590332,-9.5154447555542,40.986663818359375,0.5423845648765564,0.861835777759552,-1.4320545196533203,-0.30319944024086,-0.8741983771324158,1.7982181310653687,-0.034576524049043655,-1.1566946506500244,0.7712399363517761,0.18735969066619873,-0.8900126218795776,-0.18673667311668396,0.8908185362815857,0.5128951668739319,0.9977235198020935
1859.954,-0.12113143503665924,0.02641276828944683,-1.0094925165176392,-0.06989976018667221,-0.3967018723487854,0.12050118297338486,30.926197052001953,-9.836250305175781,38.066802978515625,-0.5954500436782837,0.5505227446556091,-1.2176746129989624,-0.07527264207601547,-0.056925226002931595,0.8754453063011169,2.5616071224212646,0.8350545167922974,2.0775394439697266,0.6793779730796814,-0.5808926820755005,0.01608988828957081,-0.43714678287506104,-0.4248391389846802,-0.4836605489253998
1869.883,0.057164404541254044,0.004782566335052252,-1.0188727378845215,0.23948010802268982,0.6711140871047974,0.20006003975868225,31.424001693725586,-10.639728546142578,39.188438415527344,0.3563205301761627,0.7765302658081055,-0.6111072897911072,-1.9975686073303223,0.24953612685203552,0.1796855479478836,0.17518571019172668,0.4418503940105438,0.11512161046266556,0.7631481289863586,1.39364755153656,0.9224107265472412,-0.6193511486053467,-0.573552668094635,-0.16733615100383759
1880.124,-0.0943479910492897,-0.016865158453583717,-0.9896035194396973,0.06972625106573105,0.9294064044952393,0.6221006512641907,30.287443161010742,-10.327880859375,40.13714599609375,-1.634049892425537,-0.12143193930387497,0.7709200978279114,0.040383271872997284,-1.0331969261169434,0.6706151962280273,-2.5516557693481445,-0.5556092262268066,0.5390419960021973,-1.0935722589492798,0.30244550108909607,-0.607426106929779,-0.583146333694458,-0.8786067962646484,-2.054556131362915
1890.123,0.00798708014190197,0.04021073877811432,-0.9902190566062927,-0.6757420897483826,-0.025003982707858086,-0.006625544745475054,30.912548065185547,-10.508976936340332,40.5046501159668,0.8008970022201538,0.7243840098381042,2.5171682834625244,0.581806480884552,-1.9289040565490723,0.36359545588493347,-0.32221803069114685,1.1512194871902466,-0.38126084208488464,-1.5729081630706787,-0.4238579273223877,0.46408483386039734,-0.41978517174720764,0.8451576828956604,-0.10626116394996643
1900.298,0.02546933852136135,-0.008992395363748074,-0.9829099178314209,-0.42392781376838684,0.007362331263720989,0.03139419108629227,30.396005630493164,-8.451424598693848,40.60088348388672,-1.0197997093200684,-1.622426986694336,-1.0966153144836426,0.42641401290893555,-0.8235171437263489,-1.1508190631866455,0.07591072469949722,-2.137688159942627,-0.9119495749473572,-0.07649069279432297,0.3635018765926361,-0.5777243375778198,-1.1530113220214844,0.8055234551429749,0.30859145522117615
1910.162,-0.09757044911384583,-0.013861795887351036,-1.0405858755111694,-0.15171876549720764,-0.5088398456573486,-0.309187114238739,32.098636627197266,-8.087813377380371,38.47663116455078,1.107100009918213,0.44705432653427124,0.16360853612422943,0.0713513046503067,0.8724526166915894,0.6344279646873474,0.6198927760124207,1.5938286781311035,0.5348021388053894,-1.2595561742782593,-0.9212804436683655,-0.5752125382423401,0.9723040461540222,-0.5610499978065491,1.1427830457687378
1920.322,0.002653795061632991,-0.025216206908226013,-1.0374455451965332,-0.2224685400724411,0.39190736413002014,0.02160581573843956,30.147737503051758,-8.827777862548828,42.0720329284668,1.6360926628112793,0.23137278854846954,-0.8878896236419678,-0.4666890501976013,0.8909989595413208,0.45556366443634033,-1.3861095905303955,1.0797560214996338,0.20002028346061707,-0.1277153491973877,3.2241151332855225,-0.30554670095443726,-0.3903575539588928,0.15787586569786072,-0.8085407018661499
1929.690,0.10753636062145233,0.029860351234674454,-1.0146883726119995,-0.2902836501598358,-0.22226867079734802,-0.3579353988170624,31.038326263427734,-9.351340293884277,38.939857482910156,-0.6409424543380737,1.4202288389205933,-0.5358518958091736,1.4301893711090088,1.7172372341156006,0.08508271723985672,1.177786111831665,2.217323064804077,-1.2661603689193726,1.5370763540267944,-0.6162518858909607,-2.3062961101531982,0.3544222414493561,-1.0478885173797607,1.0452033281326294
1940.173,-0.027988789603114128,0.06591105461120605,-1.0035359859466553,-1.0602384805679321,-0.5503703951835632,-0.28267648816108704,30.68549346923828,-8.682446479797363,40.80123519897461,-0.5436922907829285,0.6389181017875671,-0.09230335801839828,-0.7451949715614319,-0.3509066104888916,0.7740375995635986,0.6105254292488098,0.05959174409508705,0.43081000447273254,-1.274348258972168,-0.13066324591636658,-0.9371171593666077,-0.5362606048583984,-0.6545982956886292,0.2366648018360138
1949.907,0.03669450804591179,0.03520654886960983,-1.0140897035598755,-0.1428506225347519,-0.4570619761943817,0.3870127499103546,30.225048065185547,-10.6868896484375,41.20264434814453,2.0330820083618164,-0.2910812795162201,1.244147539138794,1.756312608718872,0.6421413421630859,-1.3813341856002808,0.5753819346427917,-1.6838088035583496,0.31273189187049866,-0.3704341650009155,-1.4491084814071655,0.13112595677375793,2.288395643234253,-0.014075877144932747,0.23918166756629944
1959.994,-0.019527452066540718,-0.07156878709793091,-1.0354288816452026,-0.3919905424118042,0.4742041528224945,-0.18414406478405,30.153423309326172,-10.930597305297852,40.677024841308594,-1.4979501962661743,1.4591084718704224,1.1774259805679321,1.4373366832733154,0.16677869856357574,1.9014681577682495,-0.350067138671875,0.3409232199192047,-0.3342869281768799,-0.7780724167823792,2.2078661918640137,-0.24599723517894745,-0.7696245908737183,-0.999009907245636,1.5867149829864502
1970.152,-0.06902597099542618,0.004615231417119503,-0.9623129367828369,0.6288801431655884,-0.16947095096111298,0.44080591201782227,29.544275283813477,-10.458730697631836,40.67979049682617,0.3881153166294098,-0.9085018634796143,0.4625585675239563,1.7565215826034546,-0.596034586429596,0.04807678237557411,0.7458217740058899,0.4045619070529938,-0.06392683833837509,2.3106207847595215,-0.4824196994304657,-0.6501497626304626,-0.3628380596637726,0.7441032528877258,-0.33238255977630615
1980.022,0.0024504445027559996,-0.023656059056520462,-1.0142581462860107,-0.9975192546844482,-0.174419105052948,0.6128668785095215,31.461889266967773,-10.60293197631836,40.2879524230957,0.46920421719551086,-0.6471871733665466,0.23184959590435028,0.269172340631485,-0.4456852674484253,0.04296813905239105,0.5869393348693848,0.07757837325334549,-0.25131314992904663,0.03817958012223244,-1.3537189960479736,0.19508123397827148,-1.7954505681991577,-1.670911431312561,-0.16054271161556244
1990.096,0.0032784505747258663,0.013009646907448769,-0.9890746474266052,-0.31246238946914673,0.8306939005851746,1.0774719715118408,31.6133975982666,-9.261713027954102,39.97904586791992,-1.6590408086776733,-1.478310227394104,-0.6628541350364685,-1.603873372077942,0.5602735280990601,0.007707559037953615,-0.015546699985861778,0.181746244430542,1.4600157737731934,-1.624364972114563,-0.4526022672653198,0.1775328367948532,0.31460797786712646,-0.4770968556404114,0.1054341197013855
2000.099,-0.017228685319423676,0.06418085843324661,-0.9367744326591492,-0.8276438117027283,-0.5686570405960083,-0.2568173408508301,29.30602264404297,-8.835548400878906,39.69082260131836,-0.27897027134895325,-0.4689221680164337,-1.722107172012329,0.5689837336540222,0.12268520891666412,-1.1217082738876343,-1.8476930856704712,-0.2167402058839798,0.7219780683517456,0.520639181137085,-1.660591959953308,1.2268811464309692,0.08068910986185074,-0.7937360405921936,-0.4549642503261566
2009.990,-0.042718756943941116,-0.08514377474784851,-0.9901714324951172,-0.6082619428634644,-0.12287724763154984,0.3226850628852844,27.334871292114258,-10.85492992401123,38.743534088134766,-1.4527243375778198,1.326611876487732,-0.2524857521057129,1.5962424278259277,0.4349491000175476,-2.1020290851593018,1.4359368085861206,-0.46961724758148193,-0.39203062653541565,0.5062005519866943,0.07944299280643463,-0.958893358707428,0.43014851212501526,-0.1458519846200943,-1.201816201210022
2019.745,-0.05200016871094704,0.007087264209985733,-1.0180493593215942,0.177093043923378,0.45445379614830017,-0.3230823278427124,29.87175941467285,-10.195302963256836,39.7694091796875,-0.8399197459220886,-0.5554798245429993,-0.39916491508483887,0.9359567761421204,-0.4868990182876587,-0.05401962250471115,0.9723208546638489,0.9376661777496338,0.9498820304870605,0.10898678749799728,0.0928986594080925,1.1083765029907227,-1.4751709699630737,-0.7365931272506714,0.9154514670372009
2029.964,0.002888223621994257,-0.09815002977848053,-0.9954165816307068,-0.4984288513660431,0.3034061789512634,0.01561851054430008,30.39483070373535,-9.139860153198242,41.217342376708984,-0.03853511065244675,0.4305586516857147,-0.24729925394058228,0.4633634686470032,0.48961544036865234,-1.4383323192596436,-1.4281166791915894,-0.7300605177879333,-0.24800753593444824,1.934680700302124,-1.462215542793274,0.5156612992286682,-0.6074917912483215,-0.13126081228256226,0.9525734186172485
2039.876,0.012613344006240368,0.05578475818037987,-0.9912130832672119,-0.15326423943042755,-0.2549317479133606,-1.1830620765686035,30.346681594848633,-8.739713668823242,41.797027587890625,-0.6884673237800598,1.303601861000061,-0.7844664454460144,1.5126293897628784,-2.085280418395996,1.2611844539642334,1.4367307424545288,0.440317302942276,-0.15547607839107513,-0.44859129190444946,1.046054482460022,-1.0884675979614258,1.1392818689346313,-1.0462979078292847,-1.101148009300232
2049.802,-0.022548798471689224,-0.046344440430402756,-1.0012685060501099,0.17901837825775146,-0.6235989332199097,0.42538216710090637,30.52011489868164,-10.70812702178955,40.05601119995117,0.7705678939819336,1.1105810403823853,0.5913782715797424,-1.2157062292099,1.2273950576782227,-1.5291630029678345,0.06659196317195892,-0.04263687506318092,0.05882760137319565,2.6397430896759033,-0.6401697397232056,0.9873083233833313,0.42401760816574097,0.1683184802532196,-0.9183787703514099
2060.073,0.0016750763170421124,0.06091316416859627,-1.0007694959640503,-0.045980844646692276,0.5045262575149536,0.6824603080749512,30.79397964477539,-10.94694709777832,40.039180755615234,-1.947009563446045,1.299699068069458,-0.0021141746547073126,0.9473922848701477,-0.4264759123325348,-0.013072703033685684,-1.113673448562622,0.39772534370422363,0.09518398344516754,0.4041355550289154,0.9477844834327698,0.7326352000236511,0.17325450479984283,1.2358440160751343,1.2862411737442017
2070.011,-0.01657245308160782,0.05700182169675827,-1.0026990175247192,0.3716842234134674,-0.09543061256408691,-0.5929863452911377,27.643341064453125,-9.818392753601074,39.58754348754883,-0.10980606079101562,0.32130715250968933,1.8560901880264282,0.30107593536376953,-1.6623220443725586,0.43474921584129333,0.16177020967006683,-2.5165963172912598,0.3505952060222626,1.3701303005218506,-2.118300437927246,-0.34793126583099365,0.04571590572595596,0.8954277038574219,-0.496581107378006
2080.042,0.07175056636333466,0.0787067860364914,-1.0185468196868896,-0.047455232590436935,-0.36589759588241577,0.9072391986846924,28.9964542388916,-12.395195960998535,39.45622634887695,-1.033354640007019,-2.454031229019165,0.4168757200241089,-0.691842257976532,-0.8867864012718201,2.750462770462036,-0.905971109867096,0.44998547434806824,0.5158373713493347,1.1719883680343628,-0.16459061205387115,-1.229857087135315,0.53451007604599,0.7422875761985779,0.5169336795806885
2090.211,-0.029026146978139877,-0.004922700114548206,-0.9717634320259094,0.0637279525399208,0.8594315052032471,0.040931083261966705,30.022275924682617,-10.64002513885498,39.40464782714844,0.4369383454322815,0.5577741265296936,0.3573424518108368,1.3517388105392456,0.7903825044631958,-0.8130511045455933,-1.0156996250152588,-1.3067606687545776,-0.37233155965805054,0.08826063573360443,1.3186050653457642,0.07076936960220337,0.5147038698196411,-0.1672099381685257,-1.1804040670394897
2099.666,0.02930145338177681,-0.08271908015012741,-1.0216741561889648,0.9015065431594849,-0.7959086894989014,-0.16406546533107758,30.37582015991211,-9.328417778015137,39.20746612548828,-0.48729202151298523,0.02783229388296604,3.6218643188476562,-0.1792919933795929,-0.247129425406456,0.3930271565914154,-1.0177621841430664,0.11032959073781967,-0.7561919689178467,1.0109926462173462,-0.04194634407758713,1.2633578777313232,-2.3046162128448486,-1.7580333948135376,-0.4872246980667114
2110.198,-0.06694692373275757,-0.05308547243475914,-0.9944005012512207,0.581264317035675,0.10106275230646133,0.6725876927375793,28.274099349975586,-8.628023147583008,39.96202850341797,0.32126742601394653,0.04989320784807205,0.17981120944023132,0.27259331941604614,0.8880294561386108,-1.957961916923523,-0.6060875654220581,0.04985854774713516,0.6814658045768738,-0.5407341718673706,0.5890107154846191,-1.173043966293335,-1.2821271419525146,0.5346080660820007,0.3629768490791321
2119.907,0.0063728224486112595,0.006709744688123465,-1.0033520460128784,0.3212904930114746,-0.6678604483604431,-0.4025266170501709,30.259336471557617,-8.900161743164062,40.04911422729492,0.08498284220695496,0.9097720384597778,0.2544063329696655,-0.17831425368785858,1.06618332862854,-1.0383867025375366,-1.0366078615188599,0.003797770943492651,-0.4722425043582916,0.6031328439712524,0.28253018856048584,0.4509991407394409,0.28325825929641724,-1.6905829906463623,0.40714097023010254
2130.057,0.0033845482394099236,0.023184558376669884,-1.051703929901123,0.28297290205955505,-0.16212715208530426,-0.9674942493438721,31.982194900512695,-10.078102111816406,42.3864860534668,-0.5126573443412781,-0.1342809498310089,-0.1826486438512802,0.743044376373291,-2.2176218032836914,-1.0537410974502563,1.3573687076568604,0.7045494914054871,-1.4699466228485107,-0.8903241753578186,-0.15676850080490112,-0.9772217869758606,-0.5383617281913757,-1.493178129196167,1.3382033109664917
2140.147,0.0536772757768631,0.026324721053242683,-1.0337929725646973,-0.38844868540763855,0.5943318009376526,0.20660275220870972,30.269983291625977,-9.883529663085938,38.73891830444336,-1.9089957475662231,0.44568806886672974,-1.301634669303894,1.5319114923477173,0.9691768288612366,-0.06358495354652405,0.5873440504074097,0.21978051960468292,2.2875542640686035,-0.39384856820106506,-0.9517748355865479,0.8023213744163513,-0.11777035146951675,0.15128038823604584,-0.728836715221405
2150.022,-0.08547007292509079,0.010302063077688217,-1.0021042823791504,-0.2736862003803253,-0.9201975464820862,0.8356500864028931,30.086814880371094,-11.254033088684082,40.41122817993164,0.6754768490791321,1.6887520551681519,-2.043360948562622,-0.745758593082428,1.116058349609375,-0.4034937918186188,0.8990082144737244,0.9659309387207031,1.055728793144226,-1.131717562675476,0.8848443627357483,-0.4571205675601959,-1.7710974216461182,1.384812593460083,0.04445583373308182
2159.804,-0.04328683763742447,0.033434320241212845,-1.0189393758773804,0.10995025932788849,-0.870680034160614,0.3478897511959076,29.271501541137695,-10.14255142211914,41.232810974121094,-1.8808256387710571,0.7604477405548096,-0.8969192504882812,-2.537653923034668,0.25459274649620056,1.1102914810180664,1.0851905345916748,0.7325851917266846,2.3432648181915283,-1.1159828901290894,-0.2996796667575836,1.3193473815917969,0.9132486581802368,0.7767781019210815,-0.8864848017692566
2169.901,0.022917842492461205,0.16348591446876526,-1.001717209815979,-0.09146224707365036,-0.6176120042800903,0.4222520589828491,30.980165481567383,-8.171468734741211,39.27960205078125,-2.5633673667907715,0.3812096118927002,2.2609856128692627,-1.1968013048171997,0.7566280364990234,-0.5427609086036682,-0.14061681926250458,-0.42236724495887756,-0.04445324093103409,-0.8803988099098206,-0.4634016156196594,-1.286690592765808,-2.387962579727173,1.6498547792434692,-1.8522464036941528
2179.815,-0.04215768352150917,-0.04254788160324097,-1.0211738348007202,0.06634426862001419,-0.44513532519340515,-0.29055121541023254,27.438596725463867,-10.540850639343262,40.36356735229492,1.723865032196045,2.7295010089874268,-1.6648226976394653,-0.31330832839012146,-0.07287471741437912,0.7380887269973755,-0.35998496413230896,0.5284357070922852,-1.4295547008514404,1.7727411985397339,-1.0621416568756104,0.1917371153831482,1.2212226390838623,0.31271272897720337,0.17724502086639404
2189.924,-0.048199623823165894,0.018668552860617638,-0.9837523102760315,-0.6102498173713684,-0.08670171350240707,0.35973086953163147,29.507347106933594,-9.72362232208252,41.71343231201172,0.14769043028354645,-0.530184805393219,-0.20005369186401367,0.14550738036632538,-0.05149276554584503,-1.832204818725586,-0.14812983572483063,-1.0539748668670654,2.399193525314331,-0.3985459506511688,-1.098119854927063,1.0898600816726685,-0.5368767976760864,0.8304992318153381,1.0614022016525269
2199.857,-0.06065446883440018,-0.02180994302034378,-0.9855976104736328,0.48192301392555237,-0.6584643721580505,-0.0679173395037651,29.53729248046875,-9.439864158630371,39.00681686401367,0.06855660676956177,-1.370880365371704,-2.152017831802368,0.5353521704673767,-1.1080981492996216,1.9055399894714355,0.3429953455924988,-0.7059741020202637,0.0039802659302949905,-0.36702704429626465,-0.3250404894351959,0.38094794750213623,0.3695564866065979,0.12804098427295685,-0.4970162808895111
2209.889,-0.02231096476316452,0.0919487401843071,-1.0063313245773315,-0.4344928562641144,-0.3551490604877472,0.21096712350845337,29.775100708007812,-11.368751525878906,40.05869674682617,-0.5149945020675659,-1.3597698211669922,0.893962025642395,-1.1743793487548828,1.2613136768341064,0.2381332963705063,-1.374638319015503,0.49342137575149536,-0.7979671955108643,-1.231957197189331,1.2969602346420288,-0.1558549553155899,-1.5571025609970093,-0.6954850554466248,0.9161725044250488
2219.898,-0.03253638744354248,0.022631334140896797,-0.9884446263313293,0.34588876366615295,0.3344104290008545,-0.07518924027681351,29.823196411132812,-7.951155185699463,41.38935089111328,-0.5223938226699829,0.23256251215934753,0.15062709152698517,-0.7448480129241943,-1.53734290599823,1.2429050207138062,0.18281066417694092,0.31659671664237976,0.21559785306453705,-0.8129985332489014,1.0895363092422485,0.9839415550231934,-0.18825410306453705,-0.03670955076813698,0.31207871437072754
2230.201,0.004506045952439308,0.10466893762350082,-0.961737871170044,-0.23503784835338593,0.04003947228193283,0.89487624168396,31.07281494140625,-9.154497146606445,42.06877899169922,0.23718982934951782,-2.6093032360076904,0.017722072079777718,-1.1906992197036743,1.5314875841140747,0.149201437830925,-0.05325910449028015,0.40236127376556396,-0.4128945469856262,-1.6803861856460571,-0.19892002642154694,-1.2608789205551147,-0.24963639676570892,1.1681631803512573,0.2454598993062973
2239.926,0.006439081393182278,-0.09724093228578568,-0.9754981994628906,0.12471699714660645,-0.4475915729999542,-0.2057098150253296,31.905935287475586,-9.777351379394531,41.67021560668945,-0.08117427676916122,-2.105576276779175,-0.5808694958686829,-0.20078542828559875,1.0238046646118164,0.2855340242385864,0.715810239315033,0.02643916942179203,0.8511767387390137,0.458065390586853,-1.1439214944839478,-0.7005815505981445,2.762268543243408,-1.2366451025009155,-0.9969222545623779
2249.875,0.03141840174794197,0.012943223118782043,-1.03858482837677,0.07264203578233719,-0.029356060549616814,-0.8134387731552124,29.915908813476562,-8.363394737243652,42.11848068237305,1.3634051084518433,1.2045806646347046,0.13778162002563477,-2.8027665615081787,0.09491334855556488,-0.2215326428413391,0.8604897260665894,-0.17140306532382965,-0.14490026235580444,0.8295711278915405,-0.5726763606071472,0.04301825910806656,0.8649469614028931,0.34474116563796997,-0.4004549980163574
2259.853,-0.06049152836203575,0.028915787115693092,-0.9976991415023804,-0.7014430165290833,0.5606454610824585,0.17515717446804047,29.42313575744629,-9.48086166381836,39.973514556884766,0.7202855944633484,-0.22674188017845154,-0.11223036050796509,0.7621122002601624,0.6023856401443481,1.7070180177688599,-1.767435908317566,-1.7258268594741821,0.47445985674858093,2.1126859188079834,1.9353872537612915,-0.16815344989299774,-0.24457485973834991,-1.6848905086517334,1.2655236721038818
2269.907,0.07381055504083633,0.06734864413738251,-0.9856199622154236,-0.5600461363792419,-0.5200505256652832,0.45517241954803467,28.442731857299805,-9.626177787780762,39.582244873046875,-1.3634922504425049,-1.0641499757766724,0.01037970557808876,-0.0865313783288002,0.10546369850635529,-0.17309029400348663,-0.7125250101089478,0.657235860824585,-1.7967215776443481,0.3328835070133209,-0.5023719668388367,0.8124052286148071,-0.9522525072097778,-1.6959292888641357,0.5576422214508057
2280.042,-0.020382966846227646,0.06367706507444382,-1.009679913520813,0.12009751796722412,-0.8467077016830444,0.6153685450553894,29.63152503967285,-10.247518539428711,39.067909240722656,-0.9753947257995605,0.5330498814582825,-0.5189910531044006,-0.4797537624835968,-0.3728065490722656,1.7752069234848022,-0.7763385772705078,0.6005013585090637,-0.32251012325286865,1.5552738904953003,-0.5759454369544983,-0.9228327870368958,-1.0899245738983154,1.6110084056854248,0.9996329545974731
2290.117,0.047945477068424225,0.0023274377454072237,-1.0066914558410645,0.15203224122524261,-0.7877704501152039,-0.6450743675231934,30.557374954223633,-11.12140941619873,41.15081024169922,-0.6934487223625183,0.05510009825229645,0.47715863585472107,-0.09854350984096527,-2.031277656555176,-0.7164722084999084,-1.3256858587265015,0.037327639758586884,0.6050439476966858,-1.7424471378326416,0.35066094994544983,-0.971716046333313,0.21621207892894745,0.256389856338501,-2.6192846298217773
2300.244,0.0603494830429554,0.03243634104728699,-1.0009593963623047,0.8345068097114563,0.5770800113677979,-0.29161182045936584,29.682905197143555,-11.330628395080566,40.20539474487305,-1.774836540222168,1.1374701261520386,-0.7775974273681641,1.5184125900268555,-0.5439015626907349,-1.583736777305603,-0.24062146246433258,-0.2641585171222687,0.90671306848526,-1.5621417760849,-0.5763837099075317,0.030765723437070847,2.4866769313812256,-1.3079438209533691,-0.09717486798763275
2309.983,-0.034561194479465485,-0.06478462368249893,-0.9690945744514465,-0.08413568139076233,-0.2807442247867584,-0.31492212414741516,31.88179588317871,-9.294940948486328,41.071197509765625,1.7761934995651245,-0.4992205500602722,0.41726502776145935,1.4670805931091309,-0.6660102605819702,0.2816842794418335,0.2673282325267792,-0.6393551826477051,-0.7099130749702454,0.4838905334472656,-0.3050502836704254,0.40606778860092163,2.690326452255249,0.7872378826141357,-0.9927696585655212
2319.977,-0.01884796842932701,-0.053318534046411514,-0.9955417513847351,0.5592866539955139,-0.031880609691143036,0.7776389122009277,30.397037506103516,-11.273002624511719,40.4622688293457,-0.2339552640914917,1.7387526035308838,1.3010467290878296,0.3730156719684601,0.5569689273834229,1.5717664957046509,-0.02302158623933792,-0.6970011591911316,-0.19066758453845978,1.371078610420227,0.41543495655059814,0.3162749111652374,-0.6042754650115967,-0.2823162376880646,-0.5998480319976807
2330.097,-0.0714283213019371,-0.03648776561021805,-0.9967371821403503,-0.030753156170248985,0.8721837997436523,0.07369127869606018,31.28230857849121,-7.72667932510376,40.25032043457031,0.25301384925842285,-1.6041098833084106,-0.3935054540634155,-1.1623632907867432,0.5958103537559509,-0.4380987882614136,0.7044395208358765,-1.7556169033050537,0.38821321725845337,-0.1858905702829361,0.32614532113075256,0.804041862487793,-1.4742578268051147,-0.4919012486934662,0.888675332069397
2339.962,-0.03254168480634689,0.05665002390742302,-1.0160294771194458,-0.27377596497535706,-0.4664219617843628,0.23845191299915314,28.464380264282227,-9.129597663879395,39.058040618896484,-1.171932578086853,-0.8393265008926392,0.061651717871427536,0.1857234090566635,-0.46684712171554565,0.8618203997612,-0.47228047251701355,1.8665416240692139,1.4748045206069946,-0.09905214607715607,-1.2389568090438843,-0.8014287948608398,0.2539559006690979,-0.42126503586769104,0.17812928557395935
2349.969,-0.0661676675081253,0.00980202853679657,-0.997559130191803,0.04277844727039337,-0.2000725269317627,-0.17142419517040253,29.075313568115234,-8.747862815856934,39.63172149658203,0.6980381608009338,0.42094191908836365,0.4243410527706146,1.5101927518844604,0.3354536294937134,0.422899067401886,-0.8400141596794128,0.5762044191360474,-0.3121463358402252,1.000036597251892,-0.013234046287834644,-0.9389442205429077,0.3381543755531311,-0.4386254549026489,0.5749620795249939
2359.943,0.12375982105731964,0.04940038174390793,-0.9847605228424072,0.08829859644174576,0.08997076004743576,-0.7750320434570312,31.469507217407227,-10.703788757324219,39.18618392944336,-0.07924053817987442,-0.11922521889209747,0.8597274422645569,-2.339327096939087,-0.07896681129932404,0.6543053388595581,-0.03217644244432449,-1.0252467393875122,0.10095483809709549,1.626015067100525,-0.789056658744812,-0.3054976165294647,-0.17515279352664948,-0.3663579523563385,-1.1796162128448486
2369.889,0.007048674393445253,-0.022326739504933357,-0.994898796081543,0.04238803684711456,0.4340992569923401,-0.5219668745994568,28.883604049682617,-9.45311450958252,39.084190368652344,-0.8769846558570862,-0.7870808243751526,0.07359124720096588,-1.2188172340393066,0.042240824550390244,0.1638679802417755,1.006874680519104,-0.333432137966156,-0.5834095478057861,0.728934645652771,1.7599756717681885,0.4061608612537384,-0.5399783849716187,-0.14321684837341309,-0.5512507557868958
2380.134,-0.046295858919620514,-0.04992128536105156,-0.9909814596176147,-0.6444993615150452,-0.6153891682624817,-0.06016865372657776,30.136280059814453,-10.00877571105957,39.33202362060547,1.4204518795013428,-1.3863855600357056,-1.9933589696884155,-0.9479918479919434,-1.238121747970581,1.2886621952056885,2.0830538272857666,0.9571000337600708,0.8759734630584717,-1.5005465745925903,0.6698240637779236,0.4540840983390808,0.37741079926490784,0.7706131339073181,-1.026972770690918
2390.076,0.053826406598091125,-0.01422584243118763,-1.026066541671753,-0.5649963021278381,0.0016676340019330382,0.6770694255828857,29.32794761657715,-9.280372619628906,40.816898345947266,-0.26692163944244385,-0.5220761299133301,0.8589112162590027,-1.6168713569641113,-0.3867596685886383,1.4264920949935913,-0.5452592372894287,0.04001195728778839,-1.8566645383834839,-0.05380565673112869,0.9191832542419434,2.388636589050293,-0.107917420566082,0.5866318941116333,-0.2969495356082916
2399.959,0.044054385274648666,0.05656548589468002,-1.011587381362915,-0.0864664614200592,0.052227895706892014,0.44890865683555603,29.843244552612305,-9.758966445922852,39.74217987060547,-0.27853524684906006,-0.5974277257919312,0.10837787389755249,0.6907904744148254,-0.2686322331428528,-0.036793190985918045,-0.5504112243652344,1.3521631956100464,0.21731680631637573,-0.3235008716583252,-0.3669954240322113,1.0549441576004028,1.6656914949417114,-0.18076755106449127,1.2385587692260742
2410.007,0.060477495193481445,0.0035926979035139084,-0.9832234978675842,-0.11118871718645096,-0.5717820525169373,-0.18100430071353912,30.507888793945312,-11.400226593017578,39.93900680541992,0.8649863600730896,0.6663944721221924,-1.9007807970046997,-1.0083069801330566,0.706824541091919,1.3917210102081299,-2.285334348678589,-1.235703468322754,-0.23750299215316772,0.06146237999200821,-0.16084492206573486,0.8818655014038086,-0.2805124819278717,0.13033702969551086,-1.3998706340789795
2420.032,-0.04390737786889076,-0.03899960592389107,-0.9947813749313354,0.4499804675579071,-0.2480839490890503,-0.4079851508140564,30.066322326660156,-8.571549415588379,38.917152404785156,-2.449720621109009,0.4630509912967682,-1.4665342569351196,-0.28009912371635437,-0.2575780749320984,0.37559494376182556,1.4476814270019531,0.681814968585968,0.43355098366737366,0.6935782432556152,1.3409098386764526,1.8596161603927612,0.6005117893218994,1.5103092193603516,-0.3803701102733612
2429.880,0.002941107377409935,0.014206658117473125,-1.0481513738632202,0.1627093404531479,-0.1773131787776947,-1.2416112422943115,30.091094970703125,-11.298416137695312,41.11566925048828,0.012013428844511509,0.31947681307792664,-0.06307025998830795,1.516119360923767,0.9312519431114197,-0.0175189021974802,-0.499216228723526,0.6880075335502625,-0.039673324674367905,0.5914267897605896,0.588545024394989,1.2665499448776245,-0.8809129595756531,-1.5330640077590942,-1.0282644033432007
2440.045,0.024138454347848892,0.027216998860239983,-0.9471133947372437,-0.7861164808273315,-0.0592288076877594,-0.18256738781929016,29.8470516204834,-9.344989776611328,38.712013244628906,-0.06292203813791275,-1.6341997385025024,-0.4353494942188263,0.2369302660226822,2.1673014163970947,-1.0292900800704956,0.9256454110145569,0.19614960253238678,0.4019412100315094,2.981127977371216,-0.9630023241043091,0.5281318426132202,0.1211981326341629,-0.6764276027679443,-0.19055700302124023
2450.140,-0.015355218201875687,0.058095771819353104,-0.9948581457138062,0.16134770214557648,-0.39025548100471497,-0.871222198009491,29.741113662719727,-9.051546096801758,39.18342208862305,0.009100894443690777,-1.6030652523040771,-1.2252323627471924,-0.9365947246551514,2.1789610385894775,1.411778211593628,0.1492256075143814,0.5298037528991699,-0.6830721497535706,0.3030049800872803,-1.057976245880127,-2.86069917678833,1.3749064207077026,0.27781012654304504,0.46105051040649414
2460.032,0.02092822454869747,0.027645789086818695,-0.9991358518600464,-0.1978004425764084,-0.28318697214126587,-1.3326570987701416,28.677913665771484,-10.915553092956543,40.154109954833984,-0.9042067527770996,0.7778081893920898,-0.2907773554325104,0.17862266302108765,0.14357419312000275,-0.9187950491905212,1.1695019006729126,1.4617717266082764,-1.2058813571929932,1.1563905477523804,0.6229203939437866,0.4522770941257477,-0.38836729526519775,1.704077959060669,-0.07938401401042938
2469.862,-0.11934061348438263,-0.018157770857214928,-0.9831907153129578,-0.3617280423641205,0.38989439606666565,0.30959370732307434,29.250171661376953,-9.882506370544434,40.125858306884766,0.6406629681587219,0.6087703108787537,1.5728449821472168,-1.9962149858474731,-0.3562205135822296,-0.15402241051197052,0.09624987095594406,-1.2621170282363892,1.449613094329834,-0.7071943283081055,0.41647034883499146,1.3747704029083252,-0.6455143690109253,1.029172658920288,1.9720468521118164
2480.212,-0.03156818449497223,0.047346796840429306,-1.0171899795532227,-0.07471202313899994,-0.6171897649765015,-0.01102358940988779,29.6472110748291,-9.437651634216309,41.25578689575195,2.533487319946289,-0.38764551281929016,-0.0748114213347435,-0.3974699378013611,2.691736936569214,-0.7893964052200317,-1.7741316556930542,0.3527647852897644,0.5838070511817932,0.04627380147576332,1.3838982582092285,0.048931561410427094,-0.6738000512123108,-0.6210354566574097,-0.5224773287773132
2490.100,-0.022001374512910843,0.013619308359920979,-0.9747047424316406,0.7561953067779541,0.5240381360054016,-0.23690757155418396,29.363971710205078,-8.493120193481445,40.289642333984375,-0.6489547491073608,-1.097138524055481,-0.33060503005981445,-1.0486502647399902,-0.9192976355552673,-0.6400567889213562,-0.6109102368354797,-1.3287107944488525,-0.42520129680633545,-0.19768230617046356,-0.15205565094947815,-0.819124162197113,-0.40303823351860046,-0.9666560888290405,0.25694113969802856
2499.879,-0.03381916135549545,-0.04463328421115875,-0.9993176460266113,0.4814704954624176,-0.4420648217201233,-0.05222431942820549,30.465906143188477,-9.283361434936523,40.38404083251953,-0.29802969098091125,-1.4791196584701538,0.8848691582679749,0.5168752670288086,-2.6111114025115967,-0.20981654524803162,0.9383224248886108,-0.7755169868469238,0.39747047424316406,1.7948625087738037,-0.04504334554076195,-0.056890957057476044,0.828264057636261,-1.197256326675415,0.17057184875011444
2509.971,-0.034231554716825485,-0.01932065188884735,-1.0028173923492432,0.8205323815345764,0.2614330053329468,-0.7831583023071289,30.071765899658203,-9.257760047912598,40.067405700683594,1.1399632692337036,0.28811609745025635,-0.21965749561786652,-0.8315402865409851,0.40975040197372437,0.7036123871803284,0.7400789260864258,-1.074990153312683,-0.06870047748088837,0.47780147194862366,0.47380271553993225,-1.3173367977142334,0.26743584871292114,1.0128883123397827,1.5074925422668457
2520.112,0.01966317743062973,-0.07884903252124786,-1.0088212490081787,-0.7737544178962708,-0.5205585360527039,-0.017109058797359467,29.55611801147461,-10.325733184814453,40.513397216796875,-0.6962835788726807,-0.41681036353111267,-1.0623446702957153,0.8150376081466675,-1.6932820081710815,0.6004515290260315,1.1012710332870483,0.20013578236103058,-0.24222776293754578,1.2769447565078735,-0.3900500535964966,0.7520858645439148,0.8043925762176514,-0.2230697125196457,-1.597047209739685
2530.307,0.10697340220212936,0.02147270366549492,-1.0079742670059204,0.07225668430328369,-0.32044747471809387,-0.11274484544992447,29.375553131103516,-10.605358123779297,39.492313385009766,-0.26845914125442505,0.762002170085907,1.7010760307312012,-0.2353287935256958,-1.0897860527038574,0.4319798946380615,-1.7453014850616455,-0.6026750802993774,-0.9316389560699463,0.5255509614944458,-0.6968808174133301,-1.7717868089675903,0.5002660155296326,-0.8106545209884644,-0.1877429336309433
2539.829,-0.08977726846933365,-0.00971002597361803,-1.024276852607727,0.43441012501716614,-0.41558441519737244,0.20959527790546417,29.411760330200195,-8.943443298339844,40.2493896484375,-0.7129412889480591,-0.014823087491095066,-0.34562674164772034,0.07399139553308487,-0.4398689568042755,-1.327232003211975,1.4051380157470703,0.5485267043113708,-0.7129075527191162,0.7643762826919556,1.6034092903137207,0.9325269460678101,-0.304874062538147,0.7827685475349426,-0.40295884013175964
2549.988,-0.03730108588933945,0.030133547261357307,-1.0005031824111938,0.02540120854973793,0.1516951322555542,-0.30317923426628113,29.52344512939453,-10.784558296203613,40.25652313232422,0.2796937823295593,-0.8273391127586365,1.2408679723739624,-0.8412713408470154,0.1806410551071167,-0.734900176525116,0.813300371170044,-0.3978794813156128,1.0153639316558838,-0.510927677154541,-1.730602741241455,0.1096162274479866,-1.136987566947937,-2.1491384506225586,-0.6705143451690674
2559.963,-0.05358070135116577,0.029951268807053566,-0.9997683763504028,-0.07611481100320816,0.19661590456962585,-0.1464836150407791,30.19580078125,-9.868053436279297,39.244937896728516,3.4025533199310303,0.3351644277572632,-0.3972998261451721,1.432077407836914,-0.6160178780555725,-2.255378007888794,0.6230556964874268,-0.4145576059818268,0.5379217863082886,-1.075757384300232,-1.1313385963439941,-0.4724472165107727,-0.40044358372688293,0.33260950446128845,-1.1993046998977661
2569.898,-0.012465054169297218,-0.05048679560422897,-0.9883917570114136,0.8765780329704285,0.18279527127742767,0.505378782749176,30.80646514892578,-8.153818130493164,40.753387451171875,0.5489458441734314,-0.1877174973487854,2.1325936317443848,-0.054476603865623474,2.457118272781372,-0.4014030396938324,0.07640939205884933,1.541345477104187,-1.0568934679031372,-0.15265683829784393,0.3242377042770386,-1.1510024070739746,-1.5604918003082275,0.3535759747028351,1.0500894784927368
2579.757,-0.05348588526248932,-0.010995623655617237,-0.9972063302993774,0.7907755970954895,-0.5770676136016846,0.1547008901834488,29.689603805541992,-9.058161735534668,40.787960052490234,-1.4682855606079102,1.6548844575881958,0.5270082950592041,-0.38172516226768494,-0.02474958822131157,-0.9539273977279663,0.2131447196006775,-0.3510357141494751,-0.4773389399051666,-0.46801385283470154,-1.2428356409072876,1.980640172958374,2.3800816535949707,1.0562143325805664,1.5133752822875977
2589.805,0.020458247512578964,0.027610130608081818,-1.0223923921585083,-1.0315831899642944,-0.11094322055578232,-0.48717615008354187,30.340177536010742,-9.798188209533691,39.854461669921875,-1.6413127183914185,0.01592016965150833,-0.1536322981119156,-0.053722672164440155,0.3305525779724121,-1.0921765565872192,-0.12615661323070526,-0.4968997836112976,-0.6674614548683167,-1.1242634057998657,-0.32110098004341125,-0.6803304553031921,0.9376623630523682,-0.3594525456428528,0.09892965853214264
2599.957,-0.06314271688461304,-0.020233076065778732,-1.0518258810043335,0.6872334480285645,-1.3914743661880493,0.4601847529411316,30.529390335083008,-10.534448623657227,38.63987731933594,0.7516629695892334,-0.5966266393661499,-1.4212799072265625,-0.16344806551933289,-0.9672425985336304,-2.290158271789551,0.4436691701412201,-0.5962774157524109,-0.22056803107261658,0.2723318040370941,-0.2560218870639801,-0.15491265058517456,0.6727046370506287,-0.011122463271021843,0.8730502724647522
2610.064,0.023111293092370033,0.03948265314102173,-1.0414369106292725,-0.5216691493988037,0.5435127019882202,-0.9768633246421814,29.52994728088379,-8.838976860046387,41.43147659301758,-1.844620943069458,-0.32205328345298767,-0.23741267621517181,-0.010802372358739376,-1.1111063957214355,-0.5418927669525146,0.42309948801994324,-0.4051232933998108,0.06819126754999161,-1.3448107242584229,0.02514444664120674,-0.8187292218208313,0.4330142140388489,-0.3232108950614929,-0.6760154962539673
2619.871,0.05832952260971069,-0.0001471849245717749,-1.0018024444580078,-0.5021141767501831,-0.10605842620134354,-0.5407765507698059,30.298877716064453,-9.653716087341309,38.972816467285156,-0.8992757201194763,1.695532202720642,-0.3495321571826935,-0.5947534441947937,-1.9769940376281738,0.4344539940357208,-0.13075442612171173,1.200438380241394,-0.10646362602710724,0.2685477137565613,1.4101295471191406,0.0294924508780241,1.3746161460876465,0.18699759244918823,-1.0699636936187744
2629.975,0.05016903579235077,-0.0755045935511589,-0.9765787720680237,0.049482930451631546,-0.3545272648334503,-0.5157819986343384,28.771892547607422,-10.57696533203125,39.614933013916016,0.6010057330131531,-0.2696476876735687,-0.23927761614322662,-1.8183037042617798,0.9580437541007996,-0.06704704463481903,1.799805998802185,-0.2935410439968109,-2.178170919418335,1.1848825216293335,-0.7942630648612976,-0.29795223474502563,-0.13440464437007904,-0.7748158574104309,-2.2655117511749268
2639.923,0.06783174723386765,0.043632667511701584,-0.9719481468200684,0.07914374768733978,0.12649193406105042,-0.424850732088089,30.07314682006836,-8.824588775634766,39.54043960571289,-0.5685209631919861,0.13628943264484406,-1.7979146242141724,-0.7745779156684875,-0.5751878023147583,-0.07676523923873901,1.4477365016937256,-1.6217421293258667,0.4325624108314514,-0.1656041294336319,-1.8057277202606201,1.0457886457443237,0.8653356432914734,-1.3078666925430298,0.5691776275634766
2650.162,0.031085899099707603,0.014966022223234177,-1.0243408679962158,0.39446741342544556,0.08809048682451248,-0.7165384292602539,29.114547729492188,-9.40461254119873,39.308502197265625,0.5630005598068237,-0.200510174036026,0.060472000390291214,-0.8152570128440857,1.5292224884033203,0.13547255098819733,-0.5508710145950317,0.8201119899749756,1.6290311813354492,-0.8988887071609497,0.2125408947467804,0.3356744349002838,-0.011419913731515408,1.4785908460617065,0.6833738088607788
2660.007,-0.03296629339456558,0.007548873778432608,-1.025750994682312,-0.20764793455600739,0.269657164812088,-0.1960662603378296,30.553516387939453,-10.939570426940918,38.94608688354492,-0.008960239589214325,-1.3413296937942505,0.41373249888420105,-0.8081530332565308,1.314072847366333,1.1594176292419434,0.700477659702301,-0.8708405494689941,-0.1728849858045578,-0.5837701559066772,-1.0160844326019287,-0.3026439845561981,-0.33895471692085266,1.9378366470336914,0.4558617174625397
2669.925,-0.060958366841077805,-0.06143895909190178,-0.9846194386482239,0.02067387104034424,0.9001960754394531,-0.8489633202552795,30.85310935974121,-7.4120869636535645,39.99496841430664,0.7300866842269897,-0.7608590126037598,0.21353329718112946,0.7791398763656616,-0.18181462585926056,-0.8935033679008484,0.24314656853675842,-1.3237237930297852,-1.2762579917907715,-0.7789151072502136,-1.0057783126831055,0.6786063313484192,-1.5110920667648315,0.13395428657531738,-0.7301607728004456
2679.913,0.026246266439557076,-0.021401315927505493,-1.0216717720031738,-0.18541599810123444,-0.04016103222966194,-0.32874596118927,29.36395263671875,-11.01685905456543,39.47514343261719,0.7629488706588745,-1.115404725074768,-1.251721978187561,0.6094877123832703,0.6639747619628906,0.6163552403450012,0.6749719381332397,0.6508976817131042,-1.3042571544647217,-0.5089918971061707,-0.04015626013278961,-0.7521770000457764,-0.2283208817243576,-0.9703668355941772,0.6837798357009888
2690.194,0.006466847378760576,-0.020776275545358658,-0.9674482941627502,1.1469318866729736,-0.7498872876167297,-0.21126656234264374,29.8836669921875,-10.550243377685547,38.654144287109375,0.17515644431114197,-1.3417973518371582,0.7065675258636475,-0.2252291887998581,-0.1781226396560669,0.3626174330711365,-1.9917629957199097,0.2626979649066925,-0.3431931436061859,2.6950461864471436,1.4437934160232544,2.9137086868286133,-0.06246423348784447,0.1395144909620285,-0.5527576208114624
2699.873,0.03471315652132034,0.01894611306488514,-1.0127147436141968,-0.7430901527404785,0.5719409584999084,0.19639091193675995,30.141319274902344,-12.661548614501953,39.753082275390625,1.4502958059310913,0.19663593173027039,0.5599035620689392,-0.2575639486312866,-0.7455378174781799,-0.9211580157279968,-0.1362188160419464,0.1569562703371048,1.0284616947174072,-3.2670211791992188,0.7746543288230896,0.9225652813911438,0.7973242402076721,0.40209582448005676,1.4107706546783447
2709.959,-0.040720079094171524,-0.01484169252216816,-0.9995710253715515,0.19780103862285614,0.16368526220321655,0.1485223025083542,29.98280143737793,-10.221303939819336,40.31703567504883,-0.7297275066375732,-0.09966558963060379,-2.0556700229644775,0.8374650478363037,1.5988696813583374,-1.6198149919509888,-0.07752769440412521,-0.607711672782898,-0.814945638179779,-0.6755567789077759,-1.251090407371521,-0.016270020976662636,0.8637886643409729,0.6658934354782104,-0.26442328095436096
2720.155,0.005705066025257111,0.000761830247938633,-0.9799796938896179,0.17825035750865936,-0.058011360466480255,-0.350034236907959,29.00874900817871,-9.238382339477539,42.135501861572266,0.4366929829120636,-1.6704741716384888,1.168778419494629,2.0901248455047607,-0.2521290183067322,-1.1878937482833862,-0.651323139667511,-1.0838040113449097,1.938481092453003,-0.05854456126689911,0.5626991987228394,-0.5087320804595947,0.3105165362358093,-0.495694100856781,0.4342831075191498
2729.982,0.04694536700844765,0.008936148136854172,-0.9922322630882263,-0.45274293422698975,0.6225708723068237,-0.4752674698829651,32.53270721435547,-8.433736801147461,40.03950881958008,1.35678231716156,-1.3339594602584839,-0.5792217254638672,0.9053100943565369,-0.5538637042045593,-0.3061610162258148,-0.8403077125549316,-1.824458360671997,-1.1515699625015259,-0.35217639803886414,0.6781510710716248,1.618165373802185,0.0780172199010849,0.2824355959892273,-1.0984240770339966
2740.188,-0.07926694303750992,0.08285985887050629,-0.9496618509292603,-0.13356314599514008,-0.4899519979953766,-0.5235158801078796,27.9566707611084,-10.082741737365723,41.342315673828125,-0.6099316477775574,-1.4829645156860352,-0.24790059030056,0.3212251663208008,1.9034429788589478,0.4616486728191376,-0.3683607876300812,-0.28588804602622986,1.0356884002685547,-0.19425395131111145,-0.36674630641937256,-0.47097429633140564,-1.0136569738388062,0.5002263784408569,1.2425012588500977
2749.902,-0.04140185937285423,-0.031690292060375214,-1.0072709321975708,0.07151703536510468,0.3022465109825134,0.33570680022239685,28.61932945251465,-10.25107479095459,40.632286071777344,0.8384985327720642,-0.26525503396987915,1.2156835794448853,0.3869647979736328,0.6756535768508911,-0.05918656662106514,-1.5318107604980469,0.22308632731437683,2.4038262367248535,-0.6123955845832825,0.5975202322006226,1.2669225931167603,0.738654613494873,0.2794226109981537,0.18206073343753815
2759.994,-0.02590324357151985,0.01819351129233837,-1.0260951519012451,0.4375699758529663,0.4680289626121521,-0.024789517745375633,29.246896743774414,-9.851542472839355,41.15470504760742,0.7915286421775818,-1.755977749824524,-1.0109097957611084,-0.0026294521521776915,-1.6042191982269287,1.278049111366272,-0.2273300290107727,-1.0652066469192505,0.7754980325698853,0.014902761206030846,-2.147618532180786,0.022428901866078377,-1.8648017644882202,2.4342737197875977,-2.387972354888916
2769.913,0.011158367618918419,0.015463121235370636,-0.9813681244850159,0.8403883576393127,0.8600561022758484,-0.6152430772781372,29.536483764648438,-9.483454704284668,40.679813385009766,-0.5919632315635681,0.8064854741096497,-0.1458212286233902,-0.1186666414141655,-1.0523117780685425,2.1703121662139893,1.2519609928131104,0.47726523876190186,0.9774911999702454,0.5942116975784302,0.6375054717063904,0.48426738381385803,0.8954126834869385,0.16359244287014008,0.510022759437561
2780.149,-0.03744353726506233,-0.0547274649143219,-0.9741649627685547,0.6164177060127258,0.5198659896850586,0.8697137236595154,28.23447036743164,-10.504563331604004,40.10335159301758,1.4134045839309692,0.9461246132850647,-0.4032968282699585,-0.5070415735244751,-1.4941861629486084,-0.458295613527298,0.3550563156604767,0.1879120171070099,-1.1837722063064575,-0.992232084274292,0.3002925217151642,1.069758415222168,-0.09638632088899612,0.3581080436706543,-0.529869794845581
2790.104,-0.017057232558727264,-0.026152439415454865,-0.9909986853599548,-0.2183210551738739,-0.5786325931549072,0.09646102786064148,30.43992805480957,-12.220147132873535,38.88591766357422,1.253299593925476,1.4605146646499634,0.6616069674491882,-2.014157295227051,-2.101898193359375,0.903422474861145,-0.13198864459991455,-0.9396940469741821,-1.1430974006652832,1.1157475709915161,0.07372476905584335,1.5634254217147827,0.12359157204627991,0.5133718252182007,0.4014323353767395
2799.819,0.01154680922627449,0.05041249841451645,-0.9802260994911194,0.29493221640586853,0.1802099645137787,0.09440086036920547,29.044660568237305,-9.393648147583008,40.5893669128418,0.7815766930580139,0.8324905037879944,1.5577006340026855,0.22001707553863525,-0.3639831840991974,-1.5221847295761108,1.242924690246582,-1.3075419664382935,0.29009726643562317,-0.6293064951896667,1.6799834966659546,0.29614949226379395,1.264719843864441,-0.6242408156394958,-0.3939283490180969
2809.919,0.036063820123672485,0.09077800065279007,-1.035984754562378,0.4304865896701813,0.2601306736469269,0.07879777252674103,28.494022369384766,-9.395116806030273,40.94940948486328,-0.4669862985610962,1.3606970310211182,0.026516595855355263,0.08572909981012344,-0.8160607814788818,-1.4465855360031128,2.7596027851104736,0.4434105455875397,-1.2923661470413208,-0.011074415408074856,0.05530000478029251,-0.40178513526916504,0.08815377205610275,0.7845064401626587,-2.0951826572418213
2819.861,-0.009710422717034817,0.05025657266378403,-1.0302536487579346,0.006584994960576296,-0.43438923358917236,-0.5466604232788086,28.72684097290039,-7.368912696838379,38.706146240234375,0.15728700160980225,-1.1599425077438354,-1.5424011945724487,0.050616659224033356,0.9432103037834167,-0.7847140431404114,-0.7055695652961731,0.9392616748809814,-1.3597952127456665,0.7659045457839966,-0.23862001299858093,0.22294186055660248,-0.6929264068603516,-0.7515327334403992,-0.8322044610977173
2829.801,-0.0719321221113205,-0.02748977579176426,-1.024507999420166,-0.5141266584396362,-0.02050628885626793,-0.25829583406448364,27.97850227355957,-10.529903411865234,40.58024215698242,-0.4605959355831146,-1.3387463092803955,0.3752262592315674,0.9057223200798035,0.6793853640556335,-0.4205823540687561,0.5657370686531067,-1.4574400186538696,0.6094228029251099,0.20855896174907684,-0.7597986459732056,-0.9569391012191772,-0.5795959234237671,-0.4115283787250519,1.3503952026367188
2840.232,0.025177812203764915,-0.07966183871030807,-0.9999614953994751,1.0543612241744995,0.31453362107276917,-0.017586996778845787,29.758882522583008,-11.322163581848145,39.23186111450195,0.9523349404335022,1.0054014921188354,-0.9690709114074707,0.4472676217556,-0.9376183748245239,-0.08321351557970047,0.41922664642333984,0.05131854489445686,-0.10683097690343857,-0.2463291734457016,-0.346086710691452,-5.5200696806423366e-05,-0.3697478175163269,1.8124126195907593,-0.9028418660163879
2850.210,0.05549968034029007,-0.0003275611961726099,-0.982200026512146,-0.26305168867111206,0.2890308201313019,-0.3846007287502289,30.167354583740234,-10.072062492370605,41.78505325317383,-0.6620038747787476,0.3519570827484131,-0.7873807549476624,-0.009331200271844864,0.5724384188652039,0.4908457398414612,-0.4532555341720581,0.5545434951782227,0.9249145984649658,-0.25723427534103394,-0.04141566902399063,1.6733853816986084,-1.5116095542907715,-1.2934491634368896,0.9079849123954773
2859.817,-0.13289792835712433,-0.018707677721977234,-1.0313912630081177,-0.42045411467552185,0.5786105394363403,0.19039206206798553,30.161787033081055,-8.146677017211914,38.83499526977539,0.10209480673074722,-1.1409482955932617,-0.23974622786045074,-1.0242362022399902,0.0923762321472168,-1.0629668235778809,-0.05428106337785721,0.2926008999347687,0.34924718737602234,-0.7732865810394287,-2.882594347000122,-0.09466807544231415,-0.37646186351776123,-1.8777122497558594,1.7204869985580444
2870.267,0.04612383618950844,-0.07257114350795746,-0.9922345876693726,-0.4954436421394348,0.3898019790649414,0.06562607735395432,30.525083541870117,-9.073108673095703,39.90323257446289,0.2022411823272705,0.32322728633880615,-1.171613335609436,-1.546696662902832,-0.6496692895889282,0.012814875692129135,-0.602658748626709,0.42108452320098877,0.5272020101547241,-0.23192039132118225,1.515404462814331,0.5589768290519714,-0.9887040257453918,-0.08320695906877518,0.2712623178958893
2879.949,-0.04332941398024559,0.12070083618164062,-0.9771620631217957,0.5572389364242554,0.585964024066925,-0.100956492125988,31.10287857055664,-12.715873718261719,40.97300720214844,-0.1530630737543106,1.0242818593978882,-0.6156741976737976,0.1679057776927948,0.7477394938468933,0.45550164580345154,-0.0028969035483896732,-0.6526946425437927,1.223520278930664,0.40871909260749817,1.0026891231536865,-0.24786818027496338,-0.49528998136520386,-0.6042582988739014,3.2669873237609863
2889.953,0.05723368376493454,-0.07685676962137222,-1.0064181089401245,0.13017350435256958,-0.007166234310716391,0.18882906436920166,30.685443878173828,-12.736597061157227,40.51505661010742,-1.1958630084991455,1.1251928806304932,-0.025367826223373413,-0.42620885372161865,-0.49388113617897034,-0.9389697313308716,-1.030542016029358,-1.6788581609725952,0.9310531616210938,1.2125204801559448,-0.7354204058647156,0.6654740571975708,0.4578239321708679,0.7465882301330566,-1.1834770441055298
2899.817,-0.07156345248222351,0.02024145983159542,-0.9737563729286194,-1.445042610168457,0.4869763255119324,0.9399586319923401,30.65370750427246,-9.632488250732422,39.7885627746582,-0.2485952228307724,-2.01737117767334,-0.5639549493789673,1.1110831499099731,-0.20555844902992249,0.7422274351119995,0.6939425468444824,1.650105357170105,-0.09071525931358337,0.6563819646835327,0.38956108689308167,-0.22290410101413727,-0.31273046135902405,2.4210524559020996,1.9094338417053223
2909.874,-0.07829578220844269,-0.0066416943445801735,-0.9593850374221802,-0.04570139944553375,0.033722881227731705,-0.29391276836395264,29.90005111694336,-11.460468292236328,39.74642562866211,0.5223259925842285,0.17351937294006348,-0.3531690239906311,-0.18729718029499054,-1.5166583061218262,0.3018942177295685,-2.1430416107177734,1.3559625148773193,0.5194287300109863,-0.6410055756568909,0.3805886507034302,-1.004869818687439,-0.016706082969903946,0.4374721646308899,-1.6690274477005005
2919.791,0.03782717138528824,-0.0288994237780571,-1.020966649055481,-0.4144846498966217,0.543978214263916,0.41411831974983215,28.52859115600586,-10.8319091796875,40.645320892333984,0.24550849199295044,-0.46182090044021606,1.419866919517517,-1.2577329874038696,-1.7324206829071045,2.3410651683807373,0.07373252511024475,1.293475866317749,-0.007570942863821983,-0.7925724387168884,-0.10363253206014633,0.6647071242332458,0.9443233013153076,-0.7389171719551086,-0.12069947272539139
2930.002,0.06467722356319427,-0.05296219140291214,-1.0010168552398682,0.09888205677270889,0.12900875508785248,0.38542822003364563,29.78631591796875,-10.560901641845703,38.99152755737305,0.28260624408721924,0.6511176228523254,-1.1956335306167603,0.12208642810583115,-0.23863990604877472,0.0001235267409356311,-0.05156128108501434,-1.1872279644012451,0.05233243107795715,-0.2834276854991913,0.6121951341629028,1.7984148263931274,1.506792426109314,-0.3659886419773102,-0.23397406935691833
2940.028,0.03405097499489784,-0.004825993906706572,-0.9491191506385803,-0.0407094731926918,-0.23855991661548615,-0.15824127197265625,30.44821548461914,-9.810046195983887,40.77156066894531,-0.7860260605812073,0.7571877241134644,0.30077624320983887,1.2838479280471802,0.0421249158680439,1.192577600479126,0.9675820469856262,0.69672030210495,0.1379452794790268,-0.7803954482078552,-0.3894044756889343,0.34323546290397644,-0.12353729456663132,-0.21610014140605927,-0.2882385551929474
2950.292,-0.0037640270311385393,0.04094643145799637,-1.0367125272750854,-0.5178608298301697,0.3665161430835724,0.2575545907020569,31.511751174926758,-9.78370189666748,41.40378189086914,1.611661434173584,-1.6979378461837769,-0.2786436378955841,-0.17290911078453064,-0.3848143219947815,-0.6537045240402222,0.6272498369216919,-0.43302884697914124,0.4229441285133362,0.7652601003646851,-0.9115296602249146,0.28283676505088806,2.206879138946533,0.9806973934173584,0.3505626916885376
2960.343,0.037073418498039246,0.007456377148628235,-1.0029635429382324,0.5199716687202454,0.44270598888397217,0.14777375757694244,29.49452018737793,-9.740118980407715,39.93463134765625,0.10475550591945648,-0.13500501215457916,-0.6188383102416992,0.2607426941394806,-0.8641294240951538,0.3945131003856659,-0.3495945930480957,-0.0367635078728199,-1.0093106031417847,-0.9535362124443054,0.8791159987449646,0.8138791918754578,-0.190242737531662,-1.3025946617126465,-0.028601905331015587
2969.663,-0.008140125311911106,-0.02797555737197399,-1.002781867980957,0.5681565999984741,-0.856469452381134,0.6290597915649414,28.76385498046875,-9.81887149810791,39.32350158691406,0.7882296442985535,0.20303377509117126,-2.3522188663482666,0.32737693190574646,-0.4827617108821869,0.8407773375511169,-1.650530219078064,0.5279114246368408,-0.45222729444503784,0.39062416553497314,-0.5159516334533691,-0.41250699758529663,-0.3824852705001831,0.35233137011528015,1.528168797492981
2979.848,0.020349636673927307,0.019243953749537468,-1.00729501247406,-0.5227049589157104,-0.7291131019592285,0.1526351422071457,28.728618621826172,-8.689699172973633,39.7330207824707,-0.24585622549057007,1.1242449283599854,-0.7173490524291992,-0.7603092789649963,-0.19778305292129517,0.4785308837890625,-0.6893348097801208,0.374494343996048,-0.025684161111712456,0.15483881533145905,-0.04687155410647392,-0.14520248770713806,-0.8881533741950989,0.006378344260156155,-0.3145877420902252
2990.115,0.013144334778189659,-0.015208390541374683,-1.0209743976593018,0.18783444166183472,-0.17663122713565826,-0.3153068721294403,30.408161163330078,-10.136457443237305,41.54622268676758,-0.8900904059410095,0.8315909504890442,-1.0963118076324463,0.14072167873382568,-0.597504734992981,0.4895985424518585,-1.4718800783157349,-0.23835128545761108,0.47911882400512695,0.38274404406547546,1.3894305229187012,0.8758206367492676,0.8122684955596924,0.7897654175758362,0.5919138193130493
3000.259,0.011498856358230114,-0.03656347468495369,-0.9767621755599976,-0.8311863541603088,0.3146734833717346,0.7291010022163391,30.813562393188477,-9.792104721069336,40.283573150634766,0.6149340271949768,0.6546635627746582,-0.9810752272605896,2.4209699630737305,-0.9919690489768982,-0.6925001740455627,-0.29043492674827576,-0.4404250681400299,-0.10667306929826736,-0.38209041953086853,-0.30765724182128906,1.7867156267166138,-0.788399338722229,-0.4935523569583893,-0.9633792638778687
3009.983,-0.07449746876955032,-0.010555719956755638,-1.0342141389846802,-0.1568879634141922,0.3497934341430664,-0.12731604278087616,30.459854125976562,-10.275812149047852,39.594276428222656,1.2012016773223877,-0.5508421659469604,-0.8334385752677917,0.0452704131603241,0.5205078721046448,0.6650873422622681,0.19509555399417877,-0.20297583937644958,1.4239397048950195,1.6582961082458496,-0.07419170439243317,0.1736922562122345,-0.9882153272628784,0.8159363269805908,-0.8311027884483337
3020.028,-0.027769608423113823,-0.06858982890844345,-1.002382516860962,0.6077430248260498,-0.1598760485649109,-0.16523559391498566,31.334260940551758,-10.548164367675781,38.70724868774414,0.5519311428070068,-1.3200962543487549,0.5400514602661133,-0.41943231225013733,-0.2874748706817627,-0.8037475943565369,0.9493295550346375,-0.07605092227458954,-0.06634894758462906,0.6784101128578186,1.8352197408676147,-0.5648193955421448,-1.2321151494979858,0.22305826842784882,-0.2973023056983948
3029.704,-0.0061760470271110535,-0.016650691628456116,-0.9961469173431396,0.17527860403060913,-0.6480050683021545,0.12496282160282135,29.401582717895508,-10.643463134765625,38.2380256652832,0.4742257297039032,0.9403412342071533,0.06889542192220688,0.42500630021095276,0.5049683451652527,-1.2139171361923218,2.0484519004821777,-0.9310232996940613,0.26461464166641235,-0.1542266607284546,-2.2361106872558594,0.10581028461456299,-0.11863002926111221,0.28907889127731323,-0.13382355868816376
3040.128,0.1397484689950943,-0.009415596723556519,-1.012778878211975,-0.8151832222938538,-0.9253969788551331,-0.6415308117866516,29.000028610229492,-10.386099815368652,39.19867706298828,-1.6869993209838867,0.35477349162101746,-0.8474123477935791,1.1691269874572754,-0.5717710256576538,0.418864369392395,0.7177700996398926,1.5207346677780151,-0.5998233556747437,-0.7119757533073425,-1.6642379760742188,0.7188279032707214,-0.8764232993125916,-0.19526949524879456,0.08453862369060516
3049.957,-0.013757457956671715,0.00014449056470766664,-1.0251274108886719,-0.18294930458068848,-0.0594363808631897,-0.5966352820396423,28.690479278564453,-8.268526077270508,40.06734848022461,0.1534305065870285,-0.40099871158599854,-0.48016756772994995,0.5666966438293457,-2.1634085178375244,-0.45394569635391235,1.1462115049362183,-0.5450755953788757,-0.13673412799835205,0.8104680180549622,-0.9016339778900146,-1.0470932722091675,-0.1506771594285965,0.27990052103996277,1.1543562412261963
3060.177,0.04974566400051117,-0.014282122254371643,-1.0225765705108643,-0.05504328012466431,-0.48068082332611084,0.044187091290950775,29.659664154052734,-10.220062255859375,39.389156341552734,-1.3096872568130493,-0.10988602042198181,-0.2115628868341446,-0.8264838457107544,-0.17229102551937103,1.0880208015441895,-0.16342298686504364,0.23747187852859497,0.3281293511390686,-0.18953007459640503,-0.8802540302276611,-0.8393779993057251,-0.34584733843803406,-0.5764440894126892,0.8416538834571838
3069.805,-0.032145190984010696,0.13537104427814484,-0.9952609539031982,0.3092535436153412,0.8277209401130676,0.1995040625333786,30.530550003051758,-9.597457885742188,40.30498504638672,-0.7393872141838074,0.1849532127380371,1.3034160137176514,1.0162075757980347,0.25764524936676025,-0.1078248992562294,-0.7695726752281189,0.6694082021713257,0.46694907546043396,-2.5001940727233887,-0.04017668589949608,-1.4739782810211182,-0.15682177245616913,-0.3584434688091278,-0.011213074438273907
3080.025,0.07492074370384216,0.021063515916466713,-0.989904522895813,0.29758718609809875,-0.25638923048973083,-0.2910912036895752,29.349523544311523,-11.640275001525879,40.00290298461914,-0.0371984988451004,1.4722692966461182,-0.14609429240226746,-0.30005815625190735,-0.4245775640010834,-0.45002469420433044,-1.1883389949798584,1.152953863143921,1.7789201736450195,0.0878087505698204,0.23448926210403442,0.8438292145729065,0.4997510612010956,-0.38357070088386536,0.739429235458374
3089.938,-0.01789996400475502,0.06726264208555222,-0.9889401197433472,-0.41075998544692993,-0.23291601240634918,0.10755971819162369,31.119962692260742,-10.556258201599121,39.99207305908203,-0.38454726338386536,0.39127641916275024,0.17577622830867767,-0.13328789174556732,0.6008834838867188,0.1412121206521988,0.678147554397583,-0.6777621507644653,1.2159870862960815,-0.17662693560123444,1.0529835224151611,0.4982862174510956,-1.1547601222991943,-0.3791893720626831,0.3421271741390228
3099.994,0.013184146024286747,-0.031034186482429504,-1.0007919073104858,1.2371007204055786,0.28955286741256714,-0.12667065858840942,30.347232818603516,-10.782753944396973,38.88128662109375,0.203695610165596,1.491448163986206,2.0624380111694336,-1.5674774646759033,0.49967777729034424,-0.7008973360061646,-0.10711058229207993,-0.12249868363142014,-1.0474997758865356,-0.8320515155792236,0.4115961492061615,-1.708330512046814,1.6568360328674316,-0.720365047454834,-1.005363941192627
3109.970,0.03727962076663971,0.08433868736028671,-0.9810086488723755,-0.04065737873315811,-0.016221189871430397,0.1962282508611679,26.853147506713867,-10.74477767944336,40.49960708618164,-2.1479413509368896,1.2125744819641113,-0.708774745464325,-0.11961716413497925,-0.8696812987327576,1.3717609643936157,-1.6302227973937988,-1.634926676750183,-1.0706549882888794,-0.3090227246284485,-0.5711076855659485,1.3401740789413452,-0.512507438659668,-2.689833641052246,-0.6207002997398376
3119.981,-0.02787613496184349,-0.10702063143253326,-0.9948954582214355,0.35978856682777405,-0.6182987689971924,-0.7752863168716431,31.603967666625977,-12.718055725097656,39.99313735961914,-2.6529200077056885,-0.14448276162147522,-0.37915173172950745,0.42005863785743713,0.16630661487579346,0.04781355708837509,-0.5990279912948608,-1.2522920370101929,0.5374566912651062,0.7503515481948853,0.33188650012016296,1.0588029623031616,0.03623846918344498,-1.1454074382781982,-1.531692624092102
3130.195,-0.054196812212467194,0.07090546190738678,-0.9889726638793945,-0.3230099678039551,-0.3372640609741211,0.5684444904327393,30.862537384033203,-10.616976737976074,41.030296325683594,0.3691020905971527,-0.614337146282196,-2.2421224117279053,0.29867875576019287,-0.5516982674598694,-0.3802345097064972,0.20530280470848083,-0.8709749579429626,0.644137978553772,2.3034920692443848,-0.7994579076766968,-1.0921776294708252,-0.1849048137664795,0.45079758763313293,-0.024686725810170174
3139.779,-0.026393402367830276,-0.0007467051618732512,-1.028259038925171,0.6557714343070984,-0.34970512986183167,0.07844440639019012,30.095211029052734,-9.77932071685791,40.212284088134766,-0.18751145899295807,0.1206260621547699,-0.07761770486831665,-0.13483259081840515,0.8701760768890381,0.8158799409866333,0.5797223448753357,-0.12525400519371033,-0.33995547890663147,-0.9362735748291016,-0.30713319778442383,1.3324975967407227,-0.015727240592241287,1.0450636148452759,-0.40625885128974915
3150.264,0.01225068885833025,-0.0486687570810318,-0.9853957295417786,-0.08539698272943497,0.5665944814682007,-0.24487154185771942,28.232070922851562,-10.382819175720215,40.527374267578125,-0.22236377000808716,-0.23109373450279236,0.19764402508735657,1.4727617502212524,0.26900342106819153,0.38833093643188477,0.28594300150871277,-0.588787317276001,-0.6229013204574585,1.2758229970932007,0.22900214791297913,-0.6946796774864197,0.987686276435852,-1.4715064764022827,0.4009084701538086
3159.961,-0.034680478274822235,0.037443194538354874,-0.9923197627067566,0.23723474144935608,0.15922322869300842,-0.5323969125747681,29.06908416748047,-7.053545951843262,38.826873779296875,1.4816813468933105,-0.23541362583637238,0.5976777672767639,1.569183588027954,1.188171148300171,0.5791588425636292,1.0575908422470093,-1.8712509870529175,2.024794101715088,-1.1751720905303955,-1.9390419721603394,1.587666630744934,0.34450918436050415,0.40262165665626526,0.7670937180519104
3170.024,0.015223486348986626,-0.00420014001429081,-0.9934300780296326,-0.4005618989467621,0.2910836935043335,0.47813311219215393,29.768632888793945,-11.739572525024414,38.717041015625,0.45428717136383057,-1.1816402673721313,-0.17243605852127075,-1.8664119243621826,0.13096751272678375,-0.28641650080680847,2.038489818572998,-1.0297421216964722,0.42221203446388245,1.0072405338287354,0.4682566821575165,-0.037828851491212845,0.12376833707094193,-1.7933109998703003,-0.4298895001411438
3179.983,-0.12344735860824585,-0.03661220893263817,-1.0062744617462158,-0.07692062854766846,-0.11368415504693985,0.0655839592218399,31.11602210998535,-10.238665580749512,38.985015869140625,-0.28748470544815063,0.8371015787124634,0.1915978044271469,-0.7870445847511292,-0.21124276518821716,-0.7049943804740906,-0.26337698101997375,-0.2558211386203766,-1.3640971183776855,0.5537799596786499,-1.1736620664596558,0.5712959170341492,-1.0703272819519043,1.5237791538238525,0.9039372801780701
3189.849,0.015551028773188591,0.008465577848255634,-1.001502275466919,0.46281346678733826,0.28946369886398315,-0.13304801285266876,31.534543991088867,-10.221866607666016,40.15684509277344,0.1807105988264084,1.5335032939910889,0.10851577669382095,-0.12544338405132294,-2.059537172317505,0.7647235989570618,-1.1945972442626953,-1.1509475708007812,1.5102185010910034,0.30691593885421753,-0.3886432349681854,0.9251638054847717,-0.2536238431930542,-0.12554316222667694,0.05253142490983009
3200.063,0.024667872115969658,0.02619616501033306,-1.0252666473388672,-0.3266492486000061,0.3789682984352112,0.10453721135854721,29.6896915435791,-9.944649696350098,39.38066864013672,-0.9828343391418457,-0.5161208510398865,0.19764743745326996,1.2419506311416626,1.160516381263733,1.7781004905700684,-2.5228850841522217,1.147688865661621,-0.6800548434257507,-0.4717656970024109,0.01603941060602665,1.3230071067810059,0.637558102607727,-0.3080861270427704,0.020024336874485016
3210.168,-0.06136847659945488,-0.02380969747900963,-0.9967093467712402,-0.14551521837711334,0.6656387448310852,-0.72371506690979,30.72661781311035,-9.482993125915527,41.26430130004883,0.1293843537569046,-0.6572925448417664,-0.6792084574699402,-1.3107855319976807,-0.5676674246788025,-0.40499579906463623,-1.2635172605514526,-0.15956075489521027,-0.1649070382118225,-0.1627742052078247,-0.8832403421401978,-0.06495468318462372,-0.14427556097507477,1.014337420463562,0.295759916305542
3220.122,-0.02210356667637825,-0.01823851279914379,-1.0306270122528076,-0.2466305047273636,-0.38973790407180786,-0.7123223543167114,31.871912002563477,-8.841938972473145,40.08174514770508,-0.48285189270973206,-0.7116739153862,1.342030644416809,0.5965622067451477,-0.3347157835960388,-2.689737319946289,1.0158135890960693,0.09619450569152832,-0.44985926151275635,0.34225770831108093,0.2134299874305725,0.2296728789806366,0.26015037298202515,-0.1821415275335312,-0.4940046966075897
3230.053,0.04503312706947327,0.04920053109526634,-0.9843267202377319,0.5307043790817261,-0.5140082240104675,-1.2651814222335815,29.845727920532227,-9.574955940246582,39.626991271972656,1.975284218788147,0.5288288593292236,1.980001449584961,0.06076265498995781,0.03174455836415291,0.3907277584075928,-0.0710013210773468,1.8114640712738037,0.3902371823787689,-0.9576564431190491,0.9749966859817505,0.6093581318855286,1.572615385055542,0.6443405747413635,1.257849097251892
3240.004,-0.018891766667366028,0.03881707414984703,-1.0077838897705078,0.010614528320729733,-0.40270760655403137,-0.015079217031598091,31.567852020263672,-9.67996597290039,40.2650260925293,-0.4887261986732483,-2.4625165462493896,0.008005869574844837,1.3891724348068237,-0.58528733253479,-1.2202105522155762,-0.13244102895259857,-0.9525023698806763,0.08705706894397736,-1.1426650285720825,-0.8152379989624023,0.11159016937017441,0.5348607897758484,0.015010172501206398,0.5783153176307678
3250.211,0.05005186051130295,0.029676811769604683,-0.9959477186203003,0.34951093792915344,-0.22535249590873718,-0.4362490773200989,31.897960662841797,-10.088821411132812,39.771522521972656,0.6263593435287476,-0.8160443305969238,1.249884009361267,-0.1981504112482071,-0.5459635257720947,0.8866553902626038,1.5600841045379639,0.47023695707321167,0.22148869931697845,0.0017637560376897454,0.08430131524801254,1.2077546119689941,-1.1339747905731201,0.697041928768158,-0.3560542166233063
3260.095,0.039159879088401794,-0.08189357817173004,-1.026602864265442,0.17597895860671997,-0.6208475232124329,-0.10594688355922699,28.16938018798828,-11.328250885009766,40.57815170288086,-0.7076707482337952,1.5368009805679321,1.911425232887268,0.5111874341964722,0.6045805811882019,0.008749358355998993,-1.179846167564392,-0.006457354407757521,1.227830171585083,-1.0896433591842651,-0.6410766243934631,1.730041265487671,1.3180145025253296,-0.715491533279419,-1.0604488849639893
3269.597,-0.02940019592642784,0.008016487583518028,-0.9864498376846313,-0.0387391522526741,0.8241261839866638,-0.1889035999774933,29.759090423583984,-10.693304061889648,38.53326416015625,0.20942887663841248,-1.2576955556869507,-0.4204869568347931,0.06913627684116364,-1.2615524530410767,0.9837131500244141,0.789655327796936,1.5681123733520508,1.143563151359558,0.22663168609142303,1.5912671089172363,-0.2833936810493469,-0.5810241103172302,1.3792048692703247,-0.582955002784729
3280.016,0.03581571206450462,0.014615225605666637,-0.9753969311714172,-0.3763275146484375,0.061172883957624435,0.5225300788879395,29.108993530273438,-10.052765846252441,41.584110260009766,-0.6657246947288513,0.7914182543754578,-0.3172367513179779,-0.01878279447555542,-1.2281934022903442,-1.0908946990966797,-0.4281555414199829,-1.235097050666809,1.5455669164657593,1.4046080112457275,-1.33762526512146,0.009843411855399609,-1.3853449821472168,0.8403720855712891,0.8353375792503357
3289.883,-0.02057494968175888,0.028285391628742218,-0.9798046350479126,-0.17831197381019592,-0.2717147171497345,-0.5356030464172363,31.090991973876953,-10.937748908996582,39.63142776489258,-0.901517391204834,-0.5738564133644104,-0.5972841382026672,0.2706058919429779,-0.8717594146728516,-1.3976469039916992,0.3924785554409027,0.2896691858768463,-0.254320353269577,-0.17816860973834991,-1.0679917335510254,1.1014419794082642,0.34037163853645325,2.096989631652832,-0.7605087757110596
3299.961,0.058927010744810104,-0.03393770009279251,-0.98426753282547,-0.34229618310928345,0.7953327298164368,0.09845729917287827,30.043933868408203,-11.622431755065918,38.176353454589844,0.6114597916603088,-1.0199604034423828,1.1201273202896118,-0.7550821900367737,-1.1656745672225952,-1.1578007936477661,-1.8381329774856567,-0.9779161214828491,1.1703578233718872,1.1352618932724,-0.176865354180336,0.3084086775779724,-0.31677547097206116,1.2968758344650269,0.27018630504608154
3309.879,-0.04628928005695343,0.06703827530145645,-1.0194091796875,-0.3307223320007324,-0.5448225736618042,-0.2757032513618469,30.447702407836914,-11.176851272583008,39.31850051879883,-1.2388572692871094,-0.17510689795017242,0.7052747011184692,0.4730667769908905,-0.7715645432472229,-1.4007973670959473,-1.4495151042938232,-0.937199056148529,0.9606507420539856,0.21916639804840088,-1.0256587266921997,-0.4336731433868408,0.5343480706214905,1.2331596612930298,0.2558189034461975
3319.801,-0.02872861735522747,-0.0014470831956714392,-0.997096598148346,0.3950946033000946,-0.5391190648078918,0.21512018144130707,28.857328414916992,-9.34022045135498,41.626224517822266,0.10432836413383484,-1.1000977754592896,0.05846660956740379,-1.5325605869293213,-1.5141139030456543,-0.5259726643562317,-0.39318597316741943,2.449535846710205,0.390307754278183,-1.0293941497802734,0.5872353911399841,-0.4034235179424286,0.344408243894577,0.3914946913719177,-0.9460681676864624
3329.711,-0.04727669060230255,0.023490209132432938,-1.005438208580017,0.20150414109230042,-0.3965730667114258,-0.4043867588043213,30.906517028808594,-10.19153118133545,39.7873420715332,0.019578009843826294,1.2979438304901123,-0.9991441965103149,-0.8442948460578918,-0.6240845918655396,-0.17074717581272125,0.3474985957145691,-1.1375939846038818,-0.13958501815795898,0.9396156072616577,0.519576907157898,-1.5991098880767822,-1.7971718311309814,-0.7864792346954346,-0.27332332730293274
3340.131,-0.002832503989338875,0.02145601063966751,-1.0107603073120117,0.016865234822034836,0.4821661710739136,-0.01928156428039074,29.1198787689209,-10.606054306030273,39.1683235168457,-0.49865204095840454,0.21264393627643585,-1.197709083557129,-1.3606764078140259,0.2979517877101898,-0.504737377166748,0.6229151487350464,0.31562742590904236,2.452106475830078,0.8114258646965027,-1.1503938436508179,-0.03462854400277138,-0.45456403493881226,0.46127453446388245,-0.013648459687829018
3349.954,0.01692860573530197,0.02557501569390297,-0.9927233457565308,0.28787413239479065,0.17374259233474731,-0.5185692310333252,31.19408416748047,-10.698742866516113,39.00792694091797,0.8628895878791809,-1.5554648637771606,-0.4131534695625305,1.643080711364746,-0.9705585837364197,0.5080282092094421,-0.4136146903038025,-0.9120055437088013,0.123219333589077,-0.36097660660743713,-0.45384153723716736,-0.9426286220550537,-1.557875633239746,-1.2488094568252563,1.2670270204544067
3360.292,-0.0105851786211133,0.006410575937479734,-1.0307977199554443,-0.3182962238788605,0.039968498051166534,-0.5758230686187744,29.9106388092041,-9.53266716003418,40.135406494140625,-0.29976949095726013,0.06767626851797104,0.35761067271232605,0.19408473372459412,-0.7321538925170898,-0.43393877148628235,1.1339055299758911,0.06911295652389526,-1.2733961343765259,-0.3442847430706024,-0.8094351887702942,-0.4671718180179596,0.39380571246147156,0.01571846380829811,0.5094795823097229
3370.111,0.017611730843782425,-0.04242003336548805,-1.013680100440979,0.023428425192832947,-0.6843185424804688,-0.8197534084320068,28.10088539123535,-8.945439338684082,41.29039001464844,-1.2894388437271118,0.9196986556053162,0.21822534501552582,-1.597216248512268,0.49772772192955017,-0.694559633731842,-0.2621680498123169,-1.356748104095459,-1.4439594745635986,2.70725417137146,0.33295169472694397,1.130109190940857,2.0681116580963135,1.2157548666000366,0.7378056645393372
3379.992,-0.01795804873108864,-0.023689361289143562,-0.9541378617286682,-0.06217595189809799,-0.014576244167983532,-0.08654660731554031,29.53209114074707,-11.44388484954834,39.9370002746582,-0.42028459906578064,-0.15960824489593506,1.4012700319290161,0.7527979016304016,-0.24482370913028717,-0.0030301527585834265,-0.7770825028419495,0.07745639234781265,0.8178397417068481,-1.2180509567260742,-0.9354516863822937,0.9657303094863892,0.11217940598726273,-1.03096604347229,-0.28660649061203003
3390.047,-0.011463645845651627,-0.014655345119535923,-0.9847730994224548,0.3856246769428253,-0.6367209553718567,-0.17040812969207764,28.66058921813965,-10.319106101989746,40.82173538208008,-0.9768146276473999,-0.40448102355003357,0.20671065151691437,0.6303781270980835,0.09016066789627075,0.7352948784828186,0.6598253846168518,0.9920514225959778,0.7765788435935974,1.2911272048950195,-1.6131319999694824,0.16443495452404022,-1.1114766597747803,-0.5842693448066711,0.12198981642723083
3399.892,-0.05677418410778046,-0.009397092275321484,-0.9906260967254639,-0.42214274406433105,-0.8699518442153931,-0.5299353003501892,30.27400779724121,-10.712457656860352,39.206153869628906,-0.7455986142158508,0.2939915060997009,-0.7820256948471069,-0.2455618530511856,0.3576427400112152,1.1380890607833862,1.2110930681228638,2.6817305088043213,0.08560929447412491,-0.56557697057724,0.3505266606807709,0.9519264101982117,0.3117406368255615,1.475064992904663,0.40271830558776855
3409.875,-0.004400140605866909,-0.01953083649277687,-1.0096975564956665,0.9524091482162476,-0.22538168728351593,-0.47687891125679016,29.7661075592041,-10.553841590881348,41.868717193603516,-1.0661219358444214,-0.4590866267681122,-0.16665326058864594,-0.635896623134613,-0.7690442204475403,0.24605019390583038,2.181739330291748,1.2455966472625732,-2.3604562282562256,0.9731852412223816,0.8485217094421387,-1.9165902137756348,1.4547306299209595,1.1187481880187988,1.107888102531433
3419.741,-0.04807951673865318,-0.0006624084198847413,-0.9852898120880127,0.43367984890937805,0.4532058835029602,-0.1817888617515564,28.674793243408203,-10.093427658081055,40.720970153808594,-1.2798773050308228,-0.8642129302024841,0.07314974814653397,1.780885100364685,0.9316571354866028,-0.3734017610549927,-0.8878267407417297,-1.150542140007019,-0.06923043727874756,0.25702908635139465,-0.19669102132320404,-0.1199880838394165,0.8638425469398499,0.25318828225135803,0.13973627984523773
3429.976,-0.044493138790130615,-0.07835947722196579,-1.0035061836242676,-0.037980832159519196,-0.40894150733947754,-0.0015511547680944204,31.04543685913086,-11.161978721618652,40.634521484375,0.29515233635902405,-0.39402222633361816,-0.3930363059043884,0.7720146179199219,-1.0834074020385742,-1.1973580121994019,-0.6991394758224487,1.0448012351989746,-1.0113102197647095,0.6881799697875977,-0.8042058944702148,1.0096826553344727,0.29510241746902466,0.41460108757019043,-1.2181934118270874
3439.758,-0.027943255379796028,-0.0026510274037718773,-1.0249526500701904,0.4870132505893707,0.16855013370513916,-0.6753066182136536,31.23688507080078,-9.209894180297852,39.739540100097656,0.638130784034729,0.2727215886116028,-1.0035661458969116,-0.932283341884613,-0.8831959962844849,-0.19155946373939514,-0.4606517255306244,-0.8484033942222595,-0.1640883982181549,0.8666718006134033,-1.4056326150894165,-1.0441769361495972,1.6165790557861328,0.6906333565711975,-0.8575279116630554
3449.995,-0.03545483201742172,0.0941721498966217,-1.0056649446487427,-0.04351228103041649,0.3339768648147583,-0.08643122017383575,29.019561767578125,-10.347947120666504,39.470951080322266,-1.4251456260681152,-0.25005337595939636,0.3232475221157074,-0.42271316051483154,-1.231789469718933,-0.0946224108338356,-0.3119547367095947,-1.1693518161773682,2.145308256149292,0.3326510190963745,1.2353774309158325,0.7032667398452759,-0.3505718410015106,0.6764345169067383,-1.3674085140228271
3459.962,0.09055864810943604,-0.07081792503595352,-1.0187644958496094,-0.8637596964836121,-0.37436583638191223,0.530102550983429,30.321693420410156,-9.516908645629883,39.32844161987305,0.7155174016952515,-1.5889443159103394,-1.988033652305603,-1.0015088319778442,0.17076754570007324,-0.6763756275177002,-2.32108211517334,-0.0984615907073021,0.168585866689682,1.5228906869888306,-0.30578967928886414,0.7163021564483643,-0.11389752477407455,0.4130694270133972,-0.5570076107978821
3469.913,-0.007149056065827608,-0.02598019689321518,-0.97646564245224,0.2182311713695526,-0.24080504477024078,-0.1276559680700302,29.25200843811035,-9.541252136230469,39.86709976196289,-1.0398342609405518,-1.969061255455017,-0.5327942371368408,-0.2397197037935257,2.3073606491088867,1.2972686290740967,-0.08735452592372894,0.22775687277317047,0.6242781281471252,0.210794135928154,-0.16868169605731964,-0.1319892555475235,-0.9839471578598022,1.1051841974258423,1.3956044912338257
3479.869,0.019704299047589302,-0.019462423399090767,-1.0307371616363525,0.011403233744204044,0.2481505572795868,-0.19909507036209106,31.17678451538086,-7.719831466674805,41.477970123291016,0.45472827553749084,1.6081660985946655,-0.670491635799408,-0.07765105366706848,-0.9146568179130554,0.8524502515792847,0.19622714817523956,-0.34604746103286743,0.17635983228683472,-1.867252230644226,-0.7980068325996399,0.797214150428772,1.964668869972229,-0.7281892895698547,0.017168711870908737
3489.962,0.0030025832820683718,-0.06639605015516281,-1.025667667388916,-0.0934944599866867,-0.5754693746566772,0.7519704699516296,28.68889808654785,-11.007078170776367,40.19818115234375,0.024405859410762787,0.21580690145492554,-0.24436385929584503,0.9960357546806335,-0.23039549589157104,-1.327646017074585,-1.1487828493118286,0.2660110294818878,-0.5242885947227478,0.12804387509822845,0.11268850415945053,0.1710614413022995,1.5559673309326172,1.004036545753479,3.7635273933410645
3499.976,-0.030620360746979713,-0.012498927302658558,-1.0388315916061401,0.557925283908844,-0.002346135675907135,0.11533185839653015,29.706844329833984,-10.733829498291016,40.243316650390625,1.1073211431503296,-0.26103687286376953,1.894788384437561,0.6747138500213623,-0.828118622303009,-0.8855342864990234,-0.5734615325927734,0.3239617645740509,1.9077787399291992,-0.16933979094028473,-0.6046931743621826,-0.36166974902153015,0.3454301953315735,0.5721760392189026,-0.7185313701629639
3509.930,0.0027331742458045483,-0.02699190005660057,-1.018847942352295,0.16068048775196075,1.3117197751998901,0.2831021845340729,29.08902359008789,-10.336477279663086,38.082069396972656,-2.2468626499176025,1.2469370365142822,1.134177565574646,-0.24260538816452026,-1.6449337005615234,-2.160977840423584,-0.6546115279197693,-0.2832730710506439,-0.35564035177230835,-0.38521596789360046,1.1048340797424316,1.8516550064086914,-0.06821618229150772,0.9730821251869202,-1.8049545288085938
3520.074,-0.05872022733092308,0.014272858388721943,-1.0231702327728271,0.12225319445133209,0.8832681775093079,-0.1631411463022232,28.99502182006836,-9.508103370666504,41.49355697631836,-0.16015300154685974,1.2850290536880493,0.06365072727203369,-0.3756563067436218,0.32693755626678467,0.24314270913600922,0.6780241131782532,-1.3800048828125,-0.6816292405128479,-0.27839046716690063,0.07186037302017212,0.7907922863960266,-0.01969323307275772,2.0925872325897217,0.49009445309638977
3530.047,0.03583668917417526,-0.004106626380234957,-0.9974894523620605,-0.656326174736023,0.20419266819953918,-0.34746554493904114,30.509370803833008,-10.238184928894043,38.75688552856445,-1.7413796186447144,-0.8934277296066284,1.6979289054870605,-1.2508344650268555,-0.18937021493911743,1.747829794883728,0.4597155451774597,-0.04869085177779198,-2.2665507793426514,0.011959115043282509,-0.724396288394928,-0.39288222789764404,-2.3173539638519287,1.205032467842102,0.16685539484024048
3539.895,0.03093051165342331,0.0156282689422369,-0.9632613658905029,-0.3673384487628937,-0.4687795341014862,-0.09245379269123077,30.163719177246094,-10.091900825500488,39.56919479370117,-1.7244837284088135,-0.6329563856124878,0.9980095028877258,0.568792462348938,0.11585301905870438,0.6227511167526245,-0.7698453664779663,-0.6242249608039856,-0.19641241431236267,0.32422491908073425,-0.7173725962638855,0.05702798441052437,-0.29307231307029724,0.788309633731842,-0.05304964631795883
3549.944,0.03750590980052948,0.04615085944533348,-0.9951720237731934,-0.9619971513748169,-0.35759595036506653,0.25637802481651306,31.674976348876953,-8.724220275878906,40.305397033691406,-1.6837173700332642,1.7952593564987183,0.24220573902130127,-0.7663885354995728,-0.5803830027580261,-0.18895207345485687,0.04338899999856949,0.35235702991485596,0.503217875957489,-0.3234778940677643,-0.0007207198068499565,0.34872686862945557,-0.1960620880126953,-0.6898738145828247,1.640392780303955
3559.891,0.12375945597887039,-0.025817763060331345,-1.00757896900177,-0.5038312077522278,-0.21173425018787384,1.1179568767547607,30.63538360595703,-11.007105827331543,40.37691116333008,-0.5537462830543518,1.0163065195083618,0.7470992207527161,0.7767941951751709,-0.1310156285762787,-1.3613101243972778,2.507215976715088,0.9965159296989441,2.5796337127685547,-0.3124483525753021,-1.5311049222946167,1.8588322401046753,-0.449665904045105,-1.6624181270599365,-1.3806424140930176
3570.057,-0.04898069053888321,0.026740368455648422,-0.9984519481658936,0.4747207760810852,0.6096585392951965,-0.5032127499580383,30.375307083129883,-9.28870677947998,40.576881408691406,-0.9163090586662292,1.5437272787094116,0.9232984781265259,0.8787745237350464,1.237220287322998,-1.4935059547424316,0.925787091255188,-1.151157021522522,-0.3614952266216278,0.8229422569274902,-1.2110637426376343,-1.4184985160827637,0.4305233359336853,1.1310956478118896,1.0396909713745117
3580.077,0.0413656011223793,0.12622101604938507,-1.007656455039978,0.017145922407507896,-0.21855783462524414,0.8821284174919128,29.546358108520508,-9.734101295471191,39.97758865356445,0.9028026461601257,-0.25303635001182556,-0.13703152537345886,-0.3971876800060272,-0.032032012939453125,-0.54624342918396,-0.6686404347419739,-2.4087421894073486,0.41164642572402954,2.1008052825927734,-1.8812191486358643,0.41528645157814026,-0.9340334534645081,-0.3709261119365692,-0.9872374534606934
3590.217,0.034473955631256104,-0.11349979043006897,-0.9393911361694336,-0.6426807641983032,-0.16637136042118073,-0.4290517568588257,30.120925903320312,-9.337908744812012,38.4903678894043,1.4534558057785034,1.5073351860046387,-1.2824612855911255,0.12703417241573334,0.838714063167572,-0.4471181035041809,0.9970149993896484,-0.6848384141921997,1.0002706050872803,1.5713034868240356,-1.1145259141921997,1.133209228515625,-0.3388591706752777,0.22053222358226776,0.5107809901237488
3600.108,-0.02858392708003521,0.0785956084728241,-0.9929780960083008,0.21667703986167908,-0.013234693557024002,0.7577723860740662,29.09556007385254,-8.589095115661621,38.55509948730469,0.32392093539237976,-1.8553396463394165,0.06687445938587189,-2.5906851291656494,-1.015649676322937,-1.5444786548614502,0.1420099139213562,-0.05608741566538811,2.0278570652008057,-1.1812959909439087,-0.22696661949157715,0.9507269263267517,0.06286083906888962,0.6896593570709229,-1.0053465366363525
3610.143,-0.03161157667636871,-0.012819587253034115,-0.975048840045929,0.29821842908859253,-0.5923547744750977,-0.6085362434387207,30.890974044799805,-10.259801864624023,40.08821105957031,0.010769096203148365,1.157887578010559,0.6578401923179626,-1.0498454570770264,1.1428653001785278,0.6695776581764221,2.56050968170166,1.1732555627822876,-0.764082670211792,-0.05357314646244049,1.347583293914795,1.428926706314087,-2.010305643081665,-2.0030510425567627,0.2576482892036438
3619.929,0.015233789570629597,-0.013643203303217888,-0.9789069890975952,0.1259680986404419,-0.7203062772750854,0.03558916598558426,31.106042861938477,-9.647782325744629,40.409095764160156,0.779273509979248,-0.14513245224952698,0.7710136771202087,-1.0099343061447144,1.313956379890442,0.7773974537849426,1.3676426410675049,-1.1644366979599,0.592386782169342,0.07956033945083618,0.4592803418636322,1.1404343843460083,-0.9723266363143921,0.6674284934997559,-0.9383079409599304
3629.942,-0.07506507635116577,0.03722158074378967,-0.9851392507553101,0.43123286962509155,-0.2873251736164093,0.18208947777748108,28.431072235107422,-10.02207088470459,39.69692611694336,1.4277756214141846,-0.0026026349514722824,-1.328232765197754,0.3257834017276764,-0.599518358707428,-0.829909086227417,1.509822964668274,-1.0388965606689453,0.12911869585514069,-0.8534669876098633,-0.011798981577157974,-1.0513217449188232,0.7590675950050354,-0.12186679989099503,0.4009791910648346
3640.020,-0.031770143657922745,-0.09696097671985626,-1.0116199254989624,0.9373801350593567,-0.2366000860929489,0.9325198531150818,30.186708450317383,-8.826303482055664,40.9642333984375,0.1260051429271698,-1.7438855171203613,-2.493027925491333,-0.46192458271980286,-2.963388681411743,1.0491445064544678,1.2695978879928589,-1.840927004814148,1.0042883157730103,-0.675669252872467,-0.47428882122039795,1.383846640586853,-1.8026782274246216,0.6260381937026978,-0.18432395160198212
3650.182,0.050454508513212204,0.02241530455648899,-1.022581934928894,0.18539658188819885,0.34473860263824463,-0.4377310574054718,29.195615768432617,-10.574195861816406,38.86336898803711,-0.6735146641731262,0.3552986681461334,-0.03756783902645111,0.25103840231895447,-1.1525441408157349,-0.16088798642158508,1.3769497871398926,-0.6756892800331116,1.0961264371871948,-1.7283365726470947,-0.46085959672927856,-0.018076684325933456,-0.6953683495521545,0.0070061758160591125,0.018231773748993874
3660.119,0.005573981441557407,-0.0342855229973793,-1.0211371183395386,-0.12597325444221497,-1.005900263786316,-0.0982975885272026,28.60601806640625,-10.932642936706543,39.09339904785156,0.09598572552204132,-0.0345020666718483,-0.3831042945384979,-1.0384389162063599,-0.28891751170158386,-0.8376253247261047,-0.18297699093818665,-1.4417803287506104,-1.7645621299743652,0.23977571725845337,0.0576961524784565,1.3386422395706177,0.8350589275360107,0.2710568308830261,-1.0306038856506348
3670.396,0.02892613224685192,0.0825250893831253,-1.012670874595642,-0.4457749128341675,1.0064095258712769,-0.651960015296936,31.868160247802734,-11.52851676940918,40.53498077392578,2.1751327514648438,1.3954203128814697,-0.18176043033599854,1.0427618026733398,-0.1782093495130539,-0.36824777722358704,0.7988997101783752,-0.01681729033589363,0.2118118852376938,-0.741534411907196,0.07649973779916763,-0.5999581813812256,-2.182494878768921,-0.38321584463119507,0.10413464158773422
3679.999,-0.029102010652422905,0.021883800625801086,-0.9887493252754211,0.4178754687309265,-0.0610135979950428,0.3953632712364197,31.049734115600586,-8.373261451721191,39.86912536621094,-0.31625881791114807,0.6291606426239014,0.6579535007476807,-0.9977797865867615,-0.18865655362606049,1.4685724973678589,0.8776006102561951,1.0144364833831787,0.1279505342245102,-0.9362775683403015,0.9244999885559082,0.4174302816390991,0.33503425121307373,-0.6815636157989502,0.9010892510414124
3689.771,0.02140064910054207,-0.040765002369880676,-0.9876054525375366,0.23987576365470886,-0.2922179400920868,-0.3079029321670532,28.77181625366211,-8.62568473815918,40.32716751098633,0.5739354491233826,0.5773637294769287,1.0519217252731323,-0.13514262437820435,1.176906704902649,0.5526520609855652,0.6725232601165771,-2.578606128692627,-2.0838873386383057,1.8296587467193604,0.912291944026947,1.4277563095092773,-3.0570812225341797,-0.23105978965759277,-0.31708407402038574
3700.061,-0.005850094836205244,0.0012298168148845434,-0.9913187623023987,-0.1225179061293602,-0.5005297064781189,-0.014382139779627323,29.68592643737793,-9.039230346679688,39.552249908447266,0.5062130689620972,1.587833046913147,1.950982689857483,-0.6686524748802185,0.5920233726501465,-1.0750788450241089,-1.356638789176941,-1.018509864807129,-1.4389890432357788,0.20283196866512299,1.1131659746170044,0.26614272594451904,1.1484779119491577,1.038772463798523,-0.2113751322031021
3710.049,0.018842075020074844,0.029153957962989807,-0.9331185221672058,0.1539112627506256,-0.33079537749290466,0.21156427264213562,30.804189682006836,-9.896942138671875,39.19211959838867,-0.8951237797737122,0.227013498544693,1.254086971282959,1.167689561843872,-0.3045260012149811,-0.5486921668052673,-1.2039858102798462,0.7902693152427673,-0.38143816590309143,-1.0367528200149536,-0.9912815690040588,-1.546816110610962,-0.18890170753002167,-0.19359557330608368,0.34088996052742004
3720.172,0.04915330186486244,-0.026417726650834084,-0.9716252684593201,0.6340075731277466,0.05235927551984787,-0.11253110319375992,30.271366119384766,-11.09306812286377,38.98998260498047,-0.14427714049816132,0.930399477481842,-0.9141047596931458,-0.20532724261283875,-0.6242733597755432,-0.153544619679451,0.24722816050052643,0.6947214603424072,-0.18013924360275269,0.7167984247207642,0.11175351589918137,1.490314245223999,0.5455015301704407,-0.1499144732952118,-0.367182195186615
3729.836,0.03673476725816727,-0.0032639778219163418,-1.0226860046386719,-0.2720966339111328,-0.40316492319107056,0.24095255136489868,29.176189422607422,-9.463031768798828,40.63307571411133,2.755817174911499,-0.850732147693634,0.03597521781921387,-1.7227545976638794,-0.5090668797492981,0.5897025465965271,1.319452166557312,1.8572136163711548,-0.14681796729564667,-1.9031435251235962,-0.03476523980498314,-1.1928921937942505,0.1994655728340149,-0.6688447594642639,-0.21359017491340637
3739.879,-0.052155036479234695,0.04800724238157272,-1.0286595821380615,0.05229834094643593,0.18831685185432434,0.37155407667160034,30.59649658203125,-10.531123161315918,41.53591537475586,0.06557615846395493,0.03480692207813263,-0.26868101954460144,1.4692606925964355,0.7846484184265137,-0.8348369002342224,0.7139077186584473,-1.708046555519104,0.6922667622566223,1.7210936546325684,0.4645424485206604,-0.19838258624076843,1.332572340965271,-1.689556360244751,-0.254774808883667
3749.814,-0.04576641693711281,-0.01100422628223896,-0.978981077671051,0.41586512327194214,0.3762979507446289,0.3515487015247345,31.997854232788086,-8.751897811889648,39.997894287109375,3.299487352371216,-1.250652551651001,0.1896992027759552,0.21708355844020844,0.6225743889808655,2.3736085891723633,0.7859126329421997,-2.027240514755249,0.3966597318649292,0.07432576268911362,0.09372900426387787,0.7076778411865234,1.7983458042144775,-1.4415792226791382,0.3701738119125366
3760.135,0.004462769255042076,0.024826442822813988,-0.9417826533317566,0.2424755096435547,-0.4695495367050171,-0.47225138545036316,30.713876724243164,-10.289813995361328,39.66302490234375,0.48349571228027344,0.32544925808906555,-0.08072178810834885,-0.4532540738582611,-0.9245968461036682,1.0241289138793945,0.550875723361969,0.5970848202705383,-0.14959721267223358,0.24310992658138275,1.3833155632019043,0.8912442326545715,0.5318495631217957,1.8673107624053955,1.3624608516693115
3770.040,0.01067943125963211,-0.029019664973020554,-1.0335497856140137,-0.6525049209594727,0.5158002972602844,-0.7539094090461731,29.59984016418457,-9.563525199890137,39.17504119873047,-0.01801580749452114,-0.29352688789367676,0.6483779549598694,0.06248379126191139,-0.4261735677719116,-0.6254576444625854,-0.6078746318817139,-0.5047757029533386,-0.1894243359565735,-0.874823808670044,1.4466294050216675,0.5087082982063293,-0.14103855192661285,-0.4830261468887329,0.0002606042835395783
3780.132,-0.015306713059544563,0.02737310156226158,-0.9705081582069397,-0.36051109433174133,0.21345415711402893,-0.05100904405117035,28.289335250854492,-9.8562650680542,40.317626953125,-1.208545446395874,2.339482545852661,0.1269300878047943,-2.5052897930145264,-1.9614198207855225,1.5113691091537476,0.26181134581565857,1.6789419651031494,-0.5096214413642883,-0.5287551879882812,-0.5373435616493225,0.13156835734844208,-0.4164345860481262,0.27569594979286194,-0.14829549193382263
3789.831,-0.011045156978070736,-0.004417233634740114,-0.9848858118057251,0.45883944630622864,0.048499397933483124,-0.39679446816444397,32.57392501831055,-11.006760597229004,39.7373046875,0.06680354475975037,-0.20885631442070007,0.7458885312080383,-0.654450535774231,0.5649524331092834,1.0159623622894287,-0.09519237279891968,-2.8444936275482178,0.820094108581543,-0.3092823028564453,-0.4637829065322876,-0.1794046014547348,-0.048002827912569046,-0.6707602739334106,-0.2839061915874481
3799.911,-0.06109660491347313,0.027135124430060387,-0.9811839461326599,-0.14099273085594177,-0.21704603731632233,-0.040804434567689896,28.651391983032227,-10.599297523498535,40.02103805541992,0.5255764722824097,-0.8138416409492493,-0.7785936594009399,1.7826237678527832,1.068716287612915,-1.0032620429992676,-0.8787092566490173,-0.2814650535583496,0.18527044355869293,-0.6093577146530151,-0.9290058612823486,-0.8100854158401489,0.8695700168609619,0.528292715549469,1.3665757179260254
3810.032,-0.017195122316479683,0.036670535802841187,-1.009796380996704,0.273128479719162,-0.13697117567062378,-0.3741494119167328,28.374788284301758,-11.018092155456543,39.337158203125,1.4770817756652832,-1.7721303701400757,0.4771244525909424,0.30056232213974,-0.5057532787322998,-1.40882408618927,-0.9196248054504395,-1.3505187034606934,-1.077566385269165,0.3883306086063385,0.7058014273643494,-0.2141168862581253,-0.12092597037553787,-1.2129284143447876,1.0158404111862183
3819.521,-0.08048909157514572,0.031913723796606064,-0.9766466021537781,0.43603748083114624,-0.020949818193912506,1.0477935075759888,30.422243118286133,-9.60158920288086,40.831050872802734,-0.0780366063117981,-0.5127078294754028,-0.2314724326133728,0.2173936367034912,0.9573811888694763,1.213897705078125,0.1606217473745346,0.695112943649292,-0.8513331413269043,1.2226974964141846,0.952303409576416,2.0918447971343994,-0.1539784073829651,0.23245836794376373,-2.4420409202575684
3829.793,-0.00967517402023077,0.03327419236302376,-1.0083212852478027,-0.02667897567152977,-0.16452354192733765,-0.6776915192604065,29.593652725219727,-8.442166328430176,40.035118103027344,0.6162595748901367,-1.3370403051376343,0.2553867995738983,1.8423335552215576,1.2236732244491577,-0.8017385005950928,2.033480405807495,0.25438323616981506,-0.11899451911449432,2.2332983016967773,-0.5378017425537109,-1.2252742052078247,-1.1653966903686523,2.132004976272583,-1.6474848985671997
3840.172,0.07383566349744797,-0.03721613436937332,-1.0264461040496826,-1.0110535621643066,-0.0981481596827507,0.18297754228115082,29.902626037597656,-9.681344985961914,38.838951110839844,-0.8022850155830383,-0.7585869431495667,-0.29973262548446655,1.8704023361206055,-0.7304900884628296,-1.0781689882278442,-0.882330060005188,-0.620419979095459,0.5628880858421326,0.010631613433361053,-0.4043567478656769,-0.8030474781990051,-0.5852683186531067,1.1586207151412964,-0.18000128865242004
3850.112,-0.008940700441598892,0.08287879824638367,-1.0141189098358154,-0.1478324681520462,1.2341570854187012,-0.47492435574531555,28.541933059692383,-9.933916091918945,40.87089157104492,-0.4709579646587372,0.9672502875328064,-0.1489509642124176,-0.08441320061683655,-0.9513655304908752,-1.4580808877944946,1.4226799011230469,0.17455045878887177,0.17441731691360474,-1.057407259941101,-1.5144994258880615,1.0729390382766724,-0.49929457902908325,0.15380479395389557,-1.4774186611175537
3860.136,0.00782058760523796,-0.005262657068669796,-1.0131816864013672,-0.01254983525723219,0.1460503786802292,0.6734524965286255,29.39423179626465,-10.854249000549316,40.031394958496094,0.5116813778877258,-0.8255746364593506,-0.6046144962310791,0.9896341562271118,1.2470216751098633,0.6108061671257019,-0.3417780101299286,1.7750710248947144,-0.9681372046470642,-1.3644753694534302,0.09444434195756912,0.5794094800949097,-1.3882068395614624,-1.1242402791976929,1.004783034324646
3870.082,0.05941919982433319,0.012206363491714,-1.0432133674621582,0.34397125244140625,0.4894181489944458,-0.0805940255522728,32.58226013183594,-9.121112823486328,40.18016052246094,-0.997513473033905,-1.1818486452102661,-1.8245784044265747,1.4933627843856812,-1.351455807685852,1.2303978204727173,0.21188108623027802,-0.8002652525901794,-1.2783221006393433,2.3059353828430176,-1.4675649404525757,-0.8791080713272095,-0.012383037246763706,-0.9267469048500061,-0.07446739077568054
3880.155,-0.06665777415037155,-0.00859468150883913,-0.996761679649353,0.7099270224571228,-0.04045357555150986,0.744462788105011,29.43756866455078,-9.608145713806152,39.2547607421875,0.26912325620651245,-1.4534941911697388,-1.8464289903640747,3.3593626022338867,0.1984563171863556,-0.5633248686790466,0.3428279161453247,-0.21847781538963318,0.993656575679779,0.08394976705312729,-0.03358925133943558,0.5860962271690369,1.698029637336731,-0.8023535013198853,-0.01004970632493496
3889.685,0.031245719641447067,0.02633850648999214,-0.974378228187561,0.029773948714137077,0.3542942702770233,-0.21654528379440308,30.81586456298828,-11.197234153747559,39.088016510009766,-1.0656667947769165,0.49024635553359985,0.032125331461429596,0.6479488611221313,2.821427583694458,1.4875187873840332,-0.3808370530605316,0.8828516006469727,-0.028190642595291138,0.3656439185142517,0.7982907295227051,-0.7463427186012268,0.8188052177429199,-0.006922117434442043,-0.6770496368408203
3900.039,-0.030727554112672806,0.0032499355729669333,-1.0097718238830566,0.35771211981773376,0.022322306409478188,0.1380511075258255,30.66545295715332,-9.112577438354492,39.73491668701172,-0.06858731061220169,-0.37451162934303284,0.441813200712204,-0.7664737701416016,-0.010175352916121483,0.27882134914398193,1.0728535652160645,2.4205870628356934,0.22414541244506836,-0.9027923345565796,-0.16602277755737305,0.03606623038649559,-0.8375819325447083,0.018941454589366913,1.8170326948165894
3910.200,0.06376524269580841,0.05152929946780205,-0.9912727475166321,-0.32100921869277954,-1.2161524295806885,0.011097952723503113,30.9246768951416,-8.872337341308594,40.664608001708984,-1.1032052040100098,0.8321086764335632,0.2865275740623474,-1.327715277671814,0.01918044127523899,1.0671417713165283,-1.8078848123550415,1.098036766052246,-0.8238717913627625,1.826659083366394,1.3817986249923706,-0.6296884417533875,0.017711039632558823,0.6142652630805969,0.9159359931945801
3920.068,-0.07393308728933334,-0.02049427479505539,-1.0193698406219482,0.4875123202800751,0.18011844158172607,-1.2826088666915894,28.632671356201172,-9.710306167602539,41.250038146972656,0.03376755118370056,1.449765682220459,0.019357619807124138,-0.7741751074790955,-0.6554464101791382,0.4594096839427948,0.2711542844772339,0.41605502367019653,2.7731432914733887,-0.4751381278038025,-1.176931381225586,-0.8872768878936768,-0.15906521677970886,0.34662559628486633,-1.6817313432693481
3930.035,0.05736805126070976,-0.00737218651920557,-1.0039067268371582,-0.31862834095954895,-0.025952965021133423,-0.4800082743167877,28.983123779296875,-10.774959564208984,40.77403259277344,1.4690173864364624,-1.0358459949493408,0.599192202091217,-0.5927543640136719,0.25858762860298157,0.11157605797052383,0.6752228140830994,2.039896011352539,-0.23679086565971375,0.8444417119026184,0.5641440153121948,0.3346782326698303,1.1837810277938843,-0.6954299211502075,-1.30531644821167
3940.108,-0.013368281535804272,-0.05339589715003967,-0.9850689172744751,0.15503761172294617,-0.01419390644878149,0.6497408151626587,29.635770797729492,-10.157465934753418,39.3195915222168,2.091543674468994,-1.6928433179855347,-0.46966317296028137,-0.9108045697212219,-0.06243792176246643,1.9645057916641235,-0.08459581434726715,-1.0098867416381836,-0.12349917739629745,0.2592141628265381,0.8720331192016602,-1.6564139127731323,-1.2915068864822388,0.5827060341835022,-0.7486931681632996
3949.846,0.08293765783309937,-0.054945968091487885,-1.030190348625183,0.3907889723777771,-0.9443762302398682,-0.23127412796020508,29.880651473999023,-9.109527587890625,39.635963439941406,-0.5210774540901184,-0.19901317358016968,-0.05932607129216194,0.3953793942928314,-1.6529850959777832,0.47377869486808777,0.42358478903770447,0.5194016695022583,0.38984277844429016,1.5171939134597778,-2.522732734680176,-0.39220601320266724,0.6269781589508057,0.39144086837768555,-1.0500580072402954
3959.854,-0.004892215598374605,-0.06026998162269592,-0.9795396327972412,0.05854865908622742,-0.26785650849342346,0.7613703012466431,29.31581687927246,-9.14006233215332,39.558433532714844,-1.361567735671997,-0.8788624405860901,0.4854194223880768,0.381441593170166,0.07208362966775894,-0.7806088328361511,0.7510685920715332,-0.7189285755157471,-0.7270137071609497,1.1410735845565796,1.275803565979004,1.7243642807006836,-0.38260510563850403,0.010322543792426586,-0.7143823504447937
3970.187,-0.04347861185669899,0.03658575564622879,-1.0030971765518188,0.8318769335746765,0.2119893878698349,-0.11787711828947067,28.816200256347656,-9.558975219726562,40.051692962646484,-1.4477345943450928,1.4784314632415771,-0.012458211742341518,-0.9119665622711182,-0.8990400433540344,1.7653535604476929,0.19515955448150635,1.0954482555389404,-0.857340395450592,1.0181978940963745,-0.35765165090560913,0.14385052025318146,-2.247197389602661,-1.4896700382232666,-0.16274648904800415
3980.057,-0.0557403601706028,-0.04008135572075844,-0.993033766746521,-0.1599101722240448,1.0270112752914429,0.24110889434814453,30.219890594482422,-10.456194877624512,40.08068084716797,2.0816874504089355,1.477385401725769,0.4683915376663208,-0.9149419665336609,-0.03193436935544014,1.0835872888565063,0.0001411778066540137,0.22552087903022766,0.05967652052640915,-0.30096468329429626,0.15473034977912903,0.5073658227920532,1.3176138401031494,0.35625603795051575,0.7061426639556885
3989.717,0.02210322953760624,0.04839120805263519,-0.9878966808319092,0.4295157492160797,-0.6236506700515747,-0.19376689195632935,30.503215789794922,-9.29459285736084,39.40364456176758,0.3894907534122467,0.5009056925773621,0.6316626071929932,-0.3503493666648865,2.037137508392334,0.8264023661613464,-0.2394351363182068,-0.3568751811981201,0.04051285237073898,-2.422818422317505,0.18256334960460663,-0.13785021007061005,0.3391886055469513,-0.26550614833831787,1.4486099481582642
3999.870,-0.006024173926562071,0.005516217090189457,-0.9702691435813904,-0.48434925079345703,-1.2843129634857178,-0.16860683262348175,30.314231872558594,-9.16342830657959,38.84819412231445,-0.5379348993301392,0.862234890460968,-2.339538812637329,-0.16241011023521423,0.1261364072561264,-0.20444037020206451,-1.41383695602417,-1.887695074081421,-2.0070998668670654,0.26348331570625305,1.1174156665802002,-0.8331559300422668,0.1875210702419281,-1.0794299840927124,0.6695663332939148
4009.912,0.027931872755289078,0.042750947177410126,-1.0200817584991455,-0.07541600614786148,0.2340446263551712,-0.5579924583435059,32.55082321166992,-10.703499794006348,39.41492462158203,0.5864630937576294,1.496132254600525,1.0044182538986206,0.7865491509437561,-0.5321409702301025,-0.3388802111148834,-0.9016751050949097,-0.8505274057388306,0.3715724050998688,0.5294394493103027,-1.0781992673873901,-1.719500184059143,-0.4806826412677765,0.3761366307735443,-0.03951064869761467
4020.175,-0.019449517130851746,-0.08142319321632385,-0.9929687976837158,-0.005948761943727732,-1.066059947013855,-0.1277865618467331,30.709897994995117,-8.579334259033203,39.56664276123047,-1.3263022899627686,-0.49489670991897583,0.2939603626728058,0.7905749082565308,0.7381093502044678,0.8207352161407471,1.0240272283554077,-0.9816969037055969,0.2804480493068695,0.7112734317779541,-0.6057913303375244,-1.2533042430877686,0.5611139535903931,-0.46611589193344116,0.5877742767333984
4029.884,-0.05741427093744278,0.032728515565395355,-1.0110570192337036,0.035196270793676376,-0.09537896513938904,-0.3003527522087097,30.165498733520508,-11.409528732299805,40.03425216674805,1.2376683950424194,0.6736461520195007,-0.39256998896598816,0.05495212972164154,0.4238908588886261,-1.7179559469223022,-1.311916708946228,0.6129565834999084,1.8192945718765259,1.877459168434143,0.2707350254058838,-2.279340982437134,-0.06522540748119354,0.08882712572813034,-0.3857971429824829
4040.129,0.012426274828612804,-0.0007817258010618389,-1.0004218816757202,-0.3126106262207031,-0.15439572930335999,0.8053994178771973,28.967798233032227,-11.617456436157227,40.930843353271484,-0.7880700826644897,1.1600106954574585,0.11562776565551758,-0.7748604416847229,0.057610396295785904,0.022811079397797585,-0.7525379061698914,1.0787290334701538,-0.2811642587184906,-0.7100360989570618,0.5887671709060669,0.674591600894928,0.547809362411499,-0.6163238286972046,0.21568341553211212
4049.889,0.0455649234354496,0.020731646567583084,-0.982406735420227,-0.01130792498588562,0.009788630530238152,0.26528236269950867,29.32645034790039,-10.002348899841309,39.812564849853516,-1.7427339553833008,0.6684688329696655,1.406683325767517,-2.103762149810791,2.159837484359741,-0.02867443487048149,0.3766907751560211,1.2266446352005005,0.8413532972335815,0.136997252702713,0.7018718719482422,0.9734113216400146,1.6359598636627197,0.12499801069498062,-1.3695188760757446
4059.806,-0.03725114464759827,0.0033095909748226404,-0.9709120392799377,-0.02373313345015049,0.148501455783844,0.346695214509964,30.525081634521484,-8.835094451904297,40.340267181396484,0.5812670588493347,2.1104888916015625,0.0918041318655014,-0.19187934696674347,-0.26229599118232727,-0.5188271999359131,0.4997044801712036,-1.5338445901870728,0.05684409663081169,-0.453865647315979,-1.0599602460861206,1.4063963890075684,0.7958486080169678,-0.09600283205509186,1.1400549411773682
4069.763,-0.04523124173283577,-0.021223703399300575,-1.0075609683990479,0.051990166306495667,0.3385339081287384,0.4613729417324066,29.342557907104492,-9.862274169921875,40.66693115234375,-1.2610024213790894,-1.9270963668823242,-0.3151383101940155,-0.34765711426734924,1.632934331893921,0.5656209588050842,-0.5021153688430786,-0.49274909496307373,0.3037582039833069,-0.9041282534599304,-1.274335503578186,-0.07583636045455933,0.03295286372303963,-0.38486871123313904,-0.6992599368095398
4079.999,0.03393036872148514,0.054744165390729904,-0.997817873954773,0.14602600038051605,0.5064609050750732,0.26003652811050415,30.595096588134766,-11.037694931030273,39.31127166748047,-1.1715441942214966,0.23063965141773224,0.1483459770679474,0.605613112449646,-0.13373561203479767,-0.5544475317001343,-0.8734767436981201,-0.02543066442012787,0.45807936787605286,-1.0251390933990479,-0.4938761293888092,1.92696213722229,0.6678153276443481,-0.4298509359359741,0.5199971199035645
4090.211,-0.014520564116537571,0.016174277290701866,-0.9795799255371094,0.0015154082793742418,-0.21272891759872437,-0.35733702778816223,28.74784278869629,-10.237639427185059,40.88411331176758,-1.5789737701416016,-1.1470677852630615,0.46889495849609375,0.33824610710144043,-0.9111313819885254,0.675149142742157,-0.8390964269638062,-2.5732805728912354,-0.25256234407424927,1.161704182624817,-0.6926596760749817,-0.7952492833137512,2.037148952484131,0.942825436592102,1.4768728017807007
4099.774,0.0024060807190835476,-0.02548857592046261,-0.9734418988227844,0.1652495563030243,-0.9841251969337463,-0.5985037088394165,28.472761154174805,-7.18043327331543,38.711036682128906,-1.8814969062805176,-0.43268752098083496,0.9075707793235779,0.02862698584794998,0.12416142225265503,-0.2874077558517456,-0.06634484231472015,-0.5289700627326965,-0.15069398283958435,0.060818467289209366,0.2988985478878021,0.8714197278022766,0.4945174753665924,-0.6626150012016296,0.6423640847206116
4109.858,0.011637126095592976,0.017449771985411644,-1.0009584426879883,-0.15699879825115204,0.6494123339653015,-0.2541714608669281,30.02954864501953,-9.70004653930664,40.01948165893555,0.8522675037384033,-0.7061504125595093,0.23775792121887207,-1.0749855041503906,-1.4258694648742676,-0.6179549098014832,0.04929616302251816,1.3546160459518433,-1.4088943004608154,-0.7042550444602966,0.2375730574131012,0.050837479531764984,-0.8172734379768372,-0.1588604599237442,-0.5738513469696045
4119.851,0.0033113027457147837,0.08810589462518692,-1.024574637413025,0.2723354697227478,-0.09269443899393082,-0.5192750096321106,30.391544342041016,-11.37108325958252,38.500633239746094,-0.5819873213768005,0.6388064622879028,-1.297829031944275,-0.263403058052063,1.6357264518737793,-0.14401276409626007,0.3659036159515381,1.640782356262207,-0.9894806742668152,0.15360461175441742,1.2222070693969727,1.202201247215271,-1.3685874938964844,0.5837469696998596,0.5554516315460205
4130.119,-0.014851011335849762,0.027923058718442917,-0.9884135723114014,0.631076455116272,-0.28978827595710754,-1.0777559280395508,30.215408325195312,-9.635571479797363,39.996795654296875,-0.5508906841278076,-1.8355076313018799,1.4275094270706177,-0.7183511257171631,0.2388952672481537,1.0177972316741943,-1.0097278356552124,0.6991795301437378,-1.1874600648880005,-0.9495500922203064,0.1299506574869156,0.6891680955886841,1.5628007650375366,-1.7692621946334839,-0.1686270833015442
4140.000,-0.0061954171396791935,0.00043810985516756773,-1.0077714920043945,0.19810819625854492,-1.2505838871002197,-0.9897307753562927,29.026857376098633,-11.048948287963867,41.53840637207031,1.2338565587997437,-0.47660210728645325,-0.840579092502594,1.2361254692077637,-0.33810102939605713,-3.0619568824768066,1.1397675275802612,0.4210924804210663,-1.8271275758743286,-1.378049373626709,-0.547346830368042,1.7221566438674927,0.03089638613164425,-0.2543697655200958,0.3886273205280304
4149.928,-0.02942688949406147,0.020385073497891426,-0.9920265078544617,1.406012773513794,0.353951632976532,0.5225174427032471,29.603527069091797,-10.345487594604492,38.989173889160156,0.9560208320617676,0.03100600838661194,0.2276468127965927,-0.5654596090316772,0.1311166137456894,-0.9198463559150696,-0.0849258303642273,-0.20370133221149445,1.2626835107803345,0.7413252592086792,0.3061583340167999,-0.24032990634441376,-0.06181268393993378,-0.46092459559440613,1.1496646404266357
4160.041,-0.07807409763336182,0.016103308647871017,-1.0057343244552612,0.23448926210403442,0.7027041912078857,0.26778268814086914,28.01076316833496,-8.368632316589355,41.14971160888672,-0.31673240661621094,-1.4435538053512573,0.622458815574646,-1.2279317378997803,0.7973452210426331,-1.2051435708999634,0.594178318977356,-0.4416167736053467,2.0858805179595947,0.9592127203941345,-0.29285451769828796,-1.2244328260421753,-1.9021588563919067,-0.13640554249286652,0.6946911215782166
4169.994,0.1281476467847824,-0.1111128032207489,-1.0257519483566284,0.3981376886367798,0.10433103889226913,0.8472493290901184,30.68230628967285,-10.52946949005127,39.66252899169922,-1.817183256149292,-0.7407717108726501,1.7594083547592163,0.5612146854400635,1.6627285480499268,-2.628340482711792,-0.7882335186004639,0.47805753350257874,0.6398209929466248,-0.24649564921855927,0.9399997591972351,1.7180404663085938,-0.7424072623252869,1.287239909172058,-0.36295706033706665
4179.919,0.09756982326507568,0.08724389225244522,-0.9913995265960693,0.5013692378997803,-0.43524545431137085,0.10080236196517944,29.731849670410156,-10.208907127380371,41.99728012084961,0.1151629388332367,-0.49403834342956543,-0.3350945711135864,0.6044804453849792,0.5490400791168213,0.25343915820121765,0.17398539185523987,-0.3353331983089447,-1.7301216125488281,-1.5037809610366821,0.2344159483909607,1.2668092250823975,-0.6649052500724792,0.002940685022622347,-1.4994269609451294
4190.324,-0.011079161427915096,-0.024970805272459984,-0.9601864814758301,-0.4316864013671875,0.7190482020378113,-0.3713575601577759,28.911996841430664,-9.718658447265625,41.34163284301758,0.5572351813316345,-1.1708670854568481,0.393235981464386,-0.9530419111251831,1.8247919082641602,-0.761772632598877,-0.0098246606066823,-0.0981634184718132,1.8469797372817993,-0.4077293276786804,0.030436018481850624,1.473098635673523,0.6324215531349182,0.4504992961883545,0.44814953207969666
4200.013,-0.004218639340251684,0.01921664923429489,-1.026771068572998,0.3701000511646271,-0.6216993927955627,-0.5973974466323853,30.949663162231445,-10.277843475341797,40.63877487182617,-0.025316797196865082,-1.8475470542907715,0.003906663972884417,1.020354151725769,-0.4310150444507599,0.47011926770210266,0.5714201331138611,1.233459711074829,1.5912472009658813,0.49235856533050537,-0.12352654337882996,-0.39321041107177734,-1.764514446258545,-0.8084863424301147,0.7015950679779053
4209.976,-0.017735447734594345,0.037212807685136795,-1.0258427858352661,0.7176780700683594,-0.14341875910758972,0.10215432196855545,30.09201431274414,-9.507343292236328,42.13167190551758,0.31073495745658875,-1.873563289642334,-2.017427444458008,0.7739518284797668,0.6209774613380432,2.8100364208221436,-0.29790928959846497,-0.20275677740573883,0.6576007008552551,1.4296679496765137,-1.636984944343567,-0.11285492777824402,0.656609058380127,-1.5833553075790405,-0.22664669156074524
4220.123,-0.014022938907146454,-0.03229065239429474,-0.9788735508918762,-0.29203858971595764,-0.045926738530397415,-0.30498746037483215,28.28415298461914,-11.422590255737305,40.16727828979492,0.7944493889808655,-1.3404502868652344,-0.06513983011245728,-1.2239110469818115,1.4606614112854004,0.6967217922210693,1.1194920539855957,0.7797498106956482,-2.0886664390563965,-0.8858020305633545,1.1543635129928589,-0.6440557241439819,1.0686731338500977,-1.0095229148864746,1.0906354188919067
4229.901,-0.04883928224444389,0.005154906306415796,-1.007563829421997,0.1876659244298935,1.005650281906128,0.4657556414604187,30.157894134521484,-7.195286750793457,40.41522979736328,2.345188617706299,-1.8644791841506958,0.6110284924507141,0.6536173820495605,1.3961892127990723,-0.42093682289123535,0.3410574793815613,-0.28914234042167664,0.7764202356338501,0.6955369114875793,0.011741281487047672,0.5360244512557983,-0.21531657874584198,1.177709937095642,-0.5452306866645813
4240.033,0.054641030728816986,0.03844134137034416,-0.9957684874534607,0.1946999430656433,0.3233361542224884,1.4791854619979858,31.169151306152344,-9.755751609802246,40.73847961425781,0.42850467562675476,-1.5486817359924316,0.8220486640930176,0.4820331037044525,-0.600508987903595,0.31466910243034363,1.8098825216293335,0.17715279757976532,0.06006171926856041,0.5368757247924805,2.201840877532959,-0.004803761374205351,-0.12294699996709824,-2.579318046569824,-0.6334967613220215
4249.997,-0.04257528856396675,0.035266339778900146,-0.9897436499595642,0.3698633909225464,0.30102282762527466,0.3174510598182678,29.881711959838867,-11.754399299621582,40.74873352050781,0.5572046041488647,0.13759292662143707,-0.13559983670711517,-0.7495919466018677,0.2069927155971527,1.0179979801177979,0.04517181217670441,1.9381994009017944,0.0657753199338913,-0.6032754182815552,-1.495279312133789,-0.8550337553024292,-0.6755486726760864,-0.5681637525558472,-1.171756386756897
4259.934,-0.06185740604996681,-0.03641106188297272,-1.0032010078430176,0.8223851919174194,0.4539296329021454,-0.805246114730835,29.837011337280273,-11.049469947814941,39.49154281616211,0.5622894763946533,-0.1963711827993393,0.2849140167236328,-1.647952914237976,-2.1970081329345703,0.40123245120048523,-0.1605597883462906,1.2945942878723145,0.5971866846084595,-0.6245619058609009,0.8022807240486145,0.5021616816520691,1.0787968635559082,-0.33484381437301636,1.8233615159988403
4270.020,-0.041606370359659195,0.06356050819158554,-1.0072016716003418,0.31647059321403503,0.16983641684055328,0.39030933380126953,28.972232818603516,-9.016339302062988,39.654335021972656,1.0847586393356323,0.47307175397872925,-0.8992707133293152,0.23797069489955902,0.0540875643491745,-0.00036685506347566843,-0.21140871942043304,-1.4839282035827637,1.1953158378601074,-0.594242513179779,0.6685669422149658,1.135452151298523,0.1790163367986679,1.9948375225067139,1.421230435371399
4280.151,-0.0011495820945128798,-0.03137277811765671,-1.0081655979156494,-0.0004677901160903275,-0.9251968264579773,0.3695746064186096,30.808135986328125,-8.359208106994629,38.55785369873047,-0.24877901375293732,-0.6211053133010864,-0.22815877199172974,-1.2191609144210815,-0.9246171712875366,-0.13651134073734283,1.022018313407898,1.189547061920166,2.1612842082977295,0.5709250569343567,-0.4820794463157654,0.16908042132854462,0.18018075823783875,0.06358114629983902,1.5699129104614258
4289.751,-0.07330792397260666,-0.04266393929719925,-0.9999678730964661,-0.93709397315979,0.6584942936897278,0.3748030364513397,28.53748321533203,-7.998867988586426,41.853153228759766,-0.9052188396453857,-2.551284074783325,0.47605499625205994,0.5400534868240356,-0.2618294954299927,-0.9052236676216125,-1.2000374794006348,-0.8368274569511414,-0.647894561290741,0.056134533137083054,-0.2355421781539917,0.15438468754291534,0.2535150945186615,-2.141296863555908,0.1438654065132141
4299.818,0.03178120404481888,0.055273521691560745,-0.9792629480361938,-0.6317691802978516,-0.4301213026046753,0.13991107046604156,31.34172821044922,-11.063178062438965,39.449554443359375,0.49734529852867126,0.4803658425807953,-0.6834176182746887,0.1660425215959549,-0.27419373393058777,-1.0211920738220215,-0.32672399282455444,-0.4855796694755554,-1.369720458984375,-0.42425405979156494,-0.6818466186523438,2.4013919830322266,-0.2049061805009842,1.1892330646514893,0.9178909063339233
4309.967,-0.025866348296403885,0.03884454816579819,-0.9694246053695679,0.6427756547927856,-0.8386068940162659,0.2868506610393524,29.153181076049805,-11.192989349365234,38.95056915283203,-1.9957555532455444,0.9301322102546692,-1.038629174232483,0.9574130773544312,-1.6040234565734863,0.3740876019001007,0.27350202202796936,-0.16083671152591705,-1.009358525276184,0.0647515133023262,-1.9902069568634033,-0.716261625289917,2.125434398651123,0.8815956115722656,-0.09910538047552109
4320.255,0.005693131126463413,-0.048774268478155136,-1.0072472095489502,-0.8352164030075073,0.36503562331199646,0.8785713315010071,29.534276962280273,-10.184627532958984,39.79718780517578,0.23675154149532318,-1.7517273426055908,0.09847380220890045,0.30354195833206177,-1.2445250749588013,1.0796291828155518,-0.6768726706504822,-0.7768071889877319,-0.5292993187904358,1.5088740587234497,0.6878690123558044,-1.7399170398712158,-1.9275124073028564,-0.11956584453582764,1.5930455923080444
4330.053,-0.03380712866783142,0.03954071179032326,-1.009223222732544,0.11562575399875641,0.5462599396705627,0.13353990018367767,28.815528869628906,-9.608999252319336,39.17555236816406,0.47864073514938354,0.5992497801780701,0.515718400478363,3.163863182067871,1.43547523021698,-1.0882561206817627,-1.4932154417037964,0.32318368554115295,0.05794041231274605,-0.01744258590042591,0.1838681548833847,1.6349345445632935,-1.4429141283035278,-0.9863797426223755,1.312848687171936
4340.056,-0.006579497363418341,0.07431524246931076,-1.005155086517334,-0.7662787437438965,0.030350860208272934,0.34414488077163696,29.8845157623291,-9.090332984924316,39.22117614746094,0.012791014276444912,-1.3167035579681396,-0.8658003211021423,1.2648807764053345,0.9744763374328613,-0.09929992258548737,0.461069792509079,-0.7006456851959229,0.5800945162773132,-1.116242527961731,0.11442245543003082,-1.3878220319747925,-0.9645973443984985,1.746427059173584,0.8966994881629944
4349.819,0.026964129880070686,-0.015088615007698536,-1.0282864570617676,0.7220186591148376,0.16485543549060822,0.06466037034988403,29.62772560119629,-7.5338287353515625,39.22932052612305,-0.4835830628871918,-1.0656532049179077,0.4278446435928345,-0.46669039130210876,0.06097917631268501,0.2920638620853424,0.2667960226535797,-0.405398428440094,-1.3739144802093506,1.572213053703308,2.4290854930877686,-0.04286692664027214,0.1440945714712143,2.5921497344970703,0.4025750160217285
4360.321,0.06171180680394173,0.02587032876908779,-1.025789737701416,-0.15984559059143066,-0.7393156290054321,-0.29470932483673096,30.295412063598633,-9.94640064239502,41.14911651611328,0.25590208172798157,0.48834648728370667,-1.4044064283370972,-0.736053466796875,1.1600425243377686,-0.3001957833766937,0.372106671333313,-0.1456073820590973,0.3677351772785187,-0.16549018025398254,0.6267540454864502,-0.6298412680625916,-0.5227615237236023,-2.3584775924682617,0.3103162348270416
4369.876,-0.010780607350170612,0.05742628127336502,-0.9872555136680603,-0.37635207176208496,-0.06103044003248215,0.12366611510515213,30.786399841308594,-9.845176696777344,39.70664596557617,-0.1464824080467224,0.14612698554992676,-0.10090519487857819,-0.27035608887672424,0.9897381663322449,-0.9661712050437927,-1.5336437225341797,-0.8473294973373413,-0.11688672006130219,-0.9192726016044617,0.880366325378418,0.1919882893562317,0.39714497327804565,-1.6559131145477295,1.012245535850525
4380.322,0.04161791875958443,-0.006057755555957556,-1.020118236541748,-0.06136834993958473,-0.9219550490379333,0.9511508941650391,30.05878257751465,-9.621909141540527,38.406558990478516,0.9028290510177612,0.9769607782363892,-0.42244043946266174,0.3665182888507843,-2.085641384124756,1.683555245399475,-0.2679925560951233,-1.8450933694839478,0.17902307212352753,1.5849297046661377,1.7363420724868774,1.0674474239349365,-1.1572082042694092,-0.5707538723945618,2.9520444869995117
4390.143,0.0072951107285916805,-0.0077677881345152855,-1.0178117752075195,-0.8561025261878967,-1.3025537729263306,-0.4450254738330841,29.575345993041992,-10.052643775939941,38.89556884765625,0.5429524779319763,0.27011638879776,-0.2628785967826843,-0.9896259903907776,0.5643853545188904,-0.5874717831611633,1.6744076013565063,0.32925158739089966,0.7103197574615479,0.13490018248558044,-0.35489097237586975,0.22033080458641052,-0.503364086151123,-0.101397305727005,-0.3161763846874237
4399.884,-0.015673911198973656,-0.05840982869267464,-1.01742422580719,-0.03253580629825592,0.17566196620464325,-0.5260382890701294,30.91839027404785,-8.880592346191406,40.5489616394043,-0.7666794657707214,0.7017768025398254,-0.5642303824424744,-2.5694217681884766,-2.1711535453796387,1.4290411472320557,0.48774582147598267,-0.7688841819763184,0.21778814494609833,-1.2706588506698608,-1.4929910898208618,0.1561964750289917,0.5303158164024353,-0.8528065085411072,-0.1521911472082138
4410.041,-0.017597129568457603,-0.030750080943107605,-0.9802980422973633,0.008402548730373383,0.2901657521724701,0.030794190242886543,30.00617027282715,-9.574713706970215,40.5387077331543,1.3092840909957886,-0.14631418883800507,-2.4639856815338135,-1.204498291015625,-0.8373135328292847,0.41256144642829895,-1.1049652099609375,0.6191054582595825,1.1757065057754517,0.641277551651001,0.8261818289756775,-0.4424302875995636,-0.7432414889335632,-0.7267494201660156,-0.34068238735198975
4420.124,0.02789718098938465,-0.0005053445929661393,-0.9917119145393372,0.1106937900185585,0.28935861587524414,0.4397347867488861,27.569976806640625,-9.998969078063965,40.3470458984375,-1.3472625017166138,0.30849313735961914,0.6674572229385376,-2.6803200244903564,0.7645032405853271,0.15439385175704956,1.1863934993743896,-0.5194416642189026,-1.0777839422225952,0.07158341258764267,0.9456079006195068,-0.21015165746212006,0.25894784927368164,-1.2363380193710327,0.512428343296051
4429.746,0.04246257618069649,-0.004511983133852482,-0.9960064888000488,1.1437233686447144,-0.013045660220086575,-0.6988595128059387,28.83805274963379,-8.606951713562012,40.47201919555664,-0.8901912569999695,-1.55294930934906,-1.1976112127304077,-1.1669096946716309,0.021220935508608818,1.3909498453140259,-0.8411101698875427,-1.54269278049469,0.8165857791900635,-0.9465155601501465,-0.4533865749835968,-1.6687043905258179,-2.136533260345459,-0.6278237104415894,0.4061497747898102
4439.784,0.032286010682582855,0.1313016712665558,-1.0064103603363037,0.49483829736709595,0.5908600091934204,-0.2229858636856079,29.828584671020508,-10.868402481079102,42.74494934082031,-0.25136998295783997,-0.2941473424434662,-0.6026852130889893,-0.9409087300300598,-1.5923511981964111,-0.1032930389046669,1.1103814840316772,1.406020164489746,0.7932838201522827,0.8048659563064575,0.6478488445281982,-0.7715004086494446,-1.426788330078125,0.7055976390838623,0.469380259513855
4450.009,-0.13279804587364197,0.0185147225856781,-0.9722937941551208,0.8981203436851501,0.31658613681793213,-1.1423861980438232,31.667505264282227,-9.82584285736084,41.15440368652344,0.7867566347122192,-0.9466209411621094,1.53450345993042,-1.1948583126068115,1.5538594722747803,0.4581451416015625,-0.10869364440441132,1.0175299644470215,-1.218264102935791,0.6208548545837402,0.15528766810894012,1.5024266242980957,1.2821507453918457,0.8707619309425354,-0.5757932066917419
4459.914,-0.07059057801961899,-0.023333610966801643,-0.9971959590911865,-0.5115249752998352,0.2764506936073303,0.4902215301990509,29.267650604248047,-8.960371971130371,40.38140106201172,-0.6328100562095642,-0.6580565571784973,-1.1687564849853516,1.5888301134109497,-0.45403632521629333,0.8978173732757568,-0.8931503891944885,-1.1093177795410156,0.668292760848999,-0.3249422609806061,1.0353652238845825,0.016160236671566963,0.04420296475291252,1.8118510246276855,-0.8428741693496704
4469.768,-0.00869436003267765,0.012360811233520508,-1.023927092552185,-0.4008130133152008,-0.3006930649280548,-0.0337175652384758,30.416946411132812,-8.539496421813965,40.00730895996094,-0.30522000789642334,-0.3129945695400238,-1.6365928649902344,-1.512406587600708,1.661918044090271,1.4442611932754517,-0.06078772991895676,0.35290515422821045,0.5856412053108215,-0.17673879861831665,-1.6095339059829712,0.11388545483350754,0.3249186873435974,0.9338275790214539,1.723673701286316
4479.736,0.03194870054721832,-0.0064912051893770695,-0.9960163831710815,-0.10561143606901169,-0.5573782920837402,-0.21018750965595245,30.651193618774414,-10.607481002807617,40.404945373535156,0.8064646124839783,0.6981815099716187,1.557641863822937,0.5724849700927734,1.8048045635223389,-1.8584721088409424,-1.2773408889770508,-0.2773309648036957,0.100193090736866,-0.4448428153991699,-0.9331585764884949,1.037658929824829,-1.2259620428085327,-0.4036336839199066,1.3735402822494507
4489.992,0.001284449128434062,0.021474197506904602,-0.992171049118042,-0.3767588436603546,0.21810542047023773,-0.4910660982131958,31.39154052734375,-10.901081085205078,40.06031036376953,0.10365354269742966,2.1373724937438965,0.36710312962532043,1.1833642721176147,-0.7287195920944214,1.1574409008026123,-1.2740272283554077,-1.1163606643676758,1.1218433380126953,-2.212226152420044,0.3808414041996002,0.6955438852310181,0.7986583709716797,0.5015507936477661,-0.2610492706298828
4499.784,-0.011779667809605598,0.0555400550365448,-0.979203462600708,0.06850207597017288,0.44821861386299133,-0.1964247077703476,30.261184692382812,-11.063850402832031,38.85338592529297,-1.4976840019226074,-0.36805933713912964,0.9222540855407715,-1.3468844890594482,0.5917514562606812,2.1766722202301025,0.9301850199699402,0.34518706798553467,0.3921826183795929,-0.816208004951477,-0.327277272939682,-0.4558061957359314,-1.7697097063064575,0.8069858551025391,1.8925623893737793
4510.062,-0.028226181864738464,-0.10877430438995361,-1.0273211002349854,0.21198724210262299,-0.7664942741394043,-0.6683247089385986,29.528480529785156,-10.577390670776367,39.84128952026367,-0.21785968542099,-0.5251502990722656,2.2548234462738037,-1.162360668182373,-0.9288069605827332,0.5523867607116699,0.09081076085567474,1.278166651725769,-1.310657024383545,0.3999026417732239,-0.40229934453964233,0.9129671454429626,-0.387891948223114,0.6571190357208252,-0.10592310130596161
4519.991,0.02162301167845726,0.0075555299408733845,-1.0249131917953491,0.38652515411376953,-0.15040044486522675,-0.1786441206932068,28.958410263061523,-10.536961555480957,40.73946762084961,-0.7496311664581299,-1.2460817098617554,1.897108554840088,-0.5560765862464905,-0.005275737959891558,0.8273801803588867,-0.9192386269569397,1.1797524690628052,-0.10667514055967331,1.1005229949951172,-0.5376595854759216,-0.6381046175956726,1.3053829669952393,-0.8675867319107056,-1.023345947265625
4530.211,0.05315547063946724,-0.09840316325426102,-1.0189743041992188,-0.6469832062721252,0.30817458033561707,-0.03627999126911163,29.840009689331055,-9.358802795410156,40.12907028198242,0.2961013615131378,-1.0283539295196533,0.6001871228218079,1.1177480220794678,0.17208914458751678,1.688846468925476,-0.5746299028396606,0.5043666362762451,-0.18410421907901764,-1.2492836713790894,-0.9798439145088196,0.09536514431238174,-0.6016122698783875,0.01936447247862816,0.6551181077957153
4539.995,0.008609944954514503,-0.006741435267031193,-1.0017318725585938,0.1511550098657608,-0.06911717355251312,-0.5090548992156982,30.469284057617188,-9.797389030456543,39.14482879638672,0.8864731192588806,-0.9922918081283569,-1.0004947185516357,0.4901641607284546,1.0939137935638428,-0.6227227449417114,-1.1524102687835693,-0.3293823003768921,-0.9751977920532227,-0.8342147469520569,0.19384577870368958,-0.24008288979530334,0.41931942105293274,-0.8197002410888672,0.2512020468711853
4549.869,0.001249863300472498,-0.008991296403110027,-0.9813908338546753,-1.2265042066574097,-0.25801539421081543,-0.3630295693874359,31.039690017700195,-10.742217063903809,40.95010757446289,-0.9070108532905579,1.6521799564361572,2.318467855453491,-0.5037097930908203,1.8983533382415771,-0.9687046408653259,-0.7494330406188965,0.8775677680969238,1.3318395614624023,0.2833360731601715,-1.6331169605255127,-0.9999220967292786,-0.10039554536342621,-0.5005297660827637,-1.5487439632415771
4560.172,-0.030768686905503273,0.05444924160838127,-0.9740036725997925,-0.17295579612255096,-0.32379353046417236,0.12478096783161163,28.867897033691406,-10.513472557067871,39.618682861328125,0.996091902256012,-0.7913662791252136,1.9750851392745972,-0.4716412127017975,-0.7611269950866699,1.1406828165054321,-0.9453603029251099,0.7879341244697571,-0.6292442083358765,0.27604877948760986,1.0306200981140137,-1.0629183053970337,-0.08590967208147049,0.8347464799880981,-0.752350389957428
4569.964,0.018353719264268875,0.02896900847554207,-0.9845177531242371,0.35428133606910706,0.0351705327630043,-0.11624004691839218,29.914752960205078,-8.768231391906738,39.04085922241211,-0.1016823872923851,2.469912528991699,-0.8192809224128723,-1.331044316291809,1.3774415254592896,0.7354941368103027,-0.3017970025539398,0.17247216403484344,-0.25708478689193726,-0.9773469567298889,-1.1497868299484253,0.12168659269809723,-1.046121597290039,-0.22526992857456207,1.4122599363327026
4579.988,-0.053103312849998474,-0.08917799592018127,-0.9816617965698242,-0.7382886409759521,1.0742887258529663,0.9057490825653076,28.85236930847168,-10.502032279968262,40.83527755737305,0.6259937882423401,-0.3327312171459198,-0.7840451002120972,1.3623825311660767,0.5817371606826782,-1.6687225103378296,-1.162280797958374,-2.054189682006836,1.3607031106948853,0.2076440304517746,-0.8491723537445068,0.29471737146377563,-1.4729033708572388,0.6097123622894287,-0.5160691142082214
4589.918,0.03896329924464226,0.03149433806538582,-1.0396634340286255,0.16720592975616455,-0.08503832668066025,0.08138186484575272,31.288877487182617,-9.851797103881836,40.007347106933594,-2.003239631652832,-0.655134379863739,0.74907386302948,0.4316149055957794,0.6780421733856201,-1.2110000848770142,0.6114223599433899,-2.362579584121704,0.026655148714780807,-0.20610789954662323,1.1378092765808105,-0.056451909244060516,1.0258283615112305,-0.5044148564338684,1.2117418050765991
4599.864,0.0022409805096685886,-0.026041213423013687,-1.021714687347412,0.47984829545021057,0.39646777510643005,0.0388200581073761,28.253164291381836,-10.99246597290039,40.06671905517578,-0.08604304492473602,-0.8820530772209167,-0.25567519664764404,-1.0722616910934448,-2.3773889541625977,1.6927107572555542,0.24985253810882568,-0.3896031975746155,-1.84731125831604,0.4711495637893677,-2.5438783168792725,0.11535989493131638,0.03650667890906334,0.7941070795059204,-1.692223072052002
4610.017,0.029734443873167038,-0.01150896493345499,-1.0268563032150269,-0.8164486289024353,-0.10879930853843689,-0.2083563655614853,31.07107925415039,-8.72634506225586,39.94533920288086,0.9571597576141357,-0.5337133407592773,-0.3168172240257263,0.6973832249641418,-0.9042868614196777,0.13951103389263153,-0.2917988896369934,-0.36744531989097595,-2.1895880699157715,-1.073293685913086,-1.714967966079712,-0.955437421798706,-1.514798641204834,-0.5990742444992065,0.988245964050293
4620.001,0.052534107118844986,-0.011741670779883862,-1.0385076999664307,0.14720769226551056,-0.20854073762893677,0.13272973895072937,29.47681999206543,-12.600295066833496,40.20930862426758,-0.5152136087417603,0.5089733004570007,-2.0607306957244873,-0.2675013840198517,0.5049523115158081,0.01534275896847248,-0.09960933029651642,1.1534689664840698,-0.04295537620782852,0.14554300904273987,1.9446860551834106,0.6236741542816162,0.5248490571975708,-0.1603398472070694,0.8551556468009949
4629.733,-0.08781901001930237,-0.028009779751300812,-1.0376392602920532,0.27229005098342896,-0.0938723012804985,0.7943302392959595,31.193300247192383,-10.768473625183105,39.104618072509766,0.6705213785171509,2.6317758560180664,0.005816649179905653,1.0764362812042236,0.6284686326980591,-0.061814289540052414,-0.39352133870124817,2.013998508453369,0.40003708004951477,0.435825914144516,1.162641167640686,0.7867481112480164,-1.114344596862793,-0.19534192979335785,0.3489391505718231
4639.926,0.04664653539657593,-0.042734742164611816,-1.0328835248947144,0.43718406558036804,0.37948915362358093,0.7569112777709961,30.31342124938965,-11.482809066772461,40.08943176269531,0.9468353986740112,-0.5270386338233948,-0.9148764610290527,-0.6521398425102234,1.3205054998397827,-0.880028247833252,-0.6539556980133057,-1.2160993814468384,0.5027426481246948,-1.1011301279067993,0.6940489411354065,-0.2761608362197876,3.452359676361084,-0.8888665437698364,0.4661487638950348
4650.061,0.0213161613792181,-0.06281240284442902,-0.9822422862052917,-0.03224208578467369,0.4658573567867279,-0.3805200457572937,30.587278366088867,-8.569303512573242,41.23383331298828,-1.9707636833190918,0.6542090773582458,-2.252094030380249,-0.7033479809761047,-0.5664193034172058,-0.07549941539764404,0.8884137272834778,-0.3430728018283844,-0.26179251074790955,1.8282489776611328,2.9631123542785645,0.32203009724617004,0.8215060830116272,-0.6650956869125366,0.25373923778533936
4659.972,0.002192795043811202,-0.04716581478714943,-0.9820654392242432,0.4363720715045929,-1.0387603044509888,-0.24075104296207428,29.395288467407227,-11.078922271728516,38.42243957519531,-0.02573644183576107,1.0302698612213135,0.162127286195755,-2.0557563304901123,2.060096025466919,-0.3878365457057953,0.7796398401260376,1.008825421333313,-0.8136327862739563,0.39151185750961304,-1.1188544034957886,0.17659564316272736,0.38051119446754456,-0.5712155103683472,-1.050182580947876
4670.108,-0.006058467552065849,0.010218306444585323,-1.0306909084320068,0.8379441499710083,0.4555613398551941,0.5431085228919983,31.311847686767578,-10.01107120513916,39.41181945800781,-0.557489812374115,-0.16258281469345093,-0.6651978492736816,1.211504578590393,2.1557457447052,-2.364964485168457,0.8003717064857483,0.43100306391716003,0.6336070895195007,-1.805987000465393,0.30584099888801575,-0.7381843328475952,0.18960286676883698,-1.4570753574371338,0.16501282155513763
4679.860,0.10660034418106079,-0.055593106895685196,-0.973836362361908,0.7361892461776733,0.7357669472694397,-0.7470347881317139,31.015918731689453,-12.20592212677002,39.5200080871582,-0.9107412695884705,-0.15820366144180298,-0.9394415020942688,-1.844083309173584,-1.0746458768844604,0.3400551378726959,-1.120274543762207,-1.401646614074707,0.23384816944599152,0.05568317323923111,0.3779410123825073,0.6867552995681763,-0.10405906289815903,-0.6804642677307129,0.27577391266822815
4690.178,-0.02974700555205345,0.047232821583747864,-0.996420681476593,-0.5859492421150208,0.029717817902565002,-0.29208287596702576,30.884912490844727,-9.00411319732666,38.70343780517578,-1.3806908130645752,-0.10516250133514404,-0.714546799659729,0.17492146790027618,-0.9409507513046265,0.10535400360822678,0.46283528208732605,1.5366291999816895,-1.717556118965149,0.3479074239730835,-0.5677085518836975,1.1516121625900269,-1.3320024013519287,0.42027172446250916,0.36542752385139465
4700.038,0.02132503129541874,-0.014056791551411152,-1.0120229721069336,0.7692686319351196,-0.023303549736738205,-0.13369052112102509,28.23304557800293,-9.774456977844238,39.810970306396484,-1.1984856128692627,0.9925719499588013,0.08472003042697906,0.7359983921051025,-0.4918787479400635,-1.8669954538345337,-0.05897137150168419,-0.9079614877700806,1.1554412841796875,1.0523158311843872,-1.4844496250152588,0.7365520000457764,0.22644492983818054,-0.004511580336838961,-0.28793609142303467
4710.117,-0.00860608834773302,-0.03016938641667366,-0.9943953156471252,0.1327817142009735,0.5727348327636719,0.11521358042955399,30.221778869628906,-8.706212997436523,40.45815658569336,-1.28353750705719,-1.0745210647583008,1.7117143869400024,0.1102924570441246,-2.5641050338745117,-0.5245336294174194,1.3150056600570679,0.6276814937591553,-0.8100751638412476,-0.5190891027450562,-0.3267504572868347,-0.4927419126033783,-1.9239073991775513,-1.8053858280181885,0.43100565671920776
4720.142,-0.020145870745182037,0.001895151799544692,-0.9636460542678833,-0.2542533874511719,0.06752800941467285,-0.6261180639266968,29.68145179748535,-10.608901023864746,42.367244720458984,1.2204368114471436,1.59823477268219,-0.6663937568664551,1.2900300025939941,-0.0688091441988945,-1.1010411977767944,-0.4402066767215729,-0.23539592325687408,-1.387022614479065,-0.5695562958717346,-0.5576559901237488,0.9827942252159119,0.22048255801200867,0.9217209815979004,1.9282838106155396
4729.981,-0.06722275167703629,0.03654106706380844,-0.9612023830413818,0.7850615978240967,-0.5385339856147766,0.435678094625473,30.322568893432617,-10.432519912719727,38.69651412963867,1.980578064918518,-0.48361366987228394,2.569417715072632,-0.18095532059669495,1.2026698589324951,0.787231981754303,0.2945865988731384,-1.5913578271865845,-0.14170126616954803,-0.892998993396759,-0.27967923879623413,-2.0166239738464355,-0.6874943971633911,1.1790465116500854,1.5403332710266113
4740.087,0.024223843589425087,-0.10451183468103409,-0.9895392060279846,0.04424350708723068,0.33738839626312256,1.2375149726867676,29.610071182250977,-9.976434707641602,41.66087341308594,0.05905240401625633,0.5177194476127625,-0.10753487050533295,-1.3756194114685059,1.3028299808502197,-1.5009231567382812,-0.6939768195152283,0.9676175713539124,1.1869293451309204,-0.36274150013923645,-0.2606724798679352,-0.9190689921379089,-0.17024070024490356,0.10794864594936371,-0.051060810685157776
4749.892,-0.003914698027074337,0.05443193018436432,-0.9934234619140625,-0.7545847296714783,-0.39814427495002747,0.8271059393882751,30.80024528503418,-10.321531295776367,41.263450622558594,-1.3959319591522217,1.23216712474823,0.7741826772689819,0.43638619780540466,0.9642670750617981,-0.17817151546478271,0.5696139335632324,-1.6441657543182373,0.638992190361023,1.5067623853683472,-1.0880845785140991,-1.2318319082260132,-1.409898281097412,-0.7132070660591125,0.5053626894950867
4759.788,-0.016559496521949768,0.07812849432229996,-1.0105032920837402,-0.10217013955116272,-0.10858319699764252,-0.3859371542930603,30.205080032348633,-10.633095741271973,40.62776565551758,-1.1889197826385498,0.590618371963501,-1.6444095373153687,-0.8978460431098938,0.14013072848320007,-0.2750890254974365,-0.287870317697525,0.5826408863067627,-0.1651502400636673,1.3901904821395874,-1.0433417558670044,0.5602654814720154,-0.48771432042121887,-1.5651392936706543,0.5092541575431824
4770.147,-0.024669082835316658,0.034334052354097366,-0.982506513595581,0.016664553433656693,-0.23220832645893097,-0.18792890012264252,30.33657455444336,-9.058303833007812,39.258522033691406,0.17881496250629425,-1.866125464439392,-0.042728424072265625,-1.1076639890670776,-0.6866222023963928,-0.08783091604709625,0.7936437726020813,1.9522464275360107,-1.226744532585144,0.46125268936157227,0.9082691073417664,0.9836766123771667,0.9788827896118164,-1.2326271533966064,0.41622409224510193
4780.047,0.09541243314743042,0.006572890095412731,-1.0357856750488281,0.4157383143901825,0.34923723340034485,-1.129294991493225,29.414302825927734,-10.487194061279297,38.325923919677734,-0.4587506055831909,0.456846684217453,-0.4243861734867096,-0.8704753518104553,-1.2350823879241943,1.0522750616073608,0.9139861464500427,0.8096008896827698,-0.7841497659683228,-0.6505730152130127,0.36990323662757874,0.7921904921531677,0.9223679304122925,1.3835090398788452,-0.9544877409934998
4789.953,0.08629866689443588,-0.07944653183221817,-1.0168980360031128,0.4797520935535431,0.7786768078804016,-0.055256620049476624,29.641956329345703,-10.318817138671875,39.23207473754883,-0.8951048254966736,-1.246914029121399,0.547233521938324,0.09618330746889114,-0.18558888137340546,-0.5987629294395447,0.47566649317741394,-1.4854429960250854,1.5366246700286865,-1.6780381202697754,-1.381928563117981,1.5543378591537476,-0.4808960556983948,0.8343693017959595,0.1515924483537674
4800.096,-0.04739678278565407,0.05123761668801308,-0.9949132204055786,0.5364525318145752,0.004968190100044012,-0.19313037395477295,30.466264724731445,-10.38268756866455,39.156681060791016,0.3781614601612091,-0.7783616185188293,1.185364007949829,-0.6881624460220337,0.18490631878376007,1.4297432899475098,0.6085630655288696,-0.18410944938659668,0.20457932353019714,1.100466012954712,-0.13349775969982147,1.2208716869354248,-0.5540076494216919,0.2501550316810608,-0.2621592879295349
4810.118,-0.03483191132545471,0.10441430658102036,-0.986515998840332,-0.30464962124824524,0.4179859757423401,0.5882562398910522,29.11226463317871,-9.54944896697998,38.3851203918457,0.8511945009231567,-1.5898903608322144,0.12582489848136902,-0.128544881939888,-0.40783751010894775,-0.8457567095756531,-0.40102121233940125,-1.675894021987915,0.4635222554206848,0.857739269733429,-1.7101670503616333,1.077210545539856,-0.6613381505012512,0.6175362467765808,-0.06633605062961578
4820.123,0.02366674691438675,-0.03751373291015625,-1.0359511375427246,-0.35874632000923157,0.02605784311890602,0.5551901459693909,29.83040428161621,-9.219958305358887,41.23815155029297,0.9730184078216553,0.5934253334999084,0.1425645798444748,0.6829055547714233,0.6900382041931152,-0.7938870787620544,-0.2676120698451996,0.033018194139003754,-2.788661003112793,1.1862940788269043,0.5482606291770935,1.5799813270568848,0.5466837882995605,-0.941950261592865,1.1383919715881348
4829.961,-0.019873062148690224,0.023796137422323227,-0.9848496913909912,0.5078072547912598,-0.06818334013223648,0.23926416039466858,28.539255142211914,-11.03038215637207,40.94928741455078,1.0086476802825928,1.0079723596572876,0.28264620900154114,0.07218602299690247,0.3401397168636322,-1.6370606422424316,0.7630558013916016,-0.8297727108001709,-0.5750696659088135,-0.2728501558303833,0.6584591269493103,0.5673477649688721,0.7450038194656372,0.06658397614955902,-0.03914584219455719
4839.866,-0.04478383809328079,-0.0350579172372818,-1.0131597518920898,0.3444737493991852,-0.44532644748687744,-1.0582823753356934,31.268253326416016,-10.26047420501709,39.93235397338867,0.00021170658874325454,0.6551281809806824,-0.8290389180183411,-0.2867068350315094,-0.168187215924263,-0.706474244594574,-0.4797579050064087,-0.11050654202699661,1.9780172109603882,0.3818134367465973,-0.826768696308136,-1.4408105611801147,-0.5009648203849792,-1.1344679594039917,-0.12303509563207626
4849.988,-0.08672895282506943,-0.0255971048027277,-0.9806532263755798,-0.43228423595428467,-0.5174376368522644,0.017869705334305763,31.553974151611328,-10.772172927856445,39.28150177001953,-1.1896979808807373,-0.5595632195472717,-0.47309908270835876,1.3873229026794434,-1.8482587337493896,1.1749199628829956,-0.5156683325767517,0.8128591775894165,0.7333996891975403,0.38264256715774536,0.02707802504301071,-0.5411217212677002,0.38632702827453613,-0.07107309252023697,0.08408955484628677
4859.957,-0.002410553628578782,0.02654978632926941,-1.0343971252441406,-0.18458092212677002,0.41559281945228577,-0.3128303289413452,28.72917938232422,-9.295141220092773,41.24193572998047,0.8284124135971069,-1.272175908088684,-0.5364142656326294,-0.9185843467712402,0.012047585099935532,-0.00209881947375834,0.7000916600227356,-1.5629786252975464,-0.8364640474319458,-0.31006014347076416,-0.8267118334770203,-0.4568212330341339,0.2576941251754761,0.49363937973976135,-1.2610288858413696
4869.822,0.04382626339793205,-0.003567419247701764,-0.9981459975242615,-0.05837361887097359,-0.008249536156654358,-0.21601037681102753,30.202295303344727,-10.644320487976074,39.854835510253906,-0.6214298009872437,1.7210181951522827,0.8886075615882874,0.010898050852119923,1.4541934728622437,0.06835348159074783,-1.0112320184707642,0.26748061180114746,-0.1542268544435501,-1.049808382987976,1.3535562753677368,-0.3114613890647888,0.7215880155563354,-0.4017626643180847,-1.0805660486221313
4879.853,0.0007402262999676168,0.11974859982728958,-1.0265207290649414,-0.9388464093208313,-0.1224479079246521,-0.4510420262813568,29.90668487548828,-8.77852725982666,40.09035110473633,-1.171127438545227,0.8556141257286072,0.824495255947113,-1.4608368873596191,1.8827918767929077,-0.22235596179962158,-0.6746171712875366,-0.33382681012153625,0.8333112597465515,0.6790246367454529,1.2429144382476807,0.36335501074790955,1.441153645515442,-0.8948074579238892,0.14188191294670105
4890.098,0.015416497364640236,-0.08368096500635147,-1.0573848485946655,0.21268223226070404,-0.07759424299001694,-0.3188648223876953,29.48857879638672,-8.388187408447266,41.32868194580078,1.1571954488754272,-0.6879777908325195,0.05100240185856819,-0.33529970049858093,-0.7985745668411255,0.9500421285629272,-1.2403686046600342,-0.7191169857978821,0.11716891080141068,-1.1282769441604614,-0.08852383494377136,-1.5836079120635986,-1.192755937576294,0.5991769433021545,-0.6002708673477173
4899.940,-0.06148320436477661,0.09673449397087097,-0.9473270177841187,-0.010230520740151405,-0.7271835207939148,0.3610570430755615,29.72477149963379,-11.88895320892334,40.24283218383789,-1.4831664562225342,-0.5315551161766052,-0.1985481083393097,1.0771080255508423,-1.8894680738449097,-0.3359902799129486,1.1537067890167236,-0.35784491896629333,-1.5041474103927612,1.0296059846878052,1.0402212142944336,-0.12243950366973877,0.8231944441795349,0.07948728650808334,-2.0165014266967773
4909.922,-0.007912058383226395,-0.004830343183130026,-1.0358449220657349,-0.16469578444957733,0.10031435638666153,-0.8258442878723145,29.77798080444336,-11.271241188049316,40.907012939453125,0.8553561568260193,0.4694608747959137,-1.5874673128128052,1.5578066110610962,-2.4364328384399414,-1.2878072261810303,-0.838613748550415,-0.4281471073627472,-2.5283524990081787,1.1886913776397705,0.37655431032180786,-0.3820945918560028,0.6628033518791199,0.044200919568538666,-2.0326263904571533
4919.905,0.023506376892328262,-0.008792057633399963,-1.034533143043518,-0.23004931211471558,-0.053647369146347046,0.5101659297943115,29.502975463867188,-9.687352180480957,40.184181213378906,-1.22750985622406,-0.7613266706466675,1.5128350257873535,-1.319312572479248,0.6742789149284363,-1.0020281076431274,0.21055659651756287,-0.6645980477333069,-2.032410144805908,0.4910840094089508,-0.27800434827804565,0.5744551420211792,0.5773173570632935,0.4856894314289093,-0.4250487685203552
4930.037,0.02448694407939911,0.04446748271584511,-1.0144314765930176,-0.09912218898534775,0.11421868205070496,-0.8442357778549194,28.19287109375,-8.80136489868164,40.156166076660156,0.1980525404214859,2.2009778022766113,-1.1997087001800537,1.0470019578933716,-0.13039375841617584,1.0269205570220947,-0.599247395992279,-0.5344478487968445,-0.3854146897792816,0.4735948443412781,-1.208333969116211,2.1192123889923096,-1.6868326663970947,-1.0218164920806885,1.472403645515442
4939.829,0.05516188591718674,0.012986716814339161,-0.9660795331001282,0.059013497084379196,0.15712404251098633,-0.19074520468711853,30.845518112182617,-11.525803565979004,40.01992416381836,1.6124507188796997,1.0377373695373535,-1.4805521965026855,0.0498124398291111,0.5282090306282043,1.5196115970611572,2.054015636444092,0.5067945718765259,-0.524613618850708,-1.5229284763336182,-2.0332608222961426,0.15082991123199463,0.7830676436424255,1.491597294807434,2.0347368717193604
4950.046,0.0405191108584404,-0.010206594131886959,-0.9943066835403442,-0.22324207425117493,-0.379576176404953,-0.017853405326604843,29.5642032623291,-10.32006549835205,42.14614486694336,-2.1838486194610596,0.9053820371627808,-0.8210582137107849,0.36485397815704346,-1.0796149969100952,0.8564514517784119,-2.0760750770568848,-0.41911301016807556,1.3510621786117554,-0.48248201608657837,-1.212541103363037,0.35039573907852173,0.7344483733177185,0.8034122586250305,0.09917261451482773
4959.995,-0.04918474704027176,0.06818366795778275,-1.0185760259628296,0.07076482474803925,1.3210519552230835,0.2251541167497635,30.24376678466797,-9.956690788269043,39.10038375854492,0.16249670088291168,0.5284973382949829,-0.04847212880849838,1.1809509992599487,-0.5978912115097046,1.2518965005874634,0.18652769923210144,-0.4313408434391022,-0.014449232257902622,1.4602231979370117,-0.7502981424331665,-0.6650478839874268,0.7705385684967041,-0.011138224974274635,-0.47166556119918823
4969.917,-0.06188497319817543,0.030431969091296196,-1.0312237739562988,0.21730847656726837,0.24553285539150238,0.10354165732860565,29.54555320739746,-9.72092056274414,40.530426025390625,0.8454875946044922,0.1597372442483902,2.728100299835205,0.23191605508327484,-0.3433084785938263,0.7242482304573059,0.970612645149231,-0.012216392904520035,1.7090898752212524,1.2444666624069214,-1.6300300359725952,-0.232359379529953,-0.5643981695175171,1.2936921119689941,0.2985723912715912
4979.986,0.021140238270163536,0.03744655102491379,-0.9924806952476501,0.6483659744262695,-0.2085217386484146,-1.0299185514450073,30.116731643676758,-9.95429515838623,39.8214111328125,-1.437468409538269,-1.0628684759140015,1.3483699560165405,0.5726425051689148,0.4169987142086029,0.00970165990293026,-0.4266447126865387,0.6351348161697388,0.8282192349433899,0.34514355659484863,0.9408782720565796,-1.9416323900222778,-0.9869398474693298,0.35954394936561584,0.5244054794311523
4989.900,-0.01526347454637289,-0.12439416348934174,-0.9896520972251892,0.3059929609298706,-0.1323874145746231,0.4532293379306793,29.915668487548828,-8.204310417175293,41.46398162841797,0.5994696617126465,1.2632577419281006,0.6427609324455261,-0.4193100035190582,1.420285701751709,0.09668578207492828,-0.2295604646205902,0.4481348395347595,2.15087628364563,-0.16331705451011658,0.2653290033340454,-0.18746761977672577,-1.0873582363128662,0.5388966798782349,0.1320340782403946
4999.776,-0.021677060052752495,0.03274014964699745,-1.0145307779312134,0.6542156934738159,-0.47321203351020813,-0.9807425737380981,31.23703384399414,-10.175161361694336,41.08232879638672,-0.9141250848770142,-0.22005873918533325,-1.607076644897461,-1.7356938123703003,0.7003567218780518,-0.8164646625518799,1.9023016691207886,0.6992588639259338,-0.7045682072639465,0.12098190933465958,2.120372772216797,0.5129693150520325,0.3386124074459076,-0.9566287994384766,0.0703921988606453
5009.927,-0.04693610593676567,-0.021122680976986885,-0.9858787059783936,-0.056507039815187454,0.2619684338569641,0.8252964019775391,29.86890983581543,-9.09394359588623,41.42335510253906,0.8768706917762756,0.00013565797416958958,1.9068994522094727,0.2343730479478836,0.2543659508228302,0.003439781954512,0.38163506984710693,1.062856674194336,0.643571674823761,-1.3223881721496582,-0.07672994583845139,1.1668707132339478,-2.610504388809204,-0.37345799803733826,0.42286384105682373
5020.034,-0.04290920868515968,0.12439508736133575,-0.9587604999542236,-1.0413143634796143,-0.4464922547340393,0.08088551461696625,30.1630802154541,-9.425699234008789,39.582672119140625,-0.20342674851417542,-1.7995128631591797,0.13950137794017792,1.173291563987732,-0.11575423926115036,-1.0513570308685303,-0.5274791121482849,-0.06375910341739655,1.3516584634780884,0.77391117811203,-1.1663575172424316,-1.6235796213150024,-1.3334896564483643,-1.1742496490478516,-2.948716163635254
5030.176,-0.015627048909664154,-0.051943328231573105,-1.0022119283676147,0.23261955380439758,0.24834884703159332,0.21062801778316498,29.901779174804688,-11.18626880645752,37.865386962890625,-1.3441840410232544,0.25534775853157043,0.04245014116168022,1.0880635976791382,-0.8826942443847656,0.40337124466896057,0.9575773477554321,0.010088947601616383,-0.3840884566307068,-0.7723833918571472,-0.8406059145927429,2.3707690238952637,0.3238285481929779,-0.10795479267835617,1.0160596370697021
5040.040,0.032054826617240906,-0.09582426398992538,-0.9969586730003357,-0.45743802189826965,0.049163710325956345,-0.6257969737052917,32.41552734375,-10.148214340209961,41.153743743896484,-0.7642692923545837,1.6826032400131226,1.7044943571090698,-0.7902488708496094,1.288196086883545,0.803805947303772,-0.010636262595653534,-1.5186692476272583,0.3760370910167694,-0.19595026969909668,-1.9990977048873901,0.24094676971435547,-0.26992684602737427,-1.274248480796814,-0.22811517119407654
5050.058,0.12141665071249008,0.05640503764152527,-1.0103212594985962,-0.4078262150287628,0.7828934192657471,-0.2806372046470642,29.299442291259766,-11.374197006225586,41.097084045410156,-0.7929350137710571,1.3571454286575317,-1.8010789155960083,0.4724891185760498,1.3030316829681396,0.2696284055709839,1.4271925687789917,-1.4193507432937622,-0.235255166888237,-0.6265292167663574,-0.8875071406364441,-0.2695101201534271,-1.3931974172592163,-0.10104145109653473,0.11516042798757553
5060.114,0.019513970240950584,-0.000537316023837775,-1.0132055282592773,-0.0803479254245758,0.1280793696641922,-0.49765586853027344,30.27183723449707,-8.923812866210938,40.40715026855469,-0.546817421913147,0.07361895591020584,1.9417171478271484,-1.6805700063705444,-0.7454472184181213,-2.057868480682373,-1.1277209520339966,-0.7163928151130676,1.0412566661834717,1.5409009456634521,-0.21640554070472717,-0.29716718196868896,2.717761516571045,-1.6110347509384155,-0.2516764998435974
5070.169,0.02885475382208824,0.02048175223171711,-1.0048444271087646,-0.04108382761478424,-0.9430796504020691,-0.4055205285549164,28.27145767211914,-10.065764427185059,41.8327751159668,0.44867658615112305,0.18724188208580017,-1.162325143814087,0.6603260636329651,-0.00913459062576294,1.2255806922912598,0.6464520692825317,-0.5531355738639832,-1.097405195236206,-0.20117327570915222,-0.2300594598054886,-0.5611637234687805,0.33698129653930664,-0.3591821491718292,-0.6589803099632263
5080.114,-0.07248450815677643,0.03330817073583603,-1.0071111917495728,-0.023965029045939445,-0.015614616684615612,-0.4305308163166046,30.907350540161133,-10.07217788696289,40.06998062133789,-0.6583280563354492,0.32176175713539124,0.7861367464065552,-1.4669969081878662,-0.4195464253425598,-0.4324987828731537,-0.23604196310043335,0.026855915784835815,-1.5530140399932861,1.3964685201644897,0.1228487491607666,0.7316378355026245,-0.17049933969974518,0.4542257785797119,-0.34672462940216064
5090.068,0.06479429453611374,-0.006641104351729155,-1.0070226192474365,-0.7248762845993042,-0.8228408098220825,-0.1125723347067833,30.34832763671875,-10.869413375854492,39.752044677734375,-0.26034513115882874,0.45920130610466003,-1.1304198503494263,-0.7074632048606873,0.893541157245636,-1.6364527940750122,0.6779982447624207,-1.4698951244354248,-0.7731742262840271,-0.6900380849838257,0.6900971531867981,0.036976203322410583,0.6014338731765747,-1.2495520114898682,-0.23651377856731415
5099.944,0.04865381121635437,-0.06352952867746353,-0.9972763061523438,0.3842616081237793,0.014199902303516865,0.10022168606519699,30.01950454711914,-8.431251525878906,40.056278228759766,1.1374530792236328,-0.2669040560722351,0.4399530291557312,-1.2460975646972656,1.4417734146118164,-0.22210900485515594,0.08016657084226608,1.3360004425048828,-1.7780746221542358,0.36157214641571045,0.43522995710372925,1.1599558591842651,-1.6872978210449219,-0.8568480014801025,0.7352063655853271
5110.093,-0.019911736249923706,0.002709668595343828,-0.9864480495452881,-0.10757921636104584,0.18977090716362,0.04716081544756889,28.55641746520996,-11.721306800842285,38.85599136352539,2.4013006687164307,-2.2931032180786133,0.9770067930221558,1.0192152261734009,1.0994118452072144,0.552639901638031,1.4864022731781006,1.0321564674377441,0.4878345727920532,0.42580246925354004,0.24420487880706787,-0.9834160804748535,0.29539424180984497,0.4910961389541626,0.9939063787460327
5120.054,0.03109709918498993,0.017853375524282455,-0.9908813834190369,0.3093782961368561,0.8543567657470703,-0.48102593421936035,28.917724609375,-9.917847633361816,38.96269607543945,0.4449949860572815,0.9972208142280579,-1.096652626991272,-1.6801056861877441,0.339457631111145,-0.7657269239425659,0.9238656759262085,-0.596057116985321,-0.8669179677963257,-0.36114636063575745,0.7451223134994507,-0.6719598770141602,-1.4974486827850342,2.8089041709899902,-0.7524821758270264
5130.024,0.07239076495170593,-0.0773477777838707,-1.048614501953125,-0.3674687445163727,-0.68552565574646,-0.36689072847366333,31.31621742248535,-10.14223861694336,40.04813766479492,1.3898587226867676,1.417062520980835,0.12349914014339447,-1.3023362159729004,1.6352883577346802,0.4812619984149933,-0.039835650473833084,0.7492192983627319,-0.7158178687095642,-1.103522539138794,0.9374997019767761,1.0617045164108276,0.531060516834259,0.6092848777770996,1.4180958271026611
5139.962,-0.00808570347726345,0.09403269737958908,-1.004481315612793,-0.2487504780292511,-0.3211594521999359,0.47047364711761475,28.738340377807617,-10.202836036682129,38.927513122558594,-0.9203993678092957,-1.821608543395996,1.2232816219329834,-0.6803892254829407,0.7086181044578552,-1.4446736574172974,-1.1816318035125732,-0.030241167172789574,0.41905680298805237,0.4112052023410797,-0.8267955780029297,-1.8476485013961792,-0.9525338411331177,1.2121928930282593,0.6397379636764526
5150.005,-0.037129320204257965,0.03123766928911209,-1.005144715309143,-0.1592046618461609,-0.37910518050193787,0.8737893104553223,28.649314880371094,-8.661677360534668,40.25231170654297,-0.03906572610139847,0.9431517720222473,-0.7992973923683167,0.6314828991889954,0.10443057864904404,0.8159620761871338,-0.7707311511039734,-0.34650635719299316,-0.07932385057210922,0.7441115379333496,0.7012337446212769,-0.5279956459999084,0.6346598863601685,-0.30880674719810486,-1.120364785194397
5160.162,-0.006964243017137051,0.0010215600486844778,-1.0121122598648071,0.2555864751338959,-0.2767239809036255,-0.05113112926483154,29.02512550354004,-10.639732360839844,38.949947357177734,0.4215798079967499,-0.9838442206382751,0.17830516397953033,0.7844128608703613,-2.1253859996795654,-0.8000882267951965,0.10057464241981506,-0.5428075194358826,-0.15003788471221924,1.1723219156265259,0.9923048615455627,0.5449934005737305,-0.21460787951946259,-1.3423264026641846,0.573298990726471
5170.181,0.04936979338526726,0.02700101211667061,-0.993130624294281,-0.8091443181037903,-0.03721749410033226,0.1075688824057579,30.160078048706055,-12.592754364013672,40.08767318725586,-0.07004356384277344,-0.7377282381057739,-0.7472509741783142,0.484483003616333,0.7761317491531372,-0.1574949324131012,0.30732262134552,1.6898505687713623,-0.9010252356529236,-0.8992981910705566,0.44689470529556274,-0.7855137586593628,1.9698606729507446,1.9860682487487793,1.989080548286438
5180.133,0.00677569629624486,0.001660284586250782,-0.99808669090271,0.3327845633029938,0.3841606080532074,0.22043739259243011,31.61039161682129,-10.650853157043457,40.12245559692383,0.543143093585968,-1.4909677505493164,0.29136091470718384,-1.2208237648010254,0.8036220669746399,1.0702346563339233,-1.6034640073776245,0.6218270063400269,0.44891825318336487,1.1400781869888306,-0.13081341981887817,-0.42652520537376404,0.27160993218421936,-1.9243593215942383,-0.7310090661048889
5189.891,0.06335084140300751,-0.03940360248088837,-0.9687483310699463,0.44226521253585815,0.9365713596343994,-0.2868002951145172,30.259796142578125,-11.887456893920898,38.418060302734375,0.2168007344007492,2.815513849258423,-2.2250800132751465,0.36510154604911804,1.1548361778259277,-0.7511934638023376,-0.5930002331733704,-0.18665868043899536,1.8086838722229004,-0.8892955780029297,-0.08636541664600372,2.2277204990386963,1.0338258743286133,0.24197013676166534,0.24553565680980682
5199.989,0.052493125200271606,0.028445255011320114,-0.9898545742034912,0.11756011098623276,-0.08136887103319168,0.5507757067680359,31.22545051574707,-11.17615795135498,40.4818115234375,0.8343582153320312,1.8755728006362915,0.08942769467830658,-0.5660085082054138,-0.5630939602851868,-1.20390784740448,-0.4542382061481476,1.2031915187835693,1.9657269716262817,-0.2823689579963684,-0.028785474598407745,0.4828747510910034,2.270397663116455,0.879104733467102,0.396632581949234
5210.080,0.06373234838247299,0.06109894812107086,-1.0188329219818115,0.3215324878692627,-0.1249133050441742,-0.8548205494880676,29.890405654907227,-10.989131927490234,39.131805419921875,0.11160261929035187,-0.4712366461753845,0.015442809090018272,-0.7756631374359131,-0.7727198600769043,-0.0743875578045845,-1.2238167524337769,1.4330636262893677,1.5134340524673462,1.1582211256027222,1.8765236139297485,-0.08543689548969269,-0.02983008697628975,0.009822124615311623,-0.5681664943695068
5220.104,-0.02812608703970909,0.02314610406756401,-1.0196329355239868,0.45342910289764404,0.16494162380695343,-0.3429478406906128,29.233579635620117,-10.315523147583008,41.018592834472656,2.1184990406036377,0.722633957862854,-0.4568977653980255,1.8635379076004028,0.5774137377738953,0.3043577969074249,-1.0380057096481323,-2.2359578609466553,-0.03432278335094452,-0.18684561550617218,-2.5636422634124756,0.012382902204990387,0.16505898535251617,-0.017895761877298355,-1.098382592201233
5229.807,0.005248195957392454,0.016169702634215355,-0.9726937413215637,0.12048162519931793,0.00065883609931916,0.26006510853767395,29.767213821411133,-8.933661460876465,37.957069396972656,0.028657710179686546,0.07942867279052734,0.5521103143692017,-0.14932437241077423,-1.4287723302841187,-1.1333707571029663,-0.30356526374816895,-1.2004238367080688,-0.3680146038532257,0.9843064546585083,0.9081106781959534,0.41459178924560547,1.2562518119812012,-0.7455496191978455,0.4750228524208069
5239.995,-0.011866828426718712,-0.06797096133232117,-1.012431263923645,0.562263548374176,-0.03479380905628204,0.10355180501937866,30.766006469726562,-10.6834077835083,38.766422271728516,-0.5544511675834656,-0.8278008699417114,0.19860412180423737,0.6466050148010254,-0.880264401435852,0.8348440527915955,1.635831594467163,0.7452097535133362,0.7715312242507935,0.9354950785636902,0.02524331584572792,-0.8210271000862122,-0.8305287957191467,-1.1097561120986938,6.030484655639157e-05
5250.204,0.05909375846385956,0.05138636380434036,-1.0051121711730957,0.9306914210319519,-0.3290512263774872,0.016412248834967613,29.93638038635254,-11.126105308532715,41.39175033569336,0.65501868724823,2.323674201965332,0.23344141244888306,0.3973327577114105,-0.8398175835609436,-0.13300946354866028,1.1063214540481567,-0.8917353749275208,-0.17409245669841766,-0.6066532135009766,0.7964392304420471,1.674075722694397,1.149143934249878,0.7394264340400696,0.8897495269775391
5259.963,0.02034704200923443,0.018101908266544342,-1.0089243650436401,0.6927266716957092,0.384766548871994,0.027410512790083885,29.911306381225586,-10.53013801574707,40.434295654296875,-0.3609064817428589,0.3423997759819031,0.41701048612594604,0.0746505931019783,0.21079707145690918,-0.6800134778022766,-1.4055360555648804,0.04759446531534195,-0.7863364815711975,0.38440579175949097,-0.4766402244567871,-0.30017226934432983,1.0848227739334106,-0.6267122626304626,0.05483276769518852
5270.160,0.007403870578855276,-0.006521794479340315,-0.9786587953567505,0.08485206216573715,-0.020201120525598526,0.1446060985326767,28.718969345092773,-11.519088745117188,40.858314514160156,-0.9444581270217896,0.31649157404899597,1.0021508932113647,0.7014510631561279,0.47612476348876953,-0.6325448751449585,-1.368572473526001,-0.4339807331562042,0.5173163414001465,1.0348832607269287,1.5545575618743896,0.306344598531723,-1.4311883449554443,-0.6853421330451965,-0.49953797459602356
5279.881,-0.05806295946240425,-0.006101020611822605,-0.991824209690094,0.24020254611968994,-0.21480274200439453,-0.32955101132392883,29.445377349853516,-6.822304725646973,38.822933197021484,-1.2196892499923706,-0.8085553646087646,-0.9497538805007935,0.2237038016319275,-1.5080443620681763,1.0494154691696167,0.14301006495952606,-0.9062387347221375,2.343245029449463,0.1061176061630249,0.6581177115440369,0.03200944513082504,-0.3425412178039551,-0.3821668028831482,-0.4904295802116394
5289.939,-0.03570450842380524,0.06884879618883133,-1.0066428184509277,-0.3836577832698822,0.008440679870545864,-0.2173861861228943,29.73357582092285,-9.896530151367188,39.498512268066406,1.8050541877746582,-1.228554368019104,-0.28640016913414,-2.4922142028808594,0.9232534170150757,1.1390912532806396,-1.6132903099060059,-0.4397227466106415,0.21010158956050873,1.2175569534301758,-0.4047168493270874,0.15746130049228668,-0.03214799240231514,-0.9375641345977783,-0.010077192448079586
5299.890,-0.10291723161935806,-0.019086165353655815,-0.9886277914047241,0.1957274079322815,-0.029916074126958847,-0.6590840220451355,30.12542724609375,-9.563426971435547,38.498844146728516,0.5856310725212097,-1.3642669916152954,0.23277030885219574,-0.09338544309139252,1.3365200757980347,0.6384378671646118,-1.1329689025878906,0.5947505235671997,-0.9725536704063416,0.7509446144104004,-0.9213764071464539,0.21790900826454163,0.1274968683719635,0.8044627904891968,1.0789293050765991
5310.304,0.06675594300031662,0.10010816156864166,-1.0098559856414795,0.9256817102432251,0.19835986196994781,-0.049469973891973495,29.28272819519043,-10.200488090515137,41.34674072265625,1.6755541563034058,0.038132235407829285,-0.271763414144516,-0.5067177414894104,-1.4014298915863037,-2.649818181991577,-1.2298717498779297,-0.6113482713699341,0.2595720589160919,0.23546427488327026,0.10745664685964584,-1.5084223747253418,0.13486123085021973,0.3496164083480835,0.01924513466656208
5319.989,0.0656566321849823,0.00613356800749898,-1.0270843505859375,0.6822649836540222,0.4960905909538269,-0.5760856866836548,29.14573860168457,-9.257357597351074,39.14417266845703,-0.6778917908668518,-1.1165841817855835,0.8415438532829285,1.461246132850647,2.3562331199645996,1.9438666105270386,0.40579843521118164,-1.648613691329956,-1.1673516035079956,-0.5030838251113892,-0.5260576605796814,0.46519508957862854,0.06623320281505585,0.20061811804771423,-2.792386293411255
5330.076,-0.07863511145114899,0.11296285688877106,-1.000605821609497,-0.07169114798307419,-0.7999792098999023,0.03725751116871834,29.62897491455078,-10.988335609436035,42.58659744262695,-1.704944372177124,-1.2755235433578491,0.05766397714614868,0.1202637329697609,0.02235957607626915,0.5605736374855042,0.39487332105636597,0.5932890772819519,0.832444965839386,2.18558931350708,2.3669044971466064,0.4095901846885681,-1.4874861240386963,-1.4279979467391968,-0.02236170694231987
5340.185,0.006065747234970331,-0.08306515216827393,-1.039912223815918,0.37339696288108826,0.12644638121128082,-0.7336867451667786,28.864051818847656,-8.303808212280273,40.0393180847168,-0.33712998032569885,1.02452552318573,0.0004990476300008595,1.077040195465088,0.7706530690193176,0.4572595953941345,-0.7071048617362976,1.957166075706482,-0.17616379261016846,0.5326551795005798,0.8868562579154968,0.4446221590042114,0.17366056144237518,-0.3580975830554962,-0.060729313641786575
5349.887,-0.038240425288677216,0.04348275437951088,-1.0065245628356934,0.05549406632781029,-0.04664132744073868,0.5906354784965515,28.303741455078125,-9.729912757873535,39.00870895385742,-1.0972727537155151,-0.12474372237920761,1.1349378824234009,0.35422495007514954,-0.7289044857025146,-1.3888050317764282,0.791302502155304,-1.60496985912323,0.007840897887945175,-0.586271345615387,0.19119836390018463,-1.079223394393921,-0.48147475719451904,-0.2338709533214569,1.0283547639846802
5359.902,0.008143804036080837,-0.014424222521483898,-0.9987586140632629,-0.1263074427843094,0.2546972334384918,0.15244898200035095,29.95819664001465,-8.846651077270508,40.500423431396484,1.195119023323059,-1.8518844842910767,1.0088350772857666,-0.6839565634727478,-0.5523358583450317,-0.3965538442134857,-1.096580982208252,1.726452112197876,-1.651395559310913,2.1984355449676514,0.18870346248149872,-1.569380760192871,-1.1014961004257202,-0.36974915862083435,-1.4354016780853271
5370.001,0.05004885420203209,0.032051313668489456,-0.9923396706581116,-0.3124183714389801,-0.2849859297275543,-0.1766968071460724,29.543514251708984,-9.731010437011719,40.97123336791992,0.10952671617269516,0.30034953355789185,1.9495950937271118,-1.3273197412490845,-0.36810046434402466,-0.7098454833030701,0.006608183961361647,0.33919936418533325,-0.02503899298608303,0.5552051663398743,0.23234927654266357,0.6490474343299866,-0.9811890721321106,0.531832754611969,-0.8657109141349792
5379.819,-0.017023805528879166,-0.03945576399564743,-1.0188977718353271,0.07644554227590561,-0.31067579984664917,0.13381318747997284,30.215972900390625,-8.747822761535645,40.1728515625,-0.022275883704423904,0.7516676783561707,-0.16400809586048126,-0.5666254162788391,-0.32033926248550415,-1.5214887857437134,0.18259912729263306,2.0836963653564453,-0.23734304308891296,0.09884614497423172,0.9427082538604736,0.24289052188396454,-1.938439965248108,-0.17263703048229218,-1.5549403429031372
5390.163,-0.02763749472796917,0.06413043290376663,-0.9702783823013306,-1.306748628616333,-0.08795128762722015,-0.18366211652755737,28.337078094482422,-10.893004417419434,40.35261917114258,-0.07088802754878998,-0.5763891339302063,0.3667953908443451,-0.07941639423370361,-0.01041899248957634,-0.6302298307418823,0.6705894470214844,-1.3983392715454102,0.09946481138467789,-1.0499122142791748,-0.5048839449882507,-1.2709554433822632,-0.9570429921150208,-1.8265918493270874,-1.2453594207763672
5399.692,0.000397482916014269,-0.05806393548846245,-0.9952343702316284,0.1855340301990509,0.7468959093093872,0.6469176411628723,29.146602630615234,-9.371395111083984,39.793182373046875,-1.1403504610061646,-1.4402117729187012,-1.2025822401046753,1.8839049339294434,-0.0866207629442215,0.0618264377117157,0.13812659680843353,-0.3042513132095337,1.2043726444244385,0.1869514286518097,-4.204614162445068,2.0532801151275635,-0.8136463165283203,-0.03812011331319809,0.13843883574008942
5409.834,0.06634501367807388,0.013242347165942192,-1.005765676498413,-0.2948666214942932,0.11844604462385178,0.24959605932235718,31.005878448486328,-10.173069953918457,40.23733901977539,-1.4173206090927124,0.4221678674221039,0.0745287612080574,-0.3984610140323639,2.307309627532959,-2.1173932552337646,-0.022606775164604187,-0.3881593346595764,2.614651679992676,-0.4345892071723938,-1.9799635410308838,-0.11022549867630005,0.47547823190689087,-1.8114879131317139,-1.1849937438964844
5419.964,-0.03341670706868172,-0.04862223193049431,-1.0019629001617432,-0.46730273962020874,-0.13083642721176147,-0.10209272056818008,29.927276611328125,-10.463102340698242,40.48847198486328,0.2185523957014084,0.8278939127922058,0.3472815752029419,1.8768478631973267,-0.9772624969482422,-0.1420319527387619,0.4967584013938904,-0.7725207805633545,0.7476173639297485,-0.4926934242248535,0.09628546983003616,0.8184470534324646,-1.483359456062317,-1.135879397392273,-0.1555708646774292
5429.924,0.07831495255231857,0.005836205091327429,-1.030824065208435,0.024060962721705437,-0.17227470874786377,-0.21221137046813965,28.78995132446289,-10.552375793457031,40.582740783691406,-0.5306665301322937,-0.005440803710371256,-0.823539674282074,-0.43493276834487915,0.15240263938903809,0.20374919474124908,-0.7225481867790222,0.8908681273460388,-1.1354730129241943,-0.7397894859313965,0.40423646569252014,0.958511471748352,-2.2464845180511475,-0.155206561088562,-0.045413002371788025
5440.056,0.055015504360198975,-0.026754723861813545,-1.0296244621276855,0.48339778184890747,-0.003333786502480507,0.388766884803772,31.289525985717773,-10.798734664916992,41.562965393066406,-1.4954934120178223,1.8738394975662231,-1.2643671035766602,0.6464165449142456,-0.6412482261657715,0.6623258590698242,-0.20300766825675964,1.2324657440185547,0.7478678822517395,0.9272428750991821,-1.4081745147705078,0.276687353849411,-0.4366122782230377,1.2260797023773193,0.6222469806671143
5450.061,0.10510707646608353,0.05750669911503792,-1.014773964881897,-1.4442126750946045,0.25368183851242065,-0.5910416841506958,30.350814819335938,-10.223546981811523,40.01725769042969,1.4453046321868896,0.7928035855293274,-1.0733318328857422,-0.14606784284114838,0.04370119795203209,-1.627387523651123,1.062450885772705,-1.6367167234420776,-0.1659257411956787,-1.6932284832000732,1.5305047035217285,-0.8058285117149353,0.5740334391593933,-0.7695879340171814,-1.7019332647323608
5460.002,-0.03385484963655472,-0.1260911077260971,-0.9635443091392517,-0.42032909393310547,-0.14216983318328857,0.1567884385585785,30.540803909301758,-9.3035249710083,40.018028259277344,-1.4876859188079834,-0.6137270927429199,1.0867055654525757,1.4312236309051514,0.07102129608392715,-2.389688014984131,0.6747885346412659,0.8014783263206482,-0.9517966508865356,0.7405633330345154,-0.02230093814432621,1.2956006526947021,-1.3799349069595337,-0.09803934395313263,0.9413959980010986
5470.159,0.025183727964758873,-0.00033883191645145416,-0.9957035779953003,-0.05745646730065346,0.4566987454891205,-1.1868414878845215,28.84882164001465,-9.809566497802734,39.64084243774414,-1.4113061428070068,-2.4201526641845703,1.6600749492645264,0.5980726480484009,0.3350917398929596,0.2708253562450409,-0.49063950777053833,1.8740015029907227,-2.522782564163208,-0.3204799294471741,0.03218626603484154,1.2993199825286865,-0.82464599609375,-1.0657631158828735,2.5156524181365967
5479.549,-0.06676622480154037,0.04374488815665245,-1.0018484592437744,0.06129828467965126,-0.2971266210079193,-1.0455474853515625,29.200613021850586,-10.21201229095459,39.3274040222168,0.9267873764038086,-1.6035677194595337,-0.1773272007703781,0.776456356048584,0.4895009696483612,0.5166067481040955,0.12734508514404297,1.7377132177352905,0.4274379312992096,1.022514820098877,0.7399830222129822,-0.13318976759910583,0.24169190227985382,-0.5464808940887451,0.20071987807750702
5490.175,0.021774886175990105,0.03524613007903099,-1.0208231210708618,-0.5336108803749084,-0.7531610727310181,0.7608369588851929,30.46978187561035,-9.52630615234375,40.758052825927734,0.16222533583641052,0.8355933427810669,1.8331385850906372,0.9609844088554382,0.5346598625183105,2.1607847213745117,0.9324532747268677,0.11390981078147888,1.089307427406311,0.08988210558891296,2.330843687057495,0.7183035612106323,0.5378257036209106,0.7261103987693787,0.5687915086746216
5500.182,-0.013798119500279427,0.03710469976067543,-0.9669512510299683,-0.5348264575004578,-0.19084249436855316,0.2216588705778122,28.55275535583496,-9.194726943969727,39.93056869506836,3.4925625324249268,0.25389960408210754,-1.5154489278793335,0.9066306948661804,-0.4719650447368622,1.081091284751892,-0.6892626881599426,-0.2771137058734894,2.464628219604492,1.0709002017974854,-0.574522078037262,1.1039650440216064,1.5531642436981201,-0.2934853434562683,-0.15997081995010376
5509.913,0.05060458183288574,0.07227989286184311,-1.0476237535476685,-0.029708044603466988,-0.2538319528102875,-0.10600154101848602,31.108585357666016,-10.608073234558105,41.254764556884766,0.3147951662540436,1.3708232641220093,-1.4578533172607422,-0.6574074625968933,-0.15631872415542603,-2.3431625366210938,0.7343828082084656,-0.00309727038256824,-0.19929613173007965,0.4651282727718353,2.093193292617798,0.11896543949842453,-0.19002152979373932,1.224044919013977,1.408945083618164
5519.805,-0.09265588968992233,-0.021916847676038742,-0.9894968867301941,0.5172795057296753,-0.19404126703739166,-0.4063287675380707,31.537914276123047,-10.445130348205566,38.96548843383789,-0.8290939927101135,-0.2634098529815674,1.245830774307251,-1.5070438385009766,1.0741981267929077,-0.5330986380577087,0.22017152607440948,-0.2158525586128235,-0.38680291175842285,2.07285213470459,0.7022610902786255,-0.6657052636146545,-1.5467965602874756,-0.7725127339363098,-0.7240184545516968
5529.869,0.05073365941643715,0.009751219302415848,-1.0234184265136719,-0.20964555442333221,-0.5504889488220215,-0.7300621271133423,30.451854705810547,-9.304132461547852,40.234580993652344,-2.008289337158203,0.5195066332817078,-0.415732204914093,0.31043362617492676,-1.6270270347595215,0.7745251059532166,-0.81147700548172,-0.4190932512283325,0.924282431602478,-0.7461917996406555,0.03709099814295769,1.0924291610717773,1.415347933769226,1.4938185214996338,1.2021207809448242
5540.126,0.06519663333892822,0.010584005154669285,-1.0341325998306274,-0.09514644742012024,-0.18621423840522766,-0.08029280602931976,30.093215942382812,-10.72046184539795,40.871639251708984,-0.40197402238845825,0.28397032618522644,0.30396631360054016,1.5368249416351318,1.1390306949615479,-0.45075398683547974,1.0871660709381104,0.4886038601398468,1.78703773021698,-1.026864767074585,0.2826588749885559,-0.4332454800605774,0.16965344548225403,0.27675530314445496,0.12186914682388306
5549.850,0.01630413345992565,0.021821357309818268,-1.0202263593673706,-0.2922552227973938,-0.11895359307527542,-0.47075608372688293,29.454587936401367,-9.904698371887207,38.742252349853516,-1.1430692672729492,0.8464463949203491,0.3107540011405945,1.5075489282608032,0.4813387989997864,0.3705289661884308,-0.3035203814506531,-1.1897590160369873,-1.4893537759780884,-1.1699856519699097,0.6959232091903687,-1.1786850690841675,0.8669008016586304,0.5306878685951233,-0.4676705300807953
5560.160,-0.012664263136684895,0.0456693209707737,-0.9829877614974976,-0.04919261857867241,-0.7667421102523804,0.2868782877922058,30.242385864257812,-11.227434158325195,40.77009582519531,0.23044653236865997,-0.6629677414894104,2.0810317993164062,-0.9382308125495911,-0.24753031134605408,0.6728262305259705,-1.7654047012329102,-1.0605307817459106,-0.43575605750083923,0.888627827167511,0.2733233869075775,-0.1999458223581314,-0.02242806740105152,0.4474506378173828,-0.631588876247406
5570.022,0.0489153191447258,0.04313318431377411,-1.019692301750183,-0.30815282464027405,-0.2732682228088379,-0.5475795865058899,30.372528076171875,-9.869665145874023,40.90801239013672,0.9844552278518677,1.5566260814666748,-0.5295544862747192,-0.6087242960929871,1.0482419729232788,1.7385451793670654,-0.4241845905780792,1.7093034982681274,0.3967463970184326,-0.8821805119514465,-2.300649642944336,-1.0183110237121582,0.33328568935394287,-0.47963595390319824,-0.28814423084259033
5580.016,0.02934369631111622,0.009647938422858715,-1.004938006401062,0.01138472743332386,-0.8781143426895142,0.5746031403541565,30.22262191772461,-9.967403411865234,39.89839172363281,-0.6506228446960449,0.461834192276001,-1.6071313619613647,-0.4507717192173004,-1.001395583152771,0.5179241299629211,1.0383902788162231,-0.514616847038269,1.1488876342773438,-0.64065021276474,-0.9873501658439636,1.11186945438385,1.1254132986068726,-0.4485911428928375,0.24440428614616394
5590.118,-0.06539489328861237,0.015790829434990883,-1.018857479095459,-1.150537371635437,-0.7791317701339722,-0.3550777733325958,31.42866325378418,-10.425284385681152,39.79780197143555,-0.9260643124580383,0.2408231943845749,1.6547315120697021,-0.4798358678817749,-0.49193865060806274,0.19741909205913544,-0.6889002919197083,0.20652708411216736,-1.6169098615646362,0.8303031325340271,0.17158974707126617,1.4914473295211792,2.300313711166382,-0.5481093525886536,0.12194754928350449
5599.621,0.04656398296356201,-0.045018624514341354,-0.9827319383621216,0.14607632160186768,0.6049066781997681,-0.6817399263381958,30.187549591064453,-10.367405891418457,39.204776763916016,-0.36991655826568604,-0.1184089332818985,-0.4929898977279663,1.373369574546814,-1.6448636054992676,0.0355742871761322,-0.28697124123573303,0.7102503776550293,1.7180685997009277,-1.2480415105819702,-0.13153687119483948,-0.030773138627409935,-0.5880706310272217,-0.049830567091703415,-2.5091753005981445
5609.886,-0.03441739082336426,-0.020081160590052605,-1.0108507871627808,0.10204377770423889,0.10925862193107605,0.027679648250341415,28.376922607421875,-10.565547943115234,40.56673049926758,-0.7468394041061401,-0.8952094912528992,-1.119503140449524,-1.3080182075500488,-0.34665966033935547,-0.971798300743103,-1.1226447820663452,-0.09617205709218979,-0.05407676473259926,0.22746065258979797,2.152918815612793,-1.1270294189453125,1.7929232120513916,2.1754257678985596,-1.947908878326416
5620.006,-0.0073374053463339806,0.03627500683069229,-0.9773212671279907,-0.3422165513038635,0.11885154247283936,-0.04810239002108574,30.519025802612305,-10.902847290039062,40.03445053100586,0.11820914596319199,-0.465566486120224,-1.3032888174057007,0.17731927335262299,-0.10596825927495956,0.2877892851829529,1.835951566696167,1.9330910444259644,0.4545321464538574,-0.9254003763198853,0.8061409592628479,2.362571954727173,0.512465238571167,-0.004201523493975401,-0.058165043592453
5629.966,0.05476425215601921,-0.04484551399946213,-1.0449093580245972,-0.6391447186470032,0.7054731249809265,0.8948664665222168,29.865339279174805,-9.297859191894531,39.92556381225586,-0.1061234250664711,0.6754011511802673,-0.9656155705451965,0.1548774391412735,-0.26975563168525696,0.2847611904144287,-0.4463615417480469,-1.7696423530578613,-1.1098002195358276,0.8278893232345581,-0.6034500002861023,-0.01830168627202511,0.8370265960693359,0.12058763951063156,-1.3383644819259644
5639.959,0.02904883399605751,-0.05564465746283531,-1.0388277769088745,0.7170601487159729,-0.06506981700658798,0.5634413957595825,31.229883193969727,-8.879744529724121,40.23116683959961,-0.16332562267780304,-0.7364705204963684,-1.207665205001831,-0.06274749338626862,1.9757492542266846,-0.35044026374816895,-1.2460901737213135,0.3311944305896759,0.4693129360675812,0.9800332188606262,-0.16904950141906738,0.23062150180339813,-1.39535653591156,1.2475029230117798,-0.11715841293334961
5650.032,-0.0027136318385601044,0.05308559164404869,-0.9801346063613892,-0.5828392505645752,0.1941046267747879,-0.5556844472885132,29.985767364501953,-10.521665573120117,40.258880615234375,-1.5496731996536255,0.24524711072444916,-0.6975681781768799,0.08953530341386795,1.3154391050338745,0.7436628937721252,0.9197359085083008,1.4640493392944336,0.5364978313446045,-2.146027088165283,-0.07651641964912415,1.1135603189468384,0.24853765964508057,0.36644649505615234,3.2010200023651123
5660.056,-0.005748417228460312,0.05893624201416969,-1.042372226715088,0.37327471375465393,0.031883660703897476,0.9402195811271667,30.490013122558594,-9.728704452514648,39.910648345947266,-0.016966497525572777,-1.035166621208191,-1.5927475690841675,-0.6620927453041077,-1.1298030614852905,1.7598369121551514,1.5064377784729004,1.36270010471344,-0.070785291492939,0.7782945036888123,-2.4108331203460693,-1.3570923805236816,1.4920276403427124,-0.9334214925765991,-1.5200363397598267
5669.748,-0.041999451816082,0.0436428040266037,-0.9697300791740417,0.32462629675865173,0.20102228224277496,-0.5716498494148254,31.028127670288086,-11.165011405944824,40.83890151977539,-0.7170414328575134,0.9098321795463562,-1.157833456993103,0.08150773495435715,-0.27421000599861145,-1.6231471300125122,-0.2621258497238159,-0.3744354546070099,-1.0424330234527588,-0.5519335269927979,-0.9943498969078064,0.3533678352832794,-0.29201561212539673,1.6974525451660156,1.9930963516235352
5680.013,-0.011546675115823746,-0.12119461596012115,-0.9883804321289062,0.22231441736221313,-0.25928109884262085,0.1646871268749237,27.933237075805664,-10.980135917663574,40.2002067565918,-0.852239727973938,0.18200275301933289,1.313728928565979,-0.5910124182701111,-1.7357591390609741,-0.7772895693778992,0.7204025983810425,0.5792704224586487,0.10143039375543594,-0.7988166809082031,0.8445248007774353,-1.2048344612121582,-0.3681826591491699,0.19069097936153412,0.268484890460968
5690.351,0.001432384131476283,0.032234009355306625,-1.0268393754959106,0.4098818004131317,0.2534363865852356,-0.5698142051696777,31.455440521240234,-9.987717628479004,38.87625503540039,0.37299519777297974,1.5710771083831787,-0.6201063990592957,-0.5864856839179993,-1.0819967985153198,-1.6980583667755127,-0.21398569643497467,-0.6539921760559082,-1.3607840538024902,0.39366787672042847,0.6508596539497375,2.456124782562256,0.8188319206237793,-1.0579878091812134,-1.7501263618469238
5700.336,0.010078915394842625,0.008140800520777702,-1.0015500783920288,-0.25429242849349976,0.3640538454055786,0.46422526240348816,31.468093872070312,-11.116416931152344,40.90755081176758,-1.5940150022506714,-0.3212282955646515,0.532940685749054,-0.7710400223731995,-0.3032328188419342,0.9058454632759094,1.2163020372390747,0.4985048472881317,-0.9119515419006348,-1.524945616722107,0.3322290778160095,-1.0570536851882935,-0.26558539271354675,0.6069496273994446,1.2102336883544922
5710.151,0.08570439368486404,-0.01086519006639719,-0.9796744585037231,-0.022658351808786392,-1.2723605632781982,-0.09874277561903,29.398426055908203,-10.546452522277832,39.323944091796875,-0.2421419471502304,-2.2349038124084473,1.239108681678772,-1.40061354637146,-0.3080115020275116,0.8479704260826111,-3.0676052570343018,0.7344539165496826,0.2889743149280548,-1.5826929807662964,-0.05746745690703392,1.3137532472610474,-0.629292905330658,0.12205972522497177,-1.2873467206954956
5719.645,-0.1068941056728363,-0.022689804434776306,-1.0033785104751587,-1.4352699518203735,0.6039289236068726,-0.19209082424640656,28.676158905029297,-8.805078506469727,39.312904357910156,-0.8930807113647461,0.9086421132087708,0.23488301038742065,1.2929688692092896,1.4918110370635986,0.06340319663286209,-0.24480204284191132,0.8835014700889587,0.3207203149795532,0.22309160232543945,0.09721485525369644,-1.36992609500885,0.13366055488586426,0.11810152977705002,-0.33765801787376404
5729.898,0.04219170659780502,-0.008158906362950802,-1.0227158069610596,-0.020412933081388474,1.7078598737716675,-0.4954011142253876,28.860437393188477,-11.736629486083984,40.7008056640625,-0.6811611652374268,-1.2580690383911133,0.9704100489616394,0.5448778867721558,-1.6572563648223877,1.768808364868164,-0.6433091759681702,0.042161740362644196,0.4506780207157135,-0.39841076731681824,-0.6394579410552979,0.33186331391334534,-0.8583338856697083,1.818017840385437,-0.5961878895759583
5739.913,0.002729598665609956,0.0055727846920490265,-0.9855329990386963,-0.7841095328330994,-0.10978250950574875,0.8881106376647949,29.531095504760742,-11.773682594299316,40.6336784362793,-0.19052162766456604,0.14782290160655975,0.714508056640625,-0.6265747547149658,-0.7660127878189087,-0.9549529552459717,0.24619069695472717,0.2237475961446762,-0.07957053184509277,-0.1311134248971939,-0.8403900861740112,-0.5464981198310852,0.5328556895256042,0.40605995059013367,-0.243994802236557
5750.097,-0.013219251297414303,0.03596315532922745,-1.0040308237075806,0.04258378967642784,0.32518550753593445,-0.028146078810095787,29.832111358642578,-10.32674503326416,40.26516342163086,-1.4394117593765259,-0.3740597069263458,1.6034553050994873,-0.8545527458190918,0.8424059152603149,-0.3371526896953583,0.1301877200603485,1.829384446144104,2.284407138824463,0.7575372457504272,0.7583379745483398,-0.6770450472831726,-0.1733470857143402,0.11271495372056961,-0.3258586525917053
5759.870,0.04455212131142616,-0.014158598147332668,-0.9982554912567139,-0.38740813732147217,-0.9468469023704529,0.859917938709259,30.211132049560547,-8.556156158447266,39.940673828125,1.225460171699524,1.1045676469802856,-0.07745558768510818,0.7264150977134705,-0.47363728284835815,0.8598451614379883,1.437272310256958,0.22081874310970306,-0.19848817586898804,-1.0493297576904297,-2.2304351329803467,0.2771987318992615,-0.14030149579048157,-0.2177293747663498,-0.7489005327224731
5770.033,-0.07363977283239365,0.046290673315525055,-0.9943395256996155,0.10436279326677322,-0.5666292309761047,0.06884335726499557,29.45796775817871,-10.568802833557129,41.836612701416016,-0.22389371693134308,0.8065505623817444,-1.5397179126739502,0.3903060853481293,2.021634101867676,-0.3659975826740265,1.310709834098816,-0.13391563296318054,-0.7767099142074585,1.514978051185608,0.2762432098388672,0.6090299487113953,-0.28918159008026123,-0.5760082006454468,0.27291643619537354
5779.860,-0.062049154192209244,-0.05776011198759079,-1.0087206363677979,-1.0483644008636475,-0.14738729596138,0.4800587594509125,31.278682708740234,-11.2210693359375,41.06822204589844,-0.5710596442222595,0.8699279427528381,-1.142159104347229,-0.5154632925987244,0.005576509982347488,0.03963964805006981,1.0146849155426025,-1.0597846508026123,-0.19630762934684753,0.8425412178039551,-0.3204996585845947,-0.8411584496498108,1.5946226119995117,0.3129652440547943,-0.600782036781311
5790.009,0.022144945338368416,0.051363393664360046,-1.0183857679367065,-0.23129884898662567,-0.6120682954788208,0.7748865485191345,30.631446838378906,-9.944154739379883,40.7105712890625,-0.7131901383399963,0.9711888432502747,0.673838198184967,-0.7061342000961304,1.0269393920898438,0.4189847707748413,1.2899529933929443,0.17740482091903687,-0.34900474548339844,-0.7354699969291687,0.7793787717819214,-1.0708686113357544,-1.019183874130249,-0.23972268402576447,-1.895482063293457
5800.142,-0.01472368836402893,-0.040433578193187714,-1.0247316360473633,-0.6983388066291809,-0.8099468946456909,-0.5406674742698669,31.667165756225586,-10.835993766784668,39.75259780883789,0.14053761959075928,-0.6428017020225525,-0.24062219262123108,2.1634418964385986,-0.06475656479597092,0.3329268991947174,-0.681354820728302,0.7941341996192932,0.5307819843292236,1.1538373231887817,-1.431357979774475,-1.5776450634002686,0.7692046761512756,-0.9750050902366638,0.12747806310653687
5810.169,0.05173017829656601,-0.03494207561016083,-0.9755616784095764,0.2413410097360611,-0.7906476855278015,-0.09160661697387695,28.799728393554688,-9.949601173400879,41.29668426513672,1.1943660974502563,0.7811711430549622,-0.9515385031700134,-0.7889800667762756,-0.13218070566654205,0.15373946726322174,-1.742309331893921,-0.18701933324337006,-1.4726725816726685,2.1198341846466064,0.2201027274131775,-0.7238095998764038,0.4505465030670166,-1.060114860534668,-2.328989267349243
5820.001,-0.07468976080417633,-0.06531251966953278,-0.9721684455871582,0.2101825475692749,-0.5197032690048218,0.2990708351135254,29.91529655456543,-10.149015426635742,39.80453872680664,0.057562388479709625,-1.579344391822815,0.11160031706094742,-2.6419501304626465,1.823713779449463,-1.1350679397583008,0.16728073358535767,-1.094746708869934,1.922783374786377,0.35448938608169556,0.7521123290061951,0.2205614596605301,-0.22403039038181305,0.5464949607849121,1.4430853128433228
5830.273,0.06931808590888977,-0.03246581181883812,-1.0234148502349854,0.41438719630241394,-0.7193651795387268,-0.2987145781517029,30.783401489257812,-9.681587219238281,38.891597747802734,0.7366666793823242,0.060373928397893906,-0.1528439074754715,1.487532615661621,-0.20310088992118835,1.058814525604248,-0.16088804602622986,0.3585205376148224,-0.4553944766521454,-1.3023693561553955,-0.7557570338249207,-0.7167947888374329,-0.5155541896820068,-1.2068840265274048,-0.2154194414615631
5840.169,-0.042501162737607956,-0.044510453939437866,-1.0256937742233276,-0.2520865797996521,-0.003886209102347493,0.09433218836784363,30.43324089050293,-11.065265655517578,41.18540573120117,0.19566726684570312,-0.5609318017959595,1.4459670782089233,1.147857904434204,-0.201520174741745,-0.9323112368583679,-0.8240269422531128,-0.3046470582485199,0.09100595116615295,0.04308084398508072,-0.9602023363113403,0.8560925722122192,-1.4140545129776,-1.1130900382995605,-0.019092727452516556
5850.002,0.027226287871599197,-0.028895245864987373,-0.9808899164199829,0.25366729497909546,-0.49765363335609436,0.07113831490278244,29.338281631469727,-10.90697193145752,39.34659957885742,-0.32138460874557495,0.07773464173078537,0.7947269082069397,1.1546908617019653,0.48506665229797363,-0.10914982110261917,-0.09278698265552521,-0.5333617925643921,1.5446959733963013,-0.1334768682718277,-0.2593330144882202,-0.0646679475903511,0.15654072165489197,-0.056727878749370575,0.03520992770791054
5860.000,0.03395743668079376,-0.0025274150539189577,-0.9899900555610657,0.07473458349704742,0.6295501589775085,0.6642353534698486,29.146215438842773,-10.143630027770996,41.225982666015625,-2.1067771911621094,-0.10511066764593124,0.10551653057336807,-2.2615060806274414,-0.7099547386169434,-0.04235432669520378,-0.45882347226142883,-1.6995047330856323,0.709905743598938,0.41629111766815186,1.353412389755249,-2.1184070110321045,-0.8816138505935669,-1.2819545269012451,0.46296513080596924
5869.970,0.029210811480879784,-0.08635099232196808,-1.0196195840835571,-0.43112918734550476,0.12369917333126068,0.17608924210071564,29.05968475341797,-10.592045783996582,38.97622299194336,0.8506012558937073,0.038776036351919174,1.1420445442199707,-0.8451796174049377,1.1821210384368896,0.3094561994075775,0.01694762334227562,-0.44585952162742615,-0.11134602129459381,0.7520254254341125,1.3989289999008179,-0.32177481055259705,0.409677654504776,-2.4146993160247803,0.42891067266464233
5880.260,0.09144048392772675,0.013117716647684574,-0.9992752075195312,-0.22121579945087433,-0.13753508031368256,-0.5596973299980164,29.057249069213867,-11.963264465332031,37.80113220214844,0.557066023349762,1.122943639755249,-0.05685838684439659,-0.9546180963516235,-0.027588341385126114,-0.24180111289024353,1.0477365255355835,-0.5644978880882263,-1.3966147899627686,0.9796973466873169,-0.2952520549297333,-1.3191269636154175,-0.5742663145065308,0.4361267387866974,-0.1771073043346405
5889.976,-0.01521995011717081,-0.05077427998185158,-1.015162706375122,-0.19541595876216888,-0.3039437234401703,0.2257710099220276,29.946319580078125,-10.516328811645508,39.370811462402344,0.4520888924598694,-0.6058229804039001,0.9647907614707947,0.860832154750824,0.16190886497497559,-0.9135696291923523,-2.137439012527466,-2.03206205368042,0.4750001132488251,-2.1632039546966553,-1.5944509506225586,-0.7332703471183777,-0.17088288068771362,1.1951897144317627,0.30142906308174133
5899.876,0.07000654190778732,-0.0024933461099863052,-1.0091220140457153,-0.287030428647995,0.4927629232406616,-0.4383898079395294,30.35853385925293,-9.01761245727539,39.46089553833008,-0.5214603543281555,-0.8445765972137451,-1.7158337831497192,-1.5375038385391235,-0.9974807500839233,-0.780712902545929,-0.3817096948623657,-1.8384921550750732,-1.2369297742843628,-1.1270945072174072,-1.9654489755630493,1.4888887405395508,0.3194755017757416,1.1589913368225098,-1.1850627660751343
5909.908,0.07577750086784363,-0.05068941414356232,-1.0113035440444946,-0.4688691794872284,0.19813181459903717,-0.2805834114551544,28.82737922668457,-9.418899536132812,39.3151741027832,0.3987782895565033,-2.0271759033203125,0.5012748837471008,0.3457268178462982,-1.313004732131958,0.5871042013168335,1.2185338735580444,-0.08340892940759659,1.5877801179885864,0.22946783900260925,-0.3872549533843994,-0.3676593601703644,-0.9340184926986694,0.17922058701515198,-0.1320650279521942
5920.209,-0.03086506947875023,0.07611943036317825,-1.0036680698394775,0.44980180263519287,0.11916100233793259,-0.10050855576992035,29.746488571166992,-9.065831184387207,40.4366455078125,-0.4823010563850403,-0.46574732661247253,-0.7684180736541748,-1.2367819547653198,-0.5253868103027344,0.69906085729599,-0.7949414253234863,-0.38335055112838745,-0.8867771625518799,0.9580046534538269,-1.331999659538269,-0.711341142654419,-0.2560349106788635,-0.525931179523468,-1.0540359020233154
5930.330,0.025653913617134094,-0.03200804442167282,-1.000702977180481,0.4044957458972931,-0.021773040294647217,-0.2885594666004181,29.725563049316406,-11.22944450378418,37.62459182739258,-1.3549671173095703,-1.546269178390503,-1.6311869621276855,-0.9693764448165894,-0.8416247963905334,-1.3689507246017456,0.1572171449661255,-0.9464296698570251,0.5752254724502563,-0.8222479224205017,-0.6818528771400452,2.2071666717529297,1.49009370803833,0.8773835897445679,-1.2065876722335815
5940.066,0.0233457088470459,-0.03872528672218323,-0.9777008295059204,-0.5279297232627869,-0.2941285967826843,0.25586557388305664,31.5413761138916,-9.020769119262695,38.73870086669922,-0.6929731369018555,-1.1681774854660034,0.5880196690559387,-1.4888532161712646,2.256157875061035,-1.6513876914978027,-1.8352683782577515,-0.3373371362686157,0.3522918224334717,-3.1014418601989746,0.2821422815322876,0.5276786088943481,0.9491153955459595,0.19645164906978607,-0.7622854113578796
5949.920,0.06960999220609665,-0.07707712054252625,-0.9760212302207947,-0.03469325974583626,0.0930587649345398,0.46044284105300903,28.89936637878418,-10.96714973449707,39.97072219848633,-0.21193748712539673,-0.03474592790007591,0.8449892997741699,-0.8422635197639465,0.8619658350944519,-1.1110821962356567,-2.3124918937683105,0.1826123595237732,0.42899632453918457,0.6561415195465088,0.8120821714401245,-0.837230920791626,-0.24528071284294128,-0.8258142471313477,-0.49390026926994324
5960.200,0.04504093527793884,-0.04442324489355087,-0.9917052388191223,-1.0163599252700806,-0.5718457698822021,0.2096843421459198,32.859920501708984,-8.521907806396484,42.164127349853516,3.3501627445220947,-1.0204771757125854,-0.7925059199333191,0.7970398664474487,1.1895947456359863,1.0536317825317383,-0.3225512206554413,1.5167412757873535,-0.49671539664268494,-0.07696393132209778,-1.4626258611679077,0.05924016237258911,-1.3588236570358276,-0.848289966583252,-0.30378541350364685
5970.473,-0.01751597411930561,0.08104861527681351,-1.0229412317276,-0.03399725258350372,-0.610836386680603,-0.9896156191825867,29.795337677001953,-7.5876898765563965,40.51923751831055,1.2163790464401245,-0.061203159391880035,0.4645073115825653,-0.8472151160240173,-0.8478993773460388,0.402368426322937,0.7513043880462646,-0.3087979257106781,-1.3289519548416138,-0.43597009778022766,-0.4148367643356323,-0.6379435658454895,-1.070008635520935,-0.3706974387168884,-2.763482093811035
5980.065,-0.040406566113233566,0.0007694833911955357,-1.0027554035186768,-0.1332770586013794,0.998058557510376,0.0649426206946373,29.93661117553711,-8.5723876953125,41.04073715209961,0.8520624041557312,2.140981674194336,-0.14495106041431427,-0.043412793427705765,-0.6000531911849976,0.6273803114891052,0.4105009436607361,-0.20000122487545013,-0.37823960185050964,0.12552469968795776,-0.12088693678379059,-0.7114932537078857,-0.5973432660102844,0.40890946984291077,0.2788715064525604
5989.926,0.013781078159809113,-0.07810767740011215,-1.0078505277633667,-0.05625275894999504,-0.08357880264520645,0.7311127781867981,30.535505294799805,-7.8915510177612305,40.89276885986328,1.0918364524841309,0.6805405020713806,-0.014377450570464134,0.125453382730484,1.140320062637329,-1.853129267692566,-1.806740164756775,-0.7179914712905884,-2.3516149520874023,-0.5970821380615234,-0.376350998878479,0.4067232310771942,-0.24027986824512482,-0.2819359004497528,2.091909408569336
6000.011,0.032639291137456894,0.03484677895903587,-0.9971420764923096,-0.644239068031311,0.055130425840616226,0.6765438914299011,30.10114860534668,-10.505158424377441,41.73287582397461,1.578885555267334,0.7029510736465454,-0.8443832993507385,0.7658880352973938,0.006690744310617447,-0.24930891394615173,-1.5244600772857666,-0.1050950288772583,0.04087946191430092,1.3548157215118408,1.1252682209014893,2.5025129318237305,0.9362787008285522,-1.0449590682983398,-0.18782278895378113
6010.042,0.05974221229553223,-0.07154927402734756,-0.9864001274108887,0.09478682279586792,0.04603246971964836,0.2709019184112549,30.689329147338867,-8.816187858581543,38.60421371459961,1.7799268960952759,0.7042089104652405,1.4572502374649048,-0.28886234760284424,-0.515150785446167,-0.5898277163505554,-0.18300996720790863,0.7368024587631226,1.0812866687774658,-0.8597607016563416,1.0351402759552002,1.2980271577835083,-0.4183676838874817,-1.4462305307388306,-1.7816377878189087
6020.006,0.006962267681956291,0.037257447838783264,-0.9860976934432983,-1.1279667615890503,-0.1091393232345581,-0.3863941431045532,29.464248657226562,-9.629748344421387,39.285682678222656,0.07801944762468338,0.007786507252603769,-0.8999466300010681,-0.28192630410194397,-2.5958197116851807,0.3762665390968323,-0.5480429530143738,-0.09873136878013611,1.1058732271194458,0.27600815892219543,1.1363608837127686,-0.15159331262111664,-0.529386043548584,0.8760908246040344,-0.218551367521286
6029.913,-0.049654923379421234,-0.02246313914656639,-0.9938836693763733,-0.1708107888698578,0.018588507547974586,0.32840195298194885,31.18876838684082,-9.90877914428711,38.78349304199219,0.8156534433364868,0.03886693716049194,0.7277973890304565,0.3692816197872162,-0.20661962032318115,-1.0495623350143433,0.747878909111023,-0.042038530111312866,0.08328934013843536,-0.7964910268783569,0.7362602949142456,-0.8813319802284241,1.3536715507507324,-0.7622305750846863,0.5918266177177429
6040.076,-0.0630083903670311,0.09584416449069977,-0.9679421186447144,-0.33796897530555725,-0.6540197134017944,-0.01855606585741043,30.528099060058594,-9.893115043640137,40.517738342285156,-0.3243524134159088,-1.2840551137924194,1.0893592834472656,0.023864245042204857,0.1589965969324112,2.302415609359741,0.8418794870376587,1.146018624305725,-0.9613155722618103,-0.7528947591781616,0.10803993046283722,0.46601366996765137,0.7590962648391724,0.5539249181747437,0.31771954894065857
6049.982,-0.03839050605893135,-0.03749142587184906,-0.9802061319351196,0.11268538236618042,-0.21516647934913635,-0.7228779196739197,30.36842155456543,-9.673797607421875,39.57438278198242,1.3417987823486328,0.2346428483724594,-0.07019562274217606,-0.7485495805740356,-1.5420267581939697,1.6201672554016113,-0.2903006672859192,-2.389329195022583,-0.7678800821304321,0.38483211398124695,-0.5261716246604919,0.7967492938041687,0.5044097900390625,-0.86048823595047,-0.10204920917749405
6060.030,0.05050082504749298,-0.024416938424110413,-1.0225402116775513,-0.06589866429567337,-0.8818668723106384,-0.18329386413097382,28.528980255126953,-8.148947715759277,40.3419303894043,0.05273820087313652,0.8671150803565979,-0.8449376821517944,-2.12264347076416,-0.2944861054420471,-0.8327798843383789,-1.243595838546753,-0.0033765342086553574,-0.1849844604730606,-0.7075191140174866,0.6202695965766907,0.5367765426635742,-0.3840935230255127,-2.4210205078125,0.2678971588611603
6069.997,0.012063260190188885,-0.03572995215654373,-1.0162334442138672,-0.22123000025749207,-0.19563938677310944,-0.5326693058013916,29.365671157836914,-10.165300369262695,39.10761642456055,0.2473774403333664,0.8868853449821472,1.5806233882904053,0.33231639862060547,1.4881223440170288,0.9300115704536438,-0.7414275407791138,0.6726524233818054,0.03594342619180679,1.2918922901153564,0.3598000705242157,0.44188135862350464,1.197338342666626,-1.75979745388031,0.7852858901023865
6080.060,0.02330750785768032,-0.016540346667170525,-1.0091558694839478,0.53171706199646,-0.4007313549518585,0.6813807487487793,30.290616989135742,-8.831981658935547,40.51123809814453,-0.7055907845497131,0.16779561340808868,-1.6612285375595093,-2.5260801315307617,-1.8244789838790894,0.8035473227500916,1.4359012842178345,-1.90093195438385,-0.05254238098859787,-0.15111762285232544,0.3378317654132843,-1.3709938526153564,-0.6932278871536255,0.20687878131866455,-0.3424103558063507
6089.817,0.018181104212999344,0.08559279143810272,-0.9944096207618713,0.07940477877855301,-0.18401706218719482,-0.10832874476909637,29.85584831237793,-9.258208274841309,38.79127502441406,-0.928624153137207,0.8765643835067749,0.9034751653671265,0.7321304678916931,0.3922919034957886,1.2334688901901245,-0.33619439601898193,-1.8167842626571655,-0.2958354353904724,0.3640916347503662,-0.35185709595680237,-0.35440319776535034,-0.018550386652350426,0.21612167358398438,0.3289133906364441
6099.925,-0.04966774582862854,0.08035127818584442,-0.9934521317481995,-0.7791949510574341,0.7809518575668335,0.4481593370437622,31.438486099243164,-10.059377670288086,41.035911560058594,-1.8452767133712769,1.2907804250717163,1.3820947408676147,-0.630570113658905,1.5291231870651245,-1.5211451053619385,-0.1810206174850464,0.005985976662486792,-0.4021616280078888,0.6122660040855408,0.5246861577033997,-2.326099395751953,0.7651316523551941,1.2906874418258667,0.010063594207167625
6109.911,0.018327686935663223,0.04085054248571396,-0.9652966856956482,-1.0025886297225952,-0.7907295227050781,-0.3359568417072296,31.299297332763672,-9.183156967163086,38.51874923706055,0.820988655090332,-0.8857500553131104,-0.5562458634376526,1.680773377418518,1.329521656036377,-0.6658968925476074,0.08327317982912064,0.9343157410621643,-0.35326671600341797,-0.3686818480491638,-0.2463204562664032,0.5782294273376465,0.12338317930698395,0.23636114597320557,0.6116374731063843
6120.224,0.0393097959458828,-0.01644137315452099,-1.0371294021606445,0.48649337887763977,-0.05309150367975235,-0.4821949601173401,29.675363540649414,-9.86866569519043,40.33451843261719,-2.4742796421051025,0.6248511075973511,0.4866738021373749,-0.07545071095228195,0.1707291305065155,-0.711071789264679,-0.12758494913578033,1.0756429433822632,-0.14072327315807343,-0.2183356136083603,-1.1051592826843262,0.537273645401001,0.6114187836647034,-0.97618168592453,-0.48252296447753906
6130.041,0.0721508339047432,0.07766460627317429,-1.0305242538452148,-0.16140137612819672,0.27183032035827637,-0.3560321033000946,29.871570587158203,-9.873510360717773,39.711307525634766,-1.1054370403289795,-1.4329116344451904,0.42366743087768555,1.382204532623291,-0.8745498657226562,-0.0663967877626419,0.5186284780502319,0.13961820304393768,-0.4689704477787018,-0.6602871417999268,0.3627721965312958,1.072066307067871,-0.3194006681442261,-0.11424952000379562,0.5315292477607727
6139.744,0.011911731213331223,-0.05517688766121864,-0.9873142838478088,-0.34650763869285583,-0.045350220054388046,-0.6226691007614136,31.75593376159668,-9.027949333190918,38.22357177734375,1.2263245582580566,1.5579509735107422,-0.6184239387512207,-1.2313776016235352,0.42197132110595703,-1.1692768335342407,-0.9896493554115295,0.48754292726516724,-0.21427121758460999,1.3982610702514648,-1.298874855041504,0.3136451244354248,0.5368560552597046,-0.028271742165088654,-0.43129801750183105
6150.237,-0.03488820791244507,0.08909036219120026,-1.0406121015548706,-0.18129955232143402,0.5839173197746277,-0.3793967366218567,27.672422409057617,-9.919390678405762,41.380836486816406,0.06170974299311638,2.184237003326416,-1.2670425176620483,-0.47305169701576233,1.4466054439544678,1.373031735420227,-0.1309526562690735,1.2190097570419312,-0.03293476998806,-0.17288465797901154,0.0004638603131752461,-2.8328003883361816,0.5207680463790894,-1.0263603925704956,-0.1605595350265503
6159.996,0.0077851079404354095,0.01976962201297283,-1.0153741836547852,0.5319727063179016,-0.6199628710746765,-0.8544416427612305,31.942501068115234,-9.71886157989502,39.278865814208984,-0.26631608605384827,0.6432440280914307,-0.14360521733760834,0.15151044726371765,-1.0185860395431519,1.1896662712097168,-0.44745317101478577,0.2948354482650757,1.2724545001983643,-0.19429516792297363,-0.21877525746822357,-0.5184764862060547,0.40280020236968994,-0.564105749130249,0.21080653369426727
6169.954,0.052603937685489655,-0.0271762628108263,-1.0084292888641357,0.6372698545455933,0.30605125427246094,0.0018496507545933127,29.23398208618164,-12.730094909667969,41.11264419555664,-0.1860489398241043,-2.097233295440674,-0.7700509428977966,0.084253691136837,1.2854621410369873,1.6100833415985107,1.208235502243042,-0.38186049461364746,-0.25475549697875977,-0.2093328833580017,-2.019993782043457,0.8572823405265808,-1.0181334018707275,1.4079517126083374,-0.6959938406944275
6179.894,0.012119081802666187,0.03000250644981861,-1.0302977561950684,0.5209127068519592,-0.4825691878795624,0.27125561237335205,30.407812118530273,-9.072131156921387,40.73755645751953,-1.798150658607483,0.3834433853626251,-0.23395785689353943,-0.9961580038070679,-0.48636236786842346,1.3095039129257202,-0.5121428966522217,-0.27244800329208374,0.5875982046127319,1.6795663833618164,-0.8499931693077087,-0.1905144602060318,-0.5459474325180054,-0.7336642742156982,1.4448513984680176
6190.127,-0.04156169295310974,0.000253028905717656,-0.9813873767852783,0.6821900606155396,0.641811192035675,0.040080200880765915,29.501741409301758,-11.407973289489746,41.11751937866211,2.404372453689575,-0.102931909263134,-0.13954995572566986,-0.7754456400871277,-0.8923985362052917,0.6348075866699219,-2.904604196548462,-1.6002752780914307,0.304074227809906,-2.3434598445892334,-0.6579854488372803,0.1360945999622345,-0.38053977489471436,0.1564168781042099,0.8320260047912598
6200.053,0.019092336297035217,-0.09681601077318192,-0.9936742186546326,-0.3287169933319092,-0.6238015294075012,-0.04022686183452606,30.370820999145508,-10.80787181854248,40.866607666015625,1.5167170763015747,0.44842615723609924,-0.6815635561943054,-0.1599031239748001,0.6536489129066467,-0.17927075922489166,0.5430869460105896,-0.3343854546546936,0.309177041053772,0.4366361200809479,0.903668224811554,-1.1036865711212158,-1.228100299835205,-0.470453679561615,0.13224174082279205
6210.074,0.029082220047712326,-0.0015732423635199666,-0.9944522380828857,-0.35076844692230225,0.12998053431510925,0.040224701166152954,29.969545364379883,-9.699836730957031,39.92927169799805,-0.47240176796913147,-0.39106300473213196,0.09594660252332687,0.895980954170227,0.306110680103302,1.685322880744934,0.37372055649757385,0.6112954020500183,-0.7362490296363831,-0.5531918406486511,-0.22895018756389618,-0.3070710301399231,0.03854537755250931,0.016158610582351685,1.4933624267578125
6220.077,-0.07751146703958511,-0.02471223846077919,-1.0054832696914673,-0.3234494924545288,-0.5208455324172974,0.07516269385814667,30.521953582763672,-8.79154109954834,39.51170349121094,-1.716310739517212,1.2391088008880615,-0.16995394229888916,-0.4615921378135681,-0.13746897876262665,-0.16318006813526154,-1.6460063457489014,-0.3650549054145813,-1.5616425275802612,1.0985251665115356,1.076528549194336,-0.9470251202583313,-0.5357823967933655,1.4586243629455566,0.8143880367279053
6230.061,-0.027736175805330276,-0.06891912966966629,-1.008952021598816,0.7701044678688049,0.11550389230251312,0.2272469699382782,29.24179458618164,-10.950760841369629,40.46757888793945,0.9291497468948364,-0.5577057600021362,0.4390636682510376,0.053834348917007446,1.262829303741455,-0.09164425730705261,2.19627046585083,1.4011108875274658,0.1854134500026703,0.1985791176557541,-0.09047947078943253,-0.5464693307876587,0.02395631931722164,-0.8932347297668457,-0.33288946747779846
6239.971,-0.007148568518459797,0.012640256434679031,-1.0534968376159668,-0.562769889831543,-0.36188551783561707,0.16511282324790955,30.056333541870117,-10.214555740356445,39.091670989990234,0.2685127556324005,-1.957034707069397,0.6325994729995728,0.4179157018661499,1.728753924369812,2.841404676437378,1.4244372844696045,1.356507658958435,0.1330840289592743,0.48433512449264526,0.17942564189434052,-0.6645351052284241,-0.2696911096572876,-0.9487749338150024,1.5993999242782593
6250.147,-0.03207434341311455,0.05691448226571083,-1.0204933881759644,-0.1384383887052536,-0.9502774477005005,0.5113051533699036,29.287479400634766,-8.16954231262207,38.987083435058594,-0.024661237373948097,-1.4404441118240356,-2.960787773132324,0.3557055592536926,-0.5868693590164185,-0.865662693977356,-1.0020650625228882,0.5194152593612671,1.813433051109314,-0.2687036395072937,-1.050272822380066,-0.2560245990753174,-0.22589150071144104,-0.6819341778755188,-2.192448139190674
6259.936,0.14067283272743225,0.08352530747652054,-0.9943196773529053,0.23165814578533173,-0.25173917412757874,-0.15212495625019073,32.059715270996094,-8.879901885986328,40.449127197265625,1.5992790460586548,-0.24289128184318542,2.5063610076904297,-1.1422291994094849,-0.8904292583465576,-0.575431764125824,0.7328426837921143,0.22754719853401184,0.277186781167984,-0.9153560996055603,-1.2478450536727905,0.45455244183540344,-2.440168619155884,-1.0028233528137207,0.044765811413526535
6269.921,0.09607326984405518,-0.05080258473753929,-1.0255788564682007,0.3262398838996887,-0.967332661151886,-0.38608962297439575,31.715167999267578,-9.789453506469727,39.8526496887207,0.9675697684288025,0.037451211363077164,-1.108750581741333,1.6031455993652344,1.3421709537506104,0.5044652223587036,-0.22344569861888885,-0.7069112658500671,2.3961753845214844,0.5852263569831848,0.878375232219696,-0.19795192778110504,-0.23012292385101318,1.073667287826538,-0.7208300828933716
6279.833,0.004552348051220179,0.042459119111299515,-1.0399341583251953,-0.48061779141426086,0.11569467931985855,0.9500480890274048,30.04998016357422,-10.987308502197266,39.50712203979492,0.4688532054424286,-0.24504001438617706,0.7240432500839233,0.7790802717208862,1.4707753658294678,-0.3636940121650696,-0.049420278519392014,-0.04016359522938728,-1.5729694366455078,-0.5507277846336365,-0.10826548933982849,0.3200756311416626,0.890855610370636,-1.6167254447937012,-0.3012303113937378
6289.819,0.057796407490968704,0.009436593391001225,-1.0300687551498413,-0.3274175226688385,-0.07758158445358276,-0.05496402457356453,30.106460571289062,-7.329162120819092,39.39076232910156,1.457873821258545,-1.4744292497634888,-0.2705208659172058,0.18450380861759186,0.44525346159935,0.48150351643562317,-1.0200999975204468,0.2564867436885834,0.28323230147361755,-0.26054105162620544,-0.18199162185192108,-0.8679959774017334,0.5460797548294067,1.6223891973495483,-1.2823436260223389
6299.953,0.02911958284676075,0.052743054926395416,-1.0062118768692017,0.10101240128278732,-0.004447045270353556,0.1777171939611435,27.174341201782227,-8.347360610961914,40.97913360595703,0.22960610687732697,0.8903617262840271,-0.8317328095436096,-0.14966639876365662,-0.7940820455551147,-0.2307276725769043,0.22939768433570862,-0.6410386562347412,-2.5093679428100586,0.21553458273410797,-0.054019540548324585,-1.1331011056900024,0.2903122305870056,-1.976484775543213,-0.1624774932861328
6310.140,-0.09482719004154205,-0.07968443632125854,-0.9748095273971558,0.0760798528790474,-0.19502942264080048,0.43317142128944397,29.313514709472656,-9.2315673828125,40.77507781982422,-0.4640672206878662,0.19248738884925842,0.8813412189483643,0.5028759241104126,0.33156880736351013,-0.8596742153167725,-1.0844470262527466,0.5851735472679138,-0.8624821305274963,0.30896395444869995,0.4686768352985382,0.19609776139259338,0.502517819404602,-0.8391052484512329,-0.6374927759170532
6319.861,0.013271002098917961,0.10617274791002274,-1.039735198020935,-0.12954308092594147,0.4201250672340393,-0.18090051412582397,30.758420944213867,-11.261615753173828,41.2061882019043,-0.4282216429710388,0.3008973300457001,0.8363099694252014,-0.21880975365638733,-0.35695135593414307,-0.26646730303764343,1.288370966911316,-1.5278152227401733,1.0786947011947632,-1.242216944694519,-0.12990646064281464,-0.5746691823005676,-0.4025447368621826,-0.6091279983520508,1.2565115690231323
6329.955,-0.02300514653325081,-0.0568973645567894,-0.9779778122901917,0.7437756657600403,0.4076133668422699,1.010934591293335,29.54633140563965,-9.637228965759277,40.08864212036133,-1.031174659729004,0.06146272271871567,2.1263816356658936,-0.7719070911407471,-0.39190730452537537,-0.45886728167533875,-1.5994588136672974,-1.3402073383331299,-0.29938071966171265,-0.6391023397445679,0.24110203981399536,0.8848167657852173,1.4581711292266846,1.5482372045516968,-1.1576259136199951
6340.061,-0.0570889376103878,0.00458110123872757,-1.0005578994750977,0.015836667269468307,0.1360439956188202,0.35282832384109497,29.139345169067383,-10.425006866455078,37.77338790893555,0.9040893316268921,0.164677232503891,-1.1038165092468262,-1.8015100955963135,-1.3265538215637207,0.10334345698356628,0.9889509081840515,0.9780943989753723,-0.603675365447998,-0.26086047291755676,-0.9337447881698608,0.08162986487150192,-1.2130001783370972,-1.2922123670578003,-1.7088700532913208
6349.936,0.020819498226046562,-0.008597740903496742,-0.9844087362289429,0.17146137356758118,-0.3429635167121887,-0.8626949191093445,30.002513885498047,-8.908571243286133,39.71958541870117,1.3907897472381592,-0.6218267679214478,-1.0035113096237183,-0.47491130232810974,0.3837183713912964,-1.1994763612747192,-0.2409639209508896,-1.5310355424880981,2.857057809829712,1.302356481552124,-1.1734124422073364,0.8047963380813599,-0.8135778307914734,1.2011102437973022,0.5104533433914185
6359.927,-0.01144128292798996,-0.10437175631523132,-1.0264804363250732,1.0560095310211182,0.0848335400223732,-0.4669627249240875,30.780982971191406,-9.043609619140625,39.07373809814453,-0.6067413091659546,1.76396906375885,1.255074381828308,0.810495138168335,1.2388372421264648,-0.5891786813735962,-1.6682192087173462,-0.5110521912574768,-1.0376545190811157,-0.0009622662328183651,0.9245615005493164,-1.3679660558700562,-0.12241586297750473,-0.34440863132476807,0.11623172461986542
6370.016,-0.030528564006090164,0.050799231976270676,-0.9557213187217712,-0.48826780915260315,-0.7104655504226685,0.12228333204984665,29.746015548706055,-10.412529945373535,39.68730926513672,-0.44216275215148926,-1.3005403280258179,-1.423936128616333,2.358269214630127,-1.855149269104004,-1.2549059391021729,1.070962905883789,-2.159412384033203,-0.7656963467597961,-0.8698107600212097,1.6348085403442383,-0.6087265610694885,-0.2583392858505249,0.022826043888926506,0.7785993218421936
6380.113,-0.007034266833215952,-0.02839573845267296,-0.9943127632141113,0.018922999501228333,-0.37869584560394287,0.39124900102615356,30.19161605834961,-9.773716926574707,41.54892349243164,1.1134467124938965,-0.6586208939552307,0.26628223061561584,0.015211616642773151,-0.2962520718574524,-1.3210701942443848,0.31189966201782227,-0.45883235335350037,-0.44891083240509033,0.5154029130935669,1.3219168186187744,-1.9823602437973022,0.20852796733379364,0.6049850583076477,-1.2646305561065674
6389.935,-0.021927880123257637,0.0015992042608559132,-0.9992220401763916,-0.6437386870384216,0.8617602586746216,0.015640323981642723,29.34653091430664,-8.74427318572998,39.3448486328125,-1.715766429901123,-0.4747645854949951,0.6299750208854675,-0.1899259239435196,-0.44026002287864685,0.5221070051193237,0.45918500423431396,-0.5125899910926819,0.3647051453590393,-0.8209794163703918,-0.15243102610111237,-0.3276077210903168,1.0628077983856201,-0.1397562175989151,1.3543065786361694
6399.878,0.00835590809583664,-0.011350595392286777,-0.9819225072860718,0.5692003965377808,-0.13219940662384033,-0.45517924427986145,30.855329513549805,-10.502514839172363,39.28550338745117,1.0328329801559448,0.4214487373828888,0.9477474689483643,0.9626902937889099,-1.4126349687576294,1.2583590745925903,2.0264363288879395,-0.7526204586029053,-0.3569291830062866,-0.6613798141479492,0.10508980602025986,0.19045010209083557,-0.5823233723640442,1.8457648754119873,0.19660302996635437
6409.859,-0.005815750919282436,-0.020794028416275978,-1.0304961204528809,-0.37250974774360657,-0.09592963010072708,-0.24728235602378845,30.71938705444336,-9.754112243652344,40.13455581665039,0.2355310171842575,-0.8479606509208679,-0.023793671280145645,-0.08661270886659622,-0.7086296081542969,0.13957785069942474,0.5101456642150879,-0.588029682636261,1.063275933265686,-1.1300395727157593,1.6840661764144897,-0.42486417293548584,0.26487794518470764,-0.261283278465271,0.5948545932769775
6419.633,-0.027177490293979645,-0.037198301404714584,-1.0224168300628662,-0.31789520382881165,-0.14611417055130005,0.8164113759994507,30.881649017333984,-8.843034744262695,40.15324783325195,0.42935431003570557,0.39343830943107605,-0.04796785116195679,1.2124826908111572,0.4055462181568146,0.5326080322265625,1.4934523105621338,1.1272155046463013,-0.18608726561069489,0.119313083589077,-0.47067326307296753,-0.8556489944458008,-0.1997569352388382,0.2589239776134491,-2.588089942932129
6429.977,-0.11883841454982758,0.045856960117816925,-1.034251093864441,0.7648833394050598,-0.9799525737762451,0.46658483147621155,31.8518123626709,-10.568639755249023,41.56779098510742,0.5151804089546204,0.7360852956771851,0.06441281735897064,0.4547688364982605,-1.2422168254852295,0.5617510676383972,0.2668713331222534,1.392161250114441,-0.6158902645111084,-1.376882553100586,-0.560255765914917,0.08823980391025543,0.537442147731781,1.2176504135131836,-0.27023932337760925
6440.061,-0.04343482106924057,0.06321770697832108,-1.0476274490356445,0.12270806729793549,0.15969491004943848,-0.4621034860610962,29.01345443725586,-10.46353530883789,36.83723831176758,-1.106691598892212,-0.37971800565719604,0.07369791716337204,0.6641408205032349,0.8008061051368713,1.1923567056655884,-0.30216529965400696,1.4953123331069946,-0.9137664437294006,-0.8201438784599304,0.4134100377559662,-0.2524264454841614,0.6635295152664185,0.6492674350738525,-0.7644744515419006
6449.960,-0.0401599295437336,-0.00911413598805666,-0.9966058135032654,-0.5115036368370056,-0.3780958950519562,0.11905889213085175,28.095504760742188,-10.435614585876465,38.9672737121582,-1.1787006855010986,-0.112810418009758,-0.6974096894264221,0.9293176531791687,0.14242054522037506,1.2483482360839844,0.05442512780427933,-2.47833251953125,0.007516711018979549,0.599610447883606,0.8099087476730347,-0.7169892191886902,-1.255250334739685,-0.33238813281059265,-0.34929224848747253
6460.002,0.028119929134845734,-0.029581641778349876,-0.9855487942695618,-0.29440706968307495,0.3489331901073456,-0.3138487935066223,30.279006958007812,-9.96923828125,39.76218032836914,-0.8228250741958618,-0.6950846314430237,-0.6474401354789734,1.3688902854919434,1.6945205926895142,0.030214738100767136,-0.29379668831825256,1.04481840133667,-0.2784111797809601,1.8144136667251587,-0.7605029344558716,1.1926482915878296,0.8287941813468933,0.7665914297103882,2.007697820663452
6470.035,0.037908509373664856,0.006712641566991806,-0.9945598244667053,0.041883714497089386,0.6671836972236633,0.4843671917915344,28.070499420166016,-10.814242362976074,40.83296203613281,-1.0180894136428833,-0.9718452095985413,0.5082560777664185,-0.398360013961792,-0.7096288800239563,0.9538291692733765,-1.2644000053405762,0.14009232819080353,0.4488047957420349,0.8165776133537292,-0.00200301269069314,1.1361005306243896,-1.3935524225234985,0.04842327535152435,-1.6727713346481323
6480.060,-0.02241378463804722,-0.04680357128381729,-0.9914475083351135,0.20894740521907806,0.17290712893009186,0.5965030789375305,29.169254302978516,-11.210199356079102,39.514137268066406,-0.3014843463897705,-0.16113387048244476,-0.6844124794006348,0.09035482257604599,-0.10640165209770203,0.37615057826042175,0.563840925693512,-0.10897083580493927,-0.43845388293266296,0.732515275478363,-0.954422116279602,0.9150403141975403,1.5082905292510986,-0.0057153720408678055,-1.159394383430481
6490.001,-0.0028919836040586233,0.04230199754238129,-1.0048826932907104,0.14197541773319244,0.14100293815135956,0.205292209982872,30.67518424987793,-8.732873916625977,39.34511947631836,0.8227075338363647,2.5307111740112305,0.44068118929862976,1.0208357572555542,-0.3542981743812561,0.27355509996414185,0.5431441068649292,1.2450103759765625,0.2644062340259552,-0.8784523010253906,-0.38570982217788696,0.2992623746395111,-0.029951870441436768,-0.17259365320205688,0.45841673016548157
6499.905,-0.04773088917136192,0.06665161997079849,-1.0004514455795288,-0.06794514507055283,-0.1497427523136139,0.49171310663223267,29.57993507385254,-10.29957389831543,40.07671356201172,0.6588853597640991,1.3753787279129028,1.942078709602356,1.2260254621505737,1.8132023811340332,-0.9149984121322632,-0.8915607333183289,-2.3005528450012207,0.7081199288368225,1.287722110748291,-0.43695223331451416,0.3424815833568573,-0.03588058426976204,-0.46379801630973816,-0.17151258885860443
6509.919,0.10542869567871094,-0.06267986446619034,-1.0122230052947998,0.0175138209015131,1.0683175325393677,-0.49385374784469604,28.832843780517578,-10.929285049438477,41.38370895385742,-0.9135087132453918,-1.6220811605453491,0.06766526401042938,1.7850379943847656,-0.14682039618492126,0.48856595158576965,-0.7140753865242004,-2.4944517612457275,1.079189658164978,-0.8346837759017944,1.9936858415603638,-0.32508954405784607,-0.23853495717048645,0.977792501449585,1.042136549949646
6519.594,-0.03135809674859047,0.051413532346487045,-0.9912294745445251,0.7917830348014832,0.840548038482666,0.47864025831222534,28.89885711669922,-8.903844833374023,42.40334701538086,-2.079231023788452,0.4799247682094574,-0.849714457988739,0.5470370054244995,-0.2740583121776581,0.4002826511859894,-1.1607534885406494,-0.1974475234746933,-1.2990505695343018,0.5772582292556763,-1.4860811233520508,-0.5021436214447021,-0.23695731163024902,1.3821170330047607,-0.12033484876155853
6529.837,0.0139491381123662,0.02061253786087036,-1.0016610622406006,-0.8062928915023804,0.5049924850463867,0.23529106378555298,30.414430618286133,-10.94267463684082,39.616004943847656,0.6243736147880554,0.012172541581094265,0.8663378357887268,2.1060874462127686,-0.03307581692934036,1.8387925624847412,1.22930908203125,-1.100664496421814,-0.28729549050331116,-1.8742948770523071,-0.0466567724943161,0.24159350991249084,-1.8971301317214966,0.6144411563873291,-0.7188621163368225
6540.199,0.0327913835644722,-0.017804455012083054,-1.019325613975525,-0.2932930290699005,-0.016056763008236885,-0.7943251132965088,29.621322631835938,-8.63671588897705,39.23408126831055,-0.4033077657222748,-2.711320638656616,-0.701164960861206,0.5707564949989319,-0.34837326407432556,0.1727578341960907,0.5598760843276978,-1.4054864645004272,0.20154163241386414,-0.14251570403575897,-0.11620940268039703,0.9687740802764893,-1.4372965097427368,-0.3510338068008423,-0.017968250438570976
6549.933,-0.058642398566007614,-0.038654375821352005,-1.0039883852005005,0.9834056496620178,0.35246559977531433,0.1013496145606041,29.349267959594727,-10.895893096923828,41.758602142333984,-1.8253833055496216,0.0029595051892101765,0.7220734357833862,0.6773966550827026,-0.3030403256416321,0.5901286602020264,0.025929803028702736,-0.21375906467437744,0.07837021350860596,1.1540939807891846,1.3825969696044922,0.1019354984164238,-1.5564640760421753,-0.7156029939651489,0.2566623389720917
6559.824,-0.03256422281265259,-0.011153055354952812,-1.0036178827285767,0.666723906993866,0.21563725173473358,0.04297800362110138,29.32563018798828,-11.210970878601074,41.53772735595703,-0.0749453604221344,2.203317880630493,-1.5815123319625854,-0.06382489204406738,2.4764060974121094,0.7434352040290833,1.1561671495437622,-0.763019859790802,-1.6526174545288086,-0.28155913949012756,-0.14598894119262695,-0.4682433009147644,-0.8712470531463623,-0.9608156085014343,-0.7240098118782043
6570.125,-0.05166192725300789,0.04385817423462868,-0.9880170226097107,-0.033745136111974716,-0.2527349889278412,-0.4489239752292633,29.494077682495117,-10.241960525512695,38.1328239440918,-0.258039265871048,-1.1287524700164795,0.12424002587795258,-1.229312777519226,0.7354527711868286,-0.1692717969417572,-0.8040269613265991,-0.07867525517940521,-0.2577013373374939,-0.11296794563531876,0.03588161617517471,-0.713515043258667,-0.9702195525169373,-0.8615358471870422,-0.8876799941062927
6580.082,0.07245102524757385,-0.00554480217397213,-1.0054011344909668,-0.2616506516933441,-0.21379795670509338,0.757239580154419,29.994400024414062,-11.247210502624512,38.160518646240234,0.4295133948326111,0.05962073430418968,1.1772922277450562,0.5709589719772339,0.10306467115879059,0.3151625394821167,1.7570102214813232,0.06344348937273026,-1.262548804283142,1.556153416633606,-2.213965654373169,0.5301885008811951,-0.016200361773371696,-0.6206638813018799,1.7709707021713257
6589.987,-0.055367372930049896,0.03964633122086525,-0.9954806566238403,-0.7399705052375793,0.5772933959960938,0.3091028034687042,29.844541549682617,-9.372030258178711,39.225284576416016,-1.6075726747512817,-0.7162183523178101,-1.102654218673706,-0.012974804267287254,-0.4560503661632538,0.5060296058654785,-0.07270312309265137,1.1297792196273804,1.5419971942901611,-0.050696756690740585,-0.061060674488544464,0.017182420939207077,0.844584584236145,-1.4372931718826294,0.5366219878196716
6599.920,-0.01700774021446705,-0.01245870627462864,-1.0273950099945068,-0.07986607402563095,0.16265270113945007,-0.180471271276474,32.011287689208984,-9.991697311401367,38.50129699707031,0.8508927822113037,-1.1179429292678833,-0.13411709666252136,0.32571715116500854,1.5189850330352783,-0.7073719501495361,1.630859613418579,-0.18222695589065552,1.5963144302368164,1.8268228769302368,0.26431652903556824,0.7544567584991455,-0.604383647441864,-0.6908482909202576,-0.16751910746097565
6610.192,0.06709273159503937,0.05303949490189552,-0.9619518518447876,0.23400062322616577,-0.29108428955078125,0.2526559829711914,30.391094207763672,-8.903352737426758,41.938751220703125,-0.38672754168510437,1.7849518060684204,0.8395847678184509,-0.5320650935173035,-0.3709326684474945,0.7407405376434326,1.7583253383636475,0.34649938344955444,-0.4767152667045593,-0.4141133427619934,0.9351263642311096,1.138813853263855,-1.976373314857483,-1.1372530460357666,1.5302637815475464
6619.932,-0.0807110145688057,-0.029969992116093636,-1.037473201751709,0.7512975931167603,-0.1350729912519455,0.4573303461074829,29.470458984375,-9.494157791137695,39.90434265136719,-0.1393509805202484,-1.2180620431900024,1.8948404788970947,-0.2704450488090515,-0.347427636384964,0.18604378402233124,-1.136854648590088,0.6529996395111084,0.5508242249488831,0.7287542223930359,-0.7942438721656799,0.5569733381271362,0.7318052053451538,0.8747550249099731,-0.38369229435920715
6629.937,0.09619242697954178,0.07676546275615692,-0.9901522994041443,-0.20584037899971008,0.576643705368042,-0.18766683340072632,31.32599449157715,-9.631104469299316,39.6570930480957,2.025916814804077,-1.701945424079895,0.6455243229866028,-2.145808458328247,-0.17759104073047638,2.287104845046997,0.5432941913604736,-1.4660617113113403,0.30210593342781067,0.20285049080848694,0.7677320241928101,-1.2131868600845337,0.5283903479576111,1.2143114805221558,-0.4571271538734436
6639.948,0.04675468057394028,0.0007187729352153838,-0.9842259883880615,-0.6233177185058594,0.0754101425409317,-0.5247370600700378,31.42116355895996,-9.615517616271973,40.34013366699219,-0.003116809530183673,1.163465142250061,0.18041811883449554,-1.1966161727905273,2.128589153289795,-0.8437790274620056,0.002983302576467395,-0.6159429550170898,0.8729821443557739,-0.22678443789482117,-0.7196968197822571,0.47015824913978577,0.43722695112228394,-0.25095894932746887,-0.5494273900985718
6649.933,-0.0007799180457368493,0.037835512310266495,-1.0481353998184204,0.5745916366577148,-0.10607792437076569,-0.1681230068206787,30.330049514770508,-8.149402618408203,41.58782958984375,0.5063320398330688,0.26536881923675537,-0.6990891098976135,-1.6418973207473755,-0.48493021726608276,0.5157473683357239,-2.185819387435913,-0.5235962867736816,-1.3858656883239746,1.7733075618743896,-0.48727527260780334,0.714971661567688,-1.455286979675293,0.7027573585510254,0.11069171875715256
6660.238,0.03879284858703613,-0.04534976929426193,-0.9747456908226013,0.6291325092315674,0.20209451019763947,-0.18007440865039825,30.081096649169922,-10.611624717712402,41.421207427978516,1.8666280508041382,0.23738762736320496,0.5596859455108643,0.5861119627952576,-1.2755740880966187,1.0523748397827148,0.20375321805477142,0.045251913368701935,-0.8100229501724243,-0.0002845034177880734,-0.5508102774620056,-0.669575572013855,0.850511908531189,0.9190335273742676,-2.272378444671631
6670.036,0.02583935670554638,0.0032609652262181044,-0.9959765672683716,0.6137902140617371,0.3928045630455017,-0.11559805274009705,29.1270809173584,-9.5347900390625,40.804779052734375,-0.07684119045734406,-1.257027268409729,-0.9663011431694031,1.5337718725204468,-0.749534010887146,-2.3258416652679443,1.9334877729415894,0.7415832877159119,-0.36511746048927307,-1.4152308702468872,-2.6462152004241943,0.41979119181632996,-0.28964924812316895,-0.5014165639877319,0.5157598257064819
6680.147,-0.01758733205497265,-0.021191604435443878,-1.001964807510376,-0.4348524212837219,-0.026503337547183037,0.30497536063194275,29.410747528076172,-10.419590950012207,40.54061508178711,1.1118422746658325,1.8538219928741455,-0.6452754139900208,0.766767680644989,0.5204039812088013,1.7255783081054688,0.5667744278907776,-1.2546265125274658,0.16982309520244598,2.4478511810302734,-1.3360005617141724,-0.2578732371330261,-1.6766895055770874,1.7114938497543335,-0.623643696308136
6689.965,-0.043463170528411865,-0.029155218973755836,-0.9982269406318665,-1.1768403053283691,1.33694589138031,-0.36020180583000183,31.716285705566406,-10.720597267150879,39.49530792236328,-0.032267626374959946,1.3387451171875,0.08627715706825256,0.12835660576820374,2.9838523864746094,0.02801748737692833,-0.15844254195690155,0.5116757154464722,-0.9601908922195435,0.4677125811576843,-0.7151318788528442,0.23043480515480042,1.3214811086654663,-0.5946935415267944,1.8258106708526611
6700.129,0.002256260486319661,-0.030363352969288826,-1.01047945022583,-0.01394603680819273,-0.28421542048454285,0.01922045648097992,31.049272537231445,-10.087594985961914,38.810325622558594,1.4222925901412964,-0.7845396995544434,-0.17308619618415833,-2.2109012603759766,0.09666357934474945,0.6543493270874023,-0.9337490200996399,-1.3146806955337524,-2.1072092056274414,0.8955338001251221,-0.6813737750053406,-0.6869375705718994,-0.8760576248168945,1.1152138710021973,1.7388336658477783
6709.899,0.04095190390944481,-0.0590895339846611,-0.9930598735809326,0.37858277559280396,-0.04689617455005646,-0.4757733941078186,31.774682998657227,-10.639864921569824,38.75627136230469,-1.2605267763137817,1.4627386331558228,0.8589933514595032,-1.863150715827942,1.4342575073242188,-0.3194718062877655,0.6984045505523682,0.8100714087486267,0.32099470496177673,-0.10506393015384674,0.33691534399986267,-0.04132658615708351,-1.0260573625564575,0.03550245985388756,0.09695277363061905
6719.783,-0.018743732944130898,0.008254272863268852,-1.0085378885269165,0.4083385765552521,-0.30067262053489685,-0.3790486454963684,27.376487731933594,-8.469002723693848,40.702003479003906,-0.8737754225730896,-0.43569594621658325,-0.870160698890686,0.964164137840271,-0.7211423516273499,0.9364553093910217,1.2970167398452759,-0.2951687276363373,0.30050480365753174,0.6827377676963806,0.5646637678146362,-0.07523250579833984,0.755821943283081,-0.19790461659431458,-3.143846035003662
6729.936,0.05989878252148628,-0.07382243871688843,-0.9868423342704773,-0.7427183985710144,0.1517135500907898,-0.42075443267822266,30.295379638671875,-9.437811851501465,40.4755973815918,1.0352344512939453,-0.30140191316604614,-1.111039638519287,-0.5071858763694763,-0.25652989745140076,0.8326085805892944,2.389248847961426,1.0724225044250488,0.8273589611053467,0.14628705382347107,1.801566481590271,-1.140304684638977,-1.1080418825149536,-0.013159874826669693,2.1627883911132812
6739.908,-0.002539954613894224,-0.004596726968884468,-0.9985449314117432,0.8735576868057251,0.04209648445248604,-0.2994445264339447,30.14684295654297,-11.058266639709473,40.28859329223633,1.3082469701766968,0.652146577835083,-1.2417620420455933,-0.3534676730632782,0.8587923049926758,0.7632420063018799,-1.122612714767456,0.4150298237800598,-0.986545741558075,0.24033421277999878,-1.620187520980835,1.4165892601013184,0.42038190364837646,-0.45893633365631104,-1.4262288808822632
6749.764,-0.05748051777482033,-0.019944913685321808,-1.0082287788391113,-0.03931262716650963,0.7862101793289185,-0.11384806782007217,30.129451751708984,-10.557391166687012,41.48283004760742,-0.6356921792030334,-0.05357758328318596,1.4833894968032837,1.6587530374526978,-0.0022569899447262287,-0.5032089352607727,-0.12677118182182312,0.05915017053484917,1.4296460151672363,-1.3365343809127808,-1.576303243637085,0.6716548800468445,0.14256927371025085,0.9923846125602722,0.5196003317832947
6760.122,0.035180989652872086,0.014796129427850246,-1.0152784585952759,0.08751913160085678,0.4827655553817749,0.19148816168308258,29.420072555541992,-11.80525016784668,39.23782730102539,-1.0044569969177246,-0.6356126666069031,-0.46280577778816223,-0.5012269020080566,-1.107722520828247,-0.23767223954200745,0.12989915907382965,1.9392492771148682,-0.5880177617073059,-1.3417466878890991,-0.7769943475723267,-1.9499030113220215,1.4743133783340454,0.47658059000968933,-0.5636299848556519
6769.999,0.0837644711136818,0.045072734355926514,-0.976991593837738,-0.6880292296409607,0.24185264110565186,-0.12386868894100189,29.599720001220703,-10.439425468444824,40.33137512207031,-0.8792479038238525,0.40381643176078796,0.9630182385444641,-0.8462139964103699,-0.011497159488499165,1.1782965660095215,-0.027934826910495758,1.487618088722229,0.9765467643737793,1.0418825149536133,-0.9798203706741333,0.5459175109863281,0.009845186956226826,-0.22310873866081238,0.23442929983139038
6779.996,-0.035426847636699677,0.04896584898233414,-0.9779396653175354,-1.183082103729248,-0.6314178705215454,-0.2638687789440155,29.818391799926758,-9.3604154586792,40.95851135253906,0.4640364348888397,-0.5334097743034363,1.376727819442749,1.8303004503250122,-0.5475704073905945,1.057757019996643,0.2541525959968567,-0.4055585563182831,-1.6501197814941406,0.8453921675682068,0.44568708539009094,1.3153811693191528,0.7348792552947998,1.2098736763000488,2.0451643466949463
6789.897,-0.003368160454556346,0.04928498715162277,-1.0146857500076294,-0.22705325484275818,-0.8206308484077454,-0.5745577812194824,31.12615203857422,-10.09679889678955,38.880149841308594,0.06750088185071945,-0.6909789443016052,0.7470603585243225,-0.18002396821975708,0.6654505729675293,-0.8573403358459473,0.24938566982746124,-0.3058145046234131,-1.3088756799697876,-0.7509240508079529,-0.37389200925827026,1.8527021408081055,-0.913932740688324,1.8418811559677124,-0.14730851352214813
6800.122,-0.05713607743382454,-0.028710627928376198,-0.9894455671310425,0.6350307464599609,-1.1453847885131836,0.06259270012378693,30.637847900390625,-8.059892654418945,40.434200286865234,-1.1067842245101929,-0.04058902710676193,-0.8753448128700256,0.8775379061698914,-0.18453249335289001,-0.01505648996680975,-0.9869491457939148,0.25916528701782227,-0.8004416227340698,0.43745672702789307,-0.0857696384191513,-0.917217493057251,0.026509549468755722,0.3443854749202728,0.9416837692260742
6809.995,-0.027038749307394028,0.019326357170939445,-0.989543080329895,-0.38027966022491455,0.7349363565444946,-0.21374323964118958,29.094831466674805,-9.844963073730469,39.493412017822266,-0.999125599861145,1.6243942975997925,1.0884075164794922,-0.5189154744148254,0.3734380304813385,-0.7982156872749329,-1.1165320873260498,0.3166661262512207,-1.3418341875076294,-0.08215104788541794,0.6778015494346619,-0.41071996092796326,-0.1830594539642334,0.7616083025932312,0.650920033454895
6820.293,-0.04446020722389221,0.03858603537082672,-1.02310311794281,0.36257633566856384,-0.2744208574295044,0.2317444533109665,32.496150970458984,-10.001975059509277,40.0154914855957,-0.04143642634153366,0.47493770718574524,-1.2274497747421265,-1.239295482635498,-1.5356578826904297,-1.2474216222763062,-0.0025651261676102877,-0.7114652395248413,-0.257930725812912,-0.09994464367628098,1.1408264636993408,-0.5107517242431641,-0.38997355103492737,0.7994442582130432,2.1070311069488525
6830.063,0.014331202022731304,0.001305194920860231,-1.0203156471252441,0.8969755172729492,-0.47720345854759216,-0.16001969575881958,29.68686866760254,-10.321198463439941,39.445640563964844,1.2817312479019165,0.6151309609413147,0.601699709892273,-0.8283774852752686,-0.18398573994636536,0.27731484174728394,0.726165771484375,0.0156378373503685,0.5620353817939758,-0.22610534727573395,0.6188554763793945,-0.03036516159772873,-0.8080648183822632,-0.7088982462882996,0.20181499421596527
6839.827,-0.05218060687184334,0.011366413906216621,-0.9653892517089844,1.297367811203003,0.20179930329322815,1.4712616205215454,32.025169372558594,-8.899720191955566,41.12961196899414,-0.5292420983314514,-0.2944585382938385,-0.3259367048740387,0.616843044757843,-0.0458102747797966,-0.14893542230129242,0.33506131172180176,1.0498499870300293,1.2712769508361816,2.0138843059539795,-0.17323777079582214,0.9291449785232544,0.07534562796354294,-1.8239760398864746,-0.060398396104574203
6849.783,0.045889440923929214,-0.01904401369392872,-0.9710660576820374,0.2000150978565216,-0.0982515960931778,-0.02273607812821865,30.868427276611328,-10.248930931091309,39.45506286621094,0.12847274541854858,1.148782730102539,1.6794383525848389,-0.5137731432914734,-1.3406345844268799,-1.095962405204773,-1.186017632484436,0.011674657464027405,-0.08975137025117874,-0.5900565385818481,-1.6299222707748413,-0.1502961665391922,-0.22109709680080414,0.28685539960861206,0.09790225327014923
6860.128,0.011522890999913216,-0.006749678403139114,-0.9964102506637573,0.388793408870697,-0.14600075781345367,0.04106706753373146,29.351768493652344,-10.37636661529541,41.31748962402344,0.8291126489639282,0.3779061436653137,-0.548927903175354,-0.46013471484184265,0.6337405443191528,0.37773579359054565,-0.7531946897506714,-0.42363423109054565,-0.4702320992946625,-1.1519092321395874,0.09341127425432205,-0.29150938987731934,-0.20396170020103455,0.32684633135795593,-0.8710718154907227
6869.963,-0.011310095898807049,-0.0051624043844640255,-0.9597557187080383,-0.4550183415412903,0.3956323564052582,0.06222645938396454,29.451908111572266,-12.137897491455078,39.23571014404297,1.114207148551941,-0.9850894212722778,0.9532550573348999,-0.3294384479522705,-1.1119027137756348,0.06356137245893478,0.7748966217041016,0.5113478302955627,-2.6011831760406494,-0.6379951238632202,-2.753192663192749,0.29070356488227844,0.411243736743927,1.3057130575180054,0.013514717109501362
6879.942,0.020674709230661392,0.01065959595143795,-0.9742032885551453,0.2563111186027527,1.0782359838485718,0.5346847772598267,30.171571731567383,-10.789375305175781,40.14194107055664,-0.074931301176548,1.714073896408081,-1.2902346849441528,0.8553041815757751,-2.5783345699310303,-0.7354421019554138,-0.5517238974571228,1.3119817972183228,0.46250632405281067,-0.2700933516025543,1.2883180379867554,-0.4219663441181183,0.3429386019706726,-1.0670520067214966,-0.6994167566299438
6890.101,0.009252858348190784,-0.04635270684957504,-1.01756751537323,0.420165479183197,0.030278896912932396,-0.10599465668201447,31.779521942138672,-8.237451553344727,40.80986022949219,-0.7402036190032959,-0.9948801398277283,1.115630030632019,-1.4533523321151733,0.43101242184638977,-0.5692874193191528,-0.7717893719673157,-0.857278048992157,-0.5531139969825745,0.014666829258203506,0.4282725155353546,0.5597047805786133,0.7235654592514038,-1.1493967771530151,-0.8184446096420288
6900.150,0.062068626284599304,-0.028787659481167793,-0.9989233613014221,0.37473323941230774,0.02037387527525425,-0.015773750841617584,30.944215774536133,-10.307114601135254,39.07771301269531,-0.7460594773292542,-0.5677773356437683,2.4350876808166504,0.7600406408309937,0.2683671712875366,0.5764980912208557,1.2877147197723389,0.2617882788181305,-0.44971105456352234,0.06584819406270981,0.16546191275119781,1.1295417547225952,-0.5547941327095032,0.604634702205658,1.5612086057662964
6910.008,0.07278561592102051,0.00934660155326128,-1.0070027112960815,-0.4329313039779663,-0.8247100114822388,-0.3697167932987213,30.48009490966797,-8.339034080505371,40.382896423339844,-0.2247658669948578,-0.27954891324043274,-0.12728889286518097,-0.7788151502609253,0.10420113056898117,-0.9745797514915466,0.7727082967758179,1.08151113986969,0.23782320320606232,0.7317436933517456,-2.4725399017333984,-0.8844386339187622,-0.2640605866909027,-0.012944829650223255,1.0023161172866821
6919.999,-0.07453332841396332,0.05411497503519058,-0.9744317531585693,0.30745333433151245,-0.38784530758857727,-0.8719285726547241,31.819137573242188,-11.195784568786621,40.290428161621094,-0.23566855490207672,-0.9969560503959656,0.575950562953949,0.8728160858154297,0.6987536549568176,-2.938964605331421,1.1861062049865723,1.90336275100708,0.08763087540864944,-0.9229984879493713,-0.9917318224906921,-0.08299963176250458,-0.1902555674314499,-0.7131103873252869,1.3677089214324951
6929.829,0.054110754281282425,-0.04905344918370247,-1.0242635011672974,-0.02532537281513214,-0.45822474360466003,0.08745745569467545,30.422714233398438,-10.122506141662598,40.36076736450195,-0.9512500166893005,0.4199221134185791,-0.20920155942440033,-1.0478767156600952,-0.11246196925640106,-0.3074782192707062,-0.08063273131847382,0.45775002241134644,1.8077514171600342,-1.1377410888671875,0.7960666418075562,-0.5491908192634583,0.894820511341095,-0.1206543892621994,0.8553079962730408
6940.084,0.013641564175486565,0.035746339708566666,-0.994538426399231,-0.2439524233341217,-0.3019132614135742,-0.5397530198097229,30.406803131103516,-9.588777542114258,40.383419036865234,-1.7715448141098022,1.543944239616394,1.6389496326446533,-2.0981695652008057,-0.8653261065483093,-1.063946008682251,2.0794544219970703,-1.4276927709579468,-0.11122584342956543,0.65420001745224,0.05735314264893532,0.1810765117406845,-0.3531503975391388,0.3458985388278961,1.039563775062561
6949.840,0.000739478855393827,0.03872480243444443,-0.9977862238883972,-0.3574497699737549,0.6907698512077332,-0.01419547013938427,28.984210968017578,-9.171531677246094,39.32291793823242,1.1504063606262207,1.7966303825378418,1.0537915229797363,-2.278146505355835,1.26413893699646,-1.495562195777893,0.3642885684967041,-0.21817897260189056,-0.37439584732055664,1.502349853515625,-1.1388781070709229,-0.8140567541122437,-1.2277522087097168,-1.2506253719329834,-0.1169407069683075
6960.201,-0.04868238791823387,0.013543413020670414,-1.022186279296875,-0.7791200280189514,0.37459084391593933,-0.26586148142814636,30.2592716217041,-8.955374717712402,38.915557861328125,-0.060127727687358856,0.8096178770065308,-0.35895413160324097,-0.9016046524047852,0.3592868745326996,-0.5280714631080627,1.4409195184707642,-0.8048453330993652,-2.0365800857543945,-0.9569469094276428,1.5856883525848389,-1.5720536708831787,-0.1282663196325302,-2.350727081298828,-1.699535846710205
6970.049,0.04704565554857254,0.020324379205703735,-0.9921205043792725,0.031505171209573746,0.12511561810970306,0.13825774192810059,31.382495880126953,-10.042102813720703,39.91977310180664,-0.48531463742256165,0.6947272419929504,0.17843131721019745,-0.9088510274887085,2.374807357788086,0.2919238805770874,-0.08209631592035294,-1.7355728149414062,-0.3639175593852997,-1.4196510314941406,0.09866665303707123,-2.562077522277832,-0.32201868295669556,-2.3097031116485596,1.0565251111984253
6980.000,0.049418818205595016,-0.0034501152113080025,-1.0246721506118774,-0.3875274360179901,0.12697990238666534,-0.30256229639053345,28.410757064819336,-9.497346878051758,37.55840301513672,2.12137508392334,-0.6951658129692078,0.1737353801727295,0.08599542826414108,0.4204714298248291,-0.112514927983284,-0.7225338220596313,0.5635829567909241,0.6176843047142029,-0.023319195955991745,-0.31482651829719543,1.3635525703430176,0.03518800064921379,-2.656435966491699,0.4899021089076996
6989.723,-0.028808852657675743,0.004393029026687145,-0.9752217531204224,-0.5746570825576782,-1.2098214626312256,-0.4220631718635559,30.31986427307129,-11.699163436889648,39.101322174072266,0.5140258073806763,-2.5329184532165527,0.9293606877326965,-1.6709493398666382,1.1662020683288574,-0.02030860260128975,1.3268239498138428,-0.515546441078186,1.1739596128463745,-1.7362055778503418,1.4373350143432617,0.5057137608528137,0.15371084213256836,2.49353289604187,0.12899920344352722
7000.062,-0.04172501713037491,-0.06706710159778595,-0.981158971786499,0.6604132056236267,1.2702730894088745,1.201717734336853,29.348196029663086,-10.880496978759766,41.45866775512695,1.4218748807907104,0.6421799063682556,-0.9189291000366211,0.4989945888519287,-0.1544618308544159,-0.04786113649606705,1.1886779069900513,-0.28163349628448486,-0.19493955373764038,-1.394724726676941,0.6514580249786377,0.08299989998340607,-0.8040521144866943,0.5284741520881653,-0.9279730319976807
7009.881,-0.01622680574655533,0.033363185822963715,-1.0108336210250854,0.503814160823822,0.019593067467212677,-0.3557811379432678,30.027809143066406,-9.25123119354248,38.56876754760742,-0.6677307486534119,-0.7058238387107849,0.04971925914287567,-0.6386971473693848,-0.5460021495819092,-0.5743929147720337,1.622145414352417,-0.5588439106941223,1.128902554512024,0.6811879873275757,0.09698160737752914,-0.49124160408973694,0.25579923391342163,0.9209420680999756,-0.10042702406644821
7020.264,-0.012777411378920078,0.04923133924603462,-0.9953603148460388,0.12649746239185333,-0.3487277626991272,-0.43986597657203674,29.088808059692383,-9.710101127624512,39.72232437133789,0.43278902769088745,0.9472400546073914,0.8263388872146606,0.4797239601612091,-1.106067419052124,-0.6951267719268799,1.9483566284179688,1.3801568746566772,0.894489586353302,0.8977362513542175,-0.902096152305603,0.8497711420059204,-0.035424280911684036,1.078374981880188,-0.06814487278461456
7030.027,-0.06655878573656082,0.03602827712893486,-0.9986844062805176,-0.2948763966560364,0.25538045167922974,-0.2984120845794678,29.687049865722656,-9.988256454467773,39.37086868286133,-0.4251644015312195,-0.05549509823322296,-1.0676560401916504,1.5117604732513428,0.4533112347126007,0.5232419371604919,-0.35345134139060974,1.3622372150421143,-0.8372191786766052,-0.6933230757713318,0.15147830545902252,-0.06863448768854141,-2.7409448623657227,0.639735758304596,0.5019320249557495
7039.963,-0.042202774435281754,0.04486021026968956,-0.9775887131690979,0.6551631689071655,-0.3762456178665161,-0.3630277216434479,29.613269805908203,-9.757390022277832,40.75531005859375,0.8161224722862244,-2.2469067573547363,-0.8123314380645752,-1.0987666845321655,1.0242416858673096,0.11585241556167603,-0.9577389359474182,1.0130342245101929,-0.27122652530670166,1.6984120607376099,1.0203590393066406,1.1006497144699097,-0.8625659942626953,1.289812684059143,-0.6143342852592468
7050.039,-0.014241823926568031,-0.07650301605463028,-0.9924291372299194,-0.35689398646354675,0.6808497905731201,-0.18170249462127686,31.85337257385254,-9.812373161315918,40.01966857910156,-0.3418944478034973,0.7038853168487549,1.305057406425476,0.6254754066467285,-0.1549375057220459,-1.0080537796020508,1.2665194272994995,0.4645528793334961,0.9964182376861572,-0.15221716463565826,0.19207985699176788,0.21298925578594208,0.45542383193969727,0.6595830917358398,2.13308048248291
7060.266,-0.016812823712825775,-0.06928093731403351,-1.0228619575500488,0.4929790794849396,0.43712860345840454,-0.18243816494941711,30.755332946777344,-9.93043327331543,38.887264251708984,1.966343879699707,-0.3148355484008789,0.10850148648023605,0.3892977237701416,-0.2523934841156006,0.24762062728405,-0.11862659454345703,-0.6831035017967224,0.8930894732475281,0.952285647392273,0.8195693492889404,-1.065521478652954,-0.11147624999284744,-0.5868450403213501,0.4953749477863312
7070.099,0.02062937803566456,0.037548620253801346,-0.9872885346412659,-0.2572654187679291,0.37832093238830566,0.1131652444601059,29.052173614501953,-9.501928329467773,39.97346496582031,-0.3617447316646576,2.0356481075286865,0.19421899318695068,-0.7381353974342346,-0.4142223000526428,0.34760427474975586,0.9678023457527161,-0.9409340023994446,0.047404348850250244,0.28174513578414917,-0.9647117257118225,2.0777549743652344,0.604867160320282,-0.16685454547405243,0.721832275390625
7079.868,0.05580626055598259,-0.0018824661383405328,-0.9884440302848816,-0.5923280715942383,-0.0536544993519783,-0.45226162672042847,31.12188148498535,-10.941179275512695,38.30302810668945,1.034311056137085,0.030542513355612755,1.1386059522628784,-0.3555998206138611,-1.7858059406280518,0.614534854888916,2.1482503414154053,0.44602376222610474,-0.7635338306427002,-1.7471013069152832,0.801427960395813,0.09675755351781845,1.2014259099960327,-2.0187103748321533,-0.6438485980033875
7090.087,0.07245311886072159,-0.026871372014284134,-1.0178481340408325,-0.3906000256538391,0.9230155348777771,-0.4528487026691437,29.873891830444336,-11.640874862670898,40.5251350402832,0.4694784879684448,0.34617146849632263,-0.8306015729904175,-1.1666008234024048,-1.0028486251831055,-1.2278534173965454,2.122131109237671,0.3465433120727539,-0.023503169417381287,0.5718238353729248,-0.20089344680309296,-0.5241098999977112,0.40857139229774475,-0.38991299271583557,-0.33907270431518555
7099.799,0.03719576448202133,-0.04629092663526535,-0.9939386248588562,0.08021214604377747,-0.5744215250015259,0.37951889634132385,28.73568344116211,-9.73665714263916,41.305946350097656,0.25869640707969666,-2.1680126190185547,-0.028146734461188316,-0.14586539566516876,0.1927231103181839,-0.7046796679496765,-0.07338179647922516,-0.6472741365432739,0.9610413312911987,-0.8065147399902344,-0.124449722468853,0.3057853579521179,-0.29056239128112793,0.7959186434745789,-1.9072035551071167
7109.985,0.003662439063191414,0.13241420686244965,-0.9548205137252808,-0.6758317947387695,-0.7415817379951477,0.41091686487197876,29.40656280517578,-10.628373146057129,39.994686126708984,-0.850790798664093,0.5304012894630432,-0.5141348838806152,0.3068588078022003,-0.15965242683887482,-0.9751195907592773,-0.0574006550014019,0.5164818167686462,0.1998625248670578,-0.014067175798118114,-1.6609476804733276,-0.7440520524978638,0.36327239871025085,0.18406438827514648,-1.162122368812561
7119.994,-0.027706744149327278,-0.03355290740728378,-0.9622990489006042,-0.3486868441104889,0.2652801275253296,0.15861289203166962,29.70703125,-10.359232902526855,39.792728424072266,-0.44594502449035645,-0.08298579603433609,-0.6345720291137695,-0.8365396857261658,-0.24912670254707336,-0.18660078942775726,1.0541889667510986,-0.3770691752433777,0.1941964477300644,-0.44156908988952637,-0.493926078081131,-1.883466124534607,-0.916407585144043,1.6247481107711792,-1.5115166902542114
7130.082,0.010503757745027542,-0.0420515201985836,-0.9873323440551758,0.6651270389556885,0.3508366048336029,0.9796708226203918,29.219589233398438,-9.843954086303711,39.06482696533203,1.0136364698410034,-0.13194702565670013,-1.5629671812057495,-0.6801703572273254,0.6401382684707642,0.08329153805971146,0.5178590416908264,1.0396443605422974,-0.19426709413528442,1.0447168350219727,-0.7593992352485657,-1.6700310707092285,1.5553048849105835,0.7467800378799438,-0.47515520453453064
7139.968,0.051174405962228775,0.036101873964071274,-0.9725508093833923,0.014971917495131493,0.2909280061721802,-0.5115323066711426,29.384275436401367,-10.059625625610352,40.04310607910156,-0.11379142105579376,1.189597249031067,-0.942954421043396,0.9955774545669556,0.03982330486178398,-1.275821566581726,-1.6513738632202148,0.9591977000236511,-0.3922854959964752,2.7787156105041504,-0.5978918671607971,-0.47360745072364807,0.13399183750152588,-0.8787093758583069,1.2571951150894165
7149.621,0.03210657089948654,0.07501986622810364,-0.9955021739006042,-0.0986468717455864,0.40855738520622253,0.23197592794895172,30.638877868652344,-9.399060249328613,40.575313568115234,-1.9096860885620117,0.752626359462738,-0.08664833009243011,0.16859027743339539,-1.1812912225723267,-0.6360098719596863,0.5065008401870728,1.1341415643692017,-0.037679560482501984,-0.3752616047859192,-0.8297674059867859,0.2302929311990738,1.7015634775161743,-0.7853519320487976,-1.0195438861846924
7160.090,-0.046195682138204575,-0.01001791376620531,-1.0335596799850464,0.017869217321276665,-1.6376100778579712,0.34366896748542786,27.231212615966797,-7.391716003417969,40.28835678100586,-0.25441795587539673,1.3146172761917114,-0.45187464356422424,-0.5867605805397034,0.5822135806083679,0.7543284893035889,-0.06590558588504791,0.44529104232788086,0.6180874109268188,-0.9473392367362976,0.332096129655838,0.09981589019298553,-1.1331607103347778,0.7587908506393433,0.24309661984443665
7170.074,0.005530941765755415,-0.0034194253385066986,-1.0134665966033936,-0.1708139032125473,-0.25178951025009155,0.4239438772201538,30.48468017578125,-9.669498443603516,39.37336349487305,0.5230631828308105,-0.4061533212661743,-0.051910992711782455,1.7748522758483887,1.7656015157699585,0.45601141452789307,0.8256452679634094,-0.18088027834892273,-0.09366802126169205,-1.117816686630249,0.775422215461731,-0.8134899735450745,-0.4122585654258728,-0.008911407552659512,0.2334982305765152
7180.051,0.017051413655281067,-0.014764603227376938,-0.9604218006134033,-0.055847588926553726,0.056078825145959854,-0.16230536997318268,28.606056213378906,-11.408533096313477,40.21340560913086,2.011786460876465,-0.533220648765564,-0.47027474641799927,0.4270803928375244,-0.45683524012565613,-0.09687026590108871,0.6926910281181335,0.5278900861740112,0.34309229254722595,0.38953471183776855,-0.6883890628814697,0.1551360934972763,1.3182377815246582,0.7170699238777161,0.0042723980732262135
7189.971,0.003923545591533184,-0.07841548323631287,-0.9579032063484192,-0.26662886142730713,-0.6883266568183899,-0.24791981279850006,30.56866455078125,-10.333298683166504,39.822269439697266,-0.6026840209960938,0.550330638885498,0.788214385509491,-0.2884860336780548,-0.05164177715778351,0.9163686633110046,-1.6307445764541626,-1.4307461977005005,-0.28416815400123596,0.5905091762542725,-0.7376484870910645,-0.023149792104959488,1.1991980075836182,-0.7006444334983826,0.6841473579406738
7200.093,-0.014553578570485115,-0.035138703882694244,-1.007775068283081,-0.08606492727994919,0.006708845030516386,0.4995507597923279,33.055416107177734,-9.823062896728516,38.5924186706543,-1.0404293537139893,-1.4594833850860596,-2.000612497329712,-0.9595321416854858,-0.2654729187488556,-1.6370128393173218,0.7496672868728638,0.02172919176518917,0.2561328411102295,0.5038740038871765,0.5077731013298035,0.12408329546451569,-0.07017333060503006,0.21001529693603516,-0.4066636264324188
7210.041,-0.020554635673761368,-0.017948370426893234,-1.0261039733886719,-0.947327196598053,0.20826178789138794,-0.5367316603660583,30.12640953063965,-9.090861320495605,39.545753479003906,0.981830894947052,2.5770161151885986,-0.39326849579811096,1.6007182598114014,-0.8885654807090759,-0.8099349737167358,0.616828441619873,-0.6549203991889954,1.8660650253295898,1.004786491394043,-1.0048565864562988,-0.7100620269775391,-1.3008205890655518,-0.4408224821090698,0.7372259497642517
7220.111,0.05597592517733574,0.011225559748709202,-1.0221476554870605,0.3722851872444153,0.3436852991580963,0.30657458305358887,29.578006744384766,-9.050861358642578,41.59044647216797,-0.6733648180961609,1.5269930362701416,-0.083968386054039,-0.022735953330993652,1.2465671300888062,-0.9473276734352112,0.04984211549162865,-0.10616394877433777,-2.1625280380249023,1.5434229373931885,0.16004349291324615,1.1158983707427979,1.0682687759399414,-1.1961724758148193,0.5907320976257324
7230.195,0.09685347974300385,0.010390770621597767,-0.9998400211334229,-0.02293882891535759,0.061252743005752563,-0.01962641067802906,29.726760864257812,-10.406739234924316,40.69404983520508,1.0467008352279663,0.053391654044389725,-0.6770111322402954,-0.26133111119270325,2.114490509033203,0.2890627086162567,-0.08218833804130554,-0.645413339138031,0.8325331211090088,0.0048524485900998116,0.7854815125465393,1.502684473991394,-0.6388109922409058,-0.6689788103103638,0.06974537670612335
7240.041,0.10511334985494614,0.01794040948152542,-1.0161956548690796,0.42925357818603516,-0.07757691293954849,0.014201569370925426,29.38811492919922,-9.553133964538574,41.48904800415039,0.9566050171852112,-0.2581431567668915,-1.6143510341644287,0.6147519946098328,-0.7243939638137817,1.3532277345657349,0.8428215384483337,-0.1520387828350067,1.1992744207382202,0.34363946318626404,0.19767141342163086,-1.00569748878479,0.2031698226928711,0.3985915184020996,0.3174385726451874
7249.716,-0.0362391360104084,-0.0014238952426239848,-0.9760634899139404,-0.5124711394309998,-0.26641449332237244,0.14705999195575714,30.276086807250977,-10.409659385681152,39.790130615234375,0.5249309539794922,-0.7758342027664185,-0.5237517356872559,1.540086269378662,1.903457522392273,1.0053989887237549,0.5979434251785278,0.819972038269043,0.8892993330955505,0.45051971077919006,-0.49723881483078003,-1.2256649732589722,0.3960847556591034,0.15549924969673157,0.7390705347061157
7259.942,0.06328705698251724,-0.06945045292377472,-0.9723157286643982,0.7020531892776489,0.003440961940214038,-0.2770562767982483,29.98862075805664,-10.743731498718262,40.03492736816406,1.5421980619430542,-0.32275158166885376,0.4289836287498474,0.2658117115497589,-0.12051954120397568,-0.24937525391578674,1.830609917640686,0.1893945038318634,-0.3098551630973816,0.9007554650306702,-0.8529099225997925,0.35487595200538635,-1.2539042234420776,0.8743525147438049,-1.824617862701416
7269.853,0.012846376746892929,-0.07564323395490646,-0.9589489102363586,0.41101786494255066,0.44959771633148193,-0.38349756598472595,29.972097396850586,-11.090072631835938,39.618865966796875,-1.2628498077392578,-0.4851319491863251,1.525418758392334,-0.1895993947982788,0.1944735050201416,0.4887249767780304,0.7862139940261841,-1.1688673496246338,-0.6041440963745117,-0.8872559666633606,1.0445383787155151,0.30358651280403137,-0.7766037583351135,-1.3528120517730713,0.3491953909397125
7279.931,0.07181474566459656,0.008307395502924919,-1.0194147825241089,0.6111193895339966,-0.10861692577600479,-0.8173796534538269,30.720552444458008,-11.360438346862793,42.697967529296875,0.38235288858413696,0.5837634801864624,-1.1881413459777832,-0.5648196339607239,0.47709959745407104,1.3581143617630005,-1.7566609382629395,-1.0266757011413574,1.570504069328308,0.2699284851551056,-0.8513631224632263,-0.7822101712226868,0.3400481939315796,0.9969863295555115,0.24203571677207947
7290.071,-0.10931016504764557,0.05411970987915993,-0.9913907051086426,-0.2753361463546753,0.2634604275226593,-0.5666387677192688,27.230119705200195,-10.333681106567383,39.15902328491211,0.1328250765800476,-0.8100043535232544,0.028578415513038635,-0.028446832671761513,0.35546261072158813,-0.8030564785003662,-1.5037018060684204,-0.6879671812057495,-0.8961983919143677,1.146704077720642,1.1621131896972656,-0.28441122174263,1.4796308279037476,-0.28930187225341797,-1.653213620185852
7299.923,-0.05656823515892029,0.013219592161476612,-1.05158269405365,0.08897784352302551,0.31363338232040405,-0.29924240708351135,29.691585540771484,-8.733807563781738,38.43680191040039,1.1852182149887085,-0.5050857663154602,0.3222859799861908,-2.1913340091705322,0.6601954698562622,-0.6198950409889221,-2.465348243713379,0.7309030294418335,1.469624400138855,-0.5293859243392944,0.033826883882284164,-1.5899254083633423,-0.23640932142734528,0.09265529364347458,0.9246570467948914
7309.824,-0.0070422738790512085,-0.06912167370319366,-0.9719203114509583,-0.2848933935165405,-0.14016400277614594,-0.4228937327861786,30.877750396728516,-10.659713745117188,39.816650390625,0.690412163734436,1.3829649686813354,-0.22555646300315857,0.36268889904022217,0.17754629254341125,1.393833875656128,-0.47736796736717224,1.235020399093628,0.733421802520752,-0.1433916985988617,0.5610633492469788,-0.6435139179229736,-1.052789330482483,0.9246519207954407,0.8285097479820251
7319.950,-0.021281659603118896,0.03379211202263832,-0.9723569750785828,0.6436025500297546,-0.05412418395280838,-0.27817535400390625,29.427064895629883,-11.91389274597168,41.3137321472168,1.1575487852096558,-1.8079026937484741,-0.8562556505203247,-0.3784465491771698,-0.1289760321378708,0.552671492099762,-0.3033916652202606,-0.30090227723121643,0.5847991704940796,-0.24477829039096832,-1.93495774269104,1.021004319190979,0.8908196091651917,-0.41512393951416016,-0.7480501532554626
7330.160,-0.01296392921358347,-0.02731015346944332,-1.0158307552337646,1.4970990419387817,-0.723904550075531,-0.4053339958190918,31.10263442993164,-10.014786720275879,40.515872955322266,0.19859880208969116,-0.7396019697189331,1.1884593963623047,-0.3463570773601532,1.2886627912521362,-1.1586265563964844,-1.1331228017807007,1.1172751188278198,-0.6075351238250732,0.911967396736145,0.4605869948863983,1.3709782361984253,1.144425868988037,0.12908612191677094,1.3077131509780884
7339.837,-0.08250706642866135,0.004123926628381014,-0.9698125720024109,0.45511484146118164,-0.2628854513168335,0.5856110453605652,30.117694854736328,-7.9248785972595215,39.682579040527344,0.07866879552602768,0.8063995838165283,-1.192117691040039,0.9424542784690857,-0.9598188996315002,1.1401177644729614,0.17336031794548035,-1.046042561531067,0.38841885328292847,0.19522005319595337,-1.967020034790039,-0.31704285740852356,-0.21132488548755646,-1.3413746356964111,0.1648314744234085
7350.011,0.013078256510198116,-0.05773142725229263,-0.9818691611289978,0.20980240404605865,0.5372650623321533,0.13168032467365265,30.041471481323242,-10.195608139038086,41.52741622924805,-0.1565435528755188,-0.9253382682800293,1.8360846042633057,0.9573327898979187,-1.4924391508102417,-1.7573506832122803,0.6414446234703064,0.9933273196220398,-0.7965214848518372,0.09052901715040207,0.6951863765716553,-0.26491233706474304,0.1036561131477356,1.4938819408416748,-0.10429757833480835
7360.029,0.0017942057456821203,-0.08495776355266571,-1.0149352550506592,-0.08602319657802582,0.2669747471809387,0.15057805180549622,30.824230194091797,-9.977975845336914,38.29610061645508,-0.549257755279541,-0.781495988368988,0.5436643362045288,-0.1626451313495636,-0.05132375285029411,1.3816742897033691,-2.0974292755126953,-0.07876778393983841,-1.517219066619873,0.7626392841339111,0.7728614807128906,-0.1649874597787857,-1.540256142616272,0.18754062056541443,0.21318241953849792
7370.148,-0.0058802287094295025,0.03761151060461998,-0.9739464521408081,0.6460237503051758,0.15851372480392456,-0.9438585638999939,28.832551956176758,-11.026261329650879,38.431854248046875,-0.15952421724796295,0.1918240636587143,-0.9973993897438049,0.5888166427612305,-1.5817503929138184,0.06709037721157074,1.1247648000717163,-0.00012495294504333287,-1.4546066522598267,-1.3713480234146118,-0.2342008352279663,-1.306624412536621,-0.024468885734677315,0.2632809579372406,-1.5391854047775269
7379.994,-0.014320414513349533,-0.017864752560853958,-0.9829943776130676,0.5368481874465942,0.1844889372587204,-0.28871822357177734,30.30385398864746,-10.60938549041748,40.2338752746582,-0.2809711694717407,1.1392146348953247,0.7602340579032898,1.3411673307418823,0.2811546325683594,0.9426870346069336,0.5058721303939819,0.8860765695571899,-0.13823482394218445,0.3805643320083618,-0.21260914206504822,-2.378270387649536,2.0587215423583984,0.7842499613761902,0.21661357581615448
7389.936,0.010417886078357697,0.05433740094304085,-0.9660430550575256,-0.776562511920929,-0.41503000259399414,-0.6516351103782654,30.57457160949707,-8.405433654785156,39.37385177612305,-1.5443686246871948,-0.6078262329101562,0.9888545274734497,1.279791235923767,-0.5262364149093628,0.7039156556129456,-0.37687280774116516,-0.2909277379512787,0.8476352691650391,-0.700319766998291,1.6765817403793335,0.0542992502450943,-0.9749387502670288,-0.49066779017448425,-0.17502690851688385
7399.877,-0.043095432221889496,-0.034914713352918625,-1.0084757804870605,0.03970915451645851,0.09430234879255295,-0.16186650097370148,29.228801727294922,-9.078109741210938,38.678810119628906,-0.4162749946117401,-1.009968876838684,0.2020886093378067,-1.0514553785324097,0.9785831570625305,3.082312822341919,-0.02920844405889511,-0.5964576005935669,-0.10366235673427582,0.6010354161262512,0.9132577776908875,-0.5599011778831482,-0.12034603953361511,-0.9992397427558899,-2.9677178859710693
7410.058,-0.029944663867354393,0.09421059489250183,-1.022127628326416,0.08961013704538345,-0.0010023399954661727,0.6587963700294495,28.634212493896484,-9.434134483337402,39.964725494384766,1.2755638360977173,1.460980772972107,-0.14281368255615234,0.015059375204145908,1.0285788774490356,-2.0746593475341797,0.039376553148031235,0.2496989518404007,-0.9387861490249634,-0.37006106972694397,0.11758552491664886,0.4504736363887787,0.09240701794624329,0.08108063787221909,1.1108119487762451
7420.199,-0.040195923298597336,0.10231851786375046,-1.021308183670044,0.4304615259170532,0.031943537294864655,-1.2006841897964478,30.554534912109375,-9.15323543548584,40.90027618408203,-0.040992092341184616,0.6636676788330078,0.2784956693649292,0.22344401478767395,-0.31800463795661926,0.13931633532047272,-0.1795765906572342,-0.44153061509132385,-0.9091828465461731,0.2830914258956909,-2.0768158435821533,0.7637655735015869,-1.9736075401306152,-0.47929930686950684,-0.8360112309455872
7429.946,-0.04537905380129814,0.06361281871795654,-1.042383074760437,-0.3032437860965729,-0.19163741171360016,-0.30534353852272034,29.713491439819336,-10.531813621520996,39.69643020629883,1.4536104202270508,-1.5940614938735962,-0.2726892828941345,0.7392685413360596,-0.15133653581142426,-0.7070983052253723,0.9985290765762329,1.3622299432754517,0.06014608219265938,1.37371826171875,-0.577057957649231,0.9691005945205688,0.5149173736572266,0.7071293592453003,0.9672084450721741
7439.979,-0.032695043832063675,-0.04082415997982025,-0.9713885188102722,-0.4364839792251587,0.4125906825065613,0.6198005676269531,29.002609252929688,-12.317044258117676,40.86971664428711,-1.779160737991333,-1.399451494216919,0.49865925312042236,-0.3130355477333069,0.8063069581985474,-0.4829897880554199,2.0872983932495117,1.1906660795211792,-0.03401223197579384,-1.8270045518875122,-0.6100437045097351,-0.32595694065093994,0.4058495759963989,1.1659189462661743,-0.12423878163099289
7450.138,0.010198145173490047,0.016320986673235893,-1.0244375467300415,0.17032890021800995,0.7859213948249817,-0.44738835096359253,31.10418701171875,-8.665536880493164,40.41938781738281,-0.11702028661966324,-0.5177131295204163,-1.4352850914001465,-0.5760496258735657,-0.6246189475059509,-1.9774796962738037,-1.3465802669525146,1.199770212173462,0.2142113894224167,1.417366862297058,-1.2207585573196411,0.6595305800437927,1.5299588441848755,1.3137880563735962,-0.35911038517951965
7460.033,-0.16846460103988647,-0.0010036182356998324,-1.0031712055206299,0.49197643995285034,0.1313120722770691,-0.27560481429100037,27.96210289001465,-10.249568939208984,41.1943359375,0.11634588241577148,-2.1509275436401367,-2.023423910140991,-0.8435143828392029,-1.5197466611862183,-1.362717628479004,0.2173505425453186,-0.2107337862253189,0.21467289328575134,-0.20938198268413544,0.6751626133918762,-0.22420145571231842,-2.0006299018859863,-0.9715169668197632,-1.267738938331604
7470.098,0.03530844673514366,-0.02193920873105526,-0.9264625906944275,0.05903003737330437,-0.7085152864456177,0.0777299553155899,30.45621109008789,-7.433335304260254,40.27872085571289,-0.3594026565551758,0.6526605486869812,-0.5369678139686584,-1.0622539520263672,-0.7507146000862122,-0.8031625747680664,-1.3621587753295898,-0.9604833126068115,-1.142899513244629,1.751889944076538,0.35044658184051514,0.5624597072601318,-0.5139607191085815,-0.9797199964523315,0.027435069903731346
7480.244,0.021785913035273552,-0.037081439048051834,-1.0128002166748047,0.04991110414266586,0.11463955789804459,0.25617676973342896,32.0005989074707,-9.834434509277344,40.62324905395508,0.13482917845249176,0.05114071071147919,0.16069816052913666,1.092938780784607,1.3023115396499634,1.3463068008422852,0.3293980658054352,-0.22788816690444946,-0.27579179406166077,-0.975556492805481,1.0185527801513672,0.46971166133880615,-0.8304659128189087,1.3122817277908325,0.45955416560173035
7490.007,-0.0011422899551689625,-0.00807964988052845,-0.9957568645477295,-0.40477076172828674,-0.313789427280426,-0.19468027353286743,30.817787170410156,-9.216057777404785,40.26948928833008,-0.7324106097221375,2.08846378326416,-0.5906863212585449,-0.19095730781555176,-1.7269543409347534,-1.5443698167800903,0.6526698470115662,0.7525650858879089,0.15958654880523682,-0.2652880549430847,0.9521762728691101,-1.5996662378311157,-0.12538321316242218,-0.188983753323555,-0.7734053730964661
7499.907,0.019775500521063805,0.02231627330183983,-1.01787269115448,-0.4271996021270752,-0.6179141402244568,0.8436089158058167,29.16337013244629,-10.825786590576172,40.26018142700195,0.5836954712867737,-0.6708008646965027,-1.0359392166137695,0.14562919735908508,-0.12177962064743042,1.895950436592102,-1.327826738357544,0.33731400966644287,-2.065640687942505,-2.574746608734131,-1.6450804471969604,-0.40000367164611816,-0.7677908539772034,2.168807029724121,1.6480751037597656
7510.194,-0.0826382264494896,0.0032751685939729214,-0.9803600311279297,-0.019426796585321426,-0.35041993856430054,0.7721639275550842,30.185504913330078,-9.679688453674316,39.445457458496094,-0.2753525376319885,0.051742687821388245,0.9737604260444641,0.9253399968147278,0.16073736548423767,0.45753419399261475,-0.5041553378105164,-0.9954554438591003,1.177190899848938,-1.12129545211792,1.0403639078140259,-0.5710634589195251,0.17211472988128662,-0.11941023170948029,0.35281872749328613
7520.323,-0.0019545454997569323,0.0546966977417469,-1.0204726457595825,-0.12746962904930115,0.17078882455825806,-0.44837644696235657,28.56105613708496,-9.806502342224121,39.74369430541992,0.2762815058231354,-1.1734038591384888,-1.0138493776321411,0.5096796751022339,-1.3564884662628174,-0.8063706755638123,0.296714723110199,-0.8178042769432068,0.4948674440383911,-2.520498275756836,0.6270374655723572,0.7907953858375549,0.83001708984375,-0.3352532684803009,-0.22451844811439514
7530.025,-0.013393240980803967,0.009166817180812359,-0.9890006184577942,-0.13578854501247406,0.5893345475196838,0.23329967260360718,32.040504455566406,-10.53534984588623,37.963958740234375,0.5444673895835876,1.43802011013031,-0.12389820069074631,0.786938488483429,0.19805246591567993,-0.13580049574375153,-0.7942221164703369,-2.0281851291656494,-0.25696447491645813,-1.5428637266159058,-0.1665731817483902,-0.2534148097038269,0.581073522567749,-0.8660966157913208,-0.31513941287994385
7539.949,0.04745852202177048,-0.01999775506556034,-1.008849024772644,-0.06160943955183029,-0.4512292742729187,0.3904779553413391,27.93808364868164,-7.426560401916504,39.830074310302734,1.9202946424484253,0.7608237862586975,0.7249075770378113,-0.09402251243591309,1.0433045625686646,0.028636861592531204,-0.6425951719284058,0.7721837759017944,0.19244924187660217,0.0006712773465551436,-0.5689524412155151,0.36921265721321106,-0.939736008644104,0.6544747948646545,2.0449607372283936
7549.980,-0.058034561574459076,0.042881809175014496,-0.9564798474311829,0.22526061534881592,0.314424991607666,0.31445521116256714,29.86072540283203,-9.346914291381836,39.69236373901367,2.071946382522583,-0.6464707255363464,0.601837694644928,-1.3118375539779663,-0.12038639932870865,-0.8409207463264465,-0.8969661593437195,-0.09351569414138794,-0.36934876441955566,-0.9721352458000183,-0.5187110900878906,0.081275574862957,2.490596055984497,-0.04302452504634857,-0.14300818741321564
7559.995,0.039861515164375305,-0.0013336241245269775,-1.0176270008087158,0.034828491508960724,-0.4962756931781769,0.4972752332687378,27.804454803466797,-10.391338348388672,39.973167419433594,2.4450745582580566,-0.9065845608711243,1.3376621007919312,1.0062943696975708,-1.8744126558303833,0.7085136771202087,-1.170880675315857,0.6300778388977051,0.7398111820220947,-0.37682417035102844,0.6047723293304443,0.8926585912704468,1.0891340970993042,0.6998876333236694,-0.3570106327533722
7569.950,-0.03814958781003952,-0.06851308047771454,-0.9938509464263916,0.6741489768028259,-0.026089545339345932,-0.420016884803772,30.40441131591797,-7.523035049438477,40.325557708740234,1.4473844766616821,-0.05648886412382126,-0.7928907871246338,0.05965963378548622,1.6560287475585938,-0.8867893815040588,1.548740029335022,-0.3627378046512604,-0.9010496139526367,1.5300910472869873,0.13838082551956177,0.5068551301956177,-1.3273051977157593,-1.0712932348251343,1.163074254989624
7580.051,0.030945181846618652,0.015401434153318405,-0.9900462627410889,0.02008909545838833,0.769561767578125,-0.576959490776062,28.421236038208008,-9.31619930267334,39.930686950683594,0.9965131878852844,1.2618670463562012,-1.1431607007980347,-0.6707371473312378,-1.5671364068984985,-1.041949987411499,1.1551270484924316,0.2619020938873291,0.20425434410572052,0.7679609656333923,0.2048875093460083,-1.2058398723602295,-0.3722187578678131,0.7120338678359985,-0.18441765010356903
7590.132,0.0056932163424789906,0.13319502770900726,-1.0017635822296143,0.8395109176635742,-0.15321004390716553,-0.8397446274757385,30.234251022338867,-11.498320579528809,40.38838195800781,-1.7096595764160156,-0.08844078332185745,-0.5324568748474121,0.299057275056839,-1.1852656602859497,1.8351808786392212,-1.2476530075073242,0.6459919214248657,0.4451900124549866,0.16149218380451202,-3.668123960494995,0.7213057279586792,0.3881544768810272,0.34840089082717896,-0.5803169012069702
7600.114,-0.0062459115870296955,0.0012709448346868157,-0.9847896695137024,0.6349753737449646,-0.4721619784832001,-0.40313276648521423,29.728389739990234,-11.7552490234375,39.70595169067383,-0.24095533788204193,0.3319815993309021,-1.0568753480911255,0.9120508432388306,-1.141160488128662,-0.990947425365448,0.7810782194137573,-0.7449352145195007,-1.2930173873901367,-0.5737187266349792,1.6886975765228271,-0.08765874058008194,-1.3033541440963745,-2.540184259414673,0.6228817701339722
7609.956,0.021779680624604225,-0.011391001753509045,-1.012818455696106,-0.2902347445487976,0.386562317609787,-0.6280483603477478,28.916746139526367,-10.29993724822998,38.83007049560547,0.7581933736801147,0.7365991473197937,-0.2822795808315277,-0.06867152452468872,-0.3392096161842346,-0.9108312726020813,0.32255110144615173,0.3429596424102783,0.09442836046218872,2.656355381011963,-0.27149438858032227,0.6603562235832214,-0.32197123765945435,-0.10370391607284546,-0.07546702027320862
7620.072,-0.08201301842927933,-0.05654856190085411,-1.009874701499939,-0.0418529212474823,0.18811099231243134,-0.273862361907959,28.369707107543945,-8.883152961730957,38.649559020996094,-0.983644425868988,-0.6187906861305237,0.32802093029022217,-1.4396395683288574,-0.2726271152496338,1.4942740201950073,-0.4034767150878906,0.17367491126060486,-1.4653595685958862,1.3453004360198975,0.37467411160469055,-0.09270655363798141,0.7733414769172668,1.4309602975845337,1.0643421411514282
7629.916,-0.016317831352353096,-0.010706913657486439,-0.9998405575752258,0.2636024057865143,0.2110891491174698,0.20485392212867737,30.890336990356445,-9.82221794128418,40.809242248535156,0.5858132839202881,-0.4444979131221771,0.17047953605651855,1.7425391674041748,0.41985034942626953,-1.2019026279449463,-1.218703269958496,0.09594688564538956,-1.7536016702651978,0.8937960267066956,1.155171275138855,-0.5217614769935608,-1.4462215900421143,-0.9391987919807434,-1.2985358238220215
7639.982,0.038694966584444046,0.10707157105207443,-0.9823701977729797,-0.27288421988487244,0.38449013233184814,0.7702822685241699,31.047672271728516,-9.294568061828613,39.60041427612305,2.0373759269714355,1.0396173000335693,-0.6379408240318298,0.26613649725914,-0.33963626623153687,-0.6482000946998596,0.08760498464107513,1.5676090717315674,-0.5002725124359131,-1.0236726999282837,0.727012574672699,0.026245346292853355,0.19292759895324707,0.07439584285020828,-0.9074397087097168
7649.826,0.03467794880270958,-0.005430556833744049,-1.0233471393585205,-0.017907502129673958,-0.25747671723365784,0.049229785799980164,29.27406120300293,-9.884855270385742,37.89295959472656,-0.6660880446434021,1.013655424118042,-0.7270715832710266,5.5391574278473854e-05,-0.9475277066230774,0.5357447266578674,-0.28123512864112854,1.1630682945251465,-1.9709855318069458,-1.2966753244400024,1.0503336191177368,-0.09105664491653442,1.1669981479644775,0.08965747803449631,-1.0677621364593506
7659.810,0.09203597158193588,-0.04709778353571892,-0.9865903854370117,0.19661428034305573,-0.058897119015455246,0.37081441283226013,31.80466079711914,-10.793628692626953,38.84141159057617,-1.4545235633850098,-0.703768253326416,-0.22374331951141357,0.8445150256156921,-0.11215639859437943,1.3385350704193115,0.12891118228435516,-0.945567786693573,1.0347713232040405,0.6623167395591736,0.16575294733047485,1.2674413919448853,0.636698842048645,0.021903233602643013,1.3700950145721436
7669.992,-0.029826857149600983,0.03933831304311752,-0.9454604983329773,0.567147970199585,0.7889540195465088,-0.9880567193031311,28.767353057861328,-9.389430046081543,40.59748458862305,1.5945624113082886,-1.835395336151123,0.3530273735523224,0.31341543793678284,1.165354609489441,-0.07101120799779892,-1.6397124528884888,0.722605288028717,0.44670718908309937,1.1355550289154053,1.8431024551391602,-0.30934014916419983,1.545609474182129,-0.19540150463581085,0.7875522971153259
7679.974,0.13416863977909088,-0.055577635765075684,-1.0154838562011719,0.07455955445766449,0.6334533095359802,-0.5785443782806396,30.266019821166992,-9.579049110412598,40.00593948364258,-1.5017277002334595,1.3773611783981323,1.0599544048309326,0.9619487524032593,-1.7768601179122925,1.1878858804702759,0.23255819082260132,1.0456243753433228,0.8296421766281128,0.35091182589530945,-0.9957554340362549,-0.41606706380844116,-1.1583021879196167,-0.7893012762069702,-0.5034528374671936
7689.967,-0.07243582606315613,0.04002648964524269,-1.0289263725280762,0.2252940684556961,0.11845891177654266,-0.9821655750274658,29.887435913085938,-9.379013061523438,39.334598541259766,0.3365119397640228,-1.242822289466858,-2.343273639678955,-1.8714197874069214,-0.8802813291549683,-0.8248994946479797,-0.1073051318526268,-0.7963026165962219,-1.6729991436004639,0.4873955547809601,-1.2152302265167236,-0.020859921351075172,1.214389443397522,0.6497370004653931,1.4450087547302246
7699.838,0.05361313745379448,-0.05554499477148056,-0.980343222618103,-0.7867048382759094,-0.07663289457559586,0.023830004036426544,30.526445388793945,-11.226873397827148,41.50859451293945,0.10521221160888672,0.8369839191436768,-0.3348768651485443,-0.9539819359779358,0.1406727284193039,-0.18037085235118866,1.2904706001281738,-1.2068723440170288,0.6311028599739075,0.7954857349395752,0.5122746825218201,-0.8411079049110413,-1.3694053888320923,0.14248351752758026,0.0639704242348671
7710.306,0.015755048021674156,-0.10423142462968826,-0.9681786298751831,-0.4392787218093872,0.1881583333015442,0.015442684292793274,30.18448829650879,-11.155750274658203,38.378501892089844,0.6553896069526672,-0.08705569058656693,-0.252876341342926,0.7711541056632996,-0.9724544286727905,-0.4298942983150482,-0.09553824365139008,-1.989232063293457,0.6766446232795715,0.8542672991752625,-0.4161081910133362,-1.0214992761611938,-1.8300708532333374,1.7866172790527344,0.48426884412765503
7719.834,-0.044157519936561584,-0.011008278466761112,-1.0053951740264893,0.3495709002017975,-0.41010570526123047,-0.41412168741226196,31.16130256652832,-10.047507286071777,40.06046676635742,0.19435353577136993,-1.1237545013427734,1.483424425125122,0.5882749557495117,2.102440357208252,-0.2815418839454651,1.3272154331207275,1.0800496339797974,-1.438449740409851,0.4087466895580292,0.41905704140663147,1.9221731424331665,0.0834600031375885,1.057228922843933,0.6069017648696899
7730.083,-0.03759909048676491,0.037153296172618866,-0.9747557640075684,0.5229071378707886,0.15294384956359863,0.17497047781944275,28.876466751098633,-8.903925895690918,40.27702331542969,0.9412443041801453,0.05573729798197746,-0.08179539442062378,-1.3213002681732178,-0.09544827044010162,-0.7118675112724304,-0.6121741533279419,-1.225454568862915,-0.41270366311073303,-0.4758431315422058,0.32338494062423706,1.2725780010223389,-0.20055320858955383,-0.3459312617778778,0.1240030974149704
7740.150,-0.037991318851709366,-0.01123198214918375,-0.9538083076477051,0.09878770262002945,0.45205965638160706,0.5577743053436279,28.92870330810547,-8.388429641723633,39.33643341064453,0.4569607675075531,-0.5157527327537537,-0.2543576955795288,-0.7550325393676758,-0.2714702785015106,0.9230948686599731,0.6016146540641785,-0.010120944119989872,0.1288817971944809,-1.5213381052017212,-2.03448486328125,-0.7737475633621216,0.5736774206161499,-1.1286290884017944,-0.5827070474624634
7749.943,0.06526416540145874,0.069336898624897,-0.9893489480018616,-0.4821329116821289,0.1461886614561081,-0.06893149018287659,29.380727767944336,-10.16115665435791,41.62199020385742,0.21766938269138336,-1.4502265453338623,-0.028960540890693665,1.8688113689422607,0.6280961036682129,-0.23315604031085968,0.5539885759353638,-2.662224054336548,-0.36184483766555786,-0.6607816815376282,-0.48079410195350647,-0.4751735329627991,-1.9424500465393066,1.041216254234314,-1.1012239456176758
7760.003,-0.014616341330111027,0.05091138556599617,-0.9818183779716492,-0.37267735600471497,0.3415422737598419,-0.025976410135626793,29.480159759521484,-8.908860206604004,40.22572326660156,1.1002944707870483,-0.5316509008407593,-1.419316053390503,-0.7174128293991089,0.6061800718307495,-0.1978624165058136,-0.431184858083725,-0.5349449515342712,0.9059909582138062,0.256501704454422,-0.5823233127593994,1.0480773448944092,-0.7327523827552795,-1.0894618034362793,-1.1819299459457397
7769.758,0.09781095385551453,-0.009824484586715698,-0.9767764806747437,-0.26462522149086,-0.269216388463974,-0.9013911485671997,29.77834701538086,-8.473088264465332,40.730995178222656,-0.515173077583313,-0.5301312804222107,1.5631823539733887,1.6167927980422974,-0.9365177154541016,1.4081089496612549,-1.3001705408096313,-1.5138888359069824,0.7794775366783142,1.9552884101867676,0.2179356813430786,-1.5881901979446411,-1.2671881914138794,-0.611830472946167,-1.266717791557312
7780.144,0.054754603654146194,0.018020903691649437,-0.9755617380142212,0.21638767421245575,0.18484696745872498,-0.027628451585769653,32.64010238647461,-10.122276306152344,40.1118049621582,0.710244357585907,-0.023882517591118813,1.923904538154602,-2.66107177734375,-2.0017733573913574,-0.6425752639770508,-0.16627928614616394,0.8485841155052185,-1.4850090742111206,0.5122172832489014,-0.7209491729736328,-1.9235858917236328,0.027396898716688156,-0.7086582183837891,0.2714344561100006
7789.942,0.07298453152179718,-0.050224244594573975,-0.992523729801178,-0.47069910168647766,0.06849399209022522,0.07037584483623505,30.667194366455078,-10.7293062210083,39.370460510253906,1.0359288454055786,-0.23035703599452972,0.8809153437614441,-0.6271352767944336,-0.8054361939430237,0.5667700171470642,-0.7308979034423828,1.2400223016738892,0.49249374866485596,0.2725936770439148,-1.4793789386749268,-1.1525906324386597,1.2957464456558228,-0.3474283218383789,-0.9624471664428711
7799.845,0.006450403947383165,-0.015454397536814213,-0.9861494302749634,1.33510422706604,-0.22398307919502258,0.2973010838031769,29.245391845703125,-11.043668746948242,40.20486068725586,-1.9439464807510376,-0.7754539251327515,-1.3470914363861084,-0.9891907572746277,0.3651348948478699,0.11890971660614014,-0.2054019272327423,-1.4444587230682373,-0.2853579521179199,-1.2875616550445557,0.7140278220176697,-0.0003980195615440607,-0.9990772008895874,0.4070037603378296,0.9326309561729431
7810.215,0.05696270242333412,-0.026012014597654343,-0.9890240430831909,-0.13705584406852722,0.592527449131012,-0.12158375233411789,30.509098052978516,-9.38297176361084,40.67192077636719,-0.4634209871292114,2.1836459636688232,-1.2661621570587158,1.0379512310028076,-0.30552083253860474,0.7390454411506653,0.6442620754241943,-2.2690837383270264,0.8016440868377686,1.2250111103057861,-2.3314125537872314,1.3250154256820679,-0.03340541571378708,-1.838417887687683,-0.11042500287294388
7819.991,0.01298207975924015,0.06347250938415527,-0.9806222915649414,0.5307332277297974,0.1619708240032196,-0.38027676939964294,30.114551544189453,-8.78510856628418,39.84283447265625,-1.022236704826355,-0.5927085876464844,-0.832625687122345,0.19614417850971222,-1.1516227722167969,-0.06420360505580902,-0.5602697134017944,1.3456776142120361,2.291447639465332,1.2539300918579102,-0.28861725330352783,-1.6371562480926514,0.10731688141822815,0.3810057044029236,-0.46116140484809875
7830.089,0.0032282955944538116,0.0388382263481617,-1.0079593658447266,0.008324320428073406,-0.3171844780445099,0.12158427387475967,29.494121551513672,-10.50133228302002,39.32194137573242,-0.9949674010276794,-1.6945042610168457,0.3439943790435791,-0.04419242590665817,-0.1631629914045334,0.7146069407463074,-0.21263214945793152,-0.8308192491531372,0.842888593673706,1.3490301370620728,-0.8254815936088562,-0.20809657871723175,-1.7983999252319336,0.555084764957428,0.5687234401702881
7839.701,0.013355867005884647,0.004275025799870491,-0.9816980361938477,-0.361776202917099,-0.05085984244942665,-0.3053804636001587,29.956722259521484,-10.93216609954834,39.09577560424805,0.030583389103412628,0.511256992816925,-2.691657543182373,0.6939191222190857,-0.033241864293813705,-2.467162609100342,0.4953083097934723,0.1650453507900238,1.3274316787719727,-1.1016372442245483,0.5223273634910583,-0.18653561174869537,0.06320283561944962,0.9598686695098877,1.0030362606048584
7850.150,-0.10063052177429199,-0.03133608400821686,-1.0093269348144531,-0.36765021085739136,0.6142849326133728,-0.11583959311246872,29.97356605529785,-9.373207092285156,39.407588958740234,-1.1048099994659424,-2.5868804454803467,-0.47369900345802307,0.3537827432155609,-0.31559619307518005,-1.0581012964248657,-0.8445538878440857,-1.041208267211914,0.0020636720582842827,-1.6301017999649048,1.0920623540878296,-1.2328087091445923,0.5254521369934082,-0.5191679000854492,0.10789576172828674
7860.035,-0.07681625336408615,0.010470435954630375,-1.0020289421081543,-0.27779117226600647,0.7656436562538147,-1.2827080488204956,27.279586791992188,-10.760480880737305,41.3717041015625,-1.0764048099517822,-0.7160193920135498,-0.8174934387207031,-0.3534530699253082,-0.47546783089637756,-0.9001148343086243,0.5393161177635193,-2.572329044342041,-0.4363807141780853,0.0580349825322628,-0.46850553154945374,0.23889388144016266,0.7435291409492493,0.35928434133529663,0.978149950504303
7869.869,-0.04017111659049988,0.052439212799072266,-0.9664828777313232,-0.14653025567531586,-0.6489281058311462,-0.07109422981739044,29.664487838745117,-8.721004486083984,39.25632095336914,0.2000950276851654,-0.9662724137306213,-0.6420807838439941,-1.1211305856704712,0.6782494783401489,-0.1700337678194046,0.6652508974075317,-1.465468406677246,-0.05090833082795143,-1.3024178743362427,-1.0677720308303833,-1.0783437490463257,1.119178056716919,-0.02636162005364895,-0.19593065977096558
7879.968,0.0882168784737587,-0.056488845497369766,-1.000116229057312,-0.5059325098991394,0.20864395797252655,0.16035334765911102,30.09124755859375,-10.850553512573242,40.82080841064453,0.6995379328727722,1.8188018798828125,1.3133175373077393,-0.3125116229057312,0.28478336334228516,0.8087487816810608,-1.406423807144165,0.7851384282112122,0.39684104919433594,-0.8078526854515076,0.9325741529464722,0.17832313477993011,-1.41756272315979,0.9951890707015991,-0.6431330442428589
7889.473,-0.03787512704730034,0.002878194907680154,-0.9826608300209045,1.0104056596755981,-0.9229635000228882,0.02560674399137497,28.40279197692871,-8.913753509521484,40.72563171386719,-2.730828046798706,-1.1946765184402466,-0.8488233685493469,0.3564015030860901,0.885850191116333,0.54680335521698,-1.3615809679031372,-1.1569197177886963,1.4312769174575806,0.1061200201511383,1.9983023405075073,1.7018811702728271,-1.4888942241668701,-0.727005124092102,0.5567788481712341
7899.892,-0.08256187289953232,-0.1280311942100525,-1.034105896949768,-0.028756476938724518,-0.046276435256004333,0.23054295778274536,31.575786590576172,-10.172152519226074,39.80767059326172,-0.938355028629303,-0.17106202244758606,-0.558938205242157,2.064004421234131,2.5771498680114746,-0.1309863030910492,-2.3947854042053223,2.284895181655884,-0.4327136278152466,-0.6481334567070007,0.8287222385406494,-0.11076716333627701,-1.2370455265045166,-1.2376227378845215,0.16510306298732758
7909.895,-0.0061514368280768394,0.07763534784317017,-0.9856279492378235,0.2479170709848404,-0.35763058066368103,0.17613179981708527,29.847986221313477,-9.821247100830078,38.26756286621094,-1.1897004842758179,-0.1726483702659607,0.18808633089065552,-0.8686705231666565,1.3867807388305664,0.3649011254310608,0.22821636497974396,0.9484950304031372,0.196934774518013,-0.8882734179496765,-0.32265201210975647,-0.8388968706130981,-0.23019245266914368,1.1210381984710693,0.13287732005119324
7919.948,-0.05708444118499756,0.11952763050794601,-0.9895685911178589,0.4204437732696533,-0.6369466781616211,0.6886857151985168,28.441926956176758,-10.025592803955078,39.545692443847656,-1.9850199222564697,-1.1761431694030762,-1.542732834815979,0.6196262836456299,-0.35783854126930237,-0.7209649085998535,0.22867748141288757,-0.730460524559021,-0.0493021234869957,0.34247422218322754,0.7353363633155823,-1.4750016927719116,-0.763139009475708,-2.4762139320373535,0.039535876363515854
7930.049,0.0038768828380852938,0.060863204300403595,-1.018691897392273,0.3740020990371704,-0.6475434899330139,-0.2312028706073761,30.28789520263672,-10.1791353225708,40.460655212402344,-0.03228520601987839,-0.7263931035995483,-1.152642011642456,1.1131658554077148,0.07751145958900452,-0.9579829573631287,1.365005373954773,-1.8790607452392578,0.2613829970359802,-0.9678545594215393,-0.6984248161315918,0.1722262054681778,1.3627957105636597,0.49169498682022095,0.7791232466697693
7939.945,-0.024857254698872566,0.085566945374012,-0.9936112761497498,-0.5799638032913208,-0.17651964724063873,0.0043315947987139225,29.502132415771484,-6.758941173553467,39.63497543334961,-0.775364100933075,-0.876085102558136,1.6325187683105469,-0.5010906457901001,0.07454530894756317,-0.3736223578453064,0.6550014615058899,-2.1602835655212402,-0.4374109208583832,-0.34095972776412964,1.6723105907440186,-1.1235584020614624,0.2565029561519623,1.2319774627685547,-0.6761267185211182
7950.173,-0.10192770510911942,-0.018781298771500587,-1.0118387937545776,-0.474294513463974,-0.6301571130752563,0.20770521461963654,31.052114486694336,-10.550678253173828,39.32439041137695,-0.6834425926208496,-0.528389036655426,0.40841570496559143,-0.8033243417739868,0.35324156284332275,-0.5993087887763977,-0.9176796078681946,1.3663910627365112,-1.4397951364517212,-1.7515814304351807,-1.1677041053771973,-0.9426079988479614,0.1927596926689148,-0.7920218706130981,1.8493963479995728
7960.027,-0.034833040088415146,-0.04137801006436348,-1.00249183177948,0.17752066254615784,-0.04041337966918945,0.18701301515102386,28.601795196533203,-12.04825496673584,39.531715393066406,-0.4245534837245941,-0.8207392692565918,-0.007836403325200081,-1.5503349304199219,-2.2441959381103516,0.4828841984272003,-0.020986566320061684,-0.5428279638290405,-0.3988131284713745,-0.5175848603248596,-0.4856560528278351,1.9397454261779785,0.38140493631362915,0.6776342391967773,-0.5748963952064514
7970.135,-0.015120026655495167,0.012836980633437634,-1.0126608610153198,0.01301327534019947,-0.5720555186271667,-0.21052728593349457,31.14534568786621,-10.044780731201172,41.31748962402344,-2.789001703262329,-0.003089154837653041,-0.47679638862609863,1.1092244386672974,-0.31764766573905945,-1.6107615232467651,-0.025460628792643547,0.6417799592018127,-1.9998115301132202,-1.0895171165466309,1.164384126663208,0.7859516739845276,0.36815568804740906,0.8987917304039001,-2.600327491760254
7980.009,0.020687434822320938,0.00854096096009016,-1.0029888153076172,0.889256477355957,0.4380970001220703,0.11291294544935226,30.539682388305664,-11.30125904083252,38.8433837890625,-1.351644515991211,1.4763336181640625,-0.738779604434967,-2.282883644104004,0.335018128156662,0.31743359565734863,0.24494649469852448,-0.4167177975177765,-0.16305236518383026,0.5101869106292725,-0.4969322681427002,-0.8998005986213684,-0.5239095687866211,-1.6845515966415405,2.021466016769409
7990.087,-0.03185534104704857,0.03852546587586403,-0.9664993286132812,0.9318445324897766,-0.05864834785461426,-0.27653682231903076,30.17911148071289,-9.78253173828125,38.55453872680664,0.4309273362159729,-2.017315626144409,-0.12788356840610504,1.040096402168274,-0.0927950069308281,-0.06281626969575882,-0.5486530065536499,1.0231539011001587,0.4468517601490021,-1.1184697151184082,1.242832064628601,-0.6561388373374939,1.9148738384246826,-0.6914879083633423,1.7150497436523438
7999.951,-0.034458406269550323,-0.07353397458791733,-1.0222550630569458,0.5572735071182251,-0.6582542061805725,-0.12764306366443634,31.113014221191406,-9.164017677307129,40.12672424316406,-0.09872432798147202,0.8360810279846191,0.0473620668053627,0.049976520240306854,0.7072162628173828,0.05568566918373108,0.04894610121846199,-0.4749487638473511,-0.10890660434961319,-1.0325675010681152,0.8773566484451294,0.014229808934032917,-0.9675590395927429,-0.9383565783500671,-0.6974013447761536
8010.136,0.03798201307654381,0.0403125025331974,-1.0291917324066162,-0.04381032660603523,0.1304776966571808,0.3777918517589569,31.449216842651367,-9.782695770263672,39.97344970703125,-0.6439645290374756,0.02602631412446499,-0.845883846282959,-1.1836473941802979,0.4181933104991913,1.4723994731903076,2.141948938369751,2.2810049057006836,1.0362926721572876,-1.120781660079956,0.9658758640289307,-0.0904187262058258,0.6916620135307312,0.5307453870773315,-2.140183687210083
8020.206,-0.07874185591936111,-0.04160120338201523,-0.9816827178001404,-0.019040288403630257,-0.27333196997642517,-0.06918386369943619,28.154245376586914,-8.896751403808594,37.950252532958984,0.5969750881195068,-0.43629246950149536,-0.56888347864151,0.7869558930397034,1.274092674255371,-0.34921765327453613,-1.4773857593536377,0.39891594648361206,-0.0815758928656578,0.3346211910247803,0.2733946442604065,-0.4434773921966553,-1.5882800817489624,0.24451391398906708,-0.3031134307384491
8030.093,0.006109682843089104,0.06907813996076584,-1.0029199123382568,0.3049107491970062,-0.1369546502828598,-0.29845955967903137,29.08149528503418,-10.353287696838379,42.210693359375,-0.3246423304080963,0.6822150945663452,-0.053696490824222565,-0.29566624760627747,1.9639811515808105,-0.9939731955528259,-1.2424650192260742,-1.1109670400619507,-0.27487829327583313,0.05298781767487526,-0.12685680389404297,0.0070093669928610325,-1.0979456901550293,-0.0002129723143298179,-0.19017085433006287
8040.170,-0.05625666677951813,-0.04041411355137825,-1.0363662242889404,0.1947634220123291,0.20511798560619354,0.5753143429756165,30.907241821289062,-11.303221702575684,41.679779052734375,-0.44608166813850403,2.3367371559143066,-1.29060697555542,0.2847121059894562,-1.6499251127243042,0.19430238008499146,0.014099539257586002,-0.5851811170578003,-0.5553873181343079,-1.1081790924072266,-0.0876210406422615,1.5965838432312012,0.5283718109130859,0.3244018852710724,-1.930212378501892
8050.034,-0.006785671226680279,0.030728865414857864,-0.9783644080162048,-0.17026324570178986,-0.4361148178577423,0.5445876717567444,31.144500732421875,-9.289956092834473,39.76530838012695,1.1553176641464233,-1.6677147150039673,-1.750869870185852,0.14025285840034485,-0.5697066783905029,-0.20209956169128418,-0.5567953586578369,0.795803427696228,1.1049931049346924,-0.6354274153709412,-2.0563554763793945,-1.1344422101974487,1.6432936191558838,0.027100689709186554,-0.8717666268348694
8059.857,-0.014888034202158451,-0.037543557584285736,-0.9774928689002991,-0.7925969958305359,0.12216326594352722,-1.2523338794708252,29.421037673950195,-11.505056381225586,38.89641189575195,-1.985471487045288,0.01264871098101139,0.6578817963600159,-0.341446191072464,-0.4204528331756592,-0.270238995552063,0.33526861667633057,-0.4993855357170105,0.21151912212371826,-1.4939062595367432,1.7519816160202026,0.43270963430404663,-0.7221710085868835,-0.26243913173675537,1.2091584205627441
8070.172,-0.031012820079922676,0.025399310514330864,-1.0408365726470947,-0.0641656368970871,0.20232151448726654,-0.9617778062820435,30.25273323059082,-8.925494194030762,41.6544303894043,0.6279042363166809,1.482413411140442,-0.5401135683059692,0.34013843536376953,0.5412267446517944,-0.2990472614765167,-0.7978328466415405,-1.5556269884109497,1.1620407104492188,0.09708186239004135,-0.6901534795761108,0.7246310114860535,-0.4312218427658081,-1.8153868913650513,0.47070351243019104
8079.949,0.09590265899896622,-0.05730457603931427,-0.9854946136474609,0.7243210077285767,0.25829607248306274,0.06514810025691986,29.939579010009766,-10.01840877532959,39.58705520629883,-0.4924941658973694,-0.45634809136390686,0.8033491969108582,0.23695842921733856,-0.14458109438419342,-0.4480038285255432,0.46101370453834534,1.458824872970581,0.6513628363609314,0.30638307332992554,0.7165891528129578,0.8001020550727844,-1.3983498811721802,1.2849628925323486,0.06936913728713989
8090.079,0.0030462865252047777,-0.07683303207159042,-0.9895457029342651,-0.13480506837368011,-0.12300468236207962,-0.11455821245908737,30.83516502380371,-8.35882568359375,38.99371337890625,-0.8564944863319397,-0.826492190361023,0.7419690489768982,1.2949846982955933,-0.4315461218357086,1.0425639152526855,-0.357867956161499,-0.18439538776874542,1.799511432647705,2.661557674407959,0.1615801602602005,1.0351951122283936,0.3353385627269745,-0.7964215278625488,0.014473622664809227
8100.022,-0.048571035265922546,-0.010692046955227852,-0.9901426434516907,0.691913902759552,0.14811837673187256,0.6076564192771912,30.678564071655273,-10.308008193969727,39.23618698120117,-0.7950796484947205,0.7839348316192627,1.417313575744629,-2.299910306930542,0.2725008428096771,0.14450153708457947,-2.1792104244232178,-1.9391099214553833,0.16120174527168274,0.3127462565898895,-0.02896561287343502,-0.1692495346069336,1.5076671838760376,1.3281962871551514,0.4821906089782715
8109.871,0.04399261251091957,-0.10344981402158737,-1.0020027160644531,0.42689743638038635,0.45685750246047974,-0.7625005841255188,28.528810501098633,-8.868377685546875,39.452003479003906,0.20271828770637512,0.7622963190078735,-1.8244515657424927,-0.9314068555831909,-0.5495507717132568,-0.9062321782112122,0.32988032698631287,0.5781739950180054,-0.2744196057319641,-1.4456541538238525,1.7405003309249878,1.3726264238357544,-0.5085001587867737,0.10844820737838745,-1.0120480060577393
8119.856,-0.07064004242420197,0.07174109667539597,-1.0371291637420654,-0.3809708058834076,-0.3680479824542999,0.01840675063431263,28.394380569458008,-10.757891654968262,41.29618835449219,0.5329614281654358,0.8913328051567078,-0.5065481066703796,-0.30271589756011963,0.6001288294792175,-0.5042811036109924,1.8585081100463867,-3.177931308746338,-0.2992154359817505,-1.1097484827041626,0.7524560689926147,-0.6046353578567505,0.11674412339925766,0.06484940648078918,0.4428390562534332
8129.959,-0.022202130407094955,-0.004546221811324358,-0.995489239692688,-0.4373980462551117,-0.2641392648220062,0.3676932454109192,32.73397445678711,-10.785846710205078,40.54289627075195,0.7428869605064392,-0.007792311254888773,0.4714289605617523,0.7645232081413269,2.04067063331604,1.2083933353424072,0.004063734784722328,1.114085078239441,2.1893198490142822,0.7001652717590332,0.416432648897171,0.17025519907474518,-1.1347466707229614,0.535302460193634,1.3612961769104004
8140.081,-0.043059688061475754,-0.05134288966655731,-1.016719102859497,0.9283080697059631,0.2687593400478363,-0.44839930534362793,30.137418746948242,-9.480009078979492,40.865474700927734,-0.7863885164260864,-0.6650107502937317,-1.908121943473816,-0.34151268005371094,0.5290530920028687,-0.21531009674072266,-2.2964859008789062,0.5964853763580322,0.09263701736927032,-1.3029518127441406,-0.666388988494873,-0.6351097226142883,-0.7959184050559998,-1.5574954748153687,0.8089296221733093
8150.239,-0.08199351280927658,-0.003368140198290348,-1.0079625844955444,-0.08650549501180649,0.40421855449676514,0.41111817955970764,28.997377395629883,-9.760804176330566,38.50080871582031,2.0873918533325195,0.16822199523448944,-0.5987494587898254,-0.696247935295105,0.5411244034767151,-0.7887516021728516,0.39948970079421997,-0.7433457374572754,0.24666209518909454,0.40529680252075195,0.6785991787910461,-0.2594057023525238,1.0391241312026978,-1.3346264362335205,0.5363709926605225
8159.689,-0.00256733363494277,-0.030606692656874657,-1.0180500745773315,0.551073431968689,0.5121355652809143,0.0030578463338315487,28.280271530151367,-8.944664001464844,40.31298828125,0.031198972836136818,0.5231286287307739,-0.5760188102722168,1.3921525478363037,-0.016842402517795563,0.03608343377709389,-0.490734338760376,0.39804697036743164,-0.5648629069328308,2.014690637588501,-1.105774998664856,0.31705906987190247,-0.37422147393226624,-0.9539843201637268,0.0220852829515934
8169.825,-0.10419659316539764,-0.004652512725442648,-1.0155656337738037,0.4106159806251526,0.2501802444458008,-0.4451484680175781,30.32538604736328,-9.87340259552002,39.35799789428711,-0.7523238062858582,-0.7371238470077515,-2.1682281494140625,-0.249855175614357,0.47053632140159607,-2.270328998565674,1.15444016456604,0.5819211006164551,0.6196091175079346,0.42990151047706604,-0.6917946338653564,0.16925057768821716,-0.967159628868103,-0.6861264705657959,0.02908271551132202
8180.030,0.03276754915714264,0.028777217492461205,-0.964439332485199,0.8060060143470764,-0.5153317451477051,0.9461196660995483,29.28297233581543,-10.629353523254395,37.44178009033203,-0.5150287747383118,-0.18889060616493225,-0.7742574214935303,0.9521783590316772,0.7758605480194092,0.11197319626808167,0.9334532022476196,0.09058328717947006,-0.8557858467102051,0.9166399836540222,-1.5054882764816284,-0.44775596261024475,-0.7370012402534485,0.9322699308395386,-0.11112643778324127
8190.217,-0.05396297946572304,-0.014485864900052547,-0.9920543432235718,-0.03558926656842232,0.9369446039199829,-0.1816919445991516,29.659011840820312,-10.112425804138184,38.9886474609375,0.49222829937934875,-0.4209345281124115,0.4841690957546234,0.5225635766983032,-0.8871912360191345,-0.3184856176376343,2.1628291606903076,0.9412496089935303,-2.5323939323425293,-1.1109141111373901,-0.33996331691741943,-0.1820545792579651,-0.3747496008872986,1.0236527919769287,-0.6465883851051331
8199.670,0.03954261913895607,-0.08033959567546844,-0.9722028374671936,0.044719941914081573,0.40476033091545105,-0.08250471204519272,28.669384002685547,-8.704584121704102,41.33258056640625,-1.022934079170227,0.34506741166114807,-1.1153253316879272,0.18943771719932556,0.09403467178344727,-1.3845367431640625,-0.9082009792327881,0.2675817608833313,-0.5983650088310242,0.4741020202636719,1.0905121564865112,-1.9155266284942627,-0.8064236044883728,-0.8003062009811401,-0.7121526598930359
8209.996,-0.04260387271642685,0.03395168110728264,-1.0131715536117554,-0.42844441533088684,0.11508087068796158,0.20706108212471008,30.152698516845703,-11.668695449829102,40.49922180175781,-0.9856574535369873,0.4460928440093994,0.5893256068229675,0.018915388733148575,0.7950897812843323,0.8935406804084778,-0.11349695175886154,0.9610493183135986,0.13658292591571808,-1.058950424194336,0.8683685660362244,-1.1109178066253662,-1.4776138067245483,-0.24000293016433716,-1.472926378250122
8219.996,0.040247708559036255,-0.0712081789970398,-1.0221467018127441,-0.38678207993507385,-0.9231798052787781,0.3147316873073578,29.556182861328125,-10.844181060791016,39.87187576293945,-0.24321502447128296,0.24042481184005737,1.3170632123947144,0.2148759365081787,0.03868313133716583,0.9670968055725098,0.5994067192077637,-1.7319055795669556,-0.42293503880500793,0.0720478743314743,-0.5525864958763123,-1.3565305471420288,0.14117757976055145,-0.661841869354248,-0.15679028630256653
8230.038,0.06300485879182816,0.03283517435193062,-1.0108742713928223,0.08962639421224594,-0.8795380592346191,0.35088592767715454,28.572622299194336,-9.088459014892578,41.43700408935547,1.413320541381836,0.5635606646537781,-0.3058496117591858,0.49554747343063354,0.9831392765045166,-1.0131173133850098,0.399637907743454,2.224520444869995,0.8294887542724609,1.2923390865325928,-2.970323085784912,-2.3567309379577637,0.14110304415225983,-0.8402125239372253,0.7060810923576355
8240.049,-0.025314051657915115,0.00045348802814260125,-1.0119783878326416,0.31873050332069397,0.4222111701965332,-0.25911054015159607,29.264141082763672,-8.339925765991211,41.53631591796875,-0.3428956866264343,-0.8093085885047913,-1.3407913446426392,-1.2896039485931396,-0.9934076070785522,-0.25720736384391785,-1.8173363208770752,0.3289872109889984,1.5388002395629883,0.9194231629371643,1.072549819946289,-0.999405562877655,-1.7485767602920532,0.13560877740383148,1.1023569107055664
8250.012,-0.03669922798871994,0.020995188504457474,-1.0116335153579712,0.14588740468025208,-0.5270110964775085,0.7689836025238037,28.34714698791504,-9.680988311767578,40.02550506591797,0.19093839824199677,-1.8119659423828125,1.4726107120513916,1.3496739864349365,0.9127528667449951,0.09359206259250641,-0.15919333696365356,-0.006812374573200941,-1.0243960618972778,-0.991732120513916,-0.8748956918716431,-0.0078031341545283794,-0.1108185276389122,-0.0003779296821448952,0.7593165040016174
8259.944,0.014023230411112309,0.07530362159013748,-0.9586589336395264,-0.2747249901294708,0.3400351107120514,0.5267503261566162,30.1471004486084,-10.443887710571289,39.54098129272461,-0.06795245409011841,-0.31524112820625305,-0.24991032481193542,0.6423016786575317,0.05873690918087959,0.9328104257583618,0.4434371292591095,-0.634063184261322,0.7223418951034546,0.5222944617271423,0.8526642322540283,-1.506472110748291,1.2575212717056274,1.3392243385314941,0.4626223146915436
8269.958,-0.003642073832452297,-0.004027559421956539,-0.994304895401001,-0.008409280329942703,0.09424962848424911,0.048382267355918884,30.716163635253906,-9.73884391784668,39.65959548950195,-0.021464848890900612,-0.11287572979927063,-0.182880237698555,0.4674120247364044,0.5459609031677246,1.0467088222503662,-0.019992690533399582,0.4367535710334778,-1.0463095903396606,-0.7291049957275391,-0.3474489450454712,-1.1541603803634644,0.46154406666755676,-0.6748643517494202,0.6008229851722717
8280.059,0.06866982579231262,-0.009084411896765232,-0.993727445602417,0.3956778049468994,-0.12289629876613617,-0.6207723617553711,29.413005828857422,-9.554500579833984,37.982444763183594,1.5070921182632446,0.2927257716655731,1.4958186149597168,-2.610698938369751,-0.9931947588920593,0.3389178216457367,-0.434739351272583,1.4429258108139038,-0.011929089203476906,0.49348461627960205,-0.18745183944702148,0.4197390675544739,-0.3136918544769287,-2.0822694301605225,0.23671233654022217
8290.036,0.043263670057058334,-0.01690019853413105,-0.9989722371101379,0.3276520073413849,-0.5323157906532288,0.0067045860923826694,29.89320182800293,-9.62282943725586,40.860450744628906,-0.8147842884063721,-1.5267901420593262,-0.6179627776145935,0.15558932721614838,0.8539035320281982,0.24648679792881012,2.0415873527526855,0.8112213015556335,1.705352783203125,0.9040488004684448,1.1222316026687622,-2.153339385986328,-1.2207973003387451,-0.37655356526374817,0.36957672238349915
8299.967,-0.08591261506080627,0.04695839807391167,-1.0085428953170776,1.7530715465545654,-0.03552273288369179,-0.15193428099155426,31.312538146972656,-10.798754692077637,39.38047409057617,-2.2595877647399902,1.4736428260803223,-0.06930923461914062,-0.7008886933326721,0.5923447608947754,0.17598788440227509,-1.054811954498291,-0.995332658290863,0.686601459980011,-1.855292558670044,0.38044795393943787,0.5408346056938171,-0.16584071516990662,0.4483095109462738,0.8912288546562195
8310.029,-0.01616358384490013,0.00857163779437542,-1.0049923658370972,0.2905998229980469,-0.3798147439956665,0.75153648853302,30.00367546081543,-10.959752082824707,38.827274322509766,0.5980848670005798,1.6881641149520874,0.4531542956829071,0.3850153088569641,0.6720554828643799,-0.22809816896915436,0.6188175678253174,0.42918217182159424,-0.07522400468587875,0.46214914321899414,-0.945736289024353,0.5807991027832031,1.3971432447433472,-0.07107210159301758,-0.8085194230079651
8320.039,-0.013841799460351467,-0.026360411196947098,-1.0294338464736938,-0.14613275229930878,-0.3412809371948242,0.3336676061153412,29.509498596191406,-10.424385070800781,40.55950927734375,0.6666566729545593,-0.5891002416610718,0.8853394985198975,0.996455729007721,-0.08411767333745956,0.5115926265716553,1.1985174417495728,0.3494066894054413,-1.644147276878357,0.9900522828102112,0.632585883140564,0.4762154221534729,-0.9591463804244995,-0.18090663850307465,1.2498773336410522
8329.974,-0.025404132902622223,-0.025700774043798447,-0.9891870021820068,0.591037392616272,-0.06671721488237381,-0.24357043206691742,29.73770523071289,-9.779483795166016,40.71251678466797,-0.13447265326976776,-1.1700900793075562,-0.8928936719894409,1.3056913614273071,0.35514864325523376,0.08299554139375687,-0.3033705949783325,-0.8402591943740845,1.026816487312317,-0.19535291194915771,-0.2723654806613922,0.9125329256057739,1.4841079711914062,-0.30295324325561523,-1.3819513320922852
8340.159,-0.04151977598667145,0.04640809819102287,-1.030787467956543,0.07905479520559311,0.09581209719181061,0.04315699636936188,30.85858917236328,-10.672686576843262,39.96726608276367,0.8391319513320923,-0.2715216279029846,-0.049803730100393295,0.388777494430542,2.2853245735168457,-0.7581868767738342,-1.701202154159546,0.18410830199718475,-0.5806344747543335,1.0378471612930298,0.1463451236486435,-0.17531584203243256,1.1162210702896118,0.7336716055870056,1.4608287811279297
8350.011,-0.04773746058344841,0.11520659923553467,-0.9933754801750183,-0.05095948278903961,0.05770554021000862,-0.3652602434158325,30.878496170043945,-10.327164649963379,39.15622329711914,0.23363763093948364,0.49152109026908875,-1.008792519569397,1.8202803134918213,-1.4115362167358398,-0.19035221636295319,-0.00295843998901546,-0.5386240482330322,-0.21459215879440308,0.6425451040267944,1.4380251169204712,-0.2734592854976654,2.148359537124634,0.7923797965049744,1.0186781883239746
8360.146,-0.03384983539581299,0.014574315398931503,-1.0131702423095703,-0.18948449194431305,-0.5534704923629761,-0.44726818799972534,31.178478240966797,-10.719740867614746,39.89630126953125,1.944864273071289,0.8782824277877808,-1.8957204818725586,0.8122813701629639,-1.036628007888794,0.19197426736354828,1.1137590408325195,-2.111278772354126,-0.49528762698173523,0.2595134377479553,0.5095834732055664,-0.3973289132118225,-0.8152827620506287,-0.21369168162345886,0.3127754032611847
8370.003,-0.04410940781235695,0.042381979525089264,-1.0067888498306274,1.140730381011963,0.9389801621437073,0.2990204095840454,31.604934692382812,-9.43913745880127,41.23456573486328,0.09525734931230545,0.4296664595603943,-0.43335652351379395,-1.5810003280639648,-1.741962194442749,-0.36455947160720825,0.5495898127555847,-0.2526935636997223,0.9863178133964539,0.5829413533210754,-0.7904801964759827,0.007379869464784861,1.828172206878662,-0.44426020979881287,1.4341216087341309
8379.983,-0.005475551355630159,0.009184086695313454,-0.9630477428436279,-0.12222880125045776,-0.8030531406402588,0.7247080206871033,28.95443344116211,-9.475465774536133,39.58212661743164,-0.1817014217376709,-1.3927390575408936,0.25863778591156006,0.6142317056655884,-2.450995445251465,0.40467149019241333,-3.3437795639038086,0.2261570692062378,0.17140401899814606,-0.05507819354534149,0.6005881428718567,2.540208578109741,-0.46419912576675415,-0.40741002559661865,0.23183542490005493
8390.175,-0.031877465546131134,0.041491348296403885,-0.993109405040741,-0.6292394399642944,-0.7956911325454712,-0.17908883094787598,31.662260055541992,-11.842367172241211,39.794044494628906,1.8191803693771362,-0.03223588317632675,-1.9468284845352173,0.6320081353187561,0.2432098090648651,-0.7827712297439575,1.501293659210205,-1.2405455112457275,-0.18064595758914948,-0.18530283868312836,-1.2004961967468262,1.5420291423797607,0.24419158697128296,-0.07422015070915222,0.18121643364429474
8399.907,-0.0697212964296341,-0.04226468876004219,-0.9905832409858704,0.02243306115269661,-0.1907578706741333,-0.6865533590316772,30.188459396362305,-9.51982593536377,39.43801498413086,1.4640446901321411,0.3291986584663391,-0.10429783910512924,0.6513060331344604,2.201474189758301,-0.3448870778083801,-0.1003190204501152,1.313823938369751,1.375676155090332,-1.0783307552337646,-0.3447178900241852,0.8848863840103149,0.755794107913971,1.0014821290969849,-1.5182002782821655
8409.864,-0.05732135474681854,-0.06580901145935059,-1.008531928062439,0.8386577367782593,0.5655907988548279,-0.7715576887130737,30.574787139892578,-9.406661987304688,40.62926483154297,0.17480911314487457,2.132805585861206,-0.6446194052696228,-1.1887205839157104,0.9446168541908264,-0.1438618004322052,-0.32908156514167786,0.4058159589767456,0.341016560792923,-0.4958614110946655,-0.60959792137146,0.3171696662902832,-2.1605329513549805,0.38608235120773315,0.33399727940559387
8419.763,0.08806422352790833,0.06683431565761566,-1.0215076208114624,0.6090652942657471,0.7733272314071655,0.5108152627944946,30.41768455505371,-10.0006685256958,39.9073486328125,1.3834456205368042,0.7052407264709473,-0.06629204750061035,-0.4033423960208893,1.385940670967102,0.8222724795341492,-0.3224380910396576,0.6771655082702637,-1.120671033859253,0.27553537487983704,-0.5699004530906677,-0.46452006697654724,0.5522492527961731,0.3946267366409302,-0.36669597029685974
8429.928,0.020742151886224747,0.044433459639549255,-0.9739107489585876,-0.618431031703949,0.1410016268491745,0.07707074284553528,30.649394989013672,-10.224369049072266,40.1099853515625,-0.2740052044391632,-1.0150988101959229,-0.30579429864883423,-0.16325466334819794,-0.33245980739593506,0.5307603478431702,1.276570200920105,-0.16118618845939636,-0.40430977940559387,-0.7011727690696716,-0.3357539772987366,-1.1089069843292236,0.39525774121284485,-1.6389920711517334,2.4208037853240967
8439.776,0.05570317059755325,0.0031285309232771397,-1.0484832525253296,-0.6797666549682617,-0.34477025270462036,-0.4614402949810028,30.018943786621094,-9.715057373046875,39.48754119873047,-1.1214216947555542,-0.22125990688800812,1.060005784034729,1.1887136697769165,-1.486113429069519,1.3626720905303955,0.35126495361328125,0.7381970882415771,-2.354400634765625,-0.44145098328590393,-1.9302054643630981,-0.5561509728431702,-0.4984636604785919,-0.5192100405693054,0.7514551877975464
8450.238,0.022385243326425552,0.033020537346601486,-1.008174180984497,-0.37482601404190063,-0.1294671595096588,0.9216479063034058,27.63287353515625,-9.22458553314209,40.423561096191406,0.5855745673179626,1.5049468278884888,-1.14516282081604,-0.8408601880073547,-1.8990144729614258,0.33616217970848083,-0.10787244141101837,-0.3063940107822418,0.2744629979133606,-0.3697179853916168,0.5276960134506226,2.697523593902588,-0.5830672383308411,0.01842804066836834,-0.7221048474311829
8459.849,-0.02434665337204933,-0.017174405977129936,-0.970184862613678,-0.28225916624069214,-0.6451735496520996,-0.37237709760665894,30.179121017456055,-10.17810344696045,39.22688674926758,-1.013033151626587,0.49638378620147705,-0.2652266025543213,-0.16694818437099457,0.6112431883811951,-0.4216521680355072,-1.0315793752670288,0.29124361276626587,2.039602756500244,0.8133753538131714,-0.01937808468937874,-0.14264041185379028,1.3507208824157715,-0.01826879009604454,0.053485970944166183
8469.902,0.03849325329065323,-0.010449310764670372,-0.9949907064437866,-0.23089474439620972,-0.35355961322784424,-0.5709443688392639,31.830448150634766,-9.566383361816406,40.26563262939453,-1.0196691751480103,0.1389826387166977,-0.15820913016796112,-0.34413692355155945,-0.4770544767379761,-1.6524603366851807,-0.8248324990272522,0.3494032025337219,-0.37689170241355896,-1.552183747291565,2.2310538291931152,1.4754244089126587,0.23886531591415405,-0.9816353917121887,0.17052431404590607
8480.041,-0.01933780126273632,-0.029224134981632233,-0.9845603108406067,0.6415513157844543,0.5510176420211792,-0.0036426037549972534,28.420333862304688,-10.588854789733887,38.284271240234375,1.1173810958862305,1.313753366470337,0.1524965465068817,0.978452205657959,-0.3303287625312805,0.6592592597007751,-0.3647002577781677,0.871536374092102,-0.45999616384506226,-0.700340747833252,-0.11455591022968292,0.10347975790500641,-1.1085890531539917,1.1646182537078857,-0.5663094520568848
8489.943,0.05535281449556351,-0.008915385231375694,-0.9932085871696472,-0.4492766857147217,0.9343029260635376,1.0456721782684326,30.432430267333984,-11.569972038269043,42.03367614746094,0.8987986445426941,-1.0798306465148926,-0.29040512442588806,0.18311376869678497,1.045380711555481,-1.7710620164871216,0.2861877977848053,-1.4723001718521118,0.045716382563114166,-1.3648618459701538,-0.7073178291320801,1.4543242454528809,0.9449518322944641,1.2295695543289185,1.2689567804336548
8500.059,0.02391180396080017,0.017334623262286186,-1.006221890449524,-0.21131764352321625,-0.02963167242705822,-0.1836286336183548,30.87350845336914,-10.043437957763672,41.29340362548828,-1.0307390689849854,-0.47297418117523193,1.6510837078094482,0.3783743679523468,0.5068800449371338,-0.22181503474712372,-0.01650882326066494,-0.8514256477355957,-1.171181321144104,-0.05571193993091583,0.4274243116378784,-1.3389477729797363,-3.0889196395874023,-1.305341124534607,-0.2509766221046448
8510.179,0.0637635663151741,0.07534745335578918,-1.045118808746338,0.09301669150590897,0.0904301181435585,-0.44089454412460327,29.5166072845459,-10.3438138961792,40.53367614746094,-0.7159938216209412,0.9296203851699829,1.2089062929153442,-1.8946789503097534,-1.6591390371322632,0.9183635115623474,0.45959895849227905,0.8576453328132629,1.9372597932815552,-0.9426571130752563,-0.5684090256690979,0.8354817628860474,-0.27191218733787537,1.0984549522399902,0.08781877905130386
8520.066,0.03929981216788292,-0.031083671376109123,-0.9724878072738647,0.7478270530700684,-0.24568487703800201,-0.12626570463180542,30.507892608642578,-11.87621021270752,39.175926208496094,-0.1679995059967041,-2.421943187713623,-0.7124103903770447,-0.6455761194229126,1.9901702404022217,-0.9877625703811646,-0.4471382200717926,0.14733010530471802,-0.04317057505249977,-0.2411555051803589,-0.5238353610038757,-0.5204697847366333,1.4659786224365234,0.9220890402793884,-0.35682350397109985
8529.904,-0.008621450513601303,0.05098253861069679,-0.9798541069030762,-0.18085171282291412,-0.10671714693307877,0.41881251335144043,28.592060089111328,-8.84611988067627,42.460060119628906,0.5197770595550537,-0.2173791527748108,0.0042703342624008656,-0.3053402900695801,-1.044165015220642,-0.4891231060028076,0.3465380370616913,-2.1996774673461914,-0.27379223704338074,-0.7000042200088501,0.08059588074684143,1.7421916723251343,0.4636755883693695,-1.6149837970733643,-0.341521292924881
8540.181,0.0003434052341617644,-0.016334841027855873,-1.0058234930038452,0.3356032073497772,0.23531237244606018,0.5919155478477478,29.557588577270508,-10.265449523925781,39.73008728027344,1.3664801120758057,-0.2598109543323517,0.23644763231277466,-0.6957465410232544,-0.2415388524532318,0.8114281296730042,-0.24295619130134583,1.8597347736358643,0.4459409713745117,-0.7823154330253601,0.04543505981564522,-0.24968315660953522,-0.664638102054596,0.44307589530944824,0.8688657283782959
8550.059,-0.05650179460644722,-0.05149616301059723,-0.9774673581123352,-0.05496037378907204,-0.06635276228189468,-0.16181634366512299,31.787050247192383,-9.669004440307617,40.976375579833984,-0.0704246237874031,0.8938533663749695,0.19659730792045593,-1.0553364753723145,-2.1066079139709473,0.03143777698278427,-0.9202587008476257,0.6461480855941772,0.8220154047012329,0.8751105666160583,0.4431379735469818,-1.466965913772583,0.793490469455719,-0.05832410231232643,0.3290877044200897
8559.945,0.004526377655565739,-0.057932112365961075,-0.9854657053947449,0.5494570732116699,0.5574800968170166,0.26342111825942993,30.736949920654297,-9.592347145080566,41.566585540771484,-0.10887026786804199,-1.6279919147491455,0.2622867524623871,0.2453279346227646,-1.0469770431518555,-0.9955494999885559,2.014577627182007,-0.2353222668170929,0.6227357387542725,-0.6222231388092041,1.4419543743133545,2.2091281414031982,0.4566408395767212,-2.2085742950439453,0.18082547187805176
8570.084,0.0661802589893341,0.01600859872996807,-0.996544599533081,-0.41392195224761963,-0.1554422676563263,0.41737860441207886,29.91303825378418,-10.691102027893066,40.281272888183594,-0.39647552371025085,1.118269443511963,-0.39501380920410156,0.344656765460968,-1.8327314853668213,-0.6012398600578308,-0.5530156493186951,-0.2244008630514145,0.3258267641067505,-0.5184869766235352,0.05670168995857239,0.41108953952789307,-0.70462566614151,-0.6122051477432251,-1.7882894277572632
8579.634,-0.05309496074914932,0.07436420768499374,-0.9898883104324341,-0.5950909852981567,1.271009087562561,-0.5755894184112549,30.272199630737305,-9.121994018554688,39.99506759643555,1.689640760421753,-1.6485004425048828,0.5282323360443115,-0.7447449564933777,-1.1827983856201172,-0.11899841576814651,0.7770596146583557,-0.04067656025290489,1.3301645517349243,0.4530991017818451,-0.009761485271155834,1.452775001525879,-0.41428840160369873,0.3029986321926117,-0.9997916221618652
8590.131,0.024199064821004868,0.12370555847883224,-0.9925689101219177,-0.37888801097869873,-0.3408290147781372,0.13982266187667847,31.42888641357422,-11.14592170715332,41.18397521972656,-0.4907461702823639,1.3260270357131958,-1.3751556873321533,0.05471377819776535,2.4347281455993652,-0.23039937019348145,0.39441072940826416,-1.6090583801269531,0.2476940006017685,-0.7140190005302429,-0.36521995067596436,1.6928032636642456,-0.28132548928260803,1.8669142723083496,0.16649746894836426
8600.077,-0.025255942717194557,0.04725317284464836,-1.0083792209625244,0.601685643196106,-0.45676785707473755,0.7286123037338257,31.602554321289062,-9.765734672546387,39.79554748535156,-1.7462456226348877,1.1224788427352905,-0.24950070679187775,-0.3176204264163971,0.24573874473571777,2.46980881690979,-0.5331226587295532,-0.5734124183654785,0.9676235914230347,-0.15008394420146942,-0.7335840463638306,-0.8888252973556519,1.6671829223632812,0.12170495837926865,-0.5050678849220276
8610.209,-0.019966548308730125,-0.030935078859329224,-0.9971330165863037,1.2380138635635376,-0.32392650842666626,-0.04976494237780571,29.587324142456055,-12.176262855529785,40.13325500488281,0.8499752283096313,0.04345574602484703,0.7457452416419983,-0.5542536377906799,-0.5062978267669678,1.8780673742294312,-0.4404882788658142,0.4657887816429138,-0.6618317365646362,-0.04882365092635155,-0.40795329213142395,0.1018759235739708,0.19540081918239594,2.3420379161834717,0.43156319856643677
8619.981,-0.03923223912715912,-0.031184013932943344,-1.019100308418274,-0.03493756055831909,-0.2181674838066101,0.8192737102508545,29.693798065185547,-8.399646759033203,38.593421936035156,-0.8725171089172363,-0.018760213628411293,-0.8528494238853455,2.110973834991455,0.45733001828193665,2.096731185913086,-2.4009029865264893,0.899156928062439,1.4670981168746948,-0.14384178817272186,0.21195143461227417,0.251440167427063,-0.1800631433725357,0.10132011771202087,0.8130360841751099
8630.053,0.04309389367699623,0.08276375383138657,-1.0402604341506958,-0.8145233392715454,0.43626078963279724,0.4679373502731323,31.524179458618164,-9.90956974029541,39.24430847167969,0.15155889093875885,0.2721940875053406,-1.0784729719161987,1.7347911596298218,0.8579223155975342,1.3635327816009521,-1.5698097944259644,-0.8189368844032288,-0.30406469106674194,0.6146776676177979,0.33813461661338806,2.5378966331481934,1.618472695350647,0.25799328088760376,-0.6096352934837341
8639.805,-0.07161786407232285,0.014234908856451511,-1.0200228691101074,0.15281182527542114,0.3353220522403717,0.32770729064941406,29.371076583862305,-10.50214672088623,39.63008117675781,0.7655150890350342,-0.19937624037265778,-1.1955573558807373,0.17105941474437714,-0.7949856519699097,-0.5612491965293884,-0.5602571368217468,0.06990515440702438,-1.5944608449935913,0.8158235549926758,0.21004000306129456,-0.9826457500457764,1.662825345993042,-0.07685033977031708,1.279456377029419
8649.695,0.03420724347233772,0.025772474706172943,-0.997031033039093,-0.24764327704906464,-0.25207868218421936,0.7592387199401855,31.784547805786133,-8.754164695739746,39.63772964477539,1.0924303531646729,-0.6073682308197021,0.17453891038894653,1.926058292388916,-0.186729297041893,0.9970983266830444,-0.5144909620285034,-1.575266718864441,1.3526184558868408,0.3068394362926483,-0.3995417654514313,0.8309965133666992,-0.08888649940490723,1.403005599975586,-0.7452306151390076
8660.066,-0.0012515593552961946,-0.03990000858902931,-1.0089627504348755,-0.5428832769393921,0.1767372339963913,0.07950817048549652,29.917484283447266,-8.331006050109863,41.726226806640625,0.409026563167572,-1.2895824909210205,1.7925944328308105,-0.9687212109565735,1.0957319736480713,-2.1372015476226807,-1.6263456344604492,1.9935444593429565,1.6815351247787476,-0.9864077568054199,0.5836002230644226,1.0625252723693848,0.08177167177200317,0.6926555037498474,-0.8168997764587402
8670.117,-0.017617253586649895,0.008709908463060856,-1.0062904357910156,0.4706566035747528,-0.025467611849308014,-0.29226768016815186,30.217914581298828,-9.964310646057129,43.182044982910156,0.3828781247138977,0.33531859517097473,-1.3641375303268433,0.2942190170288086,-0.4600980877876282,-0.5106630325317383,-0.5806816816329956,-1.475404977798462,-0.20647001266479492,1.1283704042434692,0.29647234082221985,-0.7628279328346252,0.8798995018005371,2.0296292304992676,0.18511168658733368
8679.781,-0.03206504508852959,-0.02863318845629692,-1.0373976230621338,-0.6074228286743164,0.43965089321136475,0.36319679021835327,28.890356063842773,-9.837376594543457,39.842586517333984,-0.9440036416053772,2.1719002723693848,0.6024757027626038,-1.2448402643203735,-0.25147539377212524,0.7450381517410278,0.6199437379837036,0.8524647355079651,-1.6919841766357422,-0.05393392592668533,-1.544992446899414,0.28752097487449646,-0.5033247470855713,0.10523167997598648,1.7061524391174316
8690.137,-0.00415014335885644,0.02272048406302929,-0.9892147779464722,-0.15009593963623047,-0.38555097579956055,0.2814302146434784,29.176816940307617,-10.520195960998535,39.3220329284668,-0.09487560391426086,-0.08586419373750687,0.1610659807920456,1.3548016548156738,-0.06142297387123108,-1.1607532501220703,-0.14374813437461853,0.9269312024116516,0.05218266323208809,-0.41804638504981995,1.035199761390686,1.81516432762146,-1.415047287940979,-0.624956488609314,-0.7302871346473694
8700.205,0.08656993508338928,-0.007070268038660288,-1.0564765930175781,0.025989117100834846,-0.22321437299251556,0.3046626150608063,30.497636795043945,-8.735023498535156,39.285972595214844,-1.7255610227584839,1.690812587738037,-0.2243604212999344,-0.1267477124929428,0.9815781712532043,0.6441552639007568,-1.0880622863769531,0.2470615953207016,-0.26398083567619324,0.6919717788696289,0.41183075308799744,-1.5292935371398926,-0.5475748181343079,-0.3954421579837799,0.22033099830150604
8710.000,-0.028376147150993347,-0.04388294368982315,-0.9978031516075134,0.5528286695480347,-0.7949984073638916,0.053430210798978806,28.433536529541016,-9.507353782653809,39.38172912597656,-0.2766569256782532,2.0750732421875,-0.063774473965168,0.4134635031223297,0.08440102636814117,-0.2288258671760559,0.6761091351509094,-0.38413354754447937,-0.6127493381500244,0.5212268829345703,-0.3786658048629761,0.4810451567173004,-0.5305220484733582,-1.1384090185165405,0.9719855785369873
8719.883,0.028504403308033943,-0.016244644299149513,-0.9843013286590576,-0.0064044538885355,0.380142480134964,0.29701945185661316,30.064802169799805,-9.405986785888672,38.86170196533203,2.0389761924743652,-0.7684313654899597,0.22415989637374878,-0.2905782461166382,-1.2570809125900269,3.2499430179595947,1.1500153541564941,0.2671707272529602,-0.5741286277770996,-0.09745428711175919,-1.0997314453125,2.3208463191986084,0.24187028408050537,-0.7558640837669373,-0.42914000153541565
8729.761,0.005026939790695906,-0.0012623650254681706,-0.9875187873840332,0.021549757570028305,0.0023549122270196676,-0.15357676148414612,28.26116943359375,-10.28889274597168,38.6231803894043,-1.3083237409591675,-0.6854755282402039,0.011663401499390602,-0.30371910333633423,-0.8882254958152771,0.5803012251853943,-1.1335761547088623,-0.8953088521957397,0.9408544898033142,-0.789887011051178,0.36097222566604614,-1.5333977937698364,0.7449572682380676,1.4850200414657593,0.608574390411377
8739.799,0.04796535149216652,-0.11203797161579132,-1.011431097984314,0.03951354697346687,0.3328048288822174,0.253357470035553,30.524463653564453,-11.148656845092773,40.341922760009766,-0.1412980854511261,1.7543532848358154,0.933592677116394,0.2187473177909851,0.23132899403572083,1.6612240076065063,-0.3425362706184387,1.3330589532852173,0.8866516351699829,-0.1154915988445282,0.7170321941375732,0.28463032841682434,0.4725586473941803,-0.39616501331329346,1.3971933126449585
8750.010,0.03206564486026764,0.048627469688653946,-1.020310401916504,-0.11522544175386429,-0.5029545426368713,0.34105184674263,29.054370880126953,-11.250884056091309,39.21890640258789,0.3204406499862671,-0.09949339181184769,-0.8216729760169983,0.7847568988800049,-1.1260212659835815,-1.4239439964294434,1.5614101886749268,-0.16795559227466583,-0.006903103087097406,-0.37127360701560974,0.3960169851779938,0.16197451949119568,-0.4184844493865967,-1.3463224172592163,0.49716663360595703
8760.060,0.0068410225212574005,-0.09592774510383606,-0.9826412796974182,0.28266480565071106,-0.17802678048610687,-0.4954462945461273,29.24894905090332,-10.928159713745117,40.370548248291016,-0.619033932685852,1.7454161643981934,-0.72561115026474,-0.8655093908309937,-1.0340492725372314,-1.562442660331726,-0.8292056322097778,-0.2953037917613983,1.1669834852218628,-1.2607187032699585,-0.08943675458431244,0.7807717323303223,0.9475866556167603,-1.7579838037490845,0.6544923782348633
8769.958,-0.03149326518177986,0.032163068652153015,-0.9912019371986389,-0.18540708720684052,0.1733287274837494,0.37767019867897034,28.840253829956055,-11.120131492614746,41.18891906738281,-0.07233300805091858,0.5873530507087708,0.5807764530181885,-0.017323406413197517,-0.7847694158554077,1.2541399002075195,2.029722213745117,0.5569443702697754,-0.3827820122241974,1.871883511543274,-1.310886025428772,0.4948748052120209,-1.3730504512786865,0.12427681684494019,0.6794106364250183
8779.968,-0.05375044792890549,0.018609289079904556,-1.0226008892059326,0.7159565091133118,0.028119022026658058,-0.2433527708053589,30.151552200317383,-10.47764778137207,40.663597106933594,-1.154242753982544,-1.433907389640808,0.6859707236289978,0.44946470856666565,-0.012959260493516922,0.5653388500213623,-0.008567722514271736,-0.08042708784341812,-1.3344513177871704,0.19794178009033203,0.8578308820724487,0.496337354183197,0.3395182192325592,1.9541901350021362,-0.03984064981341362
8790.103,0.003395965788513422,-0.005017719231545925,-0.9704775810241699,0.4039843678474426,-0.04245082661509514,-0.139740452170372,29.822721481323242,-10.080016136169434,39.21634292602539,-0.20907777547836304,-0.7647113800048828,1.4294657707214355,-0.5286200642585754,-0.6250115036964417,1.0669208765029907,-0.2670348882675171,1.9608210325241089,-0.14723782241344452,0.3684617578983307,0.5327755212783813,-0.41710537672042847,-1.1424617767333984,-1.4911282062530518,-1.7028038501739502
8800.076,-0.040456533432006836,0.12061423063278198,-0.9783108234405518,0.456230491399765,0.3883216977119446,0.011345877312123775,30.81285858154297,-9.375516891479492,40.566219329833984,1.1529768705368042,-0.4737267792224884,1.037318468093872,0.7687655091285706,-0.13843852281570435,-1.619075894355774,1.685083031654358,1.181644082069397,0.253141850233078,-0.6029163599014282,-0.9941018223762512,-1.156553030014038,0.6619754433631897,0.8763353824615479,-0.3141149580478668
8809.817,0.07268617302179337,0.04468892142176628,-0.9614340662956238,0.02937091328203678,-0.32372716069221497,0.4843733608722687,29.109479904174805,-10.499510765075684,40.947532653808594,-1.6410433053970337,0.6552810668945312,1.253201961517334,0.45175203680992126,-1.2874822616577148,0.31096529960632324,0.7500924468040466,-1.206384301185608,2.1513869762420654,-0.19649937748908997,0.3532964587211609,-0.6099179983139038,0.3207281827926636,1.4094845056533813,-0.10215865820646286
8819.982,-0.053163256496191025,0.04394178092479706,-1.0292909145355225,0.0627700686454773,0.011436236090958118,0.029256468638777733,29.49720001220703,-10.574422836303711,39.020748138427734,-0.7506128549575806,-1.2518999576568604,0.7911575436592102,-1.0450561046600342,-0.9511913061141968,-0.0022502162028104067,0.8946725130081177,0.420645147562027,-0.6308160424232483,0.7979003190994263,-0.13383008539676666,1.6840102672576904,-1.5933001041412354,1.2661031484603882,-1.6558724641799927
8830.197,0.002767684170976281,0.03202760964632034,-1.0134189128875732,0.6590178608894348,-0.004143959376960993,0.9341703057289124,31.317197799682617,-11.190552711486816,39.284671783447266,-0.9122827649116516,1.0307557582855225,-0.7301612496376038,0.10097068548202515,-0.8855785131454468,1.301880121231079,-1.3857651948928833,1.2196258306503296,-0.0737428069114685,0.24256666004657745,1.0773311853408813,-0.9856358766555786,-0.3710096776485443,-0.7072331309318542,0.5760870575904846
8840.158,0.0217840988188982,-0.031101692467927933,-0.9659093618392944,0.8075628876686096,0.0862484723329544,-0.505399227142334,31.46292495727539,-9.746078491210938,40.3321647644043,0.7871549129486084,-1.449069857597351,0.9466426372528076,1.2917144298553467,0.06436052173376083,0.6656890511512756,0.0811915397644043,-0.4642367362976074,-0.472571462392807,0.23820331692695618,-0.7790575623512268,-0.9417612552642822,0.0932125523686409,0.7980976700782776,0.32752299308776855
8850.081,-0.0011783448280766606,0.05929845571517944,-0.9897206425666809,-0.002249572891741991,-0.03511172533035278,0.15009494125843048,27.948698043823242,-9.024531364440918,39.77725601196289,0.18557849526405334,-1.661602258682251,0.6809304356575012,1.1869651079177856,0.5683167576789856,-1.2437012195587158,0.17014135420322418,0.7188407182693481,-0.8400965332984924,0.6797018051147461,0.34010329842567444,0.6645639538764954,1.9900084733963013,0.04272348806262016,0.40960976481437683
8860.025,0.07517186552286148,-0.05474572256207466,-0.998305082321167,-0.5692908763885498,0.5337454080581665,0.6379448771476746,30.296588897705078,-9.581223487854004,38.001556396484375,-1.1308530569076538,-1.71934175491333,0.7036691308021545,-1.4933971166610718,-0.19663769006729126,-0.338840126991272,0.44185060262680054,1.018293857574463,0.6434935927391052,1.5708162784576416,0.20204831659793854,1.517922043800354,1.1066213846206665,-0.42102041840553284,-1.2759580612182617
8869.997,-0.024159349501132965,0.012459183111786842,-1.0307596921920776,0.22164568305015564,0.231648251414299,0.011290421709418297,29.654525756835938,-11.16213607788086,41.90835952758789,-0.3956165015697479,1.127468228340149,-1.9968552589416504,0.9144411087036133,2.005012035369873,-0.3116081953048706,1.321673035621643,-1.793228030204773,0.23428793251514435,-0.3239975571632385,-1.2706115245819092,0.5058855414390564,0.3557034730911255,1.3535279035568237,-0.24328595399856567
8879.943,-0.011864738538861275,-0.036198731511831284,-1.0087980031967163,0.282559871673584,-1.0552473068237305,-0.3732885718345642,31.23423957824707,-10.309320449829102,37.57634353637695,0.43971481919288635,-0.10479724407196045,-0.21118132770061493,-0.5154966711997986,-1.1676056385040283,1.5205963850021362,1.850901484489441,0.3485478460788727,0.9617365002632141,0.45084524154663086,-1.0031623840332031,-0.716640055179596,0.55582594871521,0.6250850558280945,-0.09607310593128204
8890.154,-0.05051782354712486,0.011417342349886894,-1.033528447151184,0.4090637266635895,0.5010571479797363,0.39862310886383057,31.410133361816406,-10.22191333770752,39.6024055480957,-1.8631713390350342,0.5567592978477478,-0.8799030780792236,1.692691445350647,-0.7531465888023376,-0.4125601351261139,0.48384347558021545,-1.5466992855072021,0.07514352351427078,-1.3949296474456787,0.41268032789230347,-0.7376967072486877,-0.42909109592437744,-0.5246466398239136,0.8411807417869568
8900.298,0.022256243973970413,-0.036284927278757095,-1.0124465227127075,0.3762064278125763,-0.18418267369270325,-0.8317534327507019,31.025257110595703,-10.455161094665527,40.60711669921875,1.1854106187820435,2.3339030742645264,-0.16329802572727203,0.04266904294490814,1.9210319519042969,1.0048582553863525,1.1241087913513184,-0.20460712909698486,-0.7875913977622986,0.5685700178146362,-0.9423747658729553,1.1152243614196777,1.8410016298294067,-0.9268908500671387,-1.2861332893371582
8909.832,-0.0429028682410717,0.04803096130490303,-0.9768339395523071,-0.11126674711704254,-0.4324474632740021,0.28881680965423584,31.135791778564453,-10.073655128479004,40.92873001098633,-0.3402346074581146,-0.629132091999054,1.3811146020889282,-0.6480043530464172,-0.39291107654571533,0.7155265808105469,1.0523970127105713,-1.6339495182037354,-0.3417731821537018,0.6870520114898682,-0.17065037786960602,-0.28614693880081177,-0.5561289191246033,-0.5213791131973267,0.5124713182449341
8919.721,0.028486432507634163,-0.08873378485441208,-0.9955241084098816,0.8569493293762207,-0.40671655535697937,-0.6653876304626465,31.54427719116211,-9.26676082611084,40.51764678955078,0.39374953508377075,1.5486286878585815,1.377397060394287,-0.29984915256500244,-0.7523372173309326,-0.3343358635902405,0.23588524758815765,0.1409127414226532,-0.9551057815551758,-1.7742035388946533,-1.169115424156189,2.189681053161621,0.6520383954048157,0.5007442235946655,1.7191120386123657
8929.953,0.03772568702697754,0.05325494706630707,-0.9644587635993958,0.9181233644485474,-0.10628164559602737,0.10266446322202682,29.703033447265625,-10.932940483093262,39.243804931640625,-1.6126304864883423,0.60024493932724,0.7953217029571533,-0.004390863701701164,1.9731401205062866,-0.2658653259277344,-1.0714597702026367,0.47244876623153687,0.19972781836986542,-0.5718563795089722,2.1519742012023926,-0.3682161271572113,0.5422296524047852,0.22266508638858795,-0.8949621319770813
8939.964,-0.0872429609298706,0.01964080147445202,-0.9925603866577148,-0.1636262983083725,0.7611290812492371,0.3022998869419098,30.101734161376953,-10.117847442626953,40.23881149291992,-0.7432647943496704,0.9010790586471558,-0.1370093822479248,-0.30423179268836975,-1.0333268642425537,0.8753100633621216,2.4520156383514404,-1.747626543045044,0.06300009787082672,-0.5024160146713257,-0.6243709325790405,0.30006206035614014,-2.5539324283599854,-0.9704992771148682,-0.5670731663703918
8950.140,0.015602345578372478,0.03694276139140129,-0.9923208355903625,0.03158539906144142,0.47146740555763245,-0.9499490261077881,29.935638427734375,-10.097912788391113,39.12257766723633,-0.14435087144374847,1.056283950805664,-0.4660199284553528,-0.38937634229660034,1.8411718606948853,0.24271342158317566,1.3039014339447021,-1.3851878643035889,-0.6128729581832886,-1.7801717519760132,-1.3968732357025146,-0.05382080748677254,0.28467631340026855,-0.2081456333398819,2.3733038902282715
8959.943,-0.049227118492126465,0.01800086721777916,-1.0006802082061768,-0.09280580282211304,0.002447929233312607,-0.4487059414386749,29.63925552368164,-10.386392593383789,40.537620544433594,-0.6570665240287781,0.3782469928264618,-0.06615913659334183,-0.4562484323978424,0.7655985951423645,0.4472271203994751,-1.173852801322937,0.01950504444539547,-1.5791435241699219,1.14654541015625,-0.19160670042037964,-0.37876084446907043,-0.5302116274833679,-1.1495872735977173,-0.5211344361305237
8970.035,-0.010233012028038502,-0.0035372255370020866,-1.0142594575881958,0.5569530725479126,-0.5576986074447632,-0.3791216015815735,31.319250106811523,-11.10846996307373,40.892120361328125,-0.6089140772819519,-0.686985194683075,-0.42470425367355347,3.2972702980041504,-1.6808253526687622,-0.7666317224502563,-1.2501428127288818,-1.7783557176589966,-0.7324271202087402,-2.1472458839416504,-0.17612862586975098,0.9069355726242065,-1.1066920757293701,2.239607810974121,-1.892784833908081
8979.840,-0.009503518231213093,0.06217346712946892,-0.9920443892478943,-0.18249806761741638,-0.13471470773220062,-0.19463910162448883,28.309772491455078,-8.848637580871582,41.525047302246094,1.325072169303894,1.7018667459487915,-1.412400722503662,1.4094215631484985,0.05076047405600548,-1.7092392444610596,1.3771437406539917,-0.8762384057044983,0.17666882276535034,-0.18236641585826874,0.5630032420158386,-1.1913586854934692,0.1395389437675476,0.7137300968170166,1.9420738220214844
8990.043,0.05112027749419212,0.07725372165441513,-1.0308864116668701,0.4541797339916229,0.40119218826293945,-0.438557505607605,30.470359802246094,-10.426570892333984,38.562164306640625,0.2864879071712494,-0.3738178312778473,1.7194353342056274,0.6808450222015381,0.11254251003265381,-1.2358484268188477,0.38776394724845886,0.49967870116233826,1.305492639541626,0.025131383910775185,1.6058236360549927,-0.904380738735199,-1.6364922523498535,0.5800125598907471,-0.5860174298286438
9000.025,-0.0006810985505580902,-0.10590203106403351,-1.010858178138733,-0.28095367550849915,0.22090989351272583,0.7459011077880859,30.992900848388672,-9.673331260681152,40.367584228515625,-0.4983309209346771,-1.0158876180648804,1.769918441772461,0.08800215274095535,0.6765864491462708,1.1381268501281738,0.3858679533004761,0.3567735552787781,0.7446876168251038,1.0692968368530273,-0.502716600894928,-1.008440613746643,-1.1749885082244873,-0.13652817904949188,0.19227023422718048
9010.311,-0.004221825860440731,0.0066983806900680065,-0.9953165054321289,0.17957645654678345,-0.20880044996738434,-0.326278418302536,30.04073143005371,-9.255598068237305,38.84858322143555,1.3539631366729736,-2.5753672122955322,-1.150209665298462,-1.095454216003418,-0.9041259288787842,-0.35159486532211304,1.1965049505233765,3.2863614559173584,-0.7800266742706299,0.7960044145584106,1.203521966934204,-0.8267985582351685,0.34744787216186523,1.2169725894927979,1.9727717638015747
9019.969,0.09101451933383942,-0.049144212156534195,-0.9995617270469666,-0.20625777542591095,-0.0254982803016901,-0.39100751280784607,29.104291915893555,-8.582398414611816,42.61020278930664,-0.2168608456850052,-0.08019094914197922,-0.32066965103149414,-0.9418694972991943,-0.3118700683116913,-0.08263954520225525,0.5152068138122559,-0.5397567749023438,-0.29830193519592285,0.09264763444662094,-1.1422145366668701,-0.15607374906539917,-0.25097495317459106,-0.2654409110546112,0.04010750353336334
9030.093,0.03756250441074371,0.012409273535013199,-0.9954671859741211,-0.7036188244819641,1.3864778280258179,0.011635991744697094,30.40692901611328,-9.53183650970459,42.2354621887207,0.4922313988208771,-0.1593460589647293,-0.6763591766357422,-0.7823255062103271,0.43237626552581787,0.5319826602935791,-1.3193696737289429,1.3677456378936768,-0.14722605049610138,0.9345238208770752,-0.6994670629501343,0.602828860282898,0.61318439245224,1.5506635904312134,-0.140392005443573
9039.997,-0.03192232921719551,0.04559739679098129,-0.9914814233779907,-1.0610915422439575,0.10541915893554688,0.4150180220603943,30.337533950805664,-8.713412284851074,38.97975158691406,-0.030035320669412613,0.5221278071403503,-0.5468888878822327,0.5211235284805298,-0.24770401418209076,0.041615087538957596,0.7708784341812134,0.5170585513114929,1.646787405014038,-1.6018905639648438,0.9379338622093201,0.4976939558982849,0.9079801440238953,0.8874573111534119,-0.49052760004997253
9049.952,0.08861938118934631,-0.04412948712706566,-0.9658318758010864,0.8677509427070618,-0.5016263723373413,0.22352644801139832,30.648788452148438,-8.670760154724121,39.27910232543945,0.3706913888454437,-0.5227107405662537,-0.29832905530929565,0.001717127626761794,-0.9318397045135498,-1.0553476810455322,1.6432477235794067,-1.2942594289779663,1.3523478507995605,2.407705068588257,-0.763512909412384,1.6635749340057373,0.21528057754039764,1.726065993309021,-1.2208290100097656
9059.993,-0.04490472003817558,0.0019133108435198665,-1.0046892166137695,0.24921546876430511,-0.1606174260377884,0.0807097777724266,29.44803810119629,-10.628954887390137,40.51652908325195,0.6381080150604248,-0.13671565055847168,0.026610108092427254,0.028132349252700806,-0.23267337679862976,-0.2561517655849457,-0.8476654887199402,0.8566100001335144,-1.2489781379699707,-0.647058367729187,-0.34795519709587097,1.6218340396881104,1.0080102682113647,0.7517289519309998,0.5020148158073425
9069.866,-0.04507628083229065,-0.02211454138159752,-1.0366591215133667,0.3214523494243622,0.2326572835445404,-0.20452944934368134,30.60221290588379,-9.397631645202637,39.501949310302734,0.32500022649765015,1.8963322639465332,-0.7567254304885864,0.601905345916748,1.0117440223693848,0.6220779418945312,1.436492919921875,1.5890004634857178,1.157304048538208,0.13277345895767212,-0.636904776096344,-0.44596150517463684,0.09831651300191879,-0.26072824001312256,0.14631421864032745
9080.205,0.036799896508455276,-0.002756330417469144,-0.9496689438819885,0.4322393238544464,0.9462614059448242,1.0549156665802002,29.984195709228516,-9.82313060760498,39.92666244506836,0.34857264161109924,-1.3435845375061035,1.4640945196151733,0.4391252100467682,0.370440810918808,-0.6106597781181335,1.0705773830413818,-0.7040247321128845,-0.4321233630180359,-0.3678642511367798,-0.00615600124001503,-0.4663410484790802,0.08973746001720428,0.17859584093093872,0.3656350374221802
9090.074,-0.04727628827095032,-0.0764559805393219,-1.0099852085113525,0.12018332630395889,0.03772684186697006,0.5202654004096985,30.291351318359375,-10.249412536621094,42.73775863647461,0.3932921886444092,0.23786911368370056,1.420833706855774,-1.4987393617630005,-1.2756797075271606,1.4323757886886597,-0.4226239323616028,-1.4478107690811157,-2.0075013637542725,-0.6711516976356506,1.5622665882110596,0.14003880321979523,0.1344263255596161,-1.4623314142227173,-1.485693097114563
9099.959,-0.01608857326209545,-0.06218384578824043,-0.9829896688461304,0.12436962127685547,0.330962598323822,0.42511048913002014,29.37751007080078,-9.596612930297852,40.16141128540039,1.0957807302474976,0.2555328905582428,-1.051971673965454,0.3422698378562927,-0.4325946271419525,0.2528538703918457,0.9274412393569946,-0.09659703820943832,0.1572902500629425,-0.10126473009586334,1.0690284967422485,-1.938094139099121,-0.914456307888031,0.5703669786453247,-0.9798721075057983
9110.105,-0.08066492527723312,9.841749852057546e-05,-0.9984259009361267,-0.2677614688873291,-0.7397805452346802,0.2936834394931793,30.184371948242188,-7.382321357727051,39.7532958984375,-1.7422372102737427,-0.2600914537906647,-1.013684868812561,2.172149181365967,0.06673824787139893,-0.47043395042419434,-1.2587964534759521,-1.2931972742080688,0.9960641860961914,-0.25518760085105896,-0.0014709001407027245,-0.849702775478363,-1.0048822164535522,-0.7297515273094177,0.2127743512392044
9119.987,-0.0005252367700450122,0.12412844598293304,-1.0327423810958862,0.07933309674263,0.5680443048477173,-0.6338469386100769,29.8549861907959,-9.750253677368164,38.99412155151367,1.9099571704864502,-0.85458904504776,1.606876254081726,0.7390537261962891,-0.7612156271934509,-0.6513351798057556,-0.3374873995780945,1.03268301486969,-0.28950372338294983,1.2587144374847412,-1.5529545545578003,0.04117170348763466,1.1267238855361938,-1.6251986026763916,1.6519699096679688
9130.354,0.04115285724401474,-0.00720922090113163,-1.0056872367858887,0.2815623879432678,0.4009913504123688,0.06480308622121811,29.32549285888672,-8.462746620178223,38.43384552001953,1.1956621408462524,0.5019952654838562,1.6401340961456299,-3.1289122104644775,-1.2866466045379639,-0.5489766001701355,1.4443538188934326,-1.0086817741394043,-0.2911691963672638,-0.2803453803062439,-0.18665598332881927,-1.341556191444397,0.3394457697868347,1.1874034404754639,-0.12804511189460754
9140.015,-0.01796565018594265,0.061465851962566376,-1.0232911109924316,-0.036118246614933014,-0.32367628812789917,0.3420164883136749,30.395692825317383,-10.08828353881836,41.94220733642578,0.24944213032722473,-0.07633248716592789,-0.8611105680465698,0.4635993242263794,-0.27220866084098816,0.5319088101387024,-1.030188798904419,3.40059494972229,-1.738101840019226,-0.6464498043060303,0.2555277347564697,-0.6990231871604919,0.5553549528121948,0.11326762288808823,-1.7151795625686646
9150.217,0.07683172076940536,0.1006779819726944,-1.0044909715652466,0.7095733284950256,-0.4836798906326294,-0.0027124439366161823,31.222976684570312,-8.856653213500977,39.353721618652344,0.24032637476921082,-1.2008191347122192,1.1535333395004272,1.0755112171173096,1.2336859703063965,-0.13648955523967743,-1.818472981452942,-0.04450999200344086,2.7034313678741455,-0.232290580868721,0.19707879424095154,1.131656527519226,0.6178475618362427,-1.0438601970672607,0.36831969022750854
9159.828,-0.04471898078918457,-0.013835874386131763,-0.9977890253067017,-0.04450221359729767,0.49993422627449036,-1.3900339603424072,29.1566162109375,-10.356176376342773,38.60331344604492,0.19617848098278046,-0.4203641712665558,0.6608917117118835,0.3526189625263214,0.675773561000824,-0.2064560204744339,1.4930309057235718,-0.36301955580711365,0.7567183971405029,-0.36677008867263794,1.420715093612671,-1.2374274730682373,0.5148258209228516,0.6600205898284912,-0.7297505736351013
9169.879,-0.04813361167907715,0.03249017894268036,-0.9491096138954163,-0.43162527680397034,-0.543184220790863,0.017986422404646873,30.08171272277832,-9.467252731323242,39.75364685058594,-1.4128586053848267,0.13039416074752808,-0.8162618279457092,-0.44905486702919006,0.41039302945137024,-0.23796549439430237,-0.7604749202728271,-0.5852501392364502,-0.7199541926383972,1.375046730041504,-0.8567689061164856,-0.2557760775089264,-0.039400700479745865,0.482854962348938,1.2586987018585205
9179.868,0.008742830716073513,-0.04276323318481445,-0.9857351183891296,0.5036818981170654,0.18098437786102295,-0.15267230570316315,30.238540649414062,-9.74999713897705,40.346595764160156,0.3068569600582123,-0.20515257120132446,1.0044366121292114,1.9695531129837036,-1.4921834468841553,-0.35478293895721436,1.0493677854537964,-0.036470383405685425,-0.29298922419548035,-0.27796557545661926,1.1089767217636108,0.25080710649490356,0.5263405442237854,0.1397102326154709,0.73725426197052
9189.816,0.08055201172828674,0.015273911878466606,-0.9595903158187866,0.5600828528404236,1.168432593345642,-0.7792888283729553,28.220596313476562,-10.02094554901123,39.526371002197266,-1.0352137088775635,1.0462353229522705,0.428967148065567,-0.30634769797325134,-0.5477199554443359,-1.099879503250122,0.5620766282081604,0.7498881816864014,-0.2750973105430603,-1.079535722732544,0.054610077291727066,0.35523495078086853,-0.49839723110198975,0.8945667743682861,0.3850771188735962
9200.142,-0.02081342414021492,0.055993858724832535,-1.0140807628631592,0.3059122860431671,0.0008843050454743207,0.26142072677612305,31.168163299560547,-12.35606575012207,39.57549285888672,-0.25206756591796875,-1.3673673868179321,-0.6420167088508606,-0.483850359916687,-1.0033347606658936,-1.7935398817062378,1.3598710298538208,0.27433285117149353,-0.24021854996681213,0.5482088923454285,1.5203795433044434,0.4758762717247009,-0.23947013914585114,0.8444845080375671,0.4444964826107025
9209.926,-0.07469040900468826,0.035822734236717224,-1.0039256811141968,0.6017851233482361,-0.12387356162071228,-1.4925910234451294,30.0443172454834,-9.612910270690918,40.5546875,0.07000533491373062,0.8184964656829834,0.3960084915161133,1.2930290699005127,-1.2778748273849487,1.3472900390625,0.4860689043998718,-1.2622629404067993,0.726649820804596,0.9743123650550842,-0.23823659121990204,0.7397668361663818,-0.7573229670524597,-0.7578193545341492,1.7682216167449951
9220.080,0.0032872376032173634,-0.039735667407512665,-1.0038719177246094,0.7439450621604919,0.6019247770309448,0.9682788848876953,31.244794845581055,-10.063044548034668,39.191593170166016,0.2253521978855133,-0.6807300448417664,0.5335004329681396,-1.1800336837768555,0.6753472685813904,0.8034886121749878,1.4858726263046265,-0.36448273062705994,-0.07132899016141891,0.18584933876991272,0.6542900204658508,-1.4186694622039795,-0.4037576913833618,0.8483304977416992,-0.6431607007980347
9230.359,-0.04092590510845184,0.03170924261212349,-1.0008388757705688,0.2266164869070053,0.19977933168411255,-0.29448506236076355,29.998226165771484,-10.183387756347656,40.59900665283203,-1.3423922061920166,1.4512717723846436,0.14794936776161194,-0.8378880620002747,-1.597532868385315,0.1189805418252945,0.2730654180049896,-1.3595001697540283,-0.727318286895752,0.9536333084106445,1.388473629951477,-0.8856311440467834,-0.49301424622535706,-0.5899686813354492,-1.3893390893936157
9239.934,0.04836036264896393,-0.055762022733688354,-1.01683509349823,0.3410906493663788,-0.31268465518951416,0.10450718551874161,30.802492141723633,-9.085347175598145,39.83168029785156,-0.7843098044395447,-2.030766725540161,0.9657902121543884,-0.47810953855514526,-0.824993908405304,-1.0186299085617065,0.9416059851646423,0.15646828711032867,2.200226068496704,1.4586642980575562,-1.7093369960784912,0.9602551460266113,-1.5905205011367798,1.5226753950119019,0.43920189142227173
9250.073,0.01070607639849186,0.10351043939590454,-1.013602614402771,0.1882949024438858,-0.5901408791542053,0.15305684506893158,27.82364845275879,-9.645406723022461,40.16108703613281,1.0249276161193848,1.3089380264282227,-0.0571342334151268,0.8529243469238281,-0.07391942292451859,-1.2850192785263062,0.5040151476860046,-1.1128334999084473,0.1441158801317215,0.2656186819076538,-0.06218353658914566,0.4846022427082062,-0.1700034886598587,-1.49440598487854,-0.029275700449943542
9260.056,0.0011995233362540603,0.05133478716015816,-0.9972649812698364,0.430287629365921,-0.20842917263507843,-0.7802379727363586,29.83700942993164,-10.768866539001465,41.60551452636719,0.33130571246147156,1.2321759462356567,-2.2142882347106934,1.0925568342208862,1.975795030593872,-2.758619546890259,-0.7916490435600281,1.2007170915603638,1.5902719497680664,0.6799398064613342,0.13858841359615326,-0.46516934037208557,1.6719154119491577,-0.18900896608829498,0.04637749120593071
9269.864,0.05044440180063248,-0.08504221588373184,-0.9993018507957458,0.6271904706954956,-0.7200113534927368,-0.09578731656074524,30.130970001220703,-11.244542121887207,39.45052719116211,-0.4941507577896118,-1.3770807981491089,-0.6422785520553589,0.8116394281387329,0.5432227253913879,-0.20220856368541718,0.11379395425319672,0.1536458432674408,0.21561194956302643,0.3554287552833557,0.5554842948913574,-0.09207631647586823,-0.4687070846557617,-1.5240974426269531,0.254294216632843
9279.817,0.012911996804177761,0.05332868918776512,-1.0146855115890503,0.41637399792671204,0.32857251167297363,0.2537572979927063,30.32317352294922,-8.3605318069458,39.80598449707031,-1.160678505897522,-0.17577345669269562,-0.476318359375,0.6604669690132141,1.8332128524780273,0.4217051863670349,-0.6033783555030823,0.5785506963729858,-0.07451964914798737,0.37247520685195923,0.43533360958099365,0.10901949554681778,1.2428319454193115,-1.0526418685913086,1.0822789669036865
9289.959,0.008608203381299973,0.0670597180724144,-0.9883720874786377,0.6446112394332886,0.2086125761270523,-0.7763991355895996,30.017356872558594,-10.7101469039917,39.99922561645508,2.307488441467285,-0.15022161602973938,0.8879560232162476,0.08069775253534317,-0.10648693144321442,1.3972996473312378,-0.8604652881622314,-1.0171825885772705,-1.0293102264404297,-0.3782881498336792,-0.13152249157428741,0.9834818243980408,0.2591782212257385,0.260906457901001,-0.23170170187950134
9300.009,-0.0380491204559803,-0.09776005148887634,-0.9874739050865173,1.0826023817062378,0.2889789044857025,0.024595653638243675,29.69317626953125,-10.270617485046387,39.74241256713867,0.7700387239456177,-0.8105999231338501,0.08947699517011642,-0.2347302883863449,0.36512142419815063,0.0511859767138958,-0.7866169214248657,0.1937224119901657,-1.074278473854065,-1.2536511421203613,1.9614038467407227,1.3120049238204956,0.8702565431594849,-0.48312973976135254,-1.3781462907791138
9310.043,-0.08022542297840118,-0.04723858833312988,-1.011913537979126,0.2344714254140854,0.5160197615623474,-0.3847101330757141,29.160554885864258,-9.487263679504395,39.762996673583984,-0.5552374124526978,0.2273445576429367,1.7184853553771973,0.7337157726287842,0.09685691446065903,0.2826385498046875,-2.237016439437866,0.05094856396317482,-2.0165443420410156,0.2543864846229553,-0.7352231740951538,-0.2650148868560791,-0.33553990721702576,-0.8356963992118835,-0.025875771418213844
9320.168,0.01638110727071762,-0.043665528297424316,-0.9722342491149902,0.7971312999725342,-0.43803486227989197,-0.047719042748212814,31.776065826416016,-10.379737854003906,40.457786560058594,0.9219277501106262,1.0816833972930908,-0.32666707038879395,-0.5205457806587219,0.1064903736114502,1.1270172595977783,-0.31614840030670166,0.7623100280761719,-1.5233817100524902,-0.4843263328075409,0.41585788130760193,-0.9927201271057129,-0.13826702535152435,-1.8515105247497559,-0.2810116708278656
9329.832,0.1421748846769333,-0.03170216828584671,-0.9971057176589966,0.5989242792129517,-0.3594893515110016,0.0522942841053009,30.57441520690918,-8.888806343078613,39.5233039855957,0.6387324929237366,0.3904270529747009,-0.08383803814649582,0.18643352389335632,-1.9503343105316162,-0.5906395316123962,1.2359226942062378,1.2184909582138062,1.6895760297775269,0.12843003869056702,0.5470637679100037,0.47549018263816833,-1.184944748878479,0.011477308347821236,0.11883622407913208
9339.893,-0.002015512203797698,0.020302018150687218,-0.9922627806663513,0.03014146350324154,-0.4288750886917114,0.521332323551178,28.619873046875,-10.645848274230957,40.09111022949219,-0.758385419845581,-1.1437625885009766,1.5266765356063843,0.23519939184188843,2.1613452434539795,0.3437923789024353,1.1203417778015137,0.8732826709747314,-0.46460381150245667,0.7100911736488342,0.37156978249549866,-0.07431264221668243,-1.190921425819397,-0.40183985233306885,-0.0607299730181694
9349.606,-0.08579890429973602,0.042812298983335495,-0.9949851036071777,0.24306902289390564,-0.547295868396759,-0.29523682594299316,30.794748306274414,-9.774552345275879,41.66283416748047,0.5322713851928711,-0.5190619230270386,1.0688071250915527,-0.3276156187057495,-0.674782931804657,-0.4979800581932068,-0.06270921230316162,0.8473339676856995,1.8612858057022095,1.92848539352417,1.1895354986190796,-1.754949927330017,0.8222156763076782,-1.157183051109314,-0.417413592338562
9360.172,-0.02881024032831192,0.04943453520536423,-1.0053502321243286,-0.054689109325408936,0.12640145421028137,0.2238340526819229,31.165340423583984,-9.887772560119629,41.026573181152344,-1.061771035194397,-2.1037025451660156,1.4691359996795654,0.15471893548965454,0.4222937822341919,-0.10645634680986404,0.3877630829811096,-0.2724590301513672,-0.6043359041213989,1.2879267930984497,-2.3007724285125732,0.4464336037635803,-0.42651718854904175,-0.4826624095439911,2.1088359355926514
9370.054,-0.079881452023983,-0.03989656642079353,-1.0050044059753418,-0.6242391467094421,0.09444794058799744,0.4805077910423279,30.18886375427246,-9.00682258605957,40.725887298583984,-0.01789386197924614,0.5623793005943298,-0.6299611926078796,-0.670105516910553,-0.25694912672042847,-0.21664704382419586,-0.08141129463911057,-1.3128002882003784,0.35532984137535095,-1.0714079141616821,-1.0661250352859497,0.18902002274990082,-1.0521929264068604,-0.22314712405204773,0.27780961990356445
9379.957,-0.0015361264813691378,-0.04594368487596512,-1.005399465560913,-0.48499947786331177,-0.81148362159729,0.6321939826011658,28.57412338256836,-9.712186813354492,40.202484130859375,1.834064245223999,0.9186029434204102,-0.23336483538150787,-1.3923115730285645,-0.8807758092880249,-0.6191542744636536,1.1812267303466797,1.1131224632263184,-1.087796926498413,-0.725848376750946,1.1404494047164917,-0.5964867472648621,0.15954968333244324,0.8933639526367188,-0.7001587152481079
9389.903,-0.032328050583601,-0.04312523081898689,-0.9956449270248413,-0.3666577637195587,0.6152186393737793,-0.9108352065086365,28.57269287109375,-9.998160362243652,38.968204498291016,-0.19661663472652435,0.974845290184021,-0.16287334263324738,0.04216128587722778,-1.1350170373916626,-0.4375574588775635,-0.8431801199913025,-0.04429375007748604,-1.466126799583435,0.28636300563812256,-0.9243345260620117,0.8964329361915588,-0.8995289206504822,1.3049107789993286,-0.6160550117492676
9400.192,-0.054094117134809494,-0.06650322675704956,-1.0352227687835693,-0.21707946062088013,-0.3347999155521393,0.37708234786987305,31.281951904296875,-10.586440086364746,39.962039947509766,1.2187660932540894,-0.8594980835914612,1.9264395236968994,-0.13231435418128967,1.0455083847045898,-0.6331766247749329,-0.5350046753883362,1.8203632831573486,-0.29328763484954834,0.5763963460922241,-0.2085009664297104,-1.5529584884643555,-0.03681986406445503,-0.28100529313087463,-2.4458391666412354
9409.983,0.06320136040449142,-0.02404196560382843,-1.0026285648345947,0.6961999535560608,-0.5265429615974426,0.2572214603424072,29.4722843170166,-10.42972183227539,40.11427688598633,0.4138447940349579,1.4554468393325806,0.35276883840560913,2.41646409034729,2.0887115001678467,-0.47101324796676636,-0.40107735991477966,0.805426836013794,0.38424742221832275,2.0244483947753906,0.055758036673069,-1.5499744415283203,-0.5354043841362,-0.8145892024040222,-0.7621538043022156
9420.048,0.01495358906686306,-0.018025845289230347,-0.9725130200386047,-0.23424312472343445,-0.19353626668453217,0.5510537028312683,29.00285530090332,-9.89881420135498,39.28822326660156,1.0585752725601196,2.152631998062134,-0.8263634443283081,0.04714958742260933,0.09939258545637131,-0.30391350388526917,0.3589002192020416,-1.4806978702545166,-1.3739882707595825,0.11739987879991531,-0.388423889875412,-0.6207607388496399,0.3643156886100769,-0.08491570502519608,0.41736894845962524
9429.762,-0.05009010061621666,-0.04162402078509331,-0.987510085105896,-1.0115491151809692,-0.11604660749435425,0.9815202355384827,29.54266357421875,-10.114236831665039,39.724056243896484,0.515571653842926,-0.987424910068512,-1.7233458757400513,1.1224603652954102,0.27204975485801697,-1.5628501176834106,-0.5468577146530151,0.12829868495464325,1.044542908668518,0.06199514493346214,1.0787806510925293,-0.5240340232849121,0.21251052618026733,-1.2112014293670654,0.6586132645606995
9440.027,-0.06320296972990036,-0.003455730155110359,-0.9882649779319763,1.1136049032211304,-0.8811808228492737,-0.11456819623708725,27.56578826904297,-9.937355041503906,40.131690979003906,1.0025672912597656,0.053538139909505844,0.41700175404548645,0.06662216037511826,0.888553261756897,1.1950440406799316,1.5265473127365112,0.7264583110809326,-0.4165152609348297,0.6605862379074097,0.2581232786178589,-1.5959757566452026,0.18449212610721588,1.1996113061904907,0.3748703896999359
9450.095,-0.06607110798358917,-0.053403716534376144,-1.0133599042892456,0.15554647147655487,-0.02487063780426979,-0.28712233901023865,30.05252456665039,-9.631857872009277,39.57815170288086,-0.34634634852409363,-0.19405309855937958,0.12954255938529968,0.9230101108551025,-0.44202670454978943,-2.4825472831726074,-0.38219723105430603,0.34854722023010254,-0.22616399824619293,0.3200024664402008,1.5961706638336182,0.04738596826791763,1.551641821861267,1.0305092334747314,-0.947579026222229
9460.051,0.013987644575536251,-0.0644536092877388,-1.0025750398635864,0.1194135844707489,0.3339700400829315,0.021933412179350853,30.932113647460938,-8.639951705932617,40.0986328125,0.25161418318748474,0.1630348265171051,1.466609001159668,-0.34171801805496216,-2.06734037399292,0.8169597387313843,0.5305007100105286,0.6404118537902832,-0.3804776966571808,0.10674012452363968,-1.8375312089920044,-1.9387595653533936,0.30066874623298645,0.08852308988571167,0.09828588366508484
9470.095,0.05549067631363869,-0.06275638192892075,-1.0117772817611694,-0.035911619663238525,0.5343039631843567,0.18161094188690186,32.84547805786133,-10.803954124450684,42.380393981933594,0.431197851896286,0.5530891418457031,-0.5321545600891113,-0.9426694512367249,-0.3552190959453583,0.9146162271499634,-2.0461230278015137,-1.5880796909332275,0.6684117317199707,1.227315068244934,-1.6997134685516357,-0.27273693680763245,1.1722023487091064,-0.9737087488174438,0.022555118426680565
9479.907,-0.01923576556146145,-0.007003409788012505,-0.9996845126152039,0.3336356282234192,1.3446149826049805,0.17374248802661896,31.266340255737305,-10.599400520324707,39.990631103515625,-1.0967081785202026,0.005110959522426128,0.3152119517326355,0.4749196171760559,0.04331762716174126,0.4090338945388794,0.20225025713443756,-1.5710028409957886,0.15430638194084167,0.9394078850746155,1.017409086227417,-1.143125057220459,1.8754130601882935,-0.34874075651168823,-0.8943590521812439
9490.208,-0.010392092168331146,-0.027852656319737434,-0.9988112449645996,0.21153880655765533,0.1687254160642624,-0.08437354862689972,30.951168060302734,-9.921069145202637,38.77529525756836,-0.9431836009025574,1.6766698360443115,-0.2897384762763977,1.2406619787216187,0.7068517804145813,-0.03676478564739227,1.1682956218719482,-0.018621254712343216,0.0699092224240303,2.076070785522461,-1.66147780418396,0.9603429436683655,-0.351187139749527,-0.3856355547904968,1.6047885417938232
9500.217,-0.040709350258111954,0.015873093158006668,-0.9988988637924194,0.030599694699048996,0.08356397598981857,0.10349676012992859,29.54315185546875,-10.417545318603516,40.451805114746094,-0.08981428295373917,-0.8472062349319458,0.610270619392395,0.6375336647033691,-0.2509187161922455,0.8583778738975525,0.3174731731414795,-0.2918292284011841,-0.6197344064712524,0.716044545173645,-0.24687018990516663,-0.6327696442604065,-0.22870399057865143,0.7045775651931763,-0.7515308260917664
9510.113,0.019899364560842514,-0.02667251229286194,-0.9712144732475281,-0.23609626293182373,0.013292902149260044,-0.07502570748329163,28.302873611450195,-9.402223587036133,39.9227409362793,0.5047866702079773,0.3843298852443695,-0.7387493848800659,0.7251195311546326,0.49049052596092224,-1.2277793884277344,0.4205087721347809,0.4943757653236389,0.9541082382202148,0.31861385703086853,-1.5489399433135986,-0.04585305228829384,-0.3972257375717163,0.4478116035461426,-0.08403027802705765
9520.098,0.013656144961714745,-0.011731863021850586,-0.9869040846824646,-0.4698667526245117,-0.7031964063644409,-0.1177525669336319,30.579336166381836,-8.634916305541992,39.5114860534668,0.060221049934625626,1.075287103652954,0.30176687240600586,0.26245877146720886,0.14955109357833862,0.22740289568901062,2.1195738315582275,0.5650489330291748,-0.6228845119476318,-1.5152592658996582,-1.1894216537475586,0.23298388719558716,-0.4313603341579437,0.3300926089286804,-0.12935318052768707
9529.861,-0.0345524363219738,0.07881690561771393,-0.9987976551055908,-0.061426714062690735,0.016693273559212685,-0.06314249336719513,31.228504180908203,-10.642006874084473,41.50175857543945,1.8535047769546509,-2.13382887840271,0.22971782088279724,-0.6871224045753479,1.197799563407898,-0.8761180639266968,0.9246962070465088,1.0110968351364136,0.5725232362747192,0.8909103274345398,2.155445098876953,-1.8906546831130981,-0.7036299109458923,-0.028385857120156288,0.7281255125999451
9540.066,0.06849891692399979,-0.048302166163921356,-0.9969829320907593,0.4237874746322632,1.0551857948303223,-1.1895625591278076,30.018756866455078,-10.221090316772461,40.3915901184082,0.7743352651596069,1.0915385484695435,0.8726634979248047,0.02698594331741333,-0.0725739449262619,-1.6850438117980957,0.23100422322750092,1.9345662593841553,-0.21775104105472565,-1.1370973587036133,-0.3280450701713562,-0.29777073860168457,-0.3667799234390259,-0.5734444856643677,0.17609526216983795
9549.896,-0.025762811303138733,0.004505733493715525,-1.0140146017074585,-0.7867748737335205,-0.48865047097206116,0.11549345403909683,30.8441219329834,-10.444893836975098,41.2577018737793,-1.112288475036621,1.1054158210754395,-0.27586233615875244,0.3044861853122711,1.1937222480773926,0.23184646666049957,0.8845741748809814,0.5694472193717957,-0.037845179438591,0.057521723210811615,-0.630084216594696,0.4183604121208191,-1.2412227392196655,0.23110990226268768,0.16332215070724487
9559.956,0.07150203734636307,0.041218921542167664,-1.0209801197052002,0.2510102391242981,0.6206987500190735,-0.004478192422538996,29.583026885986328,-9.767768859863281,39.09944152832031,2.467745065689087,0.6378970146179199,-0.5662907361984253,-0.7880150079727173,0.2577151358127594,2.1175458431243896,0.31623372435569763,-0.6331350207328796,-0.5185563564300537,-2.1301844120025635,-0.40355992317199707,0.13783493638038635,1.2025349140167236,1.4468481540679932,1.343306541442871
9570.223,0.062115080654621124,-0.016175346449017525,-1.010909914970398,0.33083608746528625,0.934384822845459,0.16604621708393097,31.654983520507812,-10.368041038513184,40.279170989990234,1.7026761770248413,0.16474024951457977,0.6640625,0.9666365385055542,-1.1656708717346191,-1.1433019638061523,0.08870568871498108,0.6225923299789429,-0.4360295236110687,0.0830020010471344,0.3077531158924103,-0.12435382604598999,1.3197498321533203,-0.6799504160881042,-0.62225341796875
9579.944,-0.009769182652235031,0.0006079855957068503,-1.020362138748169,0.26331233978271484,-0.27991151809692383,0.8364424109458923,30.610857009887695,-8.505195617675781,40.007965087890625,-0.4844437837600708,0.5961288213729858,-0.934995710849762,-1.2102110385894775,0.788240909576416,0.5473682880401611,-0.015810968354344368,-0.9116848707199097,1.0764697790145874,1.429284691810608,1.0322542190551758,-2.4650697708129883,1.0214953422546387,-0.19896134734153748,-0.7108706831932068
9589.773,0.019544444978237152,0.08965647220611572,-1.017358660697937,1.0928596258163452,0.11579126119613647,0.045391280204057693,28.972108840942383,-9.890551567077637,41.33430099487305,-0.23551519215106964,2.337109088897705,-1.3534036874771118,-0.6712552309036255,0.4513639211654663,0.6780872344970703,0.4888162314891815,-0.03965800255537033,2.030895948410034,0.4230155348777771,0.3121386468410492,0.012410434894263744,-0.7295588850975037,0.6979250311851501,-0.21289338171482086
9599.937,-0.020942775532603264,0.02852618880569935,-0.9971917867660522,-0.28921982645988464,0.8918652534484863,0.1716427505016327,28.57393455505371,-10.917187690734863,38.53838348388672,-1.5755711793899536,-0.19712556898593903,0.9670119881629944,0.28321564197540283,0.13678739964962006,0.15631182491779327,-1.2720540761947632,-0.8714516758918762,0.2783832848072052,0.2581418454647064,1.2177811861038208,0.9605510234832764,-1.0809483528137207,-1.0340895652770996,0.17950527369976044
9610.102,0.052405696362257004,0.031170975416898727,-1.0246440172195435,0.3026027977466583,0.03701953589916229,-0.14670871198177338,32.04558563232422,-11.491768836975098,40.45834732055664,0.2816130518913269,-0.8207760453224182,1.6307342052459717,-1.7204527854919434,0.5439000725746155,1.6851106882095337,-0.3211551606655121,-1.7279174327850342,-1.0447402000427246,-1.257603645324707,0.6845976114273071,0.7417539954185486,0.7921881079673767,-0.23127837479114532,-1.0391780138015747
9619.967,-0.06802142411470413,0.0453890785574913,-1.018810749053955,0.1787804812192917,0.5035882592201233,-0.3053816854953766,29.81037139892578,-8.931039810180664,40.60007095336914,-0.47152337431907654,0.7069453597068787,-0.6870262026786804,-0.2362196296453476,-1.8829587697982788,-1.024333119392395,0.3113034963607788,0.9963204264640808,-0.6198623776435852,1.6112827062606812,-1.9086993932724,-1.6652733087539673,0.48877131938934326,-0.3237401843070984,2.2534449100494385
9630.132,0.057087503373622894,0.06716333329677582,-0.9865577220916748,-0.4227273762226105,0.0622524693608284,-0.651615560054779,30.968061447143555,-10.368514060974121,39.46935272216797,2.3924548625946045,1.5873465538024902,0.1264360547065735,0.7279759645462036,1.6520987749099731,-2.055018424987793,0.27773725986480713,0.08608618378639221,-1.1507221460342407,1.783326268196106,-1.6699899435043335,0.07130406051874161,0.11523956805467606,0.4437764883041382,-0.544843316078186
9639.540,0.03492692857980728,0.031084997579455376,-1.0055774450302124,0.10010513663291931,0.31277939677238464,-0.039536066353321075,30.0762939453125,-9.701627731323242,42.019248962402344,0.741769552230835,1.6212495565414429,2.6857759952545166,0.6273345351219177,0.206144779920578,-0.7063676714897156,-0.5403867363929749,-1.0895925760269165,1.1468322277069092,0.4441677927970886,-1.1473420858383179,-1.880327820777893,1.5998553037643433,1.6561230421066284,0.17767636477947235
9650.138,0.005427327938377857,-0.035011351108551025,-1.0010350942611694,-0.7305262684822083,-0.7615416049957275,0.10447617620229721,30.899826049804688,-9.5623779296875,41.175636291503906,-0.080426886677742,-0.0024496105033904314,-0.9730362892150879,0.4390297532081604,-1.2176977396011353,-0.2687394917011261,1.1224539279937744,-1.2717385292053223,-0.8063522577285767,-1.570178508758545,-1.077274203300476,-0.8511905074119568,-1.8550490140914917,-0.29972803592681885,-0.177967831492424
9660.239,-0.03467478230595589,-0.03784448653459549,-1.0103379487991333,0.3670676052570343,-0.13945519924163818,-0.3748404085636139,29.87630844116211,-9.307023048400879,40.133018493652344,0.9655283093452454,-1.6844688653945923,-0.11103330552577972,0.05684329569339752,-0.49754855036735535,-0.8426473140716553,-0.25708431005477905,0.4521094262599945,0.7026273012161255,-0.10252657532691956,0.748879075050354,0.8230749368667603,1.8115724325180054,0.21358704566955566,-2.0293238162994385
9670.085,0.03969541937112808,0.019071485847234726,-0.9965824484825134,0.6806585192680359,0.2379540503025055,-0.14239443838596344,28.377347946166992,-10.701498985290527,38.344642639160156,-0.2391519397497177,1.2273515462875366,-2.2235970497131348,0.05601050332188606,-0.8276662230491638,-0.8153097033500671,0.5733885169029236,1.1165088415145874,-0.014185222797095776,-0.28447845578193665,-0.27727916836738586,0.4407595992088318,-0.26475730538368225,-0.07096558809280396,-1.7138348817825317
9680.068,0.05503498762845993,-0.004257346503436565,-1.0402085781097412,-0.10432451218366623,-0.18730254471302032,0.6422745585441589,29.925159454345703,-8.994157791137695,39.98275375366211,-1.0774794816970825,0.5717006921768188,-0.12971000373363495,0.5406770706176758,-0.553352952003479,0.39521509408950806,0.7161484956741333,-1.1716876029968262,-0.9642120599746704,1.050227403640747,0.6549556851387024,-0.39776647090911865,-0.04442349448800087,0.5305843353271484,1.579193115234375
9689.979,0.05807548016309738,-0.009301796555519104,-0.9988744258880615,0.6654873490333557,0.05239786580204964,0.13168732821941376,29.60997772216797,-9.416204452514648,37.8723258972168,-1.4608291387557983,1.7062394618988037,0.9365405440330505,0.5835790634155273,0.46486857533454895,1.1250503063201904,-1.462448239326477,0.12024442106485367,-1.9729640483856201,-0.48388707637786865,0.6105023622512817,0.004283619578927755,-0.979844331741333,-0.6040000915527344,0.08419378846883774
9699.762,0.03041541576385498,-0.005532177165150642,-1.0165480375289917,0.6460533738136292,0.025335494428873062,-0.7840964794158936,28.847103118896484,-10.803330421447754,40.53213882446289,-0.148358553647995,-0.7330014705657959,-0.7167585492134094,0.28854477405548096,-1.5677822828292847,-0.019552379846572876,1.599552035331726,2.1168880462646484,0.5694401860237122,-1.096431851387024,0.1846921741962433,0.07811904698610306,0.04299972578883171,-2.2614428997039795,0.09103923290967941
9709.971,0.05954695865511894,0.04664904996752739,-0.9859835505485535,0.5661229491233826,-0.23054192960262299,0.29583001136779785,30.723026275634766,-10.227532386779785,40.94606018066406,-0.35130760073661804,0.7375820279121399,-0.15310586988925934,-1.5895822048187256,1.0256142616271973,-0.4493511915206909,-0.8617379069328308,0.3693867325782776,-0.12067173421382904,-0.7112742066383362,1.330649495124817,-0.5151833891868591,-1.1368813514709473,2.0925686359405518,-0.16422438621520996
9720.382,-0.007290397770702839,-0.01960613951086998,-0.9865706562995911,-0.07498720288276672,-0.2538881301879883,0.2370428591966629,29.078439712524414,-9.762797355651855,40.23097610473633,-0.6493294835090637,-1.0427199602127075,-1.1550686359405518,0.1707255244255066,0.48142680525779724,1.0079495906829834,-0.07459761202335358,0.0886775553226471,-0.26087769865989685,-1.5408093929290771,-0.16572491824626923,-0.33058395981788635,-1.733773946762085,-0.05097382143139839,-0.6649908423423767
9729.807,0.020243452861905098,0.014648724347352982,-1.0428165197372437,-1.3119624853134155,-0.12909753620624542,0.08411309123039246,31.905582427978516,-7.192893981933594,40.851078033447266,1.31734037399292,-0.6428426504135132,0.06770779937505722,1.6957236528396606,-0.3096974492073059,0.3219098746776581,0.5400002598762512,0.9796165227890015,0.41390952467918396,0.022535981610417366,1.8709254264831543,0.07086590677499771,1.394483208656311,-0.2583697736263275,0.09820637851953506
9739.991,0.04268740862607956,-0.047178253531455994,-1.0079373121261597,-0.26010608673095703,0.301648885011673,-0.9906259179115295,29.355119705200195,-8.593632698059082,39.343101501464844,-0.1718975305557251,0.5468341112136841,-1.1577178239822388,1.0838173627853394,-0.7782405614852905,-0.05467715486884117,-0.6457727551460266,0.4027470350265503,0.2662200331687927,0.5686361789703369,-0.3046417534351349,-1.870053768157959,1.3120428323745728,0.4633747339248657,0.6326131224632263
9750.203,-0.019706660881638527,0.005362373776733875,-1.020552158355713,0.06816323101520538,0.511799693107605,0.3690566122531891,29.769868850708008,-9.662530899047852,39.67987823486328,1.4458979368209839,0.08084727078676224,0.9101107120513916,0.38580799102783203,0.004511162173002958,0.7222347855567932,0.38183197379112244,0.24401776492595673,1.0427247285842896,1.2706764936447144,0.8304004669189453,-2.145552635192871,1.1749178171157837,-0.3244936168193817,0.2736169695854187
9759.858,0.10758890211582184,-0.0015972695546224713,-1.0378005504608154,0.1935250163078308,0.40862223505973816,-0.06364454329013824,30.192964553833008,-9.573344230651855,40.532569885253906,-0.04440626502037048,1.095245361328125,-1.7361040115356445,0.37594372034072876,1.5148268938064575,-0.5480990409851074,0.7046170830726624,0.8643450736999512,-1.3120176792144775,0.5426754951477051,1.992475986480713,-1.011579155921936,-1.8097816705703735,-0.6147101521492004,0.614147424697876
9769.965,0.03017006814479828,-0.002354803727939725,-1.0174201726913452,0.3292941451072693,-0.13473591208457947,0.544060230255127,29.979398727416992,-10.256522178649902,39.759559631347656,-1.341983437538147,-0.3086288571357727,0.2528386414051056,0.38128554821014404,-0.1145644262433052,-0.3466207683086395,-2.694390058517456,-0.5986272096633911,1.544813632965088,-0.9077961444854736,0.5289580225944519,-0.7047394514083862,-0.7739635705947876,-0.022966483607888222,1.246598720550537
9780.102,0.007507647387683392,0.10638181865215302,-1.017106533050537,-0.536893904209137,-0.09856295585632324,0.4928324222564697,30.95134735107422,-12.526832580566406,39.822330474853516,-0.30883485078811646,-0.614685595035553,-0.3014415204524994,-0.17070701718330383,-0.47654202580451965,0.3083476424217224,0.2659505009651184,-0.6940958499908447,1.3555594682693481,-0.5454890727996826,0.9235419034957886,0.17546236515045166,0.4293634593486786,-1.2880252599716187,0.42235076427459717
9790.305,0.04638317599892616,0.03912723809480667,-0.9982253313064575,-0.5527541041374207,0.08623240888118744,1.0058960914611816,29.917667388916016,-9.620402336120605,41.078346252441406,-0.625300943851471,0.197348952293396,-0.0019844016060233116,-2.5194196701049805,0.08836271613836288,3.0004115104675293,0.9308069944381714,0.364492267370224,0.7218455076217651,-0.5619099736213684,-0.8279174566268921,-1.1684869527816772,-0.19169586896896362,0.6172102093696594,0.038350529968738556
9800.147,-0.043187618255615234,-0.10230893641710281,-1.0037349462509155,0.41341766715049744,-0.6087751984596252,0.6359678506851196,31.487869262695312,-10.004384994506836,39.075904846191406,1.583540916442871,1.6230578422546387,-1.9478027820587158,-0.3717067837715149,0.8826863169670105,-1.3892772197723389,-1.0821020603179932,1.116804599761963,2.4885542392730713,0.36483293771743774,-0.1405995786190033,-0.35697847604751587,-0.9144241213798523,-0.7780393958091736,-0.007175329606980085
9809.854,-0.025763966143131256,0.06558571010828018,-0.9984856843948364,0.36438706517219543,-0.5865758657455444,-0.031408872455358505,30.432809829711914,-9.739680290222168,39.849361419677734,0.2539048194885254,0.5416292548179626,0.3858317732810974,-0.22224968671798706,-0.9363014698028564,1.010229468345642,0.21262192726135254,0.44083482027053833,-0.37301263213157654,-0.878936231136322,0.9321216344833374,0.6578051447868347,-1.7270618677139282,-0.7103496789932251,2.9539220333099365
9819.871,-0.03245006874203682,0.061741940677165985,-1.0036460161209106,-0.2555156648159027,-1.0992363691329956,0.09997300803661346,30.32955551147461,-8.818199157714844,39.7358283996582,-2.3872952461242676,-0.02798217535018921,-2.15364933013916,0.6331310868263245,-0.3843456208705902,-0.808506429195404,-0.4926728904247284,0.4801345765590668,0.010448687709867954,0.748790442943573,-0.3852006793022156,-1.5450636148452759,0.4361419975757599,0.0018867910839617252,1.5987956523895264
9829.667,0.04255269467830658,0.022681670263409615,-0.9917914867401123,0.4497605264186859,0.10132399201393127,-0.420693039894104,28.27708625793457,-12.643744468688965,40.583927154541016,-0.43264514207839966,1.5148615837097168,0.14239519834518433,-0.30796509981155396,1.433198094367981,0.27528369426727295,1.0804921388626099,-0.47894006967544556,0.8888484239578247,1.167607307434082,-0.07315482199192047,-0.8227225542068481,1.883595585823059,0.271369993686676,-0.7152528762817383
9839.812,-0.026717152446508408,0.0024260180070996284,-0.9999222755432129,-0.3395557999610901,-0.33621296286582947,-0.2613520324230194,30.75768280029297,-10.152823448181152,41.794715881347656,-0.32645946741104126,0.07536792010068893,0.504754900932312,-0.05301295965909958,-1.6181703805923462,0.8303604125976562,-0.22313837707042694,0.14896260201931,-1.0208683013916016,0.03563128411769867,-1.701350450515747,1.1465363502502441,-0.5839869976043701,-1.1644262075424194,-0.5430356860160828
9849.969,0.025845307856798172,-0.08489076793193817,-0.9903534054756165,-0.33138829469680786,0.2264518141746521,-0.9986635446548462,31.222518920898438,-9.665989875793457,38.71562576293945,-0.2617146670818329,-0.6487218737602234,-1.4913872480392456,-0.9480003118515015,0.7315165400505066,-1.0220422744750977,1.4432493448257446,-0.6100220084190369,0.27848005294799805,0.23450583219528198,-0.4739959239959717,0.3102458417415619,0.6859416365623474,-0.7642078995704651,0.16408474743366241
9859.875,0.04862237349152565,0.06947091221809387,-0.9915046095848083,0.39956608414649963,0.864443302154541,-0.07331228256225586,29.974916458129883,-10.436059951782227,42.720191955566406,0.4654785692691803,-0.30914807319641113,-0.8846231698989868,-0.15042437613010406,0.866726279258728,-0.8973134160041809,-0.7353972792625427,-0.09143150597810745,-1.2612918615341187,-1.118615984916687,0.27706873416900635,0.5279713273048401,-0.1272440254688263,-0.6835640668869019,-0.4355871081352234
9870.024,0.0689513087272644,0.013585283420979977,-0.9724979400634766,-0.6280273199081421,-0.3335341215133667,0.8685743808746338,31.713193893432617,-9.786903381347656,41.69187927246094,0.25101789832115173,-0.1500997394323349,1.2287766933441162,-0.31124961376190186,1.6991909742355347,-0.2677154541015625,0.8956433534622192,0.6221500635147095,-0.4656270742416382,-0.004630186129361391,0.04956650361418724,-0.22344684600830078,1.1381665468215942,1.7063543796539307,1.2963035106658936
9880.242,0.039724718779325485,0.0644625723361969,-0.9862170219421387,0.024273991584777832,-0.008336628787219524,-0.028647499158978462,30.232446670532227,-8.911651611328125,39.50831604003906,-1.198623776435852,-0.4743203818798065,-0.4910488724708557,-1.3699817657470703,0.98984295129776,0.7458786368370056,-0.28126955032348633,-0.16163098812103271,-0.5113752484321594,-0.2801596224308014,1.1231739521026611,1.7603412866592407,1.8336933851242065,0.3606284260749817,-0.320843368768692
9889.917,-0.02686890959739685,0.009597796946763992,-1.0240408182144165,-0.4475550651550293,-0.29724985361099243,-0.3782437741756439,28.94207763671875,-10.364462852478027,40.65639114379883,0.19480451941490173,0.01421365886926651,-0.07667835056781769,-0.8125790953636169,-0.9609163999557495,1.0641509294509888,-1.255725622177124,-0.1709701418876648,-0.8857443928718567,-0.0955500528216362,0.2264242023229599,-0.5090606212615967,2.654773473739624,-2.901153564453125,-0.10729562491178513
9900.173,-0.06339526176452637,0.04522721469402313,-1.0038647651672363,0.041842106729745865,0.5054726004600525,0.14667107164859772,30.031959533691406,-11.757672309875488,40.700679779052734,-1.3329038619995117,-1.168338418006897,1.4202450513839722,0.25024276971817017,0.9297268986701965,0.7139344215393066,0.43932396173477173,0.2391379326581955,-1.3876032829284668,-0.15385302901268005,-0.240488663315773,-0.14945761859416962,-2.3295156955718994,1.566087007522583,-0.7081337571144104
9909.782,0.05248851329088211,0.027237828820943832,-1.0458920001983643,0.12479035556316376,0.12607909739017487,-0.09471873939037323,27.32937240600586,-8.781312942504883,40.02848815917969,-0.963512659072876,-0.4807054400444031,-0.5694456696510315,-0.00980672799050808,0.7937831282615662,0.5186704397201538,0.47793713212013245,0.5583404302597046,-1.0400928258895874,0.2700936794281006,1.6715753078460693,0.3543127179145813,-0.09756369143724442,1.043107509613037,-0.9851517081260681
9919.775,0.00995134748518467,-0.03233660012483597,-0.9958840608596802,0.5884395837783813,0.743234395980835,0.21591085195541382,30.11240005493164,-10.136825561523438,39.24241638183594,-1.0087450742721558,0.4990524649620056,-0.8314719796180725,-0.755197286605835,-1.0805572271347046,0.013681632466614246,0.6575530171394348,1.0333243608474731,0.9294212460517883,-1.1148263216018677,0.8834335803985596,0.7072505950927734,0.4727482497692108,0.11351082473993301,-0.0909603089094162
9929.924,0.06019429489970207,0.01887081190943718,-1.0005016326904297,0.049515094608068466,0.21869957447052002,0.15764601528644562,29.62974739074707,-10.01582145690918,41.48207473754883,-0.05438992381095886,-1.7464674711227417,0.11051495373249054,0.4741200804710388,0.6510944366455078,-0.5602542757987976,0.037677500396966934,0.535071849822998,0.10194893181324005,0.12502093613147736,-0.29188597202301025,-0.39370203018188477,2.4600183963775635,-0.46824946999549866,1.4163203239440918
9939.779,-0.006570712197571993,0.03005034290254116,-1.008585810661316,-0.09729572385549545,0.49441707134246826,0.053552523255348206,29.193700790405273,-9.403157234191895,38.58387756347656,1.5073120594024658,-0.5688050985336304,0.9461492896080017,1.3215051889419556,0.793674111366272,-0.07793139666318893,0.7870672941207886,0.5431504249572754,2.0972983837127686,0.2952505648136139,-0.5616545677185059,0.8021451234817505,0.7292135953903198,0.31407976150512695,0.3436046838760376
9950.030,0.0010779056465253234,0.06578183174133301,-0.9626322388648987,-0.1394847333431244,-0.22628183662891388,-0.2673088014125824,30.531909942626953,-9.173528671264648,39.23991394042969,-0.7310388088226318,-1.7431138753890991,1.8581783771514893,-0.2689051628112793,0.013979670591652393,0.4194231331348419,1.0595546960830688,0.680852472782135,0.5950867533683777,-0.1499326229095459,-0.7092227339744568,-1.7259330749511719,-1.599126935005188,0.7565414309501648,-0.7907921671867371
9959.868,-0.039468489587306976,0.03108465112745762,-1.005200743675232,1.2848174571990967,-0.7270570397377014,0.5742722153663635,29.982622146606445,-10.077850341796875,36.70473098754883,1.1806108951568604,1.2568995952606201,-0.003126751631498337,-0.5308043956756592,1.1613960266113281,-1.4908363819122314,0.09815240651369095,-0.10508925467729568,1.4284260272979736,0.06381113082170486,0.5004282593727112,0.486600399017334,0.07074511051177979,0.21746619045734406,1.7121155261993408
9970.264,0.05732472240924835,0.08295130729675293,-1.0276669263839722,-0.12399129569530487,-0.6199988722801208,0.02675730548799038,30.938447952270508,-10.561701774597168,40.7673454284668,0.12773331999778748,-0.34316620230674744,-1.659273386001587,0.6317272782325745,-0.9900699257850647,0.7927218079566956,1.83427095413208,-1.605697751045227,-0.1766519695520401,0.9792361259460449,0.0735330656170845,0.2287769764661789,-0.5554620027542114,-0.7944706678390503,0.00031548357219435275
9979.972,-0.0064441305585205555,-0.007862958125770092,-0.9892358779907227,-0.37767791748046875,-0.27125462889671326,-0.143662691116333,29.834266662597656,-11.434962272644043,39.28495788574219,-0.11489737033843994,0.3841867744922638,-1.0751255750656128,-0.5350252985954285,0.13693217933177948,1.2015807628631592,2.6115241050720215,1.190194845199585,-0.5983702540397644,0.7837668061256409,1.8662813901901245,0.12016510963439941,-0.7483648657798767,0.7057594656944275,1.3297582864761353
9990.154,0.032195549458265305,-0.03507519140839577,-1.0099316835403442,-0.029715342447161674,-0.7765326499938965,-0.6471301913261414,31.832273483276367,-10.041549682617188,39.53591537475586,-0.3612271547317505,0.7108572721481323,-0.8809916377067566,1.223583698272705,0.19568994641304016,-0.7867673635482788,1.5571105480194092,-0.6789299249649048,1.0011560916900635,-1.033243179321289,-1.1269855499267578,-0.6339284777641296,0.5378274917602539,0.5920670628547668,0.6493200659751892
10000.138,-0.013219140470027924,0.01190464198589325,-1.0085375308990479,0.002991335466504097,0.28703033924102783,0.7447798252105713,28.67171859741211,-10.229329109191895,39.31715393066406,1.1898036003112793,-1.1553062200546265,-0.1996661126613617,0.8492336869239807,1.0440266132354736,0.28825703263282776,-2.5961368083953857,-0.272801011800766,0.5630856156349182,1.1919479370117188,-1.1849297285079956,0.08789794147014618,1.3189131021499634,0.10030654072761536,-0.9035969376564026
10010.258,0.04898880049586296,-0.020363405346870422,-0.9694845676422119,-0.5800612568855286,-0.3250998556613922,0.05979982018470764,29.581117630004883,-10.239706993103027,39.82084655761719,1.0051231384277344,-1.3059794902801514,0.13829705119132996,0.009135845117270947,-0.7479603290557861,-0.6679167747497559,-0.8983473777770996,-0.6094755530357361,0.342941015958786,-0.5186131000518799,0.3197692334651947,-0.5562277436256409,1.874075174331665,1.514545202255249,0.24590906500816345
10020.011,0.01190965622663498,0.0520140677690506,-1.0099046230316162,0.3843238949775696,0.2875061333179474,-0.6045534610748291,31.702896118164062,-8.79377269744873,39.515254974365234,1.3017396926879883,-1.5642858743667603,-0.32777276635169983,-0.6527770161628723,-1.4002764225006104,-0.5002457499504089,-0.6201101541519165,0.7323598265647888,0.5593726634979248,0.9050784707069397,-0.10037442296743393,-1.3859037160873413,0.4604451656341553,-0.297853022813797,-0.6413238048553467
10030.031,-0.02883250080049038,0.04311174526810646,-0.9908572435379028,-0.07589570432901382,-0.460165798664093,-0.3237088620662689,29.268320083618164,-10.0405912399292,38.56523513793945,-0.7475039958953857,1.4094728231430054,-0.8827458024024963,-0.7162267565727234,1.0417425632476807,1.917484164237976,-0.5290237069129944,1.3053760528564453,0.1793198138475418,-2.3678550720214844,0.8363664746284485,-0.9260752201080322,0.7762099504470825,0.1878565400838852,0.790438175201416
10040.278,-0.06732998788356781,0.07312119007110596,-1.007773756980896,0.3942672908306122,-0.25011852383613586,-0.4886045455932617,30.133140563964844,-8.544068336486816,40.531951904296875,0.3650842010974884,-0.03140319138765335,1.778127908706665,-1.4168015718460083,-0.2818935215473175,-0.42861267924308777,-0.4273964464664459,-0.9682424068450928,-0.8189443349838257,2.0377628803253174,0.8133293986320496,1.786620855331421,0.33025580644607544,-0.32965362071990967,-0.816887378692627
10049.610,0.029423583298921585,0.01655118353664875,-1.0010101795196533,-0.45160385966300964,0.10678739100694656,0.06509247422218323,31.996936798095703,-10.409303665161133,39.343910217285156,-1.9677149057388306,-0.19557861983776093,1.6874276399612427,2.112553119659424,1.1053727865219116,0.6172000169754028,1.4967931509017944,-0.10522942990064621,0.4497721195220947,0.9233605265617371,-0.22146831452846527,1.4345067739486694,0.5272383689880371,-0.16416455805301666,-0.3951696455478668
10059.969,-0.0908956229686737,-0.04156650975346565,-1.013755440711975,0.030127055943012238,0.8316468596458435,-0.06388185173273087,30.511842727661133,-11.498922348022461,40.68265151977539,0.826759397983551,0.7948319315910339,-0.21799695491790771,0.3991451561450958,-2.1044325828552246,1.711271047592163,-0.5261750817298889,0.2359885275363922,0.7577640414237976,-0.2836289405822754,-0.04804457724094391,1.7487226724624634,0.3108094334602356,-2.0136265754699707,0.44583654403686523
10070.364,-0.07296917587518692,-0.00635451590642333,-0.9897798895835876,-0.6073877215385437,-0.399211049079895,-0.7422163486480713,28.61899757385254,-9.747435569763184,40.91938781738281,0.5779853463172913,-1.1571180820465088,-0.19637569785118103,-0.14801372587680817,0.8796766996383667,-0.17982955276966095,-0.19229967892169952,-1.0616791248321533,0.384635329246521,0.43792828917503357,-0.7415786981582642,-0.19873426854610443,-0.7890585660934448,0.2455313354730606,-0.23328451812267303
10080.006,0.02621947042644024,-0.10362998396158218,-1.0232789516448975,-0.07521079480648041,0.18813517689704895,0.1512700617313385,30.40230369567871,-9.748583793640137,40.686824798583984,-0.060976188629865646,0.7113306522369385,1.435421347618103,-0.335386723279953,-0.7498522400856018,0.7759454250335693,0.5750768780708313,-0.10326589643955231,0.38088008761405945,-1.8219339847564697,0.3619937598705292,-0.4639092683792114,0.04707680642604828,-1.2164034843444824,0.7435903549194336
10089.746,0.007410661317408085,-0.012560137547552586,-1.0104278326034546,-0.815821647644043,-0.283557653427124,-0.06534405797719955,31.034019470214844,-7.727705478668213,40.20930862426758,1.093366265296936,-1.3896939754486084,0.12025859206914902,0.861129105091095,0.7084956169128418,1.088284969329834,0.07832854986190796,0.5929399728775024,0.2429298609495163,0.16639801859855652,0.05567619949579239,1.5946465730667114,0.060287389904260635,0.5901520848274231,0.0006014160462655127
10099.882,0.07507459074258804,-0.010573041625320911,-1.0092623233795166,-0.7025996446609497,0.05340532958507538,-0.07938554883003235,31.325885772705078,-9.763932228088379,39.32571029663086,1.8739112615585327,1.9618784189224243,0.4892314374446869,-0.17071335017681122,0.13628140091896057,-0.998196542263031,0.9862270951271057,-0.31611350178718567,-1.6466574668884277,-0.06669837236404419,-0.46219682693481445,0.3430253267288208,-0.9701606631278992,-0.31924915313720703,-1.2121682167053223
10109.936,0.0016444274224340916,-0.06455649435520172,-0.9789057374000549,0.3496604263782501,-0.3919127881526947,0.0030359395314007998,29.711772918701172,-8.220647811889648,40.02476119995117,-0.17301644384860992,-0.23781068623065948,0.9159160852432251,1.527303695678711,-1.9961446523666382,1.1976510286331177,1.0288217067718506,0.5187340974807739,0.4566434621810913,0.8222494125366211,1.4454660415649414,0.3914058804512024,-0.5608118772506714,0.8677965998649597,0.5926313996315002
10120.131,-0.004346922505646944,0.04088304936885834,-0.9972979426383972,0.3769102692604065,0.43057769536972046,-0.37346622347831726,29.577404022216797,-11.595648765563965,40.73366928100586,1.1723893880844116,-0.9277181625366211,-0.6724482178688049,2.4048032760620117,0.7814781069755554,0.6828286051750183,-0.7290560007095337,0.7957616448402405,-0.29507285356521606,0.1487637311220169,-0.37702879309654236,0.8729721307754517,1.1220506429672241,0.3432888686656952,-1.445529580116272
10129.998,-0.036054402589797974,0.09353572875261307,-1.0148015022277832,0.8099324703216553,0.2614791989326477,0.7299683690071106,31.368440628051758,-12.5597505569458,41.32505416870117,-0.9398047924041748,-1.526044249534607,-1.5265661478042603,-1.5216641426086426,-0.27739259600639343,-0.9590829610824585,-0.24000284075737,-0.32336556911468506,0.0028030737303197384,0.9356889128684998,-0.505588948726654,1.336684226989746,-2.3138957023620605,-1.4061685800552368,-0.08470986038446426
10139.971,-0.045403819531202316,-0.13581152260303497,-1.0189610719680786,1.100965976715088,-0.33388665318489075,0.4493474066257477,30.43009376525879,-9.980071067810059,38.820716857910156,0.7081747651100159,-0.6481066346168518,0.1777220070362091,1.7634774446487427,-0.6982952952384949,0.4179621934890747,-0.1384383738040924,-0.6143854856491089,0.8127304315567017,-0.2955211102962494,-0.5860952138900757,-0.3763973116874695,-1.0004178285598755,0.038264498114585876,0.780345618724823
10150.092,-0.024302508682012558,0.051591530442237854,-0.987183690071106,-0.5131324529647827,0.5061129331588745,-0.4459899067878723,29.871078491210938,-11.235968589782715,40.66303253173828,0.45986583828926086,0.2672000229358673,-0.8932855725288391,-1.0967062711715698,0.7178652882575989,-0.8944780230522156,-0.6465532779693604,-1.6210757493972778,0.2292044460773468,0.21032799780368805,-1.4014891386032104,-0.27890458703041077,0.2789008617401123,-0.1243295967578888,-0.4085686504840851
10159.850,-0.017493601888418198,-0.023016417399048805,-1.0044701099395752,0.43009358644485474,0.26394984126091003,-0.10045959055423737,29.814661026000977,-11.243913650512695,40.56540298461914,0.80242520570755,0.3920910060405731,-1.3811534643173218,-0.5931763648986816,0.9109271764755249,0.5020546317100525,-0.7135002017021179,1.330663800239563,0.36177554726600647,1.0759222507476807,-0.08694687485694885,-0.3926243484020233,-1.3078792095184326,-0.4595235586166382,0.7795870900154114
10170.235,0.04704594239592552,-0.01709158346056938,-1.0053930282592773,0.6936533451080322,-0.5527692437171936,0.17604829370975494,30.006563186645508,-10.290279388427734,41.820465087890625,0.24082845449447632,-1.0977166891098022,-1.103339433670044,-0.6314557790756226,-0.5494137406349182,1.8923473358154297,0.9022309184074402,-1.0822328329086304,-0.3820996880531311,-0.49079570174217224,0.4410429000854492,-0.6126078367233276,-0.25228095054626465,-1.7617031335830688,-0.2753295302391052
10179.903,-0.05365434288978577,0.04015557840466499,-0.9995474815368652,-0.0017043874831870198,-0.4910009503364563,-0.03988918289542198,29.209238052368164,-11.178595542907715,40.3109130859375,-0.44904667139053345,0.0768720805644989,0.4312556982040405,-0.6505841612815857,1.0849436521530151,-0.7045122385025024,0.2932928204536438,1.76218581199646,0.8604892492294312,-1.195515513420105,0.7775298953056335,1.7637354135513306,-0.03919059410691261,-0.8733910322189331,0.18679238855838776
10190.182,-0.044524289667606354,0.013496797531843185,-1.0386558771133423,0.5388649702072144,0.06660128384828568,0.6705583930015564,30.09496307373047,-10.790510177612305,40.89760971069336,0.41655489802360535,-0.4548279345035553,-0.5985177755355835,0.5609824657440186,1.386802077293396,0.7542089223861694,1.3472728729248047,-0.40874040126800537,0.851858913898468,1.4285587072372437,-0.6240977048873901,0.13981564342975616,-0.1569119691848755,1.2732373476028442,-0.0411272868514061
10199.951,0.035815924406051636,-0.02091735415160656,-1.0030437707901,-0.4138684570789337,0.0450698584318161,-1.1455658674240112,29.77398681640625,-10.774194717407227,39.61292266845703,1.153818130493164,-1.09971022605896,2.3043248653411865,1.0253714323043823,-1.4592326879501343,0.5917370319366455,1.5655198097229004,-0.20762093365192413,1.1324869394302368,-1.542392611503601,-0.7482945919036865,-0.9332205653190613,-0.2827933430671692,1.7216625213623047,1.8982932567596436
10210.059,0.0361701101064682,0.005783821921795607,-1.0018614530563354,0.3080671429634094,-1.0384238958358765,0.3662993609905243,27.985286712646484,-12.63728141784668,38.58743667602539,0.2422783523797989,0.30927884578704834,-1.4337104558944702,1.4431747198104858,-0.8751347064971924,-0.1835942268371582,-1.0937343835830688,-1.1403803825378418,1.2398078441619873,0.20086242258548737,2.140143871307373,-0.5948659181594849,0.8464816808700562,0.5059759020805359,1.0540496110916138
10219.858,-0.04010576382279396,-0.02109585516154766,-0.9953538775444031,-0.23447401821613312,-0.2692064642906189,0.7738516926765442,30.625627517700195,-10.277856826782227,39.35667419433594,-0.24101106822490692,-0.8627604842185974,-1.0685489177703857,1.2830116748809814,-0.197710782289505,-0.0059020183980464935,0.40062040090560913,2.2970683574676514,0.47075673937797546,-0.11592612415552139,-0.2325495481491089,-1.5948683023452759,0.09861347824335098,-2.6627581119537354,1.001023530960083
10229.737,0.04042951017618179,0.0011700454633682966,-1.0352703332901,-0.29571038484573364,-0.5282542705535889,0.33363640308380127,31.25443458557129,-9.904775619506836,40.05754470825195,2.0221152305603027,-1.8066948652267456,0.650287926197052,1.734736680984497,0.07941547781229019,1.0488874912261963,0.5819709300994873,1.2332487106323242,-0.22739003598690033,1.0714408159255981,1.5363510847091675,0.07387847453355789,-0.5997903347015381,-1.0886287689208984,-0.027745075523853302
10240.005,-0.02126028761267662,0.0916835218667984,-1.013034462928772,-0.7537093162536621,-0.7058638334274292,-0.5080395340919495,31.698301315307617,-9.764029502868652,40.391265869140625,-0.33165696263313293,-1.856507658958435,-0.12080583721399307,1.8507386445999146,0.23695319890975952,0.22226107120513916,-0.005547839682549238,0.019775450229644775,-0.8618611693382263,-0.6202160120010376,-0.5371370911598206,0.5380244851112366,-0.20560488104820251,-1.2812047004699707,-0.06486978381872177
10250.394,0.026984723284840584,-0.027926281094551086,-0.9962567687034607,0.5761966705322266,-0.41005605459213257,0.5422980785369873,31.687814712524414,-9.441184043884277,39.952823638916016,-1.4789291620254517,-2.546569585800171,0.5766512155532837,-0.31393930315971375,0.7176671028137207,-0.2148207277059555,0.7013878226280212,0.7739339470863342,0.045393116772174835,0.4415425956249237,-0.5843798518180847,-0.019487744197249413,-0.8896859884262085,0.5255369544029236,-0.1586809605360031
10260.048,-0.0659511387348175,0.024223515763878822,-0.9760354161262512,-0.3147552013397217,0.6450034379959106,1.1423346996307373,29.268396377563477,-9.378700256347656,38.67731857299805,-0.05230965465307236,-0.3161163628101349,-0.169435054063797,0.01000157929956913,0.017952941358089447,1.024798035621643,-0.9624934196472168,0.22214220464229584,-0.16343797743320465,0.8146384358406067,-1.1361262798309326,-1.095137596130371,0.4732765853404999,0.10288190841674805,0.5279208421707153
10269.996,-0.06194500997662544,-0.02302110753953457,-0.9986927509307861,0.45213136076927185,-0.9341922998428345,0.10776687413454056,29.68202781677246,-9.953750610351562,40.23183822631836,0.7476747035980225,-0.3051444888114929,0.26635050773620605,0.8326916694641113,-0.6103485822677612,-0.8238688111305237,-0.6165217757225037,0.9353660941123962,0.2706294357776642,0.5820097327232361,1.4460879564285278,0.41336971521377563,0.6549122929573059,0.37692031264305115,1.8139183521270752
10279.978,0.048136088997125626,0.06493672728538513,-0.9530885815620422,0.6245023608207703,0.413784921169281,-0.07071954011917114,28.382863998413086,-9.587724685668945,38.27582931518555,-1.7624181509017944,0.17675986886024475,-0.2157706320285797,0.5436899662017822,-0.7000324130058289,0.4899160861968994,-0.2806413769721985,1.3396304845809937,0.2546810209751129,0.9847669005393982,0.4115959405899048,-0.87721186876297,-0.40476951003074646,0.5795465707778931,0.3339702785015106
10289.991,-0.02746516279876232,0.016168851405382156,-0.9992401599884033,0.6433745622634888,-0.45592087507247925,-0.18335406482219696,31.141626358032227,-8.982832908630371,40.83140182495117,-0.5393353700637817,0.22225144505500793,0.5812775492668152,-1.3923206329345703,-0.8989225625991821,0.08415869623422623,-0.617546021938324,-0.1580384075641632,1.521315097808838,0.5463237762451172,0.7771976590156555,-1.141481637954712,1.1546924114227295,0.34458234906196594,-0.08270572125911713
10300.036,-0.00909950491040945,-0.01322433166205883,-1.037213683128357,-1.1065908670425415,-0.5870099067687988,-0.7059518694877625,30.624324798583984,-8.872489929199219,40.763877868652344,0.504542350769043,-1.1356894969940186,0.6113458275794983,2.1184868812561035,-0.01915869303047657,-0.7360861897468567,0.972801923751831,-0.4537276327610016,-1.0323506593704224,-1.2873355150222778,-0.2724056839942932,0.9573699831962585,-1.063821792602539,0.07752414792776108,-0.3863102197647095
10310.033,0.018649587407708168,0.0026562826242297888,-1.023353099822998,-0.4769410192966461,0.07426757365465164,0.4994050860404968,31.159713745117188,-9.836516380310059,40.8410758972168,-0.3480525612831116,-0.10492919385433197,-1.5067449808120728,0.09848842769861221,-2.3945517539978027,1.7384779453277588,-1.2706958055496216,1.4851535558700562,-1.1752865314483643,-0.7357882261276245,0.4638861119747162,0.5080077052116394,1.0850157737731934,0.11768915504217148,-1.260259747505188
10320.010,-0.007705875672399998,0.040619879961013794,-1.0013790130615234,0.7501198053359985,0.5211154818534851,0.4924195408821106,28.05082893371582,-9.371707916259766,38.80466079711914,0.2521948516368866,1.7821694612503052,0.6176867485046387,-1.5532978773117065,0.9357908368110657,-1.6932023763656616,0.9907597899436951,-0.21550750732421875,0.026080075651407242,-0.08847654610872269,0.026494719088077545,0.556582510471344,0.757716178894043,0.6627241969108582,-0.2350470870733261
10329.760,0.022939343005418777,0.021995043382048607,-1.0036725997924805,0.3485543429851532,-0.35884490609169006,0.5702266097068787,28.97683334350586,-10.595497131347656,40.32386016845703,1.9699817895889282,-0.35697808861732483,0.6875565052032471,-1.2129930257797241,2.1272268295288086,0.3588463068008423,0.52142733335495,1.7666646242141724,-0.6883102059364319,-0.30136916041374207,-2.5794620513916016,0.04284348711371422,-0.024172605946660042,-0.4067606031894684,-0.18396909534931183
10339.997,0.0150540079921484,-0.026220694184303284,-0.9950049519538879,0.05063711851835251,-0.06868773698806763,-0.4530729651451111,31.587825775146484,-9.822463035583496,40.01994705200195,1.0877025127410889,-0.5553777813911438,1.155089259147644,0.9093570709228516,0.15454064309597015,0.943844735622406,-0.6810107231140137,-0.9123082756996155,0.5168094038963318,-1.2874664068222046,-0.7457548379898071,-0.6666902303695679,-2.38152813911438,0.7467323541641235,-0.9974431395530701
10349.968,-0.02134474366903305,-0.07926002889871597,-0.9589037299156189,0.16288739442825317,-0.34620776772499084,0.45682090520858765,31.63140869140625,-9.239039421081543,40.48841094970703,-0.7809380292892456,-3.0348780155181885,-1.6709930896759033,-0.41658973693847656,-0.4014204144477844,-0.38486814498901367,0.257052481174469,1.8359146118164062,0.31583645939826965,-0.01764390990138054,0.34973594546318054,0.43606239557266235,-0.6105690598487854,-0.6261270046234131,0.8802716135978699
10359.730,0.05892005190253258,-0.03137178346514702,-1.0138611793518066,-0.8124245405197144,0.9161297678947449,-0.18316684663295746,29.82773780822754,-10.391364097595215,38.207706451416016,0.11916934698820114,-0.37911564111709595,-0.2003600150346756,0.09147469699382782,1.3812810182571411,-1.6198738813400269,0.6914103627204895,0.4262109398841858,-1.4311283826828003,-0.4452301859855652,0.3726610839366913,-0.7080780863761902,0.8518761992454529,2.027377128601074,1.1034622192382812
10369.952,-0.05642514303326607,-0.017704948782920837,-0.9883624315261841,-0.24395506083965302,-0.6130952835083008,0.6486408710479736,28.446516036987305,-9.675066947937012,41.447052001953125,-0.8067972660064697,0.9008767008781433,-2.230574369430542,0.47368600964546204,0.13210752606391907,-1.137491226196289,0.742369532585144,-0.5102730989456177,-0.9023674130439758,0.9458961486816406,1.8281570672988892,-0.10975489765405655,-0.776263952255249,-0.5591455101966858,0.717790961265564
10379.782,-0.04470911994576454,0.08450938761234283,-0.9930881857872009,0.06373535096645355,1.3856089115142822,0.30513909459114075,30.01902961730957,-10.74059009552002,39.01602554321289,-0.12316446751356125,0.27553999423980713,0.1402031034231186,1.0515036582946777,-0.481201171875,-2.340869188308716,0.12306544184684753,1.5695774555206299,-1.466679334640503,-1.1103154420852661,0.13661259412765503,-0.6526884436607361,-2.2130181789398193,1.0350803136825562,-0.2571793794631958
10390.218,0.003383091650903225,-0.09495939314365387,-1.0017379522323608,0.823842465877533,0.21489420533180237,-0.3706435263156891,31.67582893371582,-10.219263076782227,38.93411636352539,-0.021405551582574844,-0.7258882522583008,1.1848523616790771,2.1655850410461426,-0.6044924259185791,-0.7443418502807617,-0.2165236473083496,-1.320205569267273,-0.5900536179542542,-0.6090371608734131,1.6297847032546997,0.23067572712898254,-0.007205324713140726,0.42409855127334595,-1.6271154880523682
10400.029,0.0006349357427097857,0.031279757618904114,-0.9643996953964233,-0.08770473301410675,-0.3924941420555115,-0.8492559194564819,28.835010528564453,-10.06617546081543,38.964599609375,0.012981337495148182,-0.6294357776641846,0.7910787463188171,0.5537441372871399,2.0705554485321045,-0.20424515008926392,-0.11499803513288498,0.5741367340087891,-0.43921446800231934,-1.1033413410186768,1.6189485788345337,0.8608527779579163,-1.589513897895813,-0.08050637692213058,-0.185299351811409
10409.966,-0.0307153332978487,0.060413312166929245,-0.9652122259140015,-0.570190966129303,-0.4789339005947113,-0.6931563019752502,30.60579490661621,-11.256333351135254,37.92698669433594,1.5285886526107788,-1.2173763513565063,-0.015798483043909073,0.3133637011051178,-0.42134952545166016,-0.7099268436431885,0.45648548007011414,-0.6781967282295227,0.7389095425605774,-0.6757631301879883,-0.30275285243988037,0.2455693781375885,0.4280378818511963,-0.01237949077039957,-0.38583067059516907
10419.915,0.013420837000012398,-0.04421153664588928,-1.003456473350525,0.5696903467178345,0.4226822257041931,1.0738939046859741,30.541793823242188,-8.306097984313965,38.85621643066406,-1.3522554636001587,0.5587810277938843,0.16077961027622223,0.45466598868370056,0.31766456365585327,0.6990220546722412,-0.6929716467857361,0.24972444772720337,-2.3615055084228516,-1.8689186573028564,-1.2037522792816162,0.7338665127754211,-1.3792788982391357,0.784854531288147,1.0321261882781982
10430.023,0.020158426836133003,-0.04934046417474747,-1.0040594339370728,-0.8601334095001221,-0.32677680253982544,0.362543523311615,31.190574645996094,-10.833538055419922,41.073204040527344,1.460266351699829,0.6308751702308655,-0.012381132692098618,0.9408824443817139,0.2112746685743332,0.5734870433807373,1.1029349565505981,0.39800772070884705,1.1328833103179932,-1.5729901790618896,1.978490948677063,0.7086316347122192,-0.35784491896629333,-0.772274911403656,-0.09643734246492386
10439.867,0.06778080016374588,-0.03885750472545624,-0.9760066866874695,0.8893864154815674,0.05526687949895859,-0.2653319835662842,30.258005142211914,-10.68386173248291,41.21500015258789,0.18933790922164917,1.1852918863296509,0.4389295279979706,0.8320119976997375,0.9037967324256897,0.046844735741615295,0.2491316944360733,-1.1687326431274414,-1.365302324295044,-3.051220655441284,1.1075899600982666,0.163853257894516,1.1722301244735718,2.2923953533172607,0.8256634473800659
10450.168,-0.003160485764965415,-0.0012858867412433028,-1.0054126977920532,0.14539654552936554,-0.19506613910198212,0.4801768958568573,29.52352523803711,-10.324899673461914,39.77935791015625,-0.4020301103591919,0.7233636975288391,0.4089597761631012,-1.7212692499160767,-0.44229140877723694,-0.6532804369926453,1.8408141136169434,0.29245996475219727,-0.2244982272386551,1.4223363399505615,-0.31300875544548035,1.5659455060958862,1.6905229091644287,-0.16958364844322205,-1.1809717416763306
10459.858,-0.018009003251791,0.10455098003149033,-0.9967076182365417,-0.4698336720466614,-0.22310884296894073,-0.20963290333747864,28.54618263244629,-9.04603099822998,40.977664947509766,0.6905089020729065,1.8110570907592773,0.4281138777732849,-0.2519395351409912,1.438262939453125,-0.8587450981140137,-0.1360083371400833,-0.5490337014198303,0.21500103175640106,-1.199945092201233,-0.013384734280407429,-1.3872047662734985,-0.5098772048950195,-0.6926454305648804,0.1310485452413559
10470.127,0.0011256482684984803,-0.0061060781590640545,-0.9624130129814148,-0.2052445113658905,0.8387446403503418,-0.874833345413208,30.612979888916016,-11.272512435913086,39.99834442138672,0.7896392941474915,0.8815966248512268,0.1973002403974533,-0.6874960660934448,1.445401906967163,-0.13941389322280884,-0.7864766120910645,-1.4773941040039062,-1.5748653411865234,-0.2786898910999298,1.5397684574127197,0.9512890577316284,1.883549451828003,-0.41244691610336304,-0.5972999334335327
10480.306,-0.018770353868603706,0.023527877405285835,-0.9603029489517212,0.6226058006286621,-0.25705915689468384,-0.3738822937011719,29.73578643798828,-9.69456958770752,41.21180725097656,-0.4282720685005188,-0.20786619186401367,0.5709888339042664,-1.2163660526275635,2.3716204166412354,-0.6820118427276611,1.5130654573440552,-1.9584083557128906,-0.11928609013557434,0.22894546389579773,0.7947602868080139,-1.5124833583831787,-0.9648304581642151,1.0697041749954224,0.46393993496894836
10490.194,-0.014764751307666302,0.004345448687672615,-0.9911340475082397,0.18356889486312866,-0.36481326818466187,0.25257983803749084,27.643566131591797,-10.95029354095459,39.9281005859375,-0.6273499131202698,0.240349680185318,1.1107019186019897,0.5568874478340149,1.0056625604629517,0.39273837208747864,-1.5581437349319458,1.6899477243423462,0.9327132105827332,-0.7836518883705139,-1.2201699018478394,0.12251020222902298,-0.6013392806053162,-0.6891593933105469,-1.3652839660644531
10499.998,-0.04534326121211052,-0.022204400971531868,-1.036721110343933,-0.34033066034317017,-0.392727255821228,-0.6517487168312073,29.2464656829834,-10.608620643615723,40.40509796142578,-1.1375006437301636,-0.5032137036323547,-0.7364501357078552,-0.8733655214309692,-0.028644297271966934,1.2993836402893066,-1.231136679649353,-1.4231128692626953,0.5234802961349487,-0.7565482258796692,-0.19169268012046814,1.0726324319839478,-0.11613914370536804,-0.6883357167243958,-1.2549774646759033
10509.671,-0.03247882425785065,0.05380277708172798,-0.9818785786628723,0.7714295387268066,-0.27542319893836975,1.128453254699707,28.803647994995117,-9.314908027648926,38.189781188964844,-0.4827989637851715,-1.406904935836792,0.8671470284461975,-1.274522066116333,0.11624454706907272,0.49756744503974915,-0.4681307077407837,0.9209576845169067,0.26428931951522827,0.5402655005455017,-0.6109075546264648,-0.4292842745780945,0.9854800701141357,1.192406415939331,0.8324874639511108
10520.016,-0.09526784718036652,-0.021376267075538635,-0.9919704794883728,0.21827416121959686,0.840008020401001,0.06176738068461418,29.609922409057617,-8.958938598632812,38.75975036621094,0.5595715641975403,-2.3754050731658936,-0.6538567543029785,-0.6165171265602112,1.8370932340621948,-0.1619521975517273,0.14647303521633148,-0.9924418330192566,1.2054286003112793,0.500368058681488,-0.5881039500236511,-0.5419279932975769,-0.22277362644672394,0.9644424915313721,2.8694117069244385
10530.049,0.11381921172142029,-0.010100404731929302,-1.0162861347198486,0.2266136109828949,-0.6494271159172058,0.20318643748760223,30.169116973876953,-8.644043922424316,39.64045333862305,0.9649322628974915,-0.15339696407318115,-1.1511204242706299,1.8566399812698364,-1.0486533641815186,0.09118343144655228,0.5700084567070007,-2.2106499671936035,-1.9832109212875366,0.980976939201355,0.4067317843437195,0.8388562798500061,-0.2910422682762146,0.12249094247817993,-0.013941801153123379
10540.256,0.029667578637599945,-0.07798048853874207,-0.992842435836792,-0.5736957788467407,-0.25026899576187134,-0.1913939118385315,29.77532958984375,-10.376965522766113,38.76416015625,-0.3619048297405243,0.6202290058135986,-1.246410846710205,-0.21762767434120178,-0.4803907871246338,-1.0780690908432007,1.9235550165176392,1.6800079345703125,0.5238927602767944,-0.2137531340122223,0.14022119343280792,-0.9368329048156738,-1.9119603633880615,-0.8037784099578857,1.4193437099456787
10549.968,0.01051265001296997,-0.013283669017255306,-1.0155075788497925,1.423052430152893,0.5832613110542297,0.24490869045257568,31.634159088134766,-8.376924514770508,41.916900634765625,1.9743741750717163,-3.3145594596862793,-0.6533375382423401,1.6488434076309204,-0.01935706101357937,-0.5014351606369019,0.339616984128952,1.4235676527023315,1.4480184316635132,3.9422314167022705,1.08688223361969,0.3630378842353821,-0.12077001482248306,-1.43719482421875,0.36796244978904724
10560.008,-0.024928515776991844,0.064167819917202,-0.9694411754608154,0.15766304731369019,0.2592076361179352,0.2882588803768158,30.152326583862305,-9.627500534057617,39.37175369262695,-0.519000232219696,1.9548938274383545,0.07724256068468094,-0.8900364637374878,0.1917649805545807,0.18622447550296783,0.0057691712863743305,-1.250941514968872,0.3385092318058014,2.2339203357696533,-0.9145120978355408,-0.9508118629455566,-0.4615180790424347,-0.033665988594293594,-2.214478015899658
10569.845,-0.04417220130562782,-0.04085326939821243,-0.9972106218338013,0.06795483082532883,0.6277288198471069,0.35304945707321167,30.164623260498047,-9.697210311889648,39.52076721191406,-0.09534845501184464,0.5866903066635132,-0.47340425848960876,-2.3985605239868164,-0.013755591586232185,-0.14031852781772614,1.2731139659881592,1.3752779960632324,-1.226434350013733,1.698324203491211,0.7577772736549377,-0.7660120725631714,0.549415647983551,-1.1821621656417847,0.46114519238471985
10580.163,0.01171380840241909,0.0022992780432105064,-1.0181055068969727,-0.021271083503961563,-0.21950218081474304,0.521278440952301,30.78985595703125,-8.867903709411621,38.86417007446289,0.6717981696128845,-1.0404530763626099,1.413248896598816,-0.2781637907028198,-0.04378598555922508,0.606314480304718,1.515340805053711,0.08291536569595337,-1.302885890007019,0.7250468134880066,1.3307552337646484,1.0267623662948608,-0.35140761733055115,-0.05573223903775215,-0.4815045893192291
10589.883,-0.03705364838242531,-0.025092734023928642,-0.9839716553688049,0.6700728535652161,-0.016867520287632942,0.4452182352542877,28.170093536376953,-9.891608238220215,40.0178108215332,-0.19040949642658234,-0.46432575583457947,-1.5731993913650513,0.9886685013771057,-0.22876283526420593,0.7114751935005188,0.05665548890829086,-0.44202321767807007,0.5590170621871948,0.6825286149978638,1.101352572441101,2.299222707748413,0.606330156326294,1.93825101852417,0.7053465843200684
10600.110,0.021678881719708443,0.020209329202771187,-1.0240598917007446,0.0030424287542700768,0.07542642951011658,-0.3404824733734131,29.986736297607422,-9.484634399414062,40.27265167236328,1.436646580696106,0.07128074020147324,1.6261647939682007,0.22159886360168457,-1.6317869424819946,-0.8891029357910156,0.29772791266441345,0.8307119011878967,0.2751055657863617,1.306111216545105,0.25703421235084534,1.0365536212921143,-0.42075973749160767,-1.1775580644607544,0.10910320281982422
10609.872,0.04742038995027542,-0.047644034028053284,-1.0062742233276367,0.12299282848834991,-0.17242197692394257,0.04877142235636711,30.574644088745117,-9.39645004272461,39.692752838134766,-0.5946251153945923,1.6686179637908936,0.3475988209247589,1.326439380645752,1.569167137145996,-0.8414908051490784,-1.5507316589355469,-0.1369548738002777,-0.1497771292924881,0.2592628002166748,1.788909673690796,1.058232307434082,1.278549075126648,0.9285555481910706,0.204549178481102
10620.384,-0.0035550890024751425,0.07705935835838318,-1.0047296285629272,0.6474552154541016,0.7515196204185486,0.1090981587767601,29.816808700561523,-10.698404312133789,40.35091018676758,-1.0136995315551758,-1.0103200674057007,2.409665107727051,-0.0682142898440361,1.344769835472107,1.3539860248565674,-0.2642920911312103,-1.3996797800064087,0.2253497689962387,0.14245650172233582,1.465284824371338,-0.48011553287506104,0.5039209127426147,1.4242948293685913,-0.24820490181446075
10629.935,0.0277959443628788,0.02147580124437809,-0.9974468350410461,0.6957550048828125,-0.029406152665615082,0.24579691886901855,29.969640731811523,-9.522834777832031,40.203914642333984,-1.324397087097168,-1.5134031772613525,0.24607093632221222,0.2912684977054596,-0.14678025245666504,0.83824622631073,-0.10359568148851395,0.6541503071784973,-2.292771577835083,1.916834831237793,0.34413382411003113,-0.32333630323410034,-0.33202213048934937,0.5074151158332825,-0.21614035964012146
10640.233,0.03578914701938629,-0.018793977797031403,-0.9891759753227234,-0.2994755208492279,-0.4867326319217682,-0.5492071509361267,29.275060653686523,-9.757829666137695,40.368961334228516,0.34141817688941956,2.5496809482574463,-0.3428223729133606,-0.5848600268363953,0.6191708445549011,-1.3425573110580444,1.5970749855041504,0.8550204038619995,1.0284457206726074,-0.30529484152793884,0.022134864702820778,0.6267611980438232,0.6497889161109924,1.3625215291976929,1.2137160301208496
10649.818,-0.03569554537534714,-0.09285079687833786,-1.021950602531433,0.3400726318359375,-1.0181806087493896,-0.5731424689292908,30.518905639648438,-9.672990798950195,39.89635467529297,-0.6116732358932495,-0.05309993401169777,0.5099694728851318,0.4324730336666107,-0.17938365042209625,0.7938741445541382,-0.7411513924598694,-0.38041746616363525,-1.6776137351989746,2.476118326187134,0.7701616883277893,0.44191479682922363,-2.543915271759033,1.0264005661010742,-0.05410986766219139
10659.882,-0.0784396305680275,-0.003321055555716157,-0.9897553324699402,0.3226718604564667,0.06508606672286987,-0.6244246363639832,29.17009162902832,-10.998039245605469,41.38565444946289,1.1385444402694702,0.13911136984825134,1.4926280975341797,0.4029589593410492,-0.9886676669120789,-0.23004065454006195,0.29806140065193176,0.31346458196640015,-0.6847337484359741,1.3884823322296143,2.212944746017456,-1.2842016220092773,0.11458387225866318,-0.5156714916229248,0.4596620500087738
10670.100,0.01408262737095356,0.016220254823565483,-1.0081603527069092,0.08221706748008728,0.005259614437818527,-0.7401657104492188,30.389543533325195,-9.544625282287598,40.12983703613281,0.6570730805397034,0.09796011447906494,-1.3727339506149292,1.506304383277893,0.4193698763847351,-2.619384527206421,0.5389103293418884,0.6299288272857666,0.4112904667854309,-1.0740689039230347,-0.6972267627716064,0.7459630370140076,0.46403685212135315,1.3232070207595825,0.8904374837875366
10679.735,-0.04882389307022095,-0.06577368825674057,-1.0033214092254639,-0.14889654517173767,0.11515838652849197,-0.024938419461250305,29.11529541015625,-11.017788887023926,38.975730895996094,-1.808841347694397,1.8146172761917114,0.2593848705291748,0.9632990956306458,-0.47120726108551025,-1.9680416584014893,-0.5241994261741638,2.862511157989502,-0.8908270001411438,-0.6929841637611389,0.6430379748344421,0.5343849658966064,0.43271109461784363,-0.379612535238266,-0.2750164270401001
10690.167,0.0004952980089001358,-0.0027474313974380493,-1.0054782629013062,-0.1325763761997223,-0.9219526648521423,-1.2635023593902588,27.560192108154297,-11.670602798461914,41.62138366699219,0.7850725054740906,1.2030390501022339,0.9000030755996704,1.1210811138153076,-1.4958449602127075,0.34212568402290344,-0.5757845044136047,-1.251002550125122,0.736000120639801,-0.08897486329078674,1.1856192350387573,0.8682364821434021,-0.18315334618091583,0.5249770283699036,0.348158061504364
10700.163,0.028456907719373703,0.09911558777093887,-0.9696012735366821,0.907428503036499,0.4002550542354584,-0.4473600387573242,30.004819869995117,-9.852173805236816,39.453857421875,0.06410419940948486,-0.5149686336517334,-0.9697431921958923,-0.11031591147184372,-1.5824429988861084,-0.572431743144989,1.4571369886398315,1.9985803365707397,-1.075195074081421,3.0691800117492676,0.3440222442150116,1.2152882814407349,-0.08995702117681503,-0.6095642447471619,-1.4858745336532593
10709.881,0.00850112084299326,0.03673582896590233,-0.9842495918273926,0.41107186675071716,-0.5504587888717651,0.34192174673080444,28.821147918701172,-10.018841743469238,41.00083923339844,1.2086079120635986,-0.8784137964248657,1.040438175201416,0.7250126004219055,0.9650462865829468,-0.5168015360832214,-0.11104575544595718,-1.3758045434951782,-1.3421909809112549,-1.1302129030227661,0.6282137036323547,0.12598486244678497,-0.9463232755661011,-1.3835020065307617,-2.3723089694976807
10720.107,0.037138234823942184,-0.05244223028421402,-0.9740236401557922,-0.41819480061531067,-0.4002101719379425,-0.5389320850372314,30.503841400146484,-9.863737106323242,37.74314880371094,2.6661200523376465,-0.31922975182533264,-0.1171850636601448,-1.4575201272964478,-0.7919713258743286,0.4187563955783844,-0.2869065999984741,0.7947709560394287,-1.7556805610656738,-0.39966920018196106,0.5961264371871948,2.4473705291748047,-1.3675620555877686,0.37102481722831726,0.3126126229763031
10729.969,-0.03711720556020737,-0.08489920198917389,-0.9958394765853882,-0.2413831651210785,-0.6557322144508362,-0.3869364559650421,29.833759307861328,-10.586188316345215,40.39370346069336,-0.6663946509361267,0.19875702261924744,-0.17094404995441437,-1.5686134099960327,-1.3973333835601807,-0.2925370931625366,1.3136723041534424,-2.1002063751220703,-0.864234447479248,-2.019183397293091,1.398711919784546,-1.538222074508667,1.272129774093628,0.9307162761688232,-2.5543572902679443
10740.014,0.06775753945112228,-0.06689280271530151,-1.0402858257293701,0.3366536796092987,-0.19409754872322083,-0.8040035963058472,28.71785545349121,-10.547111511230469,41.18262481689453,0.6306253671646118,-1.4936574697494507,-0.7736937403678894,0.29663291573524475,-0.5406129956245422,-0.22811879217624664,-0.978602945804596,0.5231645703315735,-0.9810990691184998,-0.2536233067512512,-0.10939816385507584,-0.10863442718982697,-1.417871117591858,1.2242928743362427,2.828556537628174
10749.967,0.03430326282978058,-0.03040960617363453,-0.9842075705528259,-0.01764172501862049,-0.31426748633384705,1.0328994989395142,30.13463592529297,-11.576227188110352,39.90259552001953,-1.6363955736160278,-0.684832751750946,-0.08409973233938217,0.20358872413635254,-0.23147404193878174,0.2245223969221115,-1.018978238105774,0.5767804384231567,0.1265569031238556,1.0641602277755737,-0.8983117341995239,-0.43018749356269836,1.7347291707992554,2.6481125354766846,0.6242290735244751
10760.086,0.023801907896995544,0.034950681030750275,-1.0100501775741577,0.13415172696113586,0.7083387970924377,-0.5532002449035645,30.667299270629883,-9.47626781463623,39.675071716308594,0.7477102279663086,1.0655657052993774,-0.008042870089411736,0.591850996017456,1.2228796482086182,0.5913283228874207,0.2702232301235199,-0.668870210647583,-1.6178029775619507,1.659193754196167,0.5200561881065369,1.1204798221588135,0.5179116725921631,0.3032452166080475,-0.23876386880874634
10770.035,-0.04266880080103874,-0.0648912712931633,-0.9662135243415833,-0.4776524007320404,-0.38692450523376465,0.764330267906189,29.596460342407227,-9.638590812683105,39.58452606201172,0.8992896676063538,-1.141512393951416,0.25637152791023254,2.0526328086853027,-0.6425134539604187,-0.2492072433233261,-0.9371344447135925,1.145508885383606,0.6260307431221008,0.18455636501312256,-0.1729699820280075,0.15297168493270874,-1.2815570831298828,-0.9473945498466492,0.3999689817428589
10779.838,0.04315644130110741,-0.005731549113988876,-0.9795749187469482,0.1576390415430069,-0.45093032717704773,-0.14986634254455566,29.344013214111328,-10.751362800598145,40.2958869934082,-0.1099986881017685,1.9827994108200073,-0.1561305671930313,0.09067588299512863,-0.8484036326408386,-0.3996753394603729,-0.17741023004055023,1.1965303421020508,1.0921436548233032,1.2786341905593872,-0.5093218684196472,-0.48824870586395264,1.6963437795639038,-1.5898263454437256,0.615404486656189
10789.836,0.045313455164432526,0.031375907361507416,-0.9883918762207031,-0.26401767134666443,-0.20988799631595612,-0.24619759619235992,29.59785270690918,-9.894639015197754,38.58432388305664,1.55594003200531,-0.3915446400642395,0.5777556896209717,0.254808634519577,1.1042325496673584,-1.2881898880004883,-0.5662152767181396,-0.11163382977247238,-0.43464410305023193,0.08610598742961884,-0.32562828063964844,0.9676752090454102,0.5597638487815857,-0.06880262494087219,-0.6783977746963501
10800.018,0.022259622812271118,-0.05927358940243721,-1.0349482297897339,-0.21101193130016327,-0.043154940009117126,-0.8933334350585938,29.725839614868164,-10.2312593460083,41.436492919921875,-1.2216955423355103,1.0644383430480957,2.2314836978912354,-0.7457040548324585,0.07808700203895569,0.7786030769348145,-0.6500019431114197,0.5013468861579895,-0.4825647473335266,-0.31749773025512695,-1.0566511154174805,-0.8187204599380493,-1.0283310413360596,0.15101321041584015,0.4443312883377075
10810.069,-0.09551029652357101,0.04525216668844223,-0.9890393614768982,-0.8392453789710999,0.21635718643665314,0.009532296098768711,31.43478775024414,-9.67458438873291,40.999671936035156,-0.6145930886268616,1.225725531578064,-0.3564470410346985,1.4224168062210083,0.42841917276382446,-1.5308585166931152,-0.3725517988204956,-0.3944365680217743,-1.5051320791244507,-0.9834773540496826,0.1133817508816719,-0.5154523849487305,1.396393060684204,-1.2788565158843994,1.1261790990829468
10820.086,-0.0007790868985466659,-0.0440928116440773,-0.9625663161277771,-0.05182423070073128,-0.0757913663983345,-1.0062360763549805,31.55033302307129,-11.475363731384277,38.523475646972656,0.7565992474555969,-0.8232815861701965,-0.15848012268543243,0.21762920916080475,-0.5233660340309143,2.084031105041504,1.942491054534912,0.8295501470565796,-0.28624823689460754,0.1178349107503891,0.45234718918800354,1.304874062538147,0.3375920355319977,-0.6384490132331848,-0.4105367660522461
10829.971,0.11894527077674866,0.00426832027733326,-0.9906047582626343,-0.03693263605237007,-0.07243280112743378,-1.2001869678497314,30.69533920288086,-11.836579322814941,39.63416290283203,-0.37406405806541443,-0.13309776782989502,1.041438341140747,0.1735173463821411,-1.0217673778533936,0.7313889861106873,-1.5061148405075073,-0.018698567524552345,-0.12450267374515533,-0.09189939498901367,0.8550320267677307,-1.818881869316101,-0.12378544360399246,-1.018465518951416,1.391431450843811
10840.242,0.013435566797852516,0.020045913755893707,-1.0019266605377197,0.537647008895874,0.18691129982471466,-1.3737525939941406,30.109704971313477,-10.251712799072266,41.82012939453125,1.096849799156189,-1.8438156843185425,-1.7932230234146118,1.5294008255004883,-0.8424134850502014,-0.26938775181770325,1.2146461009979248,-0.4117922782897949,-1.39389169216156,-0.1306144744157791,-0.3832828402519226,-1.2857314348220825,-0.023225491866469383,0.7540435791015625,1.0058753490447998
10850.023,0.05538475140929222,-0.08403437584638596,-1.0237244367599487,0.22377224266529083,-0.19931717216968536,0.08779103308916092,29.906015396118164,-8.7261323928833,39.32304382324219,-0.7356755137443542,-0.1486799716949463,-0.2408532053232193,1.2165989875793457,0.10103349387645721,-1.5025526285171509,1.0056917667388916,0.22665037214756012,-0.804416298866272,-0.4921879172325134,-0.2829861342906952,-0.36588340997695923,2.040134906768799,-0.19612379372119904,0.9067606329917908
10859.923,0.07892103493213654,-0.05635778233408928,-1.0278949737548828,0.19816501438617706,-0.6323611736297607,0.08129003643989563,29.543405532836914,-8.804859161376953,38.536190032958984,0.13355393707752228,0.8279857039451599,1.6099642515182495,0.023980319499969482,-1.6419976949691772,-1.5031301975250244,0.3488653600215912,-0.019441895186901093,2.4821722507476807,-0.5874775052070618,-0.148463636636734,0.38467568159103394,1.4899390935897827,1.1443136930465698,-1.5889785289764404
10870.104,0.021993357688188553,-0.0474698431789875,-1.0051943063735962,-0.31618091464042664,-0.3424822986125946,0.5808030962944031,31.598600387573242,-9.405661582946777,40.594764709472656,-0.06458085030317307,0.8116496205329895,-0.25376075506210327,0.528562068939209,2.3352928161621094,0.35387933254241943,-0.3236730992794037,0.5757148861885071,0.6057376265525818,0.9558271765708923,-1.2284315824508667,-0.7718082070350647,2.209606409072876,-0.41444751620292664,1.2241827249526978
10880.045,0.029615845531225204,-0.036356862634420395,-0.9891514778137207,-0.3493020832538605,0.20707504451274872,-0.9448022246360779,29.768098831176758,-11.436332702636719,40.31061553955078,0.5234326124191284,-1.8924216032028198,-0.1369413286447525,1.018952488899231,-0.13996371626853943,0.15154647827148438,0.07807893306016922,0.10093095898628235,0.03274279832839966,0.5768375992774963,0.6258423328399658,-0.5248805284500122,1.5564172267913818,-1.4023951292037964,0.42170101404190063
10889.627,0.009736146777868271,0.006088738329708576,-1.0003975629806519,0.05278952047228813,-0.6441342830657959,-0.5430417656898499,28.472339630126953,-9.762120246887207,39.340003967285156,0.7243090271949768,-1.0672166347503662,0.23010222613811493,-0.4197940528392792,-1.5138859748840332,-0.8149449825286865,-0.9900220632553101,-2.2059693336486816,-0.06454292684793472,2.5373775959014893,-0.5712617039680481,1.6023435592651367,2.5297298431396484,-1.2333542108535767,1.9392327070236206
10899.797,0.00732779735699296,-0.018888073042035103,-1.016920566558838,-0.14251190423965454,0.07699476927518845,0.3489229679107666,30.32048988342285,-8.93082046508789,39.55925369262695,-0.09337496757507324,0.015492620877921581,-0.9029143452644348,-0.646297812461853,1.8020844459533691,-0.4984089136123657,0.9986457228660583,-1.0196739435195923,1.035669207572937,-2.233537435531616,0.6957464218139648,0.3944035470485687,-0.9180135726928711,-1.3530198335647583,1.6145912408828735
10910.285,0.08946484327316284,-0.021896980702877045,-1.062361240386963,0.025473440065979958,0.22866183519363403,0.05385458469390869,31.280344009399414,-9.171881675720215,40.829349517822266,0.9390347003936768,-0.9310991168022156,-0.053014855831861496,1.9756447076797485,1.4630601406097412,-1.7954435348510742,-0.023021150380373,0.7575184106826782,0.0994301587343216,0.7550587058067322,-0.7800028324127197,0.08340305089950562,-1.3771896362304688,-0.649474561214447,0.7397199869155884
10920.053,0.016728363931179047,0.0426817424595356,-1.0290319919586182,0.9435791969299316,0.5777117609977722,-0.07742278277873993,28.561038970947266,-8.425536155700684,40.29280471801758,-1.7515625953674316,-0.393615186214447,0.5180113911628723,0.2189236879348755,0.24121585488319397,-0.2847156822681427,0.36478936672210693,3.016935110092163,-0.6675862669944763,-0.11343945562839508,1.3346450328826904,0.18230170011520386,-3.109137773513794,0.37525054812431335,-0.18025971949100494
10929.907,0.03297804668545723,-0.03775395452976227,-0.9945369362831116,0.37457412481307983,-0.045439641922712326,-0.35239437222480774,28.990644454956055,-8.48985767364502,40.4772834777832,-0.3561400771141052,0.3857139050960541,0.3476843237876892,1.1729905605316162,-0.09255281835794449,0.3179827332496643,-0.8195663690567017,-1.0564576387405396,0.3879915177822113,-1.6351208686828613,0.6738859415054321,1.4499602317810059,1.2581593990325928,1.215478777885437,0.43093717098236084
10939.884,0.0013851532712578773,0.026737460866570473,-1.0042510032653809,0.7883157134056091,-0.29137831926345825,0.3415777385234833,29.913585662841797,-9.476434707641602,38.870033264160156,1.0319548845291138,0.11456770449876785,-1.1880730390548706,0.3620220124721527,-2.543795585632324,1.064738154411316,1.198218822479248,-1.5017492771148682,0.008429834619164467,-0.5354050397872925,2.3629238605499268,-0.32989534735679626,-0.04716314747929573,1.533489465713501,0.15626607835292816
10949.867,-0.046390797942876816,-0.010945090092718601,-1.0136268138885498,0.19730377197265625,-0.22443826496601105,-0.6618201732635498,31.2401123046875,-10.789746284484863,39.50705337524414,1.0041908025741577,0.028714681044220924,0.8435983657836914,-1.239951491355896,0.24657458066940308,0.9016517996788025,-1.0559498071670532,0.11489289999008179,0.3917742073535919,0.325956791639328,0.3103688955307007,1.6505554914474487,0.8770841956138611,0.8747776746749878,-0.14212997257709503
10959.946,0.055326975882053375,-0.012315783649682999,-0.9705823659896851,0.8356418013572693,0.20187564194202423,-0.17442023754119873,29.638221740722656,-11.364566802978516,38.83180618286133,0.3298470377922058,0.5441282391548157,-0.338029682636261,0.4589637815952301,1.3170801401138306,0.5811313986778259,-1.4384140968322754,0.6333841681480408,0.21269235014915466,0.4572628438472748,-0.922111988067627,0.0009505510679446161,0.9581233859062195,-0.1444183737039566,-0.9492220282554626
10970.060,0.08170432597398758,0.008254426531493664,-1.0326703786849976,0.7073867917060852,0.45566990971565247,0.6577194333076477,31.55982208251953,-10.752893447875977,40.85639190673828,-1.3953174352645874,1.333936095237732,0.45272278785705566,-0.27351614832878113,-2.033966302871704,0.0702485665678978,-0.759531557559967,0.24588249623775482,-1.8911499977111816,0.1973695605993271,2.3374905586242676,-0.6502581238746643,1.0048447847366333,1.5050195455551147,-2.7942657470703125
10980.308,0.08781218528747559,-0.06287368386983871,-1.0074422359466553,-0.22259804606437683,0.19340217113494873,-0.36001813411712646,30.931047439575195,-9.708038330078125,40.15018081665039,0.7883192896842957,-0.29440897703170776,-2.7738823890686035,-1.3046202659606934,1.0308666229248047,-0.32976245880126953,-1.0674808025360107,-0.14834384620189667,0.8773906826972961,-0.13748019933700562,-1.044998288154602,0.029545336961746216,-1.3591951131820679,1.408023476600647,0.6771875023841858
10989.967,0.11743822693824768,0.0867195874452591,-1.0271284580230713,0.4079742431640625,0.4596828818321228,-0.1458568274974823,29.608430862426758,-10.575947761535645,39.24229049682617,1.2464693784713745,-0.05178054794669151,1.6770559549331665,0.018130185082554817,-1.5335510969161987,1.2933958768844604,-2.3881258964538574,-0.44607460498809814,-0.9591186046600342,-0.3642718195915222,-0.5853126645088196,0.312713086605072,0.32897406816482544,-0.909541130065918,0.4762822091579437
10999.921,0.020881375297904015,-0.00785672478377819,-1.0078988075256348,-0.40168461203575134,0.4435134828090668,0.19847005605697632,28.642105102539062,-10.781740188598633,39.859004974365234,-0.6228491067886353,-1.0072021484375,-0.7971799373626709,-0.02527371421456337,-1.1128274202346802,0.29926222562789917,0.24931110441684723,-0.9289152026176453,-0.06158336624503136,-0.0975283607840538,-1.0142877101898193,0.681714653968811,0.01086567435413599,-1.150215983390808,0.9386767148971558
11009.906,-0.1065058782696724,-0.012943045236170292,-0.9989678859710693,-0.0847184881567955,0.26363107562065125,0.3202737271785736,27.89388084411621,-8.747772216796875,39.44456100463867,0.9591430425643921,0.6910538673400879,-0.6580557227134705,-0.7550265789031982,0.37700507044792175,-1.0009164810180664,0.9334156513214111,0.0005698917666450143,-1.8853486776351929,-0.7909888625144958,0.07905833423137665,-0.7713494300842285,0.12905825674533844,0.2125236690044403,-0.7485317587852478
11020.189,-0.029497982934117317,0.02298101596534252,-1.0113693475723267,-0.18099135160446167,-0.8313698768615723,0.4727911651134491,29.079269409179688,-9.919804573059082,39.560401916503906,-0.27992039918899536,1.176911473274231,0.12690192461013794,0.731981635093689,-0.0835912749171257,-0.7350453734397888,1.0035734176635742,-0.835023045539856,0.8044708371162415,-0.15809209644794464,-1.5551811456680298,0.4965404272079468,-0.036925360560417175,0.42476505041122437,1.1207321882247925
11030.265,-0.03272765129804611,-0.011600219644606113,-1.0102823972702026,0.6009277105331421,0.4499211609363556,-0.034304842352867126,30.50806999206543,-8.826661109924316,39.74170684814453,-1.2816606760025024,0.590496301651001,0.495373398065567,0.484712153673172,0.037022195756435394,-0.7710368633270264,-0.8360337018966675,1.5831471681594849,0.9350090026855469,0.2490810751914978,1.707643985748291,-1.6634153127670288,1.5136817693710327,0.7475391030311584,-1.3175088167190552
11040.048,-0.011263707652688026,0.03215250000357628,-0.972360372543335,-0.11350779980421066,0.6358444094657898,-0.044345956295728683,31.952268600463867,-9.341784477233887,39.15243911743164,0.3007471263408661,0.2447323203086853,-1.4899991750717163,-1.0069941282272339,0.4390275478363037,0.26614317297935486,0.9148861765861511,0.9683576822280884,-0.027038726955652237,2.192124128341675,-0.5450596809387207,0.522104024887085,-0.6291459202766418,0.9002218246459961,0.6839028000831604
11050.018,-0.03911587595939636,0.024539748206734657,-1.016308069229126,0.11694580316543579,0.6072514653205872,0.15476731956005096,29.733726501464844,-9.673312187194824,40.13727569580078,-0.9149027466773987,1.1765711307525635,-0.32037049531936646,0.0607643723487854,0.9124405384063721,0.6212231516838074,0.11631730943918228,-0.19733549654483795,0.5555247068405151,1.1165010929107666,0.21914848685264587,-0.6187166571617126,-0.12093052268028259,-0.411546528339386,-0.8272496461868286
11059.795,0.03009771555662155,-0.0009196574101224542,-1.0177923440933228,0.6850686073303223,-0.4418221414089203,0.6050880551338196,29.584362030029297,-9.352509498596191,40.34019470214844,-1.1160234212875366,0.43266621232032776,-0.8786762356758118,0.7732453346252441,0.5247441530227661,0.7714406847953796,0.8153426051139832,1.8387737274169922,-0.14669759571552277,-0.01147882267832756,-1.6478605270385742,0.48627111315727234,-1.058476448059082,-2.61895751953125,-0.7637497186660767
11069.845,0.028798291459679604,-0.024885663762688637,-0.9980196952819824,0.39219480752944946,0.6586881875991821,0.001986804883927107,29.208518981933594,-9.887722969055176,39.89548873901367,0.037387244403362274,-0.23504209518432617,-0.7163774967193604,1.4807010889053345,-1.1490615606307983,-0.31187790632247925,-0.5337642431259155,-0.806022047996521,1.4074018001556396,0.35666796565055847,0.7132095694541931,-0.7838935256004333,0.4151811897754669,-0.15424580872058868,-0.2912336587905884
11079.932,-0.020760085433721542,-0.0020978134125471115,-1.001139521598816,-0.19612878561019897,-0.350043922662735,-0.06575268507003784,29.830947875976562,-12.303858757019043,38.95606994628906,-0.8864712715148926,-2.1698601245880127,0.8336324691772461,-0.6723407506942749,0.41685977578163147,-0.5434436202049255,1.5567318201065063,0.6508933305740356,-0.744622528553009,-1.4317833185195923,0.5744036436080933,-0.5362993478775024,0.5850422978401184,-1.286268711090088,-2.922041177749634
11089.960,0.06915363669395447,0.06023690477013588,-0.9750814437866211,0.8299527168273926,0.51032555103302,-0.17825905978679657,30.421022415161133,-11.6595458984375,40.59868621826172,-0.7432359457015991,0.6530802845954895,-0.3955525755882263,1.1017682552337646,-0.239967942237854,0.2395201027393341,0.8241214752197266,-0.33758750557899475,1.8311125040054321,-1.7509700059890747,-0.9759451150894165,-0.19810250401496887,0.9375176429748535,1.1867685317993164,0.5173335075378418
11099.939,0.00607291329652071,-0.07125130295753479,-1.0025038719177246,0.08589506149291992,0.1900622397661209,0.36456364393234253,30.48050308227539,-9.82909870147705,38.50305938720703,0.2611086368560791,0.46365776658058167,0.9822609424591064,0.5120018124580383,2.330136299133301,0.11912176758050919,0.9407452940940857,0.8093653321266174,0.288368284702301,-1.7121376991271973,-0.3615548014640808,1.11872136592865,0.045818012207746506,-1.3676127195358276,0.4487703740596771
11110.149,-0.06933165341615677,-0.0029547391459345818,-1.0036935806274414,-0.19024081528186798,-0.3408728837966919,0.6534746289253235,31.313322067260742,-10.425673484802246,41.70055389404297,-0.23563796281814575,0.47828754782676697,-0.05576851963996887,1.7491037845611572,-2.079195976257324,-0.34525778889656067,1.5485270023345947,-0.12608179450035095,-0.11547227948904037,1.247580885887146,-0.053081754595041275,-0.04714570939540863,0.11921053379774094,2.4119772911071777,0.009731588885188103
11119.790,-0.049934666603803635,0.030937200412154198,-1.015199065208435,-0.10292509943246841,-0.4917246997356415,-0.370746910572052,30.576871871948242,-10.999653816223145,40.618125915527344,-0.702117383480072,1.4030033349990845,-0.11096688359975815,0.7173684239387512,-0.637861967086792,-0.5765559077262878,-0.48139989376068115,-0.28640687465667725,-1.3435465097427368,-0.08439552038908005,0.8979383111000061,-1.2012182474136353,0.06793040782213211,0.4929608404636383,1.0388058423995972
11130.279,0.009281622245907784,0.07513594627380371,-0.9852138161659241,-0.30863749980926514,-0.09396681934595108,-0.1208811029791832,29.866477966308594,-10.066298484802246,40.486297607421875,0.11045192927122116,0.9751361608505249,-0.8501837849617004,0.06369608640670776,1.2775295972824097,0.8563060164451599,1.2179161310195923,-2.5808935165405273,1.762374997138977,-0.48151278495788574,1.203305721282959,0.09768462926149368,0.11870841681957245,-0.7257811427116394,0.35111984610557556
11140.091,0.045043837279081345,-0.011571754701435566,-1.0098445415496826,0.307163804769516,-0.4895285964012146,-0.9473357796669006,30.00538444519043,-10.026159286499023,41.03640365600586,-0.7681577801704407,1.2232388257980347,0.3454969823360443,-0.7110629081726074,0.6900885105133057,-0.8858753442764282,-0.5430642366409302,-0.2549935579299927,-1.3574373722076416,0.5343562364578247,0.4123329222202301,0.3543771505355835,-0.6182005405426025,0.3692963719367981,-1.0867916345596313
11150.139,0.039580509066581726,-0.006023385562002659,-1.0038501024246216,-0.16798633337020874,0.0768747478723526,0.09890970587730408,30.643224716186523,-11.030275344848633,39.730247497558594,-0.41139161586761475,-0.2941210865974426,0.10333096235990524,0.03006557933986187,-0.35903969407081604,0.363442599773407,-0.23940090835094452,0.33500194549560547,-1.7728605270385742,1.1880433559417725,0.7153410911560059,-0.6740379333496094,0.729796290397644,1.1331210136413574,0.18992668390274048
11159.700,-0.05818885192275047,-0.05535299330949783,-0.9844925403594971,-0.05416443943977356,0.37793153524398804,0.40917685627937317,31.974271774291992,-11.229790687561035,38.980812072753906,0.8751674890518188,0.4273117780685425,-1.3099658489227295,0.3095998764038086,0.5309979915618896,-1.3899812698364258,-0.5619255900382996,0.8667776584625244,-1.4737647771835327,1.9901230335235596,0.350315660238266,1.9933847188949585,0.9498088955879211,0.5167774558067322,0.096337229013443
11169.889,-0.00629756273701787,0.07924719154834747,-0.9861763715744019,0.9415748715400696,0.729428768157959,-0.25898534059524536,33.22782897949219,-11.675354957580566,40.59098434448242,-0.240182563662529,0.6350665092468262,0.9181269407272339,0.7933979034423828,-0.37595516443252563,-1.0026752948760986,-0.43264850974082947,0.40473610162734985,-0.775745689868927,-0.7040279507637024,-1.1590490341186523,-0.37075942754745483,1.8116945028305054,-1.288224458694458,0.2544204890727997
11180.056,-0.023202592507004738,0.017262259498238564,-0.9939602613449097,0.4627821445465088,-0.1675354242324829,-0.0885501578450203,30.290498733520508,-11.377182006835938,40.82980728149414,-0.011217199265956879,0.9818447828292847,0.6155214905738831,0.35923612117767334,-0.11982785165309906,-0.10953660309314728,0.5953947901725769,0.20888464152812958,1.3765325546264648,-1.6089766025543213,0.7951783537864685,-0.3169803321361542,1.5330675840377808,-2.246410846710205,-0.12078814208507538
11190.034,-0.037469532340765,0.008054333738982677,-1.0132358074188232,-0.4661329388618469,0.05200225114822388,0.2832702100276947,30.090782165527344,-9.125397682189941,40.841190338134766,1.540747046470642,1.1283528804779053,-0.8251222372055054,-2.5098953247070312,2.320908308029175,0.2513209879398346,-0.682976245880127,-0.6862844228744507,-1.5333404541015625,0.45310482382774353,1.0614840984344482,1.2377450466156006,0.36457765102386475,0.40872377157211304,0.5556252598762512
11200.002,-0.02467641793191433,0.03772309049963951,-1.0013031959533691,-0.6037501692771912,-0.35909461975097656,-0.1556844711303711,29.912334442138672,-10.187376976013184,38.30192947387695,-0.7199184894561768,0.7001741528511047,-0.6908009052276611,0.6711216568946838,0.1070278137922287,-0.35151925683021545,-2.2751224040985107,-0.7419625520706177,0.5849435329437256,1.5305109024047852,-0.9689698815345764,-0.03186758607625961,-0.10846593976020813,-0.5876335501670837,0.19101762771606445
11209.796,0.03711405396461487,0.021429892629384995,-0.982215166091919,-1.0616618394851685,0.5196351408958435,0.07522597908973694,30.03497886657715,-9.722705841064453,39.031227111816406,-0.7189496159553528,-1.9219938516616821,-1.1214194297790527,1.7822037935256958,0.6295527815818787,2.4205398559570312,-0.23893561959266663,1.4232243299484253,-1.6038634777069092,-1.1039875745773315,1.538249135017395,-1.4508533477783203,-0.7736227512359619,1.5454264879226685,-0.08479820191860199
11220.027,0.042370591312646866,0.0209379680454731,-0.9753379821777344,0.05193464830517769,0.07158781588077545,0.10594596713781357,30.298583984375,-11.098170280456543,40.85805130004883,-0.779160737991333,-0.9284467697143555,1.0814131498336792,0.6528673768043518,0.1150292307138443,-0.572291910648346,-0.9617184996604919,0.08823631703853607,-0.06309732049703598,0.5897693037986755,-0.6754147410392761,-0.12260783463716507,-0.8084422945976257,0.07968557626008987,0.38114967942237854
11230.148,-0.020626822486519814,-0.0033328854478895664,-1.0380442142486572,0.42294925451278687,0.2391790747642517,0.28103500604629517,30.35309410095215,-8.84496021270752,40.527469635009766,1.831671953201294,0.5451435446739197,0.574181854724884,0.6698430180549622,-1.25778329372406,-0.12476332485675812,1.0887311697006226,1.9119113683700562,-1.448517084121704,-1.6971354484558105,0.6417348384857178,-2.4101319313049316,0.0616937056183815,-1.9476613998413086,-0.06911821663379669
11239.849,-0.10326408594846725,0.018804505467414856,-0.9739425182342529,0.6134838461875916,-1.1399624347686768,0.3265538811683655,30.48665428161621,-9.683528900146484,39.265445709228516,-1.087473750114441,0.7252874374389648,0.3365665078163147,-0.20951004326343536,-0.7203115224838257,-0.8850524425506592,0.019734876230359077,-0.5797417163848877,-1.1350585222244263,-0.5831613540649414,0.21809262037277222,0.0008020345121622086,0.6940211653709412,-0.4165177643299103,-1.4511007070541382
11250.077,0.0803341418504715,-0.007760621607303619,-1.009716510772705,-0.21843956410884857,-0.48948198556900024,-0.37178492546081543,31.187543869018555,-9.751859664916992,41.304351806640625,-1.7832815647125244,0.3902588188648224,0.8522949814796448,0.036380454897880554,0.2898597717285156,-1.8893970251083374,0.9870472550392151,-0.13846586644649506,-0.6824355125427246,-1.0929263830184937,0.32996419072151184,1.4947065114974976,-1.325989842414856,0.14952532947063446,-1.13864004611969
11259.923,0.040528085082769394,0.014130285009741783,-1.0273199081420898,-0.12605558335781097,0.16482189297676086,0.7397177815437317,30.462421417236328,-10.1754789352417,39.46565628051758,-1.2417254447937012,0.7367562055587769,0.37011298537254333,-0.23849518597126007,0.8509767651557922,-0.0339258536696434,0.07304339110851288,0.07413943856954575,0.9392743110656738,1.004558801651001,-0.0009935139678418636,-0.24173934757709503,-0.5343621373176575,-0.8689256310462952,1.043858528137207
11269.852,-0.06897670030593872,0.02663060836493969,-0.9801870584487915,0.26413315534591675,-0.4655410051345825,1.2706743478775024,29.455665588378906,-10.393038749694824,38.772945404052734,-0.24990998208522797,-1.8574035167694092,-0.9256199598312378,-1.7020756006240845,-1.2470598220825195,-1.218298316001892,-1.6481884717941284,1.1029404401779175,0.8026091456413269,-0.5873542428016663,-0.6681386232376099,-0.26302582025527954,-0.5628566741943359,-0.6046653985977173,-0.10950572788715363
11279.765,0.03377151116728783,-0.021240193396806717,-0.9969098567962646,-0.6710156798362732,0.4747239649295807,-0.12368610501289368,31.254911422729492,-8.365202903747559,39.28116989135742,-0.5769036412239075,0.4257952868938446,-0.8011192679405212,-1.179443359375,-1.141003966331482,1.5835343599319458,0.7507300972938538,-0.09677982330322266,-0.42705878615379333,1.2649109363555908,-0.7914883494377136,1.1565512418746948,-0.9070426821708679,0.8743100166320801,0.3418927490711212
11290.134,0.015158059075474739,-0.06662123650312424,-1.0011663436889648,0.3073883056640625,-0.4572046101093292,0.17919987440109253,31.183746337890625,-10.875395774841309,39.18145751953125,0.7991194725036621,1.178229570388794,0.17559057474136353,-0.6702574491500854,-0.2675783932209015,0.9700062870979309,-0.08312097191810608,0.568450391292572,-0.08483080565929413,-1.0078717470169067,-1.329954743385315,2.0962119102478027,-0.3035614490509033,1.2857897281646729,0.04633631184697151
11300.039,-0.02968490682542324,0.10261270403862,-0.9881589412689209,0.28917115926742554,-0.09848689287900925,-0.6660374999046326,31.02800941467285,-11.956136703491211,39.47500991821289,-1.6522819995880127,0.4642414450645447,-0.6042912602424622,1.8838897943496704,-0.5498040318489075,-1.6267286539077759,0.8012852072715759,3.4364750385284424,-0.1102786734700203,0.3146306276321411,-0.8787258863449097,0.8071998357772827,0.631330668926239,-1.139549732208252,2.542658805847168
11310.183,0.06918034702539444,-0.032910797744989395,-0.9778149127960205,0.5219613313674927,0.3053109645843506,0.13868413865566254,30.013681411743164,-11.071817398071289,41.044715881347656,-0.13123248517513275,0.44503095746040344,0.29655084013938904,1.2679020166397095,0.7424297332763672,-1.1089551448822021,0.31304073333740234,0.06378839164972305,0.25493866205215454,0.6689397692680359,1.1434346437454224,0.5386843681335449,-0.38064295053482056,-1.5724459886550903,1.1370307207107544
11319.980,-0.010306953452527523,-0.09966857731342316,-1.0405285358428955,0.11286769807338715,-0.727543830871582,0.07097424566745758,29.485403060913086,-11.211296081542969,39.6548957824707,0.9290421605110168,-0.03578455373644829,-1.0273864269256592,-0.6466274857521057,0.2803525924682617,-0.4256995618343353,-1.6467307806015015,-0.2058829367160797,-0.3581618070602417,-1.1933561563491821,0.9813554286956787,0.2333540916442871,0.8264656066894531,-2.0657060146331787,1.3551725149154663
11329.832,0.009732834994792938,-0.04811091721057892,-1.0293601751327515,-0.1593492478132248,0.5075876116752625,-0.20325583219528198,29.958951950073242,-10.092845916748047,39.543975830078125,-0.7094089984893799,-1.4366426467895508,-0.6869720816612244,0.7042096853256226,0.3214286267757416,0.21449342370033264,0.6670424342155457,0.25948411226272583,0.9302206635475159,0.27691298723220825,-0.44013041257858276,-0.35243842005729675,0.45958390831947327,-0.9430267810821533,1.311854362487793
11339.821,-0.028904063627123833,-0.0397564098238945,-1.029244065284729,-0.016570718958973885,-0.4387679696083069,-0.3950175344944,31.184978485107422,-9.808392524719238,41.21272659301758,-1.32582426071167,-0.1372043341398239,-0.8034537434577942,0.24724701046943665,-2.292907476425171,1.4768774509429932,-0.11744261533021927,-0.15942798554897308,-0.5328202247619629,2.045870780944824,-2.028268814086914,-0.5693591237068176,-1.6117119789123535,-0.874667763710022,-2.392904043197632
11350.013,-0.018470268696546555,-0.02100651152431965,-1.0116297006607056,-0.7144705653190613,0.5919236540794373,0.4187858998775482,30.084836959838867,-10.686476707458496,40.283103942871094,1.179490327835083,0.32928526401519775,-1.1542811393737793,0.42283469438552856,0.5899394750595093,-0.18588419258594513,-0.09883476793766022,-1.3109748363494873,0.40995094180107117,0.8522146344184875,0.09695269167423248,-1.3304836750030518,-0.4429636001586914,-0.5787835717201233,0.34790897369384766
11359.801,-0.09948870539665222,0.0025556497275829315,-1.0439027547836304,0.02864561416208744,0.4248600900173187,0.1347065567970276,30.3090877532959,-9.453778266906738,38.96712112426758,-0.5988944172859192,-0.007954230532050133,-0.5135220289230347,0.4658338129520416,-0.8657179474830627,-1.4274959564208984,0.8900914788246155,0.2143651694059372,0.5148955583572388,-0.378890722990036,-0.5119447112083435,1.2077044248580933,0.801268994808197,0.09092099219560623,-0.5981570482254028
11369.909,-0.08486820757389069,0.010535926558077335,-1.0031321048736572,0.9982184171676636,-0.3196677267551422,0.7453740239143372,29.77267837524414,-9.446510314941406,40.2408561706543,-1.0342692136764526,-0.24914661049842834,0.22014057636260986,-0.41706135869026184,0.8186686038970947,-0.29536738991737366,-1.167287826538086,-0.06952981650829315,-0.13626687228679657,-0.5712828636169434,-1.7126554250717163,-1.4253350496292114,-0.2983047366142273,-0.6499534845352173,-1.3413562774658203
11379.944,0.06099170446395874,-0.04524322971701622,-1.0026582479476929,0.2635246515274048,-0.2845054268836975,0.9726343154907227,29.331769943237305,-12.467875480651855,38.68183898925781,0.5883980989456177,0.4961841106414795,-0.9362633228302002,0.48481321334838867,1.3404796123504639,-0.4825444519519806,-0.19655762612819672,2.008000612258911,0.02216225117444992,-0.6109480857849121,-1.6964539289474487,0.6807234287261963,0.6897886395454407,-0.5106096267700195,0.20305867493152618
11390.142,-0.0782918706536293,0.005884592887014151,-0.9805259108543396,-0.4172630310058594,-1.0271071195602417,0.030358120799064636,28.507518768310547,-10.499706268310547,41.50232696533203,-0.3320862948894501,-0.16372717916965485,-0.8319005966186523,-0.6422514915466309,-0.6648979783058167,0.864719808101654,0.840692937374115,1.1718753576278687,-0.17002728581428528,-0.41617485880851746,0.39171504974365234,-0.42683276534080505,-0.12967893481254578,0.7562236189842224,-0.6963598132133484
11399.875,-0.10263058543205261,-0.01612355001270771,-0.9854785203933716,0.5030086040496826,-0.2930978536605835,0.7538141012191772,31.327228546142578,-12.05345630645752,40.3205451965332,-0.12986083328723907,-0.1557151824235916,-1.794378638267517,0.033087488263845444,-0.1867590993642807,1.6010833978652954,-0.9419876933097839,0.4413864314556122,-0.5796859264373779,0.9643431305885315,0.5001348853111267,-0.7093797922134399,-0.5394960045814514,-0.5372465252876282,0.4884198307991028
11410.026,0.012731881812214851,0.027215775102376938,-0.9822871685028076,0.30513373017311096,-0.17152567207813263,0.5122445225715637,30.797325134277344,-9.7203950881958,39.22394943237305,1.6941343545913696,0.02266998589038849,0.6332337260246277,1.4321398735046387,0.4747079014778137,0.00855442974716425,-1.1751223802566528,-0.5848784446716309,0.152182474732399,-0.7036579251289368,-0.9664003252983093,-1.1136702299118042,0.36960369348526,1.9564745426177979,0.8746594786643982
11419.738,-0.04525191709399223,-0.04282649978995323,-1.0417773723602295,0.2398822009563446,-0.15162473917007446,0.20480726659297943,29.84251594543457,-8.889729499816895,37.641475677490234,-0.7948110699653625,0.745415449142456,0.16666288673877716,-0.7578170299530029,1.1270108222961426,0.5045746564865112,0.3135627210140228,-0.7409395575523376,0.4284769594669342,0.2514767646789551,1.2435494661331177,0.21860717236995697,-0.08582918345928192,0.12251972407102585,-1.6854736804962158
11429.899,0.021730171516537666,0.08151128888130188,-1.0408709049224854,-0.3503821790218353,0.8414451479911804,0.4028633236885071,29.440471649169922,-9.809412002563477,39.91053009033203,-1.0565545558929443,1.446784496307373,0.4745524227619171,-0.10919856280088425,-1.9122322797775269,0.9911340475082397,0.2973727285861969,-0.5046365857124329,0.17313949763774872,-0.9801773428916931,1.015721082687378,-1.9313812255859375,0.4944457411766052,1.2100696563720703,-1.2967228889465332
11440.107,-0.04991400986909866,-0.07356470078229904,-0.9897108674049377,-0.46959200501441956,0.34777674078941345,1.084431529045105,30.5600643157959,-11.90636157989502,41.20115280151367,-0.34171974658966064,-1.3761215209960938,0.1797938346862793,-0.7583156228065491,0.4487054646015167,-0.696897566318512,-1.5805951356887817,-1.078373670578003,0.5138967037200928,-1.1097497940063477,-1.0801681280136108,-2.0917141437530518,-0.23070642352104187,2.004807949066162,0.3920478820800781
11450.095,-0.04766996204853058,0.04262183979153633,-0.9893052577972412,-0.2129446119070053,-0.27102982997894287,-0.5155433416366577,31.64560317993164,-8.92213249206543,38.20442199707031,1.9207473993301392,-0.404140830039978,-1.896588683128357,-1.3883415460586548,1.3076252937316895,-0.3526011109352112,-1.8265513181686401,-0.3144688308238983,-1.0903600454330444,0.6898412108421326,-0.1929965764284134,0.18236741423606873,0.18808868527412415,-0.819683313369751,0.18942119181156158
11460.091,0.05767554044723511,0.022483836859464645,-0.9868993163108826,-0.06513223797082901,-1.0013844966888428,-0.021845728158950806,29.250755310058594,-10.029714584350586,41.2600212097168,-0.10897352546453476,-0.8295615911483765,0.05217861756682396,0.6275991797447205,-0.5382004976272583,0.5176200866699219,0.9421188235282898,0.46836161613464355,-0.7375872731208801,-0.1629558503627777,-0.39438119530677795,-1.260593295097351,-0.7446743249893188,0.4182533919811249,-1.5543856620788574
11469.854,-0.033256128430366516,-0.016640156507492065,-1.0102667808532715,-0.7660597562789917,-0.05265568941831589,-0.39869770407676697,30.546396255493164,-10.708815574645996,40.30174255371094,-1.4069912433624268,-0.5309413075447083,0.1671280413866043,0.14122088253498077,-0.39713186025619507,-2.3252370357513428,0.025663884356617928,1.5245126485824585,1.544326663017273,-0.673214852809906,-1.2204084396362305,0.5751254558563232,3.1529769897460938,-0.22772322595119476,-0.8185661435127258
11480.058,0.05397079139947891,0.008647847920656204,-1.0061700344085693,0.6445393562316895,-0.007110297679901123,0.9125736355781555,32.18959045410156,-8.940308570861816,40.30631637573242,-0.5022590756416321,1.34994637966156,-0.8899892568588257,0.9035251140594482,0.8217147588729858,1.5941767692565918,-0.5269006490707397,-1.886033296585083,-1.0608887672424316,0.7469471096992493,0.9062015414237976,0.9386690258979797,-0.3845798075199127,1.3498384952545166,-0.4158148765563965
11490.032,0.00012737973884213716,0.0017242010217159986,-1.0073717832565308,-0.6483665704727173,0.17107276618480682,-0.01215906348079443,29.12826156616211,-9.57822036743164,38.45295715332031,0.21982674300670624,-0.6716461777687073,2.0094034671783447,-1.2546944618225098,-0.8944265842437744,1.1404461860656738,0.4084733724594116,1.430298924446106,-1.795431137084961,1.3248841762542725,-0.24310390651226044,0.5075380206108093,-0.9200170636177063,1.3350088596343994,1.7126820087432861
11499.976,0.036592964082956314,-0.06539586186408997,-0.9662942290306091,-0.7702172994613647,-0.9557838439941406,0.1743762195110321,29.77993392944336,-8.862409591674805,41.6118278503418,-1.2899073362350464,1.0254696607589722,-1.5256625413894653,0.40599778294563293,0.5600028038024902,-0.3107888996601105,0.2643682658672333,-0.9890367984771729,0.45962613821029663,-1.272660732269287,0.62632817029953,0.5953296422958374,0.8613342642784119,0.4479023218154907,-1.4454865455627441
11509.802,-0.04194385185837746,-0.023019246757030487,-0.9821061491966248,0.23940309882164001,0.10158374905586243,0.15448777377605438,28.966094970703125,-9.349136352539062,39.345252990722656,-0.42010819911956787,0.9771419763565063,-0.13990665972232819,-0.10315626114606857,-0.9398977160453796,-0.7790715098381042,-1.1064351797103882,0.21671654284000397,-0.5025533437728882,0.8074780106544495,-1.8777949810028076,0.5369993448257446,0.21498426795005798,1.2768032550811768,-1.1265761852264404
11520.271,0.01465440634638071,-0.04835731163620949,-1.0261386632919312,0.49495911598205566,-0.48195481300354004,-0.12216055393218994,30.996620178222656,-9.863615989685059,40.6533317565918,-0.4491860866546631,0.39178478717803955,2.8176357746124268,0.26707953214645386,0.3520588278770447,0.055860862135887146,0.15614843368530273,0.8692871332168579,1.0182968378067017,0.375642329454422,-0.10775484889745712,-0.6945356130599976,-1.0973931550979614,-0.2011021375656128,-0.8242340683937073
11530.095,0.006302899215370417,0.0017290451796725392,-1.0077345371246338,-0.25970524549484253,-0.5008190274238586,-1.0399830341339111,30.726987838745117,-10.878471374511719,39.77082443237305,-0.675638735294342,-0.019583789631724358,-0.7794439792633057,0.5707589387893677,1.1031286716461182,-0.11047534644603729,0.08146897703409195,0.3022107481956482,-1.235059380531311,-1.3261001110076904,1.4583162069320679,0.5027049779891968,-0.31077638268470764,-1.6570433378219604,0.534188449382782
11539.862,-0.02787693217396736,-0.039634089916944504,-0.9866110682487488,0.07972615212202072,-0.2999412715435028,0.38964954018592834,30.008201599121094,-9.169583320617676,39.425201416015625,2.217848777770996,-0.16731709241867065,-1.3564223051071167,0.5008688569068909,-0.8699859976768494,0.6303851008415222,-0.4271462857723236,1.73092520236969,-0.6834481954574585,-1.0761865377426147,0.3465880751609802,0.791929304599762,-0.13083359599113464,-0.9490323662757874,1.0919439792633057
11550.219,0.003714956808835268,0.021231280639767647,-0.9966064095497131,0.07865717262029648,-0.3014390468597412,0.2566259503364563,29.977336883544922,-11.469846725463867,37.88029479980469,0.5634471774101257,-1.0663483142852783,0.4833250939846039,-0.7233737707138062,-0.5529545545578003,-0.5949912667274475,0.4719609320163727,0.7495076060295105,-1.3061648607254028,0.807660698890686,-1.9293235540390015,-0.41669923067092896,1.0593080520629883,2.189908027648926,-1.047630786895752
11560.063,0.0010979644721373916,-0.0076079904101789,-1.0111539363861084,-0.44281160831451416,0.8013213276863098,-0.0323922298848629,31.258899688720703,-11.178483009338379,40.63100814819336,-0.8766774535179138,0.7325183153152466,-1.977110505104065,-0.40428465604782104,-0.6294887661933899,1.812560796737671,0.9407398700714111,2.0703024864196777,0.12636026740074158,-0.24095815420150757,0.3591621518135071,0.5284087657928467,-0.9577252864837646,-1.2706308364868164,0.9689778089523315
11570.039,0.027841832488775253,-0.00756643433123827,-1.0141726732254028,-0.11798234283924103,0.6586432456970215,0.11270270496606827,30.815574645996094,-10.300407409667969,37.33367156982422,2.1814939975738525,0.15090936422348022,-1.0319492816925049,-1.1640745401382446,-1.9777380228042603,1.8158496618270874,0.24531430006027222,-1.2107131481170654,-0.2483106553554535,0.5922349691390991,1.2171013355255127,0.7762947082519531,-1.2269903421401978,-0.326974481344223,0.8630267381668091
11579.912,-0.0010575840715318918,0.04427780210971832,-0.9893808960914612,-0.054274074733257294,-0.03599678352475166,0.13703252375125885,30.297420501708984,-10.061196327209473,39.82230758666992,1.026432991027832,2.039719581604004,0.22131019830703735,0.8162769675254822,0.7170502543449402,1.3373353481292725,0.27419495582580566,0.29715731739997864,-0.10839180648326874,0.654732346534729,0.05835779756307602,-1.411758542060852,1.4723275899887085,0.2334970235824585,0.7170853018760681
11590.165,0.0007253826479427516,-0.022451428696513176,-1.0053704977035522,0.30043119192123413,-0.11367201805114746,-0.23220081627368927,30.797914505004883,-8.382165908813477,41.75764083862305,2.9752933979034424,-1.140857458114624,0.27849122881889343,-0.17746946215629578,0.9678010940551758,-1.0894150733947754,0.8020600080490112,-0.0712083950638771,-0.22394394874572754,0.4243563413619995,0.09193097800016403,0.23726992309093475,-1.345348596572876,0.8257635831832886,-1.0585646629333496
11599.967,0.04560114070773125,0.07178772240877151,-1.0006110668182373,0.1104092001914978,0.15785256028175354,-0.4396344721317291,30.869441986083984,-9.733538627624512,40.14041519165039,-0.29139846563339233,1.4742352962493896,-1.2062137126922607,-0.5229936838150024,-2.3086013793945312,0.24092011153697968,-0.2993010878562927,-0.8271543383598328,1.0007017850875854,0.12606093287467957,2.021592378616333,-2.373220682144165,-0.1556248664855957,-0.40239399671554565,-0.685137152671814
11610.252,-0.11028174310922623,-0.04722430557012558,-0.9756588339805603,-0.34195607900619507,0.1568196415901184,0.17410176992416382,29.684608459472656,-8.747404098510742,38.597511291503906,-0.41953474283218384,-0.13272537291049957,0.4076846241950989,-0.854889452457428,-2.207141160964966,0.1250603199005127,1.670983910560608,-1.6785978078842163,-1.2917006015777588,-0.037237782031297684,0.05748167634010315,-1.868497371673584,-1.1873537302017212,-0.3547742962837219,0.03998071327805519
11620.056,-0.03319129720330238,-0.041628703474998474,-0.9818694591522217,1.040442705154419,0.5918297171592712,0.4540190100669861,29.20032501220703,-8.354434967041016,39.12488555908203,-0.12565955519676208,0.07860693335533142,0.6420926451683044,1.754771113395691,-1.323556661605835,1.7347939014434814,1.8694229125976562,-0.588424801826477,-0.9519040584564209,0.3339732587337494,0.6692053079605103,-1.4237453937530518,2.0041379928588867,0.627438485622406,1.1043399572372437
11629.997,0.10422313958406448,0.07040604948997498,-1.0125458240509033,0.43274277448654175,0.7149937152862549,-0.3308631479740143,30.36426544189453,-9.765381813049316,40.38421630859375,0.4723241925239563,0.8194007277488708,-1.7523901462554932,-0.24871134757995605,-1.1754258871078491,-0.8226951956748962,-1.5714600086212158,-0.58109450340271,0.07518208026885986,0.5758510231971741,-0.8441943526268005,0.2793481647968292,-0.09049805998802185,0.007434508763253689,-0.0623452328145504
11639.805,-0.09617013484239578,0.02124391868710518,-0.9741296768188477,0.07413938641548157,-0.6323243379592896,-0.08783062547445297,31.68211555480957,-10.344956398010254,39.895263671875,-0.7818092107772827,1.1489324569702148,-1.54998779296875,-0.12643510103225708,-1.5388779640197754,-0.5122703313827515,0.2173645794391632,1.052889347076416,0.21289439499378204,0.6362040638923645,-1.9144994020462036,-0.6006016135215759,0.6545495390892029,0.14945665001869202,0.0014350562123581767
11650.090,-0.06865900009870529,0.053432006388902664,-1.0215744972229004,-0.28054866194725037,-0.007344991900026798,-0.017249124124646187,31.608158111572266,-9.081802368164062,39.59622573852539,-0.5287803411483765,-0.7545673251152039,-0.8511762022972107,1.0151143074035645,-0.042712196707725525,-0.39021992683410645,-1.059059739112854,-1.6403864622116089,-0.9808129668235779,-1.3323731422424316,-0.6071387529373169,0.5928224921226501,-0.8510504364967346,0.6033164262771606,-0.5072314739227295
11659.938,0.04475150629878044,0.035983528941869736,-1.0022697448730469,0.25656676292419434,-0.38717079162597656,0.18923455476760864,27.730697631835938,-10.731839179992676,38.55197525024414,-1.3774476051330566,-0.1729411631822586,-0.0787605494260788,-0.4461289346218109,-0.9300908446311951,-1.0154738426208496,-0.017915965989232063,-0.04158526659011841,0.8304163813591003,0.32651811838150024,0.6293415427207947,0.16209353506565094,-1.3255033493041992,-0.6405544877052307,0.02079659327864647
11669.693,0.014381476677954197,0.03997957333922386,-0.9929412603378296,0.5031054019927979,0.26710495352745056,-0.4053734540939331,31.47065544128418,-11.993992805480957,40.8885498046875,0.2304946780204773,0.013612272217869759,-0.6809811592102051,-0.3047039806842804,1.0553598403930664,1.5098754167556763,0.8153537511825562,0.3015844523906708,1.305420160293579,1.889435052871704,0.38209035992622375,-0.6086075305938721,-0.8233949542045593,-0.04284370690584183,0.24587233364582062
11679.953,-0.013057870790362358,0.036715585738420486,-1.0055947303771973,-0.2243237942457199,0.7409123182296753,-0.5994088649749756,29.991127014160156,-11.117260932922363,39.86680603027344,-0.273288756608963,-1.1435412168502808,-1.2015297412872314,-0.8059981465339661,0.3893067240715027,-0.4628034234046936,0.0012178230099380016,-1.0083612203598022,-0.8634983897209167,0.3529449701309204,-0.8596906065940857,-0.3388534486293793,-1.2432082891464233,0.604305624961853,-0.6585294008255005
11690.008,-0.02684594690799713,0.015116176567971706,-1.0271780490875244,-0.6902573704719543,0.1782674789428711,-0.6470120549201965,30.024627685546875,-7.926524639129639,40.11073684692383,-0.069525808095932,0.7786648869514465,0.9277968406677246,-1.0370696783065796,-1.6035200357437134,0.9920443296432495,0.9266698360443115,-0.1134626716375351,-1.5878750085830688,0.3951985538005829,1.3886209726333618,0.3323499858379364,-1.521027684211731,-1.3730056285858154,-0.28613296151161194
11700.002,0.046654392033815384,0.03698191046714783,-0.9974398612976074,-0.8228399753570557,-0.008329601027071476,0.40116941928863525,28.801410675048828,-9.14022445678711,40.51116943359375,-1.2464584112167358,0.10588609427213669,1.303228735923767,1.0420151948928833,-1.1080299615859985,-0.6274622678756714,-0.6089298725128174,0.08744162321090698,0.39073753356933594,-1.4368425607681274,1.2621906995773315,3.1996748447418213,0.004516383167356253,-0.7799375653266907,1.973677158355713
11709.924,-0.04376618564128876,-0.03150852769613266,-1.0034394264221191,0.17505954205989838,-0.9538347125053406,-0.02927464246749878,30.263839721679688,-9.173789024353027,40.998443603515625,-0.20796622335910797,0.18959857523441315,0.6302704811096191,1.5131654739379883,-0.11528616398572922,-0.7013078927993774,-1.6453921794891357,0.269493043422699,0.45380669832229614,0.8569474220275879,-0.6184144616127014,-0.7081530690193176,-0.15679028630256653,-0.9733749032020569,-1.0088227987289429
11719.887,-0.01373694185167551,-0.003385866293683648,-1.0010995864868164,-0.5025808215141296,-0.1553480178117752,-0.6315389275550842,30.525785446166992,-9.804057121276855,41.444671630859375,1.8528473377227783,-0.03403732553124428,0.6927323341369629,-0.496339350938797,0.698746919631958,0.5097532868385315,-0.9203199744224548,0.5925922989845276,1.239193081855774,-0.9139022827148438,0.7030341029167175,-1.2485029697418213,2.0789129734039307,-0.10782201588153839,-0.5731422901153564
11729.962,-0.005704860202968121,0.04394209757447243,-1.0265780687332153,-1.2556411027908325,0.0013594547053799033,0.4253464937210083,29.611265182495117,-9.055794715881348,39.48926544189453,-2.188985586166382,0.6960030198097229,-0.4843808710575104,0.4676809012889862,0.868803858757019,-0.7502868175506592,1.0357820987701416,1.7433559894561768,0.05720456689596176,1.1957883834838867,-0.3749876618385315,-0.19749242067337036,-0.7932230830192566,-0.13018210232257843,-0.14084431529045105
11739.997,0.10081988573074341,0.06229132041335106,-0.9929777979850769,0.7496688961982727,0.4100758731365204,-0.42836689949035645,31.07886505126953,-8.414678573608398,39.1298942565918,0.8277115821838379,-0.7251051664352417,0.3363778293132782,1.0975489616394043,-1.470022439956665,-1.7068248987197876,-0.10906960815191269,-0.16719533503055573,1.14982008934021,0.24559848010540009,0.2023227959871292,-0.2313777357339859,-0.47636961936950684,1.3827468156814575,0.3034408688545227
11750.109,0.052308645099401474,0.013412571512162685,-0.9777252674102783,-0.15302486717700958,-0.2848179340362549,-0.07825049012899399,31.62045669555664,-8.244341850280762,39.0357780456543,-0.19281005859375,1.8593167066574097,-0.2334490418434143,0.5937963128089905,-0.6703603267669678,0.12255639582872391,-0.2768402099609375,0.25296589732170105,-0.4382621943950653,-0.8407214879989624,0.4537889063358307,0.9857189059257507,-0.282390832901001,-1.7927409410476685,0.2637709975242615
11760.225,0.05023310333490372,-0.03590479865670204,-0.9939168095588684,-0.3696909546852112,0.0754706934094429,-0.1373625248670578,31.107032775878906,-10.989400863647461,41.03266143798828,0.17202341556549072,0.9074490070343018,0.5082191228866577,-0.08612265437841415,0.44886544346809387,0.5809879302978516,0.49802348017692566,1.141068696975708,-0.81013023853302,1.255157709121704,0.024381425231695175,0.08094143122434616,-0.7901555895805359,-0.07617998868227005,0.5325607657432556
11769.875,0.031011339277029037,0.03445121645927429,-1.009528636932373,-0.6796797513961792,-0.24194711446762085,1.1429169178009033,29.9975528717041,-11.117382049560547,41.016258239746094,0.4960538148880005,0.5589103698730469,-0.8290442228317261,1.8843861818313599,1.21987783908844,-0.03258497267961502,-1.2415368556976318,0.3300893008708954,0.7977593541145325,0.11486344784498215,0.09030178934335709,0.030319077894091606,-1.109682559967041,-0.1414341926574707,-1.7793623208999634
11780.073,-0.06134108453989029,-0.025637801736593246,-1.0030275583267212,-0.27232593297958374,0.1644919067621231,0.13126033544540405,30.123329162597656,-11.553245544433594,39.65192794799805,-0.9070297479629517,-0.1441885530948639,-0.6868505477905273,0.5079226493835449,-0.24086987972259521,0.7117881774902344,-0.4851626753807068,-0.9465182423591614,-0.48100876808166504,0.15752163529396057,-0.29409074783325195,1.124445915222168,1.0182092189788818,-0.1282050758600235,1.1636265516281128
11789.935,0.039617229253053665,-0.0069797164760529995,-1.0310627222061157,-0.2923313081264496,0.7903742790222168,0.010119091719388962,29.1839542388916,-8.238534927368164,40.26710891723633,1.35296630859375,-1.3901243209838867,0.3547843396663666,0.23171460628509521,-1.0948556661605835,-0.6312982439994812,-0.5157047510147095,-0.6369034051895142,-0.5290496945381165,-0.19435907900333405,-1.5122677087783813,-0.04950975626707077,0.5230982899665833,-0.7244698405265808,1.2274913787841797
11799.970,-0.07061201333999634,-0.03961296007037163,-0.9788817167282104,0.7152209281921387,0.8293603658676147,0.14922556281089783,30.228559494018555,-9.44721508026123,41.01162338256836,0.3188042938709259,-0.11308891326189041,0.7117692828178406,-1.1326931715011597,1.119938850402832,0.18225198984146118,-0.22929219901561737,0.9818217754364014,-0.7364315390586853,-0.3356234133243561,0.9228818416595459,-0.36080747842788696,-0.38268154859542847,-2.731775999069214,-0.20556584000587463
11809.635,-0.013859739527106285,-0.0022203351836651564,-0.9966398477554321,-0.7540291547775269,-0.06703569740056992,-0.20495228469371796,30.635652542114258,-8.809914588928223,40.19785690307617,-0.16351915895938873,-0.4553931951522827,-0.569610595703125,0.08845540136098862,0.28876662254333496,-0.7687828540802002,-1.486214280128479,0.38867637515068054,-1.9640570878982544,-0.1616968810558319,-0.6149106621742249,0.020759932696819305,-1.8940180540084839,1.8331990242004395,0.3836309313774109
11820.042,0.019389387220144272,-0.023670924827456474,-0.9723633527755737,0.5638362169265747,-0.07888248562812805,-1.2736330032348633,30.41265106201172,-9.278583526611328,40.40431213378906,1.2427175045013428,-0.45977964997291565,-1.8019410371780396,0.3133401572704315,0.14311285316944122,1.6110845804214478,1.0725336074829102,0.007519585080444813,-0.22587932646274567,0.03264297917485237,-0.24360671639442444,0.7362605333328247,-1.901711106300354,0.315010130405426,-1.0877184867858887
11829.981,0.04038841649889946,-0.02237391285598278,-0.9848747253417969,-0.7263700366020203,-0.20163893699645996,0.3671049177646637,29.320026397705078,-10.617026329040527,40.30752182006836,0.32754936814308167,0.6489832997322083,-1.50898277759552,-2.2183046340942383,0.2851027250289917,-1.9955780506134033,-0.6130893230438232,-2.073716878890991,0.21990039944648743,-1.6431435346603394,-0.9173590540885925,-0.37723156809806824,-0.5000683665275574,-0.5120266079902649,0.3851240277290344
11840.315,0.06384892016649246,-0.00464886799454689,-1.0129332542419434,-0.7450248599052429,0.4296431541442871,-0.07393141090869904,31.440475463867188,-11.497111320495605,39.71342849731445,-1.4109597206115723,1.08321213722229,-0.4094729721546173,0.4428262710571289,-1.3203821182250977,0.5164274573326111,-0.5267383456230164,-1.714802622795105,-0.691926121711731,-0.20715433359146118,0.02983756922185421,-0.9943779706954956,-1.3899786472320557,-1.4961261749267578,-0.32911673188209534
11850.374,-0.00025784128229133785,0.011808071285486221,-0.9998267889022827,-0.2804766297340393,-0.14578106999397278,0.39040836691856384,30.365718841552734,-9.614514350891113,41.08371353149414,-0.5372379422187805,-0.7572997212409973,-0.4238446056842804,0.34568604826927185,2.0262064933776855,-0.3375222086906433,0.7532052397727966,0.7079761028289795,0.06951777637004852,-0.6559171676635742,-0.4744030237197876,-0.9157947301864624,0.4642067849636078,1.6898694038391113,1.1863973140716553
11859.975,0.004978390876203775,-0.053836580365896225,-1.0059648752212524,-0.03185199946165085,0.19931042194366455,-0.5112186074256897,30.465356826782227,-8.899983406066895,40.555274963378906,-1.1503336429595947,0.059654440730810165,0.882546067237854,0.8843711018562317,2.514084815979004,-1.1220967769622803,-0.8941269516944885,0.5522304773330688,-0.04619962349534035,0.33035504817962646,-0.19866295158863068,-0.12335450947284698,-0.728954017162323,-0.5285322070121765,0.6249793767929077
11870.016,-0.03656928986310959,0.018693411722779274,-1.0148552656173706,-1.6247566938400269,-0.2468319535255432,0.2835366427898407,29.69559097290039,-10.060285568237305,41.19271469116211,-1.8986420631408691,-0.3755575120449066,0.5682954788208008,-1.5457484722137451,-0.31393665075302124,-0.5000065565109253,0.8030654788017273,0.4665504992008209,0.39120396971702576,-0.02393653802573681,1.3923856019973755,1.932058572769165,-0.31710904836654663,0.8696936368942261,-0.8846790194511414
11879.826,0.02713785134255886,0.0073098489083349705,-0.9885966777801514,0.3185255229473114,-0.20967018604278564,0.29470178484916687,29.49468231201172,-10.201491355895996,39.95234298706055,1.0543255805969238,0.20377475023269653,-0.0015301837120205164,0.22278910875320435,0.7066450715065002,0.6087073087692261,0.3585892617702484,0.20543597638607025,0.4448302984237671,1.4148998260498047,0.06422863900661469,-0.723634660243988,-0.4105446934700012,0.15872202813625336,0.47584640979766846
11889.807,0.01829236000776291,0.009006679989397526,-0.9985820055007935,0.0649094358086586,0.13191939890384674,1.0375382900238037,30.223175048828125,-10.553592681884766,41.35546112060547,0.09836692363023758,-2.665402889251709,0.6379972100257874,2.656083345413208,-0.7024818658828735,-0.7961003184318542,0.04048088192939758,0.4738016128540039,-0.00799326878041029,-1.6594620943069458,0.44254887104034424,-0.01399286650121212,1.4567570686340332,1.1454507112503052,0.18558883666992188
11900.071,-0.06035466492176056,-0.012925774790346622,-1.0340772867202759,-0.7140207886695862,-0.18613556027412415,-0.1308402121067047,28.46010971069336,-10.00403881072998,38.831214904785156,-0.43061691522598267,0.22943691909313202,-0.7122300267219543,-0.48208004236221313,0.396465539932251,-0.49367064237594604,0.6978461742401123,0.2793866693973541,1.721462607383728,-0.9233002066612244,0.9914442300796509,0.1913478970527649,-0.18214711546897888,-0.3034801483154297,-2.1858246326446533
11910.206,-0.0773349478840828,-0.12857607007026672,-1.0134871006011963,-0.8162923455238342,0.19608958065509796,0.8114208579063416,30.569337844848633,-9.74647045135498,40.752906799316406,1.7719271183013916,-0.6139988899230957,-1.4950172901153564,1.339082956314087,0.8337422609329224,-0.9487038254737854,0.08054278790950775,1.8024892807006836,0.32389122247695923,-0.17658093571662903,-0.4822864830493927,-0.46655014157295227,-0.23335659503936768,0.09244202822446823,-0.6329934597015381
11920.148,-0.09224218875169754,0.11130080372095108,-1.0442439317703247,0.4099833369255066,-0.15712414681911469,-0.4878481328487396,30.74074363708496,-10.93803596496582,39.08195114135742,1.3263587951660156,-0.08668143302202225,0.1941618025302887,0.20628763735294342,2.761227607727051,1.2267851829528809,0.7528955936431885,0.36994031071662903,2.503897190093994,0.0028560601640492678,-0.08976820856332779,1.1872514486312866,-1.023416519165039,-0.2456372082233429,-0.25291892886161804
11930.052,0.06313543021678925,-0.060235362499952316,-0.9836549758911133,-0.04044559597969055,-0.4941085875034332,-0.07414451986551285,31.11808967590332,-11.459163665771484,39.39087677001953,-1.141065239906311,-1.8265715837478638,-0.4741802513599396,-1.0346119403839111,-0.4083022475242615,-1.4004247188568115,-1.0664920806884766,-1.2745319604873657,0.028046883642673492,0.934110701084137,-0.498980313539505,0.8364580273628235,0.4294884502887726,-1.5789611339569092,0.6394029259681702
11940.056,-0.09677672386169434,-0.03387029469013214,-1.0307139158248901,0.16950157284736633,0.09351106733083725,0.9236131906509399,28.107593536376953,-9.924077033996582,39.125911712646484,0.33212918043136597,0.19591566920280457,0.9981838464736938,-0.962411642074585,-1.8212212324142456,0.2568013072013855,-0.042288120836019516,0.6640907526016235,1.846923589706421,0.529237687587738,1.0953919887542725,-0.1677880585193634,-0.17622366547584534,0.7813875675201416,-1.506009578704834
11950.165,0.07834052294492722,-0.023313065990805626,-1.0039193630218506,-0.8496711254119873,0.5023572444915771,-0.09365639090538025,29.70477294921875,-8.884943008422852,40.2755241394043,0.8620752096176147,-1.0523213148117065,-0.021939639002084732,0.3534519374370575,0.6824389100074768,-0.30550819635391235,0.4005511701107025,-1.0046395063400269,0.484812468290329,-0.010160757228732109,0.31590476632118225,0.7841961979866028,-0.49394819140434265,0.2224557250738144,0.14689408242702484
11959.768,0.03882203996181488,0.026534589007496834,-0.9845748543739319,-0.585808515548706,-0.2916254997253418,-0.7144372463226318,28.64703369140625,-9.923229217529297,38.62044906616211,0.017776058986783028,0.7095078229904175,-0.12278281152248383,-1.0101183652877808,-2.459655523300171,-1.9403393268585205,1.393224835395813,0.7405190467834473,0.6995470523834229,-0.9921154379844666,1.7638682126998901,-0.003224362386390567,1.4199585914611816,-0.28972792625427246,0.7984897494316101
11970.104,0.038940783590078354,-0.024433016777038574,-0.9714136123657227,0.0914992094039917,-0.6013684272766113,-0.5747196078300476,30.76512336730957,-7.578752517700195,39.17352294921875,-1.4613369703292847,-0.3454180061817169,0.8650606274604797,1.102668285369873,-0.14643311500549316,0.30944496393203735,0.5836732387542725,0.38227882981300354,1.7055085897445679,-1.4781893491744995,0.43182432651519775,0.06596130132675171,-1.7595678567886353,0.4671294391155243,0.48527270555496216
11980.145,-0.021146120503544807,0.006180604454129934,-1.0120347738265991,0.8051865696907043,-0.1580074578523636,-0.0702957808971405,28.610977172851562,-11.432486534118652,40.36560821533203,-0.6049551963806152,0.19622039794921875,-1.5994539260864258,-0.4269220530986786,0.5956869125366211,-0.6938276290893555,0.026718076318502426,1.675694465637207,-0.3530983328819275,0.10660499334335327,-0.06407811492681503,1.3816075325012207,-0.3892587125301361,-0.30112916231155396,-0.9909837245941162
11990.028,0.11718513816595078,-0.07556889206171036,-1.016343116760254,-0.24380603432655334,-0.26566892862319946,1.2214038372039795,30.531429290771484,-11.119438171386719,40.045570373535156,-1.5146996974945068,-0.0649140402674675,0.3554891049861908,0.8775740265846252,1.4368033409118652,-0.6592972278594971,-0.08044992387294769,-0.6887252330780029,-0.7779227495193481,0.17758403718471527,-1.1346876621246338,1.1092798709869385,-1.6517387628555298,-1.5444246530532837,-0.751423716545105
11999.931,0.10532583296298981,-0.027186298742890358,-0.9664008021354675,-0.03509490564465523,-0.3157850503921509,0.4364946186542511,29.236791610717773,-9.616272926330566,39.701045989990234,-0.37123730778694153,1.4481626749038696,0.8866203427314758,-0.5167419910430908,0.04880734160542488,1.2559165954589844,0.21453268826007843,0.7285125255584717,0.6430661678314209,1.1358622312545776,-1.5930320024490356,0.16082298755645752,-0.5610565543174744,-1.2176992893218994,-2.0701379776000977
12009.998,-0.03563190624117851,0.09015391767024994,-0.9573869109153748,-0.6374666094779968,0.5758630633354187,0.4688834547996521,29.009557723999023,-9.844847679138184,37.867122650146484,-0.5494707226753235,-1.1426690816879272,-1.6828333139419556,-0.17764203250408173,-0.8759304881095886,-0.4583691656589508,1.0246554613113403,1.9421844482421875,-1.6349096298217773,-0.7943700551986694,-0.8267978429794312,-0.1990261673927307,0.993017315864563,0.3644765019416809,0.8330891132354736
12020.206,0.006011595018208027,-0.04287450760602951,-0.9902191162109375,-0.4597536027431488,0.3188380300998688,0.1451505571603775,30.654674530029297,-11.123034477233887,39.709285736083984,3.5605714321136475,-0.687751054763794,-1.1107314825057983,0.0006953267729841173,0.8165143132209778,-0.6426255106925964,-0.906199038028717,0.12214510142803192,0.2748372554779053,2.189455032348633,1.8358495235443115,0.9980537295341492,1.1229339838027954,1.428891658782959,-0.7017149925231934
12029.890,0.05536307767033577,0.016840029507875443,-0.9975723624229431,-0.3963446617126465,-0.15470582246780396,0.3639492690563202,28.25278663635254,-10.205496788024902,39.50526809692383,1.9615997076034546,0.8575594425201416,0.2219984084367752,0.09534396976232529,-0.1689356118440628,0.4222659468650818,0.5429030060768127,0.7439544200897217,-0.015001721680164337,0.211704820394516,1.4568496942520142,0.7876721024513245,0.012894919142127037,-0.143027201294899,-0.8737514019012451
12039.957,-0.012410071678459644,-0.032527025789022446,-0.9987305402755737,1.2680739164352417,0.034764256328344345,0.385714054107666,28.096067428588867,-9.676411628723145,40.73276138305664,-1.1491811275482178,0.8669649362564087,-0.677513837814331,-0.5708683729171753,-0.4899696707725525,-1.2777583599090576,0.003030544612556696,-0.6146613955497742,0.4744783639907837,0.34449464082717896,2.4465131759643555,2.136201858520508,0.8081902265548706,0.624294638633728,0.539845883846283
12050.240,0.099032923579216,-0.014027755707502365,-1.024224042892456,0.0795397162437439,0.8224052786827087,0.29658666253089905,29.195430755615234,-9.806082725524902,39.436588287353516,0.9873610138893127,-0.03354927897453308,2.1188302040100098,-0.2824487090110779,0.6916488409042358,-1.2407643795013428,0.13923297822475433,1.6279243230819702,0.3865965008735657,0.42151349782943726,0.406281977891922,0.9479659199714661,0.3617890179157257,1.338420033454895,0.51206374168396
12060.249,-0.05325143784284592,-0.025618936866521835,-1.031675100326538,-0.03900526463985443,0.25035548210144043,0.4915545880794525,29.830026626586914,-9.650279998779297,41.53947830200195,0.3328089714050293,0.7280009388923645,0.9808984398841858,0.14141404628753662,-2.617647647857666,-0.25092753767967224,0.7967215776443481,-0.08331556618213654,-1.476166844367981,1.036819338798523,1.4165065288543701,-0.9994775056838989,0.5551175475120544,0.35891827940940857,0.9549075365066528
12069.933,0.05013541504740715,-0.03047722578048706,-1.0421175956726074,-0.10016272217035294,0.4897856116294861,-0.4247397780418396,29.500642776489258,-11.07478141784668,40.44681167602539,0.8135146498680115,0.7611826658248901,0.6265968084335327,-0.6822192072868347,0.654844343662262,1.6368521451950073,-1.5231667757034302,1.1592522859573364,0.09538502991199493,-0.4320034086704254,-0.16749320924282074,0.9128196835517883,1.3944616317749023,0.386499285697937,-0.9133138060569763
12079.886,0.00701520312577486,0.055375080555677414,-0.9924938678741455,-0.9589311480522156,0.34716594219207764,0.6666828393936157,29.847457885742188,-10.187215805053711,38.739444732666016,-0.9436227083206177,0.6396262049674988,-0.0639815703034401,0.5597720742225647,-0.2948174774646759,-0.2597062587738037,-0.1439714878797531,-0.19418206810951233,1.8728984594345093,0.05401713401079178,2.898033618927002,-0.6127639412879944,-0.43735140562057495,-0.38787922263145447,-0.549492359161377
12089.979,-0.04472346976399422,-0.005498178768903017,-1.005188226699829,0.14794957637786865,0.18080058693885803,-0.9826968312263489,29.456937789916992,-10.060524940490723,40.302337646484375,-1.971058964729309,-0.20597605407238007,-0.2916397154331207,-0.41312289237976074,-1.3199087381362915,0.04268340393900871,0.698581337928772,0.41100913286209106,0.09064824134111404,-0.9286998510360718,1.1582567691802979,-0.012673442251980305,-1.1130696535110474,-0.37517011165618896,0.37379512190818787
12100.138,0.044978540390729904,0.005348236300051212,-0.9864509701728821,0.11729671061038971,-0.09942872077226639,0.5867578983306885,29.262073516845703,-10.919543266296387,41.04339599609375,0.4599301815032959,-0.870064377784729,-1.289209008216858,-1.7468409538269043,0.018624957650899887,0.5733777284622192,-3.3925669193267822,0.5870480537414551,1.6065911054611206,0.38530611991882324,-0.5920847654342651,-1.6481305360794067,0.11933668702840805,0.04982738196849823,-0.07206550985574722
12110.254,0.0679989755153656,-0.10868590325117111,-0.9924551248550415,-0.2569296360015869,-0.641067385673523,-0.43945300579071045,29.858871459960938,-11.658146858215332,40.6129035949707,0.05320890247821808,-0.3002743721008301,-0.029544644057750702,-0.10937491804361343,2.738701105117798,0.8362587094306946,0.7123667001724243,-1.0596275329589844,-0.3437538146972656,0.27214932441711426,-0.6862397789955139,-0.6254727244377136,-0.5250558257102966,-1.6929988861083984,1.0544240474700928
12120.104,0.028605889528989792,0.04478253796696663,-0.9672292470932007,0.21272540092468262,0.2051696926355362,-0.3421338200569153,29.846511840820312,-10.580718994140625,39.57982635498047,1.5504635572433472,0.3271861970424652,-0.961049497127533,-0.5734546780586243,0.7717388272285461,0.9687715172767639,-0.47575050592422485,-0.9182315468788147,0.46187952160835266,-0.442054808139801,0.7099495530128479,-1.5404313802719116,0.2323959916830063,0.29012107849121094,0.9258668422698975
12129.813,-0.06060057878494263,-0.08377469331026077,-0.971562385559082,0.6743220090866089,-0.11402010172605515,-0.004798991605639458,28.453392028808594,-11.2528715133667,40.7277717590332,0.8497032523155212,1.6113303899765015,1.3874709606170654,0.42018184065818787,0.3923201560974121,0.999161958694458,-0.687302827835083,0.6846095323562622,-1.2061339616775513,-0.8407257795333862,0.6439106464385986,0.3148205876350403,-0.7181578874588013,0.4189985394477844,0.4306265115737915
12139.831,-0.05891985073685646,0.022100085392594337,-1.0005449056625366,-0.06775429099798203,-0.18612021207809448,-0.4726066589355469,28.822784423828125,-9.482935905456543,38.78791809082031,-0.020416947081685066,0.5123245120048523,0.3341452181339264,1.085508108139038,0.2986915409564972,-2.1748101711273193,0.6624279618263245,-0.654329240322113,-0.35440003871917725,1.7672955989837646,-1.5090248584747314,-1.0596306324005127,-0.8291376829147339,-0.5997673273086548,0.46228525042533875
12149.874,0.028831396251916885,-0.02737465314567089,-1.0387402772903442,0.011748671531677246,-0.044741153717041016,0.09647338092327118,32.51882553100586,-11.983529090881348,39.0145378112793,-0.809592068195343,-1.5471512079238892,0.1937711089849472,0.2541295289993286,0.031744733452796936,-2.52781343460083,-1.058483600616455,-0.8576204776763916,-0.7443763017654419,-0.22042377293109894,0.2628428637981415,-0.44175034761428833,-0.1625770628452301,-1.5395052433013916,0.8403109908103943
12159.965,-0.07298008352518082,-0.012926319614052773,-0.9875021576881409,0.15779806673526764,-0.8793869614601135,-0.0529058463871479,29.689481735229492,-9.861915588378906,39.416839599609375,0.2606930136680603,-0.2012508064508438,-1.375600814819336,-1.2729346752166748,-1.1191457509994507,-1.5484834909439087,1.6128289699554443,-0.7681453824043274,0.16273720562458038,-0.34827160835266113,-0.18805889785289764,1.6606656312942505,-0.49599167704582214,-2.6064577102661133,0.6487880945205688
12169.803,-0.016292983666062355,0.006313747726380825,-1.0193698406219482,0.262973815202713,-0.03673567250370979,0.16291223466396332,33.01218795776367,-9.653997421264648,39.69364929199219,-1.1460838317871094,1.4225900173187256,0.4942551553249359,0.04861089587211609,1.0765340328216553,-0.7254128456115723,-0.5293696522712708,-0.3764757513999939,0.14570540189743042,0.04620547592639923,-1.2950108051300049,0.1906130611896515,1.900169849395752,0.6941856741905212,-0.9424468874931335
12180.167,-0.025187354534864426,-0.016949910670518875,-0.988542377948761,0.6124793887138367,0.16094401478767395,0.24810801446437836,29.39554786682129,-10.16756534576416,41.38920593261719,-0.2906233072280884,-1.4755616188049316,-0.27352818846702576,-0.4177547097206116,-0.14288225769996643,-0.8884835839271545,-0.35545092821121216,-0.27290794253349304,0.757066547870636,0.6011744141578674,-0.060436271131038666,-2.924375057220459,-0.9734358191490173,-0.7974807620048523,0.4524495005607605
12189.858,0.023285148665308952,0.0702238604426384,-1.016842246055603,0.6391196846961975,0.8964877724647522,0.41354843974113464,30.808443069458008,-9.996837615966797,37.91218566894531,-1.074005365371704,-2.037839412689209,-0.34524276852607727,-0.7225095629692078,0.19507962465286255,1.6719059944152832,-0.7167821526527405,0.7788251042366028,-0.6006631851196289,-0.5982503294944763,-1.4950982332229614,1.7130013704299927,-0.2992976903915405,-1.0861917734146118,-0.3819761574268341
12200.130,-0.0012922793393954635,0.0037348708137869835,-0.9929205775260925,0.3445442318916321,0.8066905736923218,-0.2640952169895172,28.07390594482422,-8.273883819580078,41.117645263671875,-0.4078875482082367,1.8281804323196411,-1.271093726158142,0.16431191563606262,-0.49347051978111267,0.7541874051094055,0.08826832473278046,-0.7944023013114929,0.7500377893447876,-0.9665363430976868,0.3556545376777649,-0.16896575689315796,-0.18554335832595825,-1.4442222118377686,0.9839426875114441
12210.151,0.08188259601593018,-0.021743526682257652,-1.01189124584198,0.15382692217826843,0.16199904680252075,1.075690507888794,31.00543212890625,-8.602385520935059,40.24041748046875,1.4732955694198608,-1.9678051471710205,-0.9429123401641846,-1.8755583763122559,1.8645589351654053,1.5494260787963867,-0.49090811610221863,-2.3314602375030518,0.1660679131746292,0.1902473270893097,-0.6866287589073181,0.33433836698532104,-1.6775704622268677,-0.1656935065984726,-1.153121829032898
12220.114,-0.08333875983953476,0.02906271629035473,-0.961376428604126,0.3195021450519562,-0.5836635828018188,-0.08125576376914978,28.735172271728516,-11.902464866638184,39.87148666381836,1.109775185585022,0.09431315213441849,0.312067449092865,-0.36060118675231934,0.06150955334305763,0.6550667881965637,-0.7150954008102417,0.9553371667861938,-0.47905197739601135,1.2522227764129639,-0.05722441151738167,1.461172103881836,1.3510597944259644,0.14644882082939148,-0.025024406611919403
12229.911,-0.09941958636045456,0.007697729859501123,-0.9739957451820374,0.012336223386228085,-0.49611979722976685,0.7874258160591125,29.98963737487793,-8.472920417785645,38.52985382080078,-1.078992247581482,-0.7241359353065491,-0.15607285499572754,0.6147387623786926,0.19290103018283844,-0.2643805146217346,-0.15277099609375,-0.6977206468582153,-0.030798479914665222,-0.1482163369655609,0.8444144129753113,-0.6184967756271362,2.4442155361175537,1.4119418859481812,0.6949450969696045
12239.977,0.039198316633701324,0.03485269844532013,-1.0059335231781006,-1.0003716945648193,0.3282328248023987,0.6587547659873962,29.919389724731445,-8.790048599243164,40.329376220703125,0.1629616618156433,0.42780524492263794,1.8165621757507324,0.08643392473459244,1.445820927619934,-0.4711484909057617,0.8104293942451477,0.8483688831329346,1.2615983486175537,-0.2124389261007309,0.29188814759254456,2.5055058002471924,0.46137839555740356,-1.70406174659729,-0.1448017805814743
12249.892,-0.005490973591804504,0.02658209763467312,-0.9892085790634155,-0.41809943318367004,0.3582933247089386,0.40085282921791077,29.277103424072266,-8.968688011169434,40.367549896240234,-0.2970333397388458,-1.3644037246704102,-0.732048749923706,-1.0638588666915894,-0.6489513516426086,0.11631699651479721,1.704228162765503,-0.015235360711812973,-0.4574670195579529,-1.373448371887207,0.9187290072441101,-0.8088939785957336,1.6245290040969849,1.876649260520935,0.7529972791671753
12259.933,0.03419588506221771,-0.04215824231505394,-1.0023467540740967,0.6160963773727417,0.6287994384765625,-0.4278905987739563,30.79183006286621,-8.940126419067383,37.4171142578125,-0.017284054309129715,0.40751558542251587,0.2820357084274292,1.332082986831665,0.16211746633052826,-0.6164805293083191,-0.796867847442627,0.6261133551597595,-0.08951634913682938,-0.9365441799163818,0.6006217002868652,1.5958102941513062,-1.7712565660476685,1.907877802848816,0.5170351266860962
12269.814,0.023394422605633736,-0.0198407843708992,-1.000152826309204,0.5055251121520996,-0.9105725884437561,-0.3220149278640747,28.173322677612305,-9.600687026977539,41.42960739135742,0.7150402665138245,-0.2877211570739746,-0.46149611473083496,-0.08850013464689255,0.4020509123802185,0.03792981058359146,-2.0648908615112305,-0.0002438443771097809,-1.9422993659973145,-0.5867778062820435,-1.0541274547576904,0.17613054811954498,-1.3265459537506104,-0.6109697818756104,-0.6689966320991516
12280.024,0.07950545102357864,0.05553193762898445,-0.9987491965293884,-0.43183258175849915,0.2646505832672119,-0.4463759958744049,31.71689796447754,-10.423583030700684,39.93092727661133,0.25643661618232727,0.09564340859651566,-0.22088854014873505,-0.5332376956939697,1.6123639345169067,-0.21302054822444916,-1.3441059589385986,-1.9647125005722046,-0.9995586276054382,0.7936676740646362,-1.247467041015625,0.25138095021247864,0.5504846572875977,-0.5205431580543518,-0.32504016160964966
12289.803,-0.005725356284528971,0.007050377782434225,-1.0103403329849243,-0.5300155878067017,-0.0928443893790245,0.7919048070907593,32.029273986816406,-9.138227462768555,38.4719352722168,1.3565900325775146,1.034163475036621,-1.7426341772079468,-0.1572301685810089,0.9313977956771851,-0.12105312198400497,0.36739832162857056,-0.419509619474411,-0.08561517298221588,-1.2845659255981445,-1.2023732662200928,0.1918894201517105,-0.23229798674583435,0.10166007280349731,-0.13859762251377106
12299.996,0.005984122399240732,0.03832557052373886,-0.9778863787651062,-0.3031332194805145,-0.007062406279146671,0.0044411467388272285,31.19964599609375,-10.935763359069824,39.95644760131836,-1.849488615989685,-0.6460615992546082,2.812331438064575,0.041990626603364944,-0.015382612124085426,0.5363740921020508,-1.3079618215560913,1.5550503730773926,0.15172556042671204,0.1749713122844696,-2.662806272506714,2.1749064922332764,-1.350682020187378,0.9885746240615845,0.6731218099594116
12309.883,-0.02058546245098114,0.024442898109555244,-1.0031492710113525,0.44443780183792114,1.0170167684555054,-0.21379992365837097,27.898160934448242,-10.271184921264648,40.18217849731445,1.0874563455581665,1.1604310274124146,1.0334088802337646,-1.2215297222137451,-0.7656217217445374,0.1542484313249588,0.011344040744006634,0.4175652861595154,1.1730895042419434,-1.253229022026062,0.6470645666122437,0.12323365360498428,1.5046485662460327,-0.3864513337612152,0.9800610542297363
12319.883,0.06940075755119324,-0.06083653122186661,-1.0130892992019653,-0.9440486431121826,-0.1935182809829712,-0.025255845859646797,31.863719940185547,-10.96942138671875,38.74576950073242,-0.011103615164756775,0.2088605761528015,-0.4016166031360626,-0.12793008983135223,0.9192453026771545,0.5438331365585327,-0.5656471848487854,-0.08863665163516998,-2.1202380657196045,-0.016798846423625946,-0.3171460032463074,-0.4828081727027893,1.0577967166900635,0.1595740169286728,-1.2415729761123657
12330.195,0.06199882552027702,0.003924037329852581,-0.9904392957687378,-0.009314095601439476,0.691531777381897,-0.07028645277023315,30.641963958740234,-9.848630905151367,40.035213470458984,-1.9041491746902466,0.9893332123756409,1.9479029178619385,-0.06732554733753204,1.4403088092803955,0.9521230459213257,-0.6582412719726562,-0.9925598502159119,-2.312678098678589,-0.5839694142341614,0.15987689793109894,1.8490692377090454,-1.046075463294983,-0.3347168266773224,1.319446325302124
12339.640,-0.029650026932358742,0.11539162695407867,-1.00811767578125,0.4513154625892639,0.3545795679092407,0.15843847393989563,28.62027359008789,-11.277999877929688,39.53025817871094,-1.1642069816589355,0.04962281510233879,1.1592926979064941,-0.21137870848178864,1.3363027572631836,-1.565517783164978,0.8689360618591309,1.4556491374969482,-0.8977687358856201,0.1027272567152977,0.6570972800254822,-0.3424290120601654,0.8311612606048584,0.7654723525047302,0.1914631575345993
12349.857,0.0064735813066363335,0.0921362042427063,-0.981380820274353,-0.36221006512641907,-0.769412100315094,0.28762155771255493,29.257734298706055,-7.927616596221924,40.78058624267578,-1.1254881620407104,0.3048555254936218,-0.10037877410650253,-0.040649376809597015,-0.7102932333946228,-0.7274406552314758,0.486207515001297,0.5132608413696289,-0.8227875232696533,-1.4379163980484009,0.29030489921569824,0.06190194934606552,-1.0182859897613525,1.6976838111877441,-0.6667611598968506
12359.981,-0.0012401315616443753,0.040553897619247437,-1.0507779121398926,-0.2777113616466522,-0.7782678604125977,-0.9232024550437927,29.879432678222656,-10.28017807006836,41.20850372314453,0.6960311532020569,-0.49871066212654114,-0.5646303296089172,0.27398574352264404,1.3939214944839478,-0.5024377703666687,-1.8258156776428223,1.4561412334442139,-0.33629170060157776,-0.6485222578048706,-0.3666329085826874,0.34350353479385376,-0.4173119366168976,1.7736146450042725,0.4122714698314667
12370.174,0.08518398553133011,-0.05215439945459366,-1.0305320024490356,-0.14976127445697784,1.2496585845947266,-0.11987022310495377,29.19668197631836,-8.46821117401123,40.78928756713867,0.6541955471038818,0.42247718572616577,-0.6275640726089478,1.5910491943359375,0.3318828046321869,1.574034571647644,1.547178864479065,-0.3397873044013977,0.08509278297424316,2.671015977859497,-0.47615936398506165,-1.1415400505065918,1.7802181243896484,0.11929354816675186,0.8875725865364075
12379.868,-0.04504934325814247,-0.075250044465065,-1.0045608282089233,0.06370478868484497,0.9497430324554443,0.3876664340496063,29.918155670166016,-10.469079971313477,37.882755279541016,1.2579237222671509,-0.7851744294166565,0.553588330745697,2.3580682277679443,-0.49001550674438477,-0.3461623787879944,0.029584646224975586,-0.5400483012199402,-0.4057350158691406,1.5224320888519287,-1.030518651008606,-0.38148829340934753,-0.3963114321231842,0.8852804899215698,1.0418049097061157
12389.760,0.05916554853320122,-0.003135338891297579,-1.012908697128296,-0.09183482825756073,-0.551105797290802,-0.20371124148368835,31.006349563598633,-10.784466743469238,39.73249053955078,-0.4832819104194641,-1.52532958984375,0.1364753097295761,0.3385484516620636,0.6501917839050293,0.4209267199039459,1.753121018409729,-0.3705136179924011,-0.984115481376648,1.4238207340240479,2.807898759841919,-0.08528699725866318,0.6142059564590454,-0.08762973546981812,-0.534599244594574
12400.105,0.039643045514822006,0.06639423966407776,-0.9799793362617493,-0.07689924538135529,0.4011576175689697,-0.0945785790681839,28.530364990234375,-12.108139991760254,39.89273452758789,0.4261643588542938,0.09609641134738922,-0.4568338394165039,-0.15920010209083557,0.2527643144130707,-0.8539144992828369,0.6306590437889099,-0.6795697808265686,0.30325615406036377,1.1096078157424927,-0.4611026644706726,-0.2767159938812256,2.052067518234253,-0.08116982132196426,0.5379365086555481
12410.051,0.05122540518641472,0.010840341448783875,-0.9571744203567505,0.20944704115390778,0.09194173663854599,-0.608936607837677,30.986541748046875,-8.992546081542969,39.6327018737793,-1.4431780576705933,1.2110822200775146,-0.05335017293691635,-1.6309483051300049,-0.08541008830070496,-0.5590871572494507,-0.8205453157424927,-1.275609016418457,1.328900694847107,0.8269627690315247,-0.3659351170063019,-0.08707290142774582,0.8031468391418457,-0.46172112226486206,0.8876307010650635
12420.255,0.031147634610533714,0.08286946266889572,-1.0043514966964722,-0.12842227518558502,0.2109769582748413,-0.7224726676940918,29.543888092041016,-12.272467613220215,40.58340072631836,0.862385630607605,0.20211416482925415,-0.22597423195838928,-0.4942079484462738,0.2448398321866989,-0.1348382532596588,-0.18667474389076233,-0.2516338527202606,-0.31698349118232727,-0.22858045995235443,0.6822975277900696,0.23750409483909607,1.6682000160217285,2.498701333999634,0.3918425440788269
12429.776,0.11363539099693298,-0.04842570796608925,-1.0196855068206787,0.06198105216026306,0.19029639661312103,-0.19088521599769592,30.245712280273438,-9.199703216552734,38.873409271240234,-1.2044410705566406,0.26348015666007996,0.6841167211532593,-0.3815840780735016,-0.42329293489456177,-1.2740870714187622,-1.0582340955734253,1.7740057706832886,-0.11751870065927505,-2.1323254108428955,0.9581139087677002,-0.07597443461418152,0.25101029872894287,0.9334549903869629,0.3159070909023285
12439.939,-0.05772138386964798,0.0659208744764328,-0.9880337715148926,-0.10861749947071075,1.1022465229034424,-0.15202674269676208,29.590776443481445,-9.561691284179688,41.24482345581055,1.3056299686431885,-0.5464829802513123,-1.1173439025878906,-0.2016010284423828,-0.7229748368263245,1.3479305505752563,-0.6437655091285706,-0.19123488664627075,-0.8194926977157593,-1.8378424644470215,0.6621637344360352,2.167546033859253,0.29691338539123535,-1.3967574834823608,-1.2647672891616821
12449.892,-0.0020755701698362827,0.05487458407878876,-0.9817473292350769,1.1651135683059692,0.05117578059434891,0.08675504475831985,30.2401123046875,-10.751297950744629,38.92980194091797,0.2598861753940582,0.7788326740264893,1.425477147102356,0.7660816311836243,0.8115895986557007,-0.33453062176704407,0.5672658681869507,-0.7407565712928772,-0.9221041798591614,1.0449988842010498,-0.011686165817081928,1.3885327577590942,1.3804501295089722,-0.04854730889201164,-0.531704306602478
12459.803,-0.01555551216006279,-0.05333450436592102,-1.0092082023620605,-0.09032497555017471,-0.18673907220363617,0.8348872065544128,29.363391876220703,-8.636528968811035,43.55861282348633,-0.10826929658651352,0.7822549939155579,1.3536914587020874,2.1958117485046387,0.6452877521514893,0.3270954489707947,-0.01932961493730545,1.0070250034332275,1.1332402229309082,0.27350887656211853,-1.3347750902175903,0.7697077989578247,-0.30868014693260193,0.6322578191757202,0.00915501732379198
12469.816,0.017380015924572945,-0.03164905309677124,-0.9700933694839478,0.0002929205365944654,0.9642258286476135,0.07010576128959656,29.76554298400879,-11.330639839172363,40.332191467285156,-0.7536821961402893,-1.1609606742858887,0.49148938059806824,1.79954993724823,1.2537356615066528,0.10594061017036438,-0.6079822778701782,0.7496018409729004,-0.5787745118141174,2.24252986907959,0.5874159932136536,-0.7816720604896545,-0.6563833355903625,0.8189393877983093,-0.22515730559825897
12480.077,-0.005427008029073477,-0.07986071705818176,-1.0085200071334839,0.8010404706001282,-0.7752442359924316,-0.1567658931016922,29.6785831451416,-10.361031532287598,40.0086784362793,-0.22696198523044586,-1.4779880046844482,-0.21328972280025482,0.08451302349567413,1.157887578010559,3.035249948501587,0.07015366852283478,0.20714019238948822,-2.4980363845825195,-0.9280930757522583,-0.8775924444198608,-0.3480038642883301,0.2992856800556183,0.8850207924842834,-0.5200449228286743
12490.372,-0.023446829989552498,-0.0293760783970356,-0.9968386292457581,0.8117063045501709,-0.1299067586660385,0.8403071165084839,28.520931243896484,-11.400053977966309,41.157936096191406,0.6346937417984009,-1.0215795040130615,-1.0676594972610474,-1.190094232559204,1.6784967184066772,-0.06321902573108673,-1.5443943738937378,-1.1359806060791016,0.5647374391555786,0.3657677173614502,0.5140320658683777,1.4828728437423706,-0.23310771584510803,-0.0717838704586029,-0.09090456366539001
12499.969,0.01241296622902155,0.10469063371419907,-0.9648468494415283,0.11622964590787888,-0.17702171206474304,0.4366421103477478,27.828195571899414,-10.532571792602539,38.38429260253906,1.9272174835205078,-0.932429313659668,0.189741313457489,0.39286041259765625,0.2927572429180145,0.143484964966774,0.6419713497161865,-0.6995459794998169,1.9047399759292603,-0.5461020469665527,-0.689238965511322,-0.5355564951896667,0.7691493034362793,-0.6709447503089905,-0.5764645338058472
12510.014,-0.0633985623717308,0.04022904485464096,-0.9943708777427673,0.31414034962654114,-0.6779829859733582,0.07150730490684509,30.736562728881836,-9.082640647888184,38.815738677978516,-1.0356194972991943,0.2724701464176178,-0.06950215250253677,0.24792106449604034,0.08254136145114899,-0.4871072769165039,-0.04941822960972786,-0.8887460827827454,-1.5159348249435425,-0.2510488033294678,1.134160041809082,1.119699239730835,2.964031934738159,-1.1167516708374023,0.013227272778749466
12519.713,0.0469842404127121,0.04690670967102051,-1.0028935670852661,-0.09014227241277695,-0.054907526820898056,-0.043523892760276794,31.233957290649414,-9.820937156677246,40.96131896972656,-0.4391348958015442,0.5714191794395447,-2.5007238388061523,0.15352271497249603,0.3874216079711914,0.018580084666609764,-0.015413137152791023,0.8640807271003723,0.21350190043449402,0.9916867017745972,-0.9700002074241638,-0.5957168340682983,0.7836793065071106,0.3211090862751007,0.4898012578487396
12530.159,-0.040406323969364166,0.08586502820253372,-0.9879744648933411,0.1267993152141571,-0.58339524269104,-0.6080905199050903,29.82877540588379,-10.011736869812012,40.513004302978516,-0.5997088551521301,0.20807093381881714,-0.007235166151076555,0.9977747201919556,-0.8909733295440674,-0.4395192861557007,-2.238522529602051,-0.7618478536605835,-1.0087776184082031,-0.09837041050195694,-1.1648322343826294,0.3899354636669159,0.28030773997306824,-0.8652493953704834,-0.0885356217622757
12540.105,-0.05336764454841614,-0.05086992681026459,-1.035169005393982,-0.10363145172595978,-0.20222990214824677,-0.2934403717517853,31.179550170898438,-9.8917875289917,39.93425750732422,1.2037540674209595,1.9927737712860107,1.1411786079406738,-3.173875093460083,0.5959582328796387,-0.1296771764755249,0.7438550591468811,-0.24743668735027313,-0.04014081880450249,-1.5850821733474731,1.2737510204315186,2.2102153301239014,-0.6141250729560852,0.36363664269447327,0.8728700280189514
12550.051,-0.041500791907310486,0.017962845042347908,-1.0207027196884155,1.2840431928634644,-0.4597000181674957,0.5991665124893188,30.438762664794922,-11.654921531677246,39.135704040527344,-1.7444359064102173,0.808345377445221,0.014029801823198795,0.47570815682411194,-0.4950503706932068,0.6171741485595703,-0.39923790097236633,-1.3700052499771118,0.3247821629047394,-0.5792836546897888,-0.22298474609851837,1.666580080986023,-6.357127131195739e-05,0.11224991828203201,0.42435047030448914
12560.170,-0.011411546729505062,0.0007938248454593122,-0.9579671621322632,-0.057810455560684204,-1.533061146736145,0.5225709676742554,28.779672622680664,-10.215380668640137,40.118106842041016,-0.8973856568336487,0.3659987449645996,0.02428189292550087,0.32879188656806946,-1.224997878074646,-0.2508033215999603,-1.583537220954895,-0.1493227630853653,-0.288715660572052,-1.5996429920196533,-0.024053089320659637,0.54307621717453,1.031833529472351,1.2933695316314697,-0.9804489612579346
12570.006,-0.024370530620217323,-0.07659930735826492,-1.014829397201538,-0.11539880931377411,-1.1851366758346558,0.2539011538028717,30.510547637939453,-9.862659454345703,41.72163009643555,0.34845006465911865,-0.6916055083274841,0.4154979884624481,0.05017518624663353,-1.6060101985931396,0.2769443392753601,0.17397651076316833,-1.0263627767562866,0.6711365580558777,0.6614367365837097,-1.381690263748169,-0.8821403384208679,1.4017823934555054,0.635745644569397,2.0859925746917725
12579.767,0.013191034086048603,-0.025723077356815338,-1.0049940347671509,0.5957382321357727,-0.09716269373893738,-0.24819903075695038,29.37895393371582,-9.549144744873047,39.17192077636719,0.10623955726623535,-0.150468111038208,-0.9492623209953308,-1.4875988960266113,0.34658485651016235,-0.7166322469711304,0.8521725535392761,-0.34398454427719116,-0.9576098322868347,-1.170501470565796,1.4954233169555664,-1.4737735986709595,0.5570328831672668,-1.0166867971420288,0.33969995379447937
12589.913,-0.005371280945837498,0.019968656823039055,-0.980614960193634,-0.2846389710903168,-0.9420160055160522,0.3292710483074188,30.138696670532227,-10.662888526916504,40.32927703857422,-0.5104649066925049,-0.49619901180267334,0.08024746179580688,0.008629551157355309,-0.2555798888206482,-1.0573875904083252,-0.3946290612220764,0.8181771636009216,-0.8895711302757263,0.44273173809051514,-0.9728997349739075,0.6081464886665344,1.160293459892273,-1.1358383893966675,-0.667206346988678
12599.701,0.007209939416497946,0.013777683489024639,-0.9653225541114807,0.5992222428321838,-0.21123813092708588,-0.7007877826690674,29.836755752563477,-8.391122817993164,39.22552490234375,-1.5248513221740723,0.19920620322227478,-1.6243771314620972,0.3832952678203583,1.070348858833313,0.10450311005115509,-0.16436907649040222,-0.8989615440368652,1.0170847177505493,0.13543002307415009,0.2943357825279236,-0.28964531421661377,0.8003623485565186,-0.8014169931411743,-1.1623313426971436
12610.124,0.016682535409927368,0.01013199333101511,-0.9827684760093689,-0.15959450602531433,1.2567574977874756,0.22331005334854126,29.91704559326172,-9.185790061950684,40.344303131103516,1.3012996912002563,1.0945144891738892,-0.9862332344055176,0.7014420628547668,-0.7841684222221375,0.7839689254760742,0.028611743822693825,-0.4954383075237274,-1.5425879955291748,0.332651823759079,-0.24086636304855347,-0.5277115702629089,-1.4857192039489746,0.43223288655281067,0.5177699327468872
12620.069,-0.04084113985300064,0.029942350462079048,-1.0289313793182373,-0.31194692850112915,-0.15992029011249542,0.07390712201595306,29.439489364624023,-10.637106895446777,39.045780181884766,0.5283324718475342,-0.4640630781650543,0.7920339703559875,0.28904977440834045,-0.8517839312553406,-1.2360538244247437,-1.6904093027114868,1.0534234046936035,0.8580883741378784,-0.5080211162567139,0.5052543878555298,-0.8823158144950867,-0.8658997416496277,0.2794392704963684,1.264836072921753
12630.107,-0.027278514578938484,-0.07565061748027802,-1.007026195526123,-0.5617283582687378,0.5822949409484863,0.31156274676322937,29.703277587890625,-9.615102767944336,40.40200424194336,-0.9019147753715515,-0.16770847141742706,0.8415399193763733,0.10248231142759323,0.027399636805057526,-1.047790288925171,-0.8121016025543213,1.7684190273284912,-0.6953022480010986,-1.2947273254394531,-2.5287468433380127,0.5503369569778442,-0.9928616881370544,-0.26333871483802795,0.22327092289924622
12640.051,0.035713568329811096,-0.00710713304579258,-1.019214391708374,-0.31041547656059265,-1.2362841367721558,0.8911112546920776,30.42811393737793,-8.174954414367676,40.62638854980469,0.25912657380104065,0.3575233221054077,0.20408813655376434,0.24922946095466614,0.6986203193664551,-1.6452082395553589,0.34681540727615356,0.2075931429862976,-0.26157721877098083,0.4199860990047455,0.23549605906009674,0.19938133656978607,-0.8447513580322266,-0.12261243164539337,-0.5955332517623901
12649.956,0.07356805354356766,0.056363124400377274,-0.9830796718597412,0.11550001800060272,0.12509168684482574,0.5629931092262268,29.483257293701172,-9.129344940185547,40.46965026855469,-0.2881230413913727,0.47032859921455383,0.7701404690742493,-0.5202954411506653,-0.106268510222435,0.11904435604810715,1.257778525352478,0.20102661848068237,0.08256328850984573,0.15372979640960693,-0.11757715046405792,0.10488084703683853,0.43306678533554077,-0.7264865636825562,1.412365198135376
12659.742,0.02116057090461254,-0.05659831687808037,-1.0284804105758667,0.4893363416194916,0.026176517829298973,0.9038468599319458,29.99541473388672,-7.8312177658081055,38.1083869934082,-0.0900259017944336,0.7667651772499084,0.5599775910377502,0.43035852909088135,-1.5734457969665527,-1.2644028663635254,0.21446126699447632,-0.24314440786838531,0.5257970690727234,-0.5533299446105957,-0.8051926493644714,-0.9692488312721252,0.6871000528335571,-0.3974584937095642,-1.8537453413009644
12669.779,-0.005260585807263851,-0.019912268966436386,-0.9758760929107666,-0.3013443052768707,-0.35939139127731323,-0.07251551747322083,31.388259887695312,-12.97270393371582,40.8292236328125,-0.28668996691703796,0.09246165305376053,-0.701651930809021,-2.180438995361328,0.7859616279602051,-0.06924215704202652,0.11326297372579575,0.22034038603305817,0.08033939450979233,-0.29970672726631165,0.11745873838663101,-0.3386222720146179,-0.1881636679172516,0.38005727529525757,-1.7560710906982422
12680.036,0.05732497200369835,0.0314435213804245,-1.0302815437316895,-0.15030694007873535,0.06909846514463425,0.25238317251205444,32.43740463256836,-9.908710479736328,38.201969146728516,0.7983114123344421,1.4815336465835571,-2.1265788078308105,0.09430990368127823,-0.6036322712898254,0.8743807077407837,0.4066605567932129,-0.3791085481643677,-0.4182255268096924,0.017671113833785057,0.22134964168071747,0.14234291017055511,1.7051827907562256,-1.4610729217529297,0.2322397530078888
12689.731,-0.04264349117875099,0.11728466302156448,-1.0090149641036987,-0.12315531075000763,-0.6248912811279297,0.140711709856987,30.097640991210938,-9.485541343688965,39.117374420166016,1.366955041885376,0.3877468705177307,-0.2601695954799652,0.4669210612773895,0.22240594029426575,0.17884285748004913,1.158441424369812,0.6177922487258911,0.597856342792511,1.0418354272842407,0.5769534111022949,1.1068854331970215,1.9232158660888672,-0.5722204446792603,-2.7342357635498047
12699.866,-0.07653868943452835,-0.007305062375962734,-1.0156186819076538,-0.30216968059539795,-0.5131692886352539,0.014703307300806046,29.026079177856445,-10.040539741516113,37.79402160644531,1.3623385429382324,-1.7534949779510498,0.6684266924858093,0.3044239282608032,-0.46804508566856384,-0.29935476183891296,0.06587442010641098,-1.7173033952713013,0.6461772918701172,-0.7860704660415649,1.6082384586334229,1.1250481605529785,-1.0552929639816284,1.2169344425201416,-1.3583098649978638
12710.120,0.04714815691113472,0.07289469242095947,-0.9685861468315125,-0.32142406702041626,-0.21510466933250427,-0.07548641413450241,30.495031356811523,-10.049813270568848,40.300086975097656,1.1463170051574707,-0.46065032482147217,-0.09155009686946869,-0.8116968870162964,0.244369238615036,1.364207148551941,1.5420819520950317,1.3866195678710938,0.24603918194770813,2.0546772480010986,0.4339621365070343,0.2725456953048706,0.6689807772636414,-0.46097415685653687,0.3578857183456421
12720.128,0.0074022626504302025,0.07768237590789795,-1.0048646926879883,-0.6745088696479797,-0.6809748411178589,-0.32614365220069885,30.08319854736328,-9.356945037841797,40.59795379638672,1.526898980140686,1.5548114776611328,1.555163860321045,0.5212112069129944,-0.22952096164226532,-0.3275981545448303,-0.35589295625686646,-0.38823196291923523,0.1791856437921524,-0.712483286857605,0.8063324689865112,0.10928282141685486,0.5618075728416443,-1.1408195495605469,-1.0162994861602783
12729.857,0.065221406519413,-0.10010096430778503,-1.0268155336380005,0.37127095460891724,0.3381364643573761,-1.1553535461425781,29.743854522705078,-9.146809577941895,39.93711853027344,-0.6869656443595886,-0.28851988911628723,-1.8171608448028564,0.33712831139564514,0.7433080673217773,-0.49228495359420776,-0.5651155710220337,1.1723244190216064,0.4604579508304596,-0.37174898386001587,0.22886405885219574,1.688966155052185,1.8759270906448364,0.8146766424179077,-2.753937244415283
12740.167,-8.086814341368154e-05,-0.06975838541984558,-1.016266107559204,-1.077868103981018,-0.2658325135707855,0.32896414399147034,29.091169357299805,-8.612117767333984,40.28404235839844,-0.42941126227378845,1.5127367973327637,0.08385469764471054,-0.43670275807380676,-1.3827801942825317,1.5854753255844116,1.5994198322296143,-0.2781335413455963,-0.031012970954179764,-0.7202816009521484,-2.382009267807007,0.25227004289627075,-0.04869525134563446,0.1756848692893982,-0.4096439480781555
12750.141,-0.006622916553169489,0.05642964318394661,-1.0002772808074951,0.6582249402999878,0.14945681393146515,-0.07300189137458801,29.712913513183594,-8.82280445098877,40.208030700683594,0.15017662942409515,-0.2095179259777069,-0.09255937486886978,-1.225052833557129,1.2031550407409668,1.6917282342910767,0.15919074416160583,1.1282979249954224,-1.5657285451889038,-0.25448283553123474,-0.028592517599463463,-0.9521229863166809,-1.6313661336898804,1.287413477897644,-0.3300352096557617
12759.985,-0.03217180818319321,-0.009421488270163536,-1.0094785690307617,0.07843281328678131,0.15507815778255463,-0.306478351354599,30.779176712036133,-8.354595184326172,41.56749725341797,0.9303975105285645,-1.6072916984558105,0.9320459365844727,-0.3481021821498871,0.8445132374763489,-1.8400415182113647,0.21648910641670227,1.0537292957305908,-1.2116512060165405,-2.9809763431549072,0.2123364955186844,0.3636983036994934,-0.010056192055344582,1.5019690990447998,-1.5219779014587402
12770.088,0.10094092041254044,-0.06336827576160431,-1.0619354248046875,0.16118168830871582,-0.735875129699707,-0.4211634695529938,29.62469482421875,-11.256369590759277,40.73614501953125,0.2854164242744446,1.100128412246704,-0.13804201781749725,0.05198999494314194,0.41854381561279297,1.2036700248718262,1.2067033052444458,-0.11821410059928894,0.052915021777153015,-1.2586076259613037,0.42904603481292725,-1.1473617553710938,0.4430636167526245,0.06734093278646469,-0.20295093953609467
12780.305,-0.06875461339950562,0.12080143392086029,-0.9833517670631409,-0.8112291693687439,-0.06107069179415703,-0.10141294449567795,30.294818878173828,-9.966222763061523,38.6989631652832,-0.40495336055755615,0.7140668034553528,0.37370729446411133,1.3202005624771118,-1.6756521463394165,0.30973827838897705,0.056355081498622894,-1.0142598152160645,1.1171622276306152,0.3998977243900299,0.3022160530090332,-0.4004313051700592,0.23997622728347778,2.1492226123809814,-0.7261942028999329
12790.260,-0.030356688424944878,-0.012124493718147278,-0.9963913559913635,0.19053693115711212,0.8061566948890686,-0.4975586533546448,30.162487030029297,-9.696754455566406,37.01613998413086,-0.157270610332489,-0.42338648438453674,-0.08527916669845581,0.9196958541870117,0.35845357179641724,-1.7916141748428345,-0.878117561340332,0.8733949661254883,-0.9296392202377319,1.7538999319076538,1.629879355430603,0.8045945167541504,0.39967846870422363,-1.477102279663086,0.36429518461227417
12799.844,0.031522419303655624,-0.008401208557188511,-0.997760534286499,-0.1934797167778015,0.1737271100282669,0.39964890480041504,29.04634666442871,-9.242413520812988,40.538028717041016,0.6055548787117004,-0.7751781344413757,-1.2525910139083862,-0.9492434859275818,-0.2091752588748932,-0.6301799416542053,-0.2269984930753708,0.4297119975090027,1.2129144668579102,-0.5198209881782532,0.7331428527832031,0.28687363862991333,-0.6725262999534607,0.05862982198596001,0.7636944055557251
12809.954,-0.02483281120657921,-0.07488633692264557,-1.0265835523605347,-0.08666728436946869,-0.3972938060760498,0.04103286936879158,29.98345947265625,-9.377096176147461,40.631900787353516,-0.7018553018569946,-2.91737699508667,1.0015649795532227,-0.3684612810611725,0.37745600938796997,0.6334499716758728,0.2672785818576813,1.4077205657958984,-0.7610064744949341,-0.7356454730033875,0.3840049207210541,0.13435980677604675,-0.5750135183334351,1.5836701393127441,-0.13285128772258759
12819.769,-0.0245889313519001,0.018357889726758003,-1.0033084154129028,-0.5116952061653137,0.8440330028533936,0.2407761663198471,30.42115592956543,-10.346004486083984,39.373512268066406,0.5446366667747498,-0.5615357756614685,0.02307913266122341,-0.8934380412101746,0.8846139907836914,-0.5210043787956238,-0.44089657068252563,1.9868944883346558,-1.026578664779663,0.007573169190436602,-1.014728307723999,-0.21051201224327087,1.8407671451568604,-0.42124077677726746,-0.6558854579925537
12829.938,0.017803408205509186,-0.041945502161979675,-1.0040074586868286,-0.0034097384195774794,-0.7739276885986328,-0.8845096826553345,30.765911102294922,-10.68022632598877,40.292781829833984,-0.6858176589012146,-0.1997736394405365,0.1698748916387558,0.4681971073150635,-0.7584754228591919,-0.31747591495513916,0.4457645118236542,-0.5476750731468201,-0.04401620477437973,-0.49349546432495117,-0.1683221161365509,-1.7644566297531128,1.8741066455841064,-0.28088873624801636,0.7857977151870728
12840.260,-0.01615632139146328,0.10766308754682541,-1.0161091089248657,0.01845346949994564,0.4065788984298706,0.3988206386566162,31.57499885559082,-9.62389087677002,40.98516082763672,-2.2516326904296875,-0.028324900195002556,-0.2687268555164337,0.15763816237449646,-0.036255065351724625,-0.9366828203201294,1.6841418743133545,1.0101927518844604,0.17936566472053528,0.4038800597190857,1.531276822090149,-1.1645102500915527,1.3975591659545898,-1.2674545049667358,-0.12889879941940308
12849.826,-0.024808373302221298,0.025606077164411545,-1.0129181146621704,0.07631272822618484,-0.38972213864326477,0.17838914692401886,29.562952041625977,-8.82653522491455,39.288551330566406,0.34929484128952026,0.8092259168624878,0.7911948561668396,-0.09453575313091278,0.15314513444900513,0.055372949689626694,0.4891951382160187,0.9679777026176453,0.4581844210624695,-0.6792306900024414,0.7527000308036804,0.3859597444534302,-1.7220594882965088,1.286002278327942,0.4106098413467407
12859.827,-0.00796840712428093,-0.008130931295454502,-0.9932457804679871,1.645588994026184,-0.26842638850212097,-0.5309280157089233,30.217493057250977,-10.3931884765625,40.686073303222656,-0.9238993525505066,2.1585493087768555,-0.6720073819160461,1.388347864151001,-2.3285515308380127,-0.6044421792030334,0.2313275784254074,-1.028581142425537,0.7070151567459106,2.0126233100891113,-0.14532625675201416,0.732883870601654,-0.22733339667320251,0.10329701006412506,0.8801305294036865
12869.888,0.03022097423672676,-0.017074767500162125,-0.9987884163856506,0.7505308985710144,-1.0190227031707764,-1.5198233127593994,29.740175247192383,-9.512228965759277,39.275184631347656,-0.08597712963819504,-1.403454065322876,0.7762627005577087,1.6523196697235107,-0.688684344291687,-1.3370656967163086,1.0931254625320435,-0.7344099283218384,1.3976941108703613,-0.4097636938095093,-0.41867974400520325,-0.7572638392448425,-0.7972950339317322,0.29365622997283936,0.13044065237045288
12879.911,0.0069244615733623505,-0.07171217352151871,-1.0143009424209595,-1.1348621845245361,-0.397638201713562,0.727314293384552,31.57754898071289,-9.83033275604248,39.418853759765625,-1.1368743181228638,0.9549651741981506,-0.3707333505153656,-0.1778821349143982,-0.4795510768890381,-0.0671197772026062,0.18502837419509888,0.5941632986068726,-0.1898743361234665,0.2645142078399658,1.376068115234375,0.9543065428733826,0.3939618468284607,-0.6076083183288574,0.6645836234092712
12890.079,0.02194981463253498,-0.0645587220788002,-0.9833859801292419,-0.08718088269233704,0.5776975154876709,0.7847258448600769,29.99861717224121,-11.087471961975098,42.86540985107422,-1.4229460954666138,0.7180289626121521,0.20850270986557007,0.8808373808860779,-0.5926922559738159,-0.18599747121334076,-2.21628475189209,-0.23330222070217133,-2.507932186126709,1.7660791873931885,1.0268244743347168,-0.47640079259872437,-0.44545406103134155,-0.6832525134086609,0.0008270416292361915
12899.915,-0.06083584949374199,0.0824589654803276,-0.9811322689056396,-1.0564978122711182,-0.005821999162435532,0.11018285900354385,31.38998794555664,-8.800374031066895,39.40165328979492,-1.4636133909225464,-0.24836818873882294,-0.6427410244941711,1.2483479976654053,-1.0564892292022705,-0.5632820129394531,-0.0007886455859988928,-0.31967270374298096,-1.729178786277771,0.04933178052306175,1.1328465938568115,-0.5359659194946289,-0.13695375621318817,0.3363824784755707,-0.2610395848751068
12910.038,0.0018245527753606439,-0.039626605808734894,-1.0026787519454956,0.11215373128652573,-0.005120450165122747,-0.04404643923044205,29.744869232177734,-9.390436172485352,38.86754608154297,0.24602289497852325,-0.3597143590450287,0.24204954504966736,-0.5609883069992065,1.4092094898223877,-0.8993001580238342,-0.12228667736053467,0.7908114790916443,1.1230086088180542,0.08084966242313385,0.8089936375617981,1.077706217765808,0.3844454288482666,0.700211226940155,-1.3340328931808472
12919.813,0.16479158401489258,0.02237004227936268,-1.0070528984069824,-0.2865513265132904,0.09447503834962845,-0.3604033291339874,29.055932998657227,-9.075226783752441,41.86050033569336,-0.17294518649578094,-0.21376803517341614,-0.7348653078079224,1.446494460105896,-1.1093698740005493,-0.023227959871292114,-0.2774538993835449,0.2885971665382385,1.0276280641555786,0.13227853178977966,0.9822211861610413,0.7165530323982239,1.3709425926208496,0.6656690239906311,0.3347676694393158
12929.620,-0.03962041065096855,0.029109837487339973,-0.9912381172180176,0.49437767267227173,0.06332303583621979,-0.010621774010360241,30.410655975341797,-10.988123893737793,39.8013801574707,-0.4296708405017853,1.371026635169983,1.048633098602295,0.17470721900463104,-0.5742842555046082,0.39398112893104553,1.0050623416900635,-0.047929421067237854,-1.143873929977417,1.0466268062591553,0.4670870900154114,-1.1090456247329712,-0.15790528059005737,0.5806219577789307,-0.2256127893924713
12939.799,-0.012702335603535175,0.01477604079991579,-1.0226080417633057,0.65407794713974,0.20864588022232056,0.5965418815612793,30.551666259765625,-8.480249404907227,39.66794204711914,-0.34888631105422974,-1.7795515060424805,0.05724438279867172,0.0020277630537748337,0.4090794622898102,0.3686898648738861,-0.1197483092546463,-0.12269075214862823,-1.321336269378662,0.37425553798675537,-0.45523273944854736,-0.6123389005661011,-0.16764411330223083,-1.0707331895828247,-2.0165791511535645
12950.099,0.06505485624074936,-0.05953510105609894,-0.9878450036048889,0.26487278938293457,0.5662517547607422,-0.5162725448608398,29.9282169342041,-9.995497703552246,38.868507385253906,-0.8701819777488708,0.5146669149398804,0.15603911876678467,-1.159990668296814,-0.35212743282318115,0.4202724099159241,-0.13906635344028473,-0.8705125451087952,0.23154820501804352,0.3404827117919922,-0.3700745105743408,-0.6345361471176147,-0.6351739168167114,0.3255027234554291,1.5566309690475464
12960.029,-0.04066740348935127,-0.04771561548113823,-1.0119121074676514,0.8709657788276672,-0.060837239027023315,-0.05334070697426796,30.692358016967773,-9.811097145080566,40.671810150146484,0.9838302135467529,-0.22989925742149353,-0.13292880356311798,-1.7801899909973145,-1.175389051437378,0.5526817440986633,-1.2640503644943237,-1.3971117734909058,-1.8537354469299316,-0.09619207680225372,-0.23385187983512878,0.7706131935119629,-0.40841150283813477,-0.28669852018356323,-0.5594033598899841
12970.214,-0.07979708164930344,0.008410230278968811,-0.9900132417678833,-0.3030044734477997,-0.1535964161157608,-0.42905235290527344,30.12900161743164,-10.082352638244629,39.48076248168945,-0.628281831741333,-0.3938489854335785,0.3828561305999756,0.7042662501335144,-1.2421013116836548,-0.9716324806213379,0.750713586807251,0.17489932477474213,1.9196619987487793,-0.6786933541297913,-0.8447782397270203,-0.3503645360469818,0.8958548903465271,-2.5120553970336914,-0.8000791072845459
12980.146,-0.05410515144467354,-0.03113403171300888,-0.9736846685409546,0.42656487226486206,-1.2906683683395386,-1.3506237268447876,32.017887115478516,-8.655089378356934,39.41775131225586,-0.7232241034507751,-1.9170080423355103,0.6939605474472046,1.1253567934036255,1.1600487232208252,-0.32773298025131226,0.7526278495788574,-1.020600438117981,0.1344686597585678,0.011515560559928417,0.8270894289016724,0.2296079844236374,-1.3294591903686523,-1.9810023307800293,0.1997399777173996
12990.048,-0.0031633588951081038,-0.014713933691382408,-0.9933891892433167,0.21444284915924072,0.14600880444049835,-0.2296595424413681,31.044677734375,-11.414855003356934,40.14329147338867,-0.4924992024898529,-0.41906148195266724,-2.7581183910369873,0.39777252078056335,-1.078160285949707,1.6406006813049316,0.45925822854042053,-0.6086564660072327,0.9216859936714172,0.558519184589386,1.7875624895095825,-0.7758225202560425,0.07973016053438187,-1.058427095413208,-2.2497313022613525
13000.049,-0.048694413155317307,0.039041586220264435,-1.0292749404907227,0.5844678282737732,-0.36694473028182983,-0.27994009852409363,29.7611083984375,-9.986289978027344,40.27084732055664,-0.9521276354789734,0.4925203025341034,0.5960618853569031,-0.9391040802001953,1.094234824180603,-0.45582982897758484,-1.4008538722991943,-0.7891815304756165,-0.7673459053039551,0.5903617739677429,0.15513408184051514,0.31289738416671753,0.34654170274734497,0.06197242811322212,-0.5665186643600464
13010.299,-0.0051711564883589745,0.034033264964818954,-1.0249508619308472,0.263704389333725,-0.18766818940639496,-0.014461291022598743,29.46076202392578,-8.615471839904785,38.391029357910156,0.15431560575962067,-1.0436100959777832,-0.8059915900230408,0.41832679510116577,-0.7864550948143005,-2.4028658866882324,-0.06467033177614212,-0.949439525604248,-0.1933259814977646,2.051466941833496,0.6657183766365051,-0.7940033674240112,-0.13986951112747192,0.8410935997962952,-1.1580545902252197
13019.712,-0.0385037399828434,0.0715685561299324,-0.9822869300842285,0.7478420734405518,-0.539616584777832,0.554041862487793,28.91091537475586,-9.417943954467773,37.712135314941406,-0.11083254963159561,-0.3984604477882385,0.38660144805908203,-0.17952409386634827,-0.81845623254776,1.0424907207489014,-0.6332976222038269,-0.1689894050359726,-1.2945324182510376,0.3351847529411316,-0.7379907369613647,-0.27904847264289856,1.703027606010437,-1.6032525300979614,-1.2449676990509033
13029.882,0.005399942863732576,0.030997710302472115,-1.0084482431411743,-0.20473633706569672,-0.32744669914245605,-0.194257915019989,30.633502960205078,-10.384085655212402,37.532997131347656,0.3270413279533386,-1.6857987642288208,-0.21372416615486145,1.9368504285812378,0.8372339010238647,0.4516589641571045,-0.1493837684392929,1.5434019565582275,1.8507940769195557,-0.3220463991165161,-0.21707385778427124,1.363983392715454,-0.4173283278942108,-1.156546950340271,0.6750202178955078
13039.955,-0.06743775308132172,-0.016807500272989273,-0.9748600125312805,0.040688835084438324,-0.26690495014190674,-0.5748287439346313,28.744338989257812,-9.980563163757324,39.468318939208984,-0.6320963501930237,-0.25655505061149597,-0.32358407974243164,-0.963721513748169,1.9364526271820068,-1.0099939107894897,-0.15578874945640564,-0.3815418779850006,-0.9445933699607849,-0.20733420550823212,-1.021134614944458,0.8658348917961121,-0.11026520282030106,0.30033835768699646,0.4423767924308777
13049.851,0.018463844433426857,-0.03168252483010292,-1.0135796070098877,-0.6498430371284485,0.07116001844406128,-0.4258210062980652,30.37527084350586,-10.298492431640625,40.056583404541016,0.12741518020629883,1.771712064743042,-1.3192228078842163,-0.8405531048774719,-1.0933722257614136,1.1189974546432495,0.032201461493968964,-1.2078793048858643,0.5693661570549011,1.0595022439956665,0.8756170272827148,-0.2618330717086792,0.5260469317436218,-0.928316056728363,-1.2218542098999023
13060.158,0.12289518862962723,0.003938246518373489,-1.0227102041244507,-0.41084396839141846,0.3325609564781189,0.5079748034477234,29.724044799804688,-11.473838806152344,39.18809509277344,0.19724774360656738,-1.7733550071716309,-0.3561481833457947,-0.8723568916320801,-0.6642583012580872,1.0190445184707642,0.44647952914237976,1.1429638862609863,-1.9768831729888916,0.8093212246894836,-1.1020344495773315,0.6653710603713989,0.595112144947052,-0.3129088580608368,1.025184988975525
13069.893,-0.053632888942956924,0.11784633994102478,-0.9866600632667542,0.7549853920936584,0.04163312911987305,-0.35978156328201294,29.960866928100586,-9.928461074829102,39.56412124633789,0.66604083776474,1.6506233215332031,-0.46345198154449463,-0.19693177938461304,-0.42223262786865234,-2.2437474727630615,-2.654594898223877,0.08681917935609818,-1.122496247291565,-0.5301141738891602,0.7020968794822693,0.4095150828361511,-0.15681056678295135,-0.8667820692062378,0.6645020842552185
13080.047,0.03062373585999012,0.0794631838798523,-1.0085687637329102,-0.06127084791660309,-0.6475735306739807,0.1723698079586029,29.633996963500977,-10.20730209350586,41.51464080810547,-0.6037321090698242,0.30930063128471375,-0.7741779685020447,0.485933780670166,-1.1089215278625488,1.901102066040039,0.052012860774993896,-1.559765100479126,-0.4435606300830841,-1.6174392700195312,-0.3573588728904724,-1.3039617538452148,0.8474723696708679,-0.07102974504232407,-1.3514333963394165
13090.183,0.02070523053407669,0.044315438717603683,-1.0003598928451538,-0.6758003830909729,-0.0265277698636055,-0.23202554881572723,30.115642547607422,-7.877429008483887,40.92013168334961,-0.33466747403144836,0.7462806105613708,0.5206111073493958,0.4836716651916504,0.5566065311431885,-0.43225815892219543,-1.5787612199783325,-1.9584485292434692,-0.3313857913017273,0.4054964780807495,-0.6176055073738098,1.1171348094940186,-0.039623111486434937,0.5597648024559021,-1.2589863538742065
13099.978,-0.02945340983569622,0.013120344839990139,-1.005433440208435,0.1822585165500641,0.07010573893785477,0.3751927614212036,30.443958282470703,-10.064790725708008,40.701717376708984,-0.8548606634140015,0.08935189247131348,-0.3887007236480713,-0.551770031452179,1.427804708480835,-0.36548563838005066,0.7001420855522156,-1.61665940284729,0.9158894419670105,-0.6894206404685974,0.26210322976112366,-0.48757100105285645,0.25028276443481445,1.480103850364685,1.2769744396209717
13110.245,-0.03116345964372158,-0.04303382337093353,-1.004131555557251,-0.29968321323394775,-0.42792871594429016,0.05504633113741875,30.613054275512695,-10.834038734436035,39.63531494140625,1.4889822006225586,-0.9905667901039124,-0.7875326871871948,2.041785717010498,0.13356445729732513,0.013318507932126522,-0.5384790301322937,0.3714161813259125,1.112498164176941,0.3202498257160187,0.10133889317512512,0.19436980783939362,-0.04979049786925316,0.17586712539196014,-1.6136986017227173
13119.968,0.05633559077978134,0.040410108864307404,-0.9751079082489014,0.9089663624763489,0.414779931306839,-0.9999122023582458,29.161590576171875,-11.122363090515137,39.69233703613281,1.111539602279663,-0.908690869808197,-0.9393510818481445,0.7888695597648621,-0.08287206292152405,0.08749411255121231,-1.0462278127670288,-0.20536142587661743,-0.4964258074760437,-0.5625039935112,0.7131137251853943,0.81813645362854,-0.4853164851665497,-1.3407154083251953,0.798091471195221
13130.145,-0.020688513293862343,-0.02370673045516014,-0.9928516745567322,0.5732906460762024,-0.13898637890815735,0.6108360290527344,29.736148834228516,-9.2893705368042,37.79600143432617,0.692869246006012,-0.2660754919052124,-0.5242024064064026,-2.8706395626068115,0.1881585419178009,2.068418264389038,-1.086368441581726,0.46629542112350464,-0.41022196412086487,1.8822288513183594,0.30825984477996826,-0.5326429605484009,1.7548266649246216,-1.315780758857727,-0.28497248888015747
13139.752,-0.02324615605175495,-0.08121901005506516,-1.0053688287734985,0.10683748871088028,0.377664178609848,-1.0145552158355713,30.27093505859375,-9.270251274108887,39.552738189697266,-1.1687512397766113,1.8706539869308472,1.2885335683822632,0.4952298402786255,-1.4624803066253662,-2.8310446739196777,-0.8727353811264038,0.11778558790683746,-0.20274926722049713,1.0993307828903198,-0.6190356016159058,-0.724811851978302,0.307405024766922,-0.08020611852407455,-0.8435187339782715
13149.970,0.0792696550488472,0.05430365726351738,-0.9796053171157837,-0.6403543949127197,-0.39649903774261475,-0.11317572742700577,29.885713577270508,-9.770291328430176,40.5955924987793,-0.9513084292411804,2.3279473781585693,1.4687824249267578,-0.12817083299160004,0.5753617286682129,-0.42403754591941833,-1.1832337379455566,1.4124115705490112,1.7971150875091553,0.21296609938144684,0.713481068611145,0.08636439591646194,-0.9505783319473267,2.3595423698425293,-0.1860375702381134
13160.069,-0.013672998175024986,0.002606186782941222,-1.0181154012680054,-0.365831196308136,0.04084785282611847,-0.48066824674606323,31.312257766723633,-9.845564842224121,40.52496337890625,1.4875847101211548,-0.31970277428627014,-0.8112415671348572,-0.4018462300300598,0.24308766424655914,0.5314326286315918,-1.0499554872512817,-0.22193250060081482,-0.004218713846057653,0.687813937664032,0.6344771385192871,-0.7703373432159424,-0.6496419310569763,-0.26497361063957214,1.2165255546569824
13170.432,0.03954407945275307,0.02884291671216488,-0.9957004189491272,0.19106492400169373,0.8247073292732239,0.2773093581199646,29.893461227416992,-9.974997520446777,40.267425537109375,3.043590545654297,-0.6820172071456909,0.48432114720344543,-0.6539887189865112,0.48688891530036926,-0.5490346550941467,-0.21491430699825287,0.43691781163215637,1.8151581287384033,-1.1347683668136597,-0.16227567195892334,-0.549906849861145,-0.5562539100646973,0.22796352207660675,-0.29326316714286804
13180.051,0.029629116877913475,-0.002631149487569928,-0.9913151264190674,0.14444796741008759,0.03591438755393028,-0.5549160242080688,28.551746368408203,-8.283770561218262,40.71318054199219,-1.2602661848068237,1.3667429685592651,0.5073259472846985,1.396726369857788,0.44894540309906006,0.5886738300323486,-0.6532365083694458,-1.7198500633239746,1.4998096227645874,0.25437459349632263,0.9150925874710083,1.1876224279403687,-1.2180795669555664,-1.4413474798202515,0.8440325260162354
13189.959,-0.00039570301305502653,0.0974893644452095,-0.9825772047042847,-0.17217175662517548,0.15523257851600647,0.4295516908168793,30.92404556274414,-9.605325698852539,38.66767883300781,0.8248797059059143,-0.4211747646331787,-0.6258292198181152,0.3126920759677887,0.11132313311100006,-1.9364049434661865,-0.3254909813404083,0.042274538427591324,0.9576656818389893,-0.20565006136894226,-1.855006456375122,-0.6432137489318848,0.9942912459373474,1.2198576927185059,-0.711056113243103
13200.283,0.028741400688886642,-0.00908471830189228,-0.961208164691925,-0.5117246508598328,0.2913922965526581,0.5519878268241882,30.205734252929688,-10.585792541503906,38.64324951171875,0.5434655547142029,1.821415901184082,0.6978564262390137,0.5217939019203186,0.9581490159034729,0.5685076117515564,0.2654273509979248,-0.6363584995269775,-2.3323183059692383,0.4327349066734314,-0.5984578132629395,0.9967825412750244,-0.681071937084198,0.938845694065094,0.23940953612327576
13210.124,0.029067600145936012,0.08103470504283905,-0.9983264207839966,-0.263922780752182,-0.5357624888420105,0.5593200922012329,30.26964569091797,-8.989768981933594,40.47549819946289,0.8561155200004578,1.2827509641647339,-0.5069712996482849,-0.21906110644340515,0.14097782969474792,0.7688328623771667,-0.6641960144042969,0.7358447313308716,-0.6236836314201355,1.4650187492370605,-0.6658604145050049,1.125734567642212,0.43440112471580505,0.48569050431251526,0.3708881735801697
13220.213,-0.055479612201452255,-0.0008476310176774859,-0.9735214114189148,-0.4435955882072449,0.8358450531959534,-0.8708125948905945,28.73699188232422,-8.485740661621094,40.77460479736328,-2.2847113609313965,-1.3230113983154297,0.5736374855041504,-1.1479591131210327,0.9034194350242615,0.09876276552677155,0.5444555282592773,1.5309648513793945,0.04263105243444443,-0.914356529712677,1.1478638648986816,1.4314355850219727,-0.6795181632041931,-0.7181880474090576,-1.6920135021209717
13229.918,-0.013420908711850643,0.06029166281223297,-0.9436928033828735,-0.03929102048277855,-0.9669817090034485,1.0853421688079834,29.4552059173584,-11.028270721435547,39.439918518066406,0.2727765738964081,1.1951106786727905,-1.4838604927062988,1.5626118183135986,0.8830004930496216,-0.6387792229652405,0.7085428237915039,0.34127917885780334,0.39764833450317383,-0.24672159552574158,-1.6593053340911865,0.8254755139350891,0.04354851692914963,-0.18888737261295319,1.5305147171020508
13240.213,0.06150981783866882,-0.03731647878885269,-0.9496990442276001,-0.2825319170951843,0.7483496069908142,-0.09983301907777786,29.517507553100586,-10.235111236572266,39.46418762207031,0.8616540431976318,1.1184086799621582,-1.3316494226455688,-1.1565550565719604,0.772581934928894,0.151527538895607,1.0009900331497192,-0.18209192156791687,0.3646140694618225,-0.886175811290741,0.42252886295318604,-0.5523029565811157,-0.564394474029541,0.19511651992797852,0.19441969692707062
13250.112,-0.04408925026655197,0.0005757255712524056,-1.020555853843689,0.636780321598053,-0.24397455155849457,0.9391093254089355,30.5974178314209,-10.263794898986816,38.838401794433594,0.6699113249778748,0.551262617111206,1.3288880586624146,-0.21774333715438843,-0.2168559730052948,1.310837745666504,0.8201241493225098,-0.2322951704263687,0.0006173169822432101,0.26177334785461426,-0.2866293787956238,-0.3246781826019287,1.2541552782058716,-0.6342193484306335,0.9218114018440247
13259.783,-0.030394092202186584,0.0448286272585392,-1.0258554220199585,0.14550618827342987,0.07826641947031021,-0.20691914856433868,29.850936889648438,-9.578396797180176,41.448097229003906,0.12207824736833572,0.10249298810958862,0.312552809715271,0.9113028049468994,-0.31056761741638184,-0.9185757040977478,0.4735082983970642,0.7434709668159485,1.3666772842407227,0.38012075424194336,-0.18256451189517975,0.27885952591896057,-1.1194065809249878,0.4631880819797516,-0.9446996450424194
13270.054,0.0996980294585228,-0.0981433317065239,-1.0011018514633179,0.7607091069221497,-0.20147758722305298,0.6525212526321411,29.293804168701172,-10.7628173828125,39.144588470458984,-0.6604810357093811,-1.426533579826355,-1.5047338008880615,-1.1351640224456787,0.31290125846862793,-2.6260597705841064,0.8740624189376831,-0.7325475215911865,0.3894396424293518,2.462953805923462,1.431276798248291,1.4097864627838135,0.5178560614585876,-1.1442174911499023,1.1462668180465698
13279.852,-0.015861250460147858,-0.08051308244466782,-0.9970465898513794,-0.3065224885940552,-0.007833326235413551,0.26270824670791626,30.033071517944336,-8.016646385192871,40.357154846191406,-1.9193042516708374,0.3846617341041565,-0.03747023269534111,-2.1670589447021484,0.36278992891311646,-0.3309568166732788,-0.6942104697227478,-0.044514767825603485,-0.8435273766517639,-0.2908308804035187,-1.0727710723876953,-1.0003955364227295,-0.32916128635406494,0.16325338184833527,-0.11753889918327332
13289.871,0.0489015206694603,-0.016940796747803688,-0.9797311425209045,0.14857569336891174,0.09839993715286255,0.04815696179866791,30.74675178527832,-8.851151466369629,40.3162841796875,1.3357324600219727,0.8244454860687256,-0.2457159161567688,-0.5424999594688416,1.1367334127426147,-0.17016389966011047,0.33827415108680725,0.9225041270256042,-0.32395538687705994,-0.6746779680252075,0.2482191026210785,-0.03597366064786911,-1.1658565998077393,-0.29263749718666077,-1.0498826503753662
13300.050,-0.05294264480471611,0.07585335522890091,-1.0210071802139282,-0.029066845774650574,0.3682500720024109,-1.095362901687622,31.812204360961914,-9.219355583190918,40.50919723510742,0.3615938425064087,-2.2358016967773438,-1.056869626045227,1.3211692571640015,-2.1607649326324463,0.888985276222229,-0.6322399973869324,1.6472420692443848,1.2595109939575195,1.207728385925293,-1.6172927618026733,1.0227782726287842,0.7828144431114197,2.3609867095947266,-1.5923722982406616
13309.920,0.020112359896302223,0.04397724196314812,-1.0171923637390137,-0.09690962731838226,-0.41825801134109497,0.1738700419664383,29.418643951416016,-10.386982917785645,39.91138458251953,0.44375354051589966,-0.5337005853652954,1.2559343576431274,0.6936603784561157,0.2961637079715729,0.9703782796859741,-0.5572925209999084,-1.6360180377960205,0.9966149926185608,-0.13122262060642242,0.7396569848060608,0.9643754363059998,-0.9236255884170532,-1.3527097702026367,0.5091753602027893
13320.138,-0.09160736948251724,0.06793539971113205,-0.9683865308761597,0.1094697117805481,-0.15561716258525848,-1.357343316078186,30.13755989074707,-11.779989242553711,38.77653121948242,-0.9159590005874634,-0.10910797119140625,-1.4018746614456177,0.42606329917907715,0.002772802487015724,-0.41620224714279175,1.2475197315216064,-0.2066946178674698,1.7458605766296387,-0.0606197826564312,-0.6154313087463379,-1.9331997632980347,-2.169938564300537,-0.2495877891778946,-0.00979662500321865
13330.055,-0.03454866632819176,0.10300761461257935,-0.9971552491188049,-0.3771894574165344,-0.19609257578849792,0.7664623856544495,31.150598526000977,-9.33394718170166,39.727500915527344,2.532513380050659,0.2322741448879242,0.6300890445709229,0.7497354745864868,-0.5089514851570129,0.28300023078918457,0.8541906476020813,-0.35744234919548035,0.8145033717155457,1.741091012954712,0.29868048429489136,-1.4842901229858398,0.6542184352874756,-0.33955955505371094,0.1491163671016693
13339.876,-0.007992778904736042,-0.02215150184929371,-0.9863470196723938,0.2344484031200409,1.0681908130645752,0.6198697090148926,29.706777572631836,-9.388870239257812,40.319854736328125,0.7094262838363647,2.5738937854766846,0.5197480916976929,1.2200486660003662,-0.4018442630767822,-0.05426665395498276,-0.1734471470117569,-0.3615944981575012,1.2075586318969727,0.38793379068374634,-0.49000293016433716,-0.276152104139328,0.24011294543743134,-0.089279904961586,0.8700363636016846
13349.552,-0.11073583364486694,0.051067110151052475,-0.9914952516555786,0.5391061902046204,0.4408825933933258,0.7749563455581665,30.112348556518555,-9.840811729431152,39.23755645751953,1.1751865148544312,-1.5937385559082031,-1.4317353963851929,0.02546420320868492,0.06792081147432327,-0.4664892554283142,-1.5173799991607666,-0.6301836371421814,0.5444719195365906,-1.526815414428711,1.3849354982376099,-0.29504233598709106,0.4212586581707001,0.4802132844924927,-1.1541517972946167
13359.823,0.05070869252085686,0.0075711035169661045,-1.0170412063598633,0.09200430661439896,-0.149351567029953,-0.4996415078639984,31.189714431762695,-8.882402420043945,39.76108932495117,0.8812482357025146,-0.5028463006019592,-0.33466285467147827,0.35887089371681213,0.7342584729194641,1.4601240158081055,0.5957810282707214,1.4311681985855103,0.22963398694992065,1.1406161785125732,-0.7738969326019287,-0.550125241279602,-0.6702268123626709,-0.019901597872376442,0.4218199849128723
13370.015,-0.0971287190914154,-0.040232930332422256,-0.9732666611671448,-0.7455810308456421,0.1875293105840683,-0.6836572885513306,29.453662872314453,-10.386513710021973,39.98554611206055,-0.3718351125717163,-0.248430535197258,-0.9635598063468933,0.49128222465515137,-0.06155392527580261,-1.1938369274139404,-2.154123544692993,-0.302932471036911,0.04466230422258377,0.17604131996631622,1.1737000942230225,0.44215255975723267,0.4908802807331085,-0.7584125399589539,-1.7623218297958374
13379.868,-0.06215587258338928,-0.007247789762914181,-0.9962757229804993,-0.48610618710517883,0.274709552526474,-0.6720449328422546,31.477235794067383,-10.30201244354248,40.55617141723633,-1.2411997318267822,1.5106419324874878,0.21272677183151245,1.5113954544067383,-0.5397255420684814,-0.09555164724588394,0.6815298795700073,-1.1485514640808105,-0.20197176933288574,-1.2862790822982788,-0.33060508966445923,0.17462874948978424,-0.943487823009491,0.2182280570268631,-0.2000855803489685
13389.819,0.07341262698173523,0.05594775080680847,-1.0147204399108887,-0.002270213793963194,0.2732195556163788,-0.5584238767623901,30.771114349365234,-8.666587829589844,39.25713348388672,-1.5302281379699707,0.1523304581642151,-1.003821611404419,-0.44326481223106384,-0.5086873769760132,0.8708605766296387,1.648527979850769,0.6998166441917419,0.11586252599954605,-1.2480214834213257,0.8042590618133545,-0.8416110277175903,0.6840495467185974,-0.8281118869781494,-2.1449036598205566
13399.796,0.044644761830568314,-0.004020472057163715,-0.9878608584403992,0.47023290395736694,0.04000697284936905,-0.34188222885131836,30.722320556640625,-11.560042381286621,40.57158660888672,-0.8677815198898315,-1.1823245286941528,1.4234552383422852,-0.47792840003967285,-0.3939134180545807,-0.5559086799621582,-0.05311671271920204,-0.3801090717315674,-2.5961246490478516,1.007992148399353,-0.6760940551757812,-0.9255163669586182,-0.22268807888031006,1.7955436706542969,-0.2753766179084778
13409.836,0.08401805907487869,0.0933157205581665,-0.9761434197425842,-0.5394886136054993,0.28679540753364563,-0.06220205873250961,30.71217155456543,-8.53601360321045,41.9059944152832,0.5060655474662781,-0.6501034498214722,-1.5522490739822388,-1.413840889930725,-0.08240318298339844,-0.5501846671104431,1.7694532871246338,1.202680230140686,-0.5393315553665161,2.127608299255371,0.4474550187587738,0.7978577613830566,-2.24992299079895,0.6020551323890686,0.5859493613243103
13420.201,-0.08043397217988968,-0.0561012402176857,-1.053916096687317,-0.38211023807525635,0.3890411853790283,-0.1016794741153717,30.104650497436523,-10.883875846862793,41.20616912841797,1.3684133291244507,-0.6992799639701843,-2.0169668197631836,2.2448930740356445,0.2956129312515259,-2.3479628562927246,0.36321187019348145,-0.3954436182975769,-0.22413751482963562,0.5207970142364502,-0.16466917097568512,0.08616404980421066,-0.7291868329048157,0.2683248221874237,-1.0182335376739502
13430.143,0.04919043928384781,-0.06903497874736786,-0.9548985362052917,-0.09233945608139038,-0.12075945734977722,-0.32126712799072266,28.7315673828125,-8.506596565246582,39.590553283691406,0.9504202008247375,0.2981455624103546,0.5743573904037476,0.593007504940033,0.423335462808609,-0.13306738436222076,0.297789990901947,1.6667824983596802,-1.402299165725708,0.7213099002838135,-1.63031005859375,-0.37341055274009705,1.6644002199172974,0.9972416162490845,-0.9269752502441406
13439.968,0.043444808572530746,0.020724989473819733,-1.0093603134155273,-0.4023991525173187,0.13942401111125946,0.2199898660182953,30.83181381225586,-12.33980655670166,39.72562789916992,1.1515448093414307,-1.0291582345962524,0.269349068403244,0.9525822997093201,1.1691005229949951,1.378678560256958,-0.20219628512859344,0.43390968441963196,-1.341294765472412,1.3764574527740479,-0.4883306920528412,-1.9906566143035889,-0.6339496970176697,1.1037906408309937,0.1328129917383194
13450.020,0.05891553685069084,0.021342985332012177,-1.0183703899383545,0.193182572722435,-0.17805537581443787,0.14923369884490967,30.619482040405273,-11.58103084564209,39.518497467041016,-0.022876812145113945,-1.5375593900680542,1.6531206369400024,0.5897284150123596,0.8130544424057007,0.3129141926765442,0.7775146961212158,-0.4589295983314514,-0.6830638647079468,0.7749906778335571,-0.3191368877887726,-0.5837278366088867,-0.33173200488090515,0.3919163644313812,0.498106449842453
13460.102,0.06387976557016373,-2.580248064987245e-06,-1.025162696838379,-0.32422423362731934,-0.1964196115732193,0.8774192929267883,31.137561798095703,-10.899004936218262,39.558258056640625,-1.0259603261947632,1.6455705165863037,-1.2949222326278687,-1.1452629566192627,0.254075825214386,-0.025171814486384392,-0.7567503452301025,-0.6264983415603638,1.4554296731948853,0.37500321865081787,0.039468616247177124,1.7723197937011719,1.223718285560608,-0.4168638288974762,0.06012146174907684
13470.273,0.0019180879462510347,0.0056122224777936935,-0.9995764493942261,-0.4466475248336792,0.15292713046073914,-0.34014785289764404,29.767648696899414,-10.603558540344238,38.9195556640625,-1.441615343093872,0.2652542293071747,-0.09296134859323502,-0.4264962077140808,-0.32492905855178833,1.1866978406906128,0.357745498418808,-0.8774212002754211,0.9912692904472351,0.6949446201324463,-1.2016675472259521,-0.23628948628902435,-0.2500379979610443,-0.06820612400770187,1.153162956237793
13479.924,0.058161184191703796,0.01671905256807804,-0.9875794053077698,0.04045948013663292,-0.08049394190311432,0.14667575061321259,30.35260009765625,-10.284903526306152,38.69486618041992,0.6049920916557312,-0.3269791305065155,0.43045029044151306,-0.4040225148200989,0.5174508690834045,1.84697687625885,-1.5212674140930176,-0.6935876607894897,0.089497409760952,1.020831823348999,-1.6045958995819092,0.33776721358299255,-1.6105576753616333,1.400183081626892,-0.10777098685503006
13489.996,-0.02952018566429615,0.016541674733161926,-0.9970090985298157,0.052983686327934265,0.26761409640312195,0.1464524120092392,30.871400833129883,-9.991296768188477,40.85966110229492,-0.43126311898231506,-0.8733722567558289,0.6901547908782959,0.28264379501342773,-0.5111226439476013,-1.8619153499603271,0.39562270045280457,0.6508283019065857,-0.36348211765289307,0.1396665722131729,0.26612234115600586,0.4654645323753357,-2.0603678226470947,0.8265740275382996,-0.5481827855110168
13500.184,0.03422674909234047,0.005370307248085737,-1.0224684476852417,-0.46942073106765747,0.19331926107406616,-0.2876272201538086,29.90541648864746,-9.908127784729004,39.939483642578125,1.1455042362213135,0.10131891816854477,0.8859937787055969,-1.0519365072250366,-0.12307653576135635,-0.05228890851140022,0.6953286528587341,0.6912965178489685,0.3882979452610016,-0.06887048482894897,0.9852095246315002,0.6896181702613831,0.6651478409767151,-1.5570822954177856,0.1313103437423706
13509.954,0.034776173532009125,0.020943420007824898,-1.0112639665603638,-0.34988588094711304,0.5946104526519775,-0.17851778864860535,29.778322219848633,-9.751460075378418,39.17424392700195,0.6586412787437439,-1.5664989948272705,-1.4939522743225098,1.35481858253479,-0.5784655213356018,1.6335163116455078,-0.6808798313140869,0.09711667895317078,1.7859365940093994,1.4476819038391113,-0.0477919764816761,0.12211471050977707,0.6852859258651733,-0.4333893656730652,-0.24861055612564087
13520.044,0.039443135261535645,-0.06537629663944244,-0.9844946265220642,0.4117317199707031,-0.06919640302658081,-0.26392656564712524,30.684139251708984,-9.282800674438477,40.45833969116211,0.2593000829219818,0.7744690775871277,-0.9847667217254639,1.3183565139770508,-1.3060636520385742,0.06474337726831436,0.9659421443939209,-0.6141917705535889,1.370315432548523,0.5373679995536804,0.6399505138397217,1.840321660041809,-0.5876210331916809,1.8317875862121582,0.08076285570859909
13530.102,-0.03884512931108475,-0.028419237583875656,-0.9866039752960205,-0.2805713713169098,0.6767676472663879,0.09734241664409637,29.88947868347168,-9.280356407165527,40.47178268432617,0.18679068982601166,-1.531834363937378,-1.9971929788589478,-0.5313627123832703,-0.3557840883731842,-0.18532316386699677,-1.2889310121536255,-0.43656447529792786,-0.10665542632341385,-1.2320631742477417,0.7264621257781982,-0.1515187919139862,-0.07722590863704681,-1.3732572793960571,0.9333575963973999
13540.084,-0.029758362099528313,-0.002678925869986415,-1.019286870956421,1.1478018760681152,0.23648929595947266,-0.2078159749507904,30.263412475585938,-8.531228065490723,39.00787353515625,0.3122062087059021,0.4964081048965454,-0.19245418906211853,0.3899998068809509,-0.4796903729438782,0.9793792963027954,-0.4935309588909149,0.09615912288427353,1.4584410190582275,-2.177104949951172,-1.3170278072357178,-1.2908316850662231,-0.6834810376167297,-0.5696099400520325,-0.5452388525009155
13550.176,-0.053221575915813446,-0.0007285327301360667,-0.9742777943611145,-0.7020661234855652,0.47345444560050964,-0.01432033721357584,30.199256896972656,-8.711968421936035,41.680179595947266,-0.538633406162262,0.5648123025894165,-0.5092028975486755,-0.19134877622127533,0.697233259677887,0.48995405435562134,0.11113177239894867,-0.44940856099128723,0.775197446346283,-0.9008956551551819,-1.6588168144226074,1.062825083732605,-0.11617922782897949,1.8573881387710571,-2.0206756591796875
13559.984,0.019696930423378944,0.031803470104932785,-1.0168681144714355,-0.20753899216651917,-0.21457813680171967,0.02726125344634056,28.46756935119629,-10.004570007324219,39.21589660644531,-0.4731515645980835,0.8117246031761169,0.03633268177509308,-0.9163035154342651,-0.5523499250411987,-0.5745103359222412,-1.8568247556686401,0.7219023704528809,-0.5521669387817383,1.1349108219146729,-0.5178995728492737,-0.6653946042060852,-0.8503564596176147,-0.08518823236227036,-0.09619040787220001
13569.842,0.030481411144137383,0.047774482518434525,-1.017836093902588,0.05456363037228584,-0.32830333709716797,0.42111656069755554,29.56130599975586,-9.585423469543457,40.278038024902344,0.0834880843758583,0.43035635352134705,-1.6130318641662598,0.7856236696243286,-0.3159819543361664,0.17644958198070526,-0.06732910126447678,-1.1505898237228394,1.7731033563613892,0.7548472881317139,-0.10383924841880798,-0.21268603205680847,-0.8570948243141174,0.47136783599853516,-1.6568934917449951
13579.726,-0.029158463701605797,-0.05178438499569893,-0.94599449634552,0.17731435596942902,0.5234028100967407,0.44753724336624146,30.153608322143555,-10.038834571838379,39.84571838378906,0.7734953165054321,0.7381223440170288,-0.4395988881587982,0.7144619822502136,-1.3372676372528076,0.410727322101593,0.5082345008850098,0.40776461362838745,-0.630729615688324,0.3895256519317627,-0.8203883767127991,1.0285007953643799,0.521548330783844,0.23647738993167877,0.3443208634853363
13590.013,0.048819612711668015,-0.08626020699739456,-0.9947289228439331,-0.3958173990249634,0.39332252740859985,0.6603350043296814,29.004234313964844,-11.743423461914062,42.01234817504883,1.537010908126831,0.17427633702754974,-0.3116205930709839,0.8958863019943237,-0.058622315526008606,-0.7426007986068726,-0.048302896320819855,-0.6967747807502747,0.5254345536231995,0.27223604917526245,-1.1076087951660156,3.24991512298584,1.2499159574508667,-2.144214153289795,0.4556537866592407
13599.735,-0.03898916766047478,0.06447092443704605,-0.9308059215545654,-0.5838449597358704,-0.8892278075218201,-0.24722015857696533,30.6619815826416,-9.004738807678223,39.519840240478516,0.8757490515708923,1.1016035079956055,-1.2766681909561157,0.2095169723033905,0.8964790105819702,-1.3873467445373535,-1.317107915878296,-0.3271525502204895,-0.05876165255904198,-2.6654438972473145,-1.6319018602371216,-0.781434178352356,-0.5478394627571106,1.3451849222183228,0.37008699774742126
13610.275,-0.02779911272227764,-0.06290213763713837,-0.9714882373809814,0.2742731273174286,-0.6338369846343994,0.7896137237548828,29.385892868041992,-9.71964168548584,38.26332473754883,1.4430389404296875,-0.37168362736701965,0.6528929471969604,-2.3834095001220703,0.9567270874977112,0.08706378936767578,-0.8498314023017883,-0.22254252433776855,0.371961772441864,1.1212352514266968,0.12327013164758682,-0.056752387434244156,0.19742614030838013,-1.3813583850860596,0.08711075037717819
13620.166,0.03370681032538414,0.03725787624716759,-0.9858521223068237,-0.0006293585174717009,-0.1368030607700348,0.4234568476676941,30.526437759399414,-9.589920997619629,41.30931854248047,-0.9146386981010437,-0.29942071437835693,2.83093523979187,0.09143278002738953,-1.9316492080688477,-0.5324257016181946,0.4048245847225189,-1.18045175075531,0.010957065969705582,1.2866992950439453,0.7786707878112793,0.6005189418792725,-2.5404961109161377,0.0932435616850853,1.1501408815383911
13629.928,0.04589206725358963,-0.003005650592967868,-0.9879572987556458,-0.35091501474380493,-0.029434561729431152,0.40399956703186035,29.527767181396484,-8.822635650634766,39.63120651245117,-1.2302284240722656,-1.8419675827026367,0.046919796615839005,-0.885962963104248,-0.34293052554130554,-0.30870452523231506,-1.0711638927459717,-0.6782364845275879,0.1231890544295311,0.11808336526155472,-1.7019189596176147,-1.3365967273712158,1.5084009170532227,1.1244713068008423,-0.33246490359306335
13639.762,0.03298607096076012,-0.0404004342854023,-0.986644983291626,-0.5651524662971497,-0.8496523499488831,-0.6866112351417542,29.409992218017578,-9.70413875579834,41.520721435546875,1.0043919086456299,0.3198477029800415,-1.1309566497802734,0.8547662496566772,0.7104776501655579,0.11963772773742676,-0.357992559671402,0.18475720286369324,0.5386282205581665,1.333449125289917,0.8999812006950378,-1.5361405611038208,0.8825802206993103,1.2827212810516357,1.2542555332183838
13649.901,0.03978753462433815,0.014513487927615643,-0.995171070098877,-0.38408416509628296,0.08176614344120026,0.22414588928222656,29.26172637939453,-8.928688049316406,38.628787994384766,1.8402810096740723,0.6918091773986816,-0.2524508833885193,1.4462839365005493,-0.00383767019957304,-0.671984076499939,0.12487296015024185,0.26641836762428284,0.7508098483085632,0.4296709895133972,0.7065936923027039,0.10111147165298462,1.5488389730453491,1.0993319749832153,2.589421272277832
13659.907,-0.04973256215453148,0.07098487764596939,-0.9910205602645874,-0.2379935383796692,-0.37670719623565674,-0.49870404601097107,30.841739654541016,-9.402118682861328,40.687599182128906,-0.24297372996807098,-0.40275534987449646,-0.8754858374595642,-1.6066547632217407,-1.345207929611206,2.2340824604034424,1.235969066619873,-1.1166341304779053,1.4085302352905273,-0.05172859877347946,-0.48006871342658997,0.40616217255592346,-2.8638458251953125,-0.42945602536201477,0.11009769886732101
13670.369,-0.07298314571380615,-0.012212839908897877,-1.0068254470825195,0.7631020545959473,0.6871240735054016,-0.5063188672065735,30.455106735229492,-8.374881744384766,41.34137725830078,-1.4224512577056885,-0.47386765480041504,0.9537034630775452,-0.7663042545318604,0.11841364949941635,0.24966385960578918,-0.11201261729001999,0.20105129480361938,-0.5137403011322021,-0.5735797882080078,1.699686050415039,1.2867283821105957,0.7586777210235596,0.7263092398643494,0.4699532091617584
13679.889,-0.018893539905548096,-0.0021575179416686296,-0.9804455637931824,-0.1227540522813797,0.08997076004743576,0.008918640203773975,30.226390838623047,-10.45447826385498,39.762325286865234,0.06973308324813843,1.388289213180542,-0.7701035141944885,-0.4830799102783203,-1.2079906463623047,-0.428600013256073,0.39348673820495605,0.2960874140262604,-0.8044090270996094,1.5327078104019165,0.13823387026786804,-1.379882574081421,-0.4913431704044342,-1.3217567205429077,-1.4194682836532593
13690.021,0.02384036034345627,-0.0016610539751127362,-0.9697543978691101,-0.1867414116859436,0.33433443307876587,-0.44256576895713806,28.740238189697266,-9.64840316772461,39.479530334472656,-0.065968357026577,1.2021774053573608,2.7511816024780273,0.7235608696937561,0.08040817081928253,-1.3724225759506226,0.24714602530002594,-0.9383609890937805,0.4125748574733734,1.0039217472076416,-0.23341552913188934,-1.2190674543380737,-1.7154767513275146,-1.9898645877838135,-0.01831037551164627
13700.168,-0.07494506984949112,-0.006940897088497877,-0.9623820781707764,0.49777764081954956,-0.021558677777647972,0.03423050045967102,31.061084747314453,-10.592528343200684,41.24403762817383,-1.542805552482605,1.5668060779571533,-0.20585694909095764,0.2501315176486969,-1.2738230228424072,0.18995065987110138,0.8027803301811218,0.7035569548606873,-0.35650205612182617,1.3128635883331299,-0.5547000765800476,0.20530681312084198,-2.0543203353881836,-0.047681380063295364,-0.783377468585968
13710.014,0.0009269164875149727,0.043343134224414825,-0.979769766330719,-0.886863648891449,-0.4370071589946747,0.6080864667892456,30.369945526123047,-11.888218879699707,39.69999313354492,-0.3138708770275116,0.14644746482372284,0.35759443044662476,0.7733986377716064,-0.2688223421573639,-0.08795487880706787,0.718309760093689,0.5965110659599304,-0.2971208393573761,0.323248028755188,-0.12578925490379333,-1.6763628721237183,1.172107458114624,-2.8511109352111816,-2.5324418544769287
13719.845,0.01007068157196045,0.01496249157935381,-1.0240130424499512,-0.44654157757759094,0.3283287286758423,0.22601370513439178,28.52924156188965,-9.156310081481934,40.367340087890625,1.7465193271636963,0.30406424403190613,-1.393883228302002,0.013523969799280167,1.385372281074524,-1.182899832725525,-1.0634020566940308,1.0724096298217773,-1.3324552774429321,0.9390347599983215,-1.8957390785217285,-0.8759925961494446,0.1487911343574524,-1.3105621337890625,-1.3512502908706665
13729.851,0.06452106684446335,0.05694178119301796,-1.007433533668518,0.41339150071144104,0.5484045147895813,-0.5022264122962952,29.373886108398438,-10.090629577636719,38.57437515258789,-0.4716498851776123,1.0622923374176025,-0.6052451133728027,0.30206355452537537,1.3262614011764526,0.44573885202407837,-0.6416557431221008,2.0829901695251465,-0.5012961626052856,0.33975425362586975,0.8758188486099243,0.19373932480812073,-0.7990863919258118,-0.934695839881897,-0.36513271927833557
13740.011,-0.0812399834394455,0.03341132774949074,-0.9661084413528442,0.021698566153645515,-0.5756405591964722,-0.017924977466464043,29.279151916503906,-8.494341850280762,41.77799606323242,0.6335278749465942,0.7100253701210022,-0.762606143951416,1.0808449983596802,1.4399000406265259,0.6158461570739746,-0.08167026937007904,0.10241866856813431,-0.7842639088630676,0.7389858961105347,1.858843207359314,0.9294507503509521,1.0981500148773193,-1.6541701555252075,1.3068084716796875
13749.871,0.04056127369403839,-0.012499657459557056,-1.0197522640228271,1.3792369365692139,0.47199350595474243,-0.8556737899780273,29.137563705444336,-11.7641019821167,40.065155029296875,0.37000772356987,1.1353387832641602,0.34453991055488586,-0.532243549823761,-0.017535105347633362,1.586918592453003,-0.9770962595939636,-0.4400596022605896,-0.02914220094680786,-0.15879622101783752,0.05608709901571274,-1.5843578577041626,-1.0210933685302734,-0.8943177461624146,1.3842843770980835
13759.964,0.10224614292383194,0.008351841941475868,-0.9992843270301819,-0.18034636974334717,0.9779925346374512,-0.9471667408943176,30.323158264160156,-10.159196853637695,40.96126174926758,0.5286703705787659,0.24089272320270538,1.4197407960891724,-0.8111832737922668,-0.7580161094665527,1.5313844680786133,-0.32845938205718994,-0.7544603943824768,1.0758131742477417,-0.20086590945720673,1.0612925291061401,-0.9702990055084229,1.4105161428451538,-0.5971251130104065,0.05626760423183441
13770.017,-0.000385488587198779,-0.054661888629198074,-1.0088378190994263,0.011707600206136703,-0.588922381401062,0.08072444796562195,28.826385498046875,-9.93039608001709,39.67653274536133,0.8870058059692383,-0.10540567338466644,-0.6788636445999146,0.19572347402572632,-0.745392382144928,-0.7504851818084717,1.2378190755844116,-0.15750983357429504,-0.33295658230781555,-0.7052358388900757,-0.28120550513267517,0.6267509460449219,0.4270000159740448,-0.8220009207725525,-0.1674668937921524
13780.085,-0.017507677897810936,-0.016627222299575806,-1.0753998756408691,0.14617978036403656,-0.2703394889831543,-0.6065914630889893,29.98299217224121,-10.538398742675781,40.664329528808594,-0.5867146253585815,-0.11211754381656647,-0.9614051580429077,-0.01986343413591385,0.9541319012641907,0.09637301415205002,0.4880179762840271,-1.4821046590805054,-0.10638460516929626,-0.1631462574005127,0.33980491757392883,-2.0195810794830322,0.37297049164772034,0.6788271069526672,0.13719387352466583
13789.865,-0.02487028017640114,-0.0581672377884388,-1.0055629014968872,-0.2152009755373001,0.1034674197435379,-0.331403911113739,30.455163955688477,-8.898146629333496,39.328697204589844,-0.8001410365104675,-1.487046718597412,0.7134047746658325,1.728587031364441,1.1042699813842773,-0.17577475309371948,2.2812323570251465,0.1636723428964615,0.9803763628005981,0.7661880254745483,1.5502912998199463,0.676650881767273,-0.823527991771698,-0.6947566866874695,0.07589731365442276
13800.346,-0.05113231763243675,0.02023160830140114,-0.9666225910186768,-0.35000383853912354,-0.8268416523933411,-0.09346330910921097,30.8105525970459,-9.119074821472168,40.087284088134766,0.45063599944114685,0.6294688582420349,0.375260591506958,-1.4376569986343384,1.1960868835449219,-0.0925968661904335,-0.5045949220657349,-0.8796727657318115,0.8444451689720154,-0.7648704051971436,-0.6159016489982605,-0.8933506011962891,-0.42807915806770325,0.02881919965147972,-1.170843243598938
13809.986,0.04940491169691086,-0.06436780840158463,-1.002015233039856,-0.5044466853141785,1.8088932037353516,-0.19287197291851044,28.424402236938477,-10.863897323608398,38.95111083984375,0.9102653861045837,-0.8578476309776306,1.6272515058517456,1.2523328065872192,-1.184760332107544,0.14976251125335693,-1.264984369277954,1.6068527698516846,0.11155559867620468,-0.6215739250183105,1.595041275024414,0.9890334010124207,1.2939146757125854,-1.0788583755493164,-0.6701045036315918
13820.070,0.07382392138242722,0.07054729014635086,-0.984359085559845,0.24130359292030334,-0.056717827916145325,0.37422797083854675,28.792619705200195,-8.941350936889648,39.308528900146484,0.6389136910438538,0.43571019172668457,0.34171798825263977,-1.61736261844635,-1.2629456520080566,-1.0021134614944458,1.4393470287322998,-1.212659239768982,1.4509010314941406,-0.9428478479385376,-0.7572214007377625,-0.6706242561340332,0.5280320644378662,-2.145426034927368,-1.8122225999832153
13829.885,-0.021068478003144264,-0.025323212146759033,-0.9903135895729065,0.49849385023117065,-0.026090875267982483,-0.4059404134750366,31.139026641845703,-10.366541862487793,38.790550231933594,0.8912871479988098,0.00396467512473464,0.2207176685333252,-0.44709622859954834,-1.525266170501709,-0.5121163129806519,-0.6892778873443604,0.6780606508255005,-0.2955378293991089,-1.7302210330963135,0.7422019243240356,-0.030888859182596207,0.6264412999153137,-1.4457614421844482,-1.2496644258499146
13840.026,-0.06456945091485977,0.055296640843153,-0.9860971570014954,0.05525621771812439,0.42926234006881714,0.9936769008636475,28.585817337036133,-10.715331077575684,38.41234588623047,1.0912537574768066,0.8733874559402466,-1.092488169670105,0.5609620809555054,0.010326140560209751,-0.45062878727912903,-0.6449743509292603,-0.488795667886734,0.32221320271492004,-0.06277447938919067,-0.19843003153800964,-2.1940605640411377,0.6323587894439697,-0.8019020557403564,1.798715591430664
13850.137,-0.03702513873577118,-0.07016435265541077,-0.994076669216156,0.9057837724685669,0.6350069046020508,-0.3258083164691925,30.07241439819336,-9.976963996887207,40.039085388183594,-0.5044155716896057,0.06471865624189377,-0.4228401184082031,-0.055196166038513184,-0.0030352186877280474,1.2059221267700195,0.02417731285095215,2.151487350463867,1.9421663284301758,0.010837085545063019,-2.1324141025543213,0.6965698003768921,-0.28822827339172363,-0.810127317905426,-0.290386825799942
13860.156,-0.030802320688962936,0.02817218005657196,-0.9837414026260376,0.9197225570678711,0.5955413579940796,0.31062281131744385,30.47969627380371,-8.25808334350586,38.757198333740234,0.6366313099861145,-0.29834040999412537,1.2886608839035034,-0.25214818120002747,-0.4904099106788635,-1.0129433870315552,1.501330018043518,0.6882802248001099,-0.3027631640434265,0.011381978169083595,0.34610867500305176,1.096981167793274,-0.10327260941267014,0.8696470856666565,-0.47339150309562683
13869.997,-0.1418638378381729,0.010558484122157097,-0.9785802364349365,-0.08013880997896194,-0.4057859778404236,-0.3266758620738983,29.965682983398438,-11.545150756835938,39.014747619628906,-1.2024368047714233,0.5047503113746643,-2.461951494216919,-1.0774632692337036,0.6114555597305298,-0.8176394104957581,-1.8154174089431763,2.1063075065612793,1.4791085720062256,-0.010124760679900646,-1.0879093408584595,-1.8542903661727905,0.3559514582157135,-0.38159990310668945,0.4709617495536804
13879.997,-0.03514257073402405,0.02281222492456436,-0.9694237112998962,0.18318556249141693,0.1978873461484909,0.1186148077249527,29.333513259887695,-9.459131240844727,40.30097579956055,0.7551195621490479,-0.5725651383399963,0.500219464302063,-0.15389081835746765,2.1254568099975586,1.4380135536193848,-1.1394224166870117,0.2980385422706604,0.8171460032463074,1.7395766973495483,0.021139265969395638,-1.5513862371444702,0.607339084148407,-0.20602594316005707,1.4438867568969727
13890.140,0.009819221682846546,-0.1330539882183075,-1.0252333879470825,-0.46581658720970154,-0.40011870861053467,0.4169566333293915,28.55129051208496,-8.169268608093262,39.88554382324219,-0.4316074252128601,0.634020984172821,-0.4050951898097992,-0.15752357244491577,-0.5661872625350952,0.9308434128761292,-1.0108973979949951,-0.7129987478256226,1.6765755414962769,1.2965322732925415,1.371235966682434,0.08553284406661987,-1.741267442703247,-0.8064534664154053,1.5573878288269043
13900.012,0.08187687397003174,0.0636642575263977,-0.9960275888442993,0.22633513808250427,0.009384103119373322,0.6471114754676819,30.180606842041016,-11.27417278289795,39.381980895996094,0.8451849222183228,0.18114055693149567,0.4630368947982788,-0.4840152859687805,-0.5053322315216064,-0.22241057455539703,1.4163408279418945,0.9727670550346375,0.30063778162002563,0.08755587786436081,0.3379236161708832,-1.0676486492156982,-0.19790035486221313,-1.59415864944458,-1.8211506605148315
13910.356,-0.0827825516462326,0.05520455539226532,-0.9769926071166992,-0.32913851737976074,0.13799415528774261,0.4994150698184967,31.707738876342773,-8.938790321350098,39.5581169128418,-1.2496296167373657,1.769316554069519,0.6655053496360779,0.39389774203300476,-0.05415375530719757,-1.021903157234192,0.6303257346153259,0.18782873451709747,-0.7022743821144104,-0.2844558656215668,-0.4933781325817108,0.2810823321342468,0.7957758903503418,-2.123445749282837,-0.9783129692077637
13919.769,0.00513552688062191,0.09503173828125,-1.0091464519500732,-0.4250449240207672,0.49559667706489563,0.4325075149536133,29.86635971069336,-11.93574333190918,41.09366226196289,-0.948054850101471,-1.7351011037826538,2.0569028854370117,2.036177158355713,-0.5670545101165771,-0.357423335313797,-0.21441179513931274,2.1731414794921875,0.1687806397676468,0.9161872863769531,-0.052452776581048965,-1.509808897972107,-0.11153452098369598,-0.9362525939941406,-0.6737561225891113
13929.990,-0.041907377541065216,-0.005132179241627455,-0.9848962426185608,0.7365336418151855,-0.0692862793803215,0.8895198106765747,31.963132858276367,-9.413579940795898,39.488624572753906,0.10443481802940369,-0.026997946202754974,0.27229154109954834,-0.22027283906936646,0.1561254858970642,-1.7485816478729248,-1.5378966331481934,-0.20215795934200287,1.3797571659088135,2.0645666122436523,-1.1177263259887695,-2.5116500854492188,-1.2969822883605957,1.2195078134536743,1.2829581499099731
13940.111,0.010557453148066998,0.030343931168317795,-1.0210012197494507,-1.181731104850769,0.152949258685112,-0.11872894316911697,31.708770751953125,-10.4679536819458,38.65193176269531,-0.2908841669559479,2.0369467735290527,0.26585009694099426,0.10897038877010345,-1.189666986465454,1.192408561706543,-1.8327136039733887,-0.6503066420555115,0.5378373861312866,0.4257236123085022,-1.3005412817001343,-0.5769041776657104,0.6384000778198242,0.21032144129276276,-0.0602135956287384
13950.346,0.01847255975008011,0.07208696752786636,-1.0101072788238525,0.3336145877838135,0.02226158045232296,0.365479975938797,32.11600875854492,-10.377867698669434,38.18712615966797,-0.18590061366558075,-0.3973962068557739,2.1553990840911865,-1.181514024734497,-0.6207288503646851,1.3884060382843018,-1.024664044380188,-0.30909404158592224,-1.2523868083953857,-0.010431529022753239,-0.20688635110855103,0.48503971099853516,-0.4516589641571045,-0.9074131846427917,0.21970300376415253
13959.938,-0.037796907126903534,0.1000787764787674,-1.0029017925262451,-0.0837487131357193,0.019212285056710243,-0.9400215744972229,31.634279251098633,-11.101041793823242,39.8526496887207,-0.05325259268283844,0.25086113810539246,2.028294324874878,0.23413652181625366,-0.1777040958404541,0.08076737821102142,-0.9145828485488892,-1.136125922203064,0.5814816951751709,2.32373046875,-0.7844222784042358,-0.08832884579896927,-0.1781213879585266,1.553006887435913,0.8336767554283142
13969.958,0.044013697654008865,0.0061836931854486465,-0.9908666014671326,-0.5299617648124695,-0.14135338366031647,-0.532884955406189,31.179475784301758,-9.051669120788574,38.503726959228516,-0.08685232698917389,-1.3384488821029663,3.1286461353302,-0.39685672521591187,-0.45007964968681335,0.6867767572402954,-0.7796462774276733,0.4485202729701996,-0.9334211349487305,1.3744051456451416,0.5616204738616943,-0.7412283420562744,1.2461063861846924,-0.5365644693374634,0.39729708433151245
13979.892,-0.01236147154122591,0.025897130370140076,-1.0216039419174194,-1.1669811010360718,-0.3507423996925354,0.4189147353172302,28.86613655090332,-11.270092964172363,41.27751541137695,-1.28578782081604,0.6386237144470215,0.5947088003158569,0.5102351903915405,0.781790554523468,0.16271212697029114,1.1088981628417969,0.2961462140083313,0.5982866883277893,0.49504587054252625,1.3711187839508057,-0.4130561351776123,0.6180360913276672,1.0447062253952026,0.45221710205078125
13990.243,-0.004935996141284704,0.044740039855241776,-0.9700031876564026,-0.6483697891235352,-0.0044591715559363365,-0.3135336935520172,29.350513458251953,-11.57559585571289,38.90169906616211,-1.2081794738769531,-0.5323817729949951,1.5253794193267822,-1.6179910898208618,-0.4037017524242401,-1.2068488597869873,0.2836713194847107,-0.9411693811416626,-0.7098837494850159,1.0935275554656982,1.5629968643188477,0.6337007880210876,0.5559737086296082,0.13412253558635712,-1.4137648344039917
14000.035,-0.10475388169288635,-0.0022762720473110676,-1.0096607208251953,-0.13987722992897034,0.31920912861824036,0.19975751638412476,28.960159301757812,-9.104606628417969,40.61753463745117,0.8907186388969421,-0.3081792891025543,-0.9610776901245117,-1.0842951536178589,-0.10971357673406601,0.8923500180244446,-1.7501661777496338,1.4639610052108765,0.5301446318626404,0.009397962130606174,0.2494775950908661,-0.6358222961425781,1.0335942506790161,-2.247898578643799,0.2704812288284302
14009.835,0.020813290029764175,-0.00213305139914155,-0.9950882196426392,-0.14030617475509644,-0.21025189757347107,0.28539255261421204,30.5499267578125,-6.858148574829102,40.34775161743164,-0.5872154831886292,-0.02295946516096592,0.05547158420085907,-1.2537782192230225,0.8213492631912231,-1.4904489517211914,0.542491614818573,-0.8403996229171753,-1.1537723541259766,2.485408306121826,1.2829338312149048,0.15686580538749695,0.3023052215576172,1.0961618423461914,-1.6793675422668457
14020.057,-0.07484051585197449,-0.01568344049155712,-0.9927900433540344,-0.04256145656108856,-0.28216129541397095,0.4753527343273163,31.0416316986084,-8.776863098144531,40.40946578979492,0.8511878252029419,0.1990591436624527,-1.8384912014007568,-0.03832913562655449,1.054629921913147,-0.06623063236474991,-0.12542644143104553,1.2084362506866455,-1.3705546855926514,0.03987819701433182,0.07218650728464127,-0.5669092535972595,-1.1459115743637085,1.3538960218429565,1.2287490367889404
14030.158,-0.06855443120002747,0.1317356377840042,-1.0103325843811035,-1.431033730506897,-0.340337872505188,0.29351937770843506,29.22664451599121,-10.426126480102539,39.97676086425781,-1.4638053178787231,-0.4818632900714874,-0.08832672238349915,-1.086021900177002,-2.277259588241577,0.8463386297225952,-1.4460684061050415,-0.4759640395641327,-0.7450531721115112,-0.762744128704071,-0.40743035078048706,0.04988542199134827,0.12484552711248398,0.6167247295379639,-0.3695729970932007
14039.853,0.021332720294594765,-0.07727164775133133,-1.0033118724822998,1.1777079105377197,-0.1307617574930191,0.5974611639976501,28.88117218017578,-9.850327491760254,38.67591857910156,1.6738685369491577,-1.031793236732483,0.7167874574661255,0.7014345526695251,-0.12756936252117157,-0.5196614265441895,-1.4974966049194336,0.22779911756515503,0.5738772749900818,2.0490734577178955,-0.7079170942306519,0.2579348087310791,1.1857231855392456,0.3017480969429016,-1.2175496816635132
14049.749,-0.07386957108974457,-0.06443547457456589,-1.0108765363693237,0.05628250911831856,-0.1706402450799942,0.48330849409103394,30.760772705078125,-10.281524658203125,39.70724868774414,0.591164767742157,0.1557655781507492,0.4444662928581238,-0.43936559557914734,0.429430216550827,0.7323325276374817,0.3620811104774475,-1.4141696691513062,1.631088376045227,1.288931965827942,1.1761953830718994,-0.1865023821592331,-1.4068245887756348,1.0855073928833008,-0.28306302428245544
14060.345,-0.059054337441921234,-0.018300948664546013,-0.9876670241355896,-0.3217935264110565,-1.2442103624343872,0.1603144258260727,30.087539672851562,-10.674291610717773,39.409549713134766,0.27912387251853943,-1.1730971336364746,0.09188717603683472,-1.4791316986083984,-0.5503672361373901,0.49776726961135864,-0.9424566030502319,-0.28537026047706604,-0.09076801687479019,0.44195786118507385,0.5490642786026001,-0.8955336809158325,0.7257994413375854,0.6089094281196594,-1.9788529872894287
14070.021,-0.04749111831188202,-0.04664473235607147,-0.9768691658973694,-0.38847649097442627,-0.33557674288749695,0.3018871545791626,29.304908752441406,-8.263731956481934,40.04035949707031,-0.7931495904922485,0.7036838531494141,0.218861922621727,1.7935184240341187,0.6427855491638184,-0.05673012509942055,-1.3967117071151733,0.94575035572052,-0.3713700473308563,-0.2823183834552765,0.5434021949768066,1.2582581043243408,0.6318099498748779,1.8880499601364136,1.4611256122589111
14080.078,-0.020210176706314087,-0.07445791363716125,-1.0114079713821411,0.18833978474140167,0.5767219662666321,-0.8530875444412231,33.25141143798828,-8.498334884643555,40.76502990722656,-0.5330220460891724,-1.339429497718811,-1.3083150386810303,-1.3888455629348755,-0.8599488139152527,-0.43013009428977966,-1.8276528120040894,1.4031535387039185,1.4626103639602661,-1.6742842197418213,-0.695334255695343,-1.149933934211731,-2.1089084148406982,0.3987073004245758,1.9367727041244507
14089.868,0.010761905461549759,0.08574250340461731,-0.9967102408409119,0.09153885394334793,-0.05754934996366501,0.2985103726387024,30.979764938354492,-9.781854629516602,40.50826644897461,-0.26350563764572144,2.177100658416748,-0.9521476626396179,0.4772980213165283,0.4261723756790161,0.5057317614555359,0.0867786630988121,-1.0532509088516235,1.799913763999939,0.6448239684104919,-0.8424630165100098,1.8395805358886719,-0.44233500957489014,-1.4065937995910645,-1.0204565525054932
14100.014,0.0032398507464677095,0.07624758780002594,-1.0096055269241333,0.20961175858974457,-0.168368861079216,0.3613874018192291,28.56976890563965,-8.197896003723145,40.115211486816406,0.005183766596019268,0.2961999773979187,-0.3273622393608093,0.8579267263412476,1.537909984588623,0.47345978021621704,-1.2410216331481934,2.493481397628784,1.1089386940002441,0.517664909362793,-0.5464937686920166,0.7287093997001648,-1.4075465202331543,1.8452718257904053,-0.05389724671840668
14109.965,-0.04262693226337433,-0.041609976440668106,-0.9648879766464233,0.3378477990627289,0.4001285135746002,0.30796924233436584,29.626842498779297,-9.423301696777344,38.8860969543457,-0.5293525457382202,-0.23071995377540588,-1.2430250644683838,-0.0993262231349945,0.5099127888679504,0.5766403079032898,-0.666954755783081,-1.4635009765625,0.529828667640686,-0.16389085352420807,0.6415181159973145,0.004993719980120659,-0.5165944695472717,-0.2612793743610382,0.939517617225647
14120.418,-0.02884884923696518,0.045056622475385666,-0.9992533922195435,-0.2587473392486572,0.6708964705467224,0.7867918014526367,30.049909591674805,-10.536088943481445,41.56234359741211,0.7773945331573486,0.6708838939666748,1.5272517204284668,-0.5816023349761963,1.899292230606079,1.6690685749053955,0.3243809640407562,0.33146050572395325,-0.6357488036155701,0.06350833922624588,0.026816435158252716,2.213942527770996,-0.6902896761894226,-1.1444894075393677,1.1593420505523682
14130.185,-0.020928483456373215,0.0015707900747656822,-0.9656040072441101,-0.5636104345321655,-0.8336988687515259,-0.0588604211807251,29.718399047851562,-10.12768840789795,40.87086868286133,1.6523782014846802,-0.07538127154111862,0.16390903294086456,0.059831563383340836,0.05047082528471947,-0.3088911473751068,0.42253753542900085,0.5317853689193726,0.15922348201274872,0.42875897884368896,-0.2021719515323639,-1.8758436441421509,0.10200820118188858,0.5078336596488953,0.5850293040275574
14139.951,-0.019208859652280807,-0.0064036357216537,-1.0063894987106323,0.35030117630958557,0.32267940044403076,0.05444927141070366,29.817203521728516,-9.918444633483887,39.56441116333008,-0.31671759486198425,2.1066620349884033,-0.1375850886106491,1.2566759586334229,-0.0881400778889656,0.5432323217391968,-0.5454566478729248,0.9726930856704712,2.6105704307556152,0.516446053981781,0.22750094532966614,1.0418885946273804,-0.7073528170585632,0.5855521559715271,-0.11929802596569061
14149.993,-0.020504336804151535,-0.07162866741418839,-1.0051349401474,0.20293232798576355,0.21269166469573975,0.14233338832855225,29.645641326904297,-10.724340438842773,38.3858528137207,0.2951795756816864,-2.695584297180176,-0.30652621388435364,0.15130558609962463,-1.6074681282043457,-0.9268476366996765,0.23650206625461578,-2.2693302631378174,1.0009816884994507,0.36497434973716736,0.5956385135650635,0.2924545705318451,1.249269723892212,-0.6732179522514343,-0.365517258644104
14160.193,-0.05225580930709839,0.045213259756565094,-1.0559685230255127,0.1558380126953125,-0.331354558467865,-1.05353581905365,30.83747100830078,-10.179815292358398,39.82048797607422,0.583342432975769,-0.06926701962947845,-0.14228984713554382,-0.025965694338083267,-0.7418832778930664,-0.7900338768959045,0.11579768359661102,-0.6467658281326294,0.09722156822681427,1.2641454935073853,-1.0432637929916382,-1.3422765731811523,-1.9273711442947388,-0.43075770139694214,-1.2797021865844727
14169.974,0.028024999424815178,0.010350697673857212,-0.9872549772262573,-0.21440497040748596,-0.7425825595855713,-0.06012997403740883,30.50884437561035,-10.524508476257324,39.05143356323242,-0.6849977970123291,-0.7029083371162415,0.26913881301879883,-0.8842464089393616,-2.015371084213257,0.3204498589038849,0.9472241401672363,1.1397852897644043,0.5422793030738831,-0.8365411758422852,-2.1661722660064697,-2.5212900638580322,1.2640317678451538,-0.3433528244495392,0.39754927158355713
14179.972,-0.002636820310726762,0.02903049811720848,-0.9938341379165649,1.0274468660354614,-0.12364129722118378,-0.020510785281658173,30.478450775146484,-11.091890335083008,39.17941665649414,0.804111897945404,0.5342996120452881,0.12600667774677277,0.6575906872749329,-0.5182060599327087,-0.08276184648275375,0.774361252784729,0.7122141122817993,0.8246206045150757,-0.735590934753418,0.38251274824142456,-0.057367272675037384,0.7620029449462891,0.24999041855335236,-1.5687363147735596
14189.936,-0.035321034491062164,-0.084577277302742,-0.9948727488517761,0.6898111701011658,-0.4717807471752167,-0.029942331835627556,30.828874588012695,-11.961313247680664,39.972503662109375,1.1264090538024902,-0.8511211276054382,-0.0038963272236287594,0.5217465758323669,-1.3200786113739014,0.3507075309753418,-3.2455737590789795,-0.5218110084533691,0.17126132547855377,0.5470741391181946,-1.9714752435684204,1.2878649234771729,-1.351410984992981,0.36481529474258423,0.6747905015945435
14200.029,-0.05690900981426239,0.01364832278341055,-1.032279133796692,0.5063113570213318,-0.6144009232521057,-1.0347846746444702,31.012523651123047,-10.523311614990234,39.80049133300781,0.35207024216651917,-0.7125935554504395,-0.4323119521141052,1.4474265575408936,-0.2747245728969574,0.5962568521499634,0.8067514896392822,0.8838683366775513,-0.5326082706451416,-1.7536910772323608,0.29384422302246094,-1.0472888946533203,0.9542194604873657,-1.4133632183074951,1.6303588151931763
14210.000,0.002449760679155588,0.018213260918855667,-1.0133591890335083,0.5549523830413818,-0.019763506948947906,-0.014589120633900166,30.591594696044922,-8.643592834472656,39.0334358215332,0.20183080434799194,0.23416519165039062,-1.122525691986084,0.3538432717323303,-0.22832970321178436,1.8633222579956055,1.453776240348816,0.08497245609760284,-0.07907271385192871,-0.30155515670776367,-1.2545855045318604,-0.3598639965057373,0.06489095836877823,1.152443766593933,0.7142819166183472
14220.089,-0.03223477676510811,0.0001395925210090354,-1.0228791236877441,0.9741619825363159,0.39211368560791016,-0.8093158602714539,30.61158561706543,-9.724774360656738,40.29795837402344,0.273713618516922,-0.3347899317741394,0.344149112701416,0.35472917556762695,0.35923370718955994,-0.35066336393356323,0.9665634632110596,2.241990089416504,-0.6268588900566101,0.938391387462616,0.9588631987571716,0.8288514614105225,-0.4903714954853058,-0.0772433653473854,-0.8242558836936951
14230.031,-0.0324823297560215,0.09797761589288712,-0.9903262257575989,0.42510148882865906,-0.5532128810882568,-0.4303416609764099,29.267271041870117,-10.202272415161133,41.185909271240234,1.3266699314117432,2.067756414413452,0.10045317560434341,-0.6913401484489441,0.1700802594423294,-0.9049735069274902,0.04098499193787575,-1.8506733179092407,1.5581419467926025,-0.424228310585022,-0.593847393989563,-0.21052370965480804,0.46305644512176514,-1.056882619857788,-0.09274300187826157
14239.895,-0.02991892769932747,-0.03731919080018997,-0.9808070659637451,-0.04352804645895958,-0.16937260329723358,-0.7331147789955139,29.649486541748047,-8.376410484313965,40.17212677001953,-0.6978368163108826,-1.2410244941711426,0.9754047393798828,-0.8847201466560364,0.7655335068702698,0.5286833643913269,0.14896397292613983,1.1154853105545044,-0.06891213357448578,1.4514975547790527,0.4092205762863159,-0.07751051336526871,1.3076646327972412,0.12724275887012482,0.49303457140922546
14250.091,-0.07306394726037979,-0.1132400631904602,-0.9858182668685913,-0.28248780965805054,-0.10110167413949966,0.4488278031349182,30.60936164855957,-8.8682222366333,39.883628845214844,-0.4241317808628082,-0.3830849528312683,-1.3083418607711792,0.7109026908874512,-1.105176329612732,0.4257924556732178,2.8378522396087646,0.9103544354438782,-1.5505502223968506,-1.353514552116394,0.9332987666130066,0.7382535934448242,0.04814761504530907,-1.3385595083236694,1.47285795211792
14260.150,0.035975102335214615,0.016624556854367256,-0.9926666021347046,0.3242523670196533,-0.2515115439891815,0.045616500079631805,29.91143798828125,-10.319722175598145,41.80048370361328,-0.6498273015022278,1.1142147779464722,0.33774659037590027,1.3885389566421509,1.3954789638519287,0.6186750531196594,0.6850967407226562,-1.0080978870391846,1.1504391431808472,0.31722763180732727,-1.1638838052749634,-0.52651047706604,1.234853744506836,-0.30058857798576355,-0.5336187481880188
14270.142,0.031184174120426178,-0.05168442055583,-0.9775192737579346,1.076358437538147,-0.10555768758058548,0.6143953204154968,30.25278663635254,-10.579801559448242,40.260284423828125,-0.9706559181213379,1.3196419477462769,-0.20702116191387177,-0.6177375316619873,0.7906289100646973,0.167110413312912,-0.5062299966812134,-0.4129476845264435,1.170859694480896,-1.0094774961471558,0.5096952319145203,-1.0636489391326904,-0.6105608940124512,-1.1976463794708252,-0.7087469696998596
14280.110,-0.06711873412132263,-0.04500235989689827,-1.0237958431243896,-0.78366619348526,-0.22912319004535675,-0.41583967208862305,30.23332977294922,-11.170284271240234,41.38398361206055,0.41736096143722534,-1.1116279363632202,-0.5921193957328796,1.3111188411712646,0.9949565529823303,-0.16240867972373962,0.08846675604581833,0.7544122338294983,0.09072417765855789,0.5158268213272095,0.04631742089986801,-1.1630529165267944,-0.10822230577468872,0.734123170375824,-0.04977501556277275
14290.229,0.06509698182344437,-0.0077269421890378,-1.0027823448181152,-0.5194723606109619,-0.43790000677108765,-0.3215267062187195,29.115156173706055,-10.247886657714844,41.91618347167969,1.1263930797576904,-0.6946016550064087,-0.005570234730839729,-1.0327004194259644,0.5643837451934814,-0.22577090561389923,-1.9022033214569092,1.0517005920410156,1.0350759029388428,0.24601174890995026,0.04160641133785248,1.1511974334716797,0.5445095300674438,-0.40174412727355957,-0.08865620940923691
14300.088,0.025899069383740425,0.0025842953473329544,-1.0021588802337646,-0.29813581705093384,0.7555188536643982,-0.38515546917915344,30.76683235168457,-9.254814147949219,38.85285949707031,-0.6724070906639099,-0.9759809374809265,-0.155718132853508,-2.0526411533355713,1.2970622777938843,1.279321312904358,-1.3073166608810425,1.1974211931228638,1.170973539352417,1.2728420495986938,-0.8355689644813538,-0.24103574454784393,1.3521121740341187,-1.8296586275100708,-0.306711882352829
14309.888,0.05719634145498276,-0.013133382424712181,-0.9569129347801208,0.20462718605995178,0.8089966177940369,0.5332959890365601,30.15062141418457,-8.991355895996094,40.0853385925293,-0.45984500646591187,1.033064603805542,-0.5165494680404663,0.343158483505249,-0.2587527930736542,-1.2034034729003906,-0.4762554466724396,-0.2855672538280487,0.7135514616966248,-0.5520828366279602,-1.4033418893814087,0.2778882682323456,0.12366310507059097,1.1678880453109741,-1.1929863691329956
14320.255,0.05279789865016937,-0.04714265838265419,-1.0233757495880127,-0.4911683201789856,0.10915029048919678,0.06442568451166153,29.99424171447754,-10.178126335144043,39.72324752807617,-1.2417851686477661,-0.01312301866710186,0.4250336289405823,-1.1247869729995728,0.547950267791748,0.6104399561882019,1.0484199523925781,1.1384681463241577,0.8324408531188965,0.7140769958496094,-1.062210202217102,1.6808350086212158,0.9978983402252197,-1.727809190750122,0.8138031959533691
14329.992,-0.0022704198490828276,0.002436185721307993,-1.0025004148483276,0.18886448442935944,-0.5002870559692383,0.19586166739463806,30.116050720214844,-9.480585098266602,38.95015335083008,1.342581868171692,-0.5994150638580322,-0.6457408666610718,0.37427541613578796,0.6304019093513489,0.4869486689567566,2.5446178913116455,-1.476236343383789,0.14213518798351288,-1.8606561422348022,0.8124349117279053,-1.1344681978225708,-0.8648554086685181,-0.22508808970451355,0.62274569272995
14339.922,-0.06350378692150116,-0.046482909470796585,-1.0040229558944702,-0.12648940086364746,0.22179777920246124,-0.2837643623352051,32.34724426269531,-10.314929008483887,40.297000885009766,0.04320592060685158,-1.2190048694610596,-0.5339095592498779,-0.4518626928329468,-0.3495524227619171,-0.534649670124054,0.3518771827220917,-1.4034554958343506,1.6852784156799316,0.5986080169677734,-0.07605646550655365,0.04543131962418556,0.7636244893074036,0.4022906720638275,1.2242095470428467
14350.022,-0.02475770376622677,0.025744834914803505,-0.9685598611831665,0.09661011397838593,-0.021260684356093407,-0.6053590774536133,31.128664016723633,-11.625558853149414,40.89447021484375,-0.26805660128593445,-0.8300907015800476,0.5894950032234192,-1.3293904066085815,0.8161587119102478,-0.4320259988307953,-0.9595586061477661,-0.7272464036941528,0.3640559911727905,-0.3992665410041809,-0.3141067624092102,2.371857166290283,1.2726584672927856,-0.25050806999206543,-2.0364291667938232
14359.698,0.026871874928474426,-0.08871237188577652,-1.0044752359390259,0.1171073392033577,-0.9425178170204163,0.3612525165081024,29.947872161865234,-9.004742622375488,38.556884765625,-0.6727827191352844,-0.2694762349128723,-0.9289979338645935,-0.6129525303840637,-0.8120081424713135,1.0866785049438477,-0.007091967388987541,-0.9483545422554016,-0.9830970168113708,0.5353267192840576,-0.27682894468307495,-0.3586803376674652,-1.0230978727340698,2.492056369781494,-1.096153974533081
14369.895,-0.002005199668928981,-0.055903688073158264,-0.9973150491714478,0.7672961354255676,-0.3094155490398407,0.7601409554481506,29.69535255432129,-9.129878997802734,39.02545928955078,0.997351884841919,0.38266846537590027,0.41386425495147705,-0.7574130892753601,-0.2799969017505646,-0.6619699597358704,0.06387913227081299,1.6130726337432861,-3.7255728244781494,0.0882536843419075,0.8697844743728638,-0.5511038303375244,-0.19832460582256317,0.29421237111091614,-0.2681920528411865
14380.042,-0.011179789900779724,-0.052730489522218704,-1.001960277557373,0.7402151823043823,-0.27125242352485657,0.05527607724070549,30.42112159729004,-9.896158218383789,41.243751525878906,-1.6940783262252808,-0.6914659738540649,0.7656391859054565,0.11694207787513733,0.42035242915153503,-0.5022156238555908,-1.8137876987457275,-1.1421229839324951,-0.004157156217843294,-0.12230516225099564,-0.366316556930542,0.500788152217865,0.6315596103668213,-0.3106473684310913,-1.8752719163894653
14390.139,-0.01961139775812626,-0.01244102232158184,-1.02397620677948,0.4660375714302063,0.2686241567134857,0.07103841006755829,28.35816192626953,-11.301824569702148,39.220680236816406,-0.05806810036301613,-0.5618081092834473,0.7621826529502869,-1.0992045402526855,-1.0548081398010254,1.201109528541565,1.7105040550231934,0.00838721077889204,-0.6190619468688965,1.0221614837646484,0.1896248161792755,0.8233157396316528,1.172680139541626,0.5045030117034912,2.2439680099487305
14400.103,0.021098358556628227,0.11402915418148041,-0.9754580855369568,-0.10538963228464127,-0.2263161987066269,-0.6254386901855469,31.198684692382812,-11.020526885986328,39.35572052001953,0.1894546002149582,-1.499251365661621,-2.187314510345459,0.5541396141052246,0.5300185680389404,-1.442795991897583,0.8940686583518982,0.9890568256378174,-0.8945329189300537,-0.877007782459259,0.4350212514400482,0.613115131855011,1.88261878490448,0.23693843185901642,-0.028501354157924652
14410.117,-0.002096999203786254,0.004429178778082132,-1.007926344871521,1.024742603302002,-0.6024103760719299,0.03814804553985596,28.47043228149414,-8.663092613220215,40.40179443359375,0.40189969539642334,-0.12461936473846436,1.0560660362243652,-0.9714251160621643,0.24155327677726746,0.363646000623703,-0.32003340125083923,0.6909484267234802,0.009965836070477962,-0.43220117688179016,-0.16688857972621918,-0.9280837178230286,-0.2670159339904785,0.011107486672699451,-0.03768892213702202
14419.962,-0.03222717344760895,0.027955740690231323,-1.0168848037719727,-0.06980971992015839,0.07702883332967758,0.32148316502571106,32.03091812133789,-10.430256843566895,39.5992431640625,-1.8535830974578857,-1.211446762084961,1.2822883129119873,0.39664387702941895,0.31499600410461426,-0.28889405727386475,-0.4350980818271637,0.09035611897706985,-0.8465479016304016,-0.9192923903465271,-0.023801442235708237,0.6304506659507751,1.1076501607894897,-0.14703014492988586,-0.06485109776258469
14430.021,0.07695481926202774,-0.06939941644668579,-1.0068060159683228,0.661395788192749,0.842918336391449,0.02221367135643959,30.297805786132812,-11.010706901550293,40.80965805053711,-1.426835536956787,1.1256214380264282,0.12470179796218872,-0.5471681952476501,-0.14930003881454468,0.9395012855529785,-1.4646177291870117,0.6995347738265991,0.9990078806877136,-1.2492363452911377,0.13838359713554382,0.4560558497905731,-0.2167850136756897,0.5634717345237732,-1.8484269380569458
14440.280,-0.042014893144369125,-0.041043806821107864,-0.972187876701355,0.4953409433364868,-0.17092451453208923,0.22958235442638397,29.799694061279297,-9.14777660369873,37.786705017089844,-0.46709227561950684,-1.284997820854187,-0.5051193237304688,-0.6454627513885498,1.1195392608642578,0.01956467144191265,0.1521206647157669,-0.6393016576766968,-0.4991339147090912,0.3177689015865326,0.531253457069397,0.16758252680301666,0.09466653317213058,0.20314756035804749,0.013697918504476547
14449.985,0.022539479658007622,0.05466877669095993,-0.9894697666168213,-0.1359633207321167,-0.4409593939781189,-1.1696619987487793,31.222362518310547,-10.069066047668457,38.72814178466797,0.9414454698562622,-1.37526535987854,0.5865769386291504,1.558614730834961,0.4609655737876892,-1.6401678323745728,-0.3332580626010895,0.7783430218696594,0.9145650267601013,-0.2760656476020813,0.5671669244766235,0.7459497451782227,0.2262502759695053,0.44345179200172424,0.7517290115356445
14460.115,-0.06634169071912766,0.002289816504344344,-1.006401538848877,-0.5782027244567871,0.4872715473175049,0.2688530385494232,31.274166107177734,-9.030176162719727,40.08869934082031,-1.1683722734451294,-0.20395894348621368,-0.0023160602431744337,0.19566069543361664,2.1333236694335938,0.23717449605464935,0.042218293994665146,-1.2891231775283813,-0.18939976394176483,-2.2395756244659424,-0.4045257866382599,-1.8540773391723633,0.8771149516105652,0.341064453125,1.4101158380508423
14469.956,-0.06810261309146881,-0.07585904747247696,-0.9920468926429749,0.27800801396369934,0.6788721680641174,0.5836515426635742,30.821657180786133,-9.806083679199219,38.48192596435547,0.08046837896108627,-2.067857027053833,1.8417410850524902,-0.8514916896820068,1.6771166324615479,0.7174391746520996,1.09517502784729,0.6425736546516418,0.0603819377720356,-0.5669745802879333,-0.3146912753582001,0.3510779142379761,1.9133012294769287,0.8618007898330688,0.6226593852043152
14479.683,-0.03524559736251831,-0.1025165468454361,-1.0202233791351318,0.40789052844047546,0.36908605694770813,-0.2834671437740326,30.63979148864746,-9.88183307647705,39.66881561279297,-1.1170588731765747,1.1668046712875366,1.675565242767334,-0.826397180557251,-0.44988441467285156,-1.7794994115829468,-2.23526930809021,-1.2064381837844849,1.0781543254852295,0.37119004130363464,-0.7095659971237183,0.0896342396736145,1.7839106321334839,-0.3299473524093628,1.3138041496276855
14490.287,-0.03492569923400879,-0.06829774379730225,-0.9981434345245361,-0.31323227286338806,0.3160025477409363,0.5597339868545532,28.304689407348633,-10.740755081176758,39.94005584716797,-0.5149061679840088,-1.0347421169281006,-0.2219342291355133,0.701448380947113,1.7212238311767578,-0.642964780330658,0.01590801775455475,0.20589159429073334,-0.2781045436859131,0.33989518880844116,0.5715569257736206,0.27070820331573486,-0.4566476047039032,-0.10888681560754776,-0.770596981048584
14499.829,0.03402531147003174,-0.03472547233104706,-0.9907610416412354,0.6439039707183838,-0.1404559463262558,-0.0015022922307252884,29.690317153930664,-10.80444049835205,41.96970748901367,-0.718634843826294,1.7305787801742554,0.7040758728981018,-0.3287581503391266,0.37149694561958313,0.6933534145355225,-2.1739022731781006,1.1148338317871094,-0.5719704031944275,-1.2614744901657104,0.041939668357372284,-1.31718111038208,-0.14499884843826294,0.13163436949253082,-0.8071367144584656
14509.773,-0.027740690857172012,-0.049443915486335754,-1.003191351890564,-1.2181042432785034,-1.0137131214141846,-0.755365788936615,29.076929092407227,-10.57507610321045,39.71879577636719,-1.3129360675811768,-0.5977749824523926,2.4219377040863037,1.0944607257843018,-0.5669140219688416,-0.3794286549091339,-0.1126609519124031,1.0621216297149658,-0.7076534628868103,0.5258496403694153,-0.8875426650047302,2.3547158241271973,-1.9235371351242065,-0.2608070373535156,1.7338650226593018
14519.851,-0.023995744064450264,0.03531257063150406,-0.9740256071090698,-0.4479838013648987,0.6065804958343506,0.11823777109384537,30.373342514038086,-10.663280487060547,40.62319564819336,-0.7350360155105591,0.2014482319355011,0.12321917712688446,0.619451105594635,-1.3800147771835327,-0.5771186351776123,1.4407052993774414,-1.6423654556274414,1.463844895362854,2.0242929458618164,0.9801867604255676,-0.40579959750175476,1.5073251724243164,-1.1918972730636597,-0.23104196786880493
14529.921,-0.0040594530291855335,0.0771479681134224,-0.9965023994445801,-0.0865994468331337,0.40959861874580383,-0.34396082162857056,31.0292911529541,-8.981077194213867,39.912635803222656,1.132615089416504,0.9843799471855164,-0.11417479813098907,0.5095536112785339,0.3783700168132782,-0.9783895015716553,1.3781354427337646,-0.5150680541992188,-0.7957394123077393,-0.3623952865600586,-2.328786849975586,-0.9654220342636108,-0.8095545768737793,1.6554008722305298,1.0764538049697876
14539.939,0.024596113711595535,-0.0037713772617280483,-1.0429238080978394,0.43717288970947266,-0.2840655446052551,-1.1160184144973755,29.86699867248535,-10.493508338928223,39.2558479309082,1.2025128602981567,-1.5565075874328613,0.19578048586845398,-0.2364407330751419,-0.8618391156196594,-0.2389814704656601,-0.021006925031542778,-0.4461308419704437,-0.10559746623039246,0.4227732717990875,0.02376185730099678,-0.5349187850952148,1.4192787408828735,2.6047849655151367,0.6971567273139954
14550.050,0.05088147893548012,-0.05150363966822624,-0.978146493434906,0.8366900086402893,-1.0261363983154297,-0.2390076369047165,29.554161071777344,-11.554604530334473,40.57307052612305,1.8103257417678833,0.5000399947166443,-1.0771162509918213,0.9087274074554443,-0.5722333192825317,-0.5795970559120178,-0.07453877478837967,1.0487630367279053,-1.396207332611084,0.9657800197601318,-0.6346918344497681,0.3992263078689575,1.2744170427322388,-0.05133635550737381,-0.3204827904701233
14560.240,0.06481554359197617,0.03323747217655182,-1.0363867282867432,-0.18410803377628326,0.13981811702251434,0.6560600996017456,30.191736221313477,-10.558002471923828,39.54000473022461,-0.5817585587501526,-0.4129393398761749,-0.8939962387084961,-2.4908640384674072,-0.2420683056116104,-0.39279159903526306,0.8621097803115845,-0.3363613188266754,-2.146070957183838,2.162513017654419,-0.9417476058006287,-0.27545130252838135,-1.58854341506958,-0.9079903364181519,0.22243447601795197
14569.893,-0.03172862157225609,0.012319942004978657,-0.924848735332489,0.6967369318008423,-1.0571435689926147,-0.12443875521421432,30.70047950744629,-10.314414978027344,39.951961517333984,-0.7042256593704224,-0.3049454391002655,-1.4014021158218384,-0.8501145243644714,0.6568785309791565,1.1451163291931152,-1.5694844722747803,-0.892644464969635,-0.44469529390335083,0.11710662394762039,0.6642692685127258,-0.1066373884677887,-0.2527749240398407,0.01429164782166481,0.38837021589279175
14580.041,0.014440924860537052,-0.06121257320046425,-1.0063103437423706,-0.4744642972946167,0.1289999634027481,0.019645698368549347,29.89084815979004,-9.043163299560547,41.776302337646484,-0.5373486280441284,0.36118367314338684,1.3447198867797852,-0.1437491625547409,-0.18989941477775574,1.0480868816375732,0.6031054854393005,-0.6916506290435791,0.9054431319236755,-1.0137760639190674,0.3150424659252167,1.473807692527771,-0.45952609181404114,0.2171463817358017,0.5734376907348633
14590.001,0.015222426503896713,-0.07098638266324997,-0.9729352593421936,0.40388062596321106,0.04244890436530113,0.3078933358192444,29.039424896240234,-10.052638053894043,38.516014099121094,-0.011208917945623398,0.06582803279161453,0.23676644265651703,0.6639146208763123,0.3315739631652832,1.261913776397705,1.0479308366775513,-1.7791606187820435,1.635267734527588,1.134269118309021,-0.14859038591384888,-0.43263164162635803,0.03530597686767578,2.103273630142212,-0.25143080949783325
14599.937,0.09492775797843933,0.1163717582821846,-0.9723250865936279,-0.3082563579082489,-0.23180924355983734,-0.7665432691574097,29.37753677368164,-8.268240928649902,41.42734146118164,0.4754137694835663,0.5612240433692932,-0.2336161583662033,-0.8822153210639954,0.9607067704200745,0.711987316608429,0.18021629750728607,-0.6687026023864746,0.688153862953186,0.7850062251091003,-0.9277913570404053,-1.1735591888427734,1.304459810256958,0.4695242643356323,-1.8995290994644165
14610.114,-0.0397207997739315,-0.03758047893643379,-0.9789390563964844,-0.119487464427948,0.34217315912246704,0.4617645740509033,29.850927352905273,-8.472713470458984,39.03813171386719,-0.14645051956176758,0.5993979573249817,1.1065254211425781,1.635101556777954,0.6537936925888062,2.1606688499450684,0.14540767669677734,0.01736241765320301,2.229678153991699,1.2240447998046875,0.5894904732704163,0.8828454613685608,0.2463870793581009,0.02959693782031536,0.42052093148231506
14619.793,0.02519959770143032,-0.06133519485592842,-0.9855249524116516,-0.49289238452911377,-0.9092068076133728,-0.17011092603206635,29.444988250732422,-10.047364234924316,38.451255798339844,1.3013901710510254,1.9340282678604126,-0.41042569279670715,0.7346991896629333,0.16227546334266663,-0.32674968242645264,1.3646245002746582,0.46950268745422363,0.14947551488876343,-0.5905693769454956,-0.0352059081196785,1.553486704826355,-0.2834639847278595,-0.4095022678375244,1.1672760248184204
14630.137,0.023452123627066612,-0.025623317807912827,-0.979739785194397,-0.6620868444442749,-0.32328465580940247,-0.17107589542865753,29.531391143798828,-8.906982421875,40.15131378173828,-2.333606004714966,-1.7062400579452515,-0.7906904816627502,-0.0851740911602974,-1.0532896518707275,-1.5616488456726074,0.36443451046943665,1.7001112699508667,-0.8841657042503357,0.7007380127906799,0.9217658042907715,-0.49124330282211304,-0.5414839386940002,-0.5859495997428894,0.07820215821266174
14640.108,0.00281143537722528,-0.026761963963508606,-0.9724210500717163,0.5420769453048706,0.30254697799682617,0.37449583411216736,29.36648941040039,-9.870604515075684,41.288734436035156,-1.9079879522323608,0.7644647359848022,0.5259578824043274,2.233610153198242,1.702900767326355,-0.8739790320396423,0.7904727458953857,-0.7180674076080322,1.0617009401321411,-0.48793309926986694,-0.8408414125442505,-1.6179571151733398,-0.9324839115142822,-0.28028708696365356,-0.39011073112487793
14650.063,0.015641652047634125,0.03493525832891464,-1.0244466066360474,-0.7992110848426819,0.06287457793951035,-0.4570451080799103,29.37105941772461,-11.383574485778809,42.16963195800781,-1.9766247272491455,-1.3480032682418823,0.19630897045135498,-1.4292185306549072,0.09813350439071655,-1.4745920896530151,-0.2556706368923187,-0.6456651091575623,0.0004657966492231935,1.897336721420288,0.1483728587627411,0.9020171761512756,0.45258277654647827,0.07320208102464676,0.09169849008321762
14659.944,-0.04137067124247551,-0.038448650389909744,-1.0011557340621948,0.19295965135097504,0.30108535289764404,0.4827066659927368,29.63357162475586,-8.258069038391113,39.16805648803711,0.9682447910308838,-0.4192834198474884,-0.5423167943954468,-1.0719289779663086,2.0074989795684814,1.5902767181396484,0.07760801166296005,-0.5705766081809998,-0.5047638416290283,0.3937969505786896,-0.7385310530662537,0.020475352182984352,-0.5756781697273254,0.7564164996147156,-0.6850347518920898
14669.903,-0.00592770567163825,-0.01858970895409584,-0.9644562005996704,0.11841963231563568,0.444557785987854,-0.21085447072982788,30.389333724975586,-10.698164939880371,38.70346450805664,-1.5317617654800415,0.2627372741699219,-1.6704084873199463,-1.441778540611267,-1.9974334239959717,0.23566223680973053,0.14597946405410767,1.5984082221984863,0.08034001290798187,0.13794659078121185,-0.0712304338812828,0.8369584083557129,3.0860066413879395,-0.04172380268573761,-0.928882896900177
14680.032,-0.1006750836968422,-0.053369756788015366,-1.007431983947754,-0.4523565471172333,0.3040626645088196,-0.13578522205352783,30.303232192993164,-9.431354522705078,40.203529357910156,0.243620365858078,0.9836658835411072,-1.0233796834945679,-1.399764060974121,-2.8741064071655273,-1.5429978370666504,-0.5945360660552979,-0.09465024620294571,-1.1508878469467163,-0.21794945001602173,-0.644630491733551,-0.4455403685569763,0.14639148116111755,-0.7325484752655029,1.3306550979614258
14690.011,-0.05927811190485954,0.077013298869133,-1.015112042427063,0.7379094362258911,0.3357095718383789,0.4558413326740265,29.782808303833008,-9.097841262817383,40.699195861816406,1.5653846263885498,-0.21730539202690125,-0.5602849721908569,-0.7673997282981873,2.594705820083618,1.0084723234176636,0.8154363036155701,-0.4262634217739105,0.01698790118098259,-1.060624599456787,-0.08617185056209564,0.6354860663414001,-0.11201662570238113,-2.177835702896118,-1.180790901184082
14700.340,0.00565275177359581,0.08796081691980362,-0.9885048866271973,0.7456387877464294,0.8176950812339783,-0.6195616126060486,29.232614517211914,-9.413520812988281,40.29542922973633,1.9209028482437134,-0.9051129817962646,-1.6275858879089355,-0.10444477200508118,-0.3458223044872284,0.48048481345176697,-1.2481141090393066,1.4508066177368164,0.6026893258094788,1.8711055517196655,0.20576591789722443,-1.6020973920822144,-0.6491137742996216,-0.37196075916290283,0.34104517102241516
14710.097,-0.03936566784977913,0.024834923446178436,-0.9867962598800659,-0.6742377877235413,-0.5199670791625977,0.26205459237098694,30.50570297241211,-10.616843223571777,38.42332077026367,1.4987493753433228,0.9311938881874084,0.5977826714515686,0.8935565948486328,1.5441910028457642,0.738491415977478,1.4000288248062134,-0.4058006703853607,2.4729652404785156,-1.1576014757156372,-0.7187952995300293,-1.0154801607131958,-0.30672356486320496,-0.46223559975624084,0.8624898791313171
14720.230,0.05066576227545738,0.039633434265851974,-0.9946024417877197,-0.8039821982383728,0.5690892934799194,0.21555550396442413,29.41664695739746,-10.219905853271484,39.7724723815918,0.3586868345737457,-0.04048331826925278,0.22479291260242462,-0.9422945976257324,-1.6215285062789917,-1.1429170370101929,0.8633446097373962,-0.5946769118309021,0.508881151676178,-1.0352033376693726,-1.1173864603042603,-1.5605906248092651,-0.21488316357135773,0.9339838027954102,-0.03225102648139
14730.048,0.03945224732160568,0.03112722747027874,-1.0161625146865845,-0.6703013777732849,0.30110248923301697,0.44923338294029236,30.220609664916992,-10.36662769317627,39.518009185791016,3.4985132217407227,1.2382405996322632,0.022719591856002808,-0.7063487768173218,0.6152324676513672,-1.5476889610290527,0.6083378195762634,0.037746820598840714,-2.125535249710083,0.10446766763925552,0.0394577793776989,0.9742570519447327,-0.5789770483970642,-1.9463320970535278,-0.35549396276474
14740.073,-0.08283858001232147,-0.020300298929214478,-1.024688720703125,-0.2912960648536682,-0.1523730307817459,0.3951442241668701,29.55851936340332,-8.799188613891602,40.099674224853516,-0.012879980728030205,0.3578836917877197,0.02731640823185444,-0.7689557075500488,0.07224821299314499,1.3454753160476685,0.4076637327671051,2.0269315242767334,0.49482792615890503,0.11439128965139389,0.587558388710022,0.7386523485183716,0.875922441482544,-0.5744467973709106,-0.8169652223587036
14749.880,0.05175073444843292,0.026049217209219933,-1.0499051809310913,-0.4170700013637543,0.3516329526901245,-1.4381181001663208,29.339536666870117,-9.43190860748291,40.9238166809082,0.9799038171768188,2.249913215637207,-1.4036153554916382,0.8396363854408264,0.6770959496498108,-1.705326795578003,0.66346675157547,-0.8011684417724609,1.1122184991836548,-0.47993597388267517,-1.0921961069107056,0.3316182792186737,-2.6258349418640137,-1.7943567037582397,-0.4452686607837677
14760.120,0.028168288990855217,0.011929301545023918,-0.9866161346435547,0.13971881568431854,-1.0538685321807861,0.08662978559732437,30.951505661010742,-11.011878967285156,38.15385055541992,2.0616273880004883,0.8972357511520386,-0.5091263651847839,1.2633188962936401,0.6773591041564941,1.023574948310852,0.9645211696624756,-0.025123851373791695,2.0086307525634766,-0.899718165397644,0.6105529069900513,-0.3785555958747864,0.652417004108429,0.5293337106704712,-0.06228885427117348
14769.761,0.09669753909111023,0.03239045292139053,-1.0175799131393433,0.003448732662945986,0.7052609920501709,-0.010924942791461945,30.78452491760254,-8.219441413879395,39.3749885559082,-1.5721873044967651,-1.3070807456970215,1.5268046855926514,-0.568585991859436,0.6872681379318237,-1.170244574546814,0.06595725566148758,0.5341397523880005,0.5842503905296326,-0.7175995707511902,-0.498113214969635,-0.12087322771549225,-0.06707321107387543,-0.004050568211823702,-0.16580069065093994
14779.841,0.006194601766765118,-0.011301570571959019,-0.9842615127563477,0.24920997023582458,1.0983378887176514,-0.01732489839196205,30.044099807739258,-10.843640327453613,37.9545783996582,-0.3676013648509979,-1.3834762573242188,-0.15338106453418732,0.28016242384910583,-0.4586959481239319,-0.7210335731506348,-1.6229140758514404,1.038832664489746,-1.895471215248108,-0.041131921112537384,3.283421277999878,-1.0936347246170044,-2.650195837020874,-1.0336593389511108,-0.6133102774620056
14789.778,-0.05914716050028801,-0.016532059758901596,-0.978778600692749,1.2017582654953003,-0.23448774218559265,0.365171879529953,27.734100341796875,-9.61507797241211,40.5274658203125,-0.009327796287834644,-0.5851732492446899,0.6970928907394409,-0.5658376812934875,1.6970347166061401,0.9128495454788208,0.6485338807106018,0.057267505675554276,0.9370030164718628,-0.5672920942306519,-0.8350645899772644,-0.4895614981651306,-0.7557570338249207,-1.1226963996887207,1.960098147392273
14800.044,-0.04842507466673851,-0.0690678134560585,-0.999161958694458,0.006180712953209877,-0.3340841233730316,-0.5367941856384277,28.95083999633789,-11.253433227539062,39.169517517089844,-1.233051061630249,-0.4188562035560608,1.5370105504989624,1.299773931503296,0.28938743472099304,1.391987919807434,-1.2577810287475586,0.17272590100765228,-0.6118631958961487,-0.5639961957931519,-1.4347301721572876,1.0629732608795166,-1.0478838682174683,-1.632067084312439,-0.05333041399717331
14809.975,0.028473272919654846,-0.06410907953977585,-1.0081632137298584,-0.7898002862930298,-0.3602723777294159,0.7204427719116211,30.42242431640625,-10.571725845336914,38.541542053222656,1.0827856063842773,-0.36026817560195923,0.56120765209198,-1.481241226196289,-0.6587302088737488,-0.40689384937286377,-0.5371453762054443,0.08745690435171127,-1.1976053714752197,1.2622731924057007,-0.654667317867279,1.1898027658462524,-0.54737788438797,-0.9806023836135864,1.093253493309021
14819.862,-0.03933950513601303,0.011339555494487286,-1.0093938112258911,0.3904546797275543,-0.24485228955745697,0.3429872393608093,31.46158218383789,-9.049138069152832,39.31012725830078,0.7252673506736755,2.12652587890625,-0.594711422920227,-2.2725541591644287,-0.1605111062526703,-0.22544805705547333,1.1778701543807983,1.918559193611145,-0.17355182766914368,-0.5226399898529053,0.791405439376831,-0.7813024520874023,0.04690646007657051,1.1290931701660156,-0.40911903977394104
14829.916,0.012432650662958622,0.034776270389556885,-1.0087001323699951,-0.10666365921497345,-0.03871340677142143,0.33268702030181885,31.917787551879883,-11.16681957244873,40.11503219604492,-0.6125412583351135,1.4590966701507568,-1.6859151124954224,-0.29039472341537476,-0.9292246699333191,-0.04445673152804375,0.0008008955628611147,1.0303336381912231,0.9038593769073486,-1.6741079092025757,-0.4259161055088043,-1.2767318487167358,-1.2279889583587646,0.8257920742034912,-0.37613460421562195
14840.205,0.045832954347133636,-0.009805316105484962,-1.0360571146011353,-0.1844751536846161,0.4704018235206604,0.6105921268463135,28.62032127380371,-10.04399585723877,41.175960540771484,0.061725035309791565,-0.9282938241958618,1.503186821937561,-1.4559335708618164,0.12053656578063965,0.3072321116924286,0.056253280490636826,-1.153780221939087,-0.969248354434967,-0.2814001441001892,-1.8488075733184814,-1.0411947965621948,1.4776719808578491,1.5430552959442139,0.3395076394081116
14849.988,0.08800669014453888,-0.0005293990252539515,-1.0057823657989502,-0.5569674968719482,-1.4782814979553223,0.06270961463451385,30.42020034790039,-10.04757022857666,40.93719482421875,-0.14309242367744446,0.7834666967391968,1.851159691810608,-0.6500374674797058,0.12053357064723969,-0.6663379073143005,0.9220183491706848,0.5045936107635498,-1.7273247241973877,0.7670124173164368,-0.693178653717041,0.8547977805137634,0.7442159652709961,0.11892299354076385,0.4183405339717865
14860.220,0.03634586185216904,0.01738826557993889,-1.006090521812439,0.4758886694908142,-0.1543213576078415,0.9399817585945129,31.326337814331055,-8.898633003234863,40.73220443725586,1.9835537672042847,-0.2784586250782013,-0.7818442583084106,-0.7431033849716187,0.6340894103050232,-1.0649547576904297,0.5151446461677551,-0.31222814321517944,-0.3302323520183563,-1.1795376539230347,-1.0952658653259277,-0.5592997670173645,-0.05794723704457283,-2.4484543800354004,0.30067262053489685
14869.848,0.05789700150489807,0.012626893818378448,-0.9975392818450928,-1.135469675064087,0.09740104526281357,-0.2752316892147064,29.838768005371094,-9.706134796142578,39.932552337646484,-1.167088508605957,-0.2602919936180115,0.3990245759487152,0.48405972123146057,0.9945440292358398,0.6427252888679504,-0.4472011625766754,-0.051365263760089874,0.6141968965530396,0.642457902431488,0.1289692521095276,2.5532476902008057,0.8993040323257446,-0.07724032551050186,0.2154952734708786
14879.806,-0.008630434982478619,-0.06935430318117142,-0.9594995975494385,0.06987821310758591,-0.6636502146720886,0.7045935392379761,29.14259147644043,-9.213507652282715,38.925689697265625,-1.2900562286376953,1.1428815126419067,0.13126982748508453,1.1306495666503906,-0.3731265366077423,-1.8248082399368286,0.4541427493095398,0.336730420589447,0.28337007761001587,0.5257202386856079,-0.029825370758771896,-0.47169259190559387,-0.3663686215877533,1.0787194967269897,-0.3446767330169678
14890.095,0.08300307393074036,-0.02796352095901966,-0.9931426644325256,-0.18355974555015564,-0.24058252573013306,1.0207269191741943,29.84852409362793,-10.15681266784668,40.45269775390625,-1.2091354131698608,0.37653759121894836,0.7614016532897949,-0.03154946118593216,0.9594103693962097,0.27607470750808716,0.850252628326416,1.1701898574829102,0.8552461266517639,0.633974015712738,0.13627177476882935,-1.7197613716125488,-1.2992380857467651,-0.3822731077671051,-0.6941217184066772
14899.802,-0.04130646958947182,-0.01627841591835022,-0.9835686683654785,-0.021538004279136658,0.08066602796316147,-0.25853052735328674,30.15928077697754,-10.221480369567871,41.17763137817383,0.10689546167850494,0.33677011728286743,0.21623876690864563,-0.8167741298675537,0.4378170669078827,0.45372846722602844,1.0638829469680786,-0.4673713147640228,-0.526995837688446,-0.8156907558441162,-0.12727181613445282,0.8656898140907288,0.2702036499977112,-1.7631511688232422,-0.5321381688117981
14910.094,0.010876227170228958,-0.009824732318520546,-1.0173025131225586,0.4672902524471283,-0.38683196902275085,-1.2867077589035034,31.518404006958008,-10.995560646057129,39.639732360839844,0.1081274226307869,0.9485036134719849,-0.8753588199615479,0.2735409736633301,-1.9801583290100098,0.8492852449417114,-1.1771775484085083,0.2669981122016907,0.9835401773452759,-0.30352354049682617,-0.3978149890899658,0.4159984588623047,-0.9462836980819702,0.6653995513916016,-1.1104533672332764
14919.823,0.04568880796432495,0.0016890309052541852,-0.9860548377037048,-0.5811344385147095,-0.520665168762207,0.7777063250541687,29.883453369140625,-9.528976440429688,38.40315246582031,-0.8715264201164246,0.5998106598854065,0.8269739151000977,1.0439337491989136,1.2314039468765259,-0.7689188122749329,-1.604002833366394,-0.5068798065185547,1.0479464530944824,-0.117524653673172,-0.28797176480293274,-0.9129364490509033,0.09378118067979813,1.4299103021621704,0.8880888819694519
14930.196,0.02702304720878601,-0.01992243155837059,-0.9744670391082764,0.7717377543449402,-0.307159423828125,0.7454121708869934,30.645933151245117,-9.181340217590332,38.21335220336914,1.04246187210083,-0.2680860459804535,-0.3878469467163086,-2.341423749923706,0.017042716965079308,1.7438609600067139,0.5053971409797668,0.6674699783325195,0.34030383825302124,0.6238130927085876,-0.5983560085296631,-0.24347300827503204,0.20380601286888123,-0.21919454634189606,-1.087713599205017
14939.859,-0.09509172290563583,0.045942213386297226,-1.0145076513290405,-0.6124202609062195,0.25234511494636536,-0.4971414804458618,30.267948150634766,-10.67947006225586,40.9400520324707,-0.20243510603904724,0.22468365728855133,-0.7337579727172852,-0.7616256475448608,-1.9118655920028687,0.7874069213867188,0.6291464567184448,0.959788978099823,0.9679756760597229,-0.847356915473938,-0.22329992055892944,0.9444713592529297,1.210336685180664,0.1932641714811325,0.7841248512268066
14950.015,-0.04010828956961632,0.007983694784343243,-0.9766350388526917,-0.06634603440761566,-0.7671756148338318,-0.9866077303886414,30.353404998779297,-9.367483139038086,40.92087173461914,-1.4448832273483276,-0.8451306223869324,-0.11037985235452652,-0.4601503312587738,-0.5504438281059265,0.20710629224777222,0.4543178677558899,0.6893392205238342,-0.055929381400346756,-0.9670940041542053,0.22974464297294617,-2.5831751823425293,-2.02266526222229,0.6324381828308105,-1.9219309091567993
14959.869,0.02319674752652645,0.07528042793273926,-0.9925448894500732,-0.9689297080039978,-0.05028487741947174,-0.5094130635261536,30.945451736450195,-10.033661842346191,38.638084411621094,1.9565904140472412,1.0368086099624634,0.35008668899536133,0.30175021290779114,0.26365986466407776,0.7786571383476257,-0.5901868343353271,0.8813698887825012,-0.6424970626831055,0.0547855980694294,0.558906078338623,0.11831946671009064,0.24150411784648895,-0.23982593417167664,-1.8187408447265625
14969.865,-0.06089914217591286,-0.0646381750702858,-1.0236905813217163,0.21927881240844727,0.27838414907455444,0.0271141454577446,30.24916648864746,-8.88188362121582,40.17938232421875,0.35253143310546875,-0.9857990145683289,-0.06346949189901352,0.16725775599479675,1.2010310888290405,0.6648591756820679,-0.9781113266944885,-0.9142090082168579,-2.3509888648986816,-0.5727559924125671,0.2714809477329254,-0.8589419722557068,1.4933608770370483,0.41616290807724,0.0899198055267334
14980.148,0.05165155231952667,-0.020881375297904015,-1.0037345886230469,1.1878893375396729,-0.679059624671936,-1.05218505859375,28.23002052307129,-10.418167114257812,40.05955505371094,-0.1298883706331253,-1.0194060802459717,-0.9934273362159729,-0.6569644212722778,0.09370092302560806,0.4597603976726532,-1.03080415725708,-1.153246521949768,0.8174392580986023,-0.6467422246932983,-1.5497161149978638,-1.2684965133666992,-0.9400482773780823,1.1828851699829102,-1.1866123676300049
14989.806,0.07594288885593414,0.03873899579048157,-1.0167574882507324,-0.41093724966049194,0.5479301810264587,0.5238154530525208,29.63345718383789,-7.733124732971191,39.92429733276367,-0.08343689143657684,0.4411200284957886,-2.838923692703247,-1.4906566143035889,-1.2851883172988892,-0.8197063207626343,1.3242429494857788,-1.3883335590362549,1.139573574066162,0.5622991919517517,1.4180437326431274,0.6793285608291626,1.9555552005767822,-0.6640278100967407,0.21801260113716125
14999.853,-0.0008626968483440578,-0.004532742779701948,-1.0189414024353027,0.4692254960536957,0.2717353105545044,-0.32074010372161865,28.80097770690918,-7.687851905822754,41.59446716308594,-0.39758601784706116,0.37319445610046387,-0.624997615814209,-0.5454089641571045,-0.2427738904953003,0.8831031322479248,-0.2411932349205017,2.2479639053344727,0.03254719078540802,0.2720740735530853,-0.044542182236909866,1.2006245851516724,-1.1369444131851196,1.8946492671966553,0.8423025012016296
15010.061,-0.002855558879673481,-0.006004929076880217,-0.9741807579994202,-0.3432352542877197,-0.7263777256011963,-0.4382224380970001,29.517244338989258,-9.085959434509277,40.42715072631836,-0.3088076710700989,0.1145075187087059,0.6977086663246155,1.2045257091522217,-0.34847161173820496,-1.594120979309082,0.8212843537330627,-1.2322030067443848,0.0895339772105217,0.03652377799153328,0.33279865980148315,0.5103873014450073,0.9289995431900024,-0.06203040853142738,-1.286500096321106
15019.759,0.03949306160211563,0.0349728986620903,-0.9970566034317017,-0.37590980529785156,0.23087459802627563,-0.7681936621665955,30.31511116027832,-9.079835891723633,37.39447784423828,1.452478051185608,-0.03204449638724327,-1.6836395263671875,0.42757463455200195,1.3123186826705933,-0.02210533618927002,-0.8513085842132568,1.8077569007873535,2.2419750690460205,0.06215222179889679,-1.0091068744659424,0.8495561480522156,-0.8165615200996399,1.3639062643051147,-1.0697132349014282
15029.882,-0.024759439751505852,-0.004848227836191654,-1.0250455141067505,0.0386711061000824,-0.9441078901290894,0.0911298543214798,28.885242462158203,-9.270246505737305,41.179534912109375,0.7767674922943115,-0.7782148718833923,-1.4111348390579224,0.06292002648115158,1.3380308151245117,-0.49382027983665466,0.49951303005218506,-0.32519015669822693,-0.15894700586795807,1.0466245412826538,0.09549994766712189,0.0405111126601696,1.1955255270004272,0.6073538064956665,0.22840912640094757
15040.012,-0.04608790576457977,-0.07407240569591522,-0.9905443787574768,-0.02655903622508049,-0.9931137561798096,-0.14592155814170837,28.75252914428711,-10.25704574584961,40.49409866333008,-2.0757791996002197,-1.0725806951522827,0.37226760387420654,1.5517377853393555,-0.46205437183380127,-0.3824070990085602,-1.2740223407745361,-1.4702882766723633,-0.4041338562965393,1.8926031589508057,-1.2653647661209106,-0.11197274178266525,1.3229889869689941,1.0285197496414185,-1.1214234828948975
15049.710,0.0668778344988823,0.042404208332300186,-0.9759568572044373,0.7234989404678345,0.31747981905937195,0.2582985758781433,28.218761444091797,-11.780267715454102,39.86293411254883,-0.029908370226621628,1.691266417503357,0.6474047303199768,-1.9219244718551636,0.31902554631233215,-0.21567107737064362,0.5523674488067627,-0.08161864429712296,-1.9013103246688843,-1.059926986694336,-0.3408604562282562,-0.4168637990951538,1.5847381353378296,1.0967518091201782,-0.08215920627117157
15059.928,-0.002843759022653103,0.04971775412559509,-1.0154049396514893,-0.5818488597869873,0.6832066178321838,-0.09132025390863419,29.059356689453125,-8.886089324951172,40.568458557128906,0.5244211554527283,0.4779583811759949,-0.636788010597229,0.056793246418237686,0.5754624009132385,-1.537426233291626,-1.2533230781555176,-0.01939009316265583,0.7071093320846558,-0.8225107192993164,-0.8891056180000305,-0.06246146932244301,-0.14635883271694183,-0.879112958908081,2.6092474460601807
15069.901,0.04322940856218338,-0.008623364381492138,-1.0152181386947632,-0.6067282557487488,0.5104533433914185,-0.09392581880092621,28.376140594482422,-8.787574768066406,40.506439208984375,0.2914540767669678,-0.6552029252052307,-0.4352554678916931,0.15344932675361633,-1.7925678491592407,-1.089976191520691,0.9130984544754028,-0.8213953971862793,-0.8846877217292786,-1.0128625631332397,-0.5389066934585571,-0.09145604074001312,0.6543177366256714,-1.8766340017318726,-0.7087457180023193
15079.797,-0.016445498913526535,0.03967423364520073,-1.0376795530319214,0.420045405626297,-0.48338091373443604,-0.20983390510082245,29.81082534790039,-9.494300842285156,40.08854675292969,0.4870600998401642,1.5437960624694824,2.0266523361206055,1.1424055099487305,1.36112380027771,0.9439663290977478,0.7110028862953186,-0.6926849484443665,-1.1318861246109009,0.03756893798708916,1.4311941862106323,0.04898344725370407,0.05981126427650452,-0.7640132904052734,-1.5378344058990479
15089.706,0.015244447626173496,-0.08964275568723679,-1.0060436725616455,0.5565592050552368,-0.7767442464828491,0.10296907275915146,29.664941787719727,-9.28911018371582,38.62268829345703,0.8050479888916016,-0.8701745271682739,-0.42853307723999023,0.9202113747596741,-1.4646039009094238,-0.21442843973636627,0.3333069980144501,-0.549718976020813,-1.2152804136276245,-0.09107475727796555,-1.2300821542739868,1.5033702850341797,0.32112839818000793,0.9823004603385925,0.8334744572639465
15099.948,0.012122252024710178,0.05145109444856644,-0.9658626317977905,0.32329097390174866,0.18657739460468292,-0.06551026552915573,29.019573211669922,-10.647448539733887,39.102603912353516,0.5288382172584534,1.829725742340088,-1.336215853691101,-1.1237114667892456,0.37421998381614685,0.06373458355665207,0.07683807611465454,0.9227727055549622,-0.31451424956321716,0.6451939940452576,1.0364046096801758,0.7296300530433655,0.26533275842666626,0.6719235181808472,-0.6779731512069702
15110.042,0.06589263677597046,0.08510129153728485,-1.0104848146438599,0.40141311287879944,-0.29732993245124817,-0.18677359819412231,30.666616439819336,-10.103367805480957,39.13019943237305,0.10022220015525818,-2.0116655826568604,0.8394744396209717,0.08039871603250504,-0.1959252804517746,-0.9187222719192505,-0.42629992961883545,-1.7530494928359985,-0.49814584851264954,1.0949815511703491,-0.376507043838501,-0.08995507657527924,-0.6611365079879761,1.8940351009368896,0.5511024594306946
15120.045,-0.07383701950311661,-0.010846034623682499,-1.0101513862609863,-0.7467365264892578,0.4314407408237457,-0.2055356800556183,30.87389373779297,-12.382935523986816,39.2504768371582,1.3075255155563354,0.41153210401535034,0.1773732304573059,0.1785890907049179,-0.12358783185482025,0.8483529686927795,-0.8556203842163086,0.35838085412979126,0.1827513724565506,-0.08035926520824432,1.2924102544784546,0.3478562533855438,0.3547118008136749,-1.2809892892837524,0.04039321839809418
15129.814,0.09688913077116013,-0.009356655180454254,-0.9888258576393127,0.1321626752614975,-0.17171047627925873,-0.031125936657190323,29.870594024658203,-9.979493141174316,41.04811477661133,0.35242578387260437,1.006737232208252,1.128165364265442,-0.5380914211273193,0.12307800352573395,0.5496188402175903,1.3601346015930176,0.2717737853527069,0.643816351890564,-1.1112573146820068,1.0147475004196167,-1.384427547454834,0.646648108959198,-0.7353072762489319,0.4816107451915741
15139.816,-0.08825495839118958,0.009707682766020298,-1.0224857330322266,0.17047379910945892,-0.07567615807056427,0.2542201578617096,30.88787078857422,-9.649455070495605,38.50520324707031,-0.8958696722984314,0.15291601419448853,-0.24741043150424957,0.3614259958267212,0.4012354612350464,0.19306764006614685,0.8656406998634338,-0.32686948776245117,0.4484427869319916,-0.7564362287521362,-0.12366819381713867,-0.8183960318565369,-0.2737719416618347,2.0055198669433594,1.5661818981170654
15149.984,0.06600185483694077,0.015441648662090302,-0.9847910404205322,0.6673843860626221,0.46865373849868774,0.046479880809783936,27.955106735229492,-9.580574035644531,39.896793365478516,0.3796657919883728,1.23945951461792,-0.8919129371643066,0.838517427444458,-1.547346591949463,-0.6420565247535706,1.0173585414886475,0.699741542339325,-0.6705158352851868,0.07691808044910431,-0.5570782423019409,-1.1652556657791138,1.740673542022705,0.21764157712459564,1.0031216144561768
15159.934,0.03018001839518547,-0.07256093621253967,-1.0097346305847168,0.30266904830932617,-0.0939813107252121,0.6189588904380798,29.056787490844727,-10.034148216247559,40.30956268310547,0.08564601093530655,-0.06860557943582535,1.7029377222061157,0.2832571268081665,0.8389278054237366,0.31054362654685974,1.1545441150665283,-0.23672068119049072,0.47301000356674194,1.1483947038650513,-1.9975157976150513,1.7880244255065918,-1.3532564640045166,-0.5453977584838867,-0.1653199940919876
15170.264,0.07992715388536453,-0.025513261556625366,-0.9727979898452759,-0.5109744668006897,0.5511338710784912,0.09573592990636826,29.27921485900879,-9.115294456481934,39.546512603759766,-1.8007948398590088,2.279810667037964,-1.131339430809021,-0.14902399480342865,0.4680686295032501,-0.4595138430595398,-0.2584492862224579,1.2386821508407593,-0.33519476652145386,-0.6565657258033752,-1.5073599815368652,0.12713554501533508,0.3330617845058441,-2.259657382965088,-1.0992487668991089
15180.212,-0.051936276257038116,-0.054171640425920486,-0.9601100087165833,0.3057667016983032,0.12098878622055054,0.2530808448791504,30.029003143310547,-9.014235496520996,38.66250228881836,0.6464149951934814,0.18247726559638977,-0.899125337600708,-0.5663924813270569,0.5331792235374451,-0.020586911588907242,-0.2871902585029602,0.2921554744243622,0.7920882701873779,1.3246313333511353,-0.03084171935915947,0.40818825364112854,-2.09633731842041,0.31658998131752014,-0.6189695596694946
15190.205,0.05381352826952934,0.05730012059211731,-1.0225447416305542,-0.19575364887714386,-0.44378915429115295,-0.6454911828041077,26.71613311767578,-10.235779762268066,39.22102355957031,0.21246062219142914,0.3529118299484253,-0.9348616003990173,-0.5241011381149292,-0.539368748664856,-0.2681843638420105,0.9306191802024841,0.21193167567253113,1.0391823053359985,1.660971760749817,-0.2677379846572876,-0.4818301498889923,0.45158836245536804,-0.21437926590442657,0.9612094759941101
15200.024,-0.05149969831109047,0.07017725706100464,-1.0383182764053345,-0.7369288802146912,0.7720080018043518,-0.3031913936138153,29.92972183227539,-8.906901359558105,39.818843841552734,1.564916729927063,-1.9780833721160889,-0.6606363654136658,0.5292860865592957,-1.9832907915115356,1.7282887697219849,1.6198887825012207,0.1394224315881729,0.9237073659896851,-0.54652339220047,-0.5321678519248962,1.918125033378601,1.1339548826217651,0.12053794413805008,-0.5124838948249817
15210.304,0.034404873847961426,-0.05892341211438179,-0.9922612905502319,0.1652202159166336,-0.2212734967470169,0.3491942584514618,29.23883628845215,-8.806309700012207,40.288787841796875,1.3951199054718018,1.6089322566986084,1.6967612504959106,-0.3596538305282593,-0.6127173900604248,1.7704659700393677,0.3296568691730499,0.7338253259658813,0.06681763380765915,-0.31180933117866516,-1.856289267539978,0.3570808470249176,-1.140365719795227,-0.10246995091438293,0.653478741645813
15219.858,-0.03804686665534973,-0.06950931251049042,-1.0443307161331177,-1.01431405544281,0.22055894136428833,-0.020750654861330986,29.70958137512207,-11.16070556640625,39.960975646972656,0.1792411357164383,-0.719397246837616,-0.9448155164718628,-1.2150468826293945,0.6599783897399902,-1.0437660217285156,0.023574914783239365,1.1187961101531982,-1.0910471677780151,-0.9185565710067749,-0.24795763194561005,-1.0535898208618164,1.6156002283096313,0.42527079582214355,-1.7302082777023315
15230.230,0.06907007843255997,0.02559839002788067,-1.015512466430664,0.5345645546913147,-0.9589681625366211,-0.9436407685279846,31.568632125854492,-10.594412803649902,38.056758880615234,1.4828206300735474,-0.28936854004859924,-0.7293244004249573,-1.6525980234146118,0.4416707456111908,-0.48023539781570435,-1.166202425956726,0.2719155251979828,1.2328280210494995,0.3413647711277008,0.5442488789558411,-0.6966701745986938,0.13017120957374573,-0.8022209405899048,-0.3808773159980774
15240.061,0.030540412291884422,-0.04461754485964775,-1.012911319732666,-0.26310545206069946,-0.9233977198600769,-0.6721022129058838,29.291658401489258,-10.606050491333008,40.81901931762695,0.6499658226966858,-0.23512178659439087,-0.9229076504707336,-1.6079277992248535,-0.2701722979545593,-0.5663271546363831,-1.3090403079986572,0.6895845532417297,0.9606079459190369,0.8491325974464417,-0.8210773468017578,1.5069562196731567,-0.7624408602714539,-0.05165354534983635,-0.052980080246925354
15250.047,-0.055882446467876434,-0.025206351652741432,-0.9841050505638123,0.737690269947052,0.29642999172210693,0.6514908075332642,30.85264015197754,-11.099393844604492,40.06589889526367,0.43360668420791626,0.2293756604194641,1.4254878759384155,-1.8163673877716064,1.9087409973144531,-0.1557748168706894,-0.2589343786239624,1.2041680812835693,-1.0839792490005493,0.9222801327705383,-0.04880879074335098,-0.46851101517677307,-1.1489561796188354,-1.307369589805603,-0.5711209774017334
15259.843,0.02121390402317047,-0.03945336490869522,-0.9956479668617249,0.03701428323984146,0.17717018723487854,-0.02304731123149395,30.56296730041504,-9.5866117477417,41.29690170288086,-0.8509131669998169,-0.4996277093887329,-0.1672726720571518,-0.7025725245475769,1.7491456270217896,-0.235629603266716,0.1520276665687561,-0.9362112879753113,1.0942599773406982,-0.2578720152378082,0.24613125622272491,0.3528854548931122,0.4045816659927368,0.03284521400928497,-1.0300341844558716
15269.852,-0.06002037599682808,-0.005751133430749178,-0.9954932332038879,0.3164422810077667,-0.8332497477531433,-0.06455879658460617,31.1464900970459,-9.31381607055664,41.304840087890625,0.885587751865387,-1.4252842664718628,-0.24903488159179688,0.9891241788864136,-0.39965033531188965,2.8726677894592285,0.3114995062351227,2.627960443496704,0.7418644428253174,1.7905049324035645,0.6622952818870544,0.618141770362854,0.07883331179618835,1.6066862344741821,-1.337330937385559
15280.042,-0.03439420461654663,-0.039142582565546036,-1.0089969635009766,-0.3322438895702362,-0.48357507586479187,0.19230295717716217,32.294219970703125,-9.468470573425293,38.583316802978516,-1.5888128280639648,-0.6428817510604858,1.2669367790222168,-0.5208187699317932,-1.1424249410629272,0.6123544573783875,1.0159271955490112,-0.979713499546051,0.8244763016700745,1.0686581134796143,-1.0665000677108765,0.20916174352169037,0.7703756093978882,-0.754558801651001,-0.04399912804365158
15290.131,-0.08814575523138046,0.004440915305167437,-0.9628140926361084,-0.005072138737887144,-0.4501621723175049,0.2264784872531891,28.430025100708008,-10.173416137695312,39.46295166015625,-0.8142122626304626,0.7764396667480469,-0.6186236143112183,-1.6293188333511353,-0.13217024505138397,0.3229485750198364,0.054083310067653656,0.22247420251369476,1.1421654224395752,0.4579237103462219,0.09798488020896912,-0.9822240471839905,0.3595781922340393,0.37100183963775635,2.274686098098755
15299.971,0.0570964552462101,0.007483268156647682,-1.0103007555007935,0.35808974504470825,-0.11702565848827362,-0.42076560854911804,30.113941192626953,-8.510741233825684,38.471092224121094,0.09599369764328003,-0.3844602704048157,0.17530973255634308,-1.0777565240859985,-0.49749845266342163,-0.08769051730632782,-0.8011197447776794,-1.422325611114502,0.060295116156339645,-0.054879289120435715,0.40001291036605835,-0.018099559471011162,0.23689661920070648,0.571636438369751,1.4885262250900269
15309.997,-0.0068059926852583885,0.042276106774806976,-0.9896022081375122,0.1239285096526146,0.049737513065338135,0.19220063090324402,28.88526153564453,-8.41895866394043,40.58524703979492,-0.07971172034740448,-0.8002055883407593,-0.001729591516777873,-1.286894679069519,-0.9393479824066162,0.10567022860050201,0.8885061144828796,-0.6331287622451782,1.9521633386611938,-1.5355302095413208,0.24301882088184357,0.4403815269470215,0.9532676339149475,-0.17862281203269958,-1.7985447645187378
15319.918,0.027036502957344055,0.09544137865304947,-0.9739391207695007,-0.20656588673591614,0.04678848758339882,0.5262312293052673,30.40635108947754,-10.139236450195312,41.45427322387695,1.09626305103302,-0.06864705681800842,1.2227281332015991,-0.3592798411846161,1.8877350091934204,0.1993616372346878,-0.8231925368309021,1.1153172254562378,-0.9467812776565552,-0.1467384546995163,1.2318605184555054,-0.41968458890914917,-1.1786571741104126,0.49828773736953735,1.096402883529663
15330.046,0.0812300443649292,0.10655458271503448,-0.9522402286529541,-0.31309178471565247,0.35199397802352905,1.0177220106124878,31.38702964782715,-7.318831443786621,41.6046142578125,-0.6836718320846558,-1.4474592208862305,-2.024888515472412,0.5883031487464905,0.01622091792523861,-0.12951932847499847,0.13635434210300446,0.4717629849910736,-0.8665040135383606,-0.5196239948272705,0.0994618833065033,-0.19342085719108582,0.3807145953178406,1.0388833284378052,-0.2957680821418762
15340.081,-0.06748948246240616,-0.08280123025178909,-1.016800045967102,0.0977044478058815,0.18702788650989532,-0.06552769988775253,27.766300201416016,-9.550132751464844,40.675750732421875,-0.5673956274986267,-1.3043218851089478,1.6689214706420898,-1.0180176496505737,-0.6541754603385925,-0.4702710211277008,-0.7107714414596558,0.02811920829117298,-0.48442915081977844,-0.39825239777565,0.6426206231117249,-1.7600528001785278,-0.46144554018974304,0.5449882745742798,0.49617576599121094
15350.159,0.0060595860704779625,0.06793414056301117,-1.0053951740264893,-0.11771775037050247,-0.40594983100891113,-0.4938097596168518,29.452913284301758,-8.728954315185547,41.06206130981445,-0.12939904630184174,0.21648630499839783,-0.9904516339302063,0.9323059320449829,-0.1900458186864853,0.18548671901226044,2.155099391937256,0.14727506041526794,-1.0628347396850586,1.5568253993988037,2.572301149368286,0.42293161153793335,0.16343224048614502,-1.644852876663208,-0.37561172246932983
15359.679,-0.05527425557374954,-0.053817808628082275,-0.9924412369728088,0.39205920696258545,-0.12972740828990936,-0.8672010898590088,30.17740821838379,-11.184155464172363,40.27293395996094,1.023037314414978,1.0520532131195068,0.4306073486804962,-0.5859367847442627,0.6960573196411133,-1.5664488077163696,-1.6367578506469727,-0.31662940979003906,-0.8124568462371826,-0.536344051361084,-0.0974438488483429,0.7597742080688477,-0.32742562890052795,1.4521231651306152,-0.04218072071671486
15370.096,0.0867224857211113,-0.0016379767330363393,-0.9887501001358032,-0.3641422688961029,0.05003827437758446,-0.37080642580986023,29.35472297668457,-9.182907104492188,40.9130744934082,0.0835312008857727,1.4595059156417847,0.12405914068222046,1.1440263986587524,1.4355484247207642,-0.1415189802646637,-0.20360252261161804,-0.2566205561161041,-1.8918558359146118,0.09822876006364822,0.527737557888031,0.03726055473089218,1.04215407371521,0.35198184847831726,-2.0479533672332764
15380.273,-0.037603918462991714,-0.012851434759795666,-0.9809322357177734,0.7614948749542236,-0.010160889476537704,0.2206234335899353,28.422801971435547,-9.438178062438965,40.547245025634766,1.2800493240356445,1.881427526473999,-0.4140913486480713,-2.0901780128479004,-0.5405006408691406,1.6062346696853638,-0.5753238201141357,-0.26270636916160583,0.5264622569084167,-0.7220038175582886,-1.2648452520370483,0.29023978114128113,-0.07110046595335007,0.8502085208892822,-0.7198526859283447
15390.083,0.03288082778453827,-0.01475073117762804,-1.0255776643753052,-0.15882143378257751,0.19087478518486023,0.31409281492233276,30.091096878051758,-8.72106647491455,39.37940979003906,1.0924042463302612,-0.7107265591621399,0.8350206017494202,0.2656155228614807,0.14617949724197388,-1.0077857971191406,0.8079208731651306,-1.5398305654525757,0.9145017266273499,0.8724663257598877,1.3757045269012451,-0.61656254529953,0.3050289750099182,-1.5115338563919067,1.0691559314727783
15400.032,-0.022449305281043053,0.01597820408642292,-0.9883734583854675,0.26252448558807373,-0.44911423325538635,0.857580840587616,28.82829475402832,-8.980223655700684,38.38340759277344,0.49054208397865295,-0.7490867972373962,-0.3957066535949707,-0.18329232931137085,-0.2282576858997345,0.21698451042175293,0.6525793075561523,-0.21866726875305176,-0.9165797233581543,-0.5208607912063599,-1.1180517673492432,-1.2736283540725708,0.46286648511886597,-0.19267024099826813,0.2260599285364151
15409.884,-0.019298933446407318,-0.011974761262536049,-0.9706173539161682,0.4847927987575531,-0.22308070957660675,0.40232330560684204,28.15045738220215,-12.154006004333496,39.36870193481445,1.531357765197754,-1.058038353919983,2.6168150901794434,2.0301685333251953,0.8219227194786072,0.5640939474105835,1.7127909660339355,-0.21703985333442688,1.9971641302108765,0.9259015917778015,-0.46013104915618896,1.4701178073883057,-0.21254827082157135,1.052639365196228,1.3468773365020752
15420.082,0.04292457550764084,0.010291213169693947,-1.0172039270401,0.9157969355583191,0.6886260509490967,-0.033228375017642975,29.993976593017578,-9.650344848632812,39.87569046020508,-2.012112617492676,-1.3014427423477173,0.22442908585071564,-1.3621582984924316,0.1666664183139801,0.0022413365077227354,0.7709595561027527,1.8975416421890259,1.6639413833618164,-0.806255042552948,-0.2872137725353241,1.6214264631271362,-0.6220117807388306,-0.6723116636276245,0.2654418349266052
15430.009,0.11599164456129074,-0.019333215430378914,-1.00312077999115,-1.0757620334625244,-0.38042885065078735,0.43789753317832947,30.97277069091797,-9.105881690979004,39.60491180419922,-0.09889739751815796,1.0830987691879272,0.023967092856764793,-0.5962137579917908,1.5302276611328125,0.8747816681861877,-0.6944522857666016,1.7023533582687378,-0.24817141890525818,0.35327380895614624,0.421101838350296,-0.18142971396446228,-0.7486652731895447,0.3279353380203247,-1.0194299221038818
15439.642,0.06033859774470329,-0.04529139772057533,-0.9843281507492065,0.2605385482311249,0.15213558077812195,0.30159541964530945,31.23525047302246,-8.619686126708984,41.210086822509766,-1.4222975969314575,3.1595468521118164,2.117361068725586,-0.7233190536499023,-0.3193846642971039,0.4481219947338104,0.0009338522795587778,0.5811478495597839,0.7288244962692261,0.47369882464408875,0.32225072383880615,-0.28563255071640015,-0.10074220597743988,-0.11821479350328445,-0.13650132715702057
15449.850,0.1276884227991104,0.010353674180805683,-1.001407265663147,-0.29034775495529175,0.05190712586045265,-0.7719570398330688,31.64957618713379,-10.815101623535156,40.04254913330078,1.1221314668655396,1.956528663635254,0.34834977984428406,2.9881675243377686,0.5596132874488831,2.503542900085449,0.15195195376873016,0.048693835735321045,0.4728909432888031,-0.3711402416229248,0.7121607661247253,-0.047150976955890656,0.3098350167274475,-0.8086920976638794,-0.5236926674842834
15460.089,0.054635461419820786,-0.028802722692489624,-1.010418176651001,0.16937115788459778,-0.04515410214662552,-0.0066648065112531185,30.257265090942383,-9.141533851623535,38.23402786254883,2.444392204284668,-0.5053741335868835,0.4712948799133301,-1.7114298343658447,-1.1252018213272095,1.4219045639038086,1.506190538406372,1.5233867168426514,-0.21153126657009125,-1.2421501874923706,0.5236591100692749,-1.0674991607666016,-0.9873045682907104,-0.1316278576850891,2.128089189529419
15469.695,-0.05541711300611496,0.032603900879621506,-0.99550861120224,1.4225599765777588,-0.7218068838119507,0.504258394241333,29.03364372253418,-9.291532516479492,40.95181655883789,-0.09781108796596527,0.2632065415382385,0.4370881915092468,0.8397385478019714,-0.5494739413261414,0.69435715675354,1.2900141477584839,0.8042191863059998,-1.7557623386383057,0.1486440896987915,-1.4580051898956299,1.8735510110855103,-0.9596145153045654,-0.6572087407112122,-0.6162111759185791
15480.187,-0.057419661432504654,-0.018075309693813324,-1.0050362348556519,0.3314494490623474,0.5643494725227356,-0.3529646694660187,28.807607650756836,-10.46519660949707,40.7508659362793,-0.9125645756721497,0.22241522371768951,-0.2958705723285675,-0.29600241780281067,0.3376857340335846,0.06809280067682266,-1.7973096370697021,-0.3406020998954773,-0.8785232901573181,0.2072342485189438,0.4149912893772125,-0.4814114272594452,-0.2805958390235901,-0.3082864284515381,-0.38436159491539
15489.617,0.05441542714834213,-0.06668740510940552,-1.0168139934539795,-0.31670892238616943,-0.36930882930755615,0.16899973154067993,31.135574340820312,-9.169915199279785,38.70998764038086,-0.6590076088905334,-1.3050940036773682,-1.0893514156341553,1.334253191947937,-1.0034326314926147,-0.476397305727005,-0.2944127023220062,0.9963952302932739,1.5045908689498901,-1.7673664093017578,-0.6714562177658081,-0.2487112432718277,-0.00594108272343874,0.9069607257843018,0.00188378244638443
15499.777,0.030820025131106377,-0.049367427825927734,-1.0319805145263672,-0.7664350271224976,-0.07456722855567932,0.023222489282488823,28.530332565307617,-9.489933013916016,40.05517578125,0.9295074939727783,0.4138628840446472,-0.8264210820198059,1.2906913757324219,-0.32380202412605286,1.0029268264770508,0.5606904029846191,-1.2674262523651123,-0.04865569993853569,0.8061049580574036,-0.5549282431602478,-1.0923393964767456,0.7442477345466614,2.0320098400115967,-0.6410024762153625
15509.977,-0.03352311998605728,-0.012714951299130917,-0.9900073409080505,0.4001689851284027,-0.2731005549430847,-0.03493518754839897,31.369848251342773,-12.040704727172852,39.741275787353516,-1.0091032981872559,-2.1481406688690186,0.8006827235221863,-0.013039886951446533,1.2577918767929077,-0.17038042843341827,0.2805103063583374,0.25476133823394775,1.111601710319519,-0.6700237989425659,1.6247479915618896,0.07257428020238876,-0.8591604232788086,-0.008583921939134598,-0.13814891874790192
15519.861,0.024503448978066444,0.10098244994878769,-0.9918713569641113,-0.34681516885757446,0.7851099371910095,-0.7373343706130981,29.894798278808594,-10.965502738952637,39.92863845825195,-1.2064977884292603,-0.06254898756742477,-0.8502602577209473,1.4719449281692505,-0.06740400940179825,0.07749925553798676,-1.7058522701263428,-0.46933749318122864,-1.0259487628936768,0.6111612915992737,-1.8992624282836914,0.6063143610954285,0.5927463173866272,0.019243113696575165,0.24471715092658997
15529.996,-0.009426913224160671,-0.0004055817553307861,-1.0186177492141724,0.6809983253479004,0.6775047183036804,0.5739705562591553,29.73720932006836,-8.777557373046875,38.50591278076172,-1.185624599456787,0.7740467190742493,0.20279496908187866,-1.5246449708938599,-0.025189710780978203,0.4218430519104004,-1.252616286277771,-0.32223090529441833,0.5469160676002502,0.599807620048523,1.4822261333465576,1.1373364925384521,0.9703404903411865,-0.2430867701768875,0.8925063610076904
15539.759,0.027450358495116234,0.015279501676559448,-1.0214600563049316,0.580828070640564,0.13275814056396484,-0.2947046458721161,29.51645278930664,-11.965559959411621,39.273094177246094,2.106849431991577,1.304935097694397,0.5668757557868958,1.4100818634033203,2.0706419944763184,0.11613879352807999,0.27599045634269714,-1.5464434623718262,0.6226660013198853,0.47191691398620605,0.10461495816707611,-2.192790985107422,-1.8383294343948364,-0.34005600214004517,-0.3054637312889099
15550.151,0.01609409786760807,0.00529285054653883,-1.0163861513137817,0.4489046633243561,0.610553503036499,0.007654916495084763,29.322349548339844,-9.716012001037598,41.02913284301758,0.2937544286251068,-0.5533230304718018,0.5742339491844177,0.8393178582191467,-0.4763250946998596,0.9450089931488037,-1.169345736503601,-0.8187400102615356,1.1896668672561646,-0.23370885848999023,-0.7504646182060242,2.045565366744995,-0.08929935842752457,-0.03501494228839874,1.0959365367889404
15559.780,-0.1252237856388092,-0.01869705133140087,-0.9868117570877075,-1.1121097803115845,-0.06998356431722641,-0.5464709401130676,29.551156997680664,-9.56222915649414,39.7193717956543,2.2873337268829346,1.2144877910614014,-0.827751636505127,0.17424452304840088,-0.25866252183914185,0.8441123962402344,0.37249329686164856,1.4456156492233276,-0.7187484502792358,2.291618585586548,-1.1435186862945557,-1.2213153839111328,0.47452622652053833,-1.1517179012298584,0.5824860334396362
15570.191,0.01540951244533062,0.059930212795734406,-1.0253840684890747,-0.3358861207962036,0.47036758065223694,-0.22553269565105438,29.04753875732422,-10.658394813537598,39.79690933227539,1.2948582172393799,0.4171363115310669,1.597468614578247,0.009720236994326115,0.16075177490711212,0.3055070638656616,0.7487202286720276,-0.37955647706985474,-0.02358431927859783,-0.5865828394889832,-0.6898149251937866,1.0042047500610352,1.4100627899169922,0.6883386373519897,-0.8907392621040344
15580.038,0.04766017943620682,0.0701964721083641,-1.0253695249557495,-0.2873019874095917,0.27849438786506653,0.1572757065296173,29.549034118652344,-11.008872985839844,38.59223175048828,0.9547886848449707,0.3099675178527832,-0.797129213809967,-0.4078889489173889,-2.0858547687530518,0.693122386932373,-0.5099728107452393,-1.348548173904419,-0.14054319262504578,-1.913014531135559,0.3595353364944458,1.023861289024353,0.8947080969810486,0.3894479274749756,-0.5308123826980591
15589.941,-0.06445968896150589,0.019373694434762,-0.9922369718551636,0.1582222878932953,0.5522677302360535,0.1860240250825882,31.126413345336914,-8.709243774414062,42.56940841674805,1.576145052909851,-0.9072922468185425,0.22648239135742188,1.5894315242767334,-1.3162301778793335,-0.9316340088844299,-0.6868364214897156,0.7011347413063049,1.0211234092712402,0.16650496423244476,-1.4282633066177368,0.2765217423439026,-0.4412868618965149,-0.7708805799484253,-1.4452307224273682
15599.984,0.07100921869277954,-0.03425949439406395,-1.0282323360443115,0.4078879654407501,0.05358085036277771,0.4622306525707245,29.568918228149414,-9.818570137023926,40.576393127441406,0.42418763041496277,-0.42673155665397644,-0.9825341701507568,0.6688158512115479,-1.5087668895721436,-1.10914945602417,0.6987349390983582,0.08747044950723648,0.58371901512146,0.8149499893188477,-0.6912630796432495,1.787869930267334,-1.3148365020751953,-0.4161229431629181,-0.563862681388855
15610.100,0.061530567705631256,0.04502134770154953,-0.9726431965827942,0.1056048572063446,-0.536208987236023,-0.3206607699394226,31.38652229309082,-10.10606575012207,39.36160659790039,0.7846813201904297,-2.04957914352417,-0.2788775563240051,0.719765305519104,-0.18819686770439148,-0.7938190698623657,-0.4164143204689026,-0.03142181783914566,-0.9755313396453857,0.5166072249412537,1.5512033700942993,-1.8901859521865845,-0.49844616651535034,-0.5201483964920044,-0.710460364818573
15619.962,0.0046132816933095455,0.00851680338382721,-0.9752104878425598,-0.8473723530769348,0.08312813937664032,-0.13267940282821655,30.72514533996582,-10.805541038513184,40.49653625488281,-0.7701639533042908,-0.0022128194104880095,-0.5034742951393127,0.44343167543411255,0.6286426782608032,1.6344693899154663,-0.6541048288345337,1.1783162355422974,0.1977953165769577,-0.08103292435407639,-0.08176557719707489,-0.368079274892807,-1.2510740756988525,0.06900772452354431,-0.6797808408737183
15630.240,-0.011533859185874462,0.03438210114836693,-0.9968658685684204,-0.4584834575653076,0.3336843252182007,-0.16572372615337372,30.772125244140625,-9.610018730163574,40.61078643798828,-0.5311430096626282,1.858359456062317,-0.7944706082344055,-0.8925054669380188,-1.2674022912979126,-0.3988574147224426,-1.1557526588439941,-2.099135637283325,-0.28873538970947266,-0.7582902908325195,0.9223498106002808,-0.8127709627151489,-0.5285393595695496,0.9053385257720947,0.3257216513156891
15640.388,0.07634927332401276,0.02568204700946808,-0.9887316226959229,0.32371702790260315,0.08703803271055222,-0.13198362290859222,28.735130310058594,-9.52642822265625,39.6243782043457,-0.7193147540092468,0.26705291867256165,0.8448293805122375,0.8122761249542236,-0.9704391956329346,-2.675405740737915,-0.28271055221557617,-0.9591332674026489,-1.0397663116455078,-1.5537917613983154,-0.06833593547344208,0.1447066217660904,0.2181350588798523,0.6221371293067932,-0.12950003147125244
